[0.085s] DEBUG:colcon:Command line arguments: ['/usr/bin/colcon', 'build', '--symlink-install']
[0.085s] DEBUG:colcon:Parsed command line arguments: Namespace(log_base=None, log_level=None, verb_name='build', build_base='build', install_base='install', merge_install=False, symlink_install=True, test_result_base=None, continue_on_error=False, executor='parallel', parallel_workers=16, event_handlers=None, ignore_user_meta=False, metas=['./colcon.meta'], base_paths=['.'], packages_ignore=None, packages_ignore_regex=None, paths=None, packages_up_to=None, packages_up_to_regex=None, packages_above=None, packages_above_and_dependencies=None, packages_above_depth=None, packages_select_by_dep=None, packages_skip_by_dep=None, packages_skip_up_to=None, packages_select_build_failed=False, packages_skip_build_finished=False, packages_select_test_failures=False, packages_skip_test_passed=False, packages_select=None, packages_skip=None, packages_select_regex=None, packages_skip_regex=None, packages_start=None, packages_end=None, cmake_args=None, cmake_target=None, cmake_target_skip_unavailable=False, cmake_clean_cache=False, cmake_clean_first=False, cmake_force_configure=False, ament_cmake_args=None, catkin_cmake_args=None, catkin_skip_building_tests=False, mixin_files=None, mixin=None, verb_parser=<colcon_mixin.mixin.mixin_argument.MixinArgumentDecorator object at 0x744567156590>, verb_extension=<colcon_core.verb.build.BuildVerb object at 0x7445672637f0>, main=<bound method BuildVerb.main of <colcon_core.verb.build.BuildVerb object at 0x7445672637f0>>, mixin_verb=('build',))
[0.197s] Level 1:colcon.colcon_core.package_discovery:discover_packages(colcon_meta) check parameters
[0.198s] INFO:colcon.colcon_metadata.package_discovery.colcon_meta:Using configuration from '/root/.colcon/metadata/default/Gazebo.meta'
[0.198s] INFO:colcon.colcon_metadata.package_discovery.colcon_meta:Using configuration from '/root/.colcon/metadata/default/fastdds.meta'
[0.198s] INFO:colcon.colcon_metadata.package_discovery.colcon_meta:Using configuration from '/root/.colcon/metadata/default/fastrtps.meta'
[0.198s] Level 1:colcon.colcon_core.package_discovery:discover_packages(recursive) check parameters
[0.198s] Level 1:colcon.colcon_core.package_discovery:discover_packages(ignore) check parameters
[0.198s] Level 1:colcon.colcon_core.package_discovery:discover_packages(path) check parameters
[0.198s] Level 1:colcon.colcon_core.package_discovery:discover_packages(colcon_meta) discover
[0.199s] Level 1:colcon.colcon_core.package_discovery:discover_packages(recursive) discover
[0.199s] INFO:colcon.colcon_core.package_discovery:Crawling recursively for packages in '/opt/erc_ws'
[0.199s] Level 1:colcon.colcon_core.package_identification:_identify(.) by extensions ['ignore', 'ignore_ament_install']
[0.199s] Level 1:colcon.colcon_core.package_identification:_identify(.) by extension 'ignore'
[0.199s] Level 1:colcon.colcon_core.package_identification:_identify(.) by extension 'ignore_ament_install'
[0.199s] Level 1:colcon.colcon_core.package_identification:_identify(.) by extensions ['colcon_pkg']
[0.199s] Level 1:colcon.colcon_core.package_identification:_identify(.) by extension 'colcon_pkg'
[0.199s] Level 1:colcon.colcon_core.package_identification:_identify(.) by extensions ['colcon_meta']
[0.199s] Level 1:colcon.colcon_core.package_identification:_identify(.) by extension 'colcon_meta'
[0.199s] Level 1:colcon.colcon_core.package_identification:_identify(.) by extensions ['ros']
[0.199s] Level 1:colcon.colcon_core.package_identification:_identify(.) by extension 'ros'
[0.208s] Level 1:colcon.colcon_core.package_identification:_identify(.) by extensions ['cmake', 'python']
[0.208s] Level 1:colcon.colcon_core.package_identification:_identify(.) by extension 'cmake'
[0.208s] Level 1:colcon.colcon_core.package_identification:_identify(.) by extension 'python'
[0.209s] Level 1:colcon.colcon_core.package_identification:_identify(.) by extensions ['python_setup_py']
[0.209s] Level 1:colcon.colcon_core.package_identification:_identify(.) by extension 'python_setup_py'
[0.209s] Level 1:colcon.colcon_core.package_identification:_identify(build) by extensions ['ignore', 'ignore_ament_install']
[0.209s] Level 1:colcon.colcon_core.package_identification:_identify(build) by extension 'ignore'
[0.209s] Level 1:colcon.colcon_core.package_identification:_identify(build) ignored
[0.210s] Level 1:colcon.colcon_core.package_identification:_identify(erc_images) by extensions ['ignore', 'ignore_ament_install']
[0.210s] Level 1:colcon.colcon_core.package_identification:_identify(erc_images) by extension 'ignore'
[0.211s] Level 1:colcon.colcon_core.package_identification:_identify(erc_images) by extension 'ignore_ament_install'
[0.211s] Level 1:colcon.colcon_core.package_identification:_identify(erc_images) by extensions ['colcon_pkg']
[0.211s] Level 1:colcon.colcon_core.package_identification:_identify(erc_images) by extension 'colcon_pkg'
[0.211s] Level 1:colcon.colcon_core.package_identification:_identify(erc_images) by extensions ['colcon_meta']
[0.211s] Level 1:colcon.colcon_core.package_identification:_identify(erc_images) by extension 'colcon_meta'
[0.211s] Level 1:colcon.colcon_core.package_identification:_identify(erc_images) by extensions ['ros']
[0.211s] Level 1:colcon.colcon_core.package_identification:_identify(erc_images) by extension 'ros'
[0.211s] Level 1:colcon.colcon_core.package_identification:_identify(erc_images) by extensions ['cmake', 'python']
[0.211s] Level 1:colcon.colcon_core.package_identification:_identify(erc_images) by extension 'cmake'
[0.211s] Level 1:colcon.colcon_core.package_identification:_identify(erc_images) by extension 'python'
[0.211s] Level 1:colcon.colcon_core.package_identification:_identify(erc_images) by extensions ['python_setup_py']
[0.211s] Level 1:colcon.colcon_core.package_identification:_identify(erc_images) by extension 'python_setup_py'
[0.211s] Level 1:colcon.colcon_core.package_identification:_identify(install) by extensions ['ignore', 'ignore_ament_install']
[0.211s] Level 1:colcon.colcon_core.package_identification:_identify(install) by extension 'ignore'
[0.211s] Level 1:colcon.colcon_core.package_identification:_identify(install) ignored
[0.211s] Level 1:colcon.colcon_core.package_identification:_identify(log) by extensions ['ignore', 'ignore_ament_install']
[0.211s] Level 1:colcon.colcon_core.package_identification:_identify(log) by extension 'ignore'
[0.211s] Level 1:colcon.colcon_core.package_identification:_identify(log) ignored
[0.211s] Level 1:colcon.colcon_core.package_identification:_identify(src) by extensions ['ignore', 'ignore_ament_install']
[0.211s] Level 1:colcon.colcon_core.package_identification:_identify(src) by extension 'ignore'
[0.211s] Level 1:colcon.colcon_core.package_identification:_identify(src) by extension 'ignore_ament_install'
[0.211s] Level 1:colcon.colcon_core.package_identification:_identify(src) by extensions ['colcon_pkg']
[0.211s] Level 1:colcon.colcon_core.package_identification:_identify(src) by extension 'colcon_pkg'
[0.211s] Level 1:colcon.colcon_core.package_identification:_identify(src) by extensions ['colcon_meta']
[0.211s] Level 1:colcon.colcon_core.package_identification:_identify(src) by extension 'colcon_meta'
[0.211s] Level 1:colcon.colcon_core.package_identification:_identify(src) by extensions ['ros']
[0.211s] Level 1:colcon.colcon_core.package_identification:_identify(src) by extension 'ros'
[0.211s] Level 1:colcon.colcon_core.package_identification:_identify(src) by extensions ['cmake', 'python']
[0.211s] Level 1:colcon.colcon_core.package_identification:_identify(src) by extension 'cmake'
[0.211s] Level 1:colcon.colcon_core.package_identification:_identify(src) by extension 'python'
[0.211s] Level 1:colcon.colcon_core.package_identification:_identify(src) by extensions ['python_setup_py']
[0.211s] Level 1:colcon.colcon_core.package_identification:_identify(src) by extension 'python_setup_py'
[0.211s] Level 1:colcon.colcon_core.package_identification:_identify(src/erc_bringup) by extensions ['ignore', 'ignore_ament_install']
[0.212s] Level 1:colcon.colcon_core.package_identification:_identify(src/erc_bringup) by extension 'ignore'
[0.212s] Level 1:colcon.colcon_core.package_identification:_identify(src/erc_bringup) by extension 'ignore_ament_install'
[0.212s] Level 1:colcon.colcon_core.package_identification:_identify(src/erc_bringup) by extensions ['colcon_pkg']
[0.212s] Level 1:colcon.colcon_core.package_identification:_identify(src/erc_bringup) by extension 'colcon_pkg'
[0.212s] Level 1:colcon.colcon_core.package_identification:_identify(src/erc_bringup) by extensions ['colcon_meta']
[0.212s] Level 1:colcon.colcon_core.package_identification:_identify(src/erc_bringup) by extension 'colcon_meta'
[0.212s] Level 1:colcon.colcon_core.package_identification:_identify(src/erc_bringup) by extensions ['ros']
[0.212s] Level 1:colcon.colcon_core.package_identification:_identify(src/erc_bringup) by extension 'ros'
[0.213s] DEBUG:colcon.colcon_core.package_identification:Package 'src/erc_bringup' with type 'ros.ament_cmake' and name 'erc_bringup'
[0.214s] Level 1:colcon.colcon_core.package_identification:_identify(src/erc_description) by extensions ['ignore', 'ignore_ament_install']
[0.214s] Level 1:colcon.colcon_core.package_identification:_identify(src/erc_description) by extension 'ignore'
[0.214s] Level 1:colcon.colcon_core.package_identification:_identify(src/erc_description) by extension 'ignore_ament_install'
[0.214s] Level 1:colcon.colcon_core.package_identification:_identify(src/erc_description) by extensions ['colcon_pkg']
[0.214s] Level 1:colcon.colcon_core.package_identification:_identify(src/erc_description) by extension 'colcon_pkg'
[0.214s] Level 1:colcon.colcon_core.package_identification:_identify(src/erc_description) by extensions ['colcon_meta']
[0.214s] Level 1:colcon.colcon_core.package_identification:_identify(src/erc_description) by extension 'colcon_meta'
[0.214s] Level 1:colcon.colcon_core.package_identification:_identify(src/erc_description) by extensions ['ros']
[0.214s] Level 1:colcon.colcon_core.package_identification:_identify(src/erc_description) by extension 'ros'
[0.214s] DEBUG:colcon.colcon_core.package_identification:Package 'src/erc_description' with type 'ros.ament_cmake' and name 'erc_description'
[0.214s] Level 1:colcon.colcon_core.package_identification:_identify(src/erc_solution) by extensions ['ignore', 'ignore_ament_install']
[0.214s] Level 1:colcon.colcon_core.package_identification:_identify(src/erc_solution) by extension 'ignore'
[0.214s] Level 1:colcon.colcon_core.package_identification:_identify(src/erc_solution) by extension 'ignore_ament_install'
[0.214s] Level 1:colcon.colcon_core.package_identification:_identify(src/erc_solution) by extensions ['colcon_pkg']
[0.214s] Level 1:colcon.colcon_core.package_identification:_identify(src/erc_solution) by extension 'colcon_pkg'
[0.214s] Level 1:colcon.colcon_core.package_identification:_identify(src/erc_solution) by extensions ['colcon_meta']
[0.214s] Level 1:colcon.colcon_core.package_identification:_identify(src/erc_solution) by extension 'colcon_meta'
[0.214s] Level 1:colcon.colcon_core.package_identification:_identify(src/erc_solution) by extensions ['ros']
[0.214s] Level 1:colcon.colcon_core.package_identification:_identify(src/erc_solution) by extension 'ros'
[0.215s] DEBUG:colcon.colcon_core.package_identification:Package 'src/erc_solution' with type 'ros.ament_python' and name 'erc_solution'
[0.215s] Level 1:colcon.colcon_core.package_identification:_identify(src/gz_ros2_control) by extensions ['ignore', 'ignore_ament_install']
[0.215s] Level 1:colcon.colcon_core.package_identification:_identify(src/gz_ros2_control) by extension 'ignore'
[0.215s] Level 1:colcon.colcon_core.package_identification:_identify(src/gz_ros2_control) by extension 'ignore_ament_install'
[0.215s] Level 1:colcon.colcon_core.package_identification:_identify(src/gz_ros2_control) by extensions ['colcon_pkg']
[0.215s] Level 1:colcon.colcon_core.package_identification:_identify(src/gz_ros2_control) by extension 'colcon_pkg'
[0.215s] Level 1:colcon.colcon_core.package_identification:_identify(src/gz_ros2_control) by extensions ['colcon_meta']
[0.215s] Level 1:colcon.colcon_core.package_identification:_identify(src/gz_ros2_control) by extension 'colcon_meta'
[0.215s] Level 1:colcon.colcon_core.package_identification:_identify(src/gz_ros2_control) by extensions ['ros']
[0.215s] Level 1:colcon.colcon_core.package_identification:_identify(src/gz_ros2_control) by extension 'ros'
[0.215s] Level 1:colcon.colcon_core.package_identification:_identify(src/gz_ros2_control) by extensions ['cmake', 'python']
[0.215s] Level 1:colcon.colcon_core.package_identification:_identify(src/gz_ros2_control) by extension 'cmake'
[0.215s] Level 1:colcon.colcon_core.package_identification:_identify(src/gz_ros2_control) by extension 'python'
[0.215s] Level 1:colcon.colcon_core.package_identification:_identify(src/gz_ros2_control) by extensions ['python_setup_py']
[0.215s] Level 1:colcon.colcon_core.package_identification:_identify(src/gz_ros2_control) by extension 'python_setup_py'
[0.215s] Level 1:colcon.colcon_core.package_identification:_identify(src/gz_ros2_control/Dockerfile) by extensions ['ignore', 'ignore_ament_install']
[0.215s] Level 1:colcon.colcon_core.package_identification:_identify(src/gz_ros2_control/Dockerfile) by extension 'ignore'
[0.215s] Level 1:colcon.colcon_core.package_identification:_identify(src/gz_ros2_control/Dockerfile) by extension 'ignore_ament_install'
[0.215s] Level 1:colcon.colcon_core.package_identification:_identify(src/gz_ros2_control/Dockerfile) by extensions ['colcon_pkg']
[0.215s] Level 1:colcon.colcon_core.package_identification:_identify(src/gz_ros2_control/Dockerfile) by extension 'colcon_pkg'
[0.215s] Level 1:colcon.colcon_core.package_identification:_identify(src/gz_ros2_control/Dockerfile) by extensions ['colcon_meta']
[0.216s] Level 1:colcon.colcon_core.package_identification:_identify(src/gz_ros2_control/Dockerfile) by extension 'colcon_meta'
[0.216s] Level 1:colcon.colcon_core.package_identification:_identify(src/gz_ros2_control/Dockerfile) by extensions ['ros']
[0.216s] Level 1:colcon.colcon_core.package_identification:_identify(src/gz_ros2_control/Dockerfile) by extension 'ros'
[0.216s] Level 1:colcon.colcon_core.package_identification:_identify(src/gz_ros2_control/Dockerfile) by extensions ['cmake', 'python']
[0.216s] Level 1:colcon.colcon_core.package_identification:_identify(src/gz_ros2_control/Dockerfile) by extension 'cmake'
[0.216s] Level 1:colcon.colcon_core.package_identification:_identify(src/gz_ros2_control/Dockerfile) by extension 'python'
[0.216s] Level 1:colcon.colcon_core.package_identification:_identify(src/gz_ros2_control/Dockerfile) by extensions ['python_setup_py']
[0.216s] Level 1:colcon.colcon_core.package_identification:_identify(src/gz_ros2_control/Dockerfile) by extension 'python_setup_py'
[0.216s] Level 1:colcon.colcon_core.package_identification:_identify(src/gz_ros2_control/doc) by extensions ['ignore', 'ignore_ament_install']
[0.216s] Level 1:colcon.colcon_core.package_identification:_identify(src/gz_ros2_control/doc) by extension 'ignore'
[0.216s] Level 1:colcon.colcon_core.package_identification:_identify(src/gz_ros2_control/doc) by extension 'ignore_ament_install'
[0.216s] Level 1:colcon.colcon_core.package_identification:_identify(src/gz_ros2_control/doc) by extensions ['colcon_pkg']
[0.216s] Level 1:colcon.colcon_core.package_identification:_identify(src/gz_ros2_control/doc) by extension 'colcon_pkg'
[0.216s] Level 1:colcon.colcon_core.package_identification:_identify(src/gz_ros2_control/doc) by extensions ['colcon_meta']
[0.216s] Level 1:colcon.colcon_core.package_identification:_identify(src/gz_ros2_control/doc) by extension 'colcon_meta'
[0.216s] Level 1:colcon.colcon_core.package_identification:_identify(src/gz_ros2_control/doc) by extensions ['ros']
[0.216s] Level 1:colcon.colcon_core.package_identification:_identify(src/gz_ros2_control/doc) by extension 'ros'
[0.216s] Level 1:colcon.colcon_core.package_identification:_identify(src/gz_ros2_control/doc) by extensions ['cmake', 'python']
[0.216s] Level 1:colcon.colcon_core.package_identification:_identify(src/gz_ros2_control/doc) by extension 'cmake'
[0.216s] Level 1:colcon.colcon_core.package_identification:_identify(src/gz_ros2_control/doc) by extension 'python'
[0.216s] Level 1:colcon.colcon_core.package_identification:_identify(src/gz_ros2_control/doc) by extensions ['python_setup_py']
[0.216s] Level 1:colcon.colcon_core.package_identification:_identify(src/gz_ros2_control/doc) by extension 'python_setup_py'
[0.216s] Level 1:colcon.colcon_core.package_identification:_identify(src/gz_ros2_control/doc/img) by extensions ['ignore', 'ignore_ament_install']
[0.216s] Level 1:colcon.colcon_core.package_identification:_identify(src/gz_ros2_control/doc/img) by extension 'ignore'
[0.216s] Level 1:colcon.colcon_core.package_identification:_identify(src/gz_ros2_control/doc/img) by extension 'ignore_ament_install'
[0.216s] Level 1:colcon.colcon_core.package_identification:_identify(src/gz_ros2_control/doc/img) by extensions ['colcon_pkg']
[0.216s] Level 1:colcon.colcon_core.package_identification:_identify(src/gz_ros2_control/doc/img) by extension 'colcon_pkg'
[0.216s] Level 1:colcon.colcon_core.package_identification:_identify(src/gz_ros2_control/doc/img) by extensions ['colcon_meta']
[0.216s] Level 1:colcon.colcon_core.package_identification:_identify(src/gz_ros2_control/doc/img) by extension 'colcon_meta'
[0.216s] Level 1:colcon.colcon_core.package_identification:_identify(src/gz_ros2_control/doc/img) by extensions ['ros']
[0.216s] Level 1:colcon.colcon_core.package_identification:_identify(src/gz_ros2_control/doc/img) by extension 'ros'
[0.216s] Level 1:colcon.colcon_core.package_identification:_identify(src/gz_ros2_control/doc/img) by extensions ['cmake', 'python']
[0.216s] Level 1:colcon.colcon_core.package_identification:_identify(src/gz_ros2_control/doc/img) by extension 'cmake'
[0.216s] Level 1:colcon.colcon_core.package_identification:_identify(src/gz_ros2_control/doc/img) by extension 'python'
[0.216s] Level 1:colcon.colcon_core.package_identification:_identify(src/gz_ros2_control/doc/img) by extensions ['python_setup_py']
[0.216s] Level 1:colcon.colcon_core.package_identification:_identify(src/gz_ros2_control/doc/img) by extension 'python_setup_py'
[0.216s] Level 1:colcon.colcon_core.package_identification:_identify(src/gz_ros2_control/gz_ros2_control) by extensions ['ignore', 'ignore_ament_install']
[0.216s] Level 1:colcon.colcon_core.package_identification:_identify(src/gz_ros2_control/gz_ros2_control) by extension 'ignore'
[0.216s] Level 1:colcon.colcon_core.package_identification:_identify(src/gz_ros2_control/gz_ros2_control) by extension 'ignore_ament_install'
[0.216s] Level 1:colcon.colcon_core.package_identification:_identify(src/gz_ros2_control/gz_ros2_control) by extensions ['colcon_pkg']
[0.216s] Level 1:colcon.colcon_core.package_identification:_identify(src/gz_ros2_control/gz_ros2_control) by extension 'colcon_pkg'
[0.216s] Level 1:colcon.colcon_core.package_identification:_identify(src/gz_ros2_control/gz_ros2_control) by extensions ['colcon_meta']
[0.217s] Level 1:colcon.colcon_core.package_identification:_identify(src/gz_ros2_control/gz_ros2_control) by extension 'colcon_meta'
[0.217s] Level 1:colcon.colcon_core.package_identification:_identify(src/gz_ros2_control/gz_ros2_control) by extensions ['ros']
[0.217s] Level 1:colcon.colcon_core.package_identification:_identify(src/gz_ros2_control/gz_ros2_control) by extension 'ros'
[0.220s] DEBUG:colcon.colcon_core.package_identification:Package 'src/gz_ros2_control/gz_ros2_control' with type 'ros.ament_cmake' and name 'gz_ros2_control'
[0.220s] Level 1:colcon.colcon_core.package_identification:_identify(src/launch_pal) by extensions ['ignore', 'ignore_ament_install']
[0.220s] Level 1:colcon.colcon_core.package_identification:_identify(src/launch_pal) by extension 'ignore'
[0.221s] Level 1:colcon.colcon_core.package_identification:_identify(src/launch_pal) by extension 'ignore_ament_install'
[0.221s] Level 1:colcon.colcon_core.package_identification:_identify(src/launch_pal) by extensions ['colcon_pkg']
[0.221s] Level 1:colcon.colcon_core.package_identification:_identify(src/launch_pal) by extension 'colcon_pkg'
[0.221s] Level 1:colcon.colcon_core.package_identification:_identify(src/launch_pal) by extensions ['colcon_meta']
[0.221s] Level 1:colcon.colcon_core.package_identification:_identify(src/launch_pal) by extension 'colcon_meta'
[0.221s] Level 1:colcon.colcon_core.package_identification:_identify(src/launch_pal) by extensions ['ros']
[0.221s] Level 1:colcon.colcon_core.package_identification:_identify(src/launch_pal) by extension 'ros'
[0.221s] DEBUG:colcon.colcon_core.package_identification:Package 'src/launch_pal' with type 'ros.ament_python' and name 'launch_pal'
[0.222s] Level 1:colcon.colcon_core.package_identification:_identify(src/omni_base_robot) by extensions ['ignore', 'ignore_ament_install']
[0.222s] Level 1:colcon.colcon_core.package_identification:_identify(src/omni_base_robot) by extension 'ignore'
[0.222s] Level 1:colcon.colcon_core.package_identification:_identify(src/omni_base_robot) by extension 'ignore_ament_install'
[0.222s] Level 1:colcon.colcon_core.package_identification:_identify(src/omni_base_robot) by extensions ['colcon_pkg']
[0.222s] Level 1:colcon.colcon_core.package_identification:_identify(src/omni_base_robot) by extension 'colcon_pkg'
[0.222s] Level 1:colcon.colcon_core.package_identification:_identify(src/omni_base_robot) by extensions ['colcon_meta']
[0.222s] Level 1:colcon.colcon_core.package_identification:_identify(src/omni_base_robot) by extension 'colcon_meta'
[0.222s] Level 1:colcon.colcon_core.package_identification:_identify(src/omni_base_robot) by extensions ['ros']
[0.222s] Level 1:colcon.colcon_core.package_identification:_identify(src/omni_base_robot) by extension 'ros'
[0.222s] Level 1:colcon.colcon_core.package_identification:_identify(src/omni_base_robot) by extensions ['cmake', 'python']
[0.222s] Level 1:colcon.colcon_core.package_identification:_identify(src/omni_base_robot) by extension 'cmake'
[0.222s] Level 1:colcon.colcon_core.package_identification:_identify(src/omni_base_robot) by extension 'python'
[0.222s] Level 1:colcon.colcon_core.package_identification:_identify(src/omni_base_robot) by extensions ['python_setup_py']
[0.222s] Level 1:colcon.colcon_core.package_identification:_identify(src/omni_base_robot) by extension 'python_setup_py'
[0.222s] Level 1:colcon.colcon_core.package_identification:_identify(src/omni_base_robot/omni_base_bringup) by extensions ['ignore', 'ignore_ament_install']
[0.222s] Level 1:colcon.colcon_core.package_identification:_identify(src/omni_base_robot/omni_base_bringup) by extension 'ignore'
[0.222s] Level 1:colcon.colcon_core.package_identification:_identify(src/omni_base_robot/omni_base_bringup) by extension 'ignore_ament_install'
[0.222s] Level 1:colcon.colcon_core.package_identification:_identify(src/omni_base_robot/omni_base_bringup) by extensions ['colcon_pkg']
[0.222s] Level 1:colcon.colcon_core.package_identification:_identify(src/omni_base_robot/omni_base_bringup) by extension 'colcon_pkg'
[0.222s] Level 1:colcon.colcon_core.package_identification:_identify(src/omni_base_robot/omni_base_bringup) by extensions ['colcon_meta']
[0.222s] Level 1:colcon.colcon_core.package_identification:_identify(src/omni_base_robot/omni_base_bringup) by extension 'colcon_meta'
[0.222s] Level 1:colcon.colcon_core.package_identification:_identify(src/omni_base_robot/omni_base_bringup) by extensions ['ros']
[0.222s] Level 1:colcon.colcon_core.package_identification:_identify(src/omni_base_robot/omni_base_bringup) by extension 'ros'
[0.223s] DEBUG:colcon.colcon_core.package_identification:Package 'src/omni_base_robot/omni_base_bringup' with type 'ros.ament_cmake' and name 'omni_base_bringup'
[0.223s] Level 1:colcon.colcon_core.package_identification:_identify(src/omni_base_robot/omni_base_controller_configuration) by extensions ['ignore', 'ignore_ament_install']
[0.223s] Level 1:colcon.colcon_core.package_identification:_identify(src/omni_base_robot/omni_base_controller_configuration) by extension 'ignore'
[0.223s] Level 1:colcon.colcon_core.package_identification:_identify(src/omni_base_robot/omni_base_controller_configuration) by extension 'ignore_ament_install'
[0.223s] Level 1:colcon.colcon_core.package_identification:_identify(src/omni_base_robot/omni_base_controller_configuration) by extensions ['colcon_pkg']
[0.223s] Level 1:colcon.colcon_core.package_identification:_identify(src/omni_base_robot/omni_base_controller_configuration) by extension 'colcon_pkg'
[0.223s] Level 1:colcon.colcon_core.package_identification:_identify(src/omni_base_robot/omni_base_controller_configuration) by extensions ['colcon_meta']
[0.223s] Level 1:colcon.colcon_core.package_identification:_identify(src/omni_base_robot/omni_base_controller_configuration) by extension 'colcon_meta'
[0.223s] Level 1:colcon.colcon_core.package_identification:_identify(src/omni_base_robot/omni_base_controller_configuration) by extensions ['ros']
[0.223s] Level 1:colcon.colcon_core.package_identification:_identify(src/omni_base_robot/omni_base_controller_configuration) by extension 'ros'
[0.224s] DEBUG:colcon.colcon_core.package_identification:Package 'src/omni_base_robot/omni_base_controller_configuration' with type 'ros.ament_cmake' and name 'omni_base_controller_configuration'
[0.224s] Level 1:colcon.colcon_core.package_identification:_identify(src/omni_base_robot/omni_base_description) by extensions ['ignore', 'ignore_ament_install']
[0.224s] Level 1:colcon.colcon_core.package_identification:_identify(src/omni_base_robot/omni_base_description) by extension 'ignore'
[0.224s] Level 1:colcon.colcon_core.package_identification:_identify(src/omni_base_robot/omni_base_description) by extension 'ignore_ament_install'
[0.224s] Level 1:colcon.colcon_core.package_identification:_identify(src/omni_base_robot/omni_base_description) by extensions ['colcon_pkg']
[0.224s] Level 1:colcon.colcon_core.package_identification:_identify(src/omni_base_robot/omni_base_description) by extension 'colcon_pkg'
[0.224s] Level 1:colcon.colcon_core.package_identification:_identify(src/omni_base_robot/omni_base_description) by extensions ['colcon_meta']
[0.224s] Level 1:colcon.colcon_core.package_identification:_identify(src/omni_base_robot/omni_base_description) by extension 'colcon_meta'
[0.224s] Level 1:colcon.colcon_core.package_identification:_identify(src/omni_base_robot/omni_base_description) by extensions ['ros']
[0.224s] Level 1:colcon.colcon_core.package_identification:_identify(src/omni_base_robot/omni_base_description) by extension 'ros'
[0.225s] DEBUG:colcon.colcon_core.package_identification:Package 'src/omni_base_robot/omni_base_description' with type 'ros.ament_cmake' and name 'omni_base_description'
[0.225s] Level 1:colcon.colcon_core.package_identification:_identify(src/omni_base_robot/omni_base_robot) by extensions ['ignore', 'ignore_ament_install']
[0.225s] Level 1:colcon.colcon_core.package_identification:_identify(src/omni_base_robot/omni_base_robot) by extension 'ignore'
[0.225s] Level 1:colcon.colcon_core.package_identification:_identify(src/omni_base_robot/omni_base_robot) by extension 'ignore_ament_install'
[0.225s] Level 1:colcon.colcon_core.package_identification:_identify(src/omni_base_robot/omni_base_robot) by extensions ['colcon_pkg']
[0.225s] Level 1:colcon.colcon_core.package_identification:_identify(src/omni_base_robot/omni_base_robot) by extension 'colcon_pkg'
[0.225s] Level 1:colcon.colcon_core.package_identification:_identify(src/omni_base_robot/omni_base_robot) by extensions ['colcon_meta']
[0.225s] Level 1:colcon.colcon_core.package_identification:_identify(src/omni_base_robot/omni_base_robot) by extension 'colcon_meta'
[0.225s] Level 1:colcon.colcon_core.package_identification:_identify(src/omni_base_robot/omni_base_robot) by extensions ['ros']
[0.225s] Level 1:colcon.colcon_core.package_identification:_identify(src/omni_base_robot/omni_base_robot) by extension 'ros'
[0.226s] DEBUG:colcon.colcon_core.package_identification:Package 'src/omni_base_robot/omni_base_robot' with type 'ros.ament_cmake' and name 'omni_base_robot'
[0.226s] Level 1:colcon.colcon_core.package_identification:_identify(src/pal_gripper) by extensions ['ignore', 'ignore_ament_install']
[0.226s] Level 1:colcon.colcon_core.package_identification:_identify(src/pal_gripper) by extension 'ignore'
[0.226s] Level 1:colcon.colcon_core.package_identification:_identify(src/pal_gripper) by extension 'ignore_ament_install'
[0.226s] Level 1:colcon.colcon_core.package_identification:_identify(src/pal_gripper) by extensions ['colcon_pkg']
[0.226s] Level 1:colcon.colcon_core.package_identification:_identify(src/pal_gripper) by extension 'colcon_pkg'
[0.226s] Level 1:colcon.colcon_core.package_identification:_identify(src/pal_gripper) by extensions ['colcon_meta']
[0.226s] Level 1:colcon.colcon_core.package_identification:_identify(src/pal_gripper) by extension 'colcon_meta'
[0.226s] Level 1:colcon.colcon_core.package_identification:_identify(src/pal_gripper) by extensions ['ros']
[0.226s] Level 1:colcon.colcon_core.package_identification:_identify(src/pal_gripper) by extension 'ros'
[0.227s] Level 1:colcon.colcon_core.package_identification:_identify(src/pal_gripper) by extensions ['cmake', 'python']
[0.227s] Level 1:colcon.colcon_core.package_identification:_identify(src/pal_gripper) by extension 'cmake'
[0.227s] Level 1:colcon.colcon_core.package_identification:_identify(src/pal_gripper) by extension 'python'
[0.227s] Level 1:colcon.colcon_core.package_identification:_identify(src/pal_gripper) by extensions ['python_setup_py']
[0.227s] Level 1:colcon.colcon_core.package_identification:_identify(src/pal_gripper) by extension 'python_setup_py'
[0.227s] Level 1:colcon.colcon_core.package_identification:_identify(src/pal_gripper/pal_gripper) by extensions ['ignore', 'ignore_ament_install']
[0.227s] Level 1:colcon.colcon_core.package_identification:_identify(src/pal_gripper/pal_gripper) by extension 'ignore'
[0.227s] Level 1:colcon.colcon_core.package_identification:_identify(src/pal_gripper/pal_gripper) by extension 'ignore_ament_install'
[0.227s] Level 1:colcon.colcon_core.package_identification:_identify(src/pal_gripper/pal_gripper) by extensions ['colcon_pkg']
[0.227s] Level 1:colcon.colcon_core.package_identification:_identify(src/pal_gripper/pal_gripper) by extension 'colcon_pkg'
[0.227s] Level 1:colcon.colcon_core.package_identification:_identify(src/pal_gripper/pal_gripper) by extensions ['colcon_meta']
[0.227s] Level 1:colcon.colcon_core.package_identification:_identify(src/pal_gripper/pal_gripper) by extension 'colcon_meta'
[0.227s] Level 1:colcon.colcon_core.package_identification:_identify(src/pal_gripper/pal_gripper) by extensions ['ros']
[0.227s] Level 1:colcon.colcon_core.package_identification:_identify(src/pal_gripper/pal_gripper) by extension 'ros'
[0.227s] DEBUG:colcon.colcon_core.package_identification:Package 'src/pal_gripper/pal_gripper' with type 'ros.ament_cmake' and name 'pal_gripper'
[0.227s] Level 1:colcon.colcon_core.package_identification:_identify(src/pal_gripper/pal_gripper_controller_configuration) by extensions ['ignore', 'ignore_ament_install']
[0.227s] Level 1:colcon.colcon_core.package_identification:_identify(src/pal_gripper/pal_gripper_controller_configuration) by extension 'ignore'
[0.227s] Level 1:colcon.colcon_core.package_identification:_identify(src/pal_gripper/pal_gripper_controller_configuration) by extension 'ignore_ament_install'
[0.227s] Level 1:colcon.colcon_core.package_identification:_identify(src/pal_gripper/pal_gripper_controller_configuration) by extensions ['colcon_pkg']
[0.227s] Level 1:colcon.colcon_core.package_identification:_identify(src/pal_gripper/pal_gripper_controller_configuration) by extension 'colcon_pkg'
[0.227s] Level 1:colcon.colcon_core.package_identification:_identify(src/pal_gripper/pal_gripper_controller_configuration) by extensions ['colcon_meta']
[0.227s] Level 1:colcon.colcon_core.package_identification:_identify(src/pal_gripper/pal_gripper_controller_configuration) by extension 'colcon_meta'
[0.227s] Level 1:colcon.colcon_core.package_identification:_identify(src/pal_gripper/pal_gripper_controller_configuration) by extensions ['ros']
[0.227s] Level 1:colcon.colcon_core.package_identification:_identify(src/pal_gripper/pal_gripper_controller_configuration) by extension 'ros'
[0.228s] DEBUG:colcon.colcon_core.package_identification:Package 'src/pal_gripper/pal_gripper_controller_configuration' with type 'ros.ament_cmake' and name 'pal_gripper_controller_configuration'
[0.228s] Level 1:colcon.colcon_core.package_identification:_identify(src/pal_gripper/pal_gripper_description) by extensions ['ignore', 'ignore_ament_install']
[0.228s] Level 1:colcon.colcon_core.package_identification:_identify(src/pal_gripper/pal_gripper_description) by extension 'ignore'
[0.228s] Level 1:colcon.colcon_core.package_identification:_identify(src/pal_gripper/pal_gripper_description) by extension 'ignore_ament_install'
[0.228s] Level 1:colcon.colcon_core.package_identification:_identify(src/pal_gripper/pal_gripper_description) by extensions ['colcon_pkg']
[0.228s] Level 1:colcon.colcon_core.package_identification:_identify(src/pal_gripper/pal_gripper_description) by extension 'colcon_pkg'
[0.228s] Level 1:colcon.colcon_core.package_identification:_identify(src/pal_gripper/pal_gripper_description) by extensions ['colcon_meta']
[0.228s] Level 1:colcon.colcon_core.package_identification:_identify(src/pal_gripper/pal_gripper_description) by extension 'colcon_meta'
[0.229s] Level 1:colcon.colcon_core.package_identification:_identify(src/pal_gripper/pal_gripper_description) by extensions ['ros']
[0.229s] Level 1:colcon.colcon_core.package_identification:_identify(src/pal_gripper/pal_gripper_description) by extension 'ros'
[0.229s] DEBUG:colcon.colcon_core.package_identification:Package 'src/pal_gripper/pal_gripper_description' with type 'ros.ament_cmake' and name 'pal_gripper_description'
[0.229s] Level 1:colcon.colcon_core.package_identification:_identify(src/pal_gripper/pal_gripper_simulation) by extensions ['ignore', 'ignore_ament_install']
[0.229s] Level 1:colcon.colcon_core.package_identification:_identify(src/pal_gripper/pal_gripper_simulation) by extension 'ignore'
[0.229s] Level 1:colcon.colcon_core.package_identification:_identify(src/pal_gripper/pal_gripper_simulation) by extension 'ignore_ament_install'
[0.229s] Level 1:colcon.colcon_core.package_identification:_identify(src/pal_gripper/pal_gripper_simulation) by extensions ['colcon_pkg']
[0.229s] Level 1:colcon.colcon_core.package_identification:_identify(src/pal_gripper/pal_gripper_simulation) by extension 'colcon_pkg'
[0.229s] Level 1:colcon.colcon_core.package_identification:_identify(src/pal_gripper/pal_gripper_simulation) by extensions ['colcon_meta']
[0.229s] Level 1:colcon.colcon_core.package_identification:_identify(src/pal_gripper/pal_gripper_simulation) by extension 'colcon_meta'
[0.229s] Level 1:colcon.colcon_core.package_identification:_identify(src/pal_gripper/pal_gripper_simulation) by extensions ['ros']
[0.229s] Level 1:colcon.colcon_core.package_identification:_identify(src/pal_gripper/pal_gripper_simulation) by extension 'ros'
[0.229s] DEBUG:colcon.colcon_core.package_identification:Package 'src/pal_gripper/pal_gripper_simulation' with type 'ros.ament_cmake' and name 'pal_gripper_simulation'
[0.230s] Level 1:colcon.colcon_core.package_identification:_identify(src/pal_pro_gripper) by extensions ['ignore', 'ignore_ament_install']
[0.230s] Level 1:colcon.colcon_core.package_identification:_identify(src/pal_pro_gripper) by extension 'ignore'
[0.230s] Level 1:colcon.colcon_core.package_identification:_identify(src/pal_pro_gripper) by extension 'ignore_ament_install'
[0.230s] Level 1:colcon.colcon_core.package_identification:_identify(src/pal_pro_gripper) by extensions ['colcon_pkg']
[0.230s] Level 1:colcon.colcon_core.package_identification:_identify(src/pal_pro_gripper) by extension 'colcon_pkg'
[0.230s] Level 1:colcon.colcon_core.package_identification:_identify(src/pal_pro_gripper) by extensions ['colcon_meta']
[0.230s] Level 1:colcon.colcon_core.package_identification:_identify(src/pal_pro_gripper) by extension 'colcon_meta'
[0.230s] Level 1:colcon.colcon_core.package_identification:_identify(src/pal_pro_gripper) by extensions ['ros']
[0.230s] Level 1:colcon.colcon_core.package_identification:_identify(src/pal_pro_gripper) by extension 'ros'
[0.230s] Level 1:colcon.colcon_core.package_identification:_identify(src/pal_pro_gripper) by extensions ['cmake', 'python']
[0.230s] Level 1:colcon.colcon_core.package_identification:_identify(src/pal_pro_gripper) by extension 'cmake'
[0.230s] Level 1:colcon.colcon_core.package_identification:_identify(src/pal_pro_gripper) by extension 'python'
[0.230s] Level 1:colcon.colcon_core.package_identification:_identify(src/pal_pro_gripper) by extensions ['python_setup_py']
[0.230s] Level 1:colcon.colcon_core.package_identification:_identify(src/pal_pro_gripper) by extension 'python_setup_py'
[0.230s] Level 1:colcon.colcon_core.package_identification:_identify(src/pal_pro_gripper/pal_pro_gripper) by extensions ['ignore', 'ignore_ament_install']
[0.230s] Level 1:colcon.colcon_core.package_identification:_identify(src/pal_pro_gripper/pal_pro_gripper) by extension 'ignore'
[0.230s] Level 1:colcon.colcon_core.package_identification:_identify(src/pal_pro_gripper/pal_pro_gripper) by extension 'ignore_ament_install'
[0.230s] Level 1:colcon.colcon_core.package_identification:_identify(src/pal_pro_gripper/pal_pro_gripper) by extensions ['colcon_pkg']
[0.230s] Level 1:colcon.colcon_core.package_identification:_identify(src/pal_pro_gripper/pal_pro_gripper) by extension 'colcon_pkg'
[0.230s] Level 1:colcon.colcon_core.package_identification:_identify(src/pal_pro_gripper/pal_pro_gripper) by extensions ['colcon_meta']
[0.230s] Level 1:colcon.colcon_core.package_identification:_identify(src/pal_pro_gripper/pal_pro_gripper) by extension 'colcon_meta'
[0.230s] Level 1:colcon.colcon_core.package_identification:_identify(src/pal_pro_gripper/pal_pro_gripper) by extensions ['ros']
[0.230s] Level 1:colcon.colcon_core.package_identification:_identify(src/pal_pro_gripper/pal_pro_gripper) by extension 'ros'
[0.230s] DEBUG:colcon.colcon_core.package_identification:Package 'src/pal_pro_gripper/pal_pro_gripper' with type 'ros.ament_cmake' and name 'pal_pro_gripper'
[0.230s] Level 1:colcon.colcon_core.package_identification:_identify(src/pal_pro_gripper/pal_pro_gripper_bringup) by extensions ['ignore', 'ignore_ament_install']
[0.231s] Level 1:colcon.colcon_core.package_identification:_identify(src/pal_pro_gripper/pal_pro_gripper_bringup) by extension 'ignore'
[0.231s] Level 1:colcon.colcon_core.package_identification:_identify(src/pal_pro_gripper/pal_pro_gripper_bringup) by extension 'ignore_ament_install'
[0.231s] Level 1:colcon.colcon_core.package_identification:_identify(src/pal_pro_gripper/pal_pro_gripper_bringup) by extensions ['colcon_pkg']
[0.231s] Level 1:colcon.colcon_core.package_identification:_identify(src/pal_pro_gripper/pal_pro_gripper_bringup) by extension 'colcon_pkg'
[0.231s] Level 1:colcon.colcon_core.package_identification:_identify(src/pal_pro_gripper/pal_pro_gripper_bringup) by extensions ['colcon_meta']
[0.231s] Level 1:colcon.colcon_core.package_identification:_identify(src/pal_pro_gripper/pal_pro_gripper_bringup) by extension 'colcon_meta'
[0.231s] Level 1:colcon.colcon_core.package_identification:_identify(src/pal_pro_gripper/pal_pro_gripper_bringup) by extensions ['ros']
[0.231s] Level 1:colcon.colcon_core.package_identification:_identify(src/pal_pro_gripper/pal_pro_gripper_bringup) by extension 'ros'
[0.239s] DEBUG:colcon.colcon_core.package_identification:Package 'src/pal_pro_gripper/pal_pro_gripper_bringup' with type 'ros.ament_cmake' and name 'pal_pro_gripper_bringup'
[0.239s] Level 1:colcon.colcon_core.package_identification:_identify(src/pal_pro_gripper/pal_pro_gripper_controller_configuration) by extensions ['ignore', 'ignore_ament_install']
[0.239s] Level 1:colcon.colcon_core.package_identification:_identify(src/pal_pro_gripper/pal_pro_gripper_controller_configuration) by extension 'ignore'
[0.239s] Level 1:colcon.colcon_core.package_identification:_identify(src/pal_pro_gripper/pal_pro_gripper_controller_configuration) by extension 'ignore_ament_install'
[0.239s] Level 1:colcon.colcon_core.package_identification:_identify(src/pal_pro_gripper/pal_pro_gripper_controller_configuration) by extensions ['colcon_pkg']
[0.239s] Level 1:colcon.colcon_core.package_identification:_identify(src/pal_pro_gripper/pal_pro_gripper_controller_configuration) by extension 'colcon_pkg'
[0.239s] Level 1:colcon.colcon_core.package_identification:_identify(src/pal_pro_gripper/pal_pro_gripper_controller_configuration) by extensions ['colcon_meta']
[0.239s] Level 1:colcon.colcon_core.package_identification:_identify(src/pal_pro_gripper/pal_pro_gripper_controller_configuration) by extension 'colcon_meta'
[0.239s] Level 1:colcon.colcon_core.package_identification:_identify(src/pal_pro_gripper/pal_pro_gripper_controller_configuration) by extensions ['ros']
[0.239s] Level 1:colcon.colcon_core.package_identification:_identify(src/pal_pro_gripper/pal_pro_gripper_controller_configuration) by extension 'ros'
[0.240s] DEBUG:colcon.colcon_core.package_identification:Package 'src/pal_pro_gripper/pal_pro_gripper_controller_configuration' with type 'ros.ament_cmake' and name 'pal_pro_gripper_controller_configuration'
[0.240s] Level 1:colcon.colcon_core.package_identification:_identify(src/pal_pro_gripper/pal_pro_gripper_description) by extensions ['ignore', 'ignore_ament_install']
[0.240s] Level 1:colcon.colcon_core.package_identification:_identify(src/pal_pro_gripper/pal_pro_gripper_description) by extension 'ignore'
[0.240s] Level 1:colcon.colcon_core.package_identification:_identify(src/pal_pro_gripper/pal_pro_gripper_description) by extension 'ignore_ament_install'
[0.240s] Level 1:colcon.colcon_core.package_identification:_identify(src/pal_pro_gripper/pal_pro_gripper_description) by extensions ['colcon_pkg']
[0.240s] Level 1:colcon.colcon_core.package_identification:_identify(src/pal_pro_gripper/pal_pro_gripper_description) by extension 'colcon_pkg'
[0.240s] Level 1:colcon.colcon_core.package_identification:_identify(src/pal_pro_gripper/pal_pro_gripper_description) by extensions ['colcon_meta']
[0.240s] Level 1:colcon.colcon_core.package_identification:_identify(src/pal_pro_gripper/pal_pro_gripper_description) by extension 'colcon_meta'
[0.240s] Level 1:colcon.colcon_core.package_identification:_identify(src/pal_pro_gripper/pal_pro_gripper_description) by extensions ['ros']
[0.240s] Level 1:colcon.colcon_core.package_identification:_identify(src/pal_pro_gripper/pal_pro_gripper_description) by extension 'ros'
[0.241s] DEBUG:colcon.colcon_core.package_identification:Package 'src/pal_pro_gripper/pal_pro_gripper_description' with type 'ros.ament_cmake' and name 'pal_pro_gripper_description'
[0.241s] Level 1:colcon.colcon_core.package_identification:_identify(src/pal_pro_gripper/pal_pro_gripper_simulation) by extensions ['ignore', 'ignore_ament_install']
[0.241s] Level 1:colcon.colcon_core.package_identification:_identify(src/pal_pro_gripper/pal_pro_gripper_simulation) by extension 'ignore'
[0.241s] Level 1:colcon.colcon_core.package_identification:_identify(src/pal_pro_gripper/pal_pro_gripper_simulation) by extension 'ignore_ament_install'
[0.241s] Level 1:colcon.colcon_core.package_identification:_identify(src/pal_pro_gripper/pal_pro_gripper_simulation) by extensions ['colcon_pkg']
[0.241s] Level 1:colcon.colcon_core.package_identification:_identify(src/pal_pro_gripper/pal_pro_gripper_simulation) by extension 'colcon_pkg'
[0.241s] Level 1:colcon.colcon_core.package_identification:_identify(src/pal_pro_gripper/pal_pro_gripper_simulation) by extensions ['colcon_meta']
[0.241s] Level 1:colcon.colcon_core.package_identification:_identify(src/pal_pro_gripper/pal_pro_gripper_simulation) by extension 'colcon_meta'
[0.241s] Level 1:colcon.colcon_core.package_identification:_identify(src/pal_pro_gripper/pal_pro_gripper_simulation) by extensions ['ros']
[0.241s] Level 1:colcon.colcon_core.package_identification:_identify(src/pal_pro_gripper/pal_pro_gripper_simulation) by extension 'ros'
[0.241s] DEBUG:colcon.colcon_core.package_identification:Package 'src/pal_pro_gripper/pal_pro_gripper_simulation' with type 'ros.ament_cmake' and name 'pal_pro_gripper_simulation'
[0.242s] Level 1:colcon.colcon_core.package_identification:_identify(src/pal_pro_gripper/pal_pro_gripper_wrapper) by extensions ['ignore', 'ignore_ament_install']
[0.242s] Level 1:colcon.colcon_core.package_identification:_identify(src/pal_pro_gripper/pal_pro_gripper_wrapper) by extension 'ignore'
[0.242s] Level 1:colcon.colcon_core.package_identification:_identify(src/pal_pro_gripper/pal_pro_gripper_wrapper) by extension 'ignore_ament_install'
[0.242s] Level 1:colcon.colcon_core.package_identification:_identify(src/pal_pro_gripper/pal_pro_gripper_wrapper) by extensions ['colcon_pkg']
[0.242s] Level 1:colcon.colcon_core.package_identification:_identify(src/pal_pro_gripper/pal_pro_gripper_wrapper) by extension 'colcon_pkg'
[0.242s] Level 1:colcon.colcon_core.package_identification:_identify(src/pal_pro_gripper/pal_pro_gripper_wrapper) by extensions ['colcon_meta']
[0.242s] Level 1:colcon.colcon_core.package_identification:_identify(src/pal_pro_gripper/pal_pro_gripper_wrapper) by extension 'colcon_meta'
[0.242s] Level 1:colcon.colcon_core.package_identification:_identify(src/pal_pro_gripper/pal_pro_gripper_wrapper) by extensions ['ros']
[0.242s] Level 1:colcon.colcon_core.package_identification:_identify(src/pal_pro_gripper/pal_pro_gripper_wrapper) by extension 'ros'
[0.242s] DEBUG:colcon.colcon_core.package_identification:Package 'src/pal_pro_gripper/pal_pro_gripper_wrapper' with type 'ros.ament_python' and name 'pal_pro_gripper_wrapper'
[0.242s] Level 1:colcon.colcon_core.package_identification:_identify(src/pal_sea_arm) by extensions ['ignore', 'ignore_ament_install']
[0.242s] Level 1:colcon.colcon_core.package_identification:_identify(src/pal_sea_arm) by extension 'ignore'
[0.242s] Level 1:colcon.colcon_core.package_identification:_identify(src/pal_sea_arm) by extension 'ignore_ament_install'
[0.242s] Level 1:colcon.colcon_core.package_identification:_identify(src/pal_sea_arm) by extensions ['colcon_pkg']
[0.242s] Level 1:colcon.colcon_core.package_identification:_identify(src/pal_sea_arm) by extension 'colcon_pkg'
[0.242s] Level 1:colcon.colcon_core.package_identification:_identify(src/pal_sea_arm) by extensions ['colcon_meta']
[0.242s] Level 1:colcon.colcon_core.package_identification:_identify(src/pal_sea_arm) by extension 'colcon_meta'
[0.242s] Level 1:colcon.colcon_core.package_identification:_identify(src/pal_sea_arm) by extensions ['ros']
[0.242s] Level 1:colcon.colcon_core.package_identification:_identify(src/pal_sea_arm) by extension 'ros'
[0.243s] Level 1:colcon.colcon_core.package_identification:_identify(src/pal_sea_arm) by extensions ['cmake', 'python']
[0.243s] Level 1:colcon.colcon_core.package_identification:_identify(src/pal_sea_arm) by extension 'cmake'
[0.243s] Level 1:colcon.colcon_core.package_identification:_identify(src/pal_sea_arm) by extension 'python'
[0.243s] Level 1:colcon.colcon_core.package_identification:_identify(src/pal_sea_arm) by extensions ['python_setup_py']
[0.243s] Level 1:colcon.colcon_core.package_identification:_identify(src/pal_sea_arm) by extension 'python_setup_py'
[0.243s] Level 1:colcon.colcon_core.package_identification:_identify(src/pal_sea_arm/pal_sea_arm) by extensions ['ignore', 'ignore_ament_install']
[0.243s] Level 1:colcon.colcon_core.package_identification:_identify(src/pal_sea_arm/pal_sea_arm) by extension 'ignore'
[0.243s] Level 1:colcon.colcon_core.package_identification:_identify(src/pal_sea_arm/pal_sea_arm) by extension 'ignore_ament_install'
[0.243s] Level 1:colcon.colcon_core.package_identification:_identify(src/pal_sea_arm/pal_sea_arm) by extensions ['colcon_pkg']
[0.243s] Level 1:colcon.colcon_core.package_identification:_identify(src/pal_sea_arm/pal_sea_arm) by extension 'colcon_pkg'
[0.243s] Level 1:colcon.colcon_core.package_identification:_identify(src/pal_sea_arm/pal_sea_arm) by extensions ['colcon_meta']
[0.243s] Level 1:colcon.colcon_core.package_identification:_identify(src/pal_sea_arm/pal_sea_arm) by extension 'colcon_meta'
[0.243s] Level 1:colcon.colcon_core.package_identification:_identify(src/pal_sea_arm/pal_sea_arm) by extensions ['ros']
[0.243s] Level 1:colcon.colcon_core.package_identification:_identify(src/pal_sea_arm/pal_sea_arm) by extension 'ros'
[0.243s] DEBUG:colcon.colcon_core.package_identification:Package 'src/pal_sea_arm/pal_sea_arm' with type 'ros.ament_cmake' and name 'pal_sea_arm'
[0.243s] Level 1:colcon.colcon_core.package_identification:_identify(src/pal_sea_arm/pal_sea_arm_bringup) by extensions ['ignore', 'ignore_ament_install']
[0.243s] Level 1:colcon.colcon_core.package_identification:_identify(src/pal_sea_arm/pal_sea_arm_bringup) by extension 'ignore'
[0.244s] Level 1:colcon.colcon_core.package_identification:_identify(src/pal_sea_arm/pal_sea_arm_bringup) by extension 'ignore_ament_install'
[0.244s] Level 1:colcon.colcon_core.package_identification:_identify(src/pal_sea_arm/pal_sea_arm_bringup) by extensions ['colcon_pkg']
[0.244s] Level 1:colcon.colcon_core.package_identification:_identify(src/pal_sea_arm/pal_sea_arm_bringup) by extension 'colcon_pkg'
[0.244s] Level 1:colcon.colcon_core.package_identification:_identify(src/pal_sea_arm/pal_sea_arm_bringup) by extensions ['colcon_meta']
[0.244s] Level 1:colcon.colcon_core.package_identification:_identify(src/pal_sea_arm/pal_sea_arm_bringup) by extension 'colcon_meta'
[0.244s] Level 1:colcon.colcon_core.package_identification:_identify(src/pal_sea_arm/pal_sea_arm_bringup) by extensions ['ros']
[0.244s] Level 1:colcon.colcon_core.package_identification:_identify(src/pal_sea_arm/pal_sea_arm_bringup) by extension 'ros'
[0.245s] DEBUG:colcon.colcon_core.package_identification:Package 'src/pal_sea_arm/pal_sea_arm_bringup' with type 'ros.ament_cmake' and name 'pal_sea_arm_bringup'
[0.245s] Level 1:colcon.colcon_core.package_identification:_identify(src/pal_sea_arm/pal_sea_arm_controller_configuration) by extensions ['ignore', 'ignore_ament_install']
[0.245s] Level 1:colcon.colcon_core.package_identification:_identify(src/pal_sea_arm/pal_sea_arm_controller_configuration) by extension 'ignore'
[0.245s] Level 1:colcon.colcon_core.package_identification:_identify(src/pal_sea_arm/pal_sea_arm_controller_configuration) by extension 'ignore_ament_install'
[0.245s] Level 1:colcon.colcon_core.package_identification:_identify(src/pal_sea_arm/pal_sea_arm_controller_configuration) by extensions ['colcon_pkg']
[0.245s] Level 1:colcon.colcon_core.package_identification:_identify(src/pal_sea_arm/pal_sea_arm_controller_configuration) by extension 'colcon_pkg'
[0.245s] Level 1:colcon.colcon_core.package_identification:_identify(src/pal_sea_arm/pal_sea_arm_controller_configuration) by extensions ['colcon_meta']
[0.245s] Level 1:colcon.colcon_core.package_identification:_identify(src/pal_sea_arm/pal_sea_arm_controller_configuration) by extension 'colcon_meta'
[0.245s] Level 1:colcon.colcon_core.package_identification:_identify(src/pal_sea_arm/pal_sea_arm_controller_configuration) by extensions ['ros']
[0.245s] Level 1:colcon.colcon_core.package_identification:_identify(src/pal_sea_arm/pal_sea_arm_controller_configuration) by extension 'ros'
[0.246s] DEBUG:colcon.colcon_core.package_identification:Package 'src/pal_sea_arm/pal_sea_arm_controller_configuration' with type 'ros.ament_cmake' and name 'pal_sea_arm_controller_configuration'
[0.246s] Level 1:colcon.colcon_core.package_identification:_identify(src/pal_sea_arm/pal_sea_arm_description) by extensions ['ignore', 'ignore_ament_install']
[0.246s] Level 1:colcon.colcon_core.package_identification:_identify(src/pal_sea_arm/pal_sea_arm_description) by extension 'ignore'
[0.246s] Level 1:colcon.colcon_core.package_identification:_identify(src/pal_sea_arm/pal_sea_arm_description) by extension 'ignore_ament_install'
[0.246s] Level 1:colcon.colcon_core.package_identification:_identify(src/pal_sea_arm/pal_sea_arm_description) by extensions ['colcon_pkg']
[0.246s] Level 1:colcon.colcon_core.package_identification:_identify(src/pal_sea_arm/pal_sea_arm_description) by extension 'colcon_pkg'
[0.246s] Level 1:colcon.colcon_core.package_identification:_identify(src/pal_sea_arm/pal_sea_arm_description) by extensions ['colcon_meta']
[0.246s] Level 1:colcon.colcon_core.package_identification:_identify(src/pal_sea_arm/pal_sea_arm_description) by extension 'colcon_meta'
[0.246s] Level 1:colcon.colcon_core.package_identification:_identify(src/pal_sea_arm/pal_sea_arm_description) by extensions ['ros']
[0.246s] Level 1:colcon.colcon_core.package_identification:_identify(src/pal_sea_arm/pal_sea_arm_description) by extension 'ros'
[0.248s] DEBUG:colcon.colcon_core.package_identification:Package 'src/pal_sea_arm/pal_sea_arm_description' with type 'ros.ament_cmake' and name 'pal_sea_arm_description'
[0.248s] Level 1:colcon.colcon_core.package_identification:_identify(src/pal_urdf_utils) by extensions ['ignore', 'ignore_ament_install']
[0.248s] Level 1:colcon.colcon_core.package_identification:_identify(src/pal_urdf_utils) by extension 'ignore'
[0.248s] Level 1:colcon.colcon_core.package_identification:_identify(src/pal_urdf_utils) by extension 'ignore_ament_install'
[0.248s] Level 1:colcon.colcon_core.package_identification:_identify(src/pal_urdf_utils) by extensions ['colcon_pkg']
[0.248s] Level 1:colcon.colcon_core.package_identification:_identify(src/pal_urdf_utils) by extension 'colcon_pkg'
[0.248s] Level 1:colcon.colcon_core.package_identification:_identify(src/pal_urdf_utils) by extensions ['colcon_meta']
[0.248s] Level 1:colcon.colcon_core.package_identification:_identify(src/pal_urdf_utils) by extension 'colcon_meta'
[0.248s] Level 1:colcon.colcon_core.package_identification:_identify(src/pal_urdf_utils) by extensions ['ros']
[0.248s] Level 1:colcon.colcon_core.package_identification:_identify(src/pal_urdf_utils) by extension 'ros'
[0.248s] DEBUG:colcon.colcon_core.package_identification:Package 'src/pal_urdf_utils' with type 'ros.ament_cmake' and name 'pal_urdf_utils'
[0.248s] Level 1:colcon.colcon_core.package_identification:_identify(src/sensors) by extensions ['ignore', 'ignore_ament_install']
[0.248s] Level 1:colcon.colcon_core.package_identification:_identify(src/sensors) by extension 'ignore'
[0.248s] Level 1:colcon.colcon_core.package_identification:_identify(src/sensors) by extension 'ignore_ament_install'
[0.248s] Level 1:colcon.colcon_core.package_identification:_identify(src/sensors) by extensions ['colcon_pkg']
[0.248s] Level 1:colcon.colcon_core.package_identification:_identify(src/sensors) by extension 'colcon_pkg'
[0.248s] Level 1:colcon.colcon_core.package_identification:_identify(src/sensors) by extensions ['colcon_meta']
[0.248s] Level 1:colcon.colcon_core.package_identification:_identify(src/sensors) by extension 'colcon_meta'
[0.248s] Level 1:colcon.colcon_core.package_identification:_identify(src/sensors) by extensions ['ros']
[0.248s] Level 1:colcon.colcon_core.package_identification:_identify(src/sensors) by extension 'ros'
[0.249s] DEBUG:colcon.colcon_core.package_identification:Package 'src/sensors' with type 'ros.ament_python' and name 'sensors'
[0.249s] Level 1:colcon.colcon_core.package_identification:_identify(src/tiago_pro_head_robot) by extensions ['ignore', 'ignore_ament_install']
[0.249s] Level 1:colcon.colcon_core.package_identification:_identify(src/tiago_pro_head_robot) by extension 'ignore'
[0.249s] Level 1:colcon.colcon_core.package_identification:_identify(src/tiago_pro_head_robot) by extension 'ignore_ament_install'
[0.249s] Level 1:colcon.colcon_core.package_identification:_identify(src/tiago_pro_head_robot) by extensions ['colcon_pkg']
[0.249s] Level 1:colcon.colcon_core.package_identification:_identify(src/tiago_pro_head_robot) by extension 'colcon_pkg'
[0.249s] Level 1:colcon.colcon_core.package_identification:_identify(src/tiago_pro_head_robot) by extensions ['colcon_meta']
[0.249s] Level 1:colcon.colcon_core.package_identification:_identify(src/tiago_pro_head_robot) by extension 'colcon_meta'
[0.249s] Level 1:colcon.colcon_core.package_identification:_identify(src/tiago_pro_head_robot) by extensions ['ros']
[0.249s] Level 1:colcon.colcon_core.package_identification:_identify(src/tiago_pro_head_robot) by extension 'ros'
[0.249s] Level 1:colcon.colcon_core.package_identification:_identify(src/tiago_pro_head_robot) by extensions ['cmake', 'python']
[0.249s] Level 1:colcon.colcon_core.package_identification:_identify(src/tiago_pro_head_robot) by extension 'cmake'
[0.249s] Level 1:colcon.colcon_core.package_identification:_identify(src/tiago_pro_head_robot) by extension 'python'
[0.249s] Level 1:colcon.colcon_core.package_identification:_identify(src/tiago_pro_head_robot) by extensions ['python_setup_py']
[0.249s] Level 1:colcon.colcon_core.package_identification:_identify(src/tiago_pro_head_robot) by extension 'python_setup_py'
[0.249s] Level 1:colcon.colcon_core.package_identification:_identify(src/tiago_pro_head_robot/tiago_pro_head_bringup) by extensions ['ignore', 'ignore_ament_install']
[0.249s] Level 1:colcon.colcon_core.package_identification:_identify(src/tiago_pro_head_robot/tiago_pro_head_bringup) by extension 'ignore'
[0.250s] Level 1:colcon.colcon_core.package_identification:_identify(src/tiago_pro_head_robot/tiago_pro_head_bringup) by extension 'ignore_ament_install'
[0.250s] Level 1:colcon.colcon_core.package_identification:_identify(src/tiago_pro_head_robot/tiago_pro_head_bringup) by extensions ['colcon_pkg']
[0.250s] Level 1:colcon.colcon_core.package_identification:_identify(src/tiago_pro_head_robot/tiago_pro_head_bringup) by extension 'colcon_pkg'
[0.250s] Level 1:colcon.colcon_core.package_identification:_identify(src/tiago_pro_head_robot/tiago_pro_head_bringup) by extensions ['colcon_meta']
[0.250s] Level 1:colcon.colcon_core.package_identification:_identify(src/tiago_pro_head_robot/tiago_pro_head_bringup) by extension 'colcon_meta'
[0.250s] Level 1:colcon.colcon_core.package_identification:_identify(src/tiago_pro_head_robot/tiago_pro_head_bringup) by extensions ['ros']
[0.250s] Level 1:colcon.colcon_core.package_identification:_identify(src/tiago_pro_head_robot/tiago_pro_head_bringup) by extension 'ros'
[0.250s] DEBUG:colcon.colcon_core.package_identification:Package 'src/tiago_pro_head_robot/tiago_pro_head_bringup' with type 'ros.ament_cmake' and name 'tiago_pro_head_bringup'
[0.250s] Level 1:colcon.colcon_core.package_identification:_identify(src/tiago_pro_head_robot/tiago_pro_head_controller_configuration) by extensions ['ignore', 'ignore_ament_install']
[0.250s] Level 1:colcon.colcon_core.package_identification:_identify(src/tiago_pro_head_robot/tiago_pro_head_controller_configuration) by extension 'ignore'
[0.250s] Level 1:colcon.colcon_core.package_identification:_identify(src/tiago_pro_head_robot/tiago_pro_head_controller_configuration) by extension 'ignore_ament_install'
[0.250s] Level 1:colcon.colcon_core.package_identification:_identify(src/tiago_pro_head_robot/tiago_pro_head_controller_configuration) by extensions ['colcon_pkg']
[0.250s] Level 1:colcon.colcon_core.package_identification:_identify(src/tiago_pro_head_robot/tiago_pro_head_controller_configuration) by extension 'colcon_pkg'
[0.250s] Level 1:colcon.colcon_core.package_identification:_identify(src/tiago_pro_head_robot/tiago_pro_head_controller_configuration) by extensions ['colcon_meta']
[0.250s] Level 1:colcon.colcon_core.package_identification:_identify(src/tiago_pro_head_robot/tiago_pro_head_controller_configuration) by extension 'colcon_meta'
[0.250s] Level 1:colcon.colcon_core.package_identification:_identify(src/tiago_pro_head_robot/tiago_pro_head_controller_configuration) by extensions ['ros']
[0.250s] Level 1:colcon.colcon_core.package_identification:_identify(src/tiago_pro_head_robot/tiago_pro_head_controller_configuration) by extension 'ros'
[0.251s] DEBUG:colcon.colcon_core.package_identification:Package 'src/tiago_pro_head_robot/tiago_pro_head_controller_configuration' with type 'ros.ament_cmake' and name 'tiago_pro_head_controller_configuration'
[0.251s] Level 1:colcon.colcon_core.package_identification:_identify(src/tiago_pro_head_robot/tiago_pro_head_description) by extensions ['ignore', 'ignore_ament_install']
[0.251s] Level 1:colcon.colcon_core.package_identification:_identify(src/tiago_pro_head_robot/tiago_pro_head_description) by extension 'ignore'
[0.251s] Level 1:colcon.colcon_core.package_identification:_identify(src/tiago_pro_head_robot/tiago_pro_head_description) by extension 'ignore_ament_install'
[0.251s] Level 1:colcon.colcon_core.package_identification:_identify(src/tiago_pro_head_robot/tiago_pro_head_description) by extensions ['colcon_pkg']
[0.251s] Level 1:colcon.colcon_core.package_identification:_identify(src/tiago_pro_head_robot/tiago_pro_head_description) by extension 'colcon_pkg'
[0.251s] Level 1:colcon.colcon_core.package_identification:_identify(src/tiago_pro_head_robot/tiago_pro_head_description) by extensions ['colcon_meta']
[0.251s] Level 1:colcon.colcon_core.package_identification:_identify(src/tiago_pro_head_robot/tiago_pro_head_description) by extension 'colcon_meta'
[0.251s] Level 1:colcon.colcon_core.package_identification:_identify(src/tiago_pro_head_robot/tiago_pro_head_description) by extensions ['ros']
[0.251s] Level 1:colcon.colcon_core.package_identification:_identify(src/tiago_pro_head_robot/tiago_pro_head_description) by extension 'ros'
[0.252s] DEBUG:colcon.colcon_core.package_identification:Package 'src/tiago_pro_head_robot/tiago_pro_head_description' with type 'ros.ament_cmake' and name 'tiago_pro_head_description'
[0.252s] Level 1:colcon.colcon_core.package_identification:_identify(src/tiago_pro_head_robot/tiago_pro_head_robot) by extensions ['ignore', 'ignore_ament_install']
[0.252s] Level 1:colcon.colcon_core.package_identification:_identify(src/tiago_pro_head_robot/tiago_pro_head_robot) by extension 'ignore'
[0.252s] Level 1:colcon.colcon_core.package_identification:_identify(src/tiago_pro_head_robot/tiago_pro_head_robot) by extension 'ignore_ament_install'
[0.252s] Level 1:colcon.colcon_core.package_identification:_identify(src/tiago_pro_head_robot/tiago_pro_head_robot) by extensions ['colcon_pkg']
[0.252s] Level 1:colcon.colcon_core.package_identification:_identify(src/tiago_pro_head_robot/tiago_pro_head_robot) by extension 'colcon_pkg'
[0.252s] Level 1:colcon.colcon_core.package_identification:_identify(src/tiago_pro_head_robot/tiago_pro_head_robot) by extensions ['colcon_meta']
[0.252s] Level 1:colcon.colcon_core.package_identification:_identify(src/tiago_pro_head_robot/tiago_pro_head_robot) by extension 'colcon_meta'
[0.252s] Level 1:colcon.colcon_core.package_identification:_identify(src/tiago_pro_head_robot/tiago_pro_head_robot) by extensions ['ros']
[0.252s] Level 1:colcon.colcon_core.package_identification:_identify(src/tiago_pro_head_robot/tiago_pro_head_robot) by extension 'ros'
[0.252s] DEBUG:colcon.colcon_core.package_identification:Package 'src/tiago_pro_head_robot/tiago_pro_head_robot' with type 'ros.ament_cmake' and name 'tiago_pro_head_robot'
[0.252s] Level 1:colcon.colcon_core.package_identification:_identify(src/tiago_pro_robot) by extensions ['ignore', 'ignore_ament_install']
[0.253s] Level 1:colcon.colcon_core.package_identification:_identify(src/tiago_pro_robot) by extension 'ignore'
[0.253s] Level 1:colcon.colcon_core.package_identification:_identify(src/tiago_pro_robot) by extension 'ignore_ament_install'
[0.253s] Level 1:colcon.colcon_core.package_identification:_identify(src/tiago_pro_robot) by extensions ['colcon_pkg']
[0.253s] Level 1:colcon.colcon_core.package_identification:_identify(src/tiago_pro_robot) by extension 'colcon_pkg'
[0.253s] Level 1:colcon.colcon_core.package_identification:_identify(src/tiago_pro_robot) by extensions ['colcon_meta']
[0.253s] Level 1:colcon.colcon_core.package_identification:_identify(src/tiago_pro_robot) by extension 'colcon_meta'
[0.253s] Level 1:colcon.colcon_core.package_identification:_identify(src/tiago_pro_robot) by extensions ['ros']
[0.253s] Level 1:colcon.colcon_core.package_identification:_identify(src/tiago_pro_robot) by extension 'ros'
[0.253s] Level 1:colcon.colcon_core.package_identification:_identify(src/tiago_pro_robot) by extensions ['cmake', 'python']
[0.253s] Level 1:colcon.colcon_core.package_identification:_identify(src/tiago_pro_robot) by extension 'cmake'
[0.253s] Level 1:colcon.colcon_core.package_identification:_identify(src/tiago_pro_robot) by extension 'python'
[0.253s] Level 1:colcon.colcon_core.package_identification:_identify(src/tiago_pro_robot) by extensions ['python_setup_py']
[0.253s] Level 1:colcon.colcon_core.package_identification:_identify(src/tiago_pro_robot) by extension 'python_setup_py'
[0.253s] Level 1:colcon.colcon_core.package_identification:_identify(src/tiago_pro_robot/tiago_pro_bringup) by extensions ['ignore', 'ignore_ament_install']
[0.253s] Level 1:colcon.colcon_core.package_identification:_identify(src/tiago_pro_robot/tiago_pro_bringup) by extension 'ignore'
[0.253s] Level 1:colcon.colcon_core.package_identification:_identify(src/tiago_pro_robot/tiago_pro_bringup) by extension 'ignore_ament_install'
[0.253s] Level 1:colcon.colcon_core.package_identification:_identify(src/tiago_pro_robot/tiago_pro_bringup) by extensions ['colcon_pkg']
[0.253s] Level 1:colcon.colcon_core.package_identification:_identify(src/tiago_pro_robot/tiago_pro_bringup) by extension 'colcon_pkg'
[0.253s] Level 1:colcon.colcon_core.package_identification:_identify(src/tiago_pro_robot/tiago_pro_bringup) by extensions ['colcon_meta']
[0.253s] Level 1:colcon.colcon_core.package_identification:_identify(src/tiago_pro_robot/tiago_pro_bringup) by extension 'colcon_meta'
[0.253s] Level 1:colcon.colcon_core.package_identification:_identify(src/tiago_pro_robot/tiago_pro_bringup) by extensions ['ros']
[0.253s] Level 1:colcon.colcon_core.package_identification:_identify(src/tiago_pro_robot/tiago_pro_bringup) by extension 'ros'
[0.254s] DEBUG:colcon.colcon_core.package_identification:Package 'src/tiago_pro_robot/tiago_pro_bringup' with type 'ros.ament_cmake' and name 'tiago_pro_bringup'
[0.254s] Level 1:colcon.colcon_core.package_identification:_identify(src/tiago_pro_robot/tiago_pro_controller_configuration) by extensions ['ignore', 'ignore_ament_install']
[0.254s] Level 1:colcon.colcon_core.package_identification:_identify(src/tiago_pro_robot/tiago_pro_controller_configuration) by extension 'ignore'
[0.254s] Level 1:colcon.colcon_core.package_identification:_identify(src/tiago_pro_robot/tiago_pro_controller_configuration) by extension 'ignore_ament_install'
[0.254s] Level 1:colcon.colcon_core.package_identification:_identify(src/tiago_pro_robot/tiago_pro_controller_configuration) by extensions ['colcon_pkg']
[0.254s] Level 1:colcon.colcon_core.package_identification:_identify(src/tiago_pro_robot/tiago_pro_controller_configuration) by extension 'colcon_pkg'
[0.254s] Level 1:colcon.colcon_core.package_identification:_identify(src/tiago_pro_robot/tiago_pro_controller_configuration) by extensions ['colcon_meta']
[0.254s] Level 1:colcon.colcon_core.package_identification:_identify(src/tiago_pro_robot/tiago_pro_controller_configuration) by extension 'colcon_meta'
[0.254s] Level 1:colcon.colcon_core.package_identification:_identify(src/tiago_pro_robot/tiago_pro_controller_configuration) by extensions ['ros']
[0.254s] Level 1:colcon.colcon_core.package_identification:_identify(src/tiago_pro_robot/tiago_pro_controller_configuration) by extension 'ros'
[0.256s] DEBUG:colcon.colcon_core.package_identification:Package 'src/tiago_pro_robot/tiago_pro_controller_configuration' with type 'ros.ament_cmake' and name 'tiago_pro_controller_configuration'
[0.256s] Level 1:colcon.colcon_core.package_identification:_identify(src/tiago_pro_robot/tiago_pro_description) by extensions ['ignore', 'ignore_ament_install']
[0.256s] Level 1:colcon.colcon_core.package_identification:_identify(src/tiago_pro_robot/tiago_pro_description) by extension 'ignore'
[0.256s] Level 1:colcon.colcon_core.package_identification:_identify(src/tiago_pro_robot/tiago_pro_description) by extension 'ignore_ament_install'
[0.256s] Level 1:colcon.colcon_core.package_identification:_identify(src/tiago_pro_robot/tiago_pro_description) by extensions ['colcon_pkg']
[0.256s] Level 1:colcon.colcon_core.package_identification:_identify(src/tiago_pro_robot/tiago_pro_description) by extension 'colcon_pkg'
[0.256s] Level 1:colcon.colcon_core.package_identification:_identify(src/tiago_pro_robot/tiago_pro_description) by extensions ['colcon_meta']
[0.256s] Level 1:colcon.colcon_core.package_identification:_identify(src/tiago_pro_robot/tiago_pro_description) by extension 'colcon_meta'
[0.256s] Level 1:colcon.colcon_core.package_identification:_identify(src/tiago_pro_robot/tiago_pro_description) by extensions ['ros']
[0.256s] Level 1:colcon.colcon_core.package_identification:_identify(src/tiago_pro_robot/tiago_pro_description) by extension 'ros'
[0.257s] DEBUG:colcon.colcon_core.package_identification:Package 'src/tiago_pro_robot/tiago_pro_description' with type 'ros.ament_cmake' and name 'tiago_pro_description'
[0.257s] Level 1:colcon.colcon_core.package_identification:_identify(src/tiago_pro_robot/tiago_pro_robot) by extensions ['ignore', 'ignore_ament_install']
[0.257s] Level 1:colcon.colcon_core.package_identification:_identify(src/tiago_pro_robot/tiago_pro_robot) by extension 'ignore'
[0.258s] Level 1:colcon.colcon_core.package_identification:_identify(src/tiago_pro_robot/tiago_pro_robot) by extension 'ignore_ament_install'
[0.258s] Level 1:colcon.colcon_core.package_identification:_identify(src/tiago_pro_robot/tiago_pro_robot) by extensions ['colcon_pkg']
[0.258s] Level 1:colcon.colcon_core.package_identification:_identify(src/tiago_pro_robot/tiago_pro_robot) by extension 'colcon_pkg'
[0.258s] Level 1:colcon.colcon_core.package_identification:_identify(src/tiago_pro_robot/tiago_pro_robot) by extensions ['colcon_meta']
[0.258s] Level 1:colcon.colcon_core.package_identification:_identify(src/tiago_pro_robot/tiago_pro_robot) by extension 'colcon_meta'
[0.258s] Level 1:colcon.colcon_core.package_identification:_identify(src/tiago_pro_robot/tiago_pro_robot) by extensions ['ros']
[0.258s] Level 1:colcon.colcon_core.package_identification:_identify(src/tiago_pro_robot/tiago_pro_robot) by extension 'ros'
[0.258s] DEBUG:colcon.colcon_core.package_identification:Package 'src/tiago_pro_robot/tiago_pro_robot' with type 'ros.ament_cmake' and name 'tiago_pro_robot'
[0.258s] Level 1:colcon.colcon_core.package_discovery:discover_packages(recursive) using defaults
[0.258s] Level 1:colcon.colcon_core.package_discovery:discover_packages(ignore) discover
[0.258s] Level 1:colcon.colcon_core.package_discovery:discover_packages(ignore) using defaults
[0.258s] Level 1:colcon.colcon_core.package_discovery:discover_packages(path) discover
[0.258s] Level 1:colcon.colcon_core.package_discovery:discover_packages(path) using defaults
[0.279s] Level 5:colcon.colcon_core.verb:set package 'erc_description' build argument 'cmake_args' from command line to 'None'
[0.279s] Level 5:colcon.colcon_core.verb:set package 'erc_description' build argument 'cmake_target' from command line to 'None'
[0.279s] Level 5:colcon.colcon_core.verb:set package 'erc_description' build argument 'cmake_target_skip_unavailable' from command line to 'False'
[0.279s] Level 5:colcon.colcon_core.verb:set package 'erc_description' build argument 'cmake_clean_cache' from command line to 'False'
[0.279s] Level 5:colcon.colcon_core.verb:set package 'erc_description' build argument 'cmake_clean_first' from command line to 'False'
[0.279s] Level 5:colcon.colcon_core.verb:set package 'erc_description' build argument 'cmake_force_configure' from command line to 'False'
[0.279s] Level 5:colcon.colcon_core.verb:set package 'erc_description' build argument 'ament_cmake_args' from command line to 'None'
[0.279s] Level 5:colcon.colcon_core.verb:set package 'erc_description' build argument 'catkin_cmake_args' from command line to 'None'
[0.279s] Level 5:colcon.colcon_core.verb:set package 'erc_description' build argument 'catkin_skip_building_tests' from command line to 'False'
[0.279s] DEBUG:colcon.colcon_core.verb:Building package 'erc_description' with the following arguments: {'ament_cmake_args': None, 'build_base': '/opt/erc_ws/build/erc_description', 'catkin_cmake_args': None, 'catkin_skip_building_tests': False, 'cmake_args': None, 'cmake_clean_cache': False, 'cmake_clean_first': False, 'cmake_force_configure': False, 'cmake_target': None, 'cmake_target_skip_unavailable': False, 'install_base': '/opt/erc_ws/install/erc_description', 'merge_install': False, 'path': '/opt/erc_ws/src/erc_description', 'symlink_install': True, 'test_result_base': None}
[0.279s] Level 5:colcon.colcon_core.verb:set package 'erc_solution' build argument 'cmake_args' from command line to 'None'
[0.279s] Level 5:colcon.colcon_core.verb:set package 'erc_solution' build argument 'cmake_target' from command line to 'None'
[0.279s] Level 5:colcon.colcon_core.verb:set package 'erc_solution' build argument 'cmake_target_skip_unavailable' from command line to 'False'
[0.279s] Level 5:colcon.colcon_core.verb:set package 'erc_solution' build argument 'cmake_clean_cache' from command line to 'False'
[0.279s] Level 5:colcon.colcon_core.verb:set package 'erc_solution' build argument 'cmake_clean_first' from command line to 'False'
[0.279s] Level 5:colcon.colcon_core.verb:set package 'erc_solution' build argument 'cmake_force_configure' from command line to 'False'
[0.279s] Level 5:colcon.colcon_core.verb:set package 'erc_solution' build argument 'ament_cmake_args' from command line to 'None'
[0.279s] Level 5:colcon.colcon_core.verb:set package 'erc_solution' build argument 'catkin_cmake_args' from command line to 'None'
[0.279s] Level 5:colcon.colcon_core.verb:set package 'erc_solution' build argument 'catkin_skip_building_tests' from command line to 'False'
[0.279s] DEBUG:colcon.colcon_core.verb:Building package 'erc_solution' with the following arguments: {'ament_cmake_args': None, 'build_base': '/opt/erc_ws/build/erc_solution', 'catkin_cmake_args': None, 'catkin_skip_building_tests': False, 'cmake_args': None, 'cmake_clean_cache': False, 'cmake_clean_first': False, 'cmake_force_configure': False, 'cmake_target': None, 'cmake_target_skip_unavailable': False, 'install_base': '/opt/erc_ws/install/erc_solution', 'merge_install': False, 'path': '/opt/erc_ws/src/erc_solution', 'symlink_install': True, 'test_result_base': None}
[0.280s] Level 5:colcon.colcon_core.verb:set package 'gz_ros2_control' build argument 'cmake_args' from command line to 'None'
[0.280s] Level 5:colcon.colcon_core.verb:set package 'gz_ros2_control' build argument 'cmake_target' from command line to 'None'
[0.280s] Level 5:colcon.colcon_core.verb:set package 'gz_ros2_control' build argument 'cmake_target_skip_unavailable' from command line to 'False'
[0.280s] Level 5:colcon.colcon_core.verb:set package 'gz_ros2_control' build argument 'cmake_clean_cache' from command line to 'False'
[0.280s] Level 5:colcon.colcon_core.verb:set package 'gz_ros2_control' build argument 'cmake_clean_first' from command line to 'False'
[0.280s] Level 5:colcon.colcon_core.verb:set package 'gz_ros2_control' build argument 'cmake_force_configure' from command line to 'False'
[0.280s] Level 5:colcon.colcon_core.verb:set package 'gz_ros2_control' build argument 'ament_cmake_args' from command line to 'None'
[0.280s] Level 5:colcon.colcon_core.verb:set package 'gz_ros2_control' build argument 'catkin_cmake_args' from command line to 'None'
[0.280s] Level 5:colcon.colcon_core.verb:set package 'gz_ros2_control' build argument 'catkin_skip_building_tests' from command line to 'False'
[0.280s] DEBUG:colcon.colcon_core.verb:Building package 'gz_ros2_control' with the following arguments: {'ament_cmake_args': None, 'build_base': '/opt/erc_ws/build/gz_ros2_control', 'catkin_cmake_args': None, 'catkin_skip_building_tests': False, 'cmake_args': None, 'cmake_clean_cache': False, 'cmake_clean_first': False, 'cmake_force_configure': False, 'cmake_target': None, 'cmake_target_skip_unavailable': False, 'install_base': '/opt/erc_ws/install/gz_ros2_control', 'merge_install': False, 'path': '/opt/erc_ws/src/gz_ros2_control/gz_ros2_control', 'symlink_install': True, 'test_result_base': None}
[0.280s] Level 5:colcon.colcon_core.verb:set package 'launch_pal' build argument 'cmake_args' from command line to 'None'
[0.280s] Level 5:colcon.colcon_core.verb:set package 'launch_pal' build argument 'cmake_target' from command line to 'None'
[0.280s] Level 5:colcon.colcon_core.verb:set package 'launch_pal' build argument 'cmake_target_skip_unavailable' from command line to 'False'
[0.280s] Level 5:colcon.colcon_core.verb:set package 'launch_pal' build argument 'cmake_clean_cache' from command line to 'False'
[0.280s] Level 5:colcon.colcon_core.verb:set package 'launch_pal' build argument 'cmake_clean_first' from command line to 'False'
[0.280s] Level 5:colcon.colcon_core.verb:set package 'launch_pal' build argument 'cmake_force_configure' from command line to 'False'
[0.280s] Level 5:colcon.colcon_core.verb:set package 'launch_pal' build argument 'ament_cmake_args' from command line to 'None'
[0.280s] Level 5:colcon.colcon_core.verb:set package 'launch_pal' build argument 'catkin_cmake_args' from command line to 'None'
[0.280s] Level 5:colcon.colcon_core.verb:set package 'launch_pal' build argument 'catkin_skip_building_tests' from command line to 'False'
[0.280s] DEBUG:colcon.colcon_core.verb:Building package 'launch_pal' with the following arguments: {'ament_cmake_args': None, 'build_base': '/opt/erc_ws/build/launch_pal', 'catkin_cmake_args': None, 'catkin_skip_building_tests': False, 'cmake_args': None, 'cmake_clean_cache': False, 'cmake_clean_first': False, 'cmake_force_configure': False, 'cmake_target': None, 'cmake_target_skip_unavailable': False, 'install_base': '/opt/erc_ws/install/launch_pal', 'merge_install': False, 'path': '/opt/erc_ws/src/launch_pal', 'symlink_install': True, 'test_result_base': None}
[0.280s] Level 5:colcon.colcon_core.verb:set package 'omni_base_controller_configuration' build argument 'cmake_args' from command line to 'None'
[0.280s] Level 5:colcon.colcon_core.verb:set package 'omni_base_controller_configuration' build argument 'cmake_target' from command line to 'None'
[0.280s] Level 5:colcon.colcon_core.verb:set package 'omni_base_controller_configuration' build argument 'cmake_target_skip_unavailable' from command line to 'False'
[0.280s] Level 5:colcon.colcon_core.verb:set package 'omni_base_controller_configuration' build argument 'cmake_clean_cache' from command line to 'False'
[0.280s] Level 5:colcon.colcon_core.verb:set package 'omni_base_controller_configuration' build argument 'cmake_clean_first' from command line to 'False'
[0.280s] Level 5:colcon.colcon_core.verb:set package 'omni_base_controller_configuration' build argument 'cmake_force_configure' from command line to 'False'
[0.280s] Level 5:colcon.colcon_core.verb:set package 'omni_base_controller_configuration' build argument 'ament_cmake_args' from command line to 'None'
[0.280s] Level 5:colcon.colcon_core.verb:set package 'omni_base_controller_configuration' build argument 'catkin_cmake_args' from command line to 'None'
[0.280s] Level 5:colcon.colcon_core.verb:set package 'omni_base_controller_configuration' build argument 'catkin_skip_building_tests' from command line to 'False'
[0.280s] DEBUG:colcon.colcon_core.verb:Building package 'omni_base_controller_configuration' with the following arguments: {'ament_cmake_args': None, 'build_base': '/opt/erc_ws/build/omni_base_controller_configuration', 'catkin_cmake_args': None, 'catkin_skip_building_tests': False, 'cmake_args': None, 'cmake_clean_cache': False, 'cmake_clean_first': False, 'cmake_force_configure': False, 'cmake_target': None, 'cmake_target_skip_unavailable': False, 'install_base': '/opt/erc_ws/install/omni_base_controller_configuration', 'merge_install': False, 'path': '/opt/erc_ws/src/omni_base_robot/omni_base_controller_configuration', 'symlink_install': True, 'test_result_base': None}
[0.281s] Level 5:colcon.colcon_core.verb:set package 'pal_gripper_controller_configuration' build argument 'cmake_args' from command line to 'None'
[0.281s] Level 5:colcon.colcon_core.verb:set package 'pal_gripper_controller_configuration' build argument 'cmake_target' from command line to 'None'
[0.281s] Level 5:colcon.colcon_core.verb:set package 'pal_gripper_controller_configuration' build argument 'cmake_target_skip_unavailable' from command line to 'False'
[0.281s] Level 5:colcon.colcon_core.verb:set package 'pal_gripper_controller_configuration' build argument 'cmake_clean_cache' from command line to 'False'
[0.281s] Level 5:colcon.colcon_core.verb:set package 'pal_gripper_controller_configuration' build argument 'cmake_clean_first' from command line to 'False'
[0.281s] Level 5:colcon.colcon_core.verb:set package 'pal_gripper_controller_configuration' build argument 'cmake_force_configure' from command line to 'False'
[0.281s] Level 5:colcon.colcon_core.verb:set package 'pal_gripper_controller_configuration' build argument 'ament_cmake_args' from command line to 'None'
[0.281s] Level 5:colcon.colcon_core.verb:set package 'pal_gripper_controller_configuration' build argument 'catkin_cmake_args' from command line to 'None'
[0.281s] Level 5:colcon.colcon_core.verb:set package 'pal_gripper_controller_configuration' build argument 'catkin_skip_building_tests' from command line to 'False'
[0.281s] DEBUG:colcon.colcon_core.verb:Building package 'pal_gripper_controller_configuration' with the following arguments: {'ament_cmake_args': None, 'build_base': '/opt/erc_ws/build/pal_gripper_controller_configuration', 'catkin_cmake_args': None, 'catkin_skip_building_tests': False, 'cmake_args': None, 'cmake_clean_cache': False, 'cmake_clean_first': False, 'cmake_force_configure': False, 'cmake_target': None, 'cmake_target_skip_unavailable': False, 'install_base': '/opt/erc_ws/install/pal_gripper_controller_configuration', 'merge_install': False, 'path': '/opt/erc_ws/src/pal_gripper/pal_gripper_controller_configuration', 'symlink_install': True, 'test_result_base': None}
[0.281s] Level 5:colcon.colcon_core.verb:set package 'pal_pro_gripper_wrapper' build argument 'cmake_args' from command line to 'None'
[0.281s] Level 5:colcon.colcon_core.verb:set package 'pal_pro_gripper_wrapper' build argument 'cmake_target' from command line to 'None'
[0.281s] Level 5:colcon.colcon_core.verb:set package 'pal_pro_gripper_wrapper' build argument 'cmake_target_skip_unavailable' from command line to 'False'
[0.281s] Level 5:colcon.colcon_core.verb:set package 'pal_pro_gripper_wrapper' build argument 'cmake_clean_cache' from command line to 'False'
[0.281s] Level 5:colcon.colcon_core.verb:set package 'pal_pro_gripper_wrapper' build argument 'cmake_clean_first' from command line to 'False'
[0.281s] Level 5:colcon.colcon_core.verb:set package 'pal_pro_gripper_wrapper' build argument 'cmake_force_configure' from command line to 'False'
[0.281s] Level 5:colcon.colcon_core.verb:set package 'pal_pro_gripper_wrapper' build argument 'ament_cmake_args' from command line to 'None'
[0.281s] Level 5:colcon.colcon_core.verb:set package 'pal_pro_gripper_wrapper' build argument 'catkin_cmake_args' from command line to 'None'
[0.281s] Level 5:colcon.colcon_core.verb:set package 'pal_pro_gripper_wrapper' build argument 'catkin_skip_building_tests' from command line to 'False'
[0.281s] DEBUG:colcon.colcon_core.verb:Building package 'pal_pro_gripper_wrapper' with the following arguments: {'ament_cmake_args': None, 'build_base': '/opt/erc_ws/build/pal_pro_gripper_wrapper', 'catkin_cmake_args': None, 'catkin_skip_building_tests': False, 'cmake_args': None, 'cmake_clean_cache': False, 'cmake_clean_first': False, 'cmake_force_configure': False, 'cmake_target': None, 'cmake_target_skip_unavailable': False, 'install_base': '/opt/erc_ws/install/pal_pro_gripper_wrapper', 'merge_install': False, 'path': '/opt/erc_ws/src/pal_pro_gripper/pal_pro_gripper_wrapper', 'symlink_install': True, 'test_result_base': None}
[0.281s] Level 5:colcon.colcon_core.verb:set package 'pal_urdf_utils' build argument 'cmake_args' from command line to 'None'
[0.281s] Level 5:colcon.colcon_core.verb:set package 'pal_urdf_utils' build argument 'cmake_target' from command line to 'None'
[0.281s] Level 5:colcon.colcon_core.verb:set package 'pal_urdf_utils' build argument 'cmake_target_skip_unavailable' from command line to 'False'
[0.281s] Level 5:colcon.colcon_core.verb:set package 'pal_urdf_utils' build argument 'cmake_clean_cache' from command line to 'False'
[0.281s] Level 5:colcon.colcon_core.verb:set package 'pal_urdf_utils' build argument 'cmake_clean_first' from command line to 'False'
[0.281s] Level 5:colcon.colcon_core.verb:set package 'pal_urdf_utils' build argument 'cmake_force_configure' from command line to 'False'
[0.281s] Level 5:colcon.colcon_core.verb:set package 'pal_urdf_utils' build argument 'ament_cmake_args' from command line to 'None'
[0.281s] Level 5:colcon.colcon_core.verb:set package 'pal_urdf_utils' build argument 'catkin_cmake_args' from command line to 'None'
[0.281s] Level 5:colcon.colcon_core.verb:set package 'pal_urdf_utils' build argument 'catkin_skip_building_tests' from command line to 'False'
[0.281s] DEBUG:colcon.colcon_core.verb:Building package 'pal_urdf_utils' with the following arguments: {'ament_cmake_args': None, 'build_base': '/opt/erc_ws/build/pal_urdf_utils', 'catkin_cmake_args': None, 'catkin_skip_building_tests': False, 'cmake_args': None, 'cmake_clean_cache': False, 'cmake_clean_first': False, 'cmake_force_configure': False, 'cmake_target': None, 'cmake_target_skip_unavailable': False, 'install_base': '/opt/erc_ws/install/pal_urdf_utils', 'merge_install': False, 'path': '/opt/erc_ws/src/pal_urdf_utils', 'symlink_install': True, 'test_result_base': None}
[0.282s] Level 5:colcon.colcon_core.verb:set package 'sensors' build argument 'cmake_args' from command line to 'None'
[0.282s] Level 5:colcon.colcon_core.verb:set package 'sensors' build argument 'cmake_target' from command line to 'None'
[0.282s] Level 5:colcon.colcon_core.verb:set package 'sensors' build argument 'cmake_target_skip_unavailable' from command line to 'False'
[0.282s] Level 5:colcon.colcon_core.verb:set package 'sensors' build argument 'cmake_clean_cache' from command line to 'False'
[0.282s] Level 5:colcon.colcon_core.verb:set package 'sensors' build argument 'cmake_clean_first' from command line to 'False'
[0.282s] Level 5:colcon.colcon_core.verb:set package 'sensors' build argument 'cmake_force_configure' from command line to 'False'
[0.282s] Level 5:colcon.colcon_core.verb:set package 'sensors' build argument 'ament_cmake_args' from command line to 'None'
[0.282s] Level 5:colcon.colcon_core.verb:set package 'sensors' build argument 'catkin_cmake_args' from command line to 'None'
[0.282s] Level 5:colcon.colcon_core.verb:set package 'sensors' build argument 'catkin_skip_building_tests' from command line to 'False'
[0.282s] DEBUG:colcon.colcon_core.verb:Building package 'sensors' with the following arguments: {'ament_cmake_args': None, 'build_base': '/opt/erc_ws/build/sensors', 'catkin_cmake_args': None, 'catkin_skip_building_tests': False, 'cmake_args': None, 'cmake_clean_cache': False, 'cmake_clean_first': False, 'cmake_force_configure': False, 'cmake_target': None, 'cmake_target_skip_unavailable': False, 'install_base': '/opt/erc_ws/install/sensors', 'merge_install': False, 'path': '/opt/erc_ws/src/sensors', 'symlink_install': True, 'test_result_base': None}
[0.282s] Level 5:colcon.colcon_core.verb:set package 'omni_base_description' build argument 'cmake_args' from command line to 'None'
[0.282s] Level 5:colcon.colcon_core.verb:set package 'omni_base_description' build argument 'cmake_target' from command line to 'None'
[0.282s] Level 5:colcon.colcon_core.verb:set package 'omni_base_description' build argument 'cmake_target_skip_unavailable' from command line to 'False'
[0.282s] Level 5:colcon.colcon_core.verb:set package 'omni_base_description' build argument 'cmake_clean_cache' from command line to 'False'
[0.282s] Level 5:colcon.colcon_core.verb:set package 'omni_base_description' build argument 'cmake_clean_first' from command line to 'False'
[0.282s] Level 5:colcon.colcon_core.verb:set package 'omni_base_description' build argument 'cmake_force_configure' from command line to 'False'
[0.282s] Level 5:colcon.colcon_core.verb:set package 'omni_base_description' build argument 'ament_cmake_args' from command line to 'None'
[0.282s] Level 5:colcon.colcon_core.verb:set package 'omni_base_description' build argument 'catkin_cmake_args' from command line to 'None'
[0.282s] Level 5:colcon.colcon_core.verb:set package 'omni_base_description' build argument 'catkin_skip_building_tests' from command line to 'False'
[0.282s] DEBUG:colcon.colcon_core.verb:Building package 'omni_base_description' with the following arguments: {'ament_cmake_args': None, 'build_base': '/opt/erc_ws/build/omni_base_description', 'catkin_cmake_args': None, 'catkin_skip_building_tests': False, 'cmake_args': None, 'cmake_clean_cache': False, 'cmake_clean_first': False, 'cmake_force_configure': False, 'cmake_target': None, 'cmake_target_skip_unavailable': False, 'install_base': '/opt/erc_ws/install/omni_base_description', 'merge_install': False, 'path': '/opt/erc_ws/src/omni_base_robot/omni_base_description', 'symlink_install': True, 'test_result_base': None}
[0.282s] Level 5:colcon.colcon_core.verb:set package 'pal_gripper_description' build argument 'cmake_args' from command line to 'None'
[0.282s] Level 5:colcon.colcon_core.verb:set package 'pal_gripper_description' build argument 'cmake_target' from command line to 'None'
[0.282s] Level 5:colcon.colcon_core.verb:set package 'pal_gripper_description' build argument 'cmake_target_skip_unavailable' from command line to 'False'
[0.282s] Level 5:colcon.colcon_core.verb:set package 'pal_gripper_description' build argument 'cmake_clean_cache' from command line to 'False'
[0.282s] Level 5:colcon.colcon_core.verb:set package 'pal_gripper_description' build argument 'cmake_clean_first' from command line to 'False'
[0.282s] Level 5:colcon.colcon_core.verb:set package 'pal_gripper_description' build argument 'cmake_force_configure' from command line to 'False'
[0.282s] Level 5:colcon.colcon_core.verb:set package 'pal_gripper_description' build argument 'ament_cmake_args' from command line to 'None'
[0.282s] Level 5:colcon.colcon_core.verb:set package 'pal_gripper_description' build argument 'catkin_cmake_args' from command line to 'None'
[0.282s] Level 5:colcon.colcon_core.verb:set package 'pal_gripper_description' build argument 'catkin_skip_building_tests' from command line to 'False'
[0.282s] DEBUG:colcon.colcon_core.verb:Building package 'pal_gripper_description' with the following arguments: {'ament_cmake_args': None, 'build_base': '/opt/erc_ws/build/pal_gripper_description', 'catkin_cmake_args': None, 'catkin_skip_building_tests': False, 'cmake_args': None, 'cmake_clean_cache': False, 'cmake_clean_first': False, 'cmake_force_configure': False, 'cmake_target': None, 'cmake_target_skip_unavailable': False, 'install_base': '/opt/erc_ws/install/pal_gripper_description', 'merge_install': False, 'path': '/opt/erc_ws/src/pal_gripper/pal_gripper_description', 'symlink_install': True, 'test_result_base': None}
[0.282s] Level 5:colcon.colcon_core.verb:set package 'pal_pro_gripper_controller_configuration' build argument 'cmake_args' from command line to 'None'
[0.282s] Level 5:colcon.colcon_core.verb:set package 'pal_pro_gripper_controller_configuration' build argument 'cmake_target' from command line to 'None'
[0.282s] Level 5:colcon.colcon_core.verb:set package 'pal_pro_gripper_controller_configuration' build argument 'cmake_target_skip_unavailable' from command line to 'False'
[0.283s] Level 5:colcon.colcon_core.verb:set package 'pal_pro_gripper_controller_configuration' build argument 'cmake_clean_cache' from command line to 'False'
[0.283s] Level 5:colcon.colcon_core.verb:set package 'pal_pro_gripper_controller_configuration' build argument 'cmake_clean_first' from command line to 'False'
[0.283s] Level 5:colcon.colcon_core.verb:set package 'pal_pro_gripper_controller_configuration' build argument 'cmake_force_configure' from command line to 'False'
[0.283s] Level 5:colcon.colcon_core.verb:set package 'pal_pro_gripper_controller_configuration' build argument 'ament_cmake_args' from command line to 'None'
[0.283s] Level 5:colcon.colcon_core.verb:set package 'pal_pro_gripper_controller_configuration' build argument 'catkin_cmake_args' from command line to 'None'
[0.283s] Level 5:colcon.colcon_core.verb:set package 'pal_pro_gripper_controller_configuration' build argument 'catkin_skip_building_tests' from command line to 'False'
[0.283s] DEBUG:colcon.colcon_core.verb:Building package 'pal_pro_gripper_controller_configuration' with the following arguments: {'ament_cmake_args': None, 'build_base': '/opt/erc_ws/build/pal_pro_gripper_controller_configuration', 'catkin_cmake_args': None, 'catkin_skip_building_tests': False, 'cmake_args': None, 'cmake_clean_cache': False, 'cmake_clean_first': False, 'cmake_force_configure': False, 'cmake_target': None, 'cmake_target_skip_unavailable': False, 'install_base': '/opt/erc_ws/install/pal_pro_gripper_controller_configuration', 'merge_install': False, 'path': '/opt/erc_ws/src/pal_pro_gripper/pal_pro_gripper_controller_configuration', 'symlink_install': True, 'test_result_base': None}
[0.283s] Level 5:colcon.colcon_core.verb:set package 'pal_pro_gripper_description' build argument 'cmake_args' from command line to 'None'
[0.283s] Level 5:colcon.colcon_core.verb:set package 'pal_pro_gripper_description' build argument 'cmake_target' from command line to 'None'
[0.283s] Level 5:colcon.colcon_core.verb:set package 'pal_pro_gripper_description' build argument 'cmake_target_skip_unavailable' from command line to 'False'
[0.283s] Level 5:colcon.colcon_core.verb:set package 'pal_pro_gripper_description' build argument 'cmake_clean_cache' from command line to 'False'
[0.283s] Level 5:colcon.colcon_core.verb:set package 'pal_pro_gripper_description' build argument 'cmake_clean_first' from command line to 'False'
[0.283s] Level 5:colcon.colcon_core.verb:set package 'pal_pro_gripper_description' build argument 'cmake_force_configure' from command line to 'False'
[0.283s] Level 5:colcon.colcon_core.verb:set package 'pal_pro_gripper_description' build argument 'ament_cmake_args' from command line to 'None'
[0.283s] Level 5:colcon.colcon_core.verb:set package 'pal_pro_gripper_description' build argument 'catkin_cmake_args' from command line to 'None'
[0.283s] Level 5:colcon.colcon_core.verb:set package 'pal_pro_gripper_description' build argument 'catkin_skip_building_tests' from command line to 'False'
[0.283s] DEBUG:colcon.colcon_core.verb:Building package 'pal_pro_gripper_description' with the following arguments: {'ament_cmake_args': None, 'build_base': '/opt/erc_ws/build/pal_pro_gripper_description', 'catkin_cmake_args': None, 'catkin_skip_building_tests': False, 'cmake_args': None, 'cmake_clean_cache': False, 'cmake_clean_first': False, 'cmake_force_configure': False, 'cmake_target': None, 'cmake_target_skip_unavailable': False, 'install_base': '/opt/erc_ws/install/pal_pro_gripper_description', 'merge_install': False, 'path': '/opt/erc_ws/src/pal_pro_gripper/pal_pro_gripper_description', 'symlink_install': True, 'test_result_base': None}
[0.283s] Level 5:colcon.colcon_core.verb:set package 'tiago_pro_head_controller_configuration' build argument 'cmake_args' from command line to 'None'
[0.283s] Level 5:colcon.colcon_core.verb:set package 'tiago_pro_head_controller_configuration' build argument 'cmake_target' from command line to 'None'
[0.283s] Level 5:colcon.colcon_core.verb:set package 'tiago_pro_head_controller_configuration' build argument 'cmake_target_skip_unavailable' from command line to 'False'
[0.283s] Level 5:colcon.colcon_core.verb:set package 'tiago_pro_head_controller_configuration' build argument 'cmake_clean_cache' from command line to 'False'
[0.283s] Level 5:colcon.colcon_core.verb:set package 'tiago_pro_head_controller_configuration' build argument 'cmake_clean_first' from command line to 'False'
[0.283s] Level 5:colcon.colcon_core.verb:set package 'tiago_pro_head_controller_configuration' build argument 'cmake_force_configure' from command line to 'False'
[0.283s] Level 5:colcon.colcon_core.verb:set package 'tiago_pro_head_controller_configuration' build argument 'ament_cmake_args' from command line to 'None'
[0.283s] Level 5:colcon.colcon_core.verb:set package 'tiago_pro_head_controller_configuration' build argument 'catkin_cmake_args' from command line to 'None'
[0.283s] Level 5:colcon.colcon_core.verb:set package 'tiago_pro_head_controller_configuration' build argument 'catkin_skip_building_tests' from command line to 'False'
[0.283s] DEBUG:colcon.colcon_core.verb:Building package 'tiago_pro_head_controller_configuration' with the following arguments: {'ament_cmake_args': None, 'build_base': '/opt/erc_ws/build/tiago_pro_head_controller_configuration', 'catkin_cmake_args': None, 'catkin_skip_building_tests': False, 'cmake_args': None, 'cmake_clean_cache': False, 'cmake_clean_first': False, 'cmake_force_configure': False, 'cmake_target': None, 'cmake_target_skip_unavailable': False, 'install_base': '/opt/erc_ws/install/tiago_pro_head_controller_configuration', 'merge_install': False, 'path': '/opt/erc_ws/src/tiago_pro_head_robot/tiago_pro_head_controller_configuration', 'symlink_install': True, 'test_result_base': None}
[0.283s] Level 5:colcon.colcon_core.verb:set package 'omni_base_bringup' build argument 'cmake_args' from command line to 'None'
[0.283s] Level 5:colcon.colcon_core.verb:set package 'omni_base_bringup' build argument 'cmake_target' from command line to 'None'
[0.283s] Level 5:colcon.colcon_core.verb:set package 'omni_base_bringup' build argument 'cmake_target_skip_unavailable' from command line to 'False'
[0.283s] Level 5:colcon.colcon_core.verb:set package 'omni_base_bringup' build argument 'cmake_clean_cache' from command line to 'False'
[0.283s] Level 5:colcon.colcon_core.verb:set package 'omni_base_bringup' build argument 'cmake_clean_first' from command line to 'False'
[0.283s] Level 5:colcon.colcon_core.verb:set package 'omni_base_bringup' build argument 'cmake_force_configure' from command line to 'False'
[0.283s] Level 5:colcon.colcon_core.verb:set package 'omni_base_bringup' build argument 'ament_cmake_args' from command line to 'None'
[0.283s] Level 5:colcon.colcon_core.verb:set package 'omni_base_bringup' build argument 'catkin_cmake_args' from command line to 'None'
[0.283s] Level 5:colcon.colcon_core.verb:set package 'omni_base_bringup' build argument 'catkin_skip_building_tests' from command line to 'False'
[0.283s] DEBUG:colcon.colcon_core.verb:Building package 'omni_base_bringup' with the following arguments: {'ament_cmake_args': None, 'build_base': '/opt/erc_ws/build/omni_base_bringup', 'catkin_cmake_args': None, 'catkin_skip_building_tests': False, 'cmake_args': None, 'cmake_clean_cache': False, 'cmake_clean_first': False, 'cmake_force_configure': False, 'cmake_target': None, 'cmake_target_skip_unavailable': False, 'install_base': '/opt/erc_ws/install/omni_base_bringup', 'merge_install': False, 'path': '/opt/erc_ws/src/omni_base_robot/omni_base_bringup', 'symlink_install': True, 'test_result_base': None}
[0.284s] Level 5:colcon.colcon_core.verb:set package 'pal_gripper' build argument 'cmake_args' from command line to 'None'
[0.284s] Level 5:colcon.colcon_core.verb:set package 'pal_gripper' build argument 'cmake_target' from command line to 'None'
[0.284s] Level 5:colcon.colcon_core.verb:set package 'pal_gripper' build argument 'cmake_target_skip_unavailable' from command line to 'False'
[0.284s] Level 5:colcon.colcon_core.verb:set package 'pal_gripper' build argument 'cmake_clean_cache' from command line to 'False'
[0.284s] Level 5:colcon.colcon_core.verb:set package 'pal_gripper' build argument 'cmake_clean_first' from command line to 'False'
[0.284s] Level 5:colcon.colcon_core.verb:set package 'pal_gripper' build argument 'cmake_force_configure' from command line to 'False'
[0.284s] Level 5:colcon.colcon_core.verb:set package 'pal_gripper' build argument 'ament_cmake_args' from command line to 'None'
[0.284s] Level 5:colcon.colcon_core.verb:set package 'pal_gripper' build argument 'catkin_cmake_args' from command line to 'None'
[0.284s] Level 5:colcon.colcon_core.verb:set package 'pal_gripper' build argument 'catkin_skip_building_tests' from command line to 'False'
[0.284s] DEBUG:colcon.colcon_core.verb:Building package 'pal_gripper' with the following arguments: {'ament_cmake_args': None, 'build_base': '/opt/erc_ws/build/pal_gripper', 'catkin_cmake_args': None, 'catkin_skip_building_tests': False, 'cmake_args': None, 'cmake_clean_cache': False, 'cmake_clean_first': False, 'cmake_force_configure': False, 'cmake_target': None, 'cmake_target_skip_unavailable': False, 'install_base': '/opt/erc_ws/install/pal_gripper', 'merge_install': False, 'path': '/opt/erc_ws/src/pal_gripper/pal_gripper', 'symlink_install': True, 'test_result_base': None}
[0.284s] Level 5:colcon.colcon_core.verb:set package 'pal_gripper_simulation' build argument 'cmake_args' from command line to 'None'
[0.284s] Level 5:colcon.colcon_core.verb:set package 'pal_gripper_simulation' build argument 'cmake_target' from command line to 'None'
[0.284s] Level 5:colcon.colcon_core.verb:set package 'pal_gripper_simulation' build argument 'cmake_target_skip_unavailable' from command line to 'False'
[0.284s] Level 5:colcon.colcon_core.verb:set package 'pal_gripper_simulation' build argument 'cmake_clean_cache' from command line to 'False'
[0.284s] Level 5:colcon.colcon_core.verb:set package 'pal_gripper_simulation' build argument 'cmake_clean_first' from command line to 'False'
[0.284s] Level 5:colcon.colcon_core.verb:set package 'pal_gripper_simulation' build argument 'cmake_force_configure' from command line to 'False'
[0.284s] Level 5:colcon.colcon_core.verb:set package 'pal_gripper_simulation' build argument 'ament_cmake_args' from command line to 'None'
[0.284s] Level 5:colcon.colcon_core.verb:set package 'pal_gripper_simulation' build argument 'catkin_cmake_args' from command line to 'None'
[0.284s] Level 5:colcon.colcon_core.verb:set package 'pal_gripper_simulation' build argument 'catkin_skip_building_tests' from command line to 'False'
[0.284s] DEBUG:colcon.colcon_core.verb:Building package 'pal_gripper_simulation' with the following arguments: {'ament_cmake_args': None, 'build_base': '/opt/erc_ws/build/pal_gripper_simulation', 'catkin_cmake_args': None, 'catkin_skip_building_tests': False, 'cmake_args': None, 'cmake_clean_cache': False, 'cmake_clean_first': False, 'cmake_force_configure': False, 'cmake_target': None, 'cmake_target_skip_unavailable': False, 'install_base': '/opt/erc_ws/install/pal_gripper_simulation', 'merge_install': False, 'path': '/opt/erc_ws/src/pal_gripper/pal_gripper_simulation', 'symlink_install': True, 'test_result_base': None}
[0.284s] Level 5:colcon.colcon_core.verb:set package 'pal_pro_gripper' build argument 'cmake_args' from command line to 'None'
[0.285s] Level 5:colcon.colcon_core.verb:set package 'pal_pro_gripper' build argument 'cmake_target' from command line to 'None'
[0.285s] Level 5:colcon.colcon_core.verb:set package 'pal_pro_gripper' build argument 'cmake_target_skip_unavailable' from command line to 'False'
[0.285s] Level 5:colcon.colcon_core.verb:set package 'pal_pro_gripper' build argument 'cmake_clean_cache' from command line to 'False'
[0.285s] Level 5:colcon.colcon_core.verb:set package 'pal_pro_gripper' build argument 'cmake_clean_first' from command line to 'False'
[0.285s] Level 5:colcon.colcon_core.verb:set package 'pal_pro_gripper' build argument 'cmake_force_configure' from command line to 'False'
[0.285s] Level 5:colcon.colcon_core.verb:set package 'pal_pro_gripper' build argument 'ament_cmake_args' from command line to 'None'
[0.285s] Level 5:colcon.colcon_core.verb:set package 'pal_pro_gripper' build argument 'catkin_cmake_args' from command line to 'None'
[0.285s] Level 5:colcon.colcon_core.verb:set package 'pal_pro_gripper' build argument 'catkin_skip_building_tests' from command line to 'False'
[0.285s] DEBUG:colcon.colcon_core.verb:Building package 'pal_pro_gripper' with the following arguments: {'ament_cmake_args': None, 'build_base': '/opt/erc_ws/build/pal_pro_gripper', 'catkin_cmake_args': None, 'catkin_skip_building_tests': False, 'cmake_args': None, 'cmake_clean_cache': False, 'cmake_clean_first': False, 'cmake_force_configure': False, 'cmake_target': None, 'cmake_target_skip_unavailable': False, 'install_base': '/opt/erc_ws/install/pal_pro_gripper', 'merge_install': False, 'path': '/opt/erc_ws/src/pal_pro_gripper/pal_pro_gripper', 'symlink_install': True, 'test_result_base': None}
[0.285s] Level 5:colcon.colcon_core.verb:set package 'pal_pro_gripper_bringup' build argument 'cmake_args' from command line to 'None'
[0.285s] Level 5:colcon.colcon_core.verb:set package 'pal_pro_gripper_bringup' build argument 'cmake_target' from command line to 'None'
[0.285s] Level 5:colcon.colcon_core.verb:set package 'pal_pro_gripper_bringup' build argument 'cmake_target_skip_unavailable' from command line to 'False'
[0.285s] Level 5:colcon.colcon_core.verb:set package 'pal_pro_gripper_bringup' build argument 'cmake_clean_cache' from command line to 'False'
[0.285s] Level 5:colcon.colcon_core.verb:set package 'pal_pro_gripper_bringup' build argument 'cmake_clean_first' from command line to 'False'
[0.285s] Level 5:colcon.colcon_core.verb:set package 'pal_pro_gripper_bringup' build argument 'cmake_force_configure' from command line to 'False'
[0.285s] Level 5:colcon.colcon_core.verb:set package 'pal_pro_gripper_bringup' build argument 'ament_cmake_args' from command line to 'None'
[0.285s] Level 5:colcon.colcon_core.verb:set package 'pal_pro_gripper_bringup' build argument 'catkin_cmake_args' from command line to 'None'
[0.285s] Level 5:colcon.colcon_core.verb:set package 'pal_pro_gripper_bringup' build argument 'catkin_skip_building_tests' from command line to 'False'
[0.285s] DEBUG:colcon.colcon_core.verb:Building package 'pal_pro_gripper_bringup' with the following arguments: {'ament_cmake_args': None, 'build_base': '/opt/erc_ws/build/pal_pro_gripper_bringup', 'catkin_cmake_args': None, 'catkin_skip_building_tests': False, 'cmake_args': None, 'cmake_clean_cache': False, 'cmake_clean_first': False, 'cmake_force_configure': False, 'cmake_target': None, 'cmake_target_skip_unavailable': False, 'install_base': '/opt/erc_ws/install/pal_pro_gripper_bringup', 'merge_install': False, 'path': '/opt/erc_ws/src/pal_pro_gripper/pal_pro_gripper_bringup', 'symlink_install': True, 'test_result_base': None}
[0.285s] Level 5:colcon.colcon_core.verb:set package 'pal_pro_gripper_simulation' build argument 'cmake_args' from command line to 'None'
[0.285s] Level 5:colcon.colcon_core.verb:set package 'pal_pro_gripper_simulation' build argument 'cmake_target' from command line to 'None'
[0.285s] Level 5:colcon.colcon_core.verb:set package 'pal_pro_gripper_simulation' build argument 'cmake_target_skip_unavailable' from command line to 'False'
[0.285s] Level 5:colcon.colcon_core.verb:set package 'pal_pro_gripper_simulation' build argument 'cmake_clean_cache' from command line to 'False'
[0.285s] Level 5:colcon.colcon_core.verb:set package 'pal_pro_gripper_simulation' build argument 'cmake_clean_first' from command line to 'False'
[0.285s] Level 5:colcon.colcon_core.verb:set package 'pal_pro_gripper_simulation' build argument 'cmake_force_configure' from command line to 'False'
[0.285s] Level 5:colcon.colcon_core.verb:set package 'pal_pro_gripper_simulation' build argument 'ament_cmake_args' from command line to 'None'
[0.285s] Level 5:colcon.colcon_core.verb:set package 'pal_pro_gripper_simulation' build argument 'catkin_cmake_args' from command line to 'None'
[0.285s] Level 5:colcon.colcon_core.verb:set package 'pal_pro_gripper_simulation' build argument 'catkin_skip_building_tests' from command line to 'False'
[0.285s] DEBUG:colcon.colcon_core.verb:Building package 'pal_pro_gripper_simulation' with the following arguments: {'ament_cmake_args': None, 'build_base': '/opt/erc_ws/build/pal_pro_gripper_simulation', 'catkin_cmake_args': None, 'catkin_skip_building_tests': False, 'cmake_args': None, 'cmake_clean_cache': False, 'cmake_clean_first': False, 'cmake_force_configure': False, 'cmake_target': None, 'cmake_target_skip_unavailable': False, 'install_base': '/opt/erc_ws/install/pal_pro_gripper_simulation', 'merge_install': False, 'path': '/opt/erc_ws/src/pal_pro_gripper/pal_pro_gripper_simulation', 'symlink_install': True, 'test_result_base': None}
[0.286s] Level 5:colcon.colcon_core.verb:set package 'pal_sea_arm_controller_configuration' build argument 'cmake_args' from command line to 'None'
[0.286s] Level 5:colcon.colcon_core.verb:set package 'pal_sea_arm_controller_configuration' build argument 'cmake_target' from command line to 'None'
[0.286s] Level 5:colcon.colcon_core.verb:set package 'pal_sea_arm_controller_configuration' build argument 'cmake_target_skip_unavailable' from command line to 'False'
[0.286s] Level 5:colcon.colcon_core.verb:set package 'pal_sea_arm_controller_configuration' build argument 'cmake_clean_cache' from command line to 'False'
[0.286s] Level 5:colcon.colcon_core.verb:set package 'pal_sea_arm_controller_configuration' build argument 'cmake_clean_first' from command line to 'False'
[0.286s] Level 5:colcon.colcon_core.verb:set package 'pal_sea_arm_controller_configuration' build argument 'cmake_force_configure' from command line to 'False'
[0.286s] Level 5:colcon.colcon_core.verb:set package 'pal_sea_arm_controller_configuration' build argument 'ament_cmake_args' from command line to 'None'
[0.286s] Level 5:colcon.colcon_core.verb:set package 'pal_sea_arm_controller_configuration' build argument 'catkin_cmake_args' from command line to 'None'
[0.286s] Level 5:colcon.colcon_core.verb:set package 'pal_sea_arm_controller_configuration' build argument 'catkin_skip_building_tests' from command line to 'False'
[0.286s] DEBUG:colcon.colcon_core.verb:Building package 'pal_sea_arm_controller_configuration' with the following arguments: {'ament_cmake_args': None, 'build_base': '/opt/erc_ws/build/pal_sea_arm_controller_configuration', 'catkin_cmake_args': None, 'catkin_skip_building_tests': False, 'cmake_args': None, 'cmake_clean_cache': False, 'cmake_clean_first': False, 'cmake_force_configure': False, 'cmake_target': None, 'cmake_target_skip_unavailable': False, 'install_base': '/opt/erc_ws/install/pal_sea_arm_controller_configuration', 'merge_install': False, 'path': '/opt/erc_ws/src/pal_sea_arm/pal_sea_arm_controller_configuration', 'symlink_install': True, 'test_result_base': None}
[0.286s] Level 5:colcon.colcon_core.verb:set package 'tiago_pro_head_description' build argument 'cmake_args' from command line to 'None'
[0.286s] Level 5:colcon.colcon_core.verb:set package 'tiago_pro_head_description' build argument 'cmake_target' from command line to 'None'
[0.286s] Level 5:colcon.colcon_core.verb:set package 'tiago_pro_head_description' build argument 'cmake_target_skip_unavailable' from command line to 'False'
[0.286s] Level 5:colcon.colcon_core.verb:set package 'tiago_pro_head_description' build argument 'cmake_clean_cache' from command line to 'False'
[0.286s] Level 5:colcon.colcon_core.verb:set package 'tiago_pro_head_description' build argument 'cmake_clean_first' from command line to 'False'
[0.286s] Level 5:colcon.colcon_core.verb:set package 'tiago_pro_head_description' build argument 'cmake_force_configure' from command line to 'False'
[0.286s] Level 5:colcon.colcon_core.verb:set package 'tiago_pro_head_description' build argument 'ament_cmake_args' from command line to 'None'
[0.286s] Level 5:colcon.colcon_core.verb:set package 'tiago_pro_head_description' build argument 'catkin_cmake_args' from command line to 'None'
[0.286s] Level 5:colcon.colcon_core.verb:set package 'tiago_pro_head_description' build argument 'catkin_skip_building_tests' from command line to 'False'
[0.286s] DEBUG:colcon.colcon_core.verb:Building package 'tiago_pro_head_description' with the following arguments: {'ament_cmake_args': None, 'build_base': '/opt/erc_ws/build/tiago_pro_head_description', 'catkin_cmake_args': None, 'catkin_skip_building_tests': False, 'cmake_args': None, 'cmake_clean_cache': False, 'cmake_clean_first': False, 'cmake_force_configure': False, 'cmake_target': None, 'cmake_target_skip_unavailable': False, 'install_base': '/opt/erc_ws/install/tiago_pro_head_description', 'merge_install': False, 'path': '/opt/erc_ws/src/tiago_pro_head_robot/tiago_pro_head_description', 'symlink_install': True, 'test_result_base': None}
[0.286s] Level 5:colcon.colcon_core.verb:set package 'omni_base_robot' build argument 'cmake_args' from command line to 'None'
[0.286s] Level 5:colcon.colcon_core.verb:set package 'omni_base_robot' build argument 'cmake_target' from command line to 'None'
[0.286s] Level 5:colcon.colcon_core.verb:set package 'omni_base_robot' build argument 'cmake_target_skip_unavailable' from command line to 'False'
[0.286s] Level 5:colcon.colcon_core.verb:set package 'omni_base_robot' build argument 'cmake_clean_cache' from command line to 'False'
[0.286s] Level 5:colcon.colcon_core.verb:set package 'omni_base_robot' build argument 'cmake_clean_first' from command line to 'False'
[0.286s] Level 5:colcon.colcon_core.verb:set package 'omni_base_robot' build argument 'cmake_force_configure' from command line to 'False'
[0.286s] Level 5:colcon.colcon_core.verb:set package 'omni_base_robot' build argument 'ament_cmake_args' from command line to 'None'
[0.286s] Level 5:colcon.colcon_core.verb:set package 'omni_base_robot' build argument 'catkin_cmake_args' from command line to 'None'
[0.286s] Level 5:colcon.colcon_core.verb:set package 'omni_base_robot' build argument 'catkin_skip_building_tests' from command line to 'False'
[0.286s] DEBUG:colcon.colcon_core.verb:Building package 'omni_base_robot' with the following arguments: {'ament_cmake_args': None, 'build_base': '/opt/erc_ws/build/omni_base_robot', 'catkin_cmake_args': None, 'catkin_skip_building_tests': False, 'cmake_args': None, 'cmake_clean_cache': False, 'cmake_clean_first': False, 'cmake_force_configure': False, 'cmake_target': None, 'cmake_target_skip_unavailable': False, 'install_base': '/opt/erc_ws/install/omni_base_robot', 'merge_install': False, 'path': '/opt/erc_ws/src/omni_base_robot/omni_base_robot', 'symlink_install': True, 'test_result_base': None}
[0.287s] Level 5:colcon.colcon_core.verb:set package 'pal_sea_arm_description' build argument 'cmake_args' from command line to 'None'
[0.287s] Level 5:colcon.colcon_core.verb:set package 'pal_sea_arm_description' build argument 'cmake_target' from command line to 'None'
[0.287s] Level 5:colcon.colcon_core.verb:set package 'pal_sea_arm_description' build argument 'cmake_target_skip_unavailable' from command line to 'False'
[0.287s] Level 5:colcon.colcon_core.verb:set package 'pal_sea_arm_description' build argument 'cmake_clean_cache' from command line to 'False'
[0.287s] Level 5:colcon.colcon_core.verb:set package 'pal_sea_arm_description' build argument 'cmake_clean_first' from command line to 'False'
[0.287s] Level 5:colcon.colcon_core.verb:set package 'pal_sea_arm_description' build argument 'cmake_force_configure' from command line to 'False'
[0.287s] Level 5:colcon.colcon_core.verb:set package 'pal_sea_arm_description' build argument 'ament_cmake_args' from command line to 'None'
[0.287s] Level 5:colcon.colcon_core.verb:set package 'pal_sea_arm_description' build argument 'catkin_cmake_args' from command line to 'None'
[0.287s] Level 5:colcon.colcon_core.verb:set package 'pal_sea_arm_description' build argument 'catkin_skip_building_tests' from command line to 'False'
[0.287s] DEBUG:colcon.colcon_core.verb:Building package 'pal_sea_arm_description' with the following arguments: {'ament_cmake_args': None, 'build_base': '/opt/erc_ws/build/pal_sea_arm_description', 'catkin_cmake_args': None, 'catkin_skip_building_tests': False, 'cmake_args': None, 'cmake_clean_cache': False, 'cmake_clean_first': False, 'cmake_force_configure': False, 'cmake_target': None, 'cmake_target_skip_unavailable': False, 'install_base': '/opt/erc_ws/install/pal_sea_arm_description', 'merge_install': False, 'path': '/opt/erc_ws/src/pal_sea_arm/pal_sea_arm_description', 'symlink_install': True, 'test_result_base': None}
[0.287s] Level 5:colcon.colcon_core.verb:set package 'tiago_pro_controller_configuration' build argument 'cmake_args' from command line to 'None'
[0.287s] Level 5:colcon.colcon_core.verb:set package 'tiago_pro_controller_configuration' build argument 'cmake_target' from command line to 'None'
[0.287s] Level 5:colcon.colcon_core.verb:set package 'tiago_pro_controller_configuration' build argument 'cmake_target_skip_unavailable' from command line to 'False'
[0.287s] Level 5:colcon.colcon_core.verb:set package 'tiago_pro_controller_configuration' build argument 'cmake_clean_cache' from command line to 'False'
[0.287s] Level 5:colcon.colcon_core.verb:set package 'tiago_pro_controller_configuration' build argument 'cmake_clean_first' from command line to 'False'
[0.287s] Level 5:colcon.colcon_core.verb:set package 'tiago_pro_controller_configuration' build argument 'cmake_force_configure' from command line to 'False'
[0.287s] Level 5:colcon.colcon_core.verb:set package 'tiago_pro_controller_configuration' build argument 'ament_cmake_args' from command line to 'None'
[0.287s] Level 5:colcon.colcon_core.verb:set package 'tiago_pro_controller_configuration' build argument 'catkin_cmake_args' from command line to 'None'
[0.287s] Level 5:colcon.colcon_core.verb:set package 'tiago_pro_controller_configuration' build argument 'catkin_skip_building_tests' from command line to 'False'
[0.287s] DEBUG:colcon.colcon_core.verb:Building package 'tiago_pro_controller_configuration' with the following arguments: {'ament_cmake_args': None, 'build_base': '/opt/erc_ws/build/tiago_pro_controller_configuration', 'catkin_cmake_args': None, 'catkin_skip_building_tests': False, 'cmake_args': None, 'cmake_clean_cache': False, 'cmake_clean_first': False, 'cmake_force_configure': False, 'cmake_target': None, 'cmake_target_skip_unavailable': False, 'install_base': '/opt/erc_ws/install/tiago_pro_controller_configuration', 'merge_install': False, 'path': '/opt/erc_ws/src/tiago_pro_robot/tiago_pro_controller_configuration', 'symlink_install': True, 'test_result_base': None}
[0.287s] Level 5:colcon.colcon_core.verb:set package 'tiago_pro_head_bringup' build argument 'cmake_args' from command line to 'None'
[0.287s] Level 5:colcon.colcon_core.verb:set package 'tiago_pro_head_bringup' build argument 'cmake_target' from command line to 'None'
[0.287s] Level 5:colcon.colcon_core.verb:set package 'tiago_pro_head_bringup' build argument 'cmake_target_skip_unavailable' from command line to 'False'
[0.287s] Level 5:colcon.colcon_core.verb:set package 'tiago_pro_head_bringup' build argument 'cmake_clean_cache' from command line to 'False'
[0.287s] Level 5:colcon.colcon_core.verb:set package 'tiago_pro_head_bringup' build argument 'cmake_clean_first' from command line to 'False'
[0.287s] Level 5:colcon.colcon_core.verb:set package 'tiago_pro_head_bringup' build argument 'cmake_force_configure' from command line to 'False'
[0.287s] Level 5:colcon.colcon_core.verb:set package 'tiago_pro_head_bringup' build argument 'ament_cmake_args' from command line to 'None'
[0.287s] Level 5:colcon.colcon_core.verb:set package 'tiago_pro_head_bringup' build argument 'catkin_cmake_args' from command line to 'None'
[0.287s] Level 5:colcon.colcon_core.verb:set package 'tiago_pro_head_bringup' build argument 'catkin_skip_building_tests' from command line to 'False'
[0.287s] DEBUG:colcon.colcon_core.verb:Building package 'tiago_pro_head_bringup' with the following arguments: {'ament_cmake_args': None, 'build_base': '/opt/erc_ws/build/tiago_pro_head_bringup', 'catkin_cmake_args': None, 'catkin_skip_building_tests': False, 'cmake_args': None, 'cmake_clean_cache': False, 'cmake_clean_first': False, 'cmake_force_configure': False, 'cmake_target': None, 'cmake_target_skip_unavailable': False, 'install_base': '/opt/erc_ws/install/tiago_pro_head_bringup', 'merge_install': False, 'path': '/opt/erc_ws/src/tiago_pro_head_robot/tiago_pro_head_bringup', 'symlink_install': True, 'test_result_base': None}
[0.287s] Level 5:colcon.colcon_core.verb:set package 'pal_sea_arm_bringup' build argument 'cmake_args' from command line to 'None'
[0.287s] Level 5:colcon.colcon_core.verb:set package 'pal_sea_arm_bringup' build argument 'cmake_target' from command line to 'None'
[0.287s] Level 5:colcon.colcon_core.verb:set package 'pal_sea_arm_bringup' build argument 'cmake_target_skip_unavailable' from command line to 'False'
[0.287s] Level 5:colcon.colcon_core.verb:set package 'pal_sea_arm_bringup' build argument 'cmake_clean_cache' from command line to 'False'
[0.288s] Level 5:colcon.colcon_core.verb:set package 'pal_sea_arm_bringup' build argument 'cmake_clean_first' from command line to 'False'
[0.288s] Level 5:colcon.colcon_core.verb:set package 'pal_sea_arm_bringup' build argument 'cmake_force_configure' from command line to 'False'
[0.288s] Level 5:colcon.colcon_core.verb:set package 'pal_sea_arm_bringup' build argument 'ament_cmake_args' from command line to 'None'
[0.288s] Level 5:colcon.colcon_core.verb:set package 'pal_sea_arm_bringup' build argument 'catkin_cmake_args' from command line to 'None'
[0.288s] Level 5:colcon.colcon_core.verb:set package 'pal_sea_arm_bringup' build argument 'catkin_skip_building_tests' from command line to 'False'
[0.288s] DEBUG:colcon.colcon_core.verb:Building package 'pal_sea_arm_bringup' with the following arguments: {'ament_cmake_args': None, 'build_base': '/opt/erc_ws/build/pal_sea_arm_bringup', 'catkin_cmake_args': None, 'catkin_skip_building_tests': False, 'cmake_args': None, 'cmake_clean_cache': False, 'cmake_clean_first': False, 'cmake_force_configure': False, 'cmake_target': None, 'cmake_target_skip_unavailable': False, 'install_base': '/opt/erc_ws/install/pal_sea_arm_bringup', 'merge_install': False, 'path': '/opt/erc_ws/src/pal_sea_arm/pal_sea_arm_bringup', 'symlink_install': True, 'test_result_base': None}
[0.288s] Level 5:colcon.colcon_core.verb:set package 'tiago_pro_bringup' build argument 'cmake_args' from command line to 'None'
[0.288s] Level 5:colcon.colcon_core.verb:set package 'tiago_pro_bringup' build argument 'cmake_target' from command line to 'None'
[0.288s] Level 5:colcon.colcon_core.verb:set package 'tiago_pro_bringup' build argument 'cmake_target_skip_unavailable' from command line to 'False'
[0.288s] Level 5:colcon.colcon_core.verb:set package 'tiago_pro_bringup' build argument 'cmake_clean_cache' from command line to 'False'
[0.288s] Level 5:colcon.colcon_core.verb:set package 'tiago_pro_bringup' build argument 'cmake_clean_first' from command line to 'False'
[0.288s] Level 5:colcon.colcon_core.verb:set package 'tiago_pro_bringup' build argument 'cmake_force_configure' from command line to 'False'
[0.288s] Level 5:colcon.colcon_core.verb:set package 'tiago_pro_bringup' build argument 'ament_cmake_args' from command line to 'None'
[0.288s] Level 5:colcon.colcon_core.verb:set package 'tiago_pro_bringup' build argument 'catkin_cmake_args' from command line to 'None'
[0.288s] Level 5:colcon.colcon_core.verb:set package 'tiago_pro_bringup' build argument 'catkin_skip_building_tests' from command line to 'False'
[0.288s] DEBUG:colcon.colcon_core.verb:Building package 'tiago_pro_bringup' with the following arguments: {'ament_cmake_args': None, 'build_base': '/opt/erc_ws/build/tiago_pro_bringup', 'catkin_cmake_args': None, 'catkin_skip_building_tests': False, 'cmake_args': None, 'cmake_clean_cache': False, 'cmake_clean_first': False, 'cmake_force_configure': False, 'cmake_target': None, 'cmake_target_skip_unavailable': False, 'install_base': '/opt/erc_ws/install/tiago_pro_bringup', 'merge_install': False, 'path': '/opt/erc_ws/src/tiago_pro_robot/tiago_pro_bringup', 'symlink_install': True, 'test_result_base': None}
[0.288s] Level 5:colcon.colcon_core.verb:set package 'tiago_pro_description' build argument 'cmake_args' from command line to 'None'
[0.288s] Level 5:colcon.colcon_core.verb:set package 'tiago_pro_description' build argument 'cmake_target' from command line to 'None'
[0.288s] Level 5:colcon.colcon_core.verb:set package 'tiago_pro_description' build argument 'cmake_target_skip_unavailable' from command line to 'False'
[0.288s] Level 5:colcon.colcon_core.verb:set package 'tiago_pro_description' build argument 'cmake_clean_cache' from command line to 'False'
[0.288s] Level 5:colcon.colcon_core.verb:set package 'tiago_pro_description' build argument 'cmake_clean_first' from command line to 'False'
[0.288s] Level 5:colcon.colcon_core.verb:set package 'tiago_pro_description' build argument 'cmake_force_configure' from command line to 'False'
[0.288s] Level 5:colcon.colcon_core.verb:set package 'tiago_pro_description' build argument 'ament_cmake_args' from command line to 'None'
[0.288s] Level 5:colcon.colcon_core.verb:set package 'tiago_pro_description' build argument 'catkin_cmake_args' from command line to 'None'
[0.288s] Level 5:colcon.colcon_core.verb:set package 'tiago_pro_description' build argument 'catkin_skip_building_tests' from command line to 'False'
[0.288s] DEBUG:colcon.colcon_core.verb:Building package 'tiago_pro_description' with the following arguments: {'ament_cmake_args': None, 'build_base': '/opt/erc_ws/build/tiago_pro_description', 'catkin_cmake_args': None, 'catkin_skip_building_tests': False, 'cmake_args': None, 'cmake_clean_cache': False, 'cmake_clean_first': False, 'cmake_force_configure': False, 'cmake_target': None, 'cmake_target_skip_unavailable': False, 'install_base': '/opt/erc_ws/install/tiago_pro_description', 'merge_install': False, 'path': '/opt/erc_ws/src/tiago_pro_robot/tiago_pro_description', 'symlink_install': True, 'test_result_base': None}
[0.289s] Level 5:colcon.colcon_core.verb:set package 'tiago_pro_head_robot' build argument 'cmake_args' from command line to 'None'
[0.289s] Level 5:colcon.colcon_core.verb:set package 'tiago_pro_head_robot' build argument 'cmake_target' from command line to 'None'
[0.289s] Level 5:colcon.colcon_core.verb:set package 'tiago_pro_head_robot' build argument 'cmake_target_skip_unavailable' from command line to 'False'
[0.289s] Level 5:colcon.colcon_core.verb:set package 'tiago_pro_head_robot' build argument 'cmake_clean_cache' from command line to 'False'
[0.289s] Level 5:colcon.colcon_core.verb:set package 'tiago_pro_head_robot' build argument 'cmake_clean_first' from command line to 'False'
[0.289s] Level 5:colcon.colcon_core.verb:set package 'tiago_pro_head_robot' build argument 'cmake_force_configure' from command line to 'False'
[0.289s] Level 5:colcon.colcon_core.verb:set package 'tiago_pro_head_robot' build argument 'ament_cmake_args' from command line to 'None'
[0.289s] Level 5:colcon.colcon_core.verb:set package 'tiago_pro_head_robot' build argument 'catkin_cmake_args' from command line to 'None'
[0.289s] Level 5:colcon.colcon_core.verb:set package 'tiago_pro_head_robot' build argument 'catkin_skip_building_tests' from command line to 'False'
[0.289s] DEBUG:colcon.colcon_core.verb:Building package 'tiago_pro_head_robot' with the following arguments: {'ament_cmake_args': None, 'build_base': '/opt/erc_ws/build/tiago_pro_head_robot', 'catkin_cmake_args': None, 'catkin_skip_building_tests': False, 'cmake_args': None, 'cmake_clean_cache': False, 'cmake_clean_first': False, 'cmake_force_configure': False, 'cmake_target': None, 'cmake_target_skip_unavailable': False, 'install_base': '/opt/erc_ws/install/tiago_pro_head_robot', 'merge_install': False, 'path': '/opt/erc_ws/src/tiago_pro_head_robot/tiago_pro_head_robot', 'symlink_install': True, 'test_result_base': None}
[0.289s] Level 5:colcon.colcon_core.verb:set package 'erc_bringup' build argument 'cmake_args' from command line to 'None'
[0.289s] Level 5:colcon.colcon_core.verb:set package 'erc_bringup' build argument 'cmake_target' from command line to 'None'
[0.289s] Level 5:colcon.colcon_core.verb:set package 'erc_bringup' build argument 'cmake_target_skip_unavailable' from command line to 'False'
[0.289s] Level 5:colcon.colcon_core.verb:set package 'erc_bringup' build argument 'cmake_clean_cache' from command line to 'False'
[0.289s] Level 5:colcon.colcon_core.verb:set package 'erc_bringup' build argument 'cmake_clean_first' from command line to 'False'
[0.289s] Level 5:colcon.colcon_core.verb:set package 'erc_bringup' build argument 'cmake_force_configure' from command line to 'False'
[0.289s] Level 5:colcon.colcon_core.verb:set package 'erc_bringup' build argument 'ament_cmake_args' from command line to 'None'
[0.289s] Level 5:colcon.colcon_core.verb:set package 'erc_bringup' build argument 'catkin_cmake_args' from command line to 'None'
[0.289s] Level 5:colcon.colcon_core.verb:set package 'erc_bringup' build argument 'catkin_skip_building_tests' from command line to 'False'
[0.289s] DEBUG:colcon.colcon_core.verb:Building package 'erc_bringup' with the following arguments: {'ament_cmake_args': None, 'build_base': '/opt/erc_ws/build/erc_bringup', 'catkin_cmake_args': None, 'catkin_skip_building_tests': False, 'cmake_args': None, 'cmake_clean_cache': False, 'cmake_clean_first': False, 'cmake_force_configure': False, 'cmake_target': None, 'cmake_target_skip_unavailable': False, 'install_base': '/opt/erc_ws/install/erc_bringup', 'merge_install': False, 'path': '/opt/erc_ws/src/erc_bringup', 'symlink_install': True, 'test_result_base': None}
[0.289s] Level 5:colcon.colcon_core.verb:set package 'pal_sea_arm' build argument 'cmake_args' from command line to 'None'
[0.289s] Level 5:colcon.colcon_core.verb:set package 'pal_sea_arm' build argument 'cmake_target' from command line to 'None'
[0.289s] Level 5:colcon.colcon_core.verb:set package 'pal_sea_arm' build argument 'cmake_target_skip_unavailable' from command line to 'False'
[0.289s] Level 5:colcon.colcon_core.verb:set package 'pal_sea_arm' build argument 'cmake_clean_cache' from command line to 'False'
[0.289s] Level 5:colcon.colcon_core.verb:set package 'pal_sea_arm' build argument 'cmake_clean_first' from command line to 'False'
[0.289s] Level 5:colcon.colcon_core.verb:set package 'pal_sea_arm' build argument 'cmake_force_configure' from command line to 'False'
[0.289s] Level 5:colcon.colcon_core.verb:set package 'pal_sea_arm' build argument 'ament_cmake_args' from command line to 'None'
[0.289s] Level 5:colcon.colcon_core.verb:set package 'pal_sea_arm' build argument 'catkin_cmake_args' from command line to 'None'
[0.289s] Level 5:colcon.colcon_core.verb:set package 'pal_sea_arm' build argument 'catkin_skip_building_tests' from command line to 'False'
[0.289s] DEBUG:colcon.colcon_core.verb:Building package 'pal_sea_arm' with the following arguments: {'ament_cmake_args': None, 'build_base': '/opt/erc_ws/build/pal_sea_arm', 'catkin_cmake_args': None, 'catkin_skip_building_tests': False, 'cmake_args': None, 'cmake_clean_cache': False, 'cmake_clean_first': False, 'cmake_force_configure': False, 'cmake_target': None, 'cmake_target_skip_unavailable': False, 'install_base': '/opt/erc_ws/install/pal_sea_arm', 'merge_install': False, 'path': '/opt/erc_ws/src/pal_sea_arm/pal_sea_arm', 'symlink_install': True, 'test_result_base': None}
[0.289s] Level 5:colcon.colcon_core.verb:set package 'tiago_pro_robot' build argument 'cmake_args' from command line to 'None'
[0.289s] Level 5:colcon.colcon_core.verb:set package 'tiago_pro_robot' build argument 'cmake_target' from command line to 'None'
[0.289s] Level 5:colcon.colcon_core.verb:set package 'tiago_pro_robot' build argument 'cmake_target_skip_unavailable' from command line to 'False'
[0.289s] Level 5:colcon.colcon_core.verb:set package 'tiago_pro_robot' build argument 'cmake_clean_cache' from command line to 'False'
[0.289s] Level 5:colcon.colcon_core.verb:set package 'tiago_pro_robot' build argument 'cmake_clean_first' from command line to 'False'
[0.289s] Level 5:colcon.colcon_core.verb:set package 'tiago_pro_robot' build argument 'cmake_force_configure' from command line to 'False'
[0.289s] Level 5:colcon.colcon_core.verb:set package 'tiago_pro_robot' build argument 'ament_cmake_args' from command line to 'None'
[0.289s] Level 5:colcon.colcon_core.verb:set package 'tiago_pro_robot' build argument 'catkin_cmake_args' from command line to 'None'
[0.289s] Level 5:colcon.colcon_core.verb:set package 'tiago_pro_robot' build argument 'catkin_skip_building_tests' from command line to 'False'
[0.290s] DEBUG:colcon.colcon_core.verb:Building package 'tiago_pro_robot' with the following arguments: {'ament_cmake_args': None, 'build_base': '/opt/erc_ws/build/tiago_pro_robot', 'catkin_cmake_args': None, 'catkin_skip_building_tests': False, 'cmake_args': None, 'cmake_clean_cache': False, 'cmake_clean_first': False, 'cmake_force_configure': False, 'cmake_target': None, 'cmake_target_skip_unavailable': False, 'install_base': '/opt/erc_ws/install/tiago_pro_robot', 'merge_install': False, 'path': '/opt/erc_ws/src/tiago_pro_robot/tiago_pro_robot', 'symlink_install': True, 'test_result_base': None}
[0.290s] INFO:colcon.colcon_core.executor:Executing jobs using 'parallel' executor
[0.290s] DEBUG:colcon.colcon_parallel_executor.executor.parallel:run_until_complete
[0.291s] INFO:colcon.colcon_ros.task.ament_python.build:Building ROS package in '/opt/erc_ws/src/launch_pal' with build type 'ament_python'
[0.291s] Level 1:colcon.colcon_core.shell:create_environment_hook('launch_pal', 'ament_prefix_path')
[0.293s] INFO:colcon.colcon_core.plugin_system:Skipping extension 'colcon_core.shell.bat': Not used on non-Windows systems
[0.293s] INFO:colcon.colcon_core.shell:Creating environment hook '/opt/erc_ws/install/launch_pal/share/launch_pal/hook/ament_prefix_path.ps1'
[0.294s] INFO:colcon.colcon_core.shell:Creating environment descriptor '/opt/erc_ws/install/launch_pal/share/launch_pal/hook/ament_prefix_path.dsv'
[0.294s] INFO:colcon.colcon_core.shell:Creating environment hook '/opt/erc_ws/install/launch_pal/share/launch_pal/hook/ament_prefix_path.sh'
[0.295s] INFO:colcon.colcon_core.shell:Skip shell extension 'powershell' for command environment: Not usable outside of PowerShell
[0.295s] DEBUG:colcon.colcon_core.shell:Skip shell extension 'dsv' for command environment
[0.296s] WARNING:colcon.colcon_ros.prefix_path.ament:The path '/opt/erc_ws/install/tiago_pro_robot' in the environment variable AMENT_PREFIX_PATH doesn't exist
[0.296s] WARNING:colcon.colcon_ros.prefix_path.ament:The path '/opt/erc_ws/install/tiago_pro_head_robot' in the environment variable AMENT_PREFIX_PATH doesn't exist
[0.296s] WARNING:colcon.colcon_ros.prefix_path.ament:The path '/opt/erc_ws/install/tiago_pro_bringup' in the environment variable AMENT_PREFIX_PATH doesn't exist
[0.296s] WARNING:colcon.colcon_ros.prefix_path.ament:The path '/opt/erc_ws/install/tiago_pro_head_bringup' in the environment variable AMENT_PREFIX_PATH doesn't exist
[0.296s] WARNING:colcon.colcon_ros.prefix_path.ament:The path '/opt/erc_ws/install/erc_bringup' in the environment variable AMENT_PREFIX_PATH doesn't exist
[0.296s] WARNING:colcon.colcon_ros.prefix_path.ament:The path '/opt/erc_ws/install/tiago_pro_description' in the environment variable AMENT_PREFIX_PATH doesn't exist
[0.296s] WARNING:colcon.colcon_ros.prefix_path.ament:The path '/opt/erc_ws/install/tiago_pro_head_description' in the environment variable AMENT_PREFIX_PATH doesn't exist
[0.296s] WARNING:colcon.colcon_ros.prefix_path.ament:The path '/opt/erc_ws/install/tiago_pro_controller_configuration' in the environment variable AMENT_PREFIX_PATH doesn't exist
[0.296s] WARNING:colcon.colcon_ros.prefix_path.ament:The path '/opt/erc_ws/install/tiago_pro_head_controller_configuration' in the environment variable AMENT_PREFIX_PATH doesn't exist
[0.296s] WARNING:colcon.colcon_ros.prefix_path.ament:The path '/opt/erc_ws/install/sensors' in the environment variable AMENT_PREFIX_PATH doesn't exist
[0.296s] WARNING:colcon.colcon_ros.prefix_path.ament:The path '/opt/erc_ws/install/pal_sea_arm' in the environment variable AMENT_PREFIX_PATH doesn't exist
[0.296s] WARNING:colcon.colcon_ros.prefix_path.ament:The path '/opt/erc_ws/install/pal_sea_arm_bringup' in the environment variable AMENT_PREFIX_PATH doesn't exist
[0.296s] WARNING:colcon.colcon_ros.prefix_path.ament:The path '/opt/erc_ws/install/pal_sea_arm_description' in the environment variable AMENT_PREFIX_PATH doesn't exist
[0.296s] WARNING:colcon.colcon_ros.prefix_path.ament:The path '/opt/erc_ws/install/pal_pro_gripper_simulation' in the environment variable AMENT_PREFIX_PATH doesn't exist
[0.296s] WARNING:colcon.colcon_ros.prefix_path.ament:The path '/opt/erc_ws/install/pal_pro_gripper_bringup' in the environment variable AMENT_PREFIX_PATH doesn't exist
[0.296s] WARNING:colcon.colcon_ros.prefix_path.ament:The path '/opt/erc_ws/install/pal_pro_gripper' in the environment variable AMENT_PREFIX_PATH doesn't exist
[0.296s] WARNING:colcon.colcon_ros.prefix_path.ament:The path '/opt/erc_ws/install/pal_pro_gripper_description' in the environment variable AMENT_PREFIX_PATH doesn't exist
[0.296s] WARNING:colcon.colcon_ros.prefix_path.ament:The path '/opt/erc_ws/install/pal_gripper_simulation' in the environment variable AMENT_PREFIX_PATH doesn't exist
[0.296s] WARNING:colcon.colcon_ros.prefix_path.ament:The path '/opt/erc_ws/install/pal_gripper' in the environment variable AMENT_PREFIX_PATH doesn't exist
[0.296s] WARNING:colcon.colcon_ros.prefix_path.ament:The path '/opt/erc_ws/install/pal_gripper_description' in the environment variable AMENT_PREFIX_PATH doesn't exist
[0.296s] WARNING:colcon.colcon_ros.prefix_path.ament:The path '/opt/erc_ws/install/omni_base_robot' in the environment variable AMENT_PREFIX_PATH doesn't exist
[0.296s] WARNING:colcon.colcon_ros.prefix_path.ament:The path '/opt/erc_ws/install/omni_base_bringup' in the environment variable AMENT_PREFIX_PATH doesn't exist
[0.297s] WARNING:colcon.colcon_ros.prefix_path.ament:The path '/opt/erc_ws/install/omni_base_description' in the environment variable AMENT_PREFIX_PATH doesn't exist
[0.297s] WARNING:colcon.colcon_ros.prefix_path.ament:The path '/opt/erc_ws/install/pal_urdf_utils' in the environment variable AMENT_PREFIX_PATH doesn't exist
[0.297s] WARNING:colcon.colcon_ros.prefix_path.ament:The path '/opt/erc_ws/install/pal_sea_arm_controller_configuration' in the environment variable AMENT_PREFIX_PATH doesn't exist
[0.297s] WARNING:colcon.colcon_ros.prefix_path.ament:The path '/opt/erc_ws/install/pal_pro_gripper_controller_configuration' in the environment variable AMENT_PREFIX_PATH doesn't exist
[0.297s] WARNING:colcon.colcon_ros.prefix_path.ament:The path '/opt/erc_ws/install/pal_pro_gripper_wrapper' in the environment variable AMENT_PREFIX_PATH doesn't exist
[0.297s] WARNING:colcon.colcon_ros.prefix_path.ament:The path '/opt/erc_ws/install/pal_gripper_controller_configuration' in the environment variable AMENT_PREFIX_PATH doesn't exist
[0.297s] WARNING:colcon.colcon_ros.prefix_path.ament:The path '/opt/erc_ws/install/omni_base_controller_configuration' in the environment variable AMENT_PREFIX_PATH doesn't exist
[0.297s] WARNING:colcon.colcon_ros.prefix_path.ament:The path '/opt/erc_ws/install/gz_ros2_control' in the environment variable AMENT_PREFIX_PATH doesn't exist
[0.297s] WARNING:colcon.colcon_ros.prefix_path.ament:The path '/opt/erc_ws/install/erc_description' in the environment variable AMENT_PREFIX_PATH doesn't exist
[0.297s] WARNING:colcon.colcon_ros.prefix_path.ament:The path '/opt/erc_ws/install/erc_solution' in the environment variable AMENT_PREFIX_PATH doesn't exist
[0.297s] WARNING:colcon.colcon_ros.prefix_path.catkin:The path '/opt/erc_ws/install/tiago_pro_robot' in the environment variable CMAKE_PREFIX_PATH doesn't exist
[0.297s] WARNING:colcon.colcon_ros.prefix_path.catkin:The path '/opt/erc_ws/install/tiago_pro_head_robot' in the environment variable CMAKE_PREFIX_PATH doesn't exist
[0.297s] WARNING:colcon.colcon_ros.prefix_path.catkin:The path '/opt/erc_ws/install/tiago_pro_bringup' in the environment variable CMAKE_PREFIX_PATH doesn't exist
[0.297s] WARNING:colcon.colcon_ros.prefix_path.catkin:The path '/opt/erc_ws/install/tiago_pro_head_bringup' in the environment variable CMAKE_PREFIX_PATH doesn't exist
[0.297s] WARNING:colcon.colcon_ros.prefix_path.catkin:The path '/opt/erc_ws/install/erc_bringup' in the environment variable CMAKE_PREFIX_PATH doesn't exist
[0.297s] WARNING:colcon.colcon_ros.prefix_path.catkin:The path '/opt/erc_ws/install/tiago_pro_description' in the environment variable CMAKE_PREFIX_PATH doesn't exist
[0.297s] WARNING:colcon.colcon_ros.prefix_path.catkin:The path '/opt/erc_ws/install/tiago_pro_head_description' in the environment variable CMAKE_PREFIX_PATH doesn't exist
[0.297s] WARNING:colcon.colcon_ros.prefix_path.catkin:The path '/opt/erc_ws/install/tiago_pro_controller_configuration' in the environment variable CMAKE_PREFIX_PATH doesn't exist
[0.297s] WARNING:colcon.colcon_ros.prefix_path.catkin:The path '/opt/erc_ws/install/tiago_pro_head_controller_configuration' in the environment variable CMAKE_PREFIX_PATH doesn't exist
[0.297s] WARNING:colcon.colcon_ros.prefix_path.catkin:The path '/opt/erc_ws/install/pal_sea_arm' in the environment variable CMAKE_PREFIX_PATH doesn't exist
[0.297s] WARNING:colcon.colcon_ros.prefix_path.catkin:The path '/opt/erc_ws/install/pal_sea_arm_bringup' in the environment variable CMAKE_PREFIX_PATH doesn't exist
[0.297s] WARNING:colcon.colcon_ros.prefix_path.catkin:The path '/opt/erc_ws/install/pal_sea_arm_description' in the environment variable CMAKE_PREFIX_PATH doesn't exist
[0.297s] WARNING:colcon.colcon_ros.prefix_path.catkin:The path '/opt/erc_ws/install/pal_pro_gripper_simulation' in the environment variable CMAKE_PREFIX_PATH doesn't exist
[0.297s] WARNING:colcon.colcon_ros.prefix_path.catkin:The path '/opt/erc_ws/install/pal_pro_gripper_bringup' in the environment variable CMAKE_PREFIX_PATH doesn't exist
[0.297s] WARNING:colcon.colcon_ros.prefix_path.catkin:The path '/opt/erc_ws/install/pal_pro_gripper' in the environment variable CMAKE_PREFIX_PATH doesn't exist
[0.297s] WARNING:colcon.colcon_ros.prefix_path.catkin:The path '/opt/erc_ws/install/pal_pro_gripper_description' in the environment variable CMAKE_PREFIX_PATH doesn't exist
[0.297s] WARNING:colcon.colcon_ros.prefix_path.catkin:The path '/opt/erc_ws/install/pal_gripper_simulation' in the environment variable CMAKE_PREFIX_PATH doesn't exist
[0.297s] WARNING:colcon.colcon_ros.prefix_path.catkin:The path '/opt/erc_ws/install/pal_gripper' in the environment variable CMAKE_PREFIX_PATH doesn't exist
[0.297s] WARNING:colcon.colcon_ros.prefix_path.catkin:The path '/opt/erc_ws/install/pal_gripper_description' in the environment variable CMAKE_PREFIX_PATH doesn't exist
[0.298s] WARNING:colcon.colcon_ros.prefix_path.catkin:The path '/opt/erc_ws/install/omni_base_robot' in the environment variable CMAKE_PREFIX_PATH doesn't exist
[0.298s] WARNING:colcon.colcon_ros.prefix_path.catkin:The path '/opt/erc_ws/install/omni_base_bringup' in the environment variable CMAKE_PREFIX_PATH doesn't exist
[0.298s] WARNING:colcon.colcon_ros.prefix_path.catkin:The path '/opt/erc_ws/install/omni_base_description' in the environment variable CMAKE_PREFIX_PATH doesn't exist
[0.298s] WARNING:colcon.colcon_ros.prefix_path.catkin:The path '/opt/erc_ws/install/pal_urdf_utils' in the environment variable CMAKE_PREFIX_PATH doesn't exist
[0.298s] WARNING:colcon.colcon_ros.prefix_path.catkin:The path '/opt/erc_ws/install/pal_sea_arm_controller_configuration' in the environment variable CMAKE_PREFIX_PATH doesn't exist
[0.298s] WARNING:colcon.colcon_ros.prefix_path.catkin:The path '/opt/erc_ws/install/pal_pro_gripper_controller_configuration' in the environment variable CMAKE_PREFIX_PATH doesn't exist
[0.298s] WARNING:colcon.colcon_ros.prefix_path.catkin:The path '/opt/erc_ws/install/pal_gripper_controller_configuration' in the environment variable CMAKE_PREFIX_PATH doesn't exist
[0.298s] WARNING:colcon.colcon_ros.prefix_path.catkin:The path '/opt/erc_ws/install/omni_base_controller_configuration' in the environment variable CMAKE_PREFIX_PATH doesn't exist
[0.298s] WARNING:colcon.colcon_ros.prefix_path.catkin:The path '/opt/erc_ws/install/gz_ros2_control' in the environment variable CMAKE_PREFIX_PATH doesn't exist
[0.298s] WARNING:colcon.colcon_ros.prefix_path.catkin:The path '/opt/erc_ws/install/erc_description' in the environment variable CMAKE_PREFIX_PATH doesn't exist
[0.301s] INFO:colcon.colcon_ros.task.ament_cmake.build:Building ROS package in '/opt/erc_ws/src/pal_urdf_utils' with build type 'ament_cmake'
[0.301s] INFO:colcon.colcon_cmake.task.cmake.build:Building CMake package in '/opt/erc_ws/src/pal_urdf_utils'
[0.301s] INFO:colcon.colcon_core.shell:Skip shell extension 'powershell' for command environment: Not usable outside of PowerShell
[0.301s] DEBUG:colcon.colcon_core.shell:Skip shell extension 'dsv' for command environment
[0.305s] INFO:colcon.colcon_ros.task.ament_python.build:Building ROS package in '/opt/erc_ws/src/pal_pro_gripper/pal_pro_gripper_wrapper' with build type 'ament_python'
[0.306s] Level 1:colcon.colcon_core.shell:create_environment_hook('pal_pro_gripper_wrapper', 'ament_prefix_path')
[0.306s] INFO:colcon.colcon_core.shell:Creating environment hook '/opt/erc_ws/install/pal_pro_gripper_wrapper/share/pal_pro_gripper_wrapper/hook/ament_prefix_path.ps1'
[0.307s] INFO:colcon.colcon_core.shell:Creating environment descriptor '/opt/erc_ws/install/pal_pro_gripper_wrapper/share/pal_pro_gripper_wrapper/hook/ament_prefix_path.dsv'
[0.307s] INFO:colcon.colcon_core.shell:Creating environment hook '/opt/erc_ws/install/pal_pro_gripper_wrapper/share/pal_pro_gripper_wrapper/hook/ament_prefix_path.sh'
[0.307s] INFO:colcon.colcon_core.shell:Skip shell extension 'powershell' for command environment: Not usable outside of PowerShell
[0.308s] DEBUG:colcon.colcon_core.shell:Skip shell extension 'dsv' for command environment
[0.311s] INFO:colcon.colcon_ros.task.ament_cmake.build:Building ROS package in '/opt/erc_ws/src/omni_base_robot/omni_base_controller_configuration' with build type 'ament_cmake'
[0.311s] INFO:colcon.colcon_cmake.task.cmake.build:Building CMake package in '/opt/erc_ws/src/omni_base_robot/omni_base_controller_configuration'
[0.311s] INFO:colcon.colcon_core.shell:Skip shell extension 'powershell' for command environment: Not usable outside of PowerShell
[0.311s] DEBUG:colcon.colcon_core.shell:Skip shell extension 'dsv' for command environment
[0.314s] INFO:colcon.colcon_ros.task.ament_cmake.build:Building ROS package in '/opt/erc_ws/src/pal_gripper/pal_gripper_controller_configuration' with build type 'ament_cmake'
[0.314s] INFO:colcon.colcon_cmake.task.cmake.build:Building CMake package in '/opt/erc_ws/src/pal_gripper/pal_gripper_controller_configuration'
[0.314s] INFO:colcon.colcon_core.shell:Skip shell extension 'powershell' for command environment: Not usable outside of PowerShell
[0.314s] DEBUG:colcon.colcon_core.shell:Skip shell extension 'dsv' for command environment
[0.317s] INFO:colcon.colcon_ros.task.ament_cmake.build:Building ROS package in '/opt/erc_ws/src/erc_description' with build type 'ament_cmake'
[0.317s] INFO:colcon.colcon_cmake.task.cmake.build:Building CMake package in '/opt/erc_ws/src/erc_description'
[0.317s] INFO:colcon.colcon_core.shell:Skip shell extension 'powershell' for command environment: Not usable outside of PowerShell
[0.317s] DEBUG:colcon.colcon_core.shell:Skip shell extension 'dsv' for command environment
[0.321s] INFO:colcon.colcon_ros.task.ament_python.build:Building ROS package in '/opt/erc_ws/src/erc_solution' with build type 'ament_python'
[0.321s] Level 1:colcon.colcon_core.shell:create_environment_hook('erc_solution', 'ament_prefix_path')
[0.321s] INFO:colcon.colcon_core.shell:Creating environment hook '/opt/erc_ws/install/erc_solution/share/erc_solution/hook/ament_prefix_path.ps1'
[0.322s] INFO:colcon.colcon_core.shell:Creating environment descriptor '/opt/erc_ws/install/erc_solution/share/erc_solution/hook/ament_prefix_path.dsv'
[0.322s] INFO:colcon.colcon_core.shell:Creating environment hook '/opt/erc_ws/install/erc_solution/share/erc_solution/hook/ament_prefix_path.sh'
[0.323s] INFO:colcon.colcon_core.shell:Skip shell extension 'powershell' for command environment: Not usable outside of PowerShell
[0.323s] DEBUG:colcon.colcon_core.shell:Skip shell extension 'dsv' for command environment
[0.325s] INFO:colcon.colcon_ros.task.ament_cmake.build:Building ROS package in '/opt/erc_ws/src/gz_ros2_control/gz_ros2_control' with build type 'ament_cmake'
[0.326s] INFO:colcon.colcon_cmake.task.cmake.build:Building CMake package in '/opt/erc_ws/src/gz_ros2_control/gz_ros2_control'
[0.326s] INFO:colcon.colcon_core.shell:Skip shell extension 'powershell' for command environment: Not usable outside of PowerShell
[0.326s] DEBUG:colcon.colcon_core.shell:Skip shell extension 'dsv' for command environment
[0.329s] INFO:colcon.colcon_ros.task.ament_python.build:Building ROS package in '/opt/erc_ws/src/sensors' with build type 'ament_python'
[0.329s] Level 1:colcon.colcon_core.shell:create_environment_hook('sensors', 'ament_prefix_path')
[0.329s] INFO:colcon.colcon_core.shell:Creating environment hook '/opt/erc_ws/install/sensors/share/sensors/hook/ament_prefix_path.ps1'
[0.330s] INFO:colcon.colcon_core.shell:Creating environment descriptor '/opt/erc_ws/install/sensors/share/sensors/hook/ament_prefix_path.dsv'
[0.330s] INFO:colcon.colcon_core.shell:Creating environment hook '/opt/erc_ws/install/sensors/share/sensors/hook/ament_prefix_path.sh'
[0.331s] INFO:colcon.colcon_core.shell:Skip shell extension 'powershell' for command environment: Not usable outside of PowerShell
[0.331s] DEBUG:colcon.colcon_core.shell:Skip shell extension 'dsv' for command environment
[0.485s] INFO:colcon.colcon_core.task.python.build:Building Python package in '/opt/erc_ws/src/launch_pal'
[0.485s] INFO:colcon.colcon_core.shell:Skip shell extension 'powershell' for command environment: Not usable outside of PowerShell
[0.485s] DEBUG:colcon.colcon_core.shell:Skip shell extension 'dsv' for command environment
[0.493s] DEBUG:colcon.colcon_core.event_handler.log_command:Invoking command in '/opt/erc_ws/build/pal_urdf_utils': CMAKE_PREFIX_PATH=${CMAKE_PREFIX_PATH}:/opt/erc_ws/install/sensors:/opt/erc_ws/install/pal_pro_gripper_wrapper:/opt/erc_ws/install/launch_pal:/opt/erc_ws/install/erc_solution:/opt/ros/humble /usr/bin/cmake /opt/erc_ws/src/pal_urdf_utils -DAMENT_CMAKE_SYMLINK_INSTALL=1 -DCMAKE_INSTALL_PREFIX=/opt/erc_ws/install/pal_urdf_utils
[0.656s] INFO:colcon.colcon_core.task.python.build:Building Python package in '/opt/erc_ws/src/pal_pro_gripper/pal_pro_gripper_wrapper'
[0.656s] INFO:colcon.colcon_core.shell:Skip shell extension 'powershell' for command environment: Not usable outside of PowerShell
[0.656s] DEBUG:colcon.colcon_core.shell:Skip shell extension 'dsv' for command environment
[0.662s] DEBUG:colcon.colcon_core.event_handler.log_command:Invoking command in '/opt/erc_ws/build/omni_base_controller_configuration': CMAKE_PREFIX_PATH=${CMAKE_PREFIX_PATH}:/opt/erc_ws/install/sensors:/opt/erc_ws/install/pal_pro_gripper_wrapper:/opt/erc_ws/install/launch_pal:/opt/erc_ws/install/erc_solution:/opt/ros/humble /usr/bin/cmake /opt/erc_ws/src/omni_base_robot/omni_base_controller_configuration -DAMENT_CMAKE_SYMLINK_INSTALL=1 -DCMAKE_INSTALL_PREFIX=/opt/erc_ws/install/omni_base_controller_configuration
[0.664s] DEBUG:colcon.colcon_core.event_handler.log_command:Invoking command in '/opt/erc_ws/build/pal_gripper_controller_configuration': CMAKE_PREFIX_PATH=${CMAKE_PREFIX_PATH}:/opt/erc_ws/install/sensors:/opt/erc_ws/install/pal_pro_gripper_wrapper:/opt/erc_ws/install/launch_pal:/opt/erc_ws/install/erc_solution:/opt/ros/humble /usr/bin/cmake /opt/erc_ws/src/pal_gripper/pal_gripper_controller_configuration -DAMENT_CMAKE_SYMLINK_INSTALL=1 -DCMAKE_INSTALL_PREFIX=/opt/erc_ws/install/pal_gripper_controller_configuration
[0.667s] DEBUG:colcon.colcon_core.event_handler.log_command:Invoking command in '/opt/erc_ws/build/erc_description': CMAKE_PREFIX_PATH=${CMAKE_PREFIX_PATH}:/opt/erc_ws/install/sensors:/opt/erc_ws/install/pal_pro_gripper_wrapper:/opt/erc_ws/install/launch_pal:/opt/erc_ws/install/erc_solution:/opt/ros/humble /usr/bin/cmake /opt/erc_ws/src/erc_description -DAMENT_CMAKE_SYMLINK_INSTALL=1 -DCMAKE_INSTALL_PREFIX=/opt/erc_ws/install/erc_description
[0.844s] INFO:colcon.colcon_core.task.python.build:Building Python package in '/opt/erc_ws/src/erc_solution'
[0.844s] INFO:colcon.colcon_core.shell:Skip shell extension 'powershell' for command environment: Not usable outside of PowerShell
[0.844s] DEBUG:colcon.colcon_core.shell:Skip shell extension 'dsv' for command environment
[0.857s] DEBUG:colcon.colcon_core.event_handler.log_command:Invoking command in '/opt/erc_ws/build/gz_ros2_control': CMAKE_PREFIX_PATH=${CMAKE_PREFIX_PATH}:/opt/erc_ws/install/sensors:/opt/erc_ws/install/pal_pro_gripper_wrapper:/opt/erc_ws/install/launch_pal:/opt/erc_ws/install/erc_solution:/opt/ros/humble /usr/bin/cmake /opt/erc_ws/src/gz_ros2_control/gz_ros2_control -DAMENT_CMAKE_SYMLINK_INSTALL=1 -DCMAKE_INSTALL_PREFIX=/opt/erc_ws/install/gz_ros2_control
[1.066s] INFO:colcon.colcon_core.task.python.build:Building Python package in '/opt/erc_ws/src/sensors'
[1.066s] INFO:colcon.colcon_core.shell:Skip shell extension 'powershell' for command environment: Not usable outside of PowerShell
[1.066s] DEBUG:colcon.colcon_core.shell:Skip shell extension 'dsv' for command environment
[1.084s] DEBUG:colcon.colcon_core.event_handler.log_command:Invoked command in '/opt/erc_ws/build/pal_urdf_utils' returned '0': CMAKE_PREFIX_PATH=${CMAKE_PREFIX_PATH}:/opt/erc_ws/install/sensors:/opt/erc_ws/install/pal_pro_gripper_wrapper:/opt/erc_ws/install/launch_pal:/opt/erc_ws/install/erc_solution:/opt/ros/humble /usr/bin/cmake /opt/erc_ws/src/pal_urdf_utils -DAMENT_CMAKE_SYMLINK_INSTALL=1 -DCMAKE_INSTALL_PREFIX=/opt/erc_ws/install/pal_urdf_utils
[1.087s] DEBUG:colcon.colcon_core.event_handler.log_command:Invoking command in '/opt/erc_ws/build/pal_urdf_utils': CMAKE_PREFIX_PATH=${CMAKE_PREFIX_PATH}:/opt/erc_ws/install/sensors:/opt/erc_ws/install/pal_pro_gripper_wrapper:/opt/erc_ws/install/launch_pal:/opt/erc_ws/install/erc_solution:/opt/ros/humble /usr/bin/cmake --build /opt/erc_ws/build/pal_urdf_utils -- -j16 -l16
[1.128s] DEBUG:colcon.colcon_core.event_handler.log_command:Invoked command in '/opt/erc_ws/build/pal_urdf_utils' returned '0': CMAKE_PREFIX_PATH=${CMAKE_PREFIX_PATH}:/opt/erc_ws/install/sensors:/opt/erc_ws/install/pal_pro_gripper_wrapper:/opt/erc_ws/install/launch_pal:/opt/erc_ws/install/erc_solution:/opt/ros/humble /usr/bin/cmake --build /opt/erc_ws/build/pal_urdf_utils -- -j16 -l16
[1.137s] DEBUG:colcon.colcon_core.event_handler.log_command:Invoking command in '/opt/erc_ws/build/pal_urdf_utils': CMAKE_PREFIX_PATH=${CMAKE_PREFIX_PATH}:/opt/erc_ws/install/sensors:/opt/erc_ws/install/pal_pro_gripper_wrapper:/opt/erc_ws/install/launch_pal:/opt/erc_ws/install/erc_solution:/opt/ros/humble /usr/bin/cmake --install /opt/erc_ws/build/pal_urdf_utils
[1.256s] DEBUG:colcon.colcon_core.event_handler.log_command:Invoked command in '/opt/erc_ws/build/erc_description' returned '0': CMAKE_PREFIX_PATH=${CMAKE_PREFIX_PATH}:/opt/erc_ws/install/sensors:/opt/erc_ws/install/pal_pro_gripper_wrapper:/opt/erc_ws/install/launch_pal:/opt/erc_ws/install/erc_solution:/opt/ros/humble /usr/bin/cmake /opt/erc_ws/src/erc_description -DAMENT_CMAKE_SYMLINK_INSTALL=1 -DCMAKE_INSTALL_PREFIX=/opt/erc_ws/install/erc_description
[1.260s] DEBUG:colcon.colcon_core.event_handler.log_command:Invoking command in '/opt/erc_ws/build/erc_description': CMAKE_PREFIX_PATH=${CMAKE_PREFIX_PATH}:/opt/erc_ws/install/sensors:/opt/erc_ws/install/pal_pro_gripper_wrapper:/opt/erc_ws/install/launch_pal:/opt/erc_ws/install/erc_solution:/opt/ros/humble /usr/bin/cmake --build /opt/erc_ws/build/erc_description -- -j16 -l16
[1.294s] DEBUG:colcon.colcon_core.event_handler.log_command:Invoked command in '/opt/erc_ws/build/omni_base_controller_configuration' returned '0': CMAKE_PREFIX_PATH=${CMAKE_PREFIX_PATH}:/opt/erc_ws/install/sensors:/opt/erc_ws/install/pal_pro_gripper_wrapper:/opt/erc_ws/install/launch_pal:/opt/erc_ws/install/erc_solution:/opt/ros/humble /usr/bin/cmake /opt/erc_ws/src/omni_base_robot/omni_base_controller_configuration -DAMENT_CMAKE_SYMLINK_INSTALL=1 -DCMAKE_INSTALL_PREFIX=/opt/erc_ws/install/omni_base_controller_configuration
[1.301s] DEBUG:colcon.colcon_core.event_handler.log_command:Invoking command in '/opt/erc_ws/build/omni_base_controller_configuration': CMAKE_PREFIX_PATH=${CMAKE_PREFIX_PATH}:/opt/erc_ws/install/sensors:/opt/erc_ws/install/pal_pro_gripper_wrapper:/opt/erc_ws/install/launch_pal:/opt/erc_ws/install/erc_solution:/opt/ros/humble /usr/bin/cmake --build /opt/erc_ws/build/omni_base_controller_configuration -- -j16 -l16
[1.303s] DEBUG:colcon.colcon_core.event_handler.log_command:Invoked command in '/opt/erc_ws/build/erc_description' returned '0': CMAKE_PREFIX_PATH=${CMAKE_PREFIX_PATH}:/opt/erc_ws/install/sensors:/opt/erc_ws/install/pal_pro_gripper_wrapper:/opt/erc_ws/install/launch_pal:/opt/erc_ws/install/erc_solution:/opt/ros/humble /usr/bin/cmake --build /opt/erc_ws/build/erc_description -- -j16 -l16
[1.304s] DEBUG:colcon.colcon_core.event_handler.log_command:Invoking command in '/opt/erc_ws/build/erc_description': CMAKE_PREFIX_PATH=${CMAKE_PREFIX_PATH}:/opt/erc_ws/install/sensors:/opt/erc_ws/install/pal_pro_gripper_wrapper:/opt/erc_ws/install/launch_pal:/opt/erc_ws/install/erc_solution:/opt/ros/humble /usr/bin/cmake --install /opt/erc_ws/build/erc_description
[1.308s] DEBUG:colcon.colcon_core.event_handler.log_command:Invoked command in '/opt/erc_ws/build/pal_gripper_controller_configuration' returned '0': CMAKE_PREFIX_PATH=${CMAKE_PREFIX_PATH}:/opt/erc_ws/install/sensors:/opt/erc_ws/install/pal_pro_gripper_wrapper:/opt/erc_ws/install/launch_pal:/opt/erc_ws/install/erc_solution:/opt/ros/humble /usr/bin/cmake /opt/erc_ws/src/pal_gripper/pal_gripper_controller_configuration -DAMENT_CMAKE_SYMLINK_INSTALL=1 -DCMAKE_INSTALL_PREFIX=/opt/erc_ws/install/pal_gripper_controller_configuration
[1.310s] DEBUG:colcon.colcon_core.event_handler.log_command:Invoking command in '/opt/erc_ws/build/pal_gripper_controller_configuration': CMAKE_PREFIX_PATH=${CMAKE_PREFIX_PATH}:/opt/erc_ws/install/sensors:/opt/erc_ws/install/pal_pro_gripper_wrapper:/opt/erc_ws/install/launch_pal:/opt/erc_ws/install/erc_solution:/opt/ros/humble /usr/bin/cmake --build /opt/erc_ws/build/pal_gripper_controller_configuration -- -j16 -l16
[1.333s] DEBUG:colcon.colcon_core.event_handler.log_command:Invoked command in '/opt/erc_ws/build/omni_base_controller_configuration' returned '0': CMAKE_PREFIX_PATH=${CMAKE_PREFIX_PATH}:/opt/erc_ws/install/sensors:/opt/erc_ws/install/pal_pro_gripper_wrapper:/opt/erc_ws/install/launch_pal:/opt/erc_ws/install/erc_solution:/opt/ros/humble /usr/bin/cmake --build /opt/erc_ws/build/omni_base_controller_configuration -- -j16 -l16
[1.335s] DEBUG:colcon.colcon_core.event_handler.log_command:Invoking command in '/opt/erc_ws/build/omni_base_controller_configuration': CMAKE_PREFIX_PATH=${CMAKE_PREFIX_PATH}:/opt/erc_ws/install/sensors:/opt/erc_ws/install/pal_pro_gripper_wrapper:/opt/erc_ws/install/launch_pal:/opt/erc_ws/install/erc_solution:/opt/ros/humble /usr/bin/cmake --install /opt/erc_ws/build/omni_base_controller_configuration
[1.342s] DEBUG:colcon.colcon_core.event_handler.log_command:Invoked command in '/opt/erc_ws/build/pal_gripper_controller_configuration' returned '0': CMAKE_PREFIX_PATH=${CMAKE_PREFIX_PATH}:/opt/erc_ws/install/sensors:/opt/erc_ws/install/pal_pro_gripper_wrapper:/opt/erc_ws/install/launch_pal:/opt/erc_ws/install/erc_solution:/opt/ros/humble /usr/bin/cmake --build /opt/erc_ws/build/pal_gripper_controller_configuration -- -j16 -l16
[1.345s] DEBUG:colcon.colcon_core.event_handler.log_command:Invoking command in '/opt/erc_ws/build/pal_gripper_controller_configuration': CMAKE_PREFIX_PATH=${CMAKE_PREFIX_PATH}:/opt/erc_ws/install/sensors:/opt/erc_ws/install/pal_pro_gripper_wrapper:/opt/erc_ws/install/launch_pal:/opt/erc_ws/install/erc_solution:/opt/ros/humble /usr/bin/cmake --install /opt/erc_ws/build/pal_gripper_controller_configuration
[1.452s] DEBUG:colcon.colcon_core.task.python.build:Available setuptools commands: bdist, alias, clean, easy_install, upload_docs, compile_catalog, egg_info, install_egg_info, build, upload, install_headers, extract_messages, test, setopt, rotate, install, update_catalog, saveopts, build_py, build_clib, symlink_data, install_lib, install_scripts, install_data, bdist_wheel, build_ext, bdist_rpm, bdist_egg, build_scripts, bdist_dumb, sdist, dist_info, init_catalog, develop, check, register
[1.454s] DEBUG:colcon.colcon_core.task.python.build:Available setuptools commands: bdist, alias, clean, easy_install, upload_docs, compile_catalog, egg_info, install_egg_info, build, upload, install_headers, extract_messages, test, setopt, rotate, install, update_catalog, saveopts, build_py, build_clib, symlink_data, install_lib, install_scripts, install_data, bdist_wheel, build_ext, bdist_rpm, bdist_egg, build_scripts, bdist_dumb, sdist, dist_info, init_catalog, develop, check, register
[1.458s] DEBUG:colcon.colcon_core.task.python.build:Available setuptools commands: bdist, alias, clean, easy_install, upload_docs, compile_catalog, egg_info, install_egg_info, build, upload, install_headers, extract_messages, test, setopt, rotate, install, update_catalog, saveopts, build_py, build_clib, symlink_data, install_lib, install_scripts, install_data, bdist_wheel, build_ext, bdist_rpm, bdist_egg, build_scripts, bdist_dumb, sdist, dist_info, init_catalog, develop, check, register
[1.460s] DEBUG:colcon.colcon_core.task.python.build:Available setuptools commands: bdist, alias, clean, easy_install, upload_docs, compile_catalog, egg_info, install_egg_info, build, upload, install_headers, extract_messages, test, setopt, rotate, install, update_catalog, saveopts, build_py, build_clib, symlink_data, install_lib, install_scripts, install_data, bdist_wheel, build_ext, bdist_rpm, bdist_egg, build_scripts, bdist_dumb, sdist, dist_info, init_catalog, develop, check, register
[1.504s] Level 1:colcon.colcon_core.environment:create_environment_scripts_only(omni_base_controller_configuration)
[1.505s] DEBUG:colcon.colcon_core.event_handler.log_command:Invoked command in '/opt/erc_ws/build/omni_base_controller_configuration' returned '0': CMAKE_PREFIX_PATH=${CMAKE_PREFIX_PATH}:/opt/erc_ws/install/sensors:/opt/erc_ws/install/pal_pro_gripper_wrapper:/opt/erc_ws/install/launch_pal:/opt/erc_ws/install/erc_solution:/opt/ros/humble /usr/bin/cmake --install /opt/erc_ws/build/omni_base_controller_configuration
[1.508s] Level 1:colcon.colcon_core.environment:checking '/opt/erc_ws/install/omni_base_controller_configuration' for CMake module files
[1.510s] Level 1:colcon.colcon_core.environment:checking '/opt/erc_ws/install/omni_base_controller_configuration' for CMake config files
[1.510s] Level 1:colcon.colcon_core.shell:create_environment_hook('omni_base_controller_configuration', 'cmake_prefix_path')
[1.511s] INFO:colcon.colcon_core.shell:Creating environment hook '/opt/erc_ws/install/omni_base_controller_configuration/share/omni_base_controller_configuration/hook/cmake_prefix_path.ps1'
[1.512s] INFO:colcon.colcon_core.shell:Creating environment descriptor '/opt/erc_ws/install/omni_base_controller_configuration/share/omni_base_controller_configuration/hook/cmake_prefix_path.dsv'
[1.512s] INFO:colcon.colcon_core.shell:Creating environment hook '/opt/erc_ws/install/omni_base_controller_configuration/share/omni_base_controller_configuration/hook/cmake_prefix_path.sh'
[1.514s] Level 1:colcon.colcon_core.environment:checking '/opt/erc_ws/install/omni_base_controller_configuration/bin'
[1.514s] Level 1:colcon.colcon_core.environment:checking '/opt/erc_ws/install/omni_base_controller_configuration/lib/pkgconfig/omni_base_controller_configuration.pc'
[1.514s] Level 1:colcon.colcon_core.environment:checking '/opt/erc_ws/install/omni_base_controller_configuration/lib/python3.10/site-packages'
[1.515s] Level 1:colcon.colcon_core.environment:checking '/opt/erc_ws/install/omni_base_controller_configuration/bin'
[1.516s] INFO:colcon.colcon_core.shell:Creating package script '/opt/erc_ws/install/omni_base_controller_configuration/share/omni_base_controller_configuration/package.ps1'
[1.518s] INFO:colcon.colcon_core.shell:Creating package descriptor '/opt/erc_ws/install/omni_base_controller_configuration/share/omni_base_controller_configuration/package.dsv'
[1.519s] INFO:colcon.colcon_core.shell:Creating package script '/opt/erc_ws/install/omni_base_controller_configuration/share/omni_base_controller_configuration/package.sh'
[1.520s] INFO:colcon.colcon_core.shell:Creating package script '/opt/erc_ws/install/omni_base_controller_configuration/share/omni_base_controller_configuration/package.bash'
[1.521s] INFO:colcon.colcon_core.shell:Creating package script '/opt/erc_ws/install/omni_base_controller_configuration/share/omni_base_controller_configuration/package.zsh'
[1.522s] Level 1:colcon.colcon_core.environment:create_file_with_runtime_dependencies(/opt/erc_ws/install/omni_base_controller_configuration/share/colcon-core/packages/omni_base_controller_configuration)
[1.524s] Level 1:colcon.colcon_core.environment:create_environment_scripts_only(omni_base_controller_configuration)
[1.524s] Level 1:colcon.colcon_core.environment:checking '/opt/erc_ws/install/omni_base_controller_configuration' for CMake module files
[1.525s] Level 1:colcon.colcon_core.environment:checking '/opt/erc_ws/install/omni_base_controller_configuration' for CMake config files
[1.525s] Level 1:colcon.colcon_core.shell:create_environment_hook('omni_base_controller_configuration', 'cmake_prefix_path')
[1.525s] INFO:colcon.colcon_core.shell:Creating environment hook '/opt/erc_ws/install/omni_base_controller_configuration/share/omni_base_controller_configuration/hook/cmake_prefix_path.ps1'
[1.526s] INFO:colcon.colcon_core.shell:Creating environment descriptor '/opt/erc_ws/install/omni_base_controller_configuration/share/omni_base_controller_configuration/hook/cmake_prefix_path.dsv'
[1.526s] INFO:colcon.colcon_core.shell:Creating environment hook '/opt/erc_ws/install/omni_base_controller_configuration/share/omni_base_controller_configuration/hook/cmake_prefix_path.sh'
[1.527s] Level 1:colcon.colcon_core.environment:checking '/opt/erc_ws/install/omni_base_controller_configuration/bin'
[1.527s] Level 1:colcon.colcon_core.environment:checking '/opt/erc_ws/install/omni_base_controller_configuration/lib/pkgconfig/omni_base_controller_configuration.pc'
[1.528s] Level 1:colcon.colcon_core.environment:checking '/opt/erc_ws/install/omni_base_controller_configuration/lib/python3.10/site-packages'
[1.528s] Level 1:colcon.colcon_core.environment:checking '/opt/erc_ws/install/omni_base_controller_configuration/bin'
[1.528s] INFO:colcon.colcon_core.shell:Creating package script '/opt/erc_ws/install/omni_base_controller_configuration/share/omni_base_controller_configuration/package.ps1'
[1.530s] INFO:colcon.colcon_core.shell:Creating package descriptor '/opt/erc_ws/install/omni_base_controller_configuration/share/omni_base_controller_configuration/package.dsv'
[1.531s] INFO:colcon.colcon_core.shell:Creating package script '/opt/erc_ws/install/omni_base_controller_configuration/share/omni_base_controller_configuration/package.sh'
[1.532s] INFO:colcon.colcon_core.shell:Creating package script '/opt/erc_ws/install/omni_base_controller_configuration/share/omni_base_controller_configuration/package.bash'
[1.532s] INFO:colcon.colcon_core.shell:Creating package script '/opt/erc_ws/install/omni_base_controller_configuration/share/omni_base_controller_configuration/package.zsh'
[1.534s] Level 1:colcon.colcon_core.environment:create_file_with_runtime_dependencies(/opt/erc_ws/install/omni_base_controller_configuration/share/colcon-core/packages/omni_base_controller_configuration)
[1.565s] Level 1:colcon.colcon_core.environment:create_environment_scripts_only(pal_gripper_controller_configuration)
[1.565s] DEBUG:colcon.colcon_core.event_handler.log_command:Invoked command in '/opt/erc_ws/build/pal_gripper_controller_configuration' returned '0': CMAKE_PREFIX_PATH=${CMAKE_PREFIX_PATH}:/opt/erc_ws/install/sensors:/opt/erc_ws/install/pal_pro_gripper_wrapper:/opt/erc_ws/install/launch_pal:/opt/erc_ws/install/erc_solution:/opt/ros/humble /usr/bin/cmake --install /opt/erc_ws/build/pal_gripper_controller_configuration
[1.565s] Level 1:colcon.colcon_core.environment:checking '/opt/erc_ws/install/pal_gripper_controller_configuration' for CMake module files
[1.566s] Level 1:colcon.colcon_core.environment:checking '/opt/erc_ws/install/pal_gripper_controller_configuration' for CMake config files
[1.566s] Level 1:colcon.colcon_core.shell:create_environment_hook('pal_gripper_controller_configuration', 'cmake_prefix_path')
[1.567s] INFO:colcon.colcon_core.shell:Creating environment hook '/opt/erc_ws/install/pal_gripper_controller_configuration/share/pal_gripper_controller_configuration/hook/cmake_prefix_path.ps1'
[1.568s] INFO:colcon.colcon_core.shell:Creating environment descriptor '/opt/erc_ws/install/pal_gripper_controller_configuration/share/pal_gripper_controller_configuration/hook/cmake_prefix_path.dsv'
[1.568s] INFO:colcon.colcon_core.shell:Creating environment hook '/opt/erc_ws/install/pal_gripper_controller_configuration/share/pal_gripper_controller_configuration/hook/cmake_prefix_path.sh'
[1.568s] Level 1:colcon.colcon_core.environment:checking '/opt/erc_ws/install/pal_gripper_controller_configuration/bin'
[1.568s] Level 1:colcon.colcon_core.environment:checking '/opt/erc_ws/install/pal_gripper_controller_configuration/lib/pkgconfig/pal_gripper_controller_configuration.pc'
[1.569s] Level 1:colcon.colcon_core.environment:checking '/opt/erc_ws/install/pal_gripper_controller_configuration/lib/python3.10/site-packages'
[1.569s] Level 1:colcon.colcon_core.environment:checking '/opt/erc_ws/install/pal_gripper_controller_configuration/bin'
[1.569s] INFO:colcon.colcon_core.shell:Creating package script '/opt/erc_ws/install/pal_gripper_controller_configuration/share/pal_gripper_controller_configuration/package.ps1'
[1.570s] INFO:colcon.colcon_core.shell:Creating package descriptor '/opt/erc_ws/install/pal_gripper_controller_configuration/share/pal_gripper_controller_configuration/package.dsv'
[1.571s] INFO:colcon.colcon_core.shell:Creating package script '/opt/erc_ws/install/pal_gripper_controller_configuration/share/pal_gripper_controller_configuration/package.sh'
[1.572s] INFO:colcon.colcon_core.shell:Creating package script '/opt/erc_ws/install/pal_gripper_controller_configuration/share/pal_gripper_controller_configuration/package.bash'
[1.572s] INFO:colcon.colcon_core.shell:Creating package script '/opt/erc_ws/install/pal_gripper_controller_configuration/share/pal_gripper_controller_configuration/package.zsh'
[1.573s] Level 1:colcon.colcon_core.environment:create_file_with_runtime_dependencies(/opt/erc_ws/install/pal_gripper_controller_configuration/share/colcon-core/packages/pal_gripper_controller_configuration)
[1.574s] Level 1:colcon.colcon_core.environment:create_environment_scripts_only(pal_gripper_controller_configuration)
[1.574s] Level 1:colcon.colcon_core.environment:checking '/opt/erc_ws/install/pal_gripper_controller_configuration' for CMake module files
[1.574s] Level 1:colcon.colcon_core.environment:checking '/opt/erc_ws/install/pal_gripper_controller_configuration' for CMake config files
[1.574s] Level 1:colcon.colcon_core.shell:create_environment_hook('pal_gripper_controller_configuration', 'cmake_prefix_path')
[1.574s] INFO:colcon.colcon_core.shell:Creating environment hook '/opt/erc_ws/install/pal_gripper_controller_configuration/share/pal_gripper_controller_configuration/hook/cmake_prefix_path.ps1'
[1.575s] INFO:colcon.colcon_core.shell:Creating environment descriptor '/opt/erc_ws/install/pal_gripper_controller_configuration/share/pal_gripper_controller_configuration/hook/cmake_prefix_path.dsv'
[1.575s] INFO:colcon.colcon_core.shell:Creating environment hook '/opt/erc_ws/install/pal_gripper_controller_configuration/share/pal_gripper_controller_configuration/hook/cmake_prefix_path.sh'
[1.576s] Level 1:colcon.colcon_core.environment:checking '/opt/erc_ws/install/pal_gripper_controller_configuration/bin'
[1.576s] Level 1:colcon.colcon_core.environment:checking '/opt/erc_ws/install/pal_gripper_controller_configuration/lib/pkgconfig/pal_gripper_controller_configuration.pc'
[1.576s] Level 1:colcon.colcon_core.environment:checking '/opt/erc_ws/install/pal_gripper_controller_configuration/lib/python3.10/site-packages'
[1.577s] Level 1:colcon.colcon_core.environment:checking '/opt/erc_ws/install/pal_gripper_controller_configuration/bin'
[1.578s] INFO:colcon.colcon_core.shell:Creating package script '/opt/erc_ws/install/pal_gripper_controller_configuration/share/pal_gripper_controller_configuration/package.ps1'
[1.578s] INFO:colcon.colcon_core.shell:Creating package descriptor '/opt/erc_ws/install/pal_gripper_controller_configuration/share/pal_gripper_controller_configuration/package.dsv'
[1.579s] INFO:colcon.colcon_core.shell:Creating package script '/opt/erc_ws/install/pal_gripper_controller_configuration/share/pal_gripper_controller_configuration/package.sh'
[1.580s] INFO:colcon.colcon_core.shell:Creating package script '/opt/erc_ws/install/pal_gripper_controller_configuration/share/pal_gripper_controller_configuration/package.bash'
[1.580s] INFO:colcon.colcon_core.shell:Creating package script '/opt/erc_ws/install/pal_gripper_controller_configuration/share/pal_gripper_controller_configuration/package.zsh'
[1.581s] Level 1:colcon.colcon_core.environment:create_file_with_runtime_dependencies(/opt/erc_ws/install/pal_gripper_controller_configuration/share/colcon-core/packages/pal_gripper_controller_configuration)
[1.652s] Level 1:colcon.colcon_core.environment:create_environment_scripts_only(erc_description)
[1.652s] Level 1:colcon.colcon_core.environment:checking '/opt/erc_ws/install/erc_description' for CMake module files
[1.653s] DEBUG:colcon.colcon_core.event_handler.log_command:Invoked command in '/opt/erc_ws/build/erc_description' returned '0': CMAKE_PREFIX_PATH=${CMAKE_PREFIX_PATH}:/opt/erc_ws/install/sensors:/opt/erc_ws/install/pal_pro_gripper_wrapper:/opt/erc_ws/install/launch_pal:/opt/erc_ws/install/erc_solution:/opt/ros/humble /usr/bin/cmake --install /opt/erc_ws/build/erc_description
[1.653s] Level 1:colcon.colcon_core.environment:checking '/opt/erc_ws/install/erc_description' for CMake config files
[1.654s] Level 1:colcon.colcon_core.shell:create_environment_hook('erc_description', 'cmake_prefix_path')
[1.654s] INFO:colcon.colcon_core.shell:Creating environment hook '/opt/erc_ws/install/erc_description/share/erc_description/hook/cmake_prefix_path.ps1'
[1.655s] INFO:colcon.colcon_core.shell:Creating environment descriptor '/opt/erc_ws/install/erc_description/share/erc_description/hook/cmake_prefix_path.dsv'
[1.655s] INFO:colcon.colcon_core.shell:Creating environment hook '/opt/erc_ws/install/erc_description/share/erc_description/hook/cmake_prefix_path.sh'
[1.656s] Level 1:colcon.colcon_core.environment:checking '/opt/erc_ws/install/erc_description/bin'
[1.656s] Level 1:colcon.colcon_core.environment:checking '/opt/erc_ws/install/erc_description/lib/pkgconfig/erc_description.pc'
[1.656s] Level 1:colcon.colcon_core.environment:checking '/opt/erc_ws/install/erc_description/lib/python3.10/site-packages'
[1.657s] Level 1:colcon.colcon_core.environment:checking '/opt/erc_ws/install/erc_description/bin'
[1.657s] INFO:colcon.colcon_core.shell:Creating package script '/opt/erc_ws/install/erc_description/share/erc_description/package.ps1'
[1.658s] INFO:colcon.colcon_core.shell:Creating package descriptor '/opt/erc_ws/install/erc_description/share/erc_description/package.dsv'
[1.658s] INFO:colcon.colcon_core.shell:Creating package script '/opt/erc_ws/install/erc_description/share/erc_description/package.sh'
[1.658s] INFO:colcon.colcon_core.shell:Creating package script '/opt/erc_ws/install/erc_description/share/erc_description/package.bash'
[1.659s] INFO:colcon.colcon_core.shell:Creating package script '/opt/erc_ws/install/erc_description/share/erc_description/package.zsh'
[1.659s] Level 1:colcon.colcon_core.environment:create_file_with_runtime_dependencies(/opt/erc_ws/install/erc_description/share/colcon-core/packages/erc_description)
[1.660s] Level 1:colcon.colcon_core.environment:create_environment_scripts_only(erc_description)
[1.660s] Level 1:colcon.colcon_core.environment:checking '/opt/erc_ws/install/erc_description' for CMake module files
[1.661s] Level 1:colcon.colcon_core.environment:checking '/opt/erc_ws/install/erc_description' for CMake config files
[1.661s] Level 1:colcon.colcon_core.shell:create_environment_hook('erc_description', 'cmake_prefix_path')
[1.661s] INFO:colcon.colcon_core.shell:Creating environment hook '/opt/erc_ws/install/erc_description/share/erc_description/hook/cmake_prefix_path.ps1'
[1.661s] INFO:colcon.colcon_core.shell:Creating environment descriptor '/opt/erc_ws/install/erc_description/share/erc_description/hook/cmake_prefix_path.dsv'
[1.662s] INFO:colcon.colcon_core.shell:Creating environment hook '/opt/erc_ws/install/erc_description/share/erc_description/hook/cmake_prefix_path.sh'
[1.662s] Level 1:colcon.colcon_core.environment:checking '/opt/erc_ws/install/erc_description/bin'
[1.662s] Level 1:colcon.colcon_core.environment:checking '/opt/erc_ws/install/erc_description/lib/pkgconfig/erc_description.pc'
[1.662s] Level 1:colcon.colcon_core.environment:checking '/opt/erc_ws/install/erc_description/lib/python3.10/site-packages'
[1.663s] Level 1:colcon.colcon_core.environment:checking '/opt/erc_ws/install/erc_description/bin'
[1.663s] INFO:colcon.colcon_core.shell:Creating package script '/opt/erc_ws/install/erc_description/share/erc_description/package.ps1'
[1.663s] INFO:colcon.colcon_core.shell:Creating package descriptor '/opt/erc_ws/install/erc_description/share/erc_description/package.dsv'
[1.664s] INFO:colcon.colcon_core.shell:Creating package script '/opt/erc_ws/install/erc_description/share/erc_description/package.sh'
[1.665s] INFO:colcon.colcon_core.shell:Creating package script '/opt/erc_ws/install/erc_description/share/erc_description/package.bash'
[1.665s] INFO:colcon.colcon_core.shell:Creating package script '/opt/erc_ws/install/erc_description/share/erc_description/package.zsh'
[1.665s] Level 1:colcon.colcon_core.environment:create_file_with_runtime_dependencies(/opt/erc_ws/install/erc_description/share/colcon-core/packages/erc_description)
[1.675s] DEBUG:colcon.colcon_core.task.python.build:Available setuptools 'develop' options: --exclude-scripts, --local-snapshots-ok, --find-links, --index-url, --always-unzip, --no-deps, --multi-version, --help, --site-dirs, --version, --install-layout, --build-directory, --optimize, --record, --uninstall, --zip-ok, --script-dir, --always-copy, --no-find-links, --user, --install-dir, --editable, --quiet, --upgrade, --no-user-cfg, --prefix, --egg-path, --verbose, --dry-run, --force-installation-into-system-dir, --allow-hosts
[1.679s] DEBUG:colcon.colcon_core.event_handler.log_command:Invoking command in '/opt/erc_ws/build/pal_pro_gripper_wrapper': PYTHONPATH=/opt/erc_ws/build/pal_pro_gripper_wrapper/prefix_override:/usr/lib/python3/dist-packages/colcon_core/task/python/colcon_distutils_commands:/opt/erc_ws/install/pal_pro_gripper_wrapper/lib/python3.10/site-packages:${PYTHONPATH} /usr/bin/python3 -W ignore:setup.py install is deprecated -W ignore:easy_install command is deprecated setup.py develop --editable --build-directory /opt/erc_ws/build/pal_pro_gripper_wrapper/build --no-deps symlink_data
[1.717s] DEBUG:colcon.colcon_core.task.python.build:Available setuptools 'develop' options: --exclude-scripts, --local-snapshots-ok, --find-links, --index-url, --always-unzip, --no-deps, --multi-version, --help, --site-dirs, --version, --install-layout, --build-directory, --optimize, --record, --uninstall, --zip-ok, --script-dir, --always-copy, --no-find-links, --user, --install-dir, --editable, --quiet, --upgrade, --no-user-cfg, --prefix, --egg-path, --verbose, --dry-run, --force-installation-into-system-dir, --allow-hosts
[1.721s] DEBUG:colcon.colcon_core.event_handler.log_command:Invoking command in '/opt/erc_ws/build/erc_solution': PYTHONPATH=/opt/erc_ws/build/erc_solution/prefix_override:/usr/lib/python3/dist-packages/colcon_core/task/python/colcon_distutils_commands:/opt/erc_ws/install/erc_solution/lib/python3.10/site-packages:${PYTHONPATH} /usr/bin/python3 -W ignore:setup.py install is deprecated -W ignore:easy_install command is deprecated setup.py develop --editable --build-directory /opt/erc_ws/build/erc_solution/build --no-deps symlink_data
[1.723s] DEBUG:colcon.colcon_core.task.python.build:Available setuptools 'develop' options: --exclude-scripts, --local-snapshots-ok, --find-links, --index-url, --always-unzip, --no-deps, --multi-version, --help, --site-dirs, --version, --install-layout, --build-directory, --optimize, --record, --uninstall, --zip-ok, --script-dir, --always-copy, --no-find-links, --user, --install-dir, --editable, --quiet, --upgrade, --no-user-cfg, --prefix, --egg-path, --verbose, --dry-run, --force-installation-into-system-dir, --allow-hosts
[1.729s] DEBUG:colcon.colcon_core.task.python.build:Available setuptools 'develop' options: --exclude-scripts, --local-snapshots-ok, --find-links, --index-url, --always-unzip, --no-deps, --multi-version, --help, --site-dirs, --version, --install-layout, --build-directory, --optimize, --record, --uninstall, --zip-ok, --script-dir, --always-copy, --no-find-links, --user, --install-dir, --editable, --quiet, --upgrade, --no-user-cfg, --prefix, --egg-path, --verbose, --dry-run, --force-installation-into-system-dir, --allow-hosts
[1.730s] DEBUG:colcon.colcon_core.event_handler.log_command:Invoking command in '/opt/erc_ws/build/launch_pal': PYTHONPATH=/opt/erc_ws/build/launch_pal/prefix_override:/usr/lib/python3/dist-packages/colcon_core/task/python/colcon_distutils_commands:/opt/erc_ws/install/launch_pal/lib/python3.10/site-packages:${PYTHONPATH} /usr/bin/python3 -W ignore:setup.py install is deprecated -W ignore:easy_install command is deprecated setup.py develop --editable --build-directory /opt/erc_ws/build/launch_pal/build --no-deps symlink_data
[1.734s] DEBUG:colcon.colcon_core.event_handler.log_command:Invoking command in '/opt/erc_ws/build/sensors': PYTHONPATH=/opt/erc_ws/build/sensors/prefix_override:/usr/lib/python3/dist-packages/colcon_core/task/python/colcon_distutils_commands:/opt/erc_ws/install/sensors/lib/python3.10/site-packages:${PYTHONPATH} /usr/bin/python3 -W ignore:setup.py install is deprecated -W ignore:easy_install command is deprecated setup.py develop --editable --build-directory /opt/erc_ws/build/sensors/build --no-deps symlink_data
[1.869s] Level 1:colcon.colcon_core.environment:create_environment_scripts_only(pal_urdf_utils)
[1.869s] Level 1:colcon.colcon_core.environment:checking '/opt/erc_ws/install/pal_urdf_utils' for CMake module files
[1.870s] DEBUG:colcon.colcon_core.event_handler.log_command:Invoked command in '/opt/erc_ws/build/pal_urdf_utils' returned '0': CMAKE_PREFIX_PATH=${CMAKE_PREFIX_PATH}:/opt/erc_ws/install/sensors:/opt/erc_ws/install/pal_pro_gripper_wrapper:/opt/erc_ws/install/launch_pal:/opt/erc_ws/install/erc_solution:/opt/ros/humble /usr/bin/cmake --install /opt/erc_ws/build/pal_urdf_utils
[1.870s] Level 1:colcon.colcon_core.environment:checking '/opt/erc_ws/install/pal_urdf_utils' for CMake config files
[1.871s] Level 1:colcon.colcon_core.shell:create_environment_hook('pal_urdf_utils', 'cmake_prefix_path')
[1.871s] INFO:colcon.colcon_core.shell:Creating environment hook '/opt/erc_ws/install/pal_urdf_utils/share/pal_urdf_utils/hook/cmake_prefix_path.ps1'
[1.871s] INFO:colcon.colcon_core.shell:Creating environment descriptor '/opt/erc_ws/install/pal_urdf_utils/share/pal_urdf_utils/hook/cmake_prefix_path.dsv'
[1.872s] INFO:colcon.colcon_core.shell:Creating environment hook '/opt/erc_ws/install/pal_urdf_utils/share/pal_urdf_utils/hook/cmake_prefix_path.sh'
[1.872s] Level 1:colcon.colcon_core.environment:checking '/opt/erc_ws/install/pal_urdf_utils/bin'
[1.872s] Level 1:colcon.colcon_core.environment:checking '/opt/erc_ws/install/pal_urdf_utils/lib/pkgconfig/pal_urdf_utils.pc'
[1.872s] Level 1:colcon.colcon_core.environment:checking '/opt/erc_ws/install/pal_urdf_utils/lib/python3.10/site-packages'
[1.872s] Level 1:colcon.colcon_core.environment:checking '/opt/erc_ws/install/pal_urdf_utils/bin'
[1.873s] INFO:colcon.colcon_core.shell:Creating package script '/opt/erc_ws/install/pal_urdf_utils/share/pal_urdf_utils/package.ps1'
[1.873s] INFO:colcon.colcon_core.shell:Creating package descriptor '/opt/erc_ws/install/pal_urdf_utils/share/pal_urdf_utils/package.dsv'
[1.873s] INFO:colcon.colcon_core.shell:Creating package script '/opt/erc_ws/install/pal_urdf_utils/share/pal_urdf_utils/package.sh'
[1.874s] INFO:colcon.colcon_core.shell:Creating package script '/opt/erc_ws/install/pal_urdf_utils/share/pal_urdf_utils/package.bash'
[1.874s] INFO:colcon.colcon_core.shell:Creating package script '/opt/erc_ws/install/pal_urdf_utils/share/pal_urdf_utils/package.zsh'
[1.874s] Level 1:colcon.colcon_core.environment:create_file_with_runtime_dependencies(/opt/erc_ws/install/pal_urdf_utils/share/colcon-core/packages/pal_urdf_utils)
[1.875s] Level 1:colcon.colcon_core.environment:create_environment_scripts_only(pal_urdf_utils)
[1.875s] Level 1:colcon.colcon_core.environment:checking '/opt/erc_ws/install/pal_urdf_utils' for CMake module files
[1.875s] Level 1:colcon.colcon_core.environment:checking '/opt/erc_ws/install/pal_urdf_utils' for CMake config files
[1.876s] Level 1:colcon.colcon_core.shell:create_environment_hook('pal_urdf_utils', 'cmake_prefix_path')
[1.876s] INFO:colcon.colcon_core.shell:Creating environment hook '/opt/erc_ws/install/pal_urdf_utils/share/pal_urdf_utils/hook/cmake_prefix_path.ps1'
[1.876s] INFO:colcon.colcon_core.shell:Creating environment descriptor '/opt/erc_ws/install/pal_urdf_utils/share/pal_urdf_utils/hook/cmake_prefix_path.dsv'
[1.877s] INFO:colcon.colcon_core.shell:Creating environment hook '/opt/erc_ws/install/pal_urdf_utils/share/pal_urdf_utils/hook/cmake_prefix_path.sh'
[1.877s] Level 1:colcon.colcon_core.environment:checking '/opt/erc_ws/install/pal_urdf_utils/bin'
[1.877s] Level 1:colcon.colcon_core.environment:checking '/opt/erc_ws/install/pal_urdf_utils/lib/pkgconfig/pal_urdf_utils.pc'
[1.877s] Level 1:colcon.colcon_core.environment:checking '/opt/erc_ws/install/pal_urdf_utils/lib/python3.10/site-packages'
[1.877s] Level 1:colcon.colcon_core.environment:checking '/opt/erc_ws/install/pal_urdf_utils/bin'
[1.878s] INFO:colcon.colcon_core.shell:Creating package script '/opt/erc_ws/install/pal_urdf_utils/share/pal_urdf_utils/package.ps1'
[1.878s] INFO:colcon.colcon_core.shell:Creating package descriptor '/opt/erc_ws/install/pal_urdf_utils/share/pal_urdf_utils/package.dsv'
[1.878s] INFO:colcon.colcon_core.shell:Creating package script '/opt/erc_ws/install/pal_urdf_utils/share/pal_urdf_utils/package.sh'
[1.879s] INFO:colcon.colcon_core.shell:Creating package script '/opt/erc_ws/install/pal_urdf_utils/share/pal_urdf_utils/package.bash'
[1.879s] INFO:colcon.colcon_core.shell:Creating package script '/opt/erc_ws/install/pal_urdf_utils/share/pal_urdf_utils/package.zsh'
[1.879s] Level 1:colcon.colcon_core.environment:create_file_with_runtime_dependencies(/opt/erc_ws/install/pal_urdf_utils/share/colcon-core/packages/pal_urdf_utils)
[1.880s] INFO:colcon.colcon_ros.task.ament_cmake.build:Building ROS package in '/opt/erc_ws/src/pal_pro_gripper/pal_pro_gripper_description' with build type 'ament_cmake'
[1.880s] INFO:colcon.colcon_cmake.task.cmake.build:Building CMake package in '/opt/erc_ws/src/pal_pro_gripper/pal_pro_gripper_description'
[1.880s] INFO:colcon.colcon_core.shell:Skip shell extension 'powershell' for command environment: Not usable outside of PowerShell
[1.880s] DEBUG:colcon.colcon_core.shell:Skip shell extension 'dsv' for command environment
[1.887s] INFO:colcon.colcon_ros.task.ament_cmake.build:Building ROS package in '/opt/erc_ws/src/pal_gripper/pal_gripper_description' with build type 'ament_cmake'
[1.888s] INFO:colcon.colcon_cmake.task.cmake.build:Building CMake package in '/opt/erc_ws/src/pal_gripper/pal_gripper_description'
[1.888s] INFO:colcon.colcon_core.shell:Skip shell extension 'powershell' for command environment: Not usable outside of PowerShell
[1.888s] DEBUG:colcon.colcon_core.shell:Skip shell extension 'dsv' for command environment
[1.899s] DEBUG:colcon.colcon_core.event_handler.log_command:Invoking command in '/opt/erc_ws/build/pal_pro_gripper_description': CMAKE_PREFIX_PATH=/opt/erc_ws/install/pal_urdf_utils:/opt/erc_ws/install/tiago_pro_robot:/opt/erc_ws/install/tiago_pro_head_robot:/opt/erc_ws/install/tiago_pro_bringup:/opt/erc_ws/install/tiago_pro_head_bringup:/opt/erc_ws/install/erc_bringup:/opt/erc_ws/install/tiago_pro_description:/opt/erc_ws/install/tiago_pro_head_description:/opt/erc_ws/install/tiago_pro_controller_configuration:/opt/erc_ws/install/tiago_pro_head_controller_configuration:/opt/erc_ws/install/pal_sea_arm:/opt/erc_ws/install/pal_sea_arm_bringup:/opt/erc_ws/install/pal_sea_arm_description:/opt/erc_ws/install/pal_pro_gripper_simulation:/opt/erc_ws/install/pal_pro_gripper_bringup:/opt/erc_ws/install/pal_pro_gripper:/opt/erc_ws/install/pal_pro_gripper_description:/opt/erc_ws/install/pal_gripper_simulation:/opt/erc_ws/install/pal_gripper:/opt/erc_ws/install/pal_gripper_description:/opt/erc_ws/install/omni_base_robot:/opt/erc_ws/install/omni_base_bringup:/opt/erc_ws/install/omni_base_description:/opt/erc_ws/install/pal_sea_arm_controller_configuration:/opt/erc_ws/install/pal_pro_gripper_controller_configuration:/opt/erc_ws/install/pal_gripper_controller_configuration:/opt/erc_ws/install/omni_base_controller_configuration:/opt/erc_ws/install/gz_ros2_control:/opt/erc_ws/install/erc_description:/opt/erc_ws/install/sensors:/opt/erc_ws/install/pal_pro_gripper_wrapper:/opt/erc_ws/install/launch_pal:/opt/erc_ws/install/erc_solution:/opt/ros/humble /usr/bin/cmake /opt/erc_ws/src/pal_pro_gripper/pal_pro_gripper_description -DAMENT_CMAKE_SYMLINK_INSTALL=1 -DCMAKE_INSTALL_PREFIX=/opt/erc_ws/install/pal_pro_gripper_description
[1.907s] DEBUG:colcon.colcon_core.event_handler.log_command:Invoking command in '/opt/erc_ws/build/pal_gripper_description': CMAKE_PREFIX_PATH=/opt/erc_ws/install/pal_urdf_utils:/opt/erc_ws/install/tiago_pro_robot:/opt/erc_ws/install/tiago_pro_head_robot:/opt/erc_ws/install/tiago_pro_bringup:/opt/erc_ws/install/tiago_pro_head_bringup:/opt/erc_ws/install/erc_bringup:/opt/erc_ws/install/tiago_pro_description:/opt/erc_ws/install/tiago_pro_head_description:/opt/erc_ws/install/tiago_pro_controller_configuration:/opt/erc_ws/install/tiago_pro_head_controller_configuration:/opt/erc_ws/install/pal_sea_arm:/opt/erc_ws/install/pal_sea_arm_bringup:/opt/erc_ws/install/pal_sea_arm_description:/opt/erc_ws/install/pal_pro_gripper_simulation:/opt/erc_ws/install/pal_pro_gripper_bringup:/opt/erc_ws/install/pal_pro_gripper:/opt/erc_ws/install/pal_pro_gripper_description:/opt/erc_ws/install/pal_gripper_simulation:/opt/erc_ws/install/pal_gripper:/opt/erc_ws/install/pal_gripper_description:/opt/erc_ws/install/omni_base_robot:/opt/erc_ws/install/omni_base_bringup:/opt/erc_ws/install/omni_base_description:/opt/erc_ws/install/pal_sea_arm_controller_configuration:/opt/erc_ws/install/pal_pro_gripper_controller_configuration:/opt/erc_ws/install/pal_gripper_controller_configuration:/opt/erc_ws/install/omni_base_controller_configuration:/opt/erc_ws/install/gz_ros2_control:/opt/erc_ws/install/erc_description:/opt/erc_ws/install/sensors:/opt/erc_ws/install/pal_pro_gripper_wrapper:/opt/erc_ws/install/launch_pal:/opt/erc_ws/install/erc_solution:/opt/ros/humble /usr/bin/cmake /opt/erc_ws/src/pal_gripper/pal_gripper_description -DAMENT_CMAKE_SYMLINK_INSTALL=1 -DCMAKE_INSTALL_PREFIX=/opt/erc_ws/install/pal_gripper_description
[2.037s] Level 1:colcon.colcon_core.shell:create_environment_hook('launch_pal', 'pythonpath_develop')
[2.038s] INFO:colcon.colcon_core.shell:Creating environment hook '/opt/erc_ws/build/launch_pal/share/launch_pal/hook/pythonpath_develop.ps1'
[2.038s] DEBUG:colcon.colcon_core.event_handler.log_command:Invoked command in '/opt/erc_ws/build/launch_pal' returned '0': PYTHONPATH=/opt/erc_ws/build/launch_pal/prefix_override:/usr/lib/python3/dist-packages/colcon_core/task/python/colcon_distutils_commands:/opt/erc_ws/install/launch_pal/lib/python3.10/site-packages:${PYTHONPATH} /usr/bin/python3 -W ignore:setup.py install is deprecated -W ignore:easy_install command is deprecated setup.py develop --editable --build-directory /opt/erc_ws/build/launch_pal/build --no-deps symlink_data
[2.040s] INFO:colcon.colcon_core.shell:Creating environment descriptor '/opt/erc_ws/build/launch_pal/share/launch_pal/hook/pythonpath_develop.dsv'
[2.040s] INFO:colcon.colcon_core.shell:Creating environment hook '/opt/erc_ws/build/launch_pal/share/launch_pal/hook/pythonpath_develop.sh'
[2.040s] Level 1:colcon.colcon_core.environment:checking '/opt/erc_ws/install/launch_pal' for CMake module files
[2.041s] Level 1:colcon.colcon_core.environment:checking '/opt/erc_ws/install/launch_pal' for CMake config files
[2.041s] Level 1:colcon.colcon_core.environment:checking '/opt/erc_ws/install/launch_pal/lib'
[2.041s] Level 1:colcon.colcon_core.environment:checking '/opt/erc_ws/install/launch_pal/bin'
[2.041s] Level 1:colcon.colcon_core.environment:checking '/opt/erc_ws/install/launch_pal/lib/pkgconfig/launch_pal.pc'
[2.042s] Level 1:colcon.colcon_core.environment:checking '/opt/erc_ws/install/launch_pal/lib/python3.10/site-packages'
[2.042s] Level 1:colcon.colcon_core.shell:create_environment_hook('launch_pal', 'pythonpath')
[2.042s] INFO:colcon.colcon_core.shell:Creating environment hook '/opt/erc_ws/install/launch_pal/share/launch_pal/hook/pythonpath.ps1'
[2.042s] INFO:colcon.colcon_core.shell:Creating environment descriptor '/opt/erc_ws/install/launch_pal/share/launch_pal/hook/pythonpath.dsv'
[2.043s] INFO:colcon.colcon_core.shell:Creating environment hook '/opt/erc_ws/install/launch_pal/share/launch_pal/hook/pythonpath.sh'
[2.043s] Level 1:colcon.colcon_core.environment:checking '/opt/erc_ws/install/launch_pal/bin'
[2.043s] Level 1:colcon.colcon_core.environment:create_environment_scripts_only(launch_pal)
[2.044s] INFO:colcon.colcon_core.shell:Creating package script '/opt/erc_ws/install/launch_pal/share/launch_pal/package.ps1'
[2.045s] INFO:colcon.colcon_core.shell:Creating package descriptor '/opt/erc_ws/install/launch_pal/share/launch_pal/package.dsv'
[2.045s] INFO:colcon.colcon_core.shell:Creating package script '/opt/erc_ws/install/launch_pal/share/launch_pal/package.sh'
[2.046s] INFO:colcon.colcon_core.shell:Creating package script '/opt/erc_ws/install/launch_pal/share/launch_pal/package.bash'
[2.046s] INFO:colcon.colcon_core.shell:Creating package script '/opt/erc_ws/install/launch_pal/share/launch_pal/package.zsh'
[2.046s] Level 1:colcon.colcon_core.environment:create_file_with_runtime_dependencies(/opt/erc_ws/install/launch_pal/share/colcon-core/packages/launch_pal)
[2.048s] INFO:colcon.colcon_ros.task.ament_cmake.build:Building ROS package in '/opt/erc_ws/src/tiago_pro_head_robot/tiago_pro_head_controller_configuration' with build type 'ament_cmake'
[2.048s] INFO:colcon.colcon_cmake.task.cmake.build:Building CMake package in '/opt/erc_ws/src/tiago_pro_head_robot/tiago_pro_head_controller_configuration'
[2.048s] INFO:colcon.colcon_core.shell:Skip shell extension 'powershell' for command environment: Not usable outside of PowerShell
[2.048s] DEBUG:colcon.colcon_core.shell:Skip shell extension 'dsv' for command environment
[2.058s] INFO:colcon.colcon_ros.task.ament_cmake.build:Building ROS package in '/opt/erc_ws/src/omni_base_robot/omni_base_description' with build type 'ament_cmake'
[2.059s] INFO:colcon.colcon_cmake.task.cmake.build:Building CMake package in '/opt/erc_ws/src/omni_base_robot/omni_base_description'
[2.059s] INFO:colcon.colcon_core.shell:Skip shell extension 'powershell' for command environment: Not usable outside of PowerShell
[2.059s] DEBUG:colcon.colcon_core.shell:Skip shell extension 'dsv' for command environment
[2.068s] Level 1:colcon.colcon_core.shell:create_environment_hook('erc_solution', 'pythonpath_develop')
[2.069s] INFO:colcon.colcon_core.shell:Creating environment hook '/opt/erc_ws/build/erc_solution/share/erc_solution/hook/pythonpath_develop.ps1'
[2.069s] DEBUG:colcon.colcon_core.event_handler.log_command:Invoked command in '/opt/erc_ws/build/erc_solution' returned '0': PYTHONPATH=/opt/erc_ws/build/erc_solution/prefix_override:/usr/lib/python3/dist-packages/colcon_core/task/python/colcon_distutils_commands:/opt/erc_ws/install/erc_solution/lib/python3.10/site-packages:${PYTHONPATH} /usr/bin/python3 -W ignore:setup.py install is deprecated -W ignore:easy_install command is deprecated setup.py develop --editable --build-directory /opt/erc_ws/build/erc_solution/build --no-deps symlink_data
[2.071s] INFO:colcon.colcon_core.shell:Creating environment descriptor '/opt/erc_ws/build/erc_solution/share/erc_solution/hook/pythonpath_develop.dsv'
[2.071s] INFO:colcon.colcon_core.shell:Creating environment hook '/opt/erc_ws/build/erc_solution/share/erc_solution/hook/pythonpath_develop.sh'
[2.071s] Level 1:colcon.colcon_core.environment:checking '/opt/erc_ws/install/erc_solution' for CMake module files
[2.072s] Level 1:colcon.colcon_core.environment:checking '/opt/erc_ws/install/erc_solution' for CMake config files
[2.075s] Level 1:colcon.colcon_core.environment:checking '/opt/erc_ws/install/erc_solution/lib'
[2.075s] Level 1:colcon.colcon_core.environment:checking '/opt/erc_ws/install/erc_solution/bin'
[2.076s] Level 1:colcon.colcon_core.environment:checking '/opt/erc_ws/install/erc_solution/lib/pkgconfig/erc_solution.pc'
[2.076s] Level 1:colcon.colcon_core.environment:checking '/opt/erc_ws/install/erc_solution/lib/python3.10/site-packages'
[2.076s] Level 1:colcon.colcon_core.shell:create_environment_hook('erc_solution', 'pythonpath')
[2.076s] INFO:colcon.colcon_core.shell:Creating environment hook '/opt/erc_ws/install/erc_solution/share/erc_solution/hook/pythonpath.ps1'
[2.077s] INFO:colcon.colcon_core.shell:Creating environment descriptor '/opt/erc_ws/install/erc_solution/share/erc_solution/hook/pythonpath.dsv'
[2.078s] INFO:colcon.colcon_core.shell:Creating environment hook '/opt/erc_ws/install/erc_solution/share/erc_solution/hook/pythonpath.sh'
[2.078s] Level 1:colcon.colcon_core.environment:checking '/opt/erc_ws/install/erc_solution/bin'
[2.078s] Level 1:colcon.colcon_core.environment:create_environment_scripts_only(erc_solution)
[2.079s] INFO:colcon.colcon_core.shell:Creating package script '/opt/erc_ws/install/erc_solution/share/erc_solution/package.ps1'
[2.079s] INFO:colcon.colcon_core.shell:Creating package descriptor '/opt/erc_ws/install/erc_solution/share/erc_solution/package.dsv'
[2.080s] INFO:colcon.colcon_core.shell:Creating package script '/opt/erc_ws/install/erc_solution/share/erc_solution/package.sh'
[2.080s] INFO:colcon.colcon_core.shell:Creating package script '/opt/erc_ws/install/erc_solution/share/erc_solution/package.bash'
[2.081s] INFO:colcon.colcon_core.shell:Creating package script '/opt/erc_ws/install/erc_solution/share/erc_solution/package.zsh'
[2.081s] Level 1:colcon.colcon_core.environment:create_file_with_runtime_dependencies(/opt/erc_ws/install/erc_solution/share/colcon-core/packages/erc_solution)
[2.087s] Level 1:colcon.colcon_core.shell:create_environment_hook('pal_pro_gripper_wrapper', 'pythonpath_develop')
[2.087s] INFO:colcon.colcon_core.shell:Creating environment hook '/opt/erc_ws/build/pal_pro_gripper_wrapper/share/pal_pro_gripper_wrapper/hook/pythonpath_develop.ps1'
[2.089s] DEBUG:colcon.colcon_core.event_handler.log_command:Invoking command in '/opt/erc_ws/build/tiago_pro_head_controller_configuration': AMENT_PREFIX_PATH=/opt/erc_ws/install/launch_pal:/opt/erc_ws/install/tiago_pro_robot:/opt/erc_ws/install/tiago_pro_head_robot:/opt/erc_ws/install/tiago_pro_bringup:/opt/erc_ws/install/tiago_pro_head_bringup:/opt/erc_ws/install/erc_bringup:/opt/erc_ws/install/tiago_pro_description:/opt/erc_ws/install/tiago_pro_head_description:/opt/erc_ws/install/tiago_pro_controller_configuration:/opt/erc_ws/install/tiago_pro_head_controller_configuration:/opt/erc_ws/install/sensors:/opt/erc_ws/install/pal_sea_arm:/opt/erc_ws/install/pal_sea_arm_bringup:/opt/erc_ws/install/pal_sea_arm_description:/opt/erc_ws/install/pal_pro_gripper_simulation:/opt/erc_ws/install/pal_pro_gripper_bringup:/opt/erc_ws/install/pal_pro_gripper:/opt/erc_ws/install/pal_pro_gripper_description:/opt/erc_ws/install/pal_gripper_simulation:/opt/erc_ws/install/pal_gripper:/opt/erc_ws/install/pal_gripper_description:/opt/erc_ws/install/omni_base_robot:/opt/erc_ws/install/omni_base_bringup:/opt/erc_ws/install/omni_base_description:/opt/erc_ws/install/pal_urdf_utils:/opt/erc_ws/install/pal_sea_arm_controller_configuration:/opt/erc_ws/install/pal_pro_gripper_controller_configuration:/opt/erc_ws/install/pal_pro_gripper_wrapper:/opt/erc_ws/install/pal_gripper_controller_configuration:/opt/erc_ws/install/omni_base_controller_configuration:/opt/erc_ws/install/gz_ros2_control:/opt/erc_ws/install/erc_description:/opt/erc_ws/install/erc_solution:/opt/ros/humble CMAKE_PREFIX_PATH=${CMAKE_PREFIX_PATH}:/opt/erc_ws/install/sensors:/opt/erc_ws/install/pal_pro_gripper_wrapper:/opt/erc_ws/install/launch_pal:/opt/erc_ws/install/erc_solution:/opt/ros/humble PYTHONPATH=/opt/erc_ws/build/launch_pal:/opt/erc_ws/install/launch_pal/lib/python3.10/site-packages:/opt/erc_ws/install/tiago_pro_description/local/lib/python3.10/dist-packages:/opt/erc_ws/install/tiago_pro_head_description/local/lib/python3.10/dist-packages:/opt/erc_ws/install/sensors/lib/python3.10/site-packages:/opt/erc_ws/install/pal_sea_arm_description/local/lib/python3.10/dist-packages:/opt/erc_ws/install/pal_pro_gripper_description/local/lib/python3.10/dist-packages:/opt/erc_ws/install/omni_base_description/local/lib/python3.10/dist-packages:/opt/erc_ws/install/pal_pro_gripper_wrapper/lib/python3.10/site-packages:/opt/erc_ws/build/erc_solution:/opt/erc_ws/install/erc_solution/lib/python3.10/site-packages:/opt/ros/humble/lib/python3.10/site-packages:/opt/ros/humble/local/lib/python3.10/dist-packages /usr/bin/cmake /opt/erc_ws/src/tiago_pro_head_robot/tiago_pro_head_controller_configuration -DAMENT_CMAKE_SYMLINK_INSTALL=1 -DCMAKE_INSTALL_PREFIX=/opt/erc_ws/install/tiago_pro_head_controller_configuration
[2.089s] INFO:colcon.colcon_core.shell:Creating environment descriptor '/opt/erc_ws/build/pal_pro_gripper_wrapper/share/pal_pro_gripper_wrapper/hook/pythonpath_develop.dsv'
[2.090s] DEBUG:colcon.colcon_core.event_handler.log_command:Invoked command in '/opt/erc_ws/build/pal_pro_gripper_wrapper' returned '0': PYTHONPATH=/opt/erc_ws/build/pal_pro_gripper_wrapper/prefix_override:/usr/lib/python3/dist-packages/colcon_core/task/python/colcon_distutils_commands:/opt/erc_ws/install/pal_pro_gripper_wrapper/lib/python3.10/site-packages:${PYTHONPATH} /usr/bin/python3 -W ignore:setup.py install is deprecated -W ignore:easy_install command is deprecated setup.py develop --editable --build-directory /opt/erc_ws/build/pal_pro_gripper_wrapper/build --no-deps symlink_data
[2.090s] INFO:colcon.colcon_core.shell:Creating environment hook '/opt/erc_ws/build/pal_pro_gripper_wrapper/share/pal_pro_gripper_wrapper/hook/pythonpath_develop.sh'
[2.091s] Level 1:colcon.colcon_core.environment:checking '/opt/erc_ws/install/pal_pro_gripper_wrapper' for CMake module files
[2.093s] Level 1:colcon.colcon_core.environment:checking '/opt/erc_ws/install/pal_pro_gripper_wrapper' for CMake config files
[2.093s] Level 1:colcon.colcon_core.environment:checking '/opt/erc_ws/install/pal_pro_gripper_wrapper/lib'
[2.093s] Level 1:colcon.colcon_core.environment:checking '/opt/erc_ws/install/pal_pro_gripper_wrapper/bin'
[2.093s] Level 1:colcon.colcon_core.environment:checking '/opt/erc_ws/install/pal_pro_gripper_wrapper/lib/pkgconfig/pal_pro_gripper_wrapper.pc'
[2.093s] Level 1:colcon.colcon_core.environment:checking '/opt/erc_ws/install/pal_pro_gripper_wrapper/lib/python3.10/site-packages'
[2.093s] Level 1:colcon.colcon_core.shell:create_environment_hook('pal_pro_gripper_wrapper', 'pythonpath')
[2.094s] INFO:colcon.colcon_core.shell:Creating environment hook '/opt/erc_ws/install/pal_pro_gripper_wrapper/share/pal_pro_gripper_wrapper/hook/pythonpath.ps1'
[2.094s] INFO:colcon.colcon_core.shell:Creating environment descriptor '/opt/erc_ws/install/pal_pro_gripper_wrapper/share/pal_pro_gripper_wrapper/hook/pythonpath.dsv'
[2.095s] INFO:colcon.colcon_core.shell:Creating environment hook '/opt/erc_ws/install/pal_pro_gripper_wrapper/share/pal_pro_gripper_wrapper/hook/pythonpath.sh'
[2.095s] Level 1:colcon.colcon_core.environment:checking '/opt/erc_ws/install/pal_pro_gripper_wrapper/bin'
[2.095s] Level 1:colcon.colcon_core.environment:create_environment_scripts_only(pal_pro_gripper_wrapper)
[2.096s] INFO:colcon.colcon_core.shell:Creating package script '/opt/erc_ws/install/pal_pro_gripper_wrapper/share/pal_pro_gripper_wrapper/package.ps1'
[2.097s] INFO:colcon.colcon_core.shell:Creating package descriptor '/opt/erc_ws/install/pal_pro_gripper_wrapper/share/pal_pro_gripper_wrapper/package.dsv'
[2.097s] INFO:colcon.colcon_core.shell:Creating package script '/opt/erc_ws/install/pal_pro_gripper_wrapper/share/pal_pro_gripper_wrapper/package.sh'
[2.098s] INFO:colcon.colcon_core.shell:Creating package script '/opt/erc_ws/install/pal_pro_gripper_wrapper/share/pal_pro_gripper_wrapper/package.bash'
[2.098s] INFO:colcon.colcon_core.shell:Creating package script '/opt/erc_ws/install/pal_pro_gripper_wrapper/share/pal_pro_gripper_wrapper/package.zsh'
[2.098s] Level 1:colcon.colcon_core.environment:create_file_with_runtime_dependencies(/opt/erc_ws/install/pal_pro_gripper_wrapper/share/colcon-core/packages/pal_pro_gripper_wrapper)
[2.099s] INFO:colcon.colcon_ros.task.ament_cmake.build:Building ROS package in '/opt/erc_ws/src/pal_pro_gripper/pal_pro_gripper_controller_configuration' with build type 'ament_cmake'
[2.100s] INFO:colcon.colcon_cmake.task.cmake.build:Building CMake package in '/opt/erc_ws/src/pal_pro_gripper/pal_pro_gripper_controller_configuration'
[2.100s] INFO:colcon.colcon_core.shell:Skip shell extension 'powershell' for command environment: Not usable outside of PowerShell
[2.100s] DEBUG:colcon.colcon_core.shell:Skip shell extension 'dsv' for command environment
[2.111s] Level 1:colcon.colcon_core.shell:create_environment_hook('sensors', 'pythonpath_develop')
[2.112s] INFO:colcon.colcon_core.shell:Creating environment hook '/opt/erc_ws/build/sensors/share/sensors/hook/pythonpath_develop.ps1'
[2.113s] DEBUG:colcon.colcon_core.event_handler.log_command:Invoking command in '/opt/erc_ws/build/omni_base_description': AMENT_PREFIX_PATH=/opt/erc_ws/install/launch_pal:/opt/erc_ws/install/tiago_pro_robot:/opt/erc_ws/install/tiago_pro_head_robot:/opt/erc_ws/install/tiago_pro_bringup:/opt/erc_ws/install/tiago_pro_head_bringup:/opt/erc_ws/install/erc_bringup:/opt/erc_ws/install/tiago_pro_description:/opt/erc_ws/install/tiago_pro_head_description:/opt/erc_ws/install/tiago_pro_controller_configuration:/opt/erc_ws/install/tiago_pro_head_controller_configuration:/opt/erc_ws/install/sensors:/opt/erc_ws/install/pal_sea_arm:/opt/erc_ws/install/pal_sea_arm_bringup:/opt/erc_ws/install/pal_sea_arm_description:/opt/erc_ws/install/pal_pro_gripper_simulation:/opt/erc_ws/install/pal_pro_gripper_bringup:/opt/erc_ws/install/pal_pro_gripper:/opt/erc_ws/install/pal_pro_gripper_description:/opt/erc_ws/install/pal_gripper_simulation:/opt/erc_ws/install/pal_gripper:/opt/erc_ws/install/pal_gripper_description:/opt/erc_ws/install/omni_base_robot:/opt/erc_ws/install/omni_base_bringup:/opt/erc_ws/install/omni_base_description:/opt/erc_ws/install/pal_urdf_utils:/opt/erc_ws/install/pal_sea_arm_controller_configuration:/opt/erc_ws/install/pal_pro_gripper_controller_configuration:/opt/erc_ws/install/pal_pro_gripper_wrapper:/opt/erc_ws/install/pal_gripper_controller_configuration:/opt/erc_ws/install/omni_base_controller_configuration:/opt/erc_ws/install/gz_ros2_control:/opt/erc_ws/install/erc_description:/opt/erc_ws/install/erc_solution:/opt/ros/humble CMAKE_PREFIX_PATH=/opt/erc_ws/install/pal_urdf_utils:/opt/erc_ws/install/tiago_pro_robot:/opt/erc_ws/install/tiago_pro_head_robot:/opt/erc_ws/install/tiago_pro_bringup:/opt/erc_ws/install/tiago_pro_head_bringup:/opt/erc_ws/install/erc_bringup:/opt/erc_ws/install/tiago_pro_description:/opt/erc_ws/install/tiago_pro_head_description:/opt/erc_ws/install/tiago_pro_controller_configuration:/opt/erc_ws/install/tiago_pro_head_controller_configuration:/opt/erc_ws/install/pal_sea_arm:/opt/erc_ws/install/pal_sea_arm_bringup:/opt/erc_ws/install/pal_sea_arm_description:/opt/erc_ws/install/pal_pro_gripper_simulation:/opt/erc_ws/install/pal_pro_gripper_bringup:/opt/erc_ws/install/pal_pro_gripper:/opt/erc_ws/install/pal_pro_gripper_description:/opt/erc_ws/install/pal_gripper_simulation:/opt/erc_ws/install/pal_gripper:/opt/erc_ws/install/pal_gripper_description:/opt/erc_ws/install/omni_base_robot:/opt/erc_ws/install/omni_base_bringup:/opt/erc_ws/install/omni_base_description:/opt/erc_ws/install/pal_sea_arm_controller_configuration:/opt/erc_ws/install/pal_pro_gripper_controller_configuration:/opt/erc_ws/install/pal_gripper_controller_configuration:/opt/erc_ws/install/omni_base_controller_configuration:/opt/erc_ws/install/gz_ros2_control:/opt/erc_ws/install/erc_description:/opt/erc_ws/install/sensors:/opt/erc_ws/install/pal_pro_gripper_wrapper:/opt/erc_ws/install/launch_pal:/opt/erc_ws/install/erc_solution:/opt/ros/humble PYTHONPATH=/opt/erc_ws/build/launch_pal:/opt/erc_ws/install/launch_pal/lib/python3.10/site-packages:/opt/erc_ws/install/tiago_pro_description/local/lib/python3.10/dist-packages:/opt/erc_ws/install/tiago_pro_head_description/local/lib/python3.10/dist-packages:/opt/erc_ws/install/sensors/lib/python3.10/site-packages:/opt/erc_ws/install/pal_sea_arm_description/local/lib/python3.10/dist-packages:/opt/erc_ws/install/pal_pro_gripper_description/local/lib/python3.10/dist-packages:/opt/erc_ws/install/omni_base_description/local/lib/python3.10/dist-packages:/opt/erc_ws/install/pal_pro_gripper_wrapper/lib/python3.10/site-packages:/opt/erc_ws/build/erc_solution:/opt/erc_ws/install/erc_solution/lib/python3.10/site-packages:/opt/ros/humble/lib/python3.10/site-packages:/opt/ros/humble/local/lib/python3.10/dist-packages /usr/bin/cmake /opt/erc_ws/src/omni_base_robot/omni_base_description -DAMENT_CMAKE_SYMLINK_INSTALL=1 -DCMAKE_INSTALL_PREFIX=/opt/erc_ws/install/omni_base_description
[2.113s] DEBUG:colcon.colcon_core.event_handler.log_command:Invoked command in '/opt/erc_ws/build/sensors' returned '0': PYTHONPATH=/opt/erc_ws/build/sensors/prefix_override:/usr/lib/python3/dist-packages/colcon_core/task/python/colcon_distutils_commands:/opt/erc_ws/install/sensors/lib/python3.10/site-packages:${PYTHONPATH} /usr/bin/python3 -W ignore:setup.py install is deprecated -W ignore:easy_install command is deprecated setup.py develop --editable --build-directory /opt/erc_ws/build/sensors/build --no-deps symlink_data
[2.114s] INFO:colcon.colcon_core.shell:Creating environment descriptor '/opt/erc_ws/build/sensors/share/sensors/hook/pythonpath_develop.dsv'
[2.114s] INFO:colcon.colcon_core.shell:Creating environment hook '/opt/erc_ws/build/sensors/share/sensors/hook/pythonpath_develop.sh'
[2.114s] Level 1:colcon.colcon_core.environment:checking '/opt/erc_ws/install/sensors' for CMake module files
[2.115s] Level 1:colcon.colcon_core.environment:checking '/opt/erc_ws/install/sensors' for CMake config files
[2.115s] Level 1:colcon.colcon_core.environment:checking '/opt/erc_ws/install/sensors/lib'
[2.115s] Level 1:colcon.colcon_core.environment:checking '/opt/erc_ws/install/sensors/bin'
[2.115s] Level 1:colcon.colcon_core.environment:checking '/opt/erc_ws/install/sensors/lib/pkgconfig/sensors.pc'
[2.115s] Level 1:colcon.colcon_core.environment:checking '/opt/erc_ws/install/sensors/lib/python3.10/site-packages'
[2.115s] Level 1:colcon.colcon_core.shell:create_environment_hook('sensors', 'pythonpath')
[2.115s] INFO:colcon.colcon_core.shell:Creating environment hook '/opt/erc_ws/install/sensors/share/sensors/hook/pythonpath.ps1'
[2.116s] INFO:colcon.colcon_core.shell:Creating environment descriptor '/opt/erc_ws/install/sensors/share/sensors/hook/pythonpath.dsv'
[2.116s] INFO:colcon.colcon_core.shell:Creating environment hook '/opt/erc_ws/install/sensors/share/sensors/hook/pythonpath.sh'
[2.117s] Level 1:colcon.colcon_core.environment:checking '/opt/erc_ws/install/sensors/bin'
[2.117s] Level 1:colcon.colcon_core.environment:create_environment_scripts_only(sensors)
[2.117s] INFO:colcon.colcon_core.shell:Creating package script '/opt/erc_ws/install/sensors/share/sensors/package.ps1'
[2.118s] INFO:colcon.colcon_core.shell:Creating package descriptor '/opt/erc_ws/install/sensors/share/sensors/package.dsv'
[2.118s] INFO:colcon.colcon_core.shell:Creating package script '/opt/erc_ws/install/sensors/share/sensors/package.sh'
[2.119s] INFO:colcon.colcon_core.shell:Creating package script '/opt/erc_ws/install/sensors/share/sensors/package.bash'
[2.119s] INFO:colcon.colcon_core.shell:Creating package script '/opt/erc_ws/install/sensors/share/sensors/package.zsh'
[2.120s] Level 1:colcon.colcon_core.environment:create_file_with_runtime_dependencies(/opt/erc_ws/install/sensors/share/colcon-core/packages/sensors)
[2.126s] DEBUG:colcon.colcon_core.event_handler.log_command:Invoking command in '/opt/erc_ws/build/pal_pro_gripper_controller_configuration': AMENT_PREFIX_PATH=/opt/erc_ws/install/pal_pro_gripper_wrapper:/opt/erc_ws/install/launch_pal:/opt/erc_ws/install/tiago_pro_robot:/opt/erc_ws/install/tiago_pro_head_robot:/opt/erc_ws/install/tiago_pro_bringup:/opt/erc_ws/install/tiago_pro_head_bringup:/opt/erc_ws/install/erc_bringup:/opt/erc_ws/install/tiago_pro_description:/opt/erc_ws/install/tiago_pro_head_description:/opt/erc_ws/install/tiago_pro_controller_configuration:/opt/erc_ws/install/tiago_pro_head_controller_configuration:/opt/erc_ws/install/sensors:/opt/erc_ws/install/pal_sea_arm:/opt/erc_ws/install/pal_sea_arm_bringup:/opt/erc_ws/install/pal_sea_arm_description:/opt/erc_ws/install/pal_pro_gripper_simulation:/opt/erc_ws/install/pal_pro_gripper_bringup:/opt/erc_ws/install/pal_pro_gripper:/opt/erc_ws/install/pal_pro_gripper_description:/opt/erc_ws/install/pal_gripper_simulation:/opt/erc_ws/install/pal_gripper:/opt/erc_ws/install/pal_gripper_description:/opt/erc_ws/install/omni_base_robot:/opt/erc_ws/install/omni_base_bringup:/opt/erc_ws/install/omni_base_description:/opt/erc_ws/install/pal_urdf_utils:/opt/erc_ws/install/pal_sea_arm_controller_configuration:/opt/erc_ws/install/pal_pro_gripper_controller_configuration:/opt/erc_ws/install/pal_gripper_controller_configuration:/opt/erc_ws/install/omni_base_controller_configuration:/opt/erc_ws/install/gz_ros2_control:/opt/erc_ws/install/erc_description:/opt/erc_ws/install/erc_solution:/opt/ros/humble CMAKE_PREFIX_PATH=${CMAKE_PREFIX_PATH}:/opt/erc_ws/install/sensors:/opt/erc_ws/install/pal_pro_gripper_wrapper:/opt/erc_ws/install/launch_pal:/opt/erc_ws/install/erc_solution:/opt/ros/humble PYTHONPATH=/opt/erc_ws/build/pal_pro_gripper_wrapper:/opt/erc_ws/install/pal_pro_gripper_wrapper/lib/python3.10/site-packages:/opt/erc_ws/build/launch_pal:/opt/erc_ws/install/launch_pal/lib/python3.10/site-packages:/opt/erc_ws/install/tiago_pro_description/local/lib/python3.10/dist-packages:/opt/erc_ws/install/tiago_pro_head_description/local/lib/python3.10/dist-packages:/opt/erc_ws/install/sensors/lib/python3.10/site-packages:/opt/erc_ws/install/pal_sea_arm_description/local/lib/python3.10/dist-packages:/opt/erc_ws/install/pal_pro_gripper_description/local/lib/python3.10/dist-packages:/opt/erc_ws/install/omni_base_description/local/lib/python3.10/dist-packages:/opt/erc_ws/build/erc_solution:/opt/erc_ws/install/erc_solution/lib/python3.10/site-packages:/opt/ros/humble/lib/python3.10/site-packages:/opt/ros/humble/local/lib/python3.10/dist-packages /usr/bin/cmake /opt/erc_ws/src/pal_pro_gripper/pal_pro_gripper_controller_configuration -DAMENT_CMAKE_SYMLINK_INSTALL=1 -DCMAKE_INSTALL_PREFIX=/opt/erc_ws/install/pal_pro_gripper_controller_configuration
[2.512s] DEBUG:colcon.colcon_core.event_handler.log_command:Invoked command in '/opt/erc_ws/build/pal_pro_gripper_description' returned '0': CMAKE_PREFIX_PATH=/opt/erc_ws/install/pal_urdf_utils:/opt/erc_ws/install/tiago_pro_robot:/opt/erc_ws/install/tiago_pro_head_robot:/opt/erc_ws/install/tiago_pro_bringup:/opt/erc_ws/install/tiago_pro_head_bringup:/opt/erc_ws/install/erc_bringup:/opt/erc_ws/install/tiago_pro_description:/opt/erc_ws/install/tiago_pro_head_description:/opt/erc_ws/install/tiago_pro_controller_configuration:/opt/erc_ws/install/tiago_pro_head_controller_configuration:/opt/erc_ws/install/pal_sea_arm:/opt/erc_ws/install/pal_sea_arm_bringup:/opt/erc_ws/install/pal_sea_arm_description:/opt/erc_ws/install/pal_pro_gripper_simulation:/opt/erc_ws/install/pal_pro_gripper_bringup:/opt/erc_ws/install/pal_pro_gripper:/opt/erc_ws/install/pal_pro_gripper_description:/opt/erc_ws/install/pal_gripper_simulation:/opt/erc_ws/install/pal_gripper:/opt/erc_ws/install/pal_gripper_description:/opt/erc_ws/install/omni_base_robot:/opt/erc_ws/install/omni_base_bringup:/opt/erc_ws/install/omni_base_description:/opt/erc_ws/install/pal_sea_arm_controller_configuration:/opt/erc_ws/install/pal_pro_gripper_controller_configuration:/opt/erc_ws/install/pal_gripper_controller_configuration:/opt/erc_ws/install/omni_base_controller_configuration:/opt/erc_ws/install/gz_ros2_control:/opt/erc_ws/install/erc_description:/opt/erc_ws/install/sensors:/opt/erc_ws/install/pal_pro_gripper_wrapper:/opt/erc_ws/install/launch_pal:/opt/erc_ws/install/erc_solution:/opt/ros/humble /usr/bin/cmake /opt/erc_ws/src/pal_pro_gripper/pal_pro_gripper_description -DAMENT_CMAKE_SYMLINK_INSTALL=1 -DCMAKE_INSTALL_PREFIX=/opt/erc_ws/install/pal_pro_gripper_description
[2.514s] DEBUG:colcon.colcon_core.event_handler.log_command:Invoking command in '/opt/erc_ws/build/pal_pro_gripper_description': CMAKE_PREFIX_PATH=/opt/erc_ws/install/pal_urdf_utils:/opt/erc_ws/install/tiago_pro_robot:/opt/erc_ws/install/tiago_pro_head_robot:/opt/erc_ws/install/tiago_pro_bringup:/opt/erc_ws/install/tiago_pro_head_bringup:/opt/erc_ws/install/erc_bringup:/opt/erc_ws/install/tiago_pro_description:/opt/erc_ws/install/tiago_pro_head_description:/opt/erc_ws/install/tiago_pro_controller_configuration:/opt/erc_ws/install/tiago_pro_head_controller_configuration:/opt/erc_ws/install/pal_sea_arm:/opt/erc_ws/install/pal_sea_arm_bringup:/opt/erc_ws/install/pal_sea_arm_description:/opt/erc_ws/install/pal_pro_gripper_simulation:/opt/erc_ws/install/pal_pro_gripper_bringup:/opt/erc_ws/install/pal_pro_gripper:/opt/erc_ws/install/pal_pro_gripper_description:/opt/erc_ws/install/pal_gripper_simulation:/opt/erc_ws/install/pal_gripper:/opt/erc_ws/install/pal_gripper_description:/opt/erc_ws/install/omni_base_robot:/opt/erc_ws/install/omni_base_bringup:/opt/erc_ws/install/omni_base_description:/opt/erc_ws/install/pal_sea_arm_controller_configuration:/opt/erc_ws/install/pal_pro_gripper_controller_configuration:/opt/erc_ws/install/pal_gripper_controller_configuration:/opt/erc_ws/install/omni_base_controller_configuration:/opt/erc_ws/install/gz_ros2_control:/opt/erc_ws/install/erc_description:/opt/erc_ws/install/sensors:/opt/erc_ws/install/pal_pro_gripper_wrapper:/opt/erc_ws/install/launch_pal:/opt/erc_ws/install/erc_solution:/opt/ros/humble /usr/bin/cmake --build /opt/erc_ws/build/pal_pro_gripper_description -- -j16 -l16
[2.528s] DEBUG:colcon.colcon_core.event_handler.log_command:Invoked command in '/opt/erc_ws/build/pal_gripper_description' returned '0': CMAKE_PREFIX_PATH=/opt/erc_ws/install/pal_urdf_utils:/opt/erc_ws/install/tiago_pro_robot:/opt/erc_ws/install/tiago_pro_head_robot:/opt/erc_ws/install/tiago_pro_bringup:/opt/erc_ws/install/tiago_pro_head_bringup:/opt/erc_ws/install/erc_bringup:/opt/erc_ws/install/tiago_pro_description:/opt/erc_ws/install/tiago_pro_head_description:/opt/erc_ws/install/tiago_pro_controller_configuration:/opt/erc_ws/install/tiago_pro_head_controller_configuration:/opt/erc_ws/install/pal_sea_arm:/opt/erc_ws/install/pal_sea_arm_bringup:/opt/erc_ws/install/pal_sea_arm_description:/opt/erc_ws/install/pal_pro_gripper_simulation:/opt/erc_ws/install/pal_pro_gripper_bringup:/opt/erc_ws/install/pal_pro_gripper:/opt/erc_ws/install/pal_pro_gripper_description:/opt/erc_ws/install/pal_gripper_simulation:/opt/erc_ws/install/pal_gripper:/opt/erc_ws/install/pal_gripper_description:/opt/erc_ws/install/omni_base_robot:/opt/erc_ws/install/omni_base_bringup:/opt/erc_ws/install/omni_base_description:/opt/erc_ws/install/pal_sea_arm_controller_configuration:/opt/erc_ws/install/pal_pro_gripper_controller_configuration:/opt/erc_ws/install/pal_gripper_controller_configuration:/opt/erc_ws/install/omni_base_controller_configuration:/opt/erc_ws/install/gz_ros2_control:/opt/erc_ws/install/erc_description:/opt/erc_ws/install/sensors:/opt/erc_ws/install/pal_pro_gripper_wrapper:/opt/erc_ws/install/launch_pal:/opt/erc_ws/install/erc_solution:/opt/ros/humble /usr/bin/cmake /opt/erc_ws/src/pal_gripper/pal_gripper_description -DAMENT_CMAKE_SYMLINK_INSTALL=1 -DCMAKE_INSTALL_PREFIX=/opt/erc_ws/install/pal_gripper_description
[2.532s] DEBUG:colcon.colcon_core.event_handler.log_command:Invoking command in '/opt/erc_ws/build/pal_gripper_description': CMAKE_PREFIX_PATH=/opt/erc_ws/install/pal_urdf_utils:/opt/erc_ws/install/tiago_pro_robot:/opt/erc_ws/install/tiago_pro_head_robot:/opt/erc_ws/install/tiago_pro_bringup:/opt/erc_ws/install/tiago_pro_head_bringup:/opt/erc_ws/install/erc_bringup:/opt/erc_ws/install/tiago_pro_description:/opt/erc_ws/install/tiago_pro_head_description:/opt/erc_ws/install/tiago_pro_controller_configuration:/opt/erc_ws/install/tiago_pro_head_controller_configuration:/opt/erc_ws/install/pal_sea_arm:/opt/erc_ws/install/pal_sea_arm_bringup:/opt/erc_ws/install/pal_sea_arm_description:/opt/erc_ws/install/pal_pro_gripper_simulation:/opt/erc_ws/install/pal_pro_gripper_bringup:/opt/erc_ws/install/pal_pro_gripper:/opt/erc_ws/install/pal_pro_gripper_description:/opt/erc_ws/install/pal_gripper_simulation:/opt/erc_ws/install/pal_gripper:/opt/erc_ws/install/pal_gripper_description:/opt/erc_ws/install/omni_base_robot:/opt/erc_ws/install/omni_base_bringup:/opt/erc_ws/install/omni_base_description:/opt/erc_ws/install/pal_sea_arm_controller_configuration:/opt/erc_ws/install/pal_pro_gripper_controller_configuration:/opt/erc_ws/install/pal_gripper_controller_configuration:/opt/erc_ws/install/omni_base_controller_configuration:/opt/erc_ws/install/gz_ros2_control:/opt/erc_ws/install/erc_description:/opt/erc_ws/install/sensors:/opt/erc_ws/install/pal_pro_gripper_wrapper:/opt/erc_ws/install/launch_pal:/opt/erc_ws/install/erc_solution:/opt/ros/humble /usr/bin/cmake --build /opt/erc_ws/build/pal_gripper_description -- -j16 -l16
[2.558s] DEBUG:colcon.colcon_core.event_handler.log_command:Invoked command in '/opt/erc_ws/build/pal_gripper_description' returned '0': CMAKE_PREFIX_PATH=/opt/erc_ws/install/pal_urdf_utils:/opt/erc_ws/install/tiago_pro_robot:/opt/erc_ws/install/tiago_pro_head_robot:/opt/erc_ws/install/tiago_pro_bringup:/opt/erc_ws/install/tiago_pro_head_bringup:/opt/erc_ws/install/erc_bringup:/opt/erc_ws/install/tiago_pro_description:/opt/erc_ws/install/tiago_pro_head_description:/opt/erc_ws/install/tiago_pro_controller_configuration:/opt/erc_ws/install/tiago_pro_head_controller_configuration:/opt/erc_ws/install/pal_sea_arm:/opt/erc_ws/install/pal_sea_arm_bringup:/opt/erc_ws/install/pal_sea_arm_description:/opt/erc_ws/install/pal_pro_gripper_simulation:/opt/erc_ws/install/pal_pro_gripper_bringup:/opt/erc_ws/install/pal_pro_gripper:/opt/erc_ws/install/pal_pro_gripper_description:/opt/erc_ws/install/pal_gripper_simulation:/opt/erc_ws/install/pal_gripper:/opt/erc_ws/install/pal_gripper_description:/opt/erc_ws/install/omni_base_robot:/opt/erc_ws/install/omni_base_bringup:/opt/erc_ws/install/omni_base_description:/opt/erc_ws/install/pal_sea_arm_controller_configuration:/opt/erc_ws/install/pal_pro_gripper_controller_configuration:/opt/erc_ws/install/pal_gripper_controller_configuration:/opt/erc_ws/install/omni_base_controller_configuration:/opt/erc_ws/install/gz_ros2_control:/opt/erc_ws/install/erc_description:/opt/erc_ws/install/sensors:/opt/erc_ws/install/pal_pro_gripper_wrapper:/opt/erc_ws/install/launch_pal:/opt/erc_ws/install/erc_solution:/opt/ros/humble /usr/bin/cmake --build /opt/erc_ws/build/pal_gripper_description -- -j16 -l16
[2.560s] DEBUG:colcon.colcon_core.event_handler.log_command:Invoking command in '/opt/erc_ws/build/pal_gripper_description': CMAKE_PREFIX_PATH=/opt/erc_ws/install/pal_urdf_utils:/opt/erc_ws/install/tiago_pro_robot:/opt/erc_ws/install/tiago_pro_head_robot:/opt/erc_ws/install/tiago_pro_bringup:/opt/erc_ws/install/tiago_pro_head_bringup:/opt/erc_ws/install/erc_bringup:/opt/erc_ws/install/tiago_pro_description:/opt/erc_ws/install/tiago_pro_head_description:/opt/erc_ws/install/tiago_pro_controller_configuration:/opt/erc_ws/install/tiago_pro_head_controller_configuration:/opt/erc_ws/install/pal_sea_arm:/opt/erc_ws/install/pal_sea_arm_bringup:/opt/erc_ws/install/pal_sea_arm_description:/opt/erc_ws/install/pal_pro_gripper_simulation:/opt/erc_ws/install/pal_pro_gripper_bringup:/opt/erc_ws/install/pal_pro_gripper:/opt/erc_ws/install/pal_pro_gripper_description:/opt/erc_ws/install/pal_gripper_simulation:/opt/erc_ws/install/pal_gripper:/opt/erc_ws/install/pal_gripper_description:/opt/erc_ws/install/omni_base_robot:/opt/erc_ws/install/omni_base_bringup:/opt/erc_ws/install/omni_base_description:/opt/erc_ws/install/pal_sea_arm_controller_configuration:/opt/erc_ws/install/pal_pro_gripper_controller_configuration:/opt/erc_ws/install/pal_gripper_controller_configuration:/opt/erc_ws/install/omni_base_controller_configuration:/opt/erc_ws/install/gz_ros2_control:/opt/erc_ws/install/erc_description:/opt/erc_ws/install/sensors:/opt/erc_ws/install/pal_pro_gripper_wrapper:/opt/erc_ws/install/launch_pal:/opt/erc_ws/install/erc_solution:/opt/ros/humble /usr/bin/cmake --install /opt/erc_ws/build/pal_gripper_description
[2.670s] DEBUG:colcon.colcon_core.event_handler.log_command:Invoked command in '/opt/erc_ws/build/tiago_pro_head_controller_configuration' returned '0': AMENT_PREFIX_PATH=/opt/erc_ws/install/launch_pal:/opt/erc_ws/install/tiago_pro_robot:/opt/erc_ws/install/tiago_pro_head_robot:/opt/erc_ws/install/tiago_pro_bringup:/opt/erc_ws/install/tiago_pro_head_bringup:/opt/erc_ws/install/erc_bringup:/opt/erc_ws/install/tiago_pro_description:/opt/erc_ws/install/tiago_pro_head_description:/opt/erc_ws/install/tiago_pro_controller_configuration:/opt/erc_ws/install/tiago_pro_head_controller_configuration:/opt/erc_ws/install/sensors:/opt/erc_ws/install/pal_sea_arm:/opt/erc_ws/install/pal_sea_arm_bringup:/opt/erc_ws/install/pal_sea_arm_description:/opt/erc_ws/install/pal_pro_gripper_simulation:/opt/erc_ws/install/pal_pro_gripper_bringup:/opt/erc_ws/install/pal_pro_gripper:/opt/erc_ws/install/pal_pro_gripper_description:/opt/erc_ws/install/pal_gripper_simulation:/opt/erc_ws/install/pal_gripper:/opt/erc_ws/install/pal_gripper_description:/opt/erc_ws/install/omni_base_robot:/opt/erc_ws/install/omni_base_bringup:/opt/erc_ws/install/omni_base_description:/opt/erc_ws/install/pal_urdf_utils:/opt/erc_ws/install/pal_sea_arm_controller_configuration:/opt/erc_ws/install/pal_pro_gripper_controller_configuration:/opt/erc_ws/install/pal_pro_gripper_wrapper:/opt/erc_ws/install/pal_gripper_controller_configuration:/opt/erc_ws/install/omni_base_controller_configuration:/opt/erc_ws/install/gz_ros2_control:/opt/erc_ws/install/erc_description:/opt/erc_ws/install/erc_solution:/opt/ros/humble CMAKE_PREFIX_PATH=${CMAKE_PREFIX_PATH}:/opt/erc_ws/install/sensors:/opt/erc_ws/install/pal_pro_gripper_wrapper:/opt/erc_ws/install/launch_pal:/opt/erc_ws/install/erc_solution:/opt/ros/humble PYTHONPATH=/opt/erc_ws/build/launch_pal:/opt/erc_ws/install/launch_pal/lib/python3.10/site-packages:/opt/erc_ws/install/tiago_pro_description/local/lib/python3.10/dist-packages:/opt/erc_ws/install/tiago_pro_head_description/local/lib/python3.10/dist-packages:/opt/erc_ws/install/sensors/lib/python3.10/site-packages:/opt/erc_ws/install/pal_sea_arm_description/local/lib/python3.10/dist-packages:/opt/erc_ws/install/pal_pro_gripper_description/local/lib/python3.10/dist-packages:/opt/erc_ws/install/omni_base_description/local/lib/python3.10/dist-packages:/opt/erc_ws/install/pal_pro_gripper_wrapper/lib/python3.10/site-packages:/opt/erc_ws/build/erc_solution:/opt/erc_ws/install/erc_solution/lib/python3.10/site-packages:/opt/ros/humble/lib/python3.10/site-packages:/opt/ros/humble/local/lib/python3.10/dist-packages /usr/bin/cmake /opt/erc_ws/src/tiago_pro_head_robot/tiago_pro_head_controller_configuration -DAMENT_CMAKE_SYMLINK_INSTALL=1 -DCMAKE_INSTALL_PREFIX=/opt/erc_ws/install/tiago_pro_head_controller_configuration
[2.671s] DEBUG:colcon.colcon_core.event_handler.log_command:Invoking command in '/opt/erc_ws/build/tiago_pro_head_controller_configuration': AMENT_PREFIX_PATH=/opt/erc_ws/install/launch_pal:/opt/erc_ws/install/tiago_pro_robot:/opt/erc_ws/install/tiago_pro_head_robot:/opt/erc_ws/install/tiago_pro_bringup:/opt/erc_ws/install/tiago_pro_head_bringup:/opt/erc_ws/install/erc_bringup:/opt/erc_ws/install/tiago_pro_description:/opt/erc_ws/install/tiago_pro_head_description:/opt/erc_ws/install/tiago_pro_controller_configuration:/opt/erc_ws/install/tiago_pro_head_controller_configuration:/opt/erc_ws/install/sensors:/opt/erc_ws/install/pal_sea_arm:/opt/erc_ws/install/pal_sea_arm_bringup:/opt/erc_ws/install/pal_sea_arm_description:/opt/erc_ws/install/pal_pro_gripper_simulation:/opt/erc_ws/install/pal_pro_gripper_bringup:/opt/erc_ws/install/pal_pro_gripper:/opt/erc_ws/install/pal_pro_gripper_description:/opt/erc_ws/install/pal_gripper_simulation:/opt/erc_ws/install/pal_gripper:/opt/erc_ws/install/pal_gripper_description:/opt/erc_ws/install/omni_base_robot:/opt/erc_ws/install/omni_base_bringup:/opt/erc_ws/install/omni_base_description:/opt/erc_ws/install/pal_urdf_utils:/opt/erc_ws/install/pal_sea_arm_controller_configuration:/opt/erc_ws/install/pal_pro_gripper_controller_configuration:/opt/erc_ws/install/pal_pro_gripper_wrapper:/opt/erc_ws/install/pal_gripper_controller_configuration:/opt/erc_ws/install/omni_base_controller_configuration:/opt/erc_ws/install/gz_ros2_control:/opt/erc_ws/install/erc_description:/opt/erc_ws/install/erc_solution:/opt/ros/humble CMAKE_PREFIX_PATH=${CMAKE_PREFIX_PATH}:/opt/erc_ws/install/sensors:/opt/erc_ws/install/pal_pro_gripper_wrapper:/opt/erc_ws/install/launch_pal:/opt/erc_ws/install/erc_solution:/opt/ros/humble PYTHONPATH=/opt/erc_ws/build/launch_pal:/opt/erc_ws/install/launch_pal/lib/python3.10/site-packages:/opt/erc_ws/install/tiago_pro_description/local/lib/python3.10/dist-packages:/opt/erc_ws/install/tiago_pro_head_description/local/lib/python3.10/dist-packages:/opt/erc_ws/install/sensors/lib/python3.10/site-packages:/opt/erc_ws/install/pal_sea_arm_description/local/lib/python3.10/dist-packages:/opt/erc_ws/install/pal_pro_gripper_description/local/lib/python3.10/dist-packages:/opt/erc_ws/install/omni_base_description/local/lib/python3.10/dist-packages:/opt/erc_ws/install/pal_pro_gripper_wrapper/lib/python3.10/site-packages:/opt/erc_ws/build/erc_solution:/opt/erc_ws/install/erc_solution/lib/python3.10/site-packages:/opt/ros/humble/lib/python3.10/site-packages:/opt/ros/humble/local/lib/python3.10/dist-packages /usr/bin/cmake --build /opt/erc_ws/build/tiago_pro_head_controller_configuration -- -j16 -l16
[2.702s] DEBUG:colcon.colcon_core.event_handler.log_command:Invoked command in '/opt/erc_ws/build/pal_pro_gripper_controller_configuration' returned '0': AMENT_PREFIX_PATH=/opt/erc_ws/install/pal_pro_gripper_wrapper:/opt/erc_ws/install/launch_pal:/opt/erc_ws/install/tiago_pro_robot:/opt/erc_ws/install/tiago_pro_head_robot:/opt/erc_ws/install/tiago_pro_bringup:/opt/erc_ws/install/tiago_pro_head_bringup:/opt/erc_ws/install/erc_bringup:/opt/erc_ws/install/tiago_pro_description:/opt/erc_ws/install/tiago_pro_head_description:/opt/erc_ws/install/tiago_pro_controller_configuration:/opt/erc_ws/install/tiago_pro_head_controller_configuration:/opt/erc_ws/install/sensors:/opt/erc_ws/install/pal_sea_arm:/opt/erc_ws/install/pal_sea_arm_bringup:/opt/erc_ws/install/pal_sea_arm_description:/opt/erc_ws/install/pal_pro_gripper_simulation:/opt/erc_ws/install/pal_pro_gripper_bringup:/opt/erc_ws/install/pal_pro_gripper:/opt/erc_ws/install/pal_pro_gripper_description:/opt/erc_ws/install/pal_gripper_simulation:/opt/erc_ws/install/pal_gripper:/opt/erc_ws/install/pal_gripper_description:/opt/erc_ws/install/omni_base_robot:/opt/erc_ws/install/omni_base_bringup:/opt/erc_ws/install/omni_base_description:/opt/erc_ws/install/pal_urdf_utils:/opt/erc_ws/install/pal_sea_arm_controller_configuration:/opt/erc_ws/install/pal_pro_gripper_controller_configuration:/opt/erc_ws/install/pal_gripper_controller_configuration:/opt/erc_ws/install/omni_base_controller_configuration:/opt/erc_ws/install/gz_ros2_control:/opt/erc_ws/install/erc_description:/opt/erc_ws/install/erc_solution:/opt/ros/humble CMAKE_PREFIX_PATH=${CMAKE_PREFIX_PATH}:/opt/erc_ws/install/sensors:/opt/erc_ws/install/pal_pro_gripper_wrapper:/opt/erc_ws/install/launch_pal:/opt/erc_ws/install/erc_solution:/opt/ros/humble PYTHONPATH=/opt/erc_ws/build/pal_pro_gripper_wrapper:/opt/erc_ws/install/pal_pro_gripper_wrapper/lib/python3.10/site-packages:/opt/erc_ws/build/launch_pal:/opt/erc_ws/install/launch_pal/lib/python3.10/site-packages:/opt/erc_ws/install/tiago_pro_description/local/lib/python3.10/dist-packages:/opt/erc_ws/install/tiago_pro_head_description/local/lib/python3.10/dist-packages:/opt/erc_ws/install/sensors/lib/python3.10/site-packages:/opt/erc_ws/install/pal_sea_arm_description/local/lib/python3.10/dist-packages:/opt/erc_ws/install/pal_pro_gripper_description/local/lib/python3.10/dist-packages:/opt/erc_ws/install/omni_base_description/local/lib/python3.10/dist-packages:/opt/erc_ws/build/erc_solution:/opt/erc_ws/install/erc_solution/lib/python3.10/site-packages:/opt/ros/humble/lib/python3.10/site-packages:/opt/ros/humble/local/lib/python3.10/dist-packages /usr/bin/cmake /opt/erc_ws/src/pal_pro_gripper/pal_pro_gripper_controller_configuration -DAMENT_CMAKE_SYMLINK_INSTALL=1 -DCMAKE_INSTALL_PREFIX=/opt/erc_ws/install/pal_pro_gripper_controller_configuration
[2.703s] DEBUG:colcon.colcon_core.event_handler.log_command:Invoking command in '/opt/erc_ws/build/pal_pro_gripper_controller_configuration': AMENT_PREFIX_PATH=/opt/erc_ws/install/pal_pro_gripper_wrapper:/opt/erc_ws/install/launch_pal:/opt/erc_ws/install/tiago_pro_robot:/opt/erc_ws/install/tiago_pro_head_robot:/opt/erc_ws/install/tiago_pro_bringup:/opt/erc_ws/install/tiago_pro_head_bringup:/opt/erc_ws/install/erc_bringup:/opt/erc_ws/install/tiago_pro_description:/opt/erc_ws/install/tiago_pro_head_description:/opt/erc_ws/install/tiago_pro_controller_configuration:/opt/erc_ws/install/tiago_pro_head_controller_configuration:/opt/erc_ws/install/sensors:/opt/erc_ws/install/pal_sea_arm:/opt/erc_ws/install/pal_sea_arm_bringup:/opt/erc_ws/install/pal_sea_arm_description:/opt/erc_ws/install/pal_pro_gripper_simulation:/opt/erc_ws/install/pal_pro_gripper_bringup:/opt/erc_ws/install/pal_pro_gripper:/opt/erc_ws/install/pal_pro_gripper_description:/opt/erc_ws/install/pal_gripper_simulation:/opt/erc_ws/install/pal_gripper:/opt/erc_ws/install/pal_gripper_description:/opt/erc_ws/install/omni_base_robot:/opt/erc_ws/install/omni_base_bringup:/opt/erc_ws/install/omni_base_description:/opt/erc_ws/install/pal_urdf_utils:/opt/erc_ws/install/pal_sea_arm_controller_configuration:/opt/erc_ws/install/pal_pro_gripper_controller_configuration:/opt/erc_ws/install/pal_gripper_controller_configuration:/opt/erc_ws/install/omni_base_controller_configuration:/opt/erc_ws/install/gz_ros2_control:/opt/erc_ws/install/erc_description:/opt/erc_ws/install/erc_solution:/opt/ros/humble CMAKE_PREFIX_PATH=${CMAKE_PREFIX_PATH}:/opt/erc_ws/install/sensors:/opt/erc_ws/install/pal_pro_gripper_wrapper:/opt/erc_ws/install/launch_pal:/opt/erc_ws/install/erc_solution:/opt/ros/humble PYTHONPATH=/opt/erc_ws/build/pal_pro_gripper_wrapper:/opt/erc_ws/install/pal_pro_gripper_wrapper/lib/python3.10/site-packages:/opt/erc_ws/build/launch_pal:/opt/erc_ws/install/launch_pal/lib/python3.10/site-packages:/opt/erc_ws/install/tiago_pro_description/local/lib/python3.10/dist-packages:/opt/erc_ws/install/tiago_pro_head_description/local/lib/python3.10/dist-packages:/opt/erc_ws/install/sensors/lib/python3.10/site-packages:/opt/erc_ws/install/pal_sea_arm_description/local/lib/python3.10/dist-packages:/opt/erc_ws/install/pal_pro_gripper_description/local/lib/python3.10/dist-packages:/opt/erc_ws/install/omni_base_description/local/lib/python3.10/dist-packages:/opt/erc_ws/build/erc_solution:/opt/erc_ws/install/erc_solution/lib/python3.10/site-packages:/opt/ros/humble/lib/python3.10/site-packages:/opt/ros/humble/local/lib/python3.10/dist-packages /usr/bin/cmake --build /opt/erc_ws/build/pal_pro_gripper_controller_configuration -- -j16 -l16
[2.704s] DEBUG:colcon.colcon_core.event_handler.log_command:Invoked command in '/opt/erc_ws/build/tiago_pro_head_controller_configuration' returned '0': AMENT_PREFIX_PATH=/opt/erc_ws/install/launch_pal:/opt/erc_ws/install/tiago_pro_robot:/opt/erc_ws/install/tiago_pro_head_robot:/opt/erc_ws/install/tiago_pro_bringup:/opt/erc_ws/install/tiago_pro_head_bringup:/opt/erc_ws/install/erc_bringup:/opt/erc_ws/install/tiago_pro_description:/opt/erc_ws/install/tiago_pro_head_description:/opt/erc_ws/install/tiago_pro_controller_configuration:/opt/erc_ws/install/tiago_pro_head_controller_configuration:/opt/erc_ws/install/sensors:/opt/erc_ws/install/pal_sea_arm:/opt/erc_ws/install/pal_sea_arm_bringup:/opt/erc_ws/install/pal_sea_arm_description:/opt/erc_ws/install/pal_pro_gripper_simulation:/opt/erc_ws/install/pal_pro_gripper_bringup:/opt/erc_ws/install/pal_pro_gripper:/opt/erc_ws/install/pal_pro_gripper_description:/opt/erc_ws/install/pal_gripper_simulation:/opt/erc_ws/install/pal_gripper:/opt/erc_ws/install/pal_gripper_description:/opt/erc_ws/install/omni_base_robot:/opt/erc_ws/install/omni_base_bringup:/opt/erc_ws/install/omni_base_description:/opt/erc_ws/install/pal_urdf_utils:/opt/erc_ws/install/pal_sea_arm_controller_configuration:/opt/erc_ws/install/pal_pro_gripper_controller_configuration:/opt/erc_ws/install/pal_pro_gripper_wrapper:/opt/erc_ws/install/pal_gripper_controller_configuration:/opt/erc_ws/install/omni_base_controller_configuration:/opt/erc_ws/install/gz_ros2_control:/opt/erc_ws/install/erc_description:/opt/erc_ws/install/erc_solution:/opt/ros/humble CMAKE_PREFIX_PATH=${CMAKE_PREFIX_PATH}:/opt/erc_ws/install/sensors:/opt/erc_ws/install/pal_pro_gripper_wrapper:/opt/erc_ws/install/launch_pal:/opt/erc_ws/install/erc_solution:/opt/ros/humble PYTHONPATH=/opt/erc_ws/build/launch_pal:/opt/erc_ws/install/launch_pal/lib/python3.10/site-packages:/opt/erc_ws/install/tiago_pro_description/local/lib/python3.10/dist-packages:/opt/erc_ws/install/tiago_pro_head_description/local/lib/python3.10/dist-packages:/opt/erc_ws/install/sensors/lib/python3.10/site-packages:/opt/erc_ws/install/pal_sea_arm_description/local/lib/python3.10/dist-packages:/opt/erc_ws/install/pal_pro_gripper_description/local/lib/python3.10/dist-packages:/opt/erc_ws/install/omni_base_description/local/lib/python3.10/dist-packages:/opt/erc_ws/install/pal_pro_gripper_wrapper/lib/python3.10/site-packages:/opt/erc_ws/build/erc_solution:/opt/erc_ws/install/erc_solution/lib/python3.10/site-packages:/opt/ros/humble/lib/python3.10/site-packages:/opt/ros/humble/local/lib/python3.10/dist-packages /usr/bin/cmake --build /opt/erc_ws/build/tiago_pro_head_controller_configuration -- -j16 -l16
[2.708s] DEBUG:colcon.colcon_core.event_handler.log_command:Invoking command in '/opt/erc_ws/build/tiago_pro_head_controller_configuration': AMENT_PREFIX_PATH=/opt/erc_ws/install/launch_pal:/opt/erc_ws/install/tiago_pro_robot:/opt/erc_ws/install/tiago_pro_head_robot:/opt/erc_ws/install/tiago_pro_bringup:/opt/erc_ws/install/tiago_pro_head_bringup:/opt/erc_ws/install/erc_bringup:/opt/erc_ws/install/tiago_pro_description:/opt/erc_ws/install/tiago_pro_head_description:/opt/erc_ws/install/tiago_pro_controller_configuration:/opt/erc_ws/install/tiago_pro_head_controller_configuration:/opt/erc_ws/install/sensors:/opt/erc_ws/install/pal_sea_arm:/opt/erc_ws/install/pal_sea_arm_bringup:/opt/erc_ws/install/pal_sea_arm_description:/opt/erc_ws/install/pal_pro_gripper_simulation:/opt/erc_ws/install/pal_pro_gripper_bringup:/opt/erc_ws/install/pal_pro_gripper:/opt/erc_ws/install/pal_pro_gripper_description:/opt/erc_ws/install/pal_gripper_simulation:/opt/erc_ws/install/pal_gripper:/opt/erc_ws/install/pal_gripper_description:/opt/erc_ws/install/omni_base_robot:/opt/erc_ws/install/omni_base_bringup:/opt/erc_ws/install/omni_base_description:/opt/erc_ws/install/pal_urdf_utils:/opt/erc_ws/install/pal_sea_arm_controller_configuration:/opt/erc_ws/install/pal_pro_gripper_controller_configuration:/opt/erc_ws/install/pal_pro_gripper_wrapper:/opt/erc_ws/install/pal_gripper_controller_configuration:/opt/erc_ws/install/omni_base_controller_configuration:/opt/erc_ws/install/gz_ros2_control:/opt/erc_ws/install/erc_description:/opt/erc_ws/install/erc_solution:/opt/ros/humble CMAKE_PREFIX_PATH=${CMAKE_PREFIX_PATH}:/opt/erc_ws/install/sensors:/opt/erc_ws/install/pal_pro_gripper_wrapper:/opt/erc_ws/install/launch_pal:/opt/erc_ws/install/erc_solution:/opt/ros/humble PYTHONPATH=/opt/erc_ws/build/launch_pal:/opt/erc_ws/install/launch_pal/lib/python3.10/site-packages:/opt/erc_ws/install/tiago_pro_description/local/lib/python3.10/dist-packages:/opt/erc_ws/install/tiago_pro_head_description/local/lib/python3.10/dist-packages:/opt/erc_ws/install/sensors/lib/python3.10/site-packages:/opt/erc_ws/install/pal_sea_arm_description/local/lib/python3.10/dist-packages:/opt/erc_ws/install/pal_pro_gripper_description/local/lib/python3.10/dist-packages:/opt/erc_ws/install/omni_base_description/local/lib/python3.10/dist-packages:/opt/erc_ws/install/pal_pro_gripper_wrapper/lib/python3.10/site-packages:/opt/erc_ws/build/erc_solution:/opt/erc_ws/install/erc_solution/lib/python3.10/site-packages:/opt/ros/humble/lib/python3.10/site-packages:/opt/ros/humble/local/lib/python3.10/dist-packages /usr/bin/cmake --install /opt/erc_ws/build/tiago_pro_head_controller_configuration
[2.735s] DEBUG:colcon.colcon_core.event_handler.log_command:Invoked command in '/opt/erc_ws/build/pal_pro_gripper_controller_configuration' returned '0': AMENT_PREFIX_PATH=/opt/erc_ws/install/pal_pro_gripper_wrapper:/opt/erc_ws/install/launch_pal:/opt/erc_ws/install/tiago_pro_robot:/opt/erc_ws/install/tiago_pro_head_robot:/opt/erc_ws/install/tiago_pro_bringup:/opt/erc_ws/install/tiago_pro_head_bringup:/opt/erc_ws/install/erc_bringup:/opt/erc_ws/install/tiago_pro_description:/opt/erc_ws/install/tiago_pro_head_description:/opt/erc_ws/install/tiago_pro_controller_configuration:/opt/erc_ws/install/tiago_pro_head_controller_configuration:/opt/erc_ws/install/sensors:/opt/erc_ws/install/pal_sea_arm:/opt/erc_ws/install/pal_sea_arm_bringup:/opt/erc_ws/install/pal_sea_arm_description:/opt/erc_ws/install/pal_pro_gripper_simulation:/opt/erc_ws/install/pal_pro_gripper_bringup:/opt/erc_ws/install/pal_pro_gripper:/opt/erc_ws/install/pal_pro_gripper_description:/opt/erc_ws/install/pal_gripper_simulation:/opt/erc_ws/install/pal_gripper:/opt/erc_ws/install/pal_gripper_description:/opt/erc_ws/install/omni_base_robot:/opt/erc_ws/install/omni_base_bringup:/opt/erc_ws/install/omni_base_description:/opt/erc_ws/install/pal_urdf_utils:/opt/erc_ws/install/pal_sea_arm_controller_configuration:/opt/erc_ws/install/pal_pro_gripper_controller_configuration:/opt/erc_ws/install/pal_gripper_controller_configuration:/opt/erc_ws/install/omni_base_controller_configuration:/opt/erc_ws/install/gz_ros2_control:/opt/erc_ws/install/erc_description:/opt/erc_ws/install/erc_solution:/opt/ros/humble CMAKE_PREFIX_PATH=${CMAKE_PREFIX_PATH}:/opt/erc_ws/install/sensors:/opt/erc_ws/install/pal_pro_gripper_wrapper:/opt/erc_ws/install/launch_pal:/opt/erc_ws/install/erc_solution:/opt/ros/humble PYTHONPATH=/opt/erc_ws/build/pal_pro_gripper_wrapper:/opt/erc_ws/install/pal_pro_gripper_wrapper/lib/python3.10/site-packages:/opt/erc_ws/build/launch_pal:/opt/erc_ws/install/launch_pal/lib/python3.10/site-packages:/opt/erc_ws/install/tiago_pro_description/local/lib/python3.10/dist-packages:/opt/erc_ws/install/tiago_pro_head_description/local/lib/python3.10/dist-packages:/opt/erc_ws/install/sensors/lib/python3.10/site-packages:/opt/erc_ws/install/pal_sea_arm_description/local/lib/python3.10/dist-packages:/opt/erc_ws/install/pal_pro_gripper_description/local/lib/python3.10/dist-packages:/opt/erc_ws/install/omni_base_description/local/lib/python3.10/dist-packages:/opt/erc_ws/build/erc_solution:/opt/erc_ws/install/erc_solution/lib/python3.10/site-packages:/opt/ros/humble/lib/python3.10/site-packages:/opt/ros/humble/local/lib/python3.10/dist-packages /usr/bin/cmake --build /opt/erc_ws/build/pal_pro_gripper_controller_configuration -- -j16 -l16
[2.738s] DEBUG:colcon.colcon_core.event_handler.log_command:Invoking command in '/opt/erc_ws/build/pal_pro_gripper_controller_configuration': AMENT_PREFIX_PATH=/opt/erc_ws/install/pal_pro_gripper_wrapper:/opt/erc_ws/install/launch_pal:/opt/erc_ws/install/tiago_pro_robot:/opt/erc_ws/install/tiago_pro_head_robot:/opt/erc_ws/install/tiago_pro_bringup:/opt/erc_ws/install/tiago_pro_head_bringup:/opt/erc_ws/install/erc_bringup:/opt/erc_ws/install/tiago_pro_description:/opt/erc_ws/install/tiago_pro_head_description:/opt/erc_ws/install/tiago_pro_controller_configuration:/opt/erc_ws/install/tiago_pro_head_controller_configuration:/opt/erc_ws/install/sensors:/opt/erc_ws/install/pal_sea_arm:/opt/erc_ws/install/pal_sea_arm_bringup:/opt/erc_ws/install/pal_sea_arm_description:/opt/erc_ws/install/pal_pro_gripper_simulation:/opt/erc_ws/install/pal_pro_gripper_bringup:/opt/erc_ws/install/pal_pro_gripper:/opt/erc_ws/install/pal_pro_gripper_description:/opt/erc_ws/install/pal_gripper_simulation:/opt/erc_ws/install/pal_gripper:/opt/erc_ws/install/pal_gripper_description:/opt/erc_ws/install/omni_base_robot:/opt/erc_ws/install/omni_base_bringup:/opt/erc_ws/install/omni_base_description:/opt/erc_ws/install/pal_urdf_utils:/opt/erc_ws/install/pal_sea_arm_controller_configuration:/opt/erc_ws/install/pal_pro_gripper_controller_configuration:/opt/erc_ws/install/pal_gripper_controller_configuration:/opt/erc_ws/install/omni_base_controller_configuration:/opt/erc_ws/install/gz_ros2_control:/opt/erc_ws/install/erc_description:/opt/erc_ws/install/erc_solution:/opt/ros/humble CMAKE_PREFIX_PATH=${CMAKE_PREFIX_PATH}:/opt/erc_ws/install/sensors:/opt/erc_ws/install/pal_pro_gripper_wrapper:/opt/erc_ws/install/launch_pal:/opt/erc_ws/install/erc_solution:/opt/ros/humble PYTHONPATH=/opt/erc_ws/build/pal_pro_gripper_wrapper:/opt/erc_ws/install/pal_pro_gripper_wrapper/lib/python3.10/site-packages:/opt/erc_ws/build/launch_pal:/opt/erc_ws/install/launch_pal/lib/python3.10/site-packages:/opt/erc_ws/install/tiago_pro_description/local/lib/python3.10/dist-packages:/opt/erc_ws/install/tiago_pro_head_description/local/lib/python3.10/dist-packages:/opt/erc_ws/install/sensors/lib/python3.10/site-packages:/opt/erc_ws/install/pal_sea_arm_description/local/lib/python3.10/dist-packages:/opt/erc_ws/install/pal_pro_gripper_description/local/lib/python3.10/dist-packages:/opt/erc_ws/install/omni_base_description/local/lib/python3.10/dist-packages:/opt/erc_ws/build/erc_solution:/opt/erc_ws/install/erc_solution/lib/python3.10/site-packages:/opt/ros/humble/lib/python3.10/site-packages:/opt/ros/humble/local/lib/python3.10/dist-packages /usr/bin/cmake --install /opt/erc_ws/build/pal_pro_gripper_controller_configuration
[2.758s] Level 1:colcon.colcon_core.environment:create_environment_scripts_only(pal_gripper_description)
[2.758s] Level 1:colcon.colcon_core.environment:checking '/opt/erc_ws/install/pal_gripper_description' for CMake module files
[2.759s] DEBUG:colcon.colcon_core.event_handler.log_command:Invoked command in '/opt/erc_ws/build/pal_gripper_description' returned '0': CMAKE_PREFIX_PATH=/opt/erc_ws/install/pal_urdf_utils:/opt/erc_ws/install/tiago_pro_robot:/opt/erc_ws/install/tiago_pro_head_robot:/opt/erc_ws/install/tiago_pro_bringup:/opt/erc_ws/install/tiago_pro_head_bringup:/opt/erc_ws/install/erc_bringup:/opt/erc_ws/install/tiago_pro_description:/opt/erc_ws/install/tiago_pro_head_description:/opt/erc_ws/install/tiago_pro_controller_configuration:/opt/erc_ws/install/tiago_pro_head_controller_configuration:/opt/erc_ws/install/pal_sea_arm:/opt/erc_ws/install/pal_sea_arm_bringup:/opt/erc_ws/install/pal_sea_arm_description:/opt/erc_ws/install/pal_pro_gripper_simulation:/opt/erc_ws/install/pal_pro_gripper_bringup:/opt/erc_ws/install/pal_pro_gripper:/opt/erc_ws/install/pal_pro_gripper_description:/opt/erc_ws/install/pal_gripper_simulation:/opt/erc_ws/install/pal_gripper:/opt/erc_ws/install/pal_gripper_description:/opt/erc_ws/install/omni_base_robot:/opt/erc_ws/install/omni_base_bringup:/opt/erc_ws/install/omni_base_description:/opt/erc_ws/install/pal_sea_arm_controller_configuration:/opt/erc_ws/install/pal_pro_gripper_controller_configuration:/opt/erc_ws/install/pal_gripper_controller_configuration:/opt/erc_ws/install/omni_base_controller_configuration:/opt/erc_ws/install/gz_ros2_control:/opt/erc_ws/install/erc_description:/opt/erc_ws/install/sensors:/opt/erc_ws/install/pal_pro_gripper_wrapper:/opt/erc_ws/install/launch_pal:/opt/erc_ws/install/erc_solution:/opt/ros/humble /usr/bin/cmake --install /opt/erc_ws/build/pal_gripper_description
[2.760s] Level 1:colcon.colcon_core.environment:checking '/opt/erc_ws/install/pal_gripper_description' for CMake config files
[2.761s] Level 1:colcon.colcon_core.shell:create_environment_hook('pal_gripper_description', 'cmake_prefix_path')
[2.761s] INFO:colcon.colcon_core.shell:Creating environment hook '/opt/erc_ws/install/pal_gripper_description/share/pal_gripper_description/hook/cmake_prefix_path.ps1'
[2.762s] INFO:colcon.colcon_core.shell:Creating environment descriptor '/opt/erc_ws/install/pal_gripper_description/share/pal_gripper_description/hook/cmake_prefix_path.dsv'
[2.762s] INFO:colcon.colcon_core.shell:Creating environment hook '/opt/erc_ws/install/pal_gripper_description/share/pal_gripper_description/hook/cmake_prefix_path.sh'
[2.763s] Level 1:colcon.colcon_core.environment:checking '/opt/erc_ws/install/pal_gripper_description/bin'
[2.763s] Level 1:colcon.colcon_core.environment:checking '/opt/erc_ws/install/pal_gripper_description/lib/pkgconfig/pal_gripper_description.pc'
[2.763s] Level 1:colcon.colcon_core.environment:checking '/opt/erc_ws/install/pal_gripper_description/lib/python3.10/site-packages'
[2.764s] Level 1:colcon.colcon_core.environment:checking '/opt/erc_ws/install/pal_gripper_description/bin'
[2.764s] INFO:colcon.colcon_core.shell:Creating package script '/opt/erc_ws/install/pal_gripper_description/share/pal_gripper_description/package.ps1'
[2.766s] INFO:colcon.colcon_core.shell:Creating package descriptor '/opt/erc_ws/install/pal_gripper_description/share/pal_gripper_description/package.dsv'
[2.767s] INFO:colcon.colcon_core.shell:Creating package script '/opt/erc_ws/install/pal_gripper_description/share/pal_gripper_description/package.sh'
[2.767s] INFO:colcon.colcon_core.shell:Creating package script '/opt/erc_ws/install/pal_gripper_description/share/pal_gripper_description/package.bash'
[2.768s] INFO:colcon.colcon_core.shell:Creating package script '/opt/erc_ws/install/pal_gripper_description/share/pal_gripper_description/package.zsh'
[2.768s] Level 1:colcon.colcon_core.environment:create_file_with_runtime_dependencies(/opt/erc_ws/install/pal_gripper_description/share/colcon-core/packages/pal_gripper_description)
[2.769s] Level 1:colcon.colcon_core.environment:create_environment_scripts_only(pal_gripper_description)
[2.769s] Level 1:colcon.colcon_core.environment:checking '/opt/erc_ws/install/pal_gripper_description' for CMake module files
[2.770s] Level 1:colcon.colcon_core.environment:checking '/opt/erc_ws/install/pal_gripper_description' for CMake config files
[2.770s] Level 1:colcon.colcon_core.shell:create_environment_hook('pal_gripper_description', 'cmake_prefix_path')
[2.770s] INFO:colcon.colcon_core.shell:Creating environment hook '/opt/erc_ws/install/pal_gripper_description/share/pal_gripper_description/hook/cmake_prefix_path.ps1'
[2.771s] INFO:colcon.colcon_core.shell:Creating environment descriptor '/opt/erc_ws/install/pal_gripper_description/share/pal_gripper_description/hook/cmake_prefix_path.dsv'
[2.771s] INFO:colcon.colcon_core.shell:Creating environment hook '/opt/erc_ws/install/pal_gripper_description/share/pal_gripper_description/hook/cmake_prefix_path.sh'
[2.771s] Level 1:colcon.colcon_core.environment:checking '/opt/erc_ws/install/pal_gripper_description/bin'
[2.772s] Level 1:colcon.colcon_core.environment:checking '/opt/erc_ws/install/pal_gripper_description/lib/pkgconfig/pal_gripper_description.pc'
[2.772s] Level 1:colcon.colcon_core.environment:checking '/opt/erc_ws/install/pal_gripper_description/lib/python3.10/site-packages'
[2.773s] Level 1:colcon.colcon_core.environment:checking '/opt/erc_ws/install/pal_gripper_description/bin'
[2.773s] INFO:colcon.colcon_core.shell:Creating package script '/opt/erc_ws/install/pal_gripper_description/share/pal_gripper_description/package.ps1'
[2.774s] INFO:colcon.colcon_core.shell:Creating package descriptor '/opt/erc_ws/install/pal_gripper_description/share/pal_gripper_description/package.dsv'
[2.775s] INFO:colcon.colcon_core.shell:Creating package script '/opt/erc_ws/install/pal_gripper_description/share/pal_gripper_description/package.sh'
[2.776s] INFO:colcon.colcon_core.shell:Creating package script '/opt/erc_ws/install/pal_gripper_description/share/pal_gripper_description/package.bash'
[2.776s] INFO:colcon.colcon_core.shell:Creating package script '/opt/erc_ws/install/pal_gripper_description/share/pal_gripper_description/package.zsh'
[2.778s] Level 1:colcon.colcon_core.environment:create_file_with_runtime_dependencies(/opt/erc_ws/install/pal_gripper_description/share/colcon-core/packages/pal_gripper_description)
[2.779s] INFO:colcon.colcon_ros.task.ament_cmake.build:Building ROS package in '/opt/erc_ws/src/pal_gripper/pal_gripper' with build type 'ament_cmake'
[2.779s] INFO:colcon.colcon_cmake.task.cmake.build:Building CMake package in '/opt/erc_ws/src/pal_gripper/pal_gripper'
[2.779s] INFO:colcon.colcon_core.shell:Skip shell extension 'powershell' for command environment: Not usable outside of PowerShell
[2.779s] DEBUG:colcon.colcon_core.shell:Skip shell extension 'dsv' for command environment
[2.788s] INFO:colcon.colcon_ros.task.ament_cmake.build:Building ROS package in '/opt/erc_ws/src/pal_gripper/pal_gripper_simulation' with build type 'ament_cmake'
[2.788s] INFO:colcon.colcon_cmake.task.cmake.build:Building CMake package in '/opt/erc_ws/src/pal_gripper/pal_gripper_simulation'
[2.789s] INFO:colcon.colcon_core.shell:Skip shell extension 'powershell' for command environment: Not usable outside of PowerShell
[2.789s] DEBUG:colcon.colcon_core.shell:Skip shell extension 'dsv' for command environment
[2.799s] DEBUG:colcon.colcon_core.event_handler.log_command:Invoked command in '/opt/erc_ws/build/pal_pro_gripper_description' returned '0': CMAKE_PREFIX_PATH=/opt/erc_ws/install/pal_urdf_utils:/opt/erc_ws/install/tiago_pro_robot:/opt/erc_ws/install/tiago_pro_head_robot:/opt/erc_ws/install/tiago_pro_bringup:/opt/erc_ws/install/tiago_pro_head_bringup:/opt/erc_ws/install/erc_bringup:/opt/erc_ws/install/tiago_pro_description:/opt/erc_ws/install/tiago_pro_head_description:/opt/erc_ws/install/tiago_pro_controller_configuration:/opt/erc_ws/install/tiago_pro_head_controller_configuration:/opt/erc_ws/install/pal_sea_arm:/opt/erc_ws/install/pal_sea_arm_bringup:/opt/erc_ws/install/pal_sea_arm_description:/opt/erc_ws/install/pal_pro_gripper_simulation:/opt/erc_ws/install/pal_pro_gripper_bringup:/opt/erc_ws/install/pal_pro_gripper:/opt/erc_ws/install/pal_pro_gripper_description:/opt/erc_ws/install/pal_gripper_simulation:/opt/erc_ws/install/pal_gripper:/opt/erc_ws/install/pal_gripper_description:/opt/erc_ws/install/omni_base_robot:/opt/erc_ws/install/omni_base_bringup:/opt/erc_ws/install/omni_base_description:/opt/erc_ws/install/pal_sea_arm_controller_configuration:/opt/erc_ws/install/pal_pro_gripper_controller_configuration:/opt/erc_ws/install/pal_gripper_controller_configuration:/opt/erc_ws/install/omni_base_controller_configuration:/opt/erc_ws/install/gz_ros2_control:/opt/erc_ws/install/erc_description:/opt/erc_ws/install/sensors:/opt/erc_ws/install/pal_pro_gripper_wrapper:/opt/erc_ws/install/launch_pal:/opt/erc_ws/install/erc_solution:/opt/ros/humble /usr/bin/cmake --build /opt/erc_ws/build/pal_pro_gripper_description -- -j16 -l16
[2.802s] DEBUG:colcon.colcon_core.event_handler.log_command:Invoking command in '/opt/erc_ws/build/pal_pro_gripper_description': CMAKE_PREFIX_PATH=/opt/erc_ws/install/pal_urdf_utils:/opt/erc_ws/install/tiago_pro_robot:/opt/erc_ws/install/tiago_pro_head_robot:/opt/erc_ws/install/tiago_pro_bringup:/opt/erc_ws/install/tiago_pro_head_bringup:/opt/erc_ws/install/erc_bringup:/opt/erc_ws/install/tiago_pro_description:/opt/erc_ws/install/tiago_pro_head_description:/opt/erc_ws/install/tiago_pro_controller_configuration:/opt/erc_ws/install/tiago_pro_head_controller_configuration:/opt/erc_ws/install/pal_sea_arm:/opt/erc_ws/install/pal_sea_arm_bringup:/opt/erc_ws/install/pal_sea_arm_description:/opt/erc_ws/install/pal_pro_gripper_simulation:/opt/erc_ws/install/pal_pro_gripper_bringup:/opt/erc_ws/install/pal_pro_gripper:/opt/erc_ws/install/pal_pro_gripper_description:/opt/erc_ws/install/pal_gripper_simulation:/opt/erc_ws/install/pal_gripper:/opt/erc_ws/install/pal_gripper_description:/opt/erc_ws/install/omni_base_robot:/opt/erc_ws/install/omni_base_bringup:/opt/erc_ws/install/omni_base_description:/opt/erc_ws/install/pal_sea_arm_controller_configuration:/opt/erc_ws/install/pal_pro_gripper_controller_configuration:/opt/erc_ws/install/pal_gripper_controller_configuration:/opt/erc_ws/install/omni_base_controller_configuration:/opt/erc_ws/install/gz_ros2_control:/opt/erc_ws/install/erc_description:/opt/erc_ws/install/sensors:/opt/erc_ws/install/pal_pro_gripper_wrapper:/opt/erc_ws/install/launch_pal:/opt/erc_ws/install/erc_solution:/opt/ros/humble /usr/bin/cmake --install /opt/erc_ws/build/pal_pro_gripper_description
[2.816s] DEBUG:colcon.colcon_core.event_handler.log_command:Invoking command in '/opt/erc_ws/build/pal_gripper': CMAKE_PREFIX_PATH=/opt/erc_ws/install/pal_gripper_description:/opt/erc_ws/install/pal_urdf_utils:/opt/erc_ws/install/pal_gripper_controller_configuration:/opt/erc_ws/install/tiago_pro_robot:/opt/erc_ws/install/tiago_pro_head_robot:/opt/erc_ws/install/tiago_pro_bringup:/opt/erc_ws/install/tiago_pro_head_bringup:/opt/erc_ws/install/erc_bringup:/opt/erc_ws/install/tiago_pro_description:/opt/erc_ws/install/tiago_pro_head_description:/opt/erc_ws/install/tiago_pro_controller_configuration:/opt/erc_ws/install/tiago_pro_head_controller_configuration:/opt/erc_ws/install/pal_sea_arm:/opt/erc_ws/install/pal_sea_arm_bringup:/opt/erc_ws/install/pal_sea_arm_description:/opt/erc_ws/install/pal_pro_gripper_simulation:/opt/erc_ws/install/pal_pro_gripper_bringup:/opt/erc_ws/install/pal_pro_gripper:/opt/erc_ws/install/pal_pro_gripper_description:/opt/erc_ws/install/pal_gripper_simulation:/opt/erc_ws/install/pal_gripper:/opt/erc_ws/install/omni_base_robot:/opt/erc_ws/install/omni_base_bringup:/opt/erc_ws/install/omni_base_description:/opt/erc_ws/install/pal_sea_arm_controller_configuration:/opt/erc_ws/install/pal_pro_gripper_controller_configuration:/opt/erc_ws/install/omni_base_controller_configuration:/opt/erc_ws/install/gz_ros2_control:/opt/erc_ws/install/erc_description:/opt/erc_ws/install/sensors:/opt/erc_ws/install/pal_pro_gripper_wrapper:/opt/erc_ws/install/launch_pal:/opt/erc_ws/install/erc_solution:/opt/ros/humble /usr/bin/cmake /opt/erc_ws/src/pal_gripper/pal_gripper -DAMENT_CMAKE_SYMLINK_INSTALL=1 -DCMAKE_INSTALL_PREFIX=/opt/erc_ws/install/pal_gripper
[2.821s] DEBUG:colcon.colcon_core.event_handler.log_command:Invoking command in '/opt/erc_ws/build/pal_gripper_simulation': CMAKE_PREFIX_PATH=/opt/erc_ws/install/pal_gripper_description:/opt/erc_ws/install/pal_urdf_utils:/opt/erc_ws/install/pal_gripper_controller_configuration:/opt/erc_ws/install/tiago_pro_robot:/opt/erc_ws/install/tiago_pro_head_robot:/opt/erc_ws/install/tiago_pro_bringup:/opt/erc_ws/install/tiago_pro_head_bringup:/opt/erc_ws/install/erc_bringup:/opt/erc_ws/install/tiago_pro_description:/opt/erc_ws/install/tiago_pro_head_description:/opt/erc_ws/install/tiago_pro_controller_configuration:/opt/erc_ws/install/tiago_pro_head_controller_configuration:/opt/erc_ws/install/pal_sea_arm:/opt/erc_ws/install/pal_sea_arm_bringup:/opt/erc_ws/install/pal_sea_arm_description:/opt/erc_ws/install/pal_pro_gripper_simulation:/opt/erc_ws/install/pal_pro_gripper_bringup:/opt/erc_ws/install/pal_pro_gripper:/opt/erc_ws/install/pal_pro_gripper_description:/opt/erc_ws/install/pal_gripper_simulation:/opt/erc_ws/install/pal_gripper:/opt/erc_ws/install/omni_base_robot:/opt/erc_ws/install/omni_base_bringup:/opt/erc_ws/install/omni_base_description:/opt/erc_ws/install/pal_sea_arm_controller_configuration:/opt/erc_ws/install/pal_pro_gripper_controller_configuration:/opt/erc_ws/install/omni_base_controller_configuration:/opt/erc_ws/install/gz_ros2_control:/opt/erc_ws/install/erc_description:/opt/erc_ws/install/sensors:/opt/erc_ws/install/pal_pro_gripper_wrapper:/opt/erc_ws/install/launch_pal:/opt/erc_ws/install/erc_solution:/opt/ros/humble /usr/bin/cmake /opt/erc_ws/src/pal_gripper/pal_gripper_simulation -DAMENT_CMAKE_SYMLINK_INSTALL=1 -DCMAKE_INSTALL_PREFIX=/opt/erc_ws/install/pal_gripper_simulation
[2.846s] Level 1:colcon.colcon_core.environment:create_environment_scripts_only(tiago_pro_head_controller_configuration)
[2.847s] Level 1:colcon.colcon_core.environment:checking '/opt/erc_ws/install/tiago_pro_head_controller_configuration' for CMake module files
[2.848s] DEBUG:colcon.colcon_core.event_handler.log_command:Invoked command in '/opt/erc_ws/build/tiago_pro_head_controller_configuration' returned '0': AMENT_PREFIX_PATH=/opt/erc_ws/install/launch_pal:/opt/erc_ws/install/tiago_pro_robot:/opt/erc_ws/install/tiago_pro_head_robot:/opt/erc_ws/install/tiago_pro_bringup:/opt/erc_ws/install/tiago_pro_head_bringup:/opt/erc_ws/install/erc_bringup:/opt/erc_ws/install/tiago_pro_description:/opt/erc_ws/install/tiago_pro_head_description:/opt/erc_ws/install/tiago_pro_controller_configuration:/opt/erc_ws/install/tiago_pro_head_controller_configuration:/opt/erc_ws/install/sensors:/opt/erc_ws/install/pal_sea_arm:/opt/erc_ws/install/pal_sea_arm_bringup:/opt/erc_ws/install/pal_sea_arm_description:/opt/erc_ws/install/pal_pro_gripper_simulation:/opt/erc_ws/install/pal_pro_gripper_bringup:/opt/erc_ws/install/pal_pro_gripper:/opt/erc_ws/install/pal_pro_gripper_description:/opt/erc_ws/install/pal_gripper_simulation:/opt/erc_ws/install/pal_gripper:/opt/erc_ws/install/pal_gripper_description:/opt/erc_ws/install/omni_base_robot:/opt/erc_ws/install/omni_base_bringup:/opt/erc_ws/install/omni_base_description:/opt/erc_ws/install/pal_urdf_utils:/opt/erc_ws/install/pal_sea_arm_controller_configuration:/opt/erc_ws/install/pal_pro_gripper_controller_configuration:/opt/erc_ws/install/pal_pro_gripper_wrapper:/opt/erc_ws/install/pal_gripper_controller_configuration:/opt/erc_ws/install/omni_base_controller_configuration:/opt/erc_ws/install/gz_ros2_control:/opt/erc_ws/install/erc_description:/opt/erc_ws/install/erc_solution:/opt/ros/humble CMAKE_PREFIX_PATH=${CMAKE_PREFIX_PATH}:/opt/erc_ws/install/sensors:/opt/erc_ws/install/pal_pro_gripper_wrapper:/opt/erc_ws/install/launch_pal:/opt/erc_ws/install/erc_solution:/opt/ros/humble PYTHONPATH=/opt/erc_ws/build/launch_pal:/opt/erc_ws/install/launch_pal/lib/python3.10/site-packages:/opt/erc_ws/install/tiago_pro_description/local/lib/python3.10/dist-packages:/opt/erc_ws/install/tiago_pro_head_description/local/lib/python3.10/dist-packages:/opt/erc_ws/install/sensors/lib/python3.10/site-packages:/opt/erc_ws/install/pal_sea_arm_description/local/lib/python3.10/dist-packages:/opt/erc_ws/install/pal_pro_gripper_description/local/lib/python3.10/dist-packages:/opt/erc_ws/install/omni_base_description/local/lib/python3.10/dist-packages:/opt/erc_ws/install/pal_pro_gripper_wrapper/lib/python3.10/site-packages:/opt/erc_ws/build/erc_solution:/opt/erc_ws/install/erc_solution/lib/python3.10/site-packages:/opt/ros/humble/lib/python3.10/site-packages:/opt/ros/humble/local/lib/python3.10/dist-packages /usr/bin/cmake --install /opt/erc_ws/build/tiago_pro_head_controller_configuration
[2.851s] Level 1:colcon.colcon_core.environment:checking '/opt/erc_ws/install/tiago_pro_head_controller_configuration' for CMake config files
[2.851s] Level 1:colcon.colcon_core.shell:create_environment_hook('tiago_pro_head_controller_configuration', 'cmake_prefix_path')
[2.851s] INFO:colcon.colcon_core.shell:Creating environment hook '/opt/erc_ws/install/tiago_pro_head_controller_configuration/share/tiago_pro_head_controller_configuration/hook/cmake_prefix_path.ps1'
[2.853s] INFO:colcon.colcon_core.shell:Creating environment descriptor '/opt/erc_ws/install/tiago_pro_head_controller_configuration/share/tiago_pro_head_controller_configuration/hook/cmake_prefix_path.dsv'
[2.853s] INFO:colcon.colcon_core.shell:Creating environment hook '/opt/erc_ws/install/tiago_pro_head_controller_configuration/share/tiago_pro_head_controller_configuration/hook/cmake_prefix_path.sh'
[2.854s] Level 1:colcon.colcon_core.environment:checking '/opt/erc_ws/install/tiago_pro_head_controller_configuration/bin'
[2.855s] Level 1:colcon.colcon_core.environment:checking '/opt/erc_ws/install/tiago_pro_head_controller_configuration/lib/pkgconfig/tiago_pro_head_controller_configuration.pc'
[2.855s] Level 1:colcon.colcon_core.environment:checking '/opt/erc_ws/install/tiago_pro_head_controller_configuration/lib/python3.10/site-packages'
[2.855s] Level 1:colcon.colcon_core.environment:checking '/opt/erc_ws/install/tiago_pro_head_controller_configuration/bin'
[2.855s] INFO:colcon.colcon_core.shell:Creating package script '/opt/erc_ws/install/tiago_pro_head_controller_configuration/share/tiago_pro_head_controller_configuration/package.ps1'
[2.858s] INFO:colcon.colcon_core.shell:Creating package descriptor '/opt/erc_ws/install/tiago_pro_head_controller_configuration/share/tiago_pro_head_controller_configuration/package.dsv'
[2.860s] INFO:colcon.colcon_core.shell:Creating package script '/opt/erc_ws/install/tiago_pro_head_controller_configuration/share/tiago_pro_head_controller_configuration/package.sh'
[2.861s] INFO:colcon.colcon_core.shell:Creating package script '/opt/erc_ws/install/tiago_pro_head_controller_configuration/share/tiago_pro_head_controller_configuration/package.bash'
[2.862s] INFO:colcon.colcon_core.shell:Creating package script '/opt/erc_ws/install/tiago_pro_head_controller_configuration/share/tiago_pro_head_controller_configuration/package.zsh'
[2.865s] Level 1:colcon.colcon_core.environment:create_file_with_runtime_dependencies(/opt/erc_ws/install/tiago_pro_head_controller_configuration/share/colcon-core/packages/tiago_pro_head_controller_configuration)
[2.866s] Level 1:colcon.colcon_core.environment:create_environment_scripts_only(tiago_pro_head_controller_configuration)
[2.866s] Level 1:colcon.colcon_core.environment:checking '/opt/erc_ws/install/tiago_pro_head_controller_configuration' for CMake module files
[2.869s] Level 1:colcon.colcon_core.environment:checking '/opt/erc_ws/install/tiago_pro_head_controller_configuration' for CMake config files
[2.869s] Level 1:colcon.colcon_core.shell:create_environment_hook('tiago_pro_head_controller_configuration', 'cmake_prefix_path')
[2.869s] INFO:colcon.colcon_core.shell:Creating environment hook '/opt/erc_ws/install/tiago_pro_head_controller_configuration/share/tiago_pro_head_controller_configuration/hook/cmake_prefix_path.ps1'
[2.871s] INFO:colcon.colcon_core.shell:Creating environment descriptor '/opt/erc_ws/install/tiago_pro_head_controller_configuration/share/tiago_pro_head_controller_configuration/hook/cmake_prefix_path.dsv'
[2.872s] INFO:colcon.colcon_core.shell:Creating environment hook '/opt/erc_ws/install/tiago_pro_head_controller_configuration/share/tiago_pro_head_controller_configuration/hook/cmake_prefix_path.sh'
[2.872s] Level 1:colcon.colcon_core.environment:checking '/opt/erc_ws/install/tiago_pro_head_controller_configuration/bin'
[2.872s] Level 1:colcon.colcon_core.environment:checking '/opt/erc_ws/install/tiago_pro_head_controller_configuration/lib/pkgconfig/tiago_pro_head_controller_configuration.pc'
[2.872s] Level 1:colcon.colcon_core.environment:checking '/opt/erc_ws/install/tiago_pro_head_controller_configuration/lib/python3.10/site-packages'
[2.873s] Level 1:colcon.colcon_core.environment:checking '/opt/erc_ws/install/tiago_pro_head_controller_configuration/bin'
[2.873s] INFO:colcon.colcon_core.shell:Creating package script '/opt/erc_ws/install/tiago_pro_head_controller_configuration/share/tiago_pro_head_controller_configuration/package.ps1'
[2.874s] INFO:colcon.colcon_core.shell:Creating package descriptor '/opt/erc_ws/install/tiago_pro_head_controller_configuration/share/tiago_pro_head_controller_configuration/package.dsv'
[2.874s] INFO:colcon.colcon_core.shell:Creating package script '/opt/erc_ws/install/tiago_pro_head_controller_configuration/share/tiago_pro_head_controller_configuration/package.sh'
[2.874s] INFO:colcon.colcon_core.shell:Creating package script '/opt/erc_ws/install/tiago_pro_head_controller_configuration/share/tiago_pro_head_controller_configuration/package.bash'
[2.875s] INFO:colcon.colcon_core.shell:Creating package script '/opt/erc_ws/install/tiago_pro_head_controller_configuration/share/tiago_pro_head_controller_configuration/package.zsh'
[2.875s] Level 1:colcon.colcon_core.environment:create_file_with_runtime_dependencies(/opt/erc_ws/install/tiago_pro_head_controller_configuration/share/colcon-core/packages/tiago_pro_head_controller_configuration)
[2.876s] INFO:colcon.colcon_ros.task.ament_cmake.build:Building ROS package in '/opt/erc_ws/src/tiago_pro_head_robot/tiago_pro_head_description' with build type 'ament_cmake'
[2.876s] INFO:colcon.colcon_cmake.task.cmake.build:Building CMake package in '/opt/erc_ws/src/tiago_pro_head_robot/tiago_pro_head_description'
[2.876s] INFO:colcon.colcon_core.shell:Skip shell extension 'powershell' for command environment: Not usable outside of PowerShell
[2.876s] DEBUG:colcon.colcon_core.shell:Skip shell extension 'dsv' for command environment
[2.890s] Level 1:colcon.colcon_core.environment:create_environment_scripts_only(pal_pro_gripper_controller_configuration)
[2.890s] Level 1:colcon.colcon_core.environment:checking '/opt/erc_ws/install/pal_pro_gripper_controller_configuration' for CMake module files
[2.891s] DEBUG:colcon.colcon_core.event_handler.log_command:Invoked command in '/opt/erc_ws/build/pal_pro_gripper_controller_configuration' returned '0': AMENT_PREFIX_PATH=/opt/erc_ws/install/pal_pro_gripper_wrapper:/opt/erc_ws/install/launch_pal:/opt/erc_ws/install/tiago_pro_robot:/opt/erc_ws/install/tiago_pro_head_robot:/opt/erc_ws/install/tiago_pro_bringup:/opt/erc_ws/install/tiago_pro_head_bringup:/opt/erc_ws/install/erc_bringup:/opt/erc_ws/install/tiago_pro_description:/opt/erc_ws/install/tiago_pro_head_description:/opt/erc_ws/install/tiago_pro_controller_configuration:/opt/erc_ws/install/tiago_pro_head_controller_configuration:/opt/erc_ws/install/sensors:/opt/erc_ws/install/pal_sea_arm:/opt/erc_ws/install/pal_sea_arm_bringup:/opt/erc_ws/install/pal_sea_arm_description:/opt/erc_ws/install/pal_pro_gripper_simulation:/opt/erc_ws/install/pal_pro_gripper_bringup:/opt/erc_ws/install/pal_pro_gripper:/opt/erc_ws/install/pal_pro_gripper_description:/opt/erc_ws/install/pal_gripper_simulation:/opt/erc_ws/install/pal_gripper:/opt/erc_ws/install/pal_gripper_description:/opt/erc_ws/install/omni_base_robot:/opt/erc_ws/install/omni_base_bringup:/opt/erc_ws/install/omni_base_description:/opt/erc_ws/install/pal_urdf_utils:/opt/erc_ws/install/pal_sea_arm_controller_configuration:/opt/erc_ws/install/pal_pro_gripper_controller_configuration:/opt/erc_ws/install/pal_gripper_controller_configuration:/opt/erc_ws/install/omni_base_controller_configuration:/opt/erc_ws/install/gz_ros2_control:/opt/erc_ws/install/erc_description:/opt/erc_ws/install/erc_solution:/opt/ros/humble CMAKE_PREFIX_PATH=${CMAKE_PREFIX_PATH}:/opt/erc_ws/install/sensors:/opt/erc_ws/install/pal_pro_gripper_wrapper:/opt/erc_ws/install/launch_pal:/opt/erc_ws/install/erc_solution:/opt/ros/humble PYTHONPATH=/opt/erc_ws/build/pal_pro_gripper_wrapper:/opt/erc_ws/install/pal_pro_gripper_wrapper/lib/python3.10/site-packages:/opt/erc_ws/build/launch_pal:/opt/erc_ws/install/launch_pal/lib/python3.10/site-packages:/opt/erc_ws/install/tiago_pro_description/local/lib/python3.10/dist-packages:/opt/erc_ws/install/tiago_pro_head_description/local/lib/python3.10/dist-packages:/opt/erc_ws/install/sensors/lib/python3.10/site-packages:/opt/erc_ws/install/pal_sea_arm_description/local/lib/python3.10/dist-packages:/opt/erc_ws/install/pal_pro_gripper_description/local/lib/python3.10/dist-packages:/opt/erc_ws/install/omni_base_description/local/lib/python3.10/dist-packages:/opt/erc_ws/build/erc_solution:/opt/erc_ws/install/erc_solution/lib/python3.10/site-packages:/opt/ros/humble/lib/python3.10/site-packages:/opt/ros/humble/local/lib/python3.10/dist-packages /usr/bin/cmake --install /opt/erc_ws/build/pal_pro_gripper_controller_configuration
[2.892s] Level 1:colcon.colcon_core.environment:checking '/opt/erc_ws/install/pal_pro_gripper_controller_configuration' for CMake config files
[2.892s] Level 1:colcon.colcon_core.shell:create_environment_hook('pal_pro_gripper_controller_configuration', 'cmake_prefix_path')
[2.892s] INFO:colcon.colcon_core.shell:Creating environment hook '/opt/erc_ws/install/pal_pro_gripper_controller_configuration/share/pal_pro_gripper_controller_configuration/hook/cmake_prefix_path.ps1'
[2.893s] INFO:colcon.colcon_core.shell:Creating environment descriptor '/opt/erc_ws/install/pal_pro_gripper_controller_configuration/share/pal_pro_gripper_controller_configuration/hook/cmake_prefix_path.dsv'
[2.894s] INFO:colcon.colcon_core.shell:Creating environment hook '/opt/erc_ws/install/pal_pro_gripper_controller_configuration/share/pal_pro_gripper_controller_configuration/hook/cmake_prefix_path.sh'
[2.894s] Level 1:colcon.colcon_core.environment:checking '/opt/erc_ws/install/pal_pro_gripper_controller_configuration/bin'
[2.894s] Level 1:colcon.colcon_core.environment:checking '/opt/erc_ws/install/pal_pro_gripper_controller_configuration/lib/pkgconfig/pal_pro_gripper_controller_configuration.pc'
[2.894s] Level 1:colcon.colcon_core.environment:checking '/opt/erc_ws/install/pal_pro_gripper_controller_configuration/lib/python3.10/site-packages'
[2.894s] Level 1:colcon.colcon_core.environment:checking '/opt/erc_ws/install/pal_pro_gripper_controller_configuration/bin'
[2.895s] INFO:colcon.colcon_core.shell:Creating package script '/opt/erc_ws/install/pal_pro_gripper_controller_configuration/share/pal_pro_gripper_controller_configuration/package.ps1'
[2.896s] INFO:colcon.colcon_core.shell:Creating package descriptor '/opt/erc_ws/install/pal_pro_gripper_controller_configuration/share/pal_pro_gripper_controller_configuration/package.dsv'
[2.898s] INFO:colcon.colcon_core.shell:Creating package script '/opt/erc_ws/install/pal_pro_gripper_controller_configuration/share/pal_pro_gripper_controller_configuration/package.sh'
[2.899s] INFO:colcon.colcon_core.shell:Creating package script '/opt/erc_ws/install/pal_pro_gripper_controller_configuration/share/pal_pro_gripper_controller_configuration/package.bash'
[2.899s] INFO:colcon.colcon_core.shell:Creating package script '/opt/erc_ws/install/pal_pro_gripper_controller_configuration/share/pal_pro_gripper_controller_configuration/package.zsh'
[2.899s] Level 1:colcon.colcon_core.environment:create_file_with_runtime_dependencies(/opt/erc_ws/install/pal_pro_gripper_controller_configuration/share/colcon-core/packages/pal_pro_gripper_controller_configuration)
[2.902s] Level 1:colcon.colcon_core.environment:create_environment_scripts_only(pal_pro_gripper_controller_configuration)
[2.902s] Level 1:colcon.colcon_core.environment:checking '/opt/erc_ws/install/pal_pro_gripper_controller_configuration' for CMake module files
[2.903s] Level 1:colcon.colcon_core.environment:checking '/opt/erc_ws/install/pal_pro_gripper_controller_configuration' for CMake config files
[2.905s] Level 1:colcon.colcon_core.shell:create_environment_hook('pal_pro_gripper_controller_configuration', 'cmake_prefix_path')
[2.906s] INFO:colcon.colcon_core.shell:Creating environment hook '/opt/erc_ws/install/pal_pro_gripper_controller_configuration/share/pal_pro_gripper_controller_configuration/hook/cmake_prefix_path.ps1'
[2.906s] INFO:colcon.colcon_core.shell:Creating environment descriptor '/opt/erc_ws/install/pal_pro_gripper_controller_configuration/share/pal_pro_gripper_controller_configuration/hook/cmake_prefix_path.dsv'
[2.907s] INFO:colcon.colcon_core.shell:Creating environment hook '/opt/erc_ws/install/pal_pro_gripper_controller_configuration/share/pal_pro_gripper_controller_configuration/hook/cmake_prefix_path.sh'
[2.907s] Level 1:colcon.colcon_core.environment:checking '/opt/erc_ws/install/pal_pro_gripper_controller_configuration/bin'
[2.908s] Level 1:colcon.colcon_core.environment:checking '/opt/erc_ws/install/pal_pro_gripper_controller_configuration/lib/pkgconfig/pal_pro_gripper_controller_configuration.pc'
[2.908s] Level 1:colcon.colcon_core.environment:checking '/opt/erc_ws/install/pal_pro_gripper_controller_configuration/lib/python3.10/site-packages'
[2.908s] Level 1:colcon.colcon_core.environment:checking '/opt/erc_ws/install/pal_pro_gripper_controller_configuration/bin'
[2.908s] INFO:colcon.colcon_core.shell:Creating package script '/opt/erc_ws/install/pal_pro_gripper_controller_configuration/share/pal_pro_gripper_controller_configuration/package.ps1'
[2.910s] INFO:colcon.colcon_core.shell:Creating package descriptor '/opt/erc_ws/install/pal_pro_gripper_controller_configuration/share/pal_pro_gripper_controller_configuration/package.dsv'
[2.911s] INFO:colcon.colcon_core.shell:Creating package script '/opt/erc_ws/install/pal_pro_gripper_controller_configuration/share/pal_pro_gripper_controller_configuration/package.sh'
[2.912s] INFO:colcon.colcon_core.shell:Creating package script '/opt/erc_ws/install/pal_pro_gripper_controller_configuration/share/pal_pro_gripper_controller_configuration/package.bash'
[2.913s] INFO:colcon.colcon_core.shell:Creating package script '/opt/erc_ws/install/pal_pro_gripper_controller_configuration/share/pal_pro_gripper_controller_configuration/package.zsh'
[2.914s] Level 1:colcon.colcon_core.environment:create_file_with_runtime_dependencies(/opt/erc_ws/install/pal_pro_gripper_controller_configuration/share/colcon-core/packages/pal_pro_gripper_controller_configuration)
[2.916s] INFO:colcon.colcon_ros.task.ament_cmake.build:Building ROS package in '/opt/erc_ws/src/pal_sea_arm/pal_sea_arm_controller_configuration' with build type 'ament_cmake'
[2.916s] INFO:colcon.colcon_cmake.task.cmake.build:Building CMake package in '/opt/erc_ws/src/pal_sea_arm/pal_sea_arm_controller_configuration'
[2.916s] INFO:colcon.colcon_core.shell:Skip shell extension 'powershell' for command environment: Not usable outside of PowerShell
[2.916s] DEBUG:colcon.colcon_core.shell:Skip shell extension 'dsv' for command environment
[2.932s] DEBUG:colcon.colcon_core.event_handler.log_command:Invoking command in '/opt/erc_ws/build/tiago_pro_head_description': AMENT_PREFIX_PATH=/opt/erc_ws/install/launch_pal:/opt/erc_ws/install/tiago_pro_robot:/opt/erc_ws/install/tiago_pro_head_robot:/opt/erc_ws/install/tiago_pro_bringup:/opt/erc_ws/install/tiago_pro_head_bringup:/opt/erc_ws/install/erc_bringup:/opt/erc_ws/install/tiago_pro_description:/opt/erc_ws/install/tiago_pro_head_description:/opt/erc_ws/install/tiago_pro_controller_configuration:/opt/erc_ws/install/tiago_pro_head_controller_configuration:/opt/erc_ws/install/sensors:/opt/erc_ws/install/pal_sea_arm:/opt/erc_ws/install/pal_sea_arm_bringup:/opt/erc_ws/install/pal_sea_arm_description:/opt/erc_ws/install/pal_pro_gripper_simulation:/opt/erc_ws/install/pal_pro_gripper_bringup:/opt/erc_ws/install/pal_pro_gripper:/opt/erc_ws/install/pal_pro_gripper_description:/opt/erc_ws/install/pal_gripper_simulation:/opt/erc_ws/install/pal_gripper:/opt/erc_ws/install/pal_gripper_description:/opt/erc_ws/install/omni_base_robot:/opt/erc_ws/install/omni_base_bringup:/opt/erc_ws/install/omni_base_description:/opt/erc_ws/install/pal_urdf_utils:/opt/erc_ws/install/pal_sea_arm_controller_configuration:/opt/erc_ws/install/pal_pro_gripper_controller_configuration:/opt/erc_ws/install/pal_pro_gripper_wrapper:/opt/erc_ws/install/pal_gripper_controller_configuration:/opt/erc_ws/install/omni_base_controller_configuration:/opt/erc_ws/install/gz_ros2_control:/opt/erc_ws/install/erc_description:/opt/erc_ws/install/erc_solution:/opt/ros/humble CMAKE_PREFIX_PATH=/opt/erc_ws/install/tiago_pro_head_controller_configuration:/opt/erc_ws/install/pal_urdf_utils:/opt/erc_ws/install/tiago_pro_robot:/opt/erc_ws/install/tiago_pro_head_robot:/opt/erc_ws/install/tiago_pro_bringup:/opt/erc_ws/install/tiago_pro_head_bringup:/opt/erc_ws/install/erc_bringup:/opt/erc_ws/install/tiago_pro_description:/opt/erc_ws/install/tiago_pro_head_description:/opt/erc_ws/install/tiago_pro_controller_configuration:/opt/erc_ws/install/pal_sea_arm:/opt/erc_ws/install/pal_sea_arm_bringup:/opt/erc_ws/install/pal_sea_arm_description:/opt/erc_ws/install/pal_pro_gripper_simulation:/opt/erc_ws/install/pal_pro_gripper_bringup:/opt/erc_ws/install/pal_pro_gripper:/opt/erc_ws/install/pal_pro_gripper_description:/opt/erc_ws/install/pal_gripper_simulation:/opt/erc_ws/install/pal_gripper:/opt/erc_ws/install/pal_gripper_description:/opt/erc_ws/install/omni_base_robot:/opt/erc_ws/install/omni_base_bringup:/opt/erc_ws/install/omni_base_description:/opt/erc_ws/install/pal_sea_arm_controller_configuration:/opt/erc_ws/install/pal_pro_gripper_controller_configuration:/opt/erc_ws/install/pal_gripper_controller_configuration:/opt/erc_ws/install/omni_base_controller_configuration:/opt/erc_ws/install/gz_ros2_control:/opt/erc_ws/install/erc_description:/opt/erc_ws/install/sensors:/opt/erc_ws/install/pal_pro_gripper_wrapper:/opt/erc_ws/install/launch_pal:/opt/erc_ws/install/erc_solution:/opt/ros/humble PYTHONPATH=/opt/erc_ws/build/launch_pal:/opt/erc_ws/install/launch_pal/lib/python3.10/site-packages:/opt/erc_ws/install/tiago_pro_description/local/lib/python3.10/dist-packages:/opt/erc_ws/install/tiago_pro_head_description/local/lib/python3.10/dist-packages:/opt/erc_ws/install/sensors/lib/python3.10/site-packages:/opt/erc_ws/install/pal_sea_arm_description/local/lib/python3.10/dist-packages:/opt/erc_ws/install/pal_pro_gripper_description/local/lib/python3.10/dist-packages:/opt/erc_ws/install/omni_base_description/local/lib/python3.10/dist-packages:/opt/erc_ws/install/pal_pro_gripper_wrapper/lib/python3.10/site-packages:/opt/erc_ws/build/erc_solution:/opt/erc_ws/install/erc_solution/lib/python3.10/site-packages:/opt/ros/humble/lib/python3.10/site-packages:/opt/ros/humble/local/lib/python3.10/dist-packages /usr/bin/cmake /opt/erc_ws/src/tiago_pro_head_robot/tiago_pro_head_description -DAMENT_CMAKE_SYMLINK_INSTALL=1 -DCMAKE_INSTALL_PREFIX=/opt/erc_ws/install/tiago_pro_head_description
[2.938s] DEBUG:colcon.colcon_core.event_handler.log_command:Invoking command in '/opt/erc_ws/build/pal_sea_arm_controller_configuration': AMENT_PREFIX_PATH=/opt/erc_ws/install/pal_pro_gripper_wrapper:/opt/erc_ws/install/launch_pal:/opt/erc_ws/install/tiago_pro_robot:/opt/erc_ws/install/tiago_pro_head_robot:/opt/erc_ws/install/tiago_pro_bringup:/opt/erc_ws/install/tiago_pro_head_bringup:/opt/erc_ws/install/erc_bringup:/opt/erc_ws/install/tiago_pro_description:/opt/erc_ws/install/tiago_pro_head_description:/opt/erc_ws/install/tiago_pro_controller_configuration:/opt/erc_ws/install/tiago_pro_head_controller_configuration:/opt/erc_ws/install/sensors:/opt/erc_ws/install/pal_sea_arm:/opt/erc_ws/install/pal_sea_arm_bringup:/opt/erc_ws/install/pal_sea_arm_description:/opt/erc_ws/install/pal_pro_gripper_simulation:/opt/erc_ws/install/pal_pro_gripper_bringup:/opt/erc_ws/install/pal_pro_gripper:/opt/erc_ws/install/pal_pro_gripper_description:/opt/erc_ws/install/pal_gripper_simulation:/opt/erc_ws/install/pal_gripper:/opt/erc_ws/install/pal_gripper_description:/opt/erc_ws/install/omni_base_robot:/opt/erc_ws/install/omni_base_bringup:/opt/erc_ws/install/omni_base_description:/opt/erc_ws/install/pal_urdf_utils:/opt/erc_ws/install/pal_sea_arm_controller_configuration:/opt/erc_ws/install/pal_pro_gripper_controller_configuration:/opt/erc_ws/install/pal_gripper_controller_configuration:/opt/erc_ws/install/omni_base_controller_configuration:/opt/erc_ws/install/gz_ros2_control:/opt/erc_ws/install/erc_description:/opt/erc_ws/install/erc_solution:/opt/ros/humble CMAKE_PREFIX_PATH=/opt/erc_ws/install/pal_pro_gripper_controller_configuration:/opt/erc_ws/install/tiago_pro_robot:/opt/erc_ws/install/tiago_pro_head_robot:/opt/erc_ws/install/tiago_pro_bringup:/opt/erc_ws/install/tiago_pro_head_bringup:/opt/erc_ws/install/erc_bringup:/opt/erc_ws/install/tiago_pro_description:/opt/erc_ws/install/tiago_pro_head_description:/opt/erc_ws/install/tiago_pro_controller_configuration:/opt/erc_ws/install/tiago_pro_head_controller_configuration:/opt/erc_ws/install/pal_sea_arm:/opt/erc_ws/install/pal_sea_arm_bringup:/opt/erc_ws/install/pal_sea_arm_description:/opt/erc_ws/install/pal_pro_gripper_simulation:/opt/erc_ws/install/pal_pro_gripper_bringup:/opt/erc_ws/install/pal_pro_gripper:/opt/erc_ws/install/pal_pro_gripper_description:/opt/erc_ws/install/pal_gripper_simulation:/opt/erc_ws/install/pal_gripper:/opt/erc_ws/install/pal_gripper_description:/opt/erc_ws/install/omni_base_robot:/opt/erc_ws/install/omni_base_bringup:/opt/erc_ws/install/omni_base_description:/opt/erc_ws/install/pal_urdf_utils:/opt/erc_ws/install/pal_sea_arm_controller_configuration:/opt/erc_ws/install/pal_gripper_controller_configuration:/opt/erc_ws/install/omni_base_controller_configuration:/opt/erc_ws/install/gz_ros2_control:/opt/erc_ws/install/erc_description:/opt/erc_ws/install/sensors:/opt/erc_ws/install/pal_pro_gripper_wrapper:/opt/erc_ws/install/launch_pal:/opt/erc_ws/install/erc_solution:/opt/ros/humble PYTHONPATH=/opt/erc_ws/build/pal_pro_gripper_wrapper:/opt/erc_ws/install/pal_pro_gripper_wrapper/lib/python3.10/site-packages:/opt/erc_ws/build/launch_pal:/opt/erc_ws/install/launch_pal/lib/python3.10/site-packages:/opt/erc_ws/install/tiago_pro_description/local/lib/python3.10/dist-packages:/opt/erc_ws/install/tiago_pro_head_description/local/lib/python3.10/dist-packages:/opt/erc_ws/install/sensors/lib/python3.10/site-packages:/opt/erc_ws/install/pal_sea_arm_description/local/lib/python3.10/dist-packages:/opt/erc_ws/install/pal_pro_gripper_description/local/lib/python3.10/dist-packages:/opt/erc_ws/install/omni_base_description/local/lib/python3.10/dist-packages:/opt/erc_ws/build/erc_solution:/opt/erc_ws/install/erc_solution/lib/python3.10/site-packages:/opt/ros/humble/lib/python3.10/site-packages:/opt/ros/humble/local/lib/python3.10/dist-packages /usr/bin/cmake /opt/erc_ws/src/pal_sea_arm/pal_sea_arm_controller_configuration -DAMENT_CMAKE_SYMLINK_INSTALL=1 -DCMAKE_INSTALL_PREFIX=/opt/erc_ws/install/pal_sea_arm_controller_configuration
[3.094s] DEBUG:colcon.colcon_core.event_handler.log_command:Invoked command in '/opt/erc_ws/build/omni_base_description' returned '0': AMENT_PREFIX_PATH=/opt/erc_ws/install/launch_pal:/opt/erc_ws/install/tiago_pro_robot:/opt/erc_ws/install/tiago_pro_head_robot:/opt/erc_ws/install/tiago_pro_bringup:/opt/erc_ws/install/tiago_pro_head_bringup:/opt/erc_ws/install/erc_bringup:/opt/erc_ws/install/tiago_pro_description:/opt/erc_ws/install/tiago_pro_head_description:/opt/erc_ws/install/tiago_pro_controller_configuration:/opt/erc_ws/install/tiago_pro_head_controller_configuration:/opt/erc_ws/install/sensors:/opt/erc_ws/install/pal_sea_arm:/opt/erc_ws/install/pal_sea_arm_bringup:/opt/erc_ws/install/pal_sea_arm_description:/opt/erc_ws/install/pal_pro_gripper_simulation:/opt/erc_ws/install/pal_pro_gripper_bringup:/opt/erc_ws/install/pal_pro_gripper:/opt/erc_ws/install/pal_pro_gripper_description:/opt/erc_ws/install/pal_gripper_simulation:/opt/erc_ws/install/pal_gripper:/opt/erc_ws/install/pal_gripper_description:/opt/erc_ws/install/omni_base_robot:/opt/erc_ws/install/omni_base_bringup:/opt/erc_ws/install/omni_base_description:/opt/erc_ws/install/pal_urdf_utils:/opt/erc_ws/install/pal_sea_arm_controller_configuration:/opt/erc_ws/install/pal_pro_gripper_controller_configuration:/opt/erc_ws/install/pal_pro_gripper_wrapper:/opt/erc_ws/install/pal_gripper_controller_configuration:/opt/erc_ws/install/omni_base_controller_configuration:/opt/erc_ws/install/gz_ros2_control:/opt/erc_ws/install/erc_description:/opt/erc_ws/install/erc_solution:/opt/ros/humble CMAKE_PREFIX_PATH=/opt/erc_ws/install/pal_urdf_utils:/opt/erc_ws/install/tiago_pro_robot:/opt/erc_ws/install/tiago_pro_head_robot:/opt/erc_ws/install/tiago_pro_bringup:/opt/erc_ws/install/tiago_pro_head_bringup:/opt/erc_ws/install/erc_bringup:/opt/erc_ws/install/tiago_pro_description:/opt/erc_ws/install/tiago_pro_head_description:/opt/erc_ws/install/tiago_pro_controller_configuration:/opt/erc_ws/install/tiago_pro_head_controller_configuration:/opt/erc_ws/install/pal_sea_arm:/opt/erc_ws/install/pal_sea_arm_bringup:/opt/erc_ws/install/pal_sea_arm_description:/opt/erc_ws/install/pal_pro_gripper_simulation:/opt/erc_ws/install/pal_pro_gripper_bringup:/opt/erc_ws/install/pal_pro_gripper:/opt/erc_ws/install/pal_pro_gripper_description:/opt/erc_ws/install/pal_gripper_simulation:/opt/erc_ws/install/pal_gripper:/opt/erc_ws/install/pal_gripper_description:/opt/erc_ws/install/omni_base_robot:/opt/erc_ws/install/omni_base_bringup:/opt/erc_ws/install/omni_base_description:/opt/erc_ws/install/pal_sea_arm_controller_configuration:/opt/erc_ws/install/pal_pro_gripper_controller_configuration:/opt/erc_ws/install/pal_gripper_controller_configuration:/opt/erc_ws/install/omni_base_controller_configuration:/opt/erc_ws/install/gz_ros2_control:/opt/erc_ws/install/erc_description:/opt/erc_ws/install/sensors:/opt/erc_ws/install/pal_pro_gripper_wrapper:/opt/erc_ws/install/launch_pal:/opt/erc_ws/install/erc_solution:/opt/ros/humble PYTHONPATH=/opt/erc_ws/build/launch_pal:/opt/erc_ws/install/launch_pal/lib/python3.10/site-packages:/opt/erc_ws/install/tiago_pro_description/local/lib/python3.10/dist-packages:/opt/erc_ws/install/tiago_pro_head_description/local/lib/python3.10/dist-packages:/opt/erc_ws/install/sensors/lib/python3.10/site-packages:/opt/erc_ws/install/pal_sea_arm_description/local/lib/python3.10/dist-packages:/opt/erc_ws/install/pal_pro_gripper_description/local/lib/python3.10/dist-packages:/opt/erc_ws/install/omni_base_description/local/lib/python3.10/dist-packages:/opt/erc_ws/install/pal_pro_gripper_wrapper/lib/python3.10/site-packages:/opt/erc_ws/build/erc_solution:/opt/erc_ws/install/erc_solution/lib/python3.10/site-packages:/opt/ros/humble/lib/python3.10/site-packages:/opt/ros/humble/local/lib/python3.10/dist-packages /usr/bin/cmake /opt/erc_ws/src/omni_base_robot/omni_base_description -DAMENT_CMAKE_SYMLINK_INSTALL=1 -DCMAKE_INSTALL_PREFIX=/opt/erc_ws/install/omni_base_description
[3.095s] DEBUG:colcon.colcon_core.event_handler.log_command:Invoking command in '/opt/erc_ws/build/omni_base_description': AMENT_PREFIX_PATH=/opt/erc_ws/install/launch_pal:/opt/erc_ws/install/tiago_pro_robot:/opt/erc_ws/install/tiago_pro_head_robot:/opt/erc_ws/install/tiago_pro_bringup:/opt/erc_ws/install/tiago_pro_head_bringup:/opt/erc_ws/install/erc_bringup:/opt/erc_ws/install/tiago_pro_description:/opt/erc_ws/install/tiago_pro_head_description:/opt/erc_ws/install/tiago_pro_controller_configuration:/opt/erc_ws/install/tiago_pro_head_controller_configuration:/opt/erc_ws/install/sensors:/opt/erc_ws/install/pal_sea_arm:/opt/erc_ws/install/pal_sea_arm_bringup:/opt/erc_ws/install/pal_sea_arm_description:/opt/erc_ws/install/pal_pro_gripper_simulation:/opt/erc_ws/install/pal_pro_gripper_bringup:/opt/erc_ws/install/pal_pro_gripper:/opt/erc_ws/install/pal_pro_gripper_description:/opt/erc_ws/install/pal_gripper_simulation:/opt/erc_ws/install/pal_gripper:/opt/erc_ws/install/pal_gripper_description:/opt/erc_ws/install/omni_base_robot:/opt/erc_ws/install/omni_base_bringup:/opt/erc_ws/install/omni_base_description:/opt/erc_ws/install/pal_urdf_utils:/opt/erc_ws/install/pal_sea_arm_controller_configuration:/opt/erc_ws/install/pal_pro_gripper_controller_configuration:/opt/erc_ws/install/pal_pro_gripper_wrapper:/opt/erc_ws/install/pal_gripper_controller_configuration:/opt/erc_ws/install/omni_base_controller_configuration:/opt/erc_ws/install/gz_ros2_control:/opt/erc_ws/install/erc_description:/opt/erc_ws/install/erc_solution:/opt/ros/humble CMAKE_PREFIX_PATH=/opt/erc_ws/install/pal_urdf_utils:/opt/erc_ws/install/tiago_pro_robot:/opt/erc_ws/install/tiago_pro_head_robot:/opt/erc_ws/install/tiago_pro_bringup:/opt/erc_ws/install/tiago_pro_head_bringup:/opt/erc_ws/install/erc_bringup:/opt/erc_ws/install/tiago_pro_description:/opt/erc_ws/install/tiago_pro_head_description:/opt/erc_ws/install/tiago_pro_controller_configuration:/opt/erc_ws/install/tiago_pro_head_controller_configuration:/opt/erc_ws/install/pal_sea_arm:/opt/erc_ws/install/pal_sea_arm_bringup:/opt/erc_ws/install/pal_sea_arm_description:/opt/erc_ws/install/pal_pro_gripper_simulation:/opt/erc_ws/install/pal_pro_gripper_bringup:/opt/erc_ws/install/pal_pro_gripper:/opt/erc_ws/install/pal_pro_gripper_description:/opt/erc_ws/install/pal_gripper_simulation:/opt/erc_ws/install/pal_gripper:/opt/erc_ws/install/pal_gripper_description:/opt/erc_ws/install/omni_base_robot:/opt/erc_ws/install/omni_base_bringup:/opt/erc_ws/install/omni_base_description:/opt/erc_ws/install/pal_sea_arm_controller_configuration:/opt/erc_ws/install/pal_pro_gripper_controller_configuration:/opt/erc_ws/install/pal_gripper_controller_configuration:/opt/erc_ws/install/omni_base_controller_configuration:/opt/erc_ws/install/gz_ros2_control:/opt/erc_ws/install/erc_description:/opt/erc_ws/install/sensors:/opt/erc_ws/install/pal_pro_gripper_wrapper:/opt/erc_ws/install/launch_pal:/opt/erc_ws/install/erc_solution:/opt/ros/humble PYTHONPATH=/opt/erc_ws/build/launch_pal:/opt/erc_ws/install/launch_pal/lib/python3.10/site-packages:/opt/erc_ws/install/tiago_pro_description/local/lib/python3.10/dist-packages:/opt/erc_ws/install/tiago_pro_head_description/local/lib/python3.10/dist-packages:/opt/erc_ws/install/sensors/lib/python3.10/site-packages:/opt/erc_ws/install/pal_sea_arm_description/local/lib/python3.10/dist-packages:/opt/erc_ws/install/pal_pro_gripper_description/local/lib/python3.10/dist-packages:/opt/erc_ws/install/omni_base_description/local/lib/python3.10/dist-packages:/opt/erc_ws/install/pal_pro_gripper_wrapper/lib/python3.10/site-packages:/opt/erc_ws/build/erc_solution:/opt/erc_ws/install/erc_solution/lib/python3.10/site-packages:/opt/ros/humble/lib/python3.10/site-packages:/opt/ros/humble/local/lib/python3.10/dist-packages /usr/bin/cmake --build /opt/erc_ws/build/omni_base_description -- -j16 -l16
[3.151s] Level 1:colcon.colcon_core.environment:create_environment_scripts_only(pal_pro_gripper_description)
[3.151s] Level 1:colcon.colcon_core.environment:checking '/opt/erc_ws/install/pal_pro_gripper_description' for CMake module files
[3.152s] DEBUG:colcon.colcon_core.event_handler.log_command:Invoked command in '/opt/erc_ws/build/pal_pro_gripper_description' returned '0': CMAKE_PREFIX_PATH=/opt/erc_ws/install/pal_urdf_utils:/opt/erc_ws/install/tiago_pro_robot:/opt/erc_ws/install/tiago_pro_head_robot:/opt/erc_ws/install/tiago_pro_bringup:/opt/erc_ws/install/tiago_pro_head_bringup:/opt/erc_ws/install/erc_bringup:/opt/erc_ws/install/tiago_pro_description:/opt/erc_ws/install/tiago_pro_head_description:/opt/erc_ws/install/tiago_pro_controller_configuration:/opt/erc_ws/install/tiago_pro_head_controller_configuration:/opt/erc_ws/install/pal_sea_arm:/opt/erc_ws/install/pal_sea_arm_bringup:/opt/erc_ws/install/pal_sea_arm_description:/opt/erc_ws/install/pal_pro_gripper_simulation:/opt/erc_ws/install/pal_pro_gripper_bringup:/opt/erc_ws/install/pal_pro_gripper:/opt/erc_ws/install/pal_pro_gripper_description:/opt/erc_ws/install/pal_gripper_simulation:/opt/erc_ws/install/pal_gripper:/opt/erc_ws/install/pal_gripper_description:/opt/erc_ws/install/omni_base_robot:/opt/erc_ws/install/omni_base_bringup:/opt/erc_ws/install/omni_base_description:/opt/erc_ws/install/pal_sea_arm_controller_configuration:/opt/erc_ws/install/pal_pro_gripper_controller_configuration:/opt/erc_ws/install/pal_gripper_controller_configuration:/opt/erc_ws/install/omni_base_controller_configuration:/opt/erc_ws/install/gz_ros2_control:/opt/erc_ws/install/erc_description:/opt/erc_ws/install/sensors:/opt/erc_ws/install/pal_pro_gripper_wrapper:/opt/erc_ws/install/launch_pal:/opt/erc_ws/install/erc_solution:/opt/ros/humble /usr/bin/cmake --install /opt/erc_ws/build/pal_pro_gripper_description
[3.153s] Level 1:colcon.colcon_core.environment:checking '/opt/erc_ws/install/pal_pro_gripper_description' for CMake config files
[3.153s] Level 1:colcon.colcon_core.shell:create_environment_hook('pal_pro_gripper_description', 'cmake_prefix_path')
[3.153s] INFO:colcon.colcon_core.shell:Creating environment hook '/opt/erc_ws/install/pal_pro_gripper_description/share/pal_pro_gripper_description/hook/cmake_prefix_path.ps1'
[3.154s] INFO:colcon.colcon_core.shell:Creating environment descriptor '/opt/erc_ws/install/pal_pro_gripper_description/share/pal_pro_gripper_description/hook/cmake_prefix_path.dsv'
[3.154s] INFO:colcon.colcon_core.shell:Creating environment hook '/opt/erc_ws/install/pal_pro_gripper_description/share/pal_pro_gripper_description/hook/cmake_prefix_path.sh'
[3.156s] Level 1:colcon.colcon_core.environment:checking '/opt/erc_ws/install/pal_pro_gripper_description/bin'
[3.156s] Level 1:colcon.colcon_core.environment:checking '/opt/erc_ws/install/pal_pro_gripper_description/lib/pkgconfig/pal_pro_gripper_description.pc'
[3.156s] Level 1:colcon.colcon_core.environment:checking '/opt/erc_ws/install/pal_pro_gripper_description/lib/python3.10/site-packages'
[3.157s] Level 1:colcon.colcon_core.environment:checking '/opt/erc_ws/install/pal_pro_gripper_description/bin'
[3.157s] INFO:colcon.colcon_core.shell:Creating package script '/opt/erc_ws/install/pal_pro_gripper_description/share/pal_pro_gripper_description/package.ps1'
[3.158s] INFO:colcon.colcon_core.shell:Creating package descriptor '/opt/erc_ws/install/pal_pro_gripper_description/share/pal_pro_gripper_description/package.dsv'
[3.159s] INFO:colcon.colcon_core.shell:Creating package script '/opt/erc_ws/install/pal_pro_gripper_description/share/pal_pro_gripper_description/package.sh'
[3.159s] INFO:colcon.colcon_core.shell:Creating package script '/opt/erc_ws/install/pal_pro_gripper_description/share/pal_pro_gripper_description/package.bash'
[3.160s] INFO:colcon.colcon_core.shell:Creating package script '/opt/erc_ws/install/pal_pro_gripper_description/share/pal_pro_gripper_description/package.zsh'
[3.160s] Level 1:colcon.colcon_core.environment:create_file_with_runtime_dependencies(/opt/erc_ws/install/pal_pro_gripper_description/share/colcon-core/packages/pal_pro_gripper_description)
[3.161s] Level 1:colcon.colcon_core.environment:create_environment_scripts_only(pal_pro_gripper_description)
[3.162s] Level 1:colcon.colcon_core.environment:checking '/opt/erc_ws/install/pal_pro_gripper_description' for CMake module files
[3.164s] Level 1:colcon.colcon_core.environment:checking '/opt/erc_ws/install/pal_pro_gripper_description' for CMake config files
[3.164s] Level 1:colcon.colcon_core.shell:create_environment_hook('pal_pro_gripper_description', 'cmake_prefix_path')
[3.165s] INFO:colcon.colcon_core.shell:Creating environment hook '/opt/erc_ws/install/pal_pro_gripper_description/share/pal_pro_gripper_description/hook/cmake_prefix_path.ps1'
[3.166s] INFO:colcon.colcon_core.shell:Creating environment descriptor '/opt/erc_ws/install/pal_pro_gripper_description/share/pal_pro_gripper_description/hook/cmake_prefix_path.dsv'
[3.166s] INFO:colcon.colcon_core.shell:Creating environment hook '/opt/erc_ws/install/pal_pro_gripper_description/share/pal_pro_gripper_description/hook/cmake_prefix_path.sh'
[3.167s] Level 1:colcon.colcon_core.environment:checking '/opt/erc_ws/install/pal_pro_gripper_description/bin'
[3.167s] Level 1:colcon.colcon_core.environment:checking '/opt/erc_ws/install/pal_pro_gripper_description/lib/pkgconfig/pal_pro_gripper_description.pc'
[3.167s] Level 1:colcon.colcon_core.environment:checking '/opt/erc_ws/install/pal_pro_gripper_description/lib/python3.10/site-packages'
[3.167s] Level 1:colcon.colcon_core.environment:checking '/opt/erc_ws/install/pal_pro_gripper_description/bin'
[3.168s] INFO:colcon.colcon_core.shell:Creating package script '/opt/erc_ws/install/pal_pro_gripper_description/share/pal_pro_gripper_description/package.ps1'
[3.168s] INFO:colcon.colcon_core.shell:Creating package descriptor '/opt/erc_ws/install/pal_pro_gripper_description/share/pal_pro_gripper_description/package.dsv'
[3.169s] INFO:colcon.colcon_core.shell:Creating package script '/opt/erc_ws/install/pal_pro_gripper_description/share/pal_pro_gripper_description/package.sh'
[3.169s] INFO:colcon.colcon_core.shell:Creating package script '/opt/erc_ws/install/pal_pro_gripper_description/share/pal_pro_gripper_description/package.bash'
[3.169s] INFO:colcon.colcon_core.shell:Creating package script '/opt/erc_ws/install/pal_pro_gripper_description/share/pal_pro_gripper_description/package.zsh'
[3.170s] Level 1:colcon.colcon_core.environment:create_file_with_runtime_dependencies(/opt/erc_ws/install/pal_pro_gripper_description/share/colcon-core/packages/pal_pro_gripper_description)
[3.170s] INFO:colcon.colcon_ros.task.ament_cmake.build:Building ROS package in '/opt/erc_ws/src/pal_pro_gripper/pal_pro_gripper' with build type 'ament_cmake'
[3.170s] INFO:colcon.colcon_cmake.task.cmake.build:Building CMake package in '/opt/erc_ws/src/pal_pro_gripper/pal_pro_gripper'
[3.170s] INFO:colcon.colcon_core.shell:Skip shell extension 'powershell' for command environment: Not usable outside of PowerShell
[3.170s] DEBUG:colcon.colcon_core.shell:Skip shell extension 'dsv' for command environment
[3.179s] INFO:colcon.colcon_ros.task.ament_cmake.build:Building ROS package in '/opt/erc_ws/src/pal_pro_gripper/pal_pro_gripper_bringup' with build type 'ament_cmake'
[3.180s] INFO:colcon.colcon_cmake.task.cmake.build:Building CMake package in '/opt/erc_ws/src/pal_pro_gripper/pal_pro_gripper_bringup'
[3.180s] INFO:colcon.colcon_core.shell:Skip shell extension 'powershell' for command environment: Not usable outside of PowerShell
[3.180s] DEBUG:colcon.colcon_core.shell:Skip shell extension 'dsv' for command environment
[3.187s] INFO:colcon.colcon_ros.task.ament_cmake.build:Building ROS package in '/opt/erc_ws/src/pal_pro_gripper/pal_pro_gripper_simulation' with build type 'ament_cmake'
[3.187s] INFO:colcon.colcon_cmake.task.cmake.build:Building CMake package in '/opt/erc_ws/src/pal_pro_gripper/pal_pro_gripper_simulation'
[3.188s] INFO:colcon.colcon_core.shell:Skip shell extension 'powershell' for command environment: Not usable outside of PowerShell
[3.188s] DEBUG:colcon.colcon_core.shell:Skip shell extension 'dsv' for command environment
[3.204s] DEBUG:colcon.colcon_core.event_handler.log_command:Invoking command in '/opt/erc_ws/build/pal_pro_gripper': AMENT_PREFIX_PATH=/opt/erc_ws/install/pal_pro_gripper_wrapper:/opt/erc_ws/install/launch_pal:/opt/erc_ws/install/tiago_pro_robot:/opt/erc_ws/install/tiago_pro_head_robot:/opt/erc_ws/install/tiago_pro_bringup:/opt/erc_ws/install/tiago_pro_head_bringup:/opt/erc_ws/install/erc_bringup:/opt/erc_ws/install/tiago_pro_description:/opt/erc_ws/install/tiago_pro_head_description:/opt/erc_ws/install/tiago_pro_controller_configuration:/opt/erc_ws/install/tiago_pro_head_controller_configuration:/opt/erc_ws/install/sensors:/opt/erc_ws/install/pal_sea_arm:/opt/erc_ws/install/pal_sea_arm_bringup:/opt/erc_ws/install/pal_sea_arm_description:/opt/erc_ws/install/pal_pro_gripper_simulation:/opt/erc_ws/install/pal_pro_gripper_bringup:/opt/erc_ws/install/pal_pro_gripper:/opt/erc_ws/install/pal_pro_gripper_description:/opt/erc_ws/install/pal_gripper_simulation:/opt/erc_ws/install/pal_gripper:/opt/erc_ws/install/pal_gripper_description:/opt/erc_ws/install/omni_base_robot:/opt/erc_ws/install/omni_base_bringup:/opt/erc_ws/install/omni_base_description:/opt/erc_ws/install/pal_urdf_utils:/opt/erc_ws/install/pal_sea_arm_controller_configuration:/opt/erc_ws/install/pal_pro_gripper_controller_configuration:/opt/erc_ws/install/pal_gripper_controller_configuration:/opt/erc_ws/install/omni_base_controller_configuration:/opt/erc_ws/install/gz_ros2_control:/opt/erc_ws/install/erc_description:/opt/erc_ws/install/erc_solution:/opt/ros/humble CMAKE_PREFIX_PATH=/opt/erc_ws/install/pal_pro_gripper_description:/opt/erc_ws/install/pal_pro_gripper_controller_configuration:/opt/erc_ws/install/pal_urdf_utils:/opt/erc_ws/install/tiago_pro_robot:/opt/erc_ws/install/tiago_pro_head_robot:/opt/erc_ws/install/tiago_pro_bringup:/opt/erc_ws/install/tiago_pro_head_bringup:/opt/erc_ws/install/erc_bringup:/opt/erc_ws/install/tiago_pro_description:/opt/erc_ws/install/tiago_pro_head_description:/opt/erc_ws/install/tiago_pro_controller_configuration:/opt/erc_ws/install/tiago_pro_head_controller_configuration:/opt/erc_ws/install/pal_sea_arm:/opt/erc_ws/install/pal_sea_arm_bringup:/opt/erc_ws/install/pal_sea_arm_description:/opt/erc_ws/install/pal_pro_gripper_simulation:/opt/erc_ws/install/pal_pro_gripper_bringup:/opt/erc_ws/install/pal_pro_gripper:/opt/erc_ws/install/pal_gripper_simulation:/opt/erc_ws/install/pal_gripper:/opt/erc_ws/install/pal_gripper_description:/opt/erc_ws/install/omni_base_robot:/opt/erc_ws/install/omni_base_bringup:/opt/erc_ws/install/omni_base_description:/opt/erc_ws/install/pal_sea_arm_controller_configuration:/opt/erc_ws/install/pal_gripper_controller_configuration:/opt/erc_ws/install/omni_base_controller_configuration:/opt/erc_ws/install/gz_ros2_control:/opt/erc_ws/install/erc_description:/opt/erc_ws/install/sensors:/opt/erc_ws/install/pal_pro_gripper_wrapper:/opt/erc_ws/install/launch_pal:/opt/erc_ws/install/erc_solution:/opt/ros/humble PYTHONPATH=/opt/erc_ws/build/pal_pro_gripper_wrapper:/opt/erc_ws/install/pal_pro_gripper_wrapper/lib/python3.10/site-packages:/opt/erc_ws/build/launch_pal:/opt/erc_ws/install/launch_pal/lib/python3.10/site-packages:/opt/erc_ws/install/tiago_pro_description/local/lib/python3.10/dist-packages:/opt/erc_ws/install/tiago_pro_head_description/local/lib/python3.10/dist-packages:/opt/erc_ws/install/sensors/lib/python3.10/site-packages:/opt/erc_ws/install/pal_sea_arm_description/local/lib/python3.10/dist-packages:/opt/erc_ws/install/pal_pro_gripper_description/local/lib/python3.10/dist-packages:/opt/erc_ws/install/omni_base_description/local/lib/python3.10/dist-packages:/opt/erc_ws/build/erc_solution:/opt/erc_ws/install/erc_solution/lib/python3.10/site-packages:/opt/ros/humble/lib/python3.10/site-packages:/opt/ros/humble/local/lib/python3.10/dist-packages /usr/bin/cmake /opt/erc_ws/src/pal_pro_gripper/pal_pro_gripper -DAMENT_CMAKE_SYMLINK_INSTALL=1 -DCMAKE_INSTALL_PREFIX=/opt/erc_ws/install/pal_pro_gripper
[3.214s] DEBUG:colcon.colcon_core.event_handler.log_command:Invoking command in '/opt/erc_ws/build/pal_pro_gripper_bringup': AMENT_PREFIX_PATH=/opt/erc_ws/install/pal_pro_gripper_wrapper:/opt/erc_ws/install/launch_pal:/opt/erc_ws/install/tiago_pro_robot:/opt/erc_ws/install/tiago_pro_head_robot:/opt/erc_ws/install/tiago_pro_bringup:/opt/erc_ws/install/tiago_pro_head_bringup:/opt/erc_ws/install/erc_bringup:/opt/erc_ws/install/tiago_pro_description:/opt/erc_ws/install/tiago_pro_head_description:/opt/erc_ws/install/tiago_pro_controller_configuration:/opt/erc_ws/install/tiago_pro_head_controller_configuration:/opt/erc_ws/install/sensors:/opt/erc_ws/install/pal_sea_arm:/opt/erc_ws/install/pal_sea_arm_bringup:/opt/erc_ws/install/pal_sea_arm_description:/opt/erc_ws/install/pal_pro_gripper_simulation:/opt/erc_ws/install/pal_pro_gripper_bringup:/opt/erc_ws/install/pal_pro_gripper:/opt/erc_ws/install/pal_pro_gripper_description:/opt/erc_ws/install/pal_gripper_simulation:/opt/erc_ws/install/pal_gripper:/opt/erc_ws/install/pal_gripper_description:/opt/erc_ws/install/omni_base_robot:/opt/erc_ws/install/omni_base_bringup:/opt/erc_ws/install/omni_base_description:/opt/erc_ws/install/pal_urdf_utils:/opt/erc_ws/install/pal_sea_arm_controller_configuration:/opt/erc_ws/install/pal_pro_gripper_controller_configuration:/opt/erc_ws/install/pal_gripper_controller_configuration:/opt/erc_ws/install/omni_base_controller_configuration:/opt/erc_ws/install/gz_ros2_control:/opt/erc_ws/install/erc_description:/opt/erc_ws/install/erc_solution:/opt/ros/humble CMAKE_PREFIX_PATH=/opt/erc_ws/install/pal_pro_gripper_description:/opt/erc_ws/install/pal_pro_gripper_controller_configuration:/opt/erc_ws/install/pal_urdf_utils:/opt/erc_ws/install/tiago_pro_robot:/opt/erc_ws/install/tiago_pro_head_robot:/opt/erc_ws/install/tiago_pro_bringup:/opt/erc_ws/install/tiago_pro_head_bringup:/opt/erc_ws/install/erc_bringup:/opt/erc_ws/install/tiago_pro_description:/opt/erc_ws/install/tiago_pro_head_description:/opt/erc_ws/install/tiago_pro_controller_configuration:/opt/erc_ws/install/tiago_pro_head_controller_configuration:/opt/erc_ws/install/pal_sea_arm:/opt/erc_ws/install/pal_sea_arm_bringup:/opt/erc_ws/install/pal_sea_arm_description:/opt/erc_ws/install/pal_pro_gripper_simulation:/opt/erc_ws/install/pal_pro_gripper_bringup:/opt/erc_ws/install/pal_pro_gripper:/opt/erc_ws/install/pal_gripper_simulation:/opt/erc_ws/install/pal_gripper:/opt/erc_ws/install/pal_gripper_description:/opt/erc_ws/install/omni_base_robot:/opt/erc_ws/install/omni_base_bringup:/opt/erc_ws/install/omni_base_description:/opt/erc_ws/install/pal_sea_arm_controller_configuration:/opt/erc_ws/install/pal_gripper_controller_configuration:/opt/erc_ws/install/omni_base_controller_configuration:/opt/erc_ws/install/gz_ros2_control:/opt/erc_ws/install/erc_description:/opt/erc_ws/install/sensors:/opt/erc_ws/install/pal_pro_gripper_wrapper:/opt/erc_ws/install/launch_pal:/opt/erc_ws/install/erc_solution:/opt/ros/humble PYTHONPATH=/opt/erc_ws/build/pal_pro_gripper_wrapper:/opt/erc_ws/install/pal_pro_gripper_wrapper/lib/python3.10/site-packages:/opt/erc_ws/build/launch_pal:/opt/erc_ws/install/launch_pal/lib/python3.10/site-packages:/opt/erc_ws/install/tiago_pro_description/local/lib/python3.10/dist-packages:/opt/erc_ws/install/tiago_pro_head_description/local/lib/python3.10/dist-packages:/opt/erc_ws/install/sensors/lib/python3.10/site-packages:/opt/erc_ws/install/pal_sea_arm_description/local/lib/python3.10/dist-packages:/opt/erc_ws/install/pal_pro_gripper_description/local/lib/python3.10/dist-packages:/opt/erc_ws/install/omni_base_description/local/lib/python3.10/dist-packages:/opt/erc_ws/build/erc_solution:/opt/erc_ws/install/erc_solution/lib/python3.10/site-packages:/opt/ros/humble/lib/python3.10/site-packages:/opt/ros/humble/local/lib/python3.10/dist-packages /usr/bin/cmake /opt/erc_ws/src/pal_pro_gripper/pal_pro_gripper_bringup -DAMENT_CMAKE_SYMLINK_INSTALL=1 -DCMAKE_INSTALL_PREFIX=/opt/erc_ws/install/pal_pro_gripper_bringup
[3.220s] DEBUG:colcon.colcon_core.event_handler.log_command:Invoking command in '/opt/erc_ws/build/pal_pro_gripper_simulation': AMENT_PREFIX_PATH=/opt/erc_ws/install/pal_pro_gripper_wrapper:/opt/erc_ws/install/launch_pal:/opt/erc_ws/install/tiago_pro_robot:/opt/erc_ws/install/tiago_pro_head_robot:/opt/erc_ws/install/tiago_pro_bringup:/opt/erc_ws/install/tiago_pro_head_bringup:/opt/erc_ws/install/erc_bringup:/opt/erc_ws/install/tiago_pro_description:/opt/erc_ws/install/tiago_pro_head_description:/opt/erc_ws/install/tiago_pro_controller_configuration:/opt/erc_ws/install/tiago_pro_head_controller_configuration:/opt/erc_ws/install/sensors:/opt/erc_ws/install/pal_sea_arm:/opt/erc_ws/install/pal_sea_arm_bringup:/opt/erc_ws/install/pal_sea_arm_description:/opt/erc_ws/install/pal_pro_gripper_simulation:/opt/erc_ws/install/pal_pro_gripper_bringup:/opt/erc_ws/install/pal_pro_gripper:/opt/erc_ws/install/pal_pro_gripper_description:/opt/erc_ws/install/pal_gripper_simulation:/opt/erc_ws/install/pal_gripper:/opt/erc_ws/install/pal_gripper_description:/opt/erc_ws/install/omni_base_robot:/opt/erc_ws/install/omni_base_bringup:/opt/erc_ws/install/omni_base_description:/opt/erc_ws/install/pal_urdf_utils:/opt/erc_ws/install/pal_sea_arm_controller_configuration:/opt/erc_ws/install/pal_pro_gripper_controller_configuration:/opt/erc_ws/install/pal_gripper_controller_configuration:/opt/erc_ws/install/omni_base_controller_configuration:/opt/erc_ws/install/gz_ros2_control:/opt/erc_ws/install/erc_description:/opt/erc_ws/install/erc_solution:/opt/ros/humble CMAKE_PREFIX_PATH=/opt/erc_ws/install/pal_pro_gripper_description:/opt/erc_ws/install/pal_pro_gripper_controller_configuration:/opt/erc_ws/install/pal_urdf_utils:/opt/erc_ws/install/tiago_pro_robot:/opt/erc_ws/install/tiago_pro_head_robot:/opt/erc_ws/install/tiago_pro_bringup:/opt/erc_ws/install/tiago_pro_head_bringup:/opt/erc_ws/install/erc_bringup:/opt/erc_ws/install/tiago_pro_description:/opt/erc_ws/install/tiago_pro_head_description:/opt/erc_ws/install/tiago_pro_controller_configuration:/opt/erc_ws/install/tiago_pro_head_controller_configuration:/opt/erc_ws/install/pal_sea_arm:/opt/erc_ws/install/pal_sea_arm_bringup:/opt/erc_ws/install/pal_sea_arm_description:/opt/erc_ws/install/pal_pro_gripper_simulation:/opt/erc_ws/install/pal_pro_gripper_bringup:/opt/erc_ws/install/pal_pro_gripper:/opt/erc_ws/install/pal_gripper_simulation:/opt/erc_ws/install/pal_gripper:/opt/erc_ws/install/pal_gripper_description:/opt/erc_ws/install/omni_base_robot:/opt/erc_ws/install/omni_base_bringup:/opt/erc_ws/install/omni_base_description:/opt/erc_ws/install/pal_sea_arm_controller_configuration:/opt/erc_ws/install/pal_gripper_controller_configuration:/opt/erc_ws/install/omni_base_controller_configuration:/opt/erc_ws/install/gz_ros2_control:/opt/erc_ws/install/erc_description:/opt/erc_ws/install/sensors:/opt/erc_ws/install/pal_pro_gripper_wrapper:/opt/erc_ws/install/launch_pal:/opt/erc_ws/install/erc_solution:/opt/ros/humble PYTHONPATH=/opt/erc_ws/build/pal_pro_gripper_wrapper:/opt/erc_ws/install/pal_pro_gripper_wrapper/lib/python3.10/site-packages:/opt/erc_ws/build/launch_pal:/opt/erc_ws/install/launch_pal/lib/python3.10/site-packages:/opt/erc_ws/install/tiago_pro_description/local/lib/python3.10/dist-packages:/opt/erc_ws/install/tiago_pro_head_description/local/lib/python3.10/dist-packages:/opt/erc_ws/install/sensors/lib/python3.10/site-packages:/opt/erc_ws/install/pal_sea_arm_description/local/lib/python3.10/dist-packages:/opt/erc_ws/install/pal_pro_gripper_description/local/lib/python3.10/dist-packages:/opt/erc_ws/install/omni_base_description/local/lib/python3.10/dist-packages:/opt/erc_ws/build/erc_solution:/opt/erc_ws/install/erc_solution/lib/python3.10/site-packages:/opt/ros/humble/lib/python3.10/site-packages:/opt/ros/humble/local/lib/python3.10/dist-packages /usr/bin/cmake /opt/erc_ws/src/pal_pro_gripper/pal_pro_gripper_simulation -DAMENT_CMAKE_SYMLINK_INSTALL=1 -DCMAKE_INSTALL_PREFIX=/opt/erc_ws/install/pal_pro_gripper_simulation
[3.229s] DEBUG:colcon.colcon_core.event_handler.log_command:Invoked command in '/opt/erc_ws/build/gz_ros2_control' returned '0': CMAKE_PREFIX_PATH=${CMAKE_PREFIX_PATH}:/opt/erc_ws/install/sensors:/opt/erc_ws/install/pal_pro_gripper_wrapper:/opt/erc_ws/install/launch_pal:/opt/erc_ws/install/erc_solution:/opt/ros/humble /usr/bin/cmake /opt/erc_ws/src/gz_ros2_control/gz_ros2_control -DAMENT_CMAKE_SYMLINK_INSTALL=1 -DCMAKE_INSTALL_PREFIX=/opt/erc_ws/install/gz_ros2_control
[3.233s] DEBUG:colcon.colcon_core.event_handler.log_command:Invoking command in '/opt/erc_ws/build/gz_ros2_control': CMAKE_PREFIX_PATH=${CMAKE_PREFIX_PATH}:/opt/erc_ws/install/sensors:/opt/erc_ws/install/pal_pro_gripper_wrapper:/opt/erc_ws/install/launch_pal:/opt/erc_ws/install/erc_solution:/opt/ros/humble /usr/bin/cmake --build /opt/erc_ws/build/gz_ros2_control -- -j16 -l16
[3.422s] DEBUG:colcon.colcon_core.event_handler.log_command:Invoked command in '/opt/erc_ws/build/omni_base_description' returned '0': AMENT_PREFIX_PATH=/opt/erc_ws/install/launch_pal:/opt/erc_ws/install/tiago_pro_robot:/opt/erc_ws/install/tiago_pro_head_robot:/opt/erc_ws/install/tiago_pro_bringup:/opt/erc_ws/install/tiago_pro_head_bringup:/opt/erc_ws/install/erc_bringup:/opt/erc_ws/install/tiago_pro_description:/opt/erc_ws/install/tiago_pro_head_description:/opt/erc_ws/install/tiago_pro_controller_configuration:/opt/erc_ws/install/tiago_pro_head_controller_configuration:/opt/erc_ws/install/sensors:/opt/erc_ws/install/pal_sea_arm:/opt/erc_ws/install/pal_sea_arm_bringup:/opt/erc_ws/install/pal_sea_arm_description:/opt/erc_ws/install/pal_pro_gripper_simulation:/opt/erc_ws/install/pal_pro_gripper_bringup:/opt/erc_ws/install/pal_pro_gripper:/opt/erc_ws/install/pal_pro_gripper_description:/opt/erc_ws/install/pal_gripper_simulation:/opt/erc_ws/install/pal_gripper:/opt/erc_ws/install/pal_gripper_description:/opt/erc_ws/install/omni_base_robot:/opt/erc_ws/install/omni_base_bringup:/opt/erc_ws/install/omni_base_description:/opt/erc_ws/install/pal_urdf_utils:/opt/erc_ws/install/pal_sea_arm_controller_configuration:/opt/erc_ws/install/pal_pro_gripper_controller_configuration:/opt/erc_ws/install/pal_pro_gripper_wrapper:/opt/erc_ws/install/pal_gripper_controller_configuration:/opt/erc_ws/install/omni_base_controller_configuration:/opt/erc_ws/install/gz_ros2_control:/opt/erc_ws/install/erc_description:/opt/erc_ws/install/erc_solution:/opt/ros/humble CMAKE_PREFIX_PATH=/opt/erc_ws/install/pal_urdf_utils:/opt/erc_ws/install/tiago_pro_robot:/opt/erc_ws/install/tiago_pro_head_robot:/opt/erc_ws/install/tiago_pro_bringup:/opt/erc_ws/install/tiago_pro_head_bringup:/opt/erc_ws/install/erc_bringup:/opt/erc_ws/install/tiago_pro_description:/opt/erc_ws/install/tiago_pro_head_description:/opt/erc_ws/install/tiago_pro_controller_configuration:/opt/erc_ws/install/tiago_pro_head_controller_configuration:/opt/erc_ws/install/pal_sea_arm:/opt/erc_ws/install/pal_sea_arm_bringup:/opt/erc_ws/install/pal_sea_arm_description:/opt/erc_ws/install/pal_pro_gripper_simulation:/opt/erc_ws/install/pal_pro_gripper_bringup:/opt/erc_ws/install/pal_pro_gripper:/opt/erc_ws/install/pal_pro_gripper_description:/opt/erc_ws/install/pal_gripper_simulation:/opt/erc_ws/install/pal_gripper:/opt/erc_ws/install/pal_gripper_description:/opt/erc_ws/install/omni_base_robot:/opt/erc_ws/install/omni_base_bringup:/opt/erc_ws/install/omni_base_description:/opt/erc_ws/install/pal_sea_arm_controller_configuration:/opt/erc_ws/install/pal_pro_gripper_controller_configuration:/opt/erc_ws/install/pal_gripper_controller_configuration:/opt/erc_ws/install/omni_base_controller_configuration:/opt/erc_ws/install/gz_ros2_control:/opt/erc_ws/install/erc_description:/opt/erc_ws/install/sensors:/opt/erc_ws/install/pal_pro_gripper_wrapper:/opt/erc_ws/install/launch_pal:/opt/erc_ws/install/erc_solution:/opt/ros/humble PYTHONPATH=/opt/erc_ws/build/launch_pal:/opt/erc_ws/install/launch_pal/lib/python3.10/site-packages:/opt/erc_ws/install/tiago_pro_description/local/lib/python3.10/dist-packages:/opt/erc_ws/install/tiago_pro_head_description/local/lib/python3.10/dist-packages:/opt/erc_ws/install/sensors/lib/python3.10/site-packages:/opt/erc_ws/install/pal_sea_arm_description/local/lib/python3.10/dist-packages:/opt/erc_ws/install/pal_pro_gripper_description/local/lib/python3.10/dist-packages:/opt/erc_ws/install/omni_base_description/local/lib/python3.10/dist-packages:/opt/erc_ws/install/pal_pro_gripper_wrapper/lib/python3.10/site-packages:/opt/erc_ws/build/erc_solution:/opt/erc_ws/install/erc_solution/lib/python3.10/site-packages:/opt/ros/humble/lib/python3.10/site-packages:/opt/ros/humble/local/lib/python3.10/dist-packages /usr/bin/cmake --build /opt/erc_ws/build/omni_base_description -- -j16 -l16
[3.426s] DEBUG:colcon.colcon_core.event_handler.log_command:Invoking command in '/opt/erc_ws/build/omni_base_description': AMENT_PREFIX_PATH=/opt/erc_ws/install/launch_pal:/opt/erc_ws/install/tiago_pro_robot:/opt/erc_ws/install/tiago_pro_head_robot:/opt/erc_ws/install/tiago_pro_bringup:/opt/erc_ws/install/tiago_pro_head_bringup:/opt/erc_ws/install/erc_bringup:/opt/erc_ws/install/tiago_pro_description:/opt/erc_ws/install/tiago_pro_head_description:/opt/erc_ws/install/tiago_pro_controller_configuration:/opt/erc_ws/install/tiago_pro_head_controller_configuration:/opt/erc_ws/install/sensors:/opt/erc_ws/install/pal_sea_arm:/opt/erc_ws/install/pal_sea_arm_bringup:/opt/erc_ws/install/pal_sea_arm_description:/opt/erc_ws/install/pal_pro_gripper_simulation:/opt/erc_ws/install/pal_pro_gripper_bringup:/opt/erc_ws/install/pal_pro_gripper:/opt/erc_ws/install/pal_pro_gripper_description:/opt/erc_ws/install/pal_gripper_simulation:/opt/erc_ws/install/pal_gripper:/opt/erc_ws/install/pal_gripper_description:/opt/erc_ws/install/omni_base_robot:/opt/erc_ws/install/omni_base_bringup:/opt/erc_ws/install/omni_base_description:/opt/erc_ws/install/pal_urdf_utils:/opt/erc_ws/install/pal_sea_arm_controller_configuration:/opt/erc_ws/install/pal_pro_gripper_controller_configuration:/opt/erc_ws/install/pal_pro_gripper_wrapper:/opt/erc_ws/install/pal_gripper_controller_configuration:/opt/erc_ws/install/omni_base_controller_configuration:/opt/erc_ws/install/gz_ros2_control:/opt/erc_ws/install/erc_description:/opt/erc_ws/install/erc_solution:/opt/ros/humble CMAKE_PREFIX_PATH=/opt/erc_ws/install/pal_urdf_utils:/opt/erc_ws/install/tiago_pro_robot:/opt/erc_ws/install/tiago_pro_head_robot:/opt/erc_ws/install/tiago_pro_bringup:/opt/erc_ws/install/tiago_pro_head_bringup:/opt/erc_ws/install/erc_bringup:/opt/erc_ws/install/tiago_pro_description:/opt/erc_ws/install/tiago_pro_head_description:/opt/erc_ws/install/tiago_pro_controller_configuration:/opt/erc_ws/install/tiago_pro_head_controller_configuration:/opt/erc_ws/install/pal_sea_arm:/opt/erc_ws/install/pal_sea_arm_bringup:/opt/erc_ws/install/pal_sea_arm_description:/opt/erc_ws/install/pal_pro_gripper_simulation:/opt/erc_ws/install/pal_pro_gripper_bringup:/opt/erc_ws/install/pal_pro_gripper:/opt/erc_ws/install/pal_pro_gripper_description:/opt/erc_ws/install/pal_gripper_simulation:/opt/erc_ws/install/pal_gripper:/opt/erc_ws/install/pal_gripper_description:/opt/erc_ws/install/omni_base_robot:/opt/erc_ws/install/omni_base_bringup:/opt/erc_ws/install/omni_base_description:/opt/erc_ws/install/pal_sea_arm_controller_configuration:/opt/erc_ws/install/pal_pro_gripper_controller_configuration:/opt/erc_ws/install/pal_gripper_controller_configuration:/opt/erc_ws/install/omni_base_controller_configuration:/opt/erc_ws/install/gz_ros2_control:/opt/erc_ws/install/erc_description:/opt/erc_ws/install/sensors:/opt/erc_ws/install/pal_pro_gripper_wrapper:/opt/erc_ws/install/launch_pal:/opt/erc_ws/install/erc_solution:/opt/ros/humble PYTHONPATH=/opt/erc_ws/build/launch_pal:/opt/erc_ws/install/launch_pal/lib/python3.10/site-packages:/opt/erc_ws/install/tiago_pro_description/local/lib/python3.10/dist-packages:/opt/erc_ws/install/tiago_pro_head_description/local/lib/python3.10/dist-packages:/opt/erc_ws/install/sensors/lib/python3.10/site-packages:/opt/erc_ws/install/pal_sea_arm_description/local/lib/python3.10/dist-packages:/opt/erc_ws/install/pal_pro_gripper_description/local/lib/python3.10/dist-packages:/opt/erc_ws/install/omni_base_description/local/lib/python3.10/dist-packages:/opt/erc_ws/install/pal_pro_gripper_wrapper/lib/python3.10/site-packages:/opt/erc_ws/build/erc_solution:/opt/erc_ws/install/erc_solution/lib/python3.10/site-packages:/opt/ros/humble/lib/python3.10/site-packages:/opt/ros/humble/local/lib/python3.10/dist-packages /usr/bin/cmake --install /opt/erc_ws/build/omni_base_description
[3.436s] DEBUG:colcon.colcon_core.event_handler.log_command:Invoked command in '/opt/erc_ws/build/pal_gripper' returned '0': CMAKE_PREFIX_PATH=/opt/erc_ws/install/pal_gripper_description:/opt/erc_ws/install/pal_urdf_utils:/opt/erc_ws/install/pal_gripper_controller_configuration:/opt/erc_ws/install/tiago_pro_robot:/opt/erc_ws/install/tiago_pro_head_robot:/opt/erc_ws/install/tiago_pro_bringup:/opt/erc_ws/install/tiago_pro_head_bringup:/opt/erc_ws/install/erc_bringup:/opt/erc_ws/install/tiago_pro_description:/opt/erc_ws/install/tiago_pro_head_description:/opt/erc_ws/install/tiago_pro_controller_configuration:/opt/erc_ws/install/tiago_pro_head_controller_configuration:/opt/erc_ws/install/pal_sea_arm:/opt/erc_ws/install/pal_sea_arm_bringup:/opt/erc_ws/install/pal_sea_arm_description:/opt/erc_ws/install/pal_pro_gripper_simulation:/opt/erc_ws/install/pal_pro_gripper_bringup:/opt/erc_ws/install/pal_pro_gripper:/opt/erc_ws/install/pal_pro_gripper_description:/opt/erc_ws/install/pal_gripper_simulation:/opt/erc_ws/install/pal_gripper:/opt/erc_ws/install/omni_base_robot:/opt/erc_ws/install/omni_base_bringup:/opt/erc_ws/install/omni_base_description:/opt/erc_ws/install/pal_sea_arm_controller_configuration:/opt/erc_ws/install/pal_pro_gripper_controller_configuration:/opt/erc_ws/install/omni_base_controller_configuration:/opt/erc_ws/install/gz_ros2_control:/opt/erc_ws/install/erc_description:/opt/erc_ws/install/sensors:/opt/erc_ws/install/pal_pro_gripper_wrapper:/opt/erc_ws/install/launch_pal:/opt/erc_ws/install/erc_solution:/opt/ros/humble /usr/bin/cmake /opt/erc_ws/src/pal_gripper/pal_gripper -DAMENT_CMAKE_SYMLINK_INSTALL=1 -DCMAKE_INSTALL_PREFIX=/opt/erc_ws/install/pal_gripper
[3.437s] DEBUG:colcon.colcon_core.event_handler.log_command:Invoking command in '/opt/erc_ws/build/pal_gripper': CMAKE_PREFIX_PATH=/opt/erc_ws/install/pal_gripper_description:/opt/erc_ws/install/pal_urdf_utils:/opt/erc_ws/install/pal_gripper_controller_configuration:/opt/erc_ws/install/tiago_pro_robot:/opt/erc_ws/install/tiago_pro_head_robot:/opt/erc_ws/install/tiago_pro_bringup:/opt/erc_ws/install/tiago_pro_head_bringup:/opt/erc_ws/install/erc_bringup:/opt/erc_ws/install/tiago_pro_description:/opt/erc_ws/install/tiago_pro_head_description:/opt/erc_ws/install/tiago_pro_controller_configuration:/opt/erc_ws/install/tiago_pro_head_controller_configuration:/opt/erc_ws/install/pal_sea_arm:/opt/erc_ws/install/pal_sea_arm_bringup:/opt/erc_ws/install/pal_sea_arm_description:/opt/erc_ws/install/pal_pro_gripper_simulation:/opt/erc_ws/install/pal_pro_gripper_bringup:/opt/erc_ws/install/pal_pro_gripper:/opt/erc_ws/install/pal_pro_gripper_description:/opt/erc_ws/install/pal_gripper_simulation:/opt/erc_ws/install/pal_gripper:/opt/erc_ws/install/omni_base_robot:/opt/erc_ws/install/omni_base_bringup:/opt/erc_ws/install/omni_base_description:/opt/erc_ws/install/pal_sea_arm_controller_configuration:/opt/erc_ws/install/pal_pro_gripper_controller_configuration:/opt/erc_ws/install/omni_base_controller_configuration:/opt/erc_ws/install/gz_ros2_control:/opt/erc_ws/install/erc_description:/opt/erc_ws/install/sensors:/opt/erc_ws/install/pal_pro_gripper_wrapper:/opt/erc_ws/install/launch_pal:/opt/erc_ws/install/erc_solution:/opt/ros/humble /usr/bin/cmake --build /opt/erc_ws/build/pal_gripper -- -j16 -l16
[3.474s] DEBUG:colcon.colcon_core.event_handler.log_command:Invoked command in '/opt/erc_ws/build/pal_gripper' returned '0': CMAKE_PREFIX_PATH=/opt/erc_ws/install/pal_gripper_description:/opt/erc_ws/install/pal_urdf_utils:/opt/erc_ws/install/pal_gripper_controller_configuration:/opt/erc_ws/install/tiago_pro_robot:/opt/erc_ws/install/tiago_pro_head_robot:/opt/erc_ws/install/tiago_pro_bringup:/opt/erc_ws/install/tiago_pro_head_bringup:/opt/erc_ws/install/erc_bringup:/opt/erc_ws/install/tiago_pro_description:/opt/erc_ws/install/tiago_pro_head_description:/opt/erc_ws/install/tiago_pro_controller_configuration:/opt/erc_ws/install/tiago_pro_head_controller_configuration:/opt/erc_ws/install/pal_sea_arm:/opt/erc_ws/install/pal_sea_arm_bringup:/opt/erc_ws/install/pal_sea_arm_description:/opt/erc_ws/install/pal_pro_gripper_simulation:/opt/erc_ws/install/pal_pro_gripper_bringup:/opt/erc_ws/install/pal_pro_gripper:/opt/erc_ws/install/pal_pro_gripper_description:/opt/erc_ws/install/pal_gripper_simulation:/opt/erc_ws/install/pal_gripper:/opt/erc_ws/install/omni_base_robot:/opt/erc_ws/install/omni_base_bringup:/opt/erc_ws/install/omni_base_description:/opt/erc_ws/install/pal_sea_arm_controller_configuration:/opt/erc_ws/install/pal_pro_gripper_controller_configuration:/opt/erc_ws/install/omni_base_controller_configuration:/opt/erc_ws/install/gz_ros2_control:/opt/erc_ws/install/erc_description:/opt/erc_ws/install/sensors:/opt/erc_ws/install/pal_pro_gripper_wrapper:/opt/erc_ws/install/launch_pal:/opt/erc_ws/install/erc_solution:/opt/ros/humble /usr/bin/cmake --build /opt/erc_ws/build/pal_gripper -- -j16 -l16
[3.477s] DEBUG:colcon.colcon_core.event_handler.log_command:Invoking command in '/opt/erc_ws/build/pal_gripper': CMAKE_PREFIX_PATH=/opt/erc_ws/install/pal_gripper_description:/opt/erc_ws/install/pal_urdf_utils:/opt/erc_ws/install/pal_gripper_controller_configuration:/opt/erc_ws/install/tiago_pro_robot:/opt/erc_ws/install/tiago_pro_head_robot:/opt/erc_ws/install/tiago_pro_bringup:/opt/erc_ws/install/tiago_pro_head_bringup:/opt/erc_ws/install/erc_bringup:/opt/erc_ws/install/tiago_pro_description:/opt/erc_ws/install/tiago_pro_head_description:/opt/erc_ws/install/tiago_pro_controller_configuration:/opt/erc_ws/install/tiago_pro_head_controller_configuration:/opt/erc_ws/install/pal_sea_arm:/opt/erc_ws/install/pal_sea_arm_bringup:/opt/erc_ws/install/pal_sea_arm_description:/opt/erc_ws/install/pal_pro_gripper_simulation:/opt/erc_ws/install/pal_pro_gripper_bringup:/opt/erc_ws/install/pal_pro_gripper:/opt/erc_ws/install/pal_pro_gripper_description:/opt/erc_ws/install/pal_gripper_simulation:/opt/erc_ws/install/pal_gripper:/opt/erc_ws/install/omni_base_robot:/opt/erc_ws/install/omni_base_bringup:/opt/erc_ws/install/omni_base_description:/opt/erc_ws/install/pal_sea_arm_controller_configuration:/opt/erc_ws/install/pal_pro_gripper_controller_configuration:/opt/erc_ws/install/omni_base_controller_configuration:/opt/erc_ws/install/gz_ros2_control:/opt/erc_ws/install/erc_description:/opt/erc_ws/install/sensors:/opt/erc_ws/install/pal_pro_gripper_wrapper:/opt/erc_ws/install/launch_pal:/opt/erc_ws/install/erc_solution:/opt/ros/humble /usr/bin/cmake --install /opt/erc_ws/build/pal_gripper
[3.511s] DEBUG:colcon.colcon_core.event_handler.log_command:Invoked command in '/opt/erc_ws/build/pal_gripper_simulation' returned '0': CMAKE_PREFIX_PATH=/opt/erc_ws/install/pal_gripper_description:/opt/erc_ws/install/pal_urdf_utils:/opt/erc_ws/install/pal_gripper_controller_configuration:/opt/erc_ws/install/tiago_pro_robot:/opt/erc_ws/install/tiago_pro_head_robot:/opt/erc_ws/install/tiago_pro_bringup:/opt/erc_ws/install/tiago_pro_head_bringup:/opt/erc_ws/install/erc_bringup:/opt/erc_ws/install/tiago_pro_description:/opt/erc_ws/install/tiago_pro_head_description:/opt/erc_ws/install/tiago_pro_controller_configuration:/opt/erc_ws/install/tiago_pro_head_controller_configuration:/opt/erc_ws/install/pal_sea_arm:/opt/erc_ws/install/pal_sea_arm_bringup:/opt/erc_ws/install/pal_sea_arm_description:/opt/erc_ws/install/pal_pro_gripper_simulation:/opt/erc_ws/install/pal_pro_gripper_bringup:/opt/erc_ws/install/pal_pro_gripper:/opt/erc_ws/install/pal_pro_gripper_description:/opt/erc_ws/install/pal_gripper_simulation:/opt/erc_ws/install/pal_gripper:/opt/erc_ws/install/omni_base_robot:/opt/erc_ws/install/omni_base_bringup:/opt/erc_ws/install/omni_base_description:/opt/erc_ws/install/pal_sea_arm_controller_configuration:/opt/erc_ws/install/pal_pro_gripper_controller_configuration:/opt/erc_ws/install/omni_base_controller_configuration:/opt/erc_ws/install/gz_ros2_control:/opt/erc_ws/install/erc_description:/opt/erc_ws/install/sensors:/opt/erc_ws/install/pal_pro_gripper_wrapper:/opt/erc_ws/install/launch_pal:/opt/erc_ws/install/erc_solution:/opt/ros/humble /usr/bin/cmake /opt/erc_ws/src/pal_gripper/pal_gripper_simulation -DAMENT_CMAKE_SYMLINK_INSTALL=1 -DCMAKE_INSTALL_PREFIX=/opt/erc_ws/install/pal_gripper_simulation
[3.515s] DEBUG:colcon.colcon_core.event_handler.log_command:Invoking command in '/opt/erc_ws/build/pal_gripper_simulation': CMAKE_PREFIX_PATH=/opt/erc_ws/install/pal_gripper_description:/opt/erc_ws/install/pal_urdf_utils:/opt/erc_ws/install/pal_gripper_controller_configuration:/opt/erc_ws/install/tiago_pro_robot:/opt/erc_ws/install/tiago_pro_head_robot:/opt/erc_ws/install/tiago_pro_bringup:/opt/erc_ws/install/tiago_pro_head_bringup:/opt/erc_ws/install/erc_bringup:/opt/erc_ws/install/tiago_pro_description:/opt/erc_ws/install/tiago_pro_head_description:/opt/erc_ws/install/tiago_pro_controller_configuration:/opt/erc_ws/install/tiago_pro_head_controller_configuration:/opt/erc_ws/install/pal_sea_arm:/opt/erc_ws/install/pal_sea_arm_bringup:/opt/erc_ws/install/pal_sea_arm_description:/opt/erc_ws/install/pal_pro_gripper_simulation:/opt/erc_ws/install/pal_pro_gripper_bringup:/opt/erc_ws/install/pal_pro_gripper:/opt/erc_ws/install/pal_pro_gripper_description:/opt/erc_ws/install/pal_gripper_simulation:/opt/erc_ws/install/pal_gripper:/opt/erc_ws/install/omni_base_robot:/opt/erc_ws/install/omni_base_bringup:/opt/erc_ws/install/omni_base_description:/opt/erc_ws/install/pal_sea_arm_controller_configuration:/opt/erc_ws/install/pal_pro_gripper_controller_configuration:/opt/erc_ws/install/omni_base_controller_configuration:/opt/erc_ws/install/gz_ros2_control:/opt/erc_ws/install/erc_description:/opt/erc_ws/install/sensors:/opt/erc_ws/install/pal_pro_gripper_wrapper:/opt/erc_ws/install/launch_pal:/opt/erc_ws/install/erc_solution:/opt/ros/humble /usr/bin/cmake --build /opt/erc_ws/build/pal_gripper_simulation -- -j16 -l16
[3.557s] DEBUG:colcon.colcon_core.event_handler.log_command:Invoked command in '/opt/erc_ws/build/pal_gripper_simulation' returned '0': CMAKE_PREFIX_PATH=/opt/erc_ws/install/pal_gripper_description:/opt/erc_ws/install/pal_urdf_utils:/opt/erc_ws/install/pal_gripper_controller_configuration:/opt/erc_ws/install/tiago_pro_robot:/opt/erc_ws/install/tiago_pro_head_robot:/opt/erc_ws/install/tiago_pro_bringup:/opt/erc_ws/install/tiago_pro_head_bringup:/opt/erc_ws/install/erc_bringup:/opt/erc_ws/install/tiago_pro_description:/opt/erc_ws/install/tiago_pro_head_description:/opt/erc_ws/install/tiago_pro_controller_configuration:/opt/erc_ws/install/tiago_pro_head_controller_configuration:/opt/erc_ws/install/pal_sea_arm:/opt/erc_ws/install/pal_sea_arm_bringup:/opt/erc_ws/install/pal_sea_arm_description:/opt/erc_ws/install/pal_pro_gripper_simulation:/opt/erc_ws/install/pal_pro_gripper_bringup:/opt/erc_ws/install/pal_pro_gripper:/opt/erc_ws/install/pal_pro_gripper_description:/opt/erc_ws/install/pal_gripper_simulation:/opt/erc_ws/install/pal_gripper:/opt/erc_ws/install/omni_base_robot:/opt/erc_ws/install/omni_base_bringup:/opt/erc_ws/install/omni_base_description:/opt/erc_ws/install/pal_sea_arm_controller_configuration:/opt/erc_ws/install/pal_pro_gripper_controller_configuration:/opt/erc_ws/install/omni_base_controller_configuration:/opt/erc_ws/install/gz_ros2_control:/opt/erc_ws/install/erc_description:/opt/erc_ws/install/sensors:/opt/erc_ws/install/pal_pro_gripper_wrapper:/opt/erc_ws/install/launch_pal:/opt/erc_ws/install/erc_solution:/opt/ros/humble /usr/bin/cmake --build /opt/erc_ws/build/pal_gripper_simulation -- -j16 -l16
[3.560s] DEBUG:colcon.colcon_core.event_handler.log_command:Invoking command in '/opt/erc_ws/build/pal_gripper_simulation': CMAKE_PREFIX_PATH=/opt/erc_ws/install/pal_gripper_description:/opt/erc_ws/install/pal_urdf_utils:/opt/erc_ws/install/pal_gripper_controller_configuration:/opt/erc_ws/install/tiago_pro_robot:/opt/erc_ws/install/tiago_pro_head_robot:/opt/erc_ws/install/tiago_pro_bringup:/opt/erc_ws/install/tiago_pro_head_bringup:/opt/erc_ws/install/erc_bringup:/opt/erc_ws/install/tiago_pro_description:/opt/erc_ws/install/tiago_pro_head_description:/opt/erc_ws/install/tiago_pro_controller_configuration:/opt/erc_ws/install/tiago_pro_head_controller_configuration:/opt/erc_ws/install/pal_sea_arm:/opt/erc_ws/install/pal_sea_arm_bringup:/opt/erc_ws/install/pal_sea_arm_description:/opt/erc_ws/install/pal_pro_gripper_simulation:/opt/erc_ws/install/pal_pro_gripper_bringup:/opt/erc_ws/install/pal_pro_gripper:/opt/erc_ws/install/pal_pro_gripper_description:/opt/erc_ws/install/pal_gripper_simulation:/opt/erc_ws/install/pal_gripper:/opt/erc_ws/install/omni_base_robot:/opt/erc_ws/install/omni_base_bringup:/opt/erc_ws/install/omni_base_description:/opt/erc_ws/install/pal_sea_arm_controller_configuration:/opt/erc_ws/install/pal_pro_gripper_controller_configuration:/opt/erc_ws/install/omni_base_controller_configuration:/opt/erc_ws/install/gz_ros2_control:/opt/erc_ws/install/erc_description:/opt/erc_ws/install/sensors:/opt/erc_ws/install/pal_pro_gripper_wrapper:/opt/erc_ws/install/launch_pal:/opt/erc_ws/install/erc_solution:/opt/ros/humble /usr/bin/cmake --install /opt/erc_ws/build/pal_gripper_simulation
[3.643s] Level 1:colcon.colcon_core.environment:create_environment_scripts_only(pal_gripper)
[3.644s] Level 1:colcon.colcon_core.environment:checking '/opt/erc_ws/install/pal_gripper' for CMake module files
[3.645s] DEBUG:colcon.colcon_core.event_handler.log_command:Invoked command in '/opt/erc_ws/build/pal_gripper' returned '0': CMAKE_PREFIX_PATH=/opt/erc_ws/install/pal_gripper_description:/opt/erc_ws/install/pal_urdf_utils:/opt/erc_ws/install/pal_gripper_controller_configuration:/opt/erc_ws/install/tiago_pro_robot:/opt/erc_ws/install/tiago_pro_head_robot:/opt/erc_ws/install/tiago_pro_bringup:/opt/erc_ws/install/tiago_pro_head_bringup:/opt/erc_ws/install/erc_bringup:/opt/erc_ws/install/tiago_pro_description:/opt/erc_ws/install/tiago_pro_head_description:/opt/erc_ws/install/tiago_pro_controller_configuration:/opt/erc_ws/install/tiago_pro_head_controller_configuration:/opt/erc_ws/install/pal_sea_arm:/opt/erc_ws/install/pal_sea_arm_bringup:/opt/erc_ws/install/pal_sea_arm_description:/opt/erc_ws/install/pal_pro_gripper_simulation:/opt/erc_ws/install/pal_pro_gripper_bringup:/opt/erc_ws/install/pal_pro_gripper:/opt/erc_ws/install/pal_pro_gripper_description:/opt/erc_ws/install/pal_gripper_simulation:/opt/erc_ws/install/pal_gripper:/opt/erc_ws/install/omni_base_robot:/opt/erc_ws/install/omni_base_bringup:/opt/erc_ws/install/omni_base_description:/opt/erc_ws/install/pal_sea_arm_controller_configuration:/opt/erc_ws/install/pal_pro_gripper_controller_configuration:/opt/erc_ws/install/omni_base_controller_configuration:/opt/erc_ws/install/gz_ros2_control:/opt/erc_ws/install/erc_description:/opt/erc_ws/install/sensors:/opt/erc_ws/install/pal_pro_gripper_wrapper:/opt/erc_ws/install/launch_pal:/opt/erc_ws/install/erc_solution:/opt/ros/humble /usr/bin/cmake --install /opt/erc_ws/build/pal_gripper
[3.645s] Level 1:colcon.colcon_core.environment:checking '/opt/erc_ws/install/pal_gripper' for CMake config files
[3.648s] Level 1:colcon.colcon_core.shell:create_environment_hook('pal_gripper', 'cmake_prefix_path')
[3.649s] INFO:colcon.colcon_core.shell:Creating environment hook '/opt/erc_ws/install/pal_gripper/share/pal_gripper/hook/cmake_prefix_path.ps1'
[3.649s] INFO:colcon.colcon_core.shell:Creating environment descriptor '/opt/erc_ws/install/pal_gripper/share/pal_gripper/hook/cmake_prefix_path.dsv'
[3.651s] INFO:colcon.colcon_core.shell:Creating environment hook '/opt/erc_ws/install/pal_gripper/share/pal_gripper/hook/cmake_prefix_path.sh'
[3.651s] Level 1:colcon.colcon_core.environment:checking '/opt/erc_ws/install/pal_gripper/bin'
[3.651s] Level 1:colcon.colcon_core.environment:checking '/opt/erc_ws/install/pal_gripper/lib/pkgconfig/pal_gripper.pc'
[3.652s] Level 1:colcon.colcon_core.environment:checking '/opt/erc_ws/install/pal_gripper/lib/python3.10/site-packages'
[3.652s] Level 1:colcon.colcon_core.environment:checking '/opt/erc_ws/install/pal_gripper/bin'
[3.652s] INFO:colcon.colcon_core.shell:Creating package script '/opt/erc_ws/install/pal_gripper/share/pal_gripper/package.ps1'
[3.653s] INFO:colcon.colcon_core.shell:Creating package descriptor '/opt/erc_ws/install/pal_gripper/share/pal_gripper/package.dsv'
[3.653s] INFO:colcon.colcon_core.shell:Creating package script '/opt/erc_ws/install/pal_gripper/share/pal_gripper/package.sh'
[3.654s] INFO:colcon.colcon_core.shell:Creating package script '/opt/erc_ws/install/pal_gripper/share/pal_gripper/package.bash'
[3.654s] INFO:colcon.colcon_core.shell:Creating package script '/opt/erc_ws/install/pal_gripper/share/pal_gripper/package.zsh'
[3.654s] Level 1:colcon.colcon_core.environment:create_file_with_runtime_dependencies(/opt/erc_ws/install/pal_gripper/share/colcon-core/packages/pal_gripper)
[3.655s] Level 1:colcon.colcon_core.environment:create_environment_scripts_only(pal_gripper)
[3.656s] Level 1:colcon.colcon_core.environment:checking '/opt/erc_ws/install/pal_gripper' for CMake module files
[3.656s] Level 1:colcon.colcon_core.environment:checking '/opt/erc_ws/install/pal_gripper' for CMake config files
[3.656s] Level 1:colcon.colcon_core.shell:create_environment_hook('pal_gripper', 'cmake_prefix_path')
[3.656s] INFO:colcon.colcon_core.shell:Creating environment hook '/opt/erc_ws/install/pal_gripper/share/pal_gripper/hook/cmake_prefix_path.ps1'
[3.658s] INFO:colcon.colcon_core.shell:Creating environment descriptor '/opt/erc_ws/install/pal_gripper/share/pal_gripper/hook/cmake_prefix_path.dsv'
[3.658s] INFO:colcon.colcon_core.shell:Creating environment hook '/opt/erc_ws/install/pal_gripper/share/pal_gripper/hook/cmake_prefix_path.sh'
[3.660s] Level 1:colcon.colcon_core.environment:checking '/opt/erc_ws/install/pal_gripper/bin'
[3.660s] Level 1:colcon.colcon_core.environment:checking '/opt/erc_ws/install/pal_gripper/lib/pkgconfig/pal_gripper.pc'
[3.661s] Level 1:colcon.colcon_core.environment:checking '/opt/erc_ws/install/pal_gripper/lib/python3.10/site-packages'
[3.662s] Level 1:colcon.colcon_core.environment:checking '/opt/erc_ws/install/pal_gripper/bin'
[3.662s] INFO:colcon.colcon_core.shell:Creating package script '/opt/erc_ws/install/pal_gripper/share/pal_gripper/package.ps1'
[3.665s] INFO:colcon.colcon_core.shell:Creating package descriptor '/opt/erc_ws/install/pal_gripper/share/pal_gripper/package.dsv'
[3.666s] INFO:colcon.colcon_core.shell:Creating package script '/opt/erc_ws/install/pal_gripper/share/pal_gripper/package.sh'
[3.668s] INFO:colcon.colcon_core.shell:Creating package script '/opt/erc_ws/install/pal_gripper/share/pal_gripper/package.bash'
[3.669s] INFO:colcon.colcon_core.shell:Creating package script '/opt/erc_ws/install/pal_gripper/share/pal_gripper/package.zsh'
[3.671s] Level 1:colcon.colcon_core.environment:create_file_with_runtime_dependencies(/opt/erc_ws/install/pal_gripper/share/colcon-core/packages/pal_gripper)
[3.686s] DEBUG:colcon.colcon_core.event_handler.log_command:Invoked command in '/opt/erc_ws/build/pal_sea_arm_controller_configuration' returned '0': AMENT_PREFIX_PATH=/opt/erc_ws/install/pal_pro_gripper_wrapper:/opt/erc_ws/install/launch_pal:/opt/erc_ws/install/tiago_pro_robot:/opt/erc_ws/install/tiago_pro_head_robot:/opt/erc_ws/install/tiago_pro_bringup:/opt/erc_ws/install/tiago_pro_head_bringup:/opt/erc_ws/install/erc_bringup:/opt/erc_ws/install/tiago_pro_description:/opt/erc_ws/install/tiago_pro_head_description:/opt/erc_ws/install/tiago_pro_controller_configuration:/opt/erc_ws/install/tiago_pro_head_controller_configuration:/opt/erc_ws/install/sensors:/opt/erc_ws/install/pal_sea_arm:/opt/erc_ws/install/pal_sea_arm_bringup:/opt/erc_ws/install/pal_sea_arm_description:/opt/erc_ws/install/pal_pro_gripper_simulation:/opt/erc_ws/install/pal_pro_gripper_bringup:/opt/erc_ws/install/pal_pro_gripper:/opt/erc_ws/install/pal_pro_gripper_description:/opt/erc_ws/install/pal_gripper_simulation:/opt/erc_ws/install/pal_gripper:/opt/erc_ws/install/pal_gripper_description:/opt/erc_ws/install/omni_base_robot:/opt/erc_ws/install/omni_base_bringup:/opt/erc_ws/install/omni_base_description:/opt/erc_ws/install/pal_urdf_utils:/opt/erc_ws/install/pal_sea_arm_controller_configuration:/opt/erc_ws/install/pal_pro_gripper_controller_configuration:/opt/erc_ws/install/pal_gripper_controller_configuration:/opt/erc_ws/install/omni_base_controller_configuration:/opt/erc_ws/install/gz_ros2_control:/opt/erc_ws/install/erc_description:/opt/erc_ws/install/erc_solution:/opt/ros/humble CMAKE_PREFIX_PATH=/opt/erc_ws/install/pal_pro_gripper_controller_configuration:/opt/erc_ws/install/tiago_pro_robot:/opt/erc_ws/install/tiago_pro_head_robot:/opt/erc_ws/install/tiago_pro_bringup:/opt/erc_ws/install/tiago_pro_head_bringup:/opt/erc_ws/install/erc_bringup:/opt/erc_ws/install/tiago_pro_description:/opt/erc_ws/install/tiago_pro_head_description:/opt/erc_ws/install/tiago_pro_controller_configuration:/opt/erc_ws/install/tiago_pro_head_controller_configuration:/opt/erc_ws/install/pal_sea_arm:/opt/erc_ws/install/pal_sea_arm_bringup:/opt/erc_ws/install/pal_sea_arm_description:/opt/erc_ws/install/pal_pro_gripper_simulation:/opt/erc_ws/install/pal_pro_gripper_bringup:/opt/erc_ws/install/pal_pro_gripper:/opt/erc_ws/install/pal_pro_gripper_description:/opt/erc_ws/install/pal_gripper_simulation:/opt/erc_ws/install/pal_gripper:/opt/erc_ws/install/pal_gripper_description:/opt/erc_ws/install/omni_base_robot:/opt/erc_ws/install/omni_base_bringup:/opt/erc_ws/install/omni_base_description:/opt/erc_ws/install/pal_urdf_utils:/opt/erc_ws/install/pal_sea_arm_controller_configuration:/opt/erc_ws/install/pal_gripper_controller_configuration:/opt/erc_ws/install/omni_base_controller_configuration:/opt/erc_ws/install/gz_ros2_control:/opt/erc_ws/install/erc_description:/opt/erc_ws/install/sensors:/opt/erc_ws/install/pal_pro_gripper_wrapper:/opt/erc_ws/install/launch_pal:/opt/erc_ws/install/erc_solution:/opt/ros/humble PYTHONPATH=/opt/erc_ws/build/pal_pro_gripper_wrapper:/opt/erc_ws/install/pal_pro_gripper_wrapper/lib/python3.10/site-packages:/opt/erc_ws/build/launch_pal:/opt/erc_ws/install/launch_pal/lib/python3.10/site-packages:/opt/erc_ws/install/tiago_pro_description/local/lib/python3.10/dist-packages:/opt/erc_ws/install/tiago_pro_head_description/local/lib/python3.10/dist-packages:/opt/erc_ws/install/sensors/lib/python3.10/site-packages:/opt/erc_ws/install/pal_sea_arm_description/local/lib/python3.10/dist-packages:/opt/erc_ws/install/pal_pro_gripper_description/local/lib/python3.10/dist-packages:/opt/erc_ws/install/omni_base_description/local/lib/python3.10/dist-packages:/opt/erc_ws/build/erc_solution:/opt/erc_ws/install/erc_solution/lib/python3.10/site-packages:/opt/ros/humble/lib/python3.10/site-packages:/opt/ros/humble/local/lib/python3.10/dist-packages /usr/bin/cmake /opt/erc_ws/src/pal_sea_arm/pal_sea_arm_controller_configuration -DAMENT_CMAKE_SYMLINK_INSTALL=1 -DCMAKE_INSTALL_PREFIX=/opt/erc_ws/install/pal_sea_arm_controller_configuration
[3.688s] DEBUG:colcon.colcon_core.event_handler.log_command:Invoking command in '/opt/erc_ws/build/pal_sea_arm_controller_configuration': AMENT_PREFIX_PATH=/opt/erc_ws/install/pal_pro_gripper_wrapper:/opt/erc_ws/install/launch_pal:/opt/erc_ws/install/tiago_pro_robot:/opt/erc_ws/install/tiago_pro_head_robot:/opt/erc_ws/install/tiago_pro_bringup:/opt/erc_ws/install/tiago_pro_head_bringup:/opt/erc_ws/install/erc_bringup:/opt/erc_ws/install/tiago_pro_description:/opt/erc_ws/install/tiago_pro_head_description:/opt/erc_ws/install/tiago_pro_controller_configuration:/opt/erc_ws/install/tiago_pro_head_controller_configuration:/opt/erc_ws/install/sensors:/opt/erc_ws/install/pal_sea_arm:/opt/erc_ws/install/pal_sea_arm_bringup:/opt/erc_ws/install/pal_sea_arm_description:/opt/erc_ws/install/pal_pro_gripper_simulation:/opt/erc_ws/install/pal_pro_gripper_bringup:/opt/erc_ws/install/pal_pro_gripper:/opt/erc_ws/install/pal_pro_gripper_description:/opt/erc_ws/install/pal_gripper_simulation:/opt/erc_ws/install/pal_gripper:/opt/erc_ws/install/pal_gripper_description:/opt/erc_ws/install/omni_base_robot:/opt/erc_ws/install/omni_base_bringup:/opt/erc_ws/install/omni_base_description:/opt/erc_ws/install/pal_urdf_utils:/opt/erc_ws/install/pal_sea_arm_controller_configuration:/opt/erc_ws/install/pal_pro_gripper_controller_configuration:/opt/erc_ws/install/pal_gripper_controller_configuration:/opt/erc_ws/install/omni_base_controller_configuration:/opt/erc_ws/install/gz_ros2_control:/opt/erc_ws/install/erc_description:/opt/erc_ws/install/erc_solution:/opt/ros/humble CMAKE_PREFIX_PATH=/opt/erc_ws/install/pal_pro_gripper_controller_configuration:/opt/erc_ws/install/tiago_pro_robot:/opt/erc_ws/install/tiago_pro_head_robot:/opt/erc_ws/install/tiago_pro_bringup:/opt/erc_ws/install/tiago_pro_head_bringup:/opt/erc_ws/install/erc_bringup:/opt/erc_ws/install/tiago_pro_description:/opt/erc_ws/install/tiago_pro_head_description:/opt/erc_ws/install/tiago_pro_controller_configuration:/opt/erc_ws/install/tiago_pro_head_controller_configuration:/opt/erc_ws/install/pal_sea_arm:/opt/erc_ws/install/pal_sea_arm_bringup:/opt/erc_ws/install/pal_sea_arm_description:/opt/erc_ws/install/pal_pro_gripper_simulation:/opt/erc_ws/install/pal_pro_gripper_bringup:/opt/erc_ws/install/pal_pro_gripper:/opt/erc_ws/install/pal_pro_gripper_description:/opt/erc_ws/install/pal_gripper_simulation:/opt/erc_ws/install/pal_gripper:/opt/erc_ws/install/pal_gripper_description:/opt/erc_ws/install/omni_base_robot:/opt/erc_ws/install/omni_base_bringup:/opt/erc_ws/install/omni_base_description:/opt/erc_ws/install/pal_urdf_utils:/opt/erc_ws/install/pal_sea_arm_controller_configuration:/opt/erc_ws/install/pal_gripper_controller_configuration:/opt/erc_ws/install/omni_base_controller_configuration:/opt/erc_ws/install/gz_ros2_control:/opt/erc_ws/install/erc_description:/opt/erc_ws/install/sensors:/opt/erc_ws/install/pal_pro_gripper_wrapper:/opt/erc_ws/install/launch_pal:/opt/erc_ws/install/erc_solution:/opt/ros/humble PYTHONPATH=/opt/erc_ws/build/pal_pro_gripper_wrapper:/opt/erc_ws/install/pal_pro_gripper_wrapper/lib/python3.10/site-packages:/opt/erc_ws/build/launch_pal:/opt/erc_ws/install/launch_pal/lib/python3.10/site-packages:/opt/erc_ws/install/tiago_pro_description/local/lib/python3.10/dist-packages:/opt/erc_ws/install/tiago_pro_head_description/local/lib/python3.10/dist-packages:/opt/erc_ws/install/sensors/lib/python3.10/site-packages:/opt/erc_ws/install/pal_sea_arm_description/local/lib/python3.10/dist-packages:/opt/erc_ws/install/pal_pro_gripper_description/local/lib/python3.10/dist-packages:/opt/erc_ws/install/omni_base_description/local/lib/python3.10/dist-packages:/opt/erc_ws/build/erc_solution:/opt/erc_ws/install/erc_solution/lib/python3.10/site-packages:/opt/ros/humble/lib/python3.10/site-packages:/opt/ros/humble/local/lib/python3.10/dist-packages /usr/bin/cmake --build /opt/erc_ws/build/pal_sea_arm_controller_configuration -- -j16 -l16
[3.727s] DEBUG:colcon.colcon_core.event_handler.log_command:Invoked command in '/opt/erc_ws/build/pal_sea_arm_controller_configuration' returned '0': AMENT_PREFIX_PATH=/opt/erc_ws/install/pal_pro_gripper_wrapper:/opt/erc_ws/install/launch_pal:/opt/erc_ws/install/tiago_pro_robot:/opt/erc_ws/install/tiago_pro_head_robot:/opt/erc_ws/install/tiago_pro_bringup:/opt/erc_ws/install/tiago_pro_head_bringup:/opt/erc_ws/install/erc_bringup:/opt/erc_ws/install/tiago_pro_description:/opt/erc_ws/install/tiago_pro_head_description:/opt/erc_ws/install/tiago_pro_controller_configuration:/opt/erc_ws/install/tiago_pro_head_controller_configuration:/opt/erc_ws/install/sensors:/opt/erc_ws/install/pal_sea_arm:/opt/erc_ws/install/pal_sea_arm_bringup:/opt/erc_ws/install/pal_sea_arm_description:/opt/erc_ws/install/pal_pro_gripper_simulation:/opt/erc_ws/install/pal_pro_gripper_bringup:/opt/erc_ws/install/pal_pro_gripper:/opt/erc_ws/install/pal_pro_gripper_description:/opt/erc_ws/install/pal_gripper_simulation:/opt/erc_ws/install/pal_gripper:/opt/erc_ws/install/pal_gripper_description:/opt/erc_ws/install/omni_base_robot:/opt/erc_ws/install/omni_base_bringup:/opt/erc_ws/install/omni_base_description:/opt/erc_ws/install/pal_urdf_utils:/opt/erc_ws/install/pal_sea_arm_controller_configuration:/opt/erc_ws/install/pal_pro_gripper_controller_configuration:/opt/erc_ws/install/pal_gripper_controller_configuration:/opt/erc_ws/install/omni_base_controller_configuration:/opt/erc_ws/install/gz_ros2_control:/opt/erc_ws/install/erc_description:/opt/erc_ws/install/erc_solution:/opt/ros/humble CMAKE_PREFIX_PATH=/opt/erc_ws/install/pal_pro_gripper_controller_configuration:/opt/erc_ws/install/tiago_pro_robot:/opt/erc_ws/install/tiago_pro_head_robot:/opt/erc_ws/install/tiago_pro_bringup:/opt/erc_ws/install/tiago_pro_head_bringup:/opt/erc_ws/install/erc_bringup:/opt/erc_ws/install/tiago_pro_description:/opt/erc_ws/install/tiago_pro_head_description:/opt/erc_ws/install/tiago_pro_controller_configuration:/opt/erc_ws/install/tiago_pro_head_controller_configuration:/opt/erc_ws/install/pal_sea_arm:/opt/erc_ws/install/pal_sea_arm_bringup:/opt/erc_ws/install/pal_sea_arm_description:/opt/erc_ws/install/pal_pro_gripper_simulation:/opt/erc_ws/install/pal_pro_gripper_bringup:/opt/erc_ws/install/pal_pro_gripper:/opt/erc_ws/install/pal_pro_gripper_description:/opt/erc_ws/install/pal_gripper_simulation:/opt/erc_ws/install/pal_gripper:/opt/erc_ws/install/pal_gripper_description:/opt/erc_ws/install/omni_base_robot:/opt/erc_ws/install/omni_base_bringup:/opt/erc_ws/install/omni_base_description:/opt/erc_ws/install/pal_urdf_utils:/opt/erc_ws/install/pal_sea_arm_controller_configuration:/opt/erc_ws/install/pal_gripper_controller_configuration:/opt/erc_ws/install/omni_base_controller_configuration:/opt/erc_ws/install/gz_ros2_control:/opt/erc_ws/install/erc_description:/opt/erc_ws/install/sensors:/opt/erc_ws/install/pal_pro_gripper_wrapper:/opt/erc_ws/install/launch_pal:/opt/erc_ws/install/erc_solution:/opt/ros/humble PYTHONPATH=/opt/erc_ws/build/pal_pro_gripper_wrapper:/opt/erc_ws/install/pal_pro_gripper_wrapper/lib/python3.10/site-packages:/opt/erc_ws/build/launch_pal:/opt/erc_ws/install/launch_pal/lib/python3.10/site-packages:/opt/erc_ws/install/tiago_pro_description/local/lib/python3.10/dist-packages:/opt/erc_ws/install/tiago_pro_head_description/local/lib/python3.10/dist-packages:/opt/erc_ws/install/sensors/lib/python3.10/site-packages:/opt/erc_ws/install/pal_sea_arm_description/local/lib/python3.10/dist-packages:/opt/erc_ws/install/pal_pro_gripper_description/local/lib/python3.10/dist-packages:/opt/erc_ws/install/omni_base_description/local/lib/python3.10/dist-packages:/opt/erc_ws/build/erc_solution:/opt/erc_ws/install/erc_solution/lib/python3.10/site-packages:/opt/ros/humble/lib/python3.10/site-packages:/opt/ros/humble/local/lib/python3.10/dist-packages /usr/bin/cmake --build /opt/erc_ws/build/pal_sea_arm_controller_configuration -- -j16 -l16
[3.730s] DEBUG:colcon.colcon_core.event_handler.log_command:Invoking command in '/opt/erc_ws/build/pal_sea_arm_controller_configuration': AMENT_PREFIX_PATH=/opt/erc_ws/install/pal_pro_gripper_wrapper:/opt/erc_ws/install/launch_pal:/opt/erc_ws/install/tiago_pro_robot:/opt/erc_ws/install/tiago_pro_head_robot:/opt/erc_ws/install/tiago_pro_bringup:/opt/erc_ws/install/tiago_pro_head_bringup:/opt/erc_ws/install/erc_bringup:/opt/erc_ws/install/tiago_pro_description:/opt/erc_ws/install/tiago_pro_head_description:/opt/erc_ws/install/tiago_pro_controller_configuration:/opt/erc_ws/install/tiago_pro_head_controller_configuration:/opt/erc_ws/install/sensors:/opt/erc_ws/install/pal_sea_arm:/opt/erc_ws/install/pal_sea_arm_bringup:/opt/erc_ws/install/pal_sea_arm_description:/opt/erc_ws/install/pal_pro_gripper_simulation:/opt/erc_ws/install/pal_pro_gripper_bringup:/opt/erc_ws/install/pal_pro_gripper:/opt/erc_ws/install/pal_pro_gripper_description:/opt/erc_ws/install/pal_gripper_simulation:/opt/erc_ws/install/pal_gripper:/opt/erc_ws/install/pal_gripper_description:/opt/erc_ws/install/omni_base_robot:/opt/erc_ws/install/omni_base_bringup:/opt/erc_ws/install/omni_base_description:/opt/erc_ws/install/pal_urdf_utils:/opt/erc_ws/install/pal_sea_arm_controller_configuration:/opt/erc_ws/install/pal_pro_gripper_controller_configuration:/opt/erc_ws/install/pal_gripper_controller_configuration:/opt/erc_ws/install/omni_base_controller_configuration:/opt/erc_ws/install/gz_ros2_control:/opt/erc_ws/install/erc_description:/opt/erc_ws/install/erc_solution:/opt/ros/humble CMAKE_PREFIX_PATH=/opt/erc_ws/install/pal_pro_gripper_controller_configuration:/opt/erc_ws/install/tiago_pro_robot:/opt/erc_ws/install/tiago_pro_head_robot:/opt/erc_ws/install/tiago_pro_bringup:/opt/erc_ws/install/tiago_pro_head_bringup:/opt/erc_ws/install/erc_bringup:/opt/erc_ws/install/tiago_pro_description:/opt/erc_ws/install/tiago_pro_head_description:/opt/erc_ws/install/tiago_pro_controller_configuration:/opt/erc_ws/install/tiago_pro_head_controller_configuration:/opt/erc_ws/install/pal_sea_arm:/opt/erc_ws/install/pal_sea_arm_bringup:/opt/erc_ws/install/pal_sea_arm_description:/opt/erc_ws/install/pal_pro_gripper_simulation:/opt/erc_ws/install/pal_pro_gripper_bringup:/opt/erc_ws/install/pal_pro_gripper:/opt/erc_ws/install/pal_pro_gripper_description:/opt/erc_ws/install/pal_gripper_simulation:/opt/erc_ws/install/pal_gripper:/opt/erc_ws/install/pal_gripper_description:/opt/erc_ws/install/omni_base_robot:/opt/erc_ws/install/omni_base_bringup:/opt/erc_ws/install/omni_base_description:/opt/erc_ws/install/pal_urdf_utils:/opt/erc_ws/install/pal_sea_arm_controller_configuration:/opt/erc_ws/install/pal_gripper_controller_configuration:/opt/erc_ws/install/omni_base_controller_configuration:/opt/erc_ws/install/gz_ros2_control:/opt/erc_ws/install/erc_description:/opt/erc_ws/install/sensors:/opt/erc_ws/install/pal_pro_gripper_wrapper:/opt/erc_ws/install/launch_pal:/opt/erc_ws/install/erc_solution:/opt/ros/humble PYTHONPATH=/opt/erc_ws/build/pal_pro_gripper_wrapper:/opt/erc_ws/install/pal_pro_gripper_wrapper/lib/python3.10/site-packages:/opt/erc_ws/build/launch_pal:/opt/erc_ws/install/launch_pal/lib/python3.10/site-packages:/opt/erc_ws/install/tiago_pro_description/local/lib/python3.10/dist-packages:/opt/erc_ws/install/tiago_pro_head_description/local/lib/python3.10/dist-packages:/opt/erc_ws/install/sensors/lib/python3.10/site-packages:/opt/erc_ws/install/pal_sea_arm_description/local/lib/python3.10/dist-packages:/opt/erc_ws/install/pal_pro_gripper_description/local/lib/python3.10/dist-packages:/opt/erc_ws/install/omni_base_description/local/lib/python3.10/dist-packages:/opt/erc_ws/build/erc_solution:/opt/erc_ws/install/erc_solution/lib/python3.10/site-packages:/opt/ros/humble/lib/python3.10/site-packages:/opt/ros/humble/local/lib/python3.10/dist-packages /usr/bin/cmake --install /opt/erc_ws/build/pal_sea_arm_controller_configuration
[3.739s] Level 1:colcon.colcon_core.environment:create_environment_scripts_only(pal_gripper_simulation)
[3.739s] DEBUG:colcon.colcon_core.event_handler.log_command:Invoked command in '/opt/erc_ws/build/pal_gripper_simulation' returned '0': CMAKE_PREFIX_PATH=/opt/erc_ws/install/pal_gripper_description:/opt/erc_ws/install/pal_urdf_utils:/opt/erc_ws/install/pal_gripper_controller_configuration:/opt/erc_ws/install/tiago_pro_robot:/opt/erc_ws/install/tiago_pro_head_robot:/opt/erc_ws/install/tiago_pro_bringup:/opt/erc_ws/install/tiago_pro_head_bringup:/opt/erc_ws/install/erc_bringup:/opt/erc_ws/install/tiago_pro_description:/opt/erc_ws/install/tiago_pro_head_description:/opt/erc_ws/install/tiago_pro_controller_configuration:/opt/erc_ws/install/tiago_pro_head_controller_configuration:/opt/erc_ws/install/pal_sea_arm:/opt/erc_ws/install/pal_sea_arm_bringup:/opt/erc_ws/install/pal_sea_arm_description:/opt/erc_ws/install/pal_pro_gripper_simulation:/opt/erc_ws/install/pal_pro_gripper_bringup:/opt/erc_ws/install/pal_pro_gripper:/opt/erc_ws/install/pal_pro_gripper_description:/opt/erc_ws/install/pal_gripper_simulation:/opt/erc_ws/install/pal_gripper:/opt/erc_ws/install/omni_base_robot:/opt/erc_ws/install/omni_base_bringup:/opt/erc_ws/install/omni_base_description:/opt/erc_ws/install/pal_sea_arm_controller_configuration:/opt/erc_ws/install/pal_pro_gripper_controller_configuration:/opt/erc_ws/install/omni_base_controller_configuration:/opt/erc_ws/install/gz_ros2_control:/opt/erc_ws/install/erc_description:/opt/erc_ws/install/sensors:/opt/erc_ws/install/pal_pro_gripper_wrapper:/opt/erc_ws/install/launch_pal:/opt/erc_ws/install/erc_solution:/opt/ros/humble /usr/bin/cmake --install /opt/erc_ws/build/pal_gripper_simulation
[3.739s] Level 1:colcon.colcon_core.environment:checking '/opt/erc_ws/install/pal_gripper_simulation' for CMake module files
[3.741s] Level 1:colcon.colcon_core.environment:checking '/opt/erc_ws/install/pal_gripper_simulation' for CMake config files
[3.742s] Level 1:colcon.colcon_core.shell:create_environment_hook('pal_gripper_simulation', 'cmake_prefix_path')
[3.743s] INFO:colcon.colcon_core.shell:Creating environment hook '/opt/erc_ws/install/pal_gripper_simulation/share/pal_gripper_simulation/hook/cmake_prefix_path.ps1'
[3.744s] INFO:colcon.colcon_core.shell:Creating environment descriptor '/opt/erc_ws/install/pal_gripper_simulation/share/pal_gripper_simulation/hook/cmake_prefix_path.dsv'
[3.744s] INFO:colcon.colcon_core.shell:Creating environment hook '/opt/erc_ws/install/pal_gripper_simulation/share/pal_gripper_simulation/hook/cmake_prefix_path.sh'
[3.745s] Level 1:colcon.colcon_core.environment:checking '/opt/erc_ws/install/pal_gripper_simulation/bin'
[3.745s] Level 1:colcon.colcon_core.environment:checking '/opt/erc_ws/install/pal_gripper_simulation/lib/pkgconfig/pal_gripper_simulation.pc'
[3.745s] Level 1:colcon.colcon_core.environment:checking '/opt/erc_ws/install/pal_gripper_simulation/lib/python3.10/site-packages'
[3.746s] Level 1:colcon.colcon_core.environment:checking '/opt/erc_ws/install/pal_gripper_simulation/bin'
[3.746s] INFO:colcon.colcon_core.shell:Creating package script '/opt/erc_ws/install/pal_gripper_simulation/share/pal_gripper_simulation/package.ps1'
[3.747s] INFO:colcon.colcon_core.shell:Creating package descriptor '/opt/erc_ws/install/pal_gripper_simulation/share/pal_gripper_simulation/package.dsv'
[3.747s] INFO:colcon.colcon_core.shell:Creating package script '/opt/erc_ws/install/pal_gripper_simulation/share/pal_gripper_simulation/package.sh'
[3.748s] INFO:colcon.colcon_core.shell:Creating package script '/opt/erc_ws/install/pal_gripper_simulation/share/pal_gripper_simulation/package.bash'
[3.748s] INFO:colcon.colcon_core.shell:Creating package script '/opt/erc_ws/install/pal_gripper_simulation/share/pal_gripper_simulation/package.zsh'
[3.749s] Level 1:colcon.colcon_core.environment:create_file_with_runtime_dependencies(/opt/erc_ws/install/pal_gripper_simulation/share/colcon-core/packages/pal_gripper_simulation)
[3.750s] Level 1:colcon.colcon_core.environment:create_environment_scripts_only(pal_gripper_simulation)
[3.751s] Level 1:colcon.colcon_core.environment:checking '/opt/erc_ws/install/pal_gripper_simulation' for CMake module files
[3.752s] Level 1:colcon.colcon_core.environment:checking '/opt/erc_ws/install/pal_gripper_simulation' for CMake config files
[3.753s] Level 1:colcon.colcon_core.shell:create_environment_hook('pal_gripper_simulation', 'cmake_prefix_path')
[3.753s] INFO:colcon.colcon_core.shell:Creating environment hook '/opt/erc_ws/install/pal_gripper_simulation/share/pal_gripper_simulation/hook/cmake_prefix_path.ps1'
[3.754s] INFO:colcon.colcon_core.shell:Creating environment descriptor '/opt/erc_ws/install/pal_gripper_simulation/share/pal_gripper_simulation/hook/cmake_prefix_path.dsv'
[3.755s] INFO:colcon.colcon_core.shell:Creating environment hook '/opt/erc_ws/install/pal_gripper_simulation/share/pal_gripper_simulation/hook/cmake_prefix_path.sh'
[3.756s] Level 1:colcon.colcon_core.environment:checking '/opt/erc_ws/install/pal_gripper_simulation/bin'
[3.756s] Level 1:colcon.colcon_core.environment:checking '/opt/erc_ws/install/pal_gripper_simulation/lib/pkgconfig/pal_gripper_simulation.pc'
[3.756s] Level 1:colcon.colcon_core.environment:checking '/opt/erc_ws/install/pal_gripper_simulation/lib/python3.10/site-packages'
[3.757s] Level 1:colcon.colcon_core.environment:checking '/opt/erc_ws/install/pal_gripper_simulation/bin'
[3.757s] INFO:colcon.colcon_core.shell:Creating package script '/opt/erc_ws/install/pal_gripper_simulation/share/pal_gripper_simulation/package.ps1'
[3.759s] INFO:colcon.colcon_core.shell:Creating package descriptor '/opt/erc_ws/install/pal_gripper_simulation/share/pal_gripper_simulation/package.dsv'
[3.760s] INFO:colcon.colcon_core.shell:Creating package script '/opt/erc_ws/install/pal_gripper_simulation/share/pal_gripper_simulation/package.sh'
[3.761s] INFO:colcon.colcon_core.shell:Creating package script '/opt/erc_ws/install/pal_gripper_simulation/share/pal_gripper_simulation/package.bash'
[3.763s] INFO:colcon.colcon_core.shell:Creating package script '/opt/erc_ws/install/pal_gripper_simulation/share/pal_gripper_simulation/package.zsh'
[3.763s] Level 1:colcon.colcon_core.environment:create_file_with_runtime_dependencies(/opt/erc_ws/install/pal_gripper_simulation/share/colcon-core/packages/pal_gripper_simulation)
[3.936s] DEBUG:colcon.colcon_core.event_handler.log_command:Invoked command in '/opt/erc_ws/build/pal_pro_gripper' returned '0': AMENT_PREFIX_PATH=/opt/erc_ws/install/pal_pro_gripper_wrapper:/opt/erc_ws/install/launch_pal:/opt/erc_ws/install/tiago_pro_robot:/opt/erc_ws/install/tiago_pro_head_robot:/opt/erc_ws/install/tiago_pro_bringup:/opt/erc_ws/install/tiago_pro_head_bringup:/opt/erc_ws/install/erc_bringup:/opt/erc_ws/install/tiago_pro_description:/opt/erc_ws/install/tiago_pro_head_description:/opt/erc_ws/install/tiago_pro_controller_configuration:/opt/erc_ws/install/tiago_pro_head_controller_configuration:/opt/erc_ws/install/sensors:/opt/erc_ws/install/pal_sea_arm:/opt/erc_ws/install/pal_sea_arm_bringup:/opt/erc_ws/install/pal_sea_arm_description:/opt/erc_ws/install/pal_pro_gripper_simulation:/opt/erc_ws/install/pal_pro_gripper_bringup:/opt/erc_ws/install/pal_pro_gripper:/opt/erc_ws/install/pal_pro_gripper_description:/opt/erc_ws/install/pal_gripper_simulation:/opt/erc_ws/install/pal_gripper:/opt/erc_ws/install/pal_gripper_description:/opt/erc_ws/install/omni_base_robot:/opt/erc_ws/install/omni_base_bringup:/opt/erc_ws/install/omni_base_description:/opt/erc_ws/install/pal_urdf_utils:/opt/erc_ws/install/pal_sea_arm_controller_configuration:/opt/erc_ws/install/pal_pro_gripper_controller_configuration:/opt/erc_ws/install/pal_gripper_controller_configuration:/opt/erc_ws/install/omni_base_controller_configuration:/opt/erc_ws/install/gz_ros2_control:/opt/erc_ws/install/erc_description:/opt/erc_ws/install/erc_solution:/opt/ros/humble CMAKE_PREFIX_PATH=/opt/erc_ws/install/pal_pro_gripper_description:/opt/erc_ws/install/pal_pro_gripper_controller_configuration:/opt/erc_ws/install/pal_urdf_utils:/opt/erc_ws/install/tiago_pro_robot:/opt/erc_ws/install/tiago_pro_head_robot:/opt/erc_ws/install/tiago_pro_bringup:/opt/erc_ws/install/tiago_pro_head_bringup:/opt/erc_ws/install/erc_bringup:/opt/erc_ws/install/tiago_pro_description:/opt/erc_ws/install/tiago_pro_head_description:/opt/erc_ws/install/tiago_pro_controller_configuration:/opt/erc_ws/install/tiago_pro_head_controller_configuration:/opt/erc_ws/install/pal_sea_arm:/opt/erc_ws/install/pal_sea_arm_bringup:/opt/erc_ws/install/pal_sea_arm_description:/opt/erc_ws/install/pal_pro_gripper_simulation:/opt/erc_ws/install/pal_pro_gripper_bringup:/opt/erc_ws/install/pal_pro_gripper:/opt/erc_ws/install/pal_gripper_simulation:/opt/erc_ws/install/pal_gripper:/opt/erc_ws/install/pal_gripper_description:/opt/erc_ws/install/omni_base_robot:/opt/erc_ws/install/omni_base_bringup:/opt/erc_ws/install/omni_base_description:/opt/erc_ws/install/pal_sea_arm_controller_configuration:/opt/erc_ws/install/pal_gripper_controller_configuration:/opt/erc_ws/install/omni_base_controller_configuration:/opt/erc_ws/install/gz_ros2_control:/opt/erc_ws/install/erc_description:/opt/erc_ws/install/sensors:/opt/erc_ws/install/pal_pro_gripper_wrapper:/opt/erc_ws/install/launch_pal:/opt/erc_ws/install/erc_solution:/opt/ros/humble PYTHONPATH=/opt/erc_ws/build/pal_pro_gripper_wrapper:/opt/erc_ws/install/pal_pro_gripper_wrapper/lib/python3.10/site-packages:/opt/erc_ws/build/launch_pal:/opt/erc_ws/install/launch_pal/lib/python3.10/site-packages:/opt/erc_ws/install/tiago_pro_description/local/lib/python3.10/dist-packages:/opt/erc_ws/install/tiago_pro_head_description/local/lib/python3.10/dist-packages:/opt/erc_ws/install/sensors/lib/python3.10/site-packages:/opt/erc_ws/install/pal_sea_arm_description/local/lib/python3.10/dist-packages:/opt/erc_ws/install/pal_pro_gripper_description/local/lib/python3.10/dist-packages:/opt/erc_ws/install/omni_base_description/local/lib/python3.10/dist-packages:/opt/erc_ws/build/erc_solution:/opt/erc_ws/install/erc_solution/lib/python3.10/site-packages:/opt/ros/humble/lib/python3.10/site-packages:/opt/ros/humble/local/lib/python3.10/dist-packages /usr/bin/cmake /opt/erc_ws/src/pal_pro_gripper/pal_pro_gripper -DAMENT_CMAKE_SYMLINK_INSTALL=1 -DCMAKE_INSTALL_PREFIX=/opt/erc_ws/install/pal_pro_gripper
[3.939s] DEBUG:colcon.colcon_core.event_handler.log_command:Invoking command in '/opt/erc_ws/build/pal_pro_gripper': AMENT_PREFIX_PATH=/opt/erc_ws/install/pal_pro_gripper_wrapper:/opt/erc_ws/install/launch_pal:/opt/erc_ws/install/tiago_pro_robot:/opt/erc_ws/install/tiago_pro_head_robot:/opt/erc_ws/install/tiago_pro_bringup:/opt/erc_ws/install/tiago_pro_head_bringup:/opt/erc_ws/install/erc_bringup:/opt/erc_ws/install/tiago_pro_description:/opt/erc_ws/install/tiago_pro_head_description:/opt/erc_ws/install/tiago_pro_controller_configuration:/opt/erc_ws/install/tiago_pro_head_controller_configuration:/opt/erc_ws/install/sensors:/opt/erc_ws/install/pal_sea_arm:/opt/erc_ws/install/pal_sea_arm_bringup:/opt/erc_ws/install/pal_sea_arm_description:/opt/erc_ws/install/pal_pro_gripper_simulation:/opt/erc_ws/install/pal_pro_gripper_bringup:/opt/erc_ws/install/pal_pro_gripper:/opt/erc_ws/install/pal_pro_gripper_description:/opt/erc_ws/install/pal_gripper_simulation:/opt/erc_ws/install/pal_gripper:/opt/erc_ws/install/pal_gripper_description:/opt/erc_ws/install/omni_base_robot:/opt/erc_ws/install/omni_base_bringup:/opt/erc_ws/install/omni_base_description:/opt/erc_ws/install/pal_urdf_utils:/opt/erc_ws/install/pal_sea_arm_controller_configuration:/opt/erc_ws/install/pal_pro_gripper_controller_configuration:/opt/erc_ws/install/pal_gripper_controller_configuration:/opt/erc_ws/install/omni_base_controller_configuration:/opt/erc_ws/install/gz_ros2_control:/opt/erc_ws/install/erc_description:/opt/erc_ws/install/erc_solution:/opt/ros/humble CMAKE_PREFIX_PATH=/opt/erc_ws/install/pal_pro_gripper_description:/opt/erc_ws/install/pal_pro_gripper_controller_configuration:/opt/erc_ws/install/pal_urdf_utils:/opt/erc_ws/install/tiago_pro_robot:/opt/erc_ws/install/tiago_pro_head_robot:/opt/erc_ws/install/tiago_pro_bringup:/opt/erc_ws/install/tiago_pro_head_bringup:/opt/erc_ws/install/erc_bringup:/opt/erc_ws/install/tiago_pro_description:/opt/erc_ws/install/tiago_pro_head_description:/opt/erc_ws/install/tiago_pro_controller_configuration:/opt/erc_ws/install/tiago_pro_head_controller_configuration:/opt/erc_ws/install/pal_sea_arm:/opt/erc_ws/install/pal_sea_arm_bringup:/opt/erc_ws/install/pal_sea_arm_description:/opt/erc_ws/install/pal_pro_gripper_simulation:/opt/erc_ws/install/pal_pro_gripper_bringup:/opt/erc_ws/install/pal_pro_gripper:/opt/erc_ws/install/pal_gripper_simulation:/opt/erc_ws/install/pal_gripper:/opt/erc_ws/install/pal_gripper_description:/opt/erc_ws/install/omni_base_robot:/opt/erc_ws/install/omni_base_bringup:/opt/erc_ws/install/omni_base_description:/opt/erc_ws/install/pal_sea_arm_controller_configuration:/opt/erc_ws/install/pal_gripper_controller_configuration:/opt/erc_ws/install/omni_base_controller_configuration:/opt/erc_ws/install/gz_ros2_control:/opt/erc_ws/install/erc_description:/opt/erc_ws/install/sensors:/opt/erc_ws/install/pal_pro_gripper_wrapper:/opt/erc_ws/install/launch_pal:/opt/erc_ws/install/erc_solution:/opt/ros/humble PYTHONPATH=/opt/erc_ws/build/pal_pro_gripper_wrapper:/opt/erc_ws/install/pal_pro_gripper_wrapper/lib/python3.10/site-packages:/opt/erc_ws/build/launch_pal:/opt/erc_ws/install/launch_pal/lib/python3.10/site-packages:/opt/erc_ws/install/tiago_pro_description/local/lib/python3.10/dist-packages:/opt/erc_ws/install/tiago_pro_head_description/local/lib/python3.10/dist-packages:/opt/erc_ws/install/sensors/lib/python3.10/site-packages:/opt/erc_ws/install/pal_sea_arm_description/local/lib/python3.10/dist-packages:/opt/erc_ws/install/pal_pro_gripper_description/local/lib/python3.10/dist-packages:/opt/erc_ws/install/omni_base_description/local/lib/python3.10/dist-packages:/opt/erc_ws/build/erc_solution:/opt/erc_ws/install/erc_solution/lib/python3.10/site-packages:/opt/ros/humble/lib/python3.10/site-packages:/opt/ros/humble/local/lib/python3.10/dist-packages /usr/bin/cmake --build /opt/erc_ws/build/pal_pro_gripper -- -j16 -l16
[3.984s] DEBUG:colcon.colcon_core.event_handler.log_command:Invoked command in '/opt/erc_ws/build/pal_pro_gripper' returned '0': AMENT_PREFIX_PATH=/opt/erc_ws/install/pal_pro_gripper_wrapper:/opt/erc_ws/install/launch_pal:/opt/erc_ws/install/tiago_pro_robot:/opt/erc_ws/install/tiago_pro_head_robot:/opt/erc_ws/install/tiago_pro_bringup:/opt/erc_ws/install/tiago_pro_head_bringup:/opt/erc_ws/install/erc_bringup:/opt/erc_ws/install/tiago_pro_description:/opt/erc_ws/install/tiago_pro_head_description:/opt/erc_ws/install/tiago_pro_controller_configuration:/opt/erc_ws/install/tiago_pro_head_controller_configuration:/opt/erc_ws/install/sensors:/opt/erc_ws/install/pal_sea_arm:/opt/erc_ws/install/pal_sea_arm_bringup:/opt/erc_ws/install/pal_sea_arm_description:/opt/erc_ws/install/pal_pro_gripper_simulation:/opt/erc_ws/install/pal_pro_gripper_bringup:/opt/erc_ws/install/pal_pro_gripper:/opt/erc_ws/install/pal_pro_gripper_description:/opt/erc_ws/install/pal_gripper_simulation:/opt/erc_ws/install/pal_gripper:/opt/erc_ws/install/pal_gripper_description:/opt/erc_ws/install/omni_base_robot:/opt/erc_ws/install/omni_base_bringup:/opt/erc_ws/install/omni_base_description:/opt/erc_ws/install/pal_urdf_utils:/opt/erc_ws/install/pal_sea_arm_controller_configuration:/opt/erc_ws/install/pal_pro_gripper_controller_configuration:/opt/erc_ws/install/pal_gripper_controller_configuration:/opt/erc_ws/install/omni_base_controller_configuration:/opt/erc_ws/install/gz_ros2_control:/opt/erc_ws/install/erc_description:/opt/erc_ws/install/erc_solution:/opt/ros/humble CMAKE_PREFIX_PATH=/opt/erc_ws/install/pal_pro_gripper_description:/opt/erc_ws/install/pal_pro_gripper_controller_configuration:/opt/erc_ws/install/pal_urdf_utils:/opt/erc_ws/install/tiago_pro_robot:/opt/erc_ws/install/tiago_pro_head_robot:/opt/erc_ws/install/tiago_pro_bringup:/opt/erc_ws/install/tiago_pro_head_bringup:/opt/erc_ws/install/erc_bringup:/opt/erc_ws/install/tiago_pro_description:/opt/erc_ws/install/tiago_pro_head_description:/opt/erc_ws/install/tiago_pro_controller_configuration:/opt/erc_ws/install/tiago_pro_head_controller_configuration:/opt/erc_ws/install/pal_sea_arm:/opt/erc_ws/install/pal_sea_arm_bringup:/opt/erc_ws/install/pal_sea_arm_description:/opt/erc_ws/install/pal_pro_gripper_simulation:/opt/erc_ws/install/pal_pro_gripper_bringup:/opt/erc_ws/install/pal_pro_gripper:/opt/erc_ws/install/pal_gripper_simulation:/opt/erc_ws/install/pal_gripper:/opt/erc_ws/install/pal_gripper_description:/opt/erc_ws/install/omni_base_robot:/opt/erc_ws/install/omni_base_bringup:/opt/erc_ws/install/omni_base_description:/opt/erc_ws/install/pal_sea_arm_controller_configuration:/opt/erc_ws/install/pal_gripper_controller_configuration:/opt/erc_ws/install/omni_base_controller_configuration:/opt/erc_ws/install/gz_ros2_control:/opt/erc_ws/install/erc_description:/opt/erc_ws/install/sensors:/opt/erc_ws/install/pal_pro_gripper_wrapper:/opt/erc_ws/install/launch_pal:/opt/erc_ws/install/erc_solution:/opt/ros/humble PYTHONPATH=/opt/erc_ws/build/pal_pro_gripper_wrapper:/opt/erc_ws/install/pal_pro_gripper_wrapper/lib/python3.10/site-packages:/opt/erc_ws/build/launch_pal:/opt/erc_ws/install/launch_pal/lib/python3.10/site-packages:/opt/erc_ws/install/tiago_pro_description/local/lib/python3.10/dist-packages:/opt/erc_ws/install/tiago_pro_head_description/local/lib/python3.10/dist-packages:/opt/erc_ws/install/sensors/lib/python3.10/site-packages:/opt/erc_ws/install/pal_sea_arm_description/local/lib/python3.10/dist-packages:/opt/erc_ws/install/pal_pro_gripper_description/local/lib/python3.10/dist-packages:/opt/erc_ws/install/omni_base_description/local/lib/python3.10/dist-packages:/opt/erc_ws/build/erc_solution:/opt/erc_ws/install/erc_solution/lib/python3.10/site-packages:/opt/ros/humble/lib/python3.10/site-packages:/opt/ros/humble/local/lib/python3.10/dist-packages /usr/bin/cmake --build /opt/erc_ws/build/pal_pro_gripper -- -j16 -l16
[3.987s] DEBUG:colcon.colcon_core.event_handler.log_command:Invoking command in '/opt/erc_ws/build/pal_pro_gripper': AMENT_PREFIX_PATH=/opt/erc_ws/install/pal_pro_gripper_wrapper:/opt/erc_ws/install/launch_pal:/opt/erc_ws/install/tiago_pro_robot:/opt/erc_ws/install/tiago_pro_head_robot:/opt/erc_ws/install/tiago_pro_bringup:/opt/erc_ws/install/tiago_pro_head_bringup:/opt/erc_ws/install/erc_bringup:/opt/erc_ws/install/tiago_pro_description:/opt/erc_ws/install/tiago_pro_head_description:/opt/erc_ws/install/tiago_pro_controller_configuration:/opt/erc_ws/install/tiago_pro_head_controller_configuration:/opt/erc_ws/install/sensors:/opt/erc_ws/install/pal_sea_arm:/opt/erc_ws/install/pal_sea_arm_bringup:/opt/erc_ws/install/pal_sea_arm_description:/opt/erc_ws/install/pal_pro_gripper_simulation:/opt/erc_ws/install/pal_pro_gripper_bringup:/opt/erc_ws/install/pal_pro_gripper:/opt/erc_ws/install/pal_pro_gripper_description:/opt/erc_ws/install/pal_gripper_simulation:/opt/erc_ws/install/pal_gripper:/opt/erc_ws/install/pal_gripper_description:/opt/erc_ws/install/omni_base_robot:/opt/erc_ws/install/omni_base_bringup:/opt/erc_ws/install/omni_base_description:/opt/erc_ws/install/pal_urdf_utils:/opt/erc_ws/install/pal_sea_arm_controller_configuration:/opt/erc_ws/install/pal_pro_gripper_controller_configuration:/opt/erc_ws/install/pal_gripper_controller_configuration:/opt/erc_ws/install/omni_base_controller_configuration:/opt/erc_ws/install/gz_ros2_control:/opt/erc_ws/install/erc_description:/opt/erc_ws/install/erc_solution:/opt/ros/humble CMAKE_PREFIX_PATH=/opt/erc_ws/install/pal_pro_gripper_description:/opt/erc_ws/install/pal_pro_gripper_controller_configuration:/opt/erc_ws/install/pal_urdf_utils:/opt/erc_ws/install/tiago_pro_robot:/opt/erc_ws/install/tiago_pro_head_robot:/opt/erc_ws/install/tiago_pro_bringup:/opt/erc_ws/install/tiago_pro_head_bringup:/opt/erc_ws/install/erc_bringup:/opt/erc_ws/install/tiago_pro_description:/opt/erc_ws/install/tiago_pro_head_description:/opt/erc_ws/install/tiago_pro_controller_configuration:/opt/erc_ws/install/tiago_pro_head_controller_configuration:/opt/erc_ws/install/pal_sea_arm:/opt/erc_ws/install/pal_sea_arm_bringup:/opt/erc_ws/install/pal_sea_arm_description:/opt/erc_ws/install/pal_pro_gripper_simulation:/opt/erc_ws/install/pal_pro_gripper_bringup:/opt/erc_ws/install/pal_pro_gripper:/opt/erc_ws/install/pal_gripper_simulation:/opt/erc_ws/install/pal_gripper:/opt/erc_ws/install/pal_gripper_description:/opt/erc_ws/install/omni_base_robot:/opt/erc_ws/install/omni_base_bringup:/opt/erc_ws/install/omni_base_description:/opt/erc_ws/install/pal_sea_arm_controller_configuration:/opt/erc_ws/install/pal_gripper_controller_configuration:/opt/erc_ws/install/omni_base_controller_configuration:/opt/erc_ws/install/gz_ros2_control:/opt/erc_ws/install/erc_description:/opt/erc_ws/install/sensors:/opt/erc_ws/install/pal_pro_gripper_wrapper:/opt/erc_ws/install/launch_pal:/opt/erc_ws/install/erc_solution:/opt/ros/humble PYTHONPATH=/opt/erc_ws/build/pal_pro_gripper_wrapper:/opt/erc_ws/install/pal_pro_gripper_wrapper/lib/python3.10/site-packages:/opt/erc_ws/build/launch_pal:/opt/erc_ws/install/launch_pal/lib/python3.10/site-packages:/opt/erc_ws/install/tiago_pro_description/local/lib/python3.10/dist-packages:/opt/erc_ws/install/tiago_pro_head_description/local/lib/python3.10/dist-packages:/opt/erc_ws/install/sensors/lib/python3.10/site-packages:/opt/erc_ws/install/pal_sea_arm_description/local/lib/python3.10/dist-packages:/opt/erc_ws/install/pal_pro_gripper_description/local/lib/python3.10/dist-packages:/opt/erc_ws/install/omni_base_description/local/lib/python3.10/dist-packages:/opt/erc_ws/build/erc_solution:/opt/erc_ws/install/erc_solution/lib/python3.10/site-packages:/opt/ros/humble/lib/python3.10/site-packages:/opt/ros/humble/local/lib/python3.10/dist-packages /usr/bin/cmake --install /opt/erc_ws/build/pal_pro_gripper
[4.022s] DEBUG:colcon.colcon_core.event_handler.log_command:Invoked command in '/opt/erc_ws/build/pal_pro_gripper_bringup' returned '0': AMENT_PREFIX_PATH=/opt/erc_ws/install/pal_pro_gripper_wrapper:/opt/erc_ws/install/launch_pal:/opt/erc_ws/install/tiago_pro_robot:/opt/erc_ws/install/tiago_pro_head_robot:/opt/erc_ws/install/tiago_pro_bringup:/opt/erc_ws/install/tiago_pro_head_bringup:/opt/erc_ws/install/erc_bringup:/opt/erc_ws/install/tiago_pro_description:/opt/erc_ws/install/tiago_pro_head_description:/opt/erc_ws/install/tiago_pro_controller_configuration:/opt/erc_ws/install/tiago_pro_head_controller_configuration:/opt/erc_ws/install/sensors:/opt/erc_ws/install/pal_sea_arm:/opt/erc_ws/install/pal_sea_arm_bringup:/opt/erc_ws/install/pal_sea_arm_description:/opt/erc_ws/install/pal_pro_gripper_simulation:/opt/erc_ws/install/pal_pro_gripper_bringup:/opt/erc_ws/install/pal_pro_gripper:/opt/erc_ws/install/pal_pro_gripper_description:/opt/erc_ws/install/pal_gripper_simulation:/opt/erc_ws/install/pal_gripper:/opt/erc_ws/install/pal_gripper_description:/opt/erc_ws/install/omni_base_robot:/opt/erc_ws/install/omni_base_bringup:/opt/erc_ws/install/omni_base_description:/opt/erc_ws/install/pal_urdf_utils:/opt/erc_ws/install/pal_sea_arm_controller_configuration:/opt/erc_ws/install/pal_pro_gripper_controller_configuration:/opt/erc_ws/install/pal_gripper_controller_configuration:/opt/erc_ws/install/omni_base_controller_configuration:/opt/erc_ws/install/gz_ros2_control:/opt/erc_ws/install/erc_description:/opt/erc_ws/install/erc_solution:/opt/ros/humble CMAKE_PREFIX_PATH=/opt/erc_ws/install/pal_pro_gripper_description:/opt/erc_ws/install/pal_pro_gripper_controller_configuration:/opt/erc_ws/install/pal_urdf_utils:/opt/erc_ws/install/tiago_pro_robot:/opt/erc_ws/install/tiago_pro_head_robot:/opt/erc_ws/install/tiago_pro_bringup:/opt/erc_ws/install/tiago_pro_head_bringup:/opt/erc_ws/install/erc_bringup:/opt/erc_ws/install/tiago_pro_description:/opt/erc_ws/install/tiago_pro_head_description:/opt/erc_ws/install/tiago_pro_controller_configuration:/opt/erc_ws/install/tiago_pro_head_controller_configuration:/opt/erc_ws/install/pal_sea_arm:/opt/erc_ws/install/pal_sea_arm_bringup:/opt/erc_ws/install/pal_sea_arm_description:/opt/erc_ws/install/pal_pro_gripper_simulation:/opt/erc_ws/install/pal_pro_gripper_bringup:/opt/erc_ws/install/pal_pro_gripper:/opt/erc_ws/install/pal_gripper_simulation:/opt/erc_ws/install/pal_gripper:/opt/erc_ws/install/pal_gripper_description:/opt/erc_ws/install/omni_base_robot:/opt/erc_ws/install/omni_base_bringup:/opt/erc_ws/install/omni_base_description:/opt/erc_ws/install/pal_sea_arm_controller_configuration:/opt/erc_ws/install/pal_gripper_controller_configuration:/opt/erc_ws/install/omni_base_controller_configuration:/opt/erc_ws/install/gz_ros2_control:/opt/erc_ws/install/erc_description:/opt/erc_ws/install/sensors:/opt/erc_ws/install/pal_pro_gripper_wrapper:/opt/erc_ws/install/launch_pal:/opt/erc_ws/install/erc_solution:/opt/ros/humble PYTHONPATH=/opt/erc_ws/build/pal_pro_gripper_wrapper:/opt/erc_ws/install/pal_pro_gripper_wrapper/lib/python3.10/site-packages:/opt/erc_ws/build/launch_pal:/opt/erc_ws/install/launch_pal/lib/python3.10/site-packages:/opt/erc_ws/install/tiago_pro_description/local/lib/python3.10/dist-packages:/opt/erc_ws/install/tiago_pro_head_description/local/lib/python3.10/dist-packages:/opt/erc_ws/install/sensors/lib/python3.10/site-packages:/opt/erc_ws/install/pal_sea_arm_description/local/lib/python3.10/dist-packages:/opt/erc_ws/install/pal_pro_gripper_description/local/lib/python3.10/dist-packages:/opt/erc_ws/install/omni_base_description/local/lib/python3.10/dist-packages:/opt/erc_ws/build/erc_solution:/opt/erc_ws/install/erc_solution/lib/python3.10/site-packages:/opt/ros/humble/lib/python3.10/site-packages:/opt/ros/humble/local/lib/python3.10/dist-packages /usr/bin/cmake /opt/erc_ws/src/pal_pro_gripper/pal_pro_gripper_bringup -DAMENT_CMAKE_SYMLINK_INSTALL=1 -DCMAKE_INSTALL_PREFIX=/opt/erc_ws/install/pal_pro_gripper_bringup
[4.026s] DEBUG:colcon.colcon_core.event_handler.log_command:Invoking command in '/opt/erc_ws/build/pal_pro_gripper_bringup': AMENT_PREFIX_PATH=/opt/erc_ws/install/pal_pro_gripper_wrapper:/opt/erc_ws/install/launch_pal:/opt/erc_ws/install/tiago_pro_robot:/opt/erc_ws/install/tiago_pro_head_robot:/opt/erc_ws/install/tiago_pro_bringup:/opt/erc_ws/install/tiago_pro_head_bringup:/opt/erc_ws/install/erc_bringup:/opt/erc_ws/install/tiago_pro_description:/opt/erc_ws/install/tiago_pro_head_description:/opt/erc_ws/install/tiago_pro_controller_configuration:/opt/erc_ws/install/tiago_pro_head_controller_configuration:/opt/erc_ws/install/sensors:/opt/erc_ws/install/pal_sea_arm:/opt/erc_ws/install/pal_sea_arm_bringup:/opt/erc_ws/install/pal_sea_arm_description:/opt/erc_ws/install/pal_pro_gripper_simulation:/opt/erc_ws/install/pal_pro_gripper_bringup:/opt/erc_ws/install/pal_pro_gripper:/opt/erc_ws/install/pal_pro_gripper_description:/opt/erc_ws/install/pal_gripper_simulation:/opt/erc_ws/install/pal_gripper:/opt/erc_ws/install/pal_gripper_description:/opt/erc_ws/install/omni_base_robot:/opt/erc_ws/install/omni_base_bringup:/opt/erc_ws/install/omni_base_description:/opt/erc_ws/install/pal_urdf_utils:/opt/erc_ws/install/pal_sea_arm_controller_configuration:/opt/erc_ws/install/pal_pro_gripper_controller_configuration:/opt/erc_ws/install/pal_gripper_controller_configuration:/opt/erc_ws/install/omni_base_controller_configuration:/opt/erc_ws/install/gz_ros2_control:/opt/erc_ws/install/erc_description:/opt/erc_ws/install/erc_solution:/opt/ros/humble CMAKE_PREFIX_PATH=/opt/erc_ws/install/pal_pro_gripper_description:/opt/erc_ws/install/pal_pro_gripper_controller_configuration:/opt/erc_ws/install/pal_urdf_utils:/opt/erc_ws/install/tiago_pro_robot:/opt/erc_ws/install/tiago_pro_head_robot:/opt/erc_ws/install/tiago_pro_bringup:/opt/erc_ws/install/tiago_pro_head_bringup:/opt/erc_ws/install/erc_bringup:/opt/erc_ws/install/tiago_pro_description:/opt/erc_ws/install/tiago_pro_head_description:/opt/erc_ws/install/tiago_pro_controller_configuration:/opt/erc_ws/install/tiago_pro_head_controller_configuration:/opt/erc_ws/install/pal_sea_arm:/opt/erc_ws/install/pal_sea_arm_bringup:/opt/erc_ws/install/pal_sea_arm_description:/opt/erc_ws/install/pal_pro_gripper_simulation:/opt/erc_ws/install/pal_pro_gripper_bringup:/opt/erc_ws/install/pal_pro_gripper:/opt/erc_ws/install/pal_gripper_simulation:/opt/erc_ws/install/pal_gripper:/opt/erc_ws/install/pal_gripper_description:/opt/erc_ws/install/omni_base_robot:/opt/erc_ws/install/omni_base_bringup:/opt/erc_ws/install/omni_base_description:/opt/erc_ws/install/pal_sea_arm_controller_configuration:/opt/erc_ws/install/pal_gripper_controller_configuration:/opt/erc_ws/install/omni_base_controller_configuration:/opt/erc_ws/install/gz_ros2_control:/opt/erc_ws/install/erc_description:/opt/erc_ws/install/sensors:/opt/erc_ws/install/pal_pro_gripper_wrapper:/opt/erc_ws/install/launch_pal:/opt/erc_ws/install/erc_solution:/opt/ros/humble PYTHONPATH=/opt/erc_ws/build/pal_pro_gripper_wrapper:/opt/erc_ws/install/pal_pro_gripper_wrapper/lib/python3.10/site-packages:/opt/erc_ws/build/launch_pal:/opt/erc_ws/install/launch_pal/lib/python3.10/site-packages:/opt/erc_ws/install/tiago_pro_description/local/lib/python3.10/dist-packages:/opt/erc_ws/install/tiago_pro_head_description/local/lib/python3.10/dist-packages:/opt/erc_ws/install/sensors/lib/python3.10/site-packages:/opt/erc_ws/install/pal_sea_arm_description/local/lib/python3.10/dist-packages:/opt/erc_ws/install/pal_pro_gripper_description/local/lib/python3.10/dist-packages:/opt/erc_ws/install/omni_base_description/local/lib/python3.10/dist-packages:/opt/erc_ws/build/erc_solution:/opt/erc_ws/install/erc_solution/lib/python3.10/site-packages:/opt/ros/humble/lib/python3.10/site-packages:/opt/ros/humble/local/lib/python3.10/dist-packages /usr/bin/cmake --build /opt/erc_ws/build/pal_pro_gripper_bringup -- -j16 -l16
[4.052s] DEBUG:colcon.colcon_core.event_handler.log_command:Invoked command in '/opt/erc_ws/build/pal_pro_gripper_simulation' returned '0': AMENT_PREFIX_PATH=/opt/erc_ws/install/pal_pro_gripper_wrapper:/opt/erc_ws/install/launch_pal:/opt/erc_ws/install/tiago_pro_robot:/opt/erc_ws/install/tiago_pro_head_robot:/opt/erc_ws/install/tiago_pro_bringup:/opt/erc_ws/install/tiago_pro_head_bringup:/opt/erc_ws/install/erc_bringup:/opt/erc_ws/install/tiago_pro_description:/opt/erc_ws/install/tiago_pro_head_description:/opt/erc_ws/install/tiago_pro_controller_configuration:/opt/erc_ws/install/tiago_pro_head_controller_configuration:/opt/erc_ws/install/sensors:/opt/erc_ws/install/pal_sea_arm:/opt/erc_ws/install/pal_sea_arm_bringup:/opt/erc_ws/install/pal_sea_arm_description:/opt/erc_ws/install/pal_pro_gripper_simulation:/opt/erc_ws/install/pal_pro_gripper_bringup:/opt/erc_ws/install/pal_pro_gripper:/opt/erc_ws/install/pal_pro_gripper_description:/opt/erc_ws/install/pal_gripper_simulation:/opt/erc_ws/install/pal_gripper:/opt/erc_ws/install/pal_gripper_description:/opt/erc_ws/install/omni_base_robot:/opt/erc_ws/install/omni_base_bringup:/opt/erc_ws/install/omni_base_description:/opt/erc_ws/install/pal_urdf_utils:/opt/erc_ws/install/pal_sea_arm_controller_configuration:/opt/erc_ws/install/pal_pro_gripper_controller_configuration:/opt/erc_ws/install/pal_gripper_controller_configuration:/opt/erc_ws/install/omni_base_controller_configuration:/opt/erc_ws/install/gz_ros2_control:/opt/erc_ws/install/erc_description:/opt/erc_ws/install/erc_solution:/opt/ros/humble CMAKE_PREFIX_PATH=/opt/erc_ws/install/pal_pro_gripper_description:/opt/erc_ws/install/pal_pro_gripper_controller_configuration:/opt/erc_ws/install/pal_urdf_utils:/opt/erc_ws/install/tiago_pro_robot:/opt/erc_ws/install/tiago_pro_head_robot:/opt/erc_ws/install/tiago_pro_bringup:/opt/erc_ws/install/tiago_pro_head_bringup:/opt/erc_ws/install/erc_bringup:/opt/erc_ws/install/tiago_pro_description:/opt/erc_ws/install/tiago_pro_head_description:/opt/erc_ws/install/tiago_pro_controller_configuration:/opt/erc_ws/install/tiago_pro_head_controller_configuration:/opt/erc_ws/install/pal_sea_arm:/opt/erc_ws/install/pal_sea_arm_bringup:/opt/erc_ws/install/pal_sea_arm_description:/opt/erc_ws/install/pal_pro_gripper_simulation:/opt/erc_ws/install/pal_pro_gripper_bringup:/opt/erc_ws/install/pal_pro_gripper:/opt/erc_ws/install/pal_gripper_simulation:/opt/erc_ws/install/pal_gripper:/opt/erc_ws/install/pal_gripper_description:/opt/erc_ws/install/omni_base_robot:/opt/erc_ws/install/omni_base_bringup:/opt/erc_ws/install/omni_base_description:/opt/erc_ws/install/pal_sea_arm_controller_configuration:/opt/erc_ws/install/pal_gripper_controller_configuration:/opt/erc_ws/install/omni_base_controller_configuration:/opt/erc_ws/install/gz_ros2_control:/opt/erc_ws/install/erc_description:/opt/erc_ws/install/sensors:/opt/erc_ws/install/pal_pro_gripper_wrapper:/opt/erc_ws/install/launch_pal:/opt/erc_ws/install/erc_solution:/opt/ros/humble PYTHONPATH=/opt/erc_ws/build/pal_pro_gripper_wrapper:/opt/erc_ws/install/pal_pro_gripper_wrapper/lib/python3.10/site-packages:/opt/erc_ws/build/launch_pal:/opt/erc_ws/install/launch_pal/lib/python3.10/site-packages:/opt/erc_ws/install/tiago_pro_description/local/lib/python3.10/dist-packages:/opt/erc_ws/install/tiago_pro_head_description/local/lib/python3.10/dist-packages:/opt/erc_ws/install/sensors/lib/python3.10/site-packages:/opt/erc_ws/install/pal_sea_arm_description/local/lib/python3.10/dist-packages:/opt/erc_ws/install/pal_pro_gripper_description/local/lib/python3.10/dist-packages:/opt/erc_ws/install/omni_base_description/local/lib/python3.10/dist-packages:/opt/erc_ws/build/erc_solution:/opt/erc_ws/install/erc_solution/lib/python3.10/site-packages:/opt/ros/humble/lib/python3.10/site-packages:/opt/ros/humble/local/lib/python3.10/dist-packages /usr/bin/cmake /opt/erc_ws/src/pal_pro_gripper/pal_pro_gripper_simulation -DAMENT_CMAKE_SYMLINK_INSTALL=1 -DCMAKE_INSTALL_PREFIX=/opt/erc_ws/install/pal_pro_gripper_simulation
[4.055s] DEBUG:colcon.colcon_core.event_handler.log_command:Invoking command in '/opt/erc_ws/build/pal_pro_gripper_simulation': AMENT_PREFIX_PATH=/opt/erc_ws/install/pal_pro_gripper_wrapper:/opt/erc_ws/install/launch_pal:/opt/erc_ws/install/tiago_pro_robot:/opt/erc_ws/install/tiago_pro_head_robot:/opt/erc_ws/install/tiago_pro_bringup:/opt/erc_ws/install/tiago_pro_head_bringup:/opt/erc_ws/install/erc_bringup:/opt/erc_ws/install/tiago_pro_description:/opt/erc_ws/install/tiago_pro_head_description:/opt/erc_ws/install/tiago_pro_controller_configuration:/opt/erc_ws/install/tiago_pro_head_controller_configuration:/opt/erc_ws/install/sensors:/opt/erc_ws/install/pal_sea_arm:/opt/erc_ws/install/pal_sea_arm_bringup:/opt/erc_ws/install/pal_sea_arm_description:/opt/erc_ws/install/pal_pro_gripper_simulation:/opt/erc_ws/install/pal_pro_gripper_bringup:/opt/erc_ws/install/pal_pro_gripper:/opt/erc_ws/install/pal_pro_gripper_description:/opt/erc_ws/install/pal_gripper_simulation:/opt/erc_ws/install/pal_gripper:/opt/erc_ws/install/pal_gripper_description:/opt/erc_ws/install/omni_base_robot:/opt/erc_ws/install/omni_base_bringup:/opt/erc_ws/install/omni_base_description:/opt/erc_ws/install/pal_urdf_utils:/opt/erc_ws/install/pal_sea_arm_controller_configuration:/opt/erc_ws/install/pal_pro_gripper_controller_configuration:/opt/erc_ws/install/pal_gripper_controller_configuration:/opt/erc_ws/install/omni_base_controller_configuration:/opt/erc_ws/install/gz_ros2_control:/opt/erc_ws/install/erc_description:/opt/erc_ws/install/erc_solution:/opt/ros/humble CMAKE_PREFIX_PATH=/opt/erc_ws/install/pal_pro_gripper_description:/opt/erc_ws/install/pal_pro_gripper_controller_configuration:/opt/erc_ws/install/pal_urdf_utils:/opt/erc_ws/install/tiago_pro_robot:/opt/erc_ws/install/tiago_pro_head_robot:/opt/erc_ws/install/tiago_pro_bringup:/opt/erc_ws/install/tiago_pro_head_bringup:/opt/erc_ws/install/erc_bringup:/opt/erc_ws/install/tiago_pro_description:/opt/erc_ws/install/tiago_pro_head_description:/opt/erc_ws/install/tiago_pro_controller_configuration:/opt/erc_ws/install/tiago_pro_head_controller_configuration:/opt/erc_ws/install/pal_sea_arm:/opt/erc_ws/install/pal_sea_arm_bringup:/opt/erc_ws/install/pal_sea_arm_description:/opt/erc_ws/install/pal_pro_gripper_simulation:/opt/erc_ws/install/pal_pro_gripper_bringup:/opt/erc_ws/install/pal_pro_gripper:/opt/erc_ws/install/pal_gripper_simulation:/opt/erc_ws/install/pal_gripper:/opt/erc_ws/install/pal_gripper_description:/opt/erc_ws/install/omni_base_robot:/opt/erc_ws/install/omni_base_bringup:/opt/erc_ws/install/omni_base_description:/opt/erc_ws/install/pal_sea_arm_controller_configuration:/opt/erc_ws/install/pal_gripper_controller_configuration:/opt/erc_ws/install/omni_base_controller_configuration:/opt/erc_ws/install/gz_ros2_control:/opt/erc_ws/install/erc_description:/opt/erc_ws/install/sensors:/opt/erc_ws/install/pal_pro_gripper_wrapper:/opt/erc_ws/install/launch_pal:/opt/erc_ws/install/erc_solution:/opt/ros/humble PYTHONPATH=/opt/erc_ws/build/pal_pro_gripper_wrapper:/opt/erc_ws/install/pal_pro_gripper_wrapper/lib/python3.10/site-packages:/opt/erc_ws/build/launch_pal:/opt/erc_ws/install/launch_pal/lib/python3.10/site-packages:/opt/erc_ws/install/tiago_pro_description/local/lib/python3.10/dist-packages:/opt/erc_ws/install/tiago_pro_head_description/local/lib/python3.10/dist-packages:/opt/erc_ws/install/sensors/lib/python3.10/site-packages:/opt/erc_ws/install/pal_sea_arm_description/local/lib/python3.10/dist-packages:/opt/erc_ws/install/pal_pro_gripper_description/local/lib/python3.10/dist-packages:/opt/erc_ws/install/omni_base_description/local/lib/python3.10/dist-packages:/opt/erc_ws/build/erc_solution:/opt/erc_ws/install/erc_solution/lib/python3.10/site-packages:/opt/ros/humble/lib/python3.10/site-packages:/opt/ros/humble/local/lib/python3.10/dist-packages /usr/bin/cmake --build /opt/erc_ws/build/pal_pro_gripper_simulation -- -j16 -l16
[4.066s] DEBUG:colcon.colcon_core.event_handler.log_command:Invoked command in '/opt/erc_ws/build/pal_pro_gripper_bringup' returned '0': AMENT_PREFIX_PATH=/opt/erc_ws/install/pal_pro_gripper_wrapper:/opt/erc_ws/install/launch_pal:/opt/erc_ws/install/tiago_pro_robot:/opt/erc_ws/install/tiago_pro_head_robot:/opt/erc_ws/install/tiago_pro_bringup:/opt/erc_ws/install/tiago_pro_head_bringup:/opt/erc_ws/install/erc_bringup:/opt/erc_ws/install/tiago_pro_description:/opt/erc_ws/install/tiago_pro_head_description:/opt/erc_ws/install/tiago_pro_controller_configuration:/opt/erc_ws/install/tiago_pro_head_controller_configuration:/opt/erc_ws/install/sensors:/opt/erc_ws/install/pal_sea_arm:/opt/erc_ws/install/pal_sea_arm_bringup:/opt/erc_ws/install/pal_sea_arm_description:/opt/erc_ws/install/pal_pro_gripper_simulation:/opt/erc_ws/install/pal_pro_gripper_bringup:/opt/erc_ws/install/pal_pro_gripper:/opt/erc_ws/install/pal_pro_gripper_description:/opt/erc_ws/install/pal_gripper_simulation:/opt/erc_ws/install/pal_gripper:/opt/erc_ws/install/pal_gripper_description:/opt/erc_ws/install/omni_base_robot:/opt/erc_ws/install/omni_base_bringup:/opt/erc_ws/install/omni_base_description:/opt/erc_ws/install/pal_urdf_utils:/opt/erc_ws/install/pal_sea_arm_controller_configuration:/opt/erc_ws/install/pal_pro_gripper_controller_configuration:/opt/erc_ws/install/pal_gripper_controller_configuration:/opt/erc_ws/install/omni_base_controller_configuration:/opt/erc_ws/install/gz_ros2_control:/opt/erc_ws/install/erc_description:/opt/erc_ws/install/erc_solution:/opt/ros/humble CMAKE_PREFIX_PATH=/opt/erc_ws/install/pal_pro_gripper_description:/opt/erc_ws/install/pal_pro_gripper_controller_configuration:/opt/erc_ws/install/pal_urdf_utils:/opt/erc_ws/install/tiago_pro_robot:/opt/erc_ws/install/tiago_pro_head_robot:/opt/erc_ws/install/tiago_pro_bringup:/opt/erc_ws/install/tiago_pro_head_bringup:/opt/erc_ws/install/erc_bringup:/opt/erc_ws/install/tiago_pro_description:/opt/erc_ws/install/tiago_pro_head_description:/opt/erc_ws/install/tiago_pro_controller_configuration:/opt/erc_ws/install/tiago_pro_head_controller_configuration:/opt/erc_ws/install/pal_sea_arm:/opt/erc_ws/install/pal_sea_arm_bringup:/opt/erc_ws/install/pal_sea_arm_description:/opt/erc_ws/install/pal_pro_gripper_simulation:/opt/erc_ws/install/pal_pro_gripper_bringup:/opt/erc_ws/install/pal_pro_gripper:/opt/erc_ws/install/pal_gripper_simulation:/opt/erc_ws/install/pal_gripper:/opt/erc_ws/install/pal_gripper_description:/opt/erc_ws/install/omni_base_robot:/opt/erc_ws/install/omni_base_bringup:/opt/erc_ws/install/omni_base_description:/opt/erc_ws/install/pal_sea_arm_controller_configuration:/opt/erc_ws/install/pal_gripper_controller_configuration:/opt/erc_ws/install/omni_base_controller_configuration:/opt/erc_ws/install/gz_ros2_control:/opt/erc_ws/install/erc_description:/opt/erc_ws/install/sensors:/opt/erc_ws/install/pal_pro_gripper_wrapper:/opt/erc_ws/install/launch_pal:/opt/erc_ws/install/erc_solution:/opt/ros/humble PYTHONPATH=/opt/erc_ws/build/pal_pro_gripper_wrapper:/opt/erc_ws/install/pal_pro_gripper_wrapper/lib/python3.10/site-packages:/opt/erc_ws/build/launch_pal:/opt/erc_ws/install/launch_pal/lib/python3.10/site-packages:/opt/erc_ws/install/tiago_pro_description/local/lib/python3.10/dist-packages:/opt/erc_ws/install/tiago_pro_head_description/local/lib/python3.10/dist-packages:/opt/erc_ws/install/sensors/lib/python3.10/site-packages:/opt/erc_ws/install/pal_sea_arm_description/local/lib/python3.10/dist-packages:/opt/erc_ws/install/pal_pro_gripper_description/local/lib/python3.10/dist-packages:/opt/erc_ws/install/omni_base_description/local/lib/python3.10/dist-packages:/opt/erc_ws/build/erc_solution:/opt/erc_ws/install/erc_solution/lib/python3.10/site-packages:/opt/ros/humble/lib/python3.10/site-packages:/opt/ros/humble/local/lib/python3.10/dist-packages /usr/bin/cmake --build /opt/erc_ws/build/pal_pro_gripper_bringup -- -j16 -l16
[4.066s] DEBUG:colcon.colcon_core.event_handler.log_command:Invoking command in '/opt/erc_ws/build/pal_pro_gripper_bringup': AMENT_PREFIX_PATH=/opt/erc_ws/install/pal_pro_gripper_wrapper:/opt/erc_ws/install/launch_pal:/opt/erc_ws/install/tiago_pro_robot:/opt/erc_ws/install/tiago_pro_head_robot:/opt/erc_ws/install/tiago_pro_bringup:/opt/erc_ws/install/tiago_pro_head_bringup:/opt/erc_ws/install/erc_bringup:/opt/erc_ws/install/tiago_pro_description:/opt/erc_ws/install/tiago_pro_head_description:/opt/erc_ws/install/tiago_pro_controller_configuration:/opt/erc_ws/install/tiago_pro_head_controller_configuration:/opt/erc_ws/install/sensors:/opt/erc_ws/install/pal_sea_arm:/opt/erc_ws/install/pal_sea_arm_bringup:/opt/erc_ws/install/pal_sea_arm_description:/opt/erc_ws/install/pal_pro_gripper_simulation:/opt/erc_ws/install/pal_pro_gripper_bringup:/opt/erc_ws/install/pal_pro_gripper:/opt/erc_ws/install/pal_pro_gripper_description:/opt/erc_ws/install/pal_gripper_simulation:/opt/erc_ws/install/pal_gripper:/opt/erc_ws/install/pal_gripper_description:/opt/erc_ws/install/omni_base_robot:/opt/erc_ws/install/omni_base_bringup:/opt/erc_ws/install/omni_base_description:/opt/erc_ws/install/pal_urdf_utils:/opt/erc_ws/install/pal_sea_arm_controller_configuration:/opt/erc_ws/install/pal_pro_gripper_controller_configuration:/opt/erc_ws/install/pal_gripper_controller_configuration:/opt/erc_ws/install/omni_base_controller_configuration:/opt/erc_ws/install/gz_ros2_control:/opt/erc_ws/install/erc_description:/opt/erc_ws/install/erc_solution:/opt/ros/humble CMAKE_PREFIX_PATH=/opt/erc_ws/install/pal_pro_gripper_description:/opt/erc_ws/install/pal_pro_gripper_controller_configuration:/opt/erc_ws/install/pal_urdf_utils:/opt/erc_ws/install/tiago_pro_robot:/opt/erc_ws/install/tiago_pro_head_robot:/opt/erc_ws/install/tiago_pro_bringup:/opt/erc_ws/install/tiago_pro_head_bringup:/opt/erc_ws/install/erc_bringup:/opt/erc_ws/install/tiago_pro_description:/opt/erc_ws/install/tiago_pro_head_description:/opt/erc_ws/install/tiago_pro_controller_configuration:/opt/erc_ws/install/tiago_pro_head_controller_configuration:/opt/erc_ws/install/pal_sea_arm:/opt/erc_ws/install/pal_sea_arm_bringup:/opt/erc_ws/install/pal_sea_arm_description:/opt/erc_ws/install/pal_pro_gripper_simulation:/opt/erc_ws/install/pal_pro_gripper_bringup:/opt/erc_ws/install/pal_pro_gripper:/opt/erc_ws/install/pal_gripper_simulation:/opt/erc_ws/install/pal_gripper:/opt/erc_ws/install/pal_gripper_description:/opt/erc_ws/install/omni_base_robot:/opt/erc_ws/install/omni_base_bringup:/opt/erc_ws/install/omni_base_description:/opt/erc_ws/install/pal_sea_arm_controller_configuration:/opt/erc_ws/install/pal_gripper_controller_configuration:/opt/erc_ws/install/omni_base_controller_configuration:/opt/erc_ws/install/gz_ros2_control:/opt/erc_ws/install/erc_description:/opt/erc_ws/install/sensors:/opt/erc_ws/install/pal_pro_gripper_wrapper:/opt/erc_ws/install/launch_pal:/opt/erc_ws/install/erc_solution:/opt/ros/humble PYTHONPATH=/opt/erc_ws/build/pal_pro_gripper_wrapper:/opt/erc_ws/install/pal_pro_gripper_wrapper/lib/python3.10/site-packages:/opt/erc_ws/build/launch_pal:/opt/erc_ws/install/launch_pal/lib/python3.10/site-packages:/opt/erc_ws/install/tiago_pro_description/local/lib/python3.10/dist-packages:/opt/erc_ws/install/tiago_pro_head_description/local/lib/python3.10/dist-packages:/opt/erc_ws/install/sensors/lib/python3.10/site-packages:/opt/erc_ws/install/pal_sea_arm_description/local/lib/python3.10/dist-packages:/opt/erc_ws/install/pal_pro_gripper_description/local/lib/python3.10/dist-packages:/opt/erc_ws/install/omni_base_description/local/lib/python3.10/dist-packages:/opt/erc_ws/build/erc_solution:/opt/erc_ws/install/erc_solution/lib/python3.10/site-packages:/opt/ros/humble/lib/python3.10/site-packages:/opt/ros/humble/local/lib/python3.10/dist-packages /usr/bin/cmake --install /opt/erc_ws/build/pal_pro_gripper_bringup
[4.097s] DEBUG:colcon.colcon_core.event_handler.log_command:Invoked command in '/opt/erc_ws/build/pal_pro_gripper_simulation' returned '0': AMENT_PREFIX_PATH=/opt/erc_ws/install/pal_pro_gripper_wrapper:/opt/erc_ws/install/launch_pal:/opt/erc_ws/install/tiago_pro_robot:/opt/erc_ws/install/tiago_pro_head_robot:/opt/erc_ws/install/tiago_pro_bringup:/opt/erc_ws/install/tiago_pro_head_bringup:/opt/erc_ws/install/erc_bringup:/opt/erc_ws/install/tiago_pro_description:/opt/erc_ws/install/tiago_pro_head_description:/opt/erc_ws/install/tiago_pro_controller_configuration:/opt/erc_ws/install/tiago_pro_head_controller_configuration:/opt/erc_ws/install/sensors:/opt/erc_ws/install/pal_sea_arm:/opt/erc_ws/install/pal_sea_arm_bringup:/opt/erc_ws/install/pal_sea_arm_description:/opt/erc_ws/install/pal_pro_gripper_simulation:/opt/erc_ws/install/pal_pro_gripper_bringup:/opt/erc_ws/install/pal_pro_gripper:/opt/erc_ws/install/pal_pro_gripper_description:/opt/erc_ws/install/pal_gripper_simulation:/opt/erc_ws/install/pal_gripper:/opt/erc_ws/install/pal_gripper_description:/opt/erc_ws/install/omni_base_robot:/opt/erc_ws/install/omni_base_bringup:/opt/erc_ws/install/omni_base_description:/opt/erc_ws/install/pal_urdf_utils:/opt/erc_ws/install/pal_sea_arm_controller_configuration:/opt/erc_ws/install/pal_pro_gripper_controller_configuration:/opt/erc_ws/install/pal_gripper_controller_configuration:/opt/erc_ws/install/omni_base_controller_configuration:/opt/erc_ws/install/gz_ros2_control:/opt/erc_ws/install/erc_description:/opt/erc_ws/install/erc_solution:/opt/ros/humble CMAKE_PREFIX_PATH=/opt/erc_ws/install/pal_pro_gripper_description:/opt/erc_ws/install/pal_pro_gripper_controller_configuration:/opt/erc_ws/install/pal_urdf_utils:/opt/erc_ws/install/tiago_pro_robot:/opt/erc_ws/install/tiago_pro_head_robot:/opt/erc_ws/install/tiago_pro_bringup:/opt/erc_ws/install/tiago_pro_head_bringup:/opt/erc_ws/install/erc_bringup:/opt/erc_ws/install/tiago_pro_description:/opt/erc_ws/install/tiago_pro_head_description:/opt/erc_ws/install/tiago_pro_controller_configuration:/opt/erc_ws/install/tiago_pro_head_controller_configuration:/opt/erc_ws/install/pal_sea_arm:/opt/erc_ws/install/pal_sea_arm_bringup:/opt/erc_ws/install/pal_sea_arm_description:/opt/erc_ws/install/pal_pro_gripper_simulation:/opt/erc_ws/install/pal_pro_gripper_bringup:/opt/erc_ws/install/pal_pro_gripper:/opt/erc_ws/install/pal_gripper_simulation:/opt/erc_ws/install/pal_gripper:/opt/erc_ws/install/pal_gripper_description:/opt/erc_ws/install/omni_base_robot:/opt/erc_ws/install/omni_base_bringup:/opt/erc_ws/install/omni_base_description:/opt/erc_ws/install/pal_sea_arm_controller_configuration:/opt/erc_ws/install/pal_gripper_controller_configuration:/opt/erc_ws/install/omni_base_controller_configuration:/opt/erc_ws/install/gz_ros2_control:/opt/erc_ws/install/erc_description:/opt/erc_ws/install/sensors:/opt/erc_ws/install/pal_pro_gripper_wrapper:/opt/erc_ws/install/launch_pal:/opt/erc_ws/install/erc_solution:/opt/ros/humble PYTHONPATH=/opt/erc_ws/build/pal_pro_gripper_wrapper:/opt/erc_ws/install/pal_pro_gripper_wrapper/lib/python3.10/site-packages:/opt/erc_ws/build/launch_pal:/opt/erc_ws/install/launch_pal/lib/python3.10/site-packages:/opt/erc_ws/install/tiago_pro_description/local/lib/python3.10/dist-packages:/opt/erc_ws/install/tiago_pro_head_description/local/lib/python3.10/dist-packages:/opt/erc_ws/install/sensors/lib/python3.10/site-packages:/opt/erc_ws/install/pal_sea_arm_description/local/lib/python3.10/dist-packages:/opt/erc_ws/install/pal_pro_gripper_description/local/lib/python3.10/dist-packages:/opt/erc_ws/install/omni_base_description/local/lib/python3.10/dist-packages:/opt/erc_ws/build/erc_solution:/opt/erc_ws/install/erc_solution/lib/python3.10/site-packages:/opt/ros/humble/lib/python3.10/site-packages:/opt/ros/humble/local/lib/python3.10/dist-packages /usr/bin/cmake --build /opt/erc_ws/build/pal_pro_gripper_simulation -- -j16 -l16
[4.102s] DEBUG:colcon.colcon_core.event_handler.log_command:Invoking command in '/opt/erc_ws/build/pal_pro_gripper_simulation': AMENT_PREFIX_PATH=/opt/erc_ws/install/pal_pro_gripper_wrapper:/opt/erc_ws/install/launch_pal:/opt/erc_ws/install/tiago_pro_robot:/opt/erc_ws/install/tiago_pro_head_robot:/opt/erc_ws/install/tiago_pro_bringup:/opt/erc_ws/install/tiago_pro_head_bringup:/opt/erc_ws/install/erc_bringup:/opt/erc_ws/install/tiago_pro_description:/opt/erc_ws/install/tiago_pro_head_description:/opt/erc_ws/install/tiago_pro_controller_configuration:/opt/erc_ws/install/tiago_pro_head_controller_configuration:/opt/erc_ws/install/sensors:/opt/erc_ws/install/pal_sea_arm:/opt/erc_ws/install/pal_sea_arm_bringup:/opt/erc_ws/install/pal_sea_arm_description:/opt/erc_ws/install/pal_pro_gripper_simulation:/opt/erc_ws/install/pal_pro_gripper_bringup:/opt/erc_ws/install/pal_pro_gripper:/opt/erc_ws/install/pal_pro_gripper_description:/opt/erc_ws/install/pal_gripper_simulation:/opt/erc_ws/install/pal_gripper:/opt/erc_ws/install/pal_gripper_description:/opt/erc_ws/install/omni_base_robot:/opt/erc_ws/install/omni_base_bringup:/opt/erc_ws/install/omni_base_description:/opt/erc_ws/install/pal_urdf_utils:/opt/erc_ws/install/pal_sea_arm_controller_configuration:/opt/erc_ws/install/pal_pro_gripper_controller_configuration:/opt/erc_ws/install/pal_gripper_controller_configuration:/opt/erc_ws/install/omni_base_controller_configuration:/opt/erc_ws/install/gz_ros2_control:/opt/erc_ws/install/erc_description:/opt/erc_ws/install/erc_solution:/opt/ros/humble CMAKE_PREFIX_PATH=/opt/erc_ws/install/pal_pro_gripper_description:/opt/erc_ws/install/pal_pro_gripper_controller_configuration:/opt/erc_ws/install/pal_urdf_utils:/opt/erc_ws/install/tiago_pro_robot:/opt/erc_ws/install/tiago_pro_head_robot:/opt/erc_ws/install/tiago_pro_bringup:/opt/erc_ws/install/tiago_pro_head_bringup:/opt/erc_ws/install/erc_bringup:/opt/erc_ws/install/tiago_pro_description:/opt/erc_ws/install/tiago_pro_head_description:/opt/erc_ws/install/tiago_pro_controller_configuration:/opt/erc_ws/install/tiago_pro_head_controller_configuration:/opt/erc_ws/install/pal_sea_arm:/opt/erc_ws/install/pal_sea_arm_bringup:/opt/erc_ws/install/pal_sea_arm_description:/opt/erc_ws/install/pal_pro_gripper_simulation:/opt/erc_ws/install/pal_pro_gripper_bringup:/opt/erc_ws/install/pal_pro_gripper:/opt/erc_ws/install/pal_gripper_simulation:/opt/erc_ws/install/pal_gripper:/opt/erc_ws/install/pal_gripper_description:/opt/erc_ws/install/omni_base_robot:/opt/erc_ws/install/omni_base_bringup:/opt/erc_ws/install/omni_base_description:/opt/erc_ws/install/pal_sea_arm_controller_configuration:/opt/erc_ws/install/pal_gripper_controller_configuration:/opt/erc_ws/install/omni_base_controller_configuration:/opt/erc_ws/install/gz_ros2_control:/opt/erc_ws/install/erc_description:/opt/erc_ws/install/sensors:/opt/erc_ws/install/pal_pro_gripper_wrapper:/opt/erc_ws/install/launch_pal:/opt/erc_ws/install/erc_solution:/opt/ros/humble PYTHONPATH=/opt/erc_ws/build/pal_pro_gripper_wrapper:/opt/erc_ws/install/pal_pro_gripper_wrapper/lib/python3.10/site-packages:/opt/erc_ws/build/launch_pal:/opt/erc_ws/install/launch_pal/lib/python3.10/site-packages:/opt/erc_ws/install/tiago_pro_description/local/lib/python3.10/dist-packages:/opt/erc_ws/install/tiago_pro_head_description/local/lib/python3.10/dist-packages:/opt/erc_ws/install/sensors/lib/python3.10/site-packages:/opt/erc_ws/install/pal_sea_arm_description/local/lib/python3.10/dist-packages:/opt/erc_ws/install/pal_pro_gripper_description/local/lib/python3.10/dist-packages:/opt/erc_ws/install/omni_base_description/local/lib/python3.10/dist-packages:/opt/erc_ws/build/erc_solution:/opt/erc_ws/install/erc_solution/lib/python3.10/site-packages:/opt/ros/humble/lib/python3.10/site-packages:/opt/ros/humble/local/lib/python3.10/dist-packages /usr/bin/cmake --install /opt/erc_ws/build/pal_pro_gripper_simulation
[4.115s] DEBUG:colcon.colcon_core.event_handler.log_command:Invoked command in '/opt/erc_ws/build/tiago_pro_head_description' returned '0': AMENT_PREFIX_PATH=/opt/erc_ws/install/launch_pal:/opt/erc_ws/install/tiago_pro_robot:/opt/erc_ws/install/tiago_pro_head_robot:/opt/erc_ws/install/tiago_pro_bringup:/opt/erc_ws/install/tiago_pro_head_bringup:/opt/erc_ws/install/erc_bringup:/opt/erc_ws/install/tiago_pro_description:/opt/erc_ws/install/tiago_pro_head_description:/opt/erc_ws/install/tiago_pro_controller_configuration:/opt/erc_ws/install/tiago_pro_head_controller_configuration:/opt/erc_ws/install/sensors:/opt/erc_ws/install/pal_sea_arm:/opt/erc_ws/install/pal_sea_arm_bringup:/opt/erc_ws/install/pal_sea_arm_description:/opt/erc_ws/install/pal_pro_gripper_simulation:/opt/erc_ws/install/pal_pro_gripper_bringup:/opt/erc_ws/install/pal_pro_gripper:/opt/erc_ws/install/pal_pro_gripper_description:/opt/erc_ws/install/pal_gripper_simulation:/opt/erc_ws/install/pal_gripper:/opt/erc_ws/install/pal_gripper_description:/opt/erc_ws/install/omni_base_robot:/opt/erc_ws/install/omni_base_bringup:/opt/erc_ws/install/omni_base_description:/opt/erc_ws/install/pal_urdf_utils:/opt/erc_ws/install/pal_sea_arm_controller_configuration:/opt/erc_ws/install/pal_pro_gripper_controller_configuration:/opt/erc_ws/install/pal_pro_gripper_wrapper:/opt/erc_ws/install/pal_gripper_controller_configuration:/opt/erc_ws/install/omni_base_controller_configuration:/opt/erc_ws/install/gz_ros2_control:/opt/erc_ws/install/erc_description:/opt/erc_ws/install/erc_solution:/opt/ros/humble CMAKE_PREFIX_PATH=/opt/erc_ws/install/tiago_pro_head_controller_configuration:/opt/erc_ws/install/pal_urdf_utils:/opt/erc_ws/install/tiago_pro_robot:/opt/erc_ws/install/tiago_pro_head_robot:/opt/erc_ws/install/tiago_pro_bringup:/opt/erc_ws/install/tiago_pro_head_bringup:/opt/erc_ws/install/erc_bringup:/opt/erc_ws/install/tiago_pro_description:/opt/erc_ws/install/tiago_pro_head_description:/opt/erc_ws/install/tiago_pro_controller_configuration:/opt/erc_ws/install/pal_sea_arm:/opt/erc_ws/install/pal_sea_arm_bringup:/opt/erc_ws/install/pal_sea_arm_description:/opt/erc_ws/install/pal_pro_gripper_simulation:/opt/erc_ws/install/pal_pro_gripper_bringup:/opt/erc_ws/install/pal_pro_gripper:/opt/erc_ws/install/pal_pro_gripper_description:/opt/erc_ws/install/pal_gripper_simulation:/opt/erc_ws/install/pal_gripper:/opt/erc_ws/install/pal_gripper_description:/opt/erc_ws/install/omni_base_robot:/opt/erc_ws/install/omni_base_bringup:/opt/erc_ws/install/omni_base_description:/opt/erc_ws/install/pal_sea_arm_controller_configuration:/opt/erc_ws/install/pal_pro_gripper_controller_configuration:/opt/erc_ws/install/pal_gripper_controller_configuration:/opt/erc_ws/install/omni_base_controller_configuration:/opt/erc_ws/install/gz_ros2_control:/opt/erc_ws/install/erc_description:/opt/erc_ws/install/sensors:/opt/erc_ws/install/pal_pro_gripper_wrapper:/opt/erc_ws/install/launch_pal:/opt/erc_ws/install/erc_solution:/opt/ros/humble PYTHONPATH=/opt/erc_ws/build/launch_pal:/opt/erc_ws/install/launch_pal/lib/python3.10/site-packages:/opt/erc_ws/install/tiago_pro_description/local/lib/python3.10/dist-packages:/opt/erc_ws/install/tiago_pro_head_description/local/lib/python3.10/dist-packages:/opt/erc_ws/install/sensors/lib/python3.10/site-packages:/opt/erc_ws/install/pal_sea_arm_description/local/lib/python3.10/dist-packages:/opt/erc_ws/install/pal_pro_gripper_description/local/lib/python3.10/dist-packages:/opt/erc_ws/install/omni_base_description/local/lib/python3.10/dist-packages:/opt/erc_ws/install/pal_pro_gripper_wrapper/lib/python3.10/site-packages:/opt/erc_ws/build/erc_solution:/opt/erc_ws/install/erc_solution/lib/python3.10/site-packages:/opt/ros/humble/lib/python3.10/site-packages:/opt/ros/humble/local/lib/python3.10/dist-packages /usr/bin/cmake /opt/erc_ws/src/tiago_pro_head_robot/tiago_pro_head_description -DAMENT_CMAKE_SYMLINK_INSTALL=1 -DCMAKE_INSTALL_PREFIX=/opt/erc_ws/install/tiago_pro_head_description
[4.118s] DEBUG:colcon.colcon_core.event_handler.log_command:Invoking command in '/opt/erc_ws/build/tiago_pro_head_description': AMENT_PREFIX_PATH=/opt/erc_ws/install/launch_pal:/opt/erc_ws/install/tiago_pro_robot:/opt/erc_ws/install/tiago_pro_head_robot:/opt/erc_ws/install/tiago_pro_bringup:/opt/erc_ws/install/tiago_pro_head_bringup:/opt/erc_ws/install/erc_bringup:/opt/erc_ws/install/tiago_pro_description:/opt/erc_ws/install/tiago_pro_head_description:/opt/erc_ws/install/tiago_pro_controller_configuration:/opt/erc_ws/install/tiago_pro_head_controller_configuration:/opt/erc_ws/install/sensors:/opt/erc_ws/install/pal_sea_arm:/opt/erc_ws/install/pal_sea_arm_bringup:/opt/erc_ws/install/pal_sea_arm_description:/opt/erc_ws/install/pal_pro_gripper_simulation:/opt/erc_ws/install/pal_pro_gripper_bringup:/opt/erc_ws/install/pal_pro_gripper:/opt/erc_ws/install/pal_pro_gripper_description:/opt/erc_ws/install/pal_gripper_simulation:/opt/erc_ws/install/pal_gripper:/opt/erc_ws/install/pal_gripper_description:/opt/erc_ws/install/omni_base_robot:/opt/erc_ws/install/omni_base_bringup:/opt/erc_ws/install/omni_base_description:/opt/erc_ws/install/pal_urdf_utils:/opt/erc_ws/install/pal_sea_arm_controller_configuration:/opt/erc_ws/install/pal_pro_gripper_controller_configuration:/opt/erc_ws/install/pal_pro_gripper_wrapper:/opt/erc_ws/install/pal_gripper_controller_configuration:/opt/erc_ws/install/omni_base_controller_configuration:/opt/erc_ws/install/gz_ros2_control:/opt/erc_ws/install/erc_description:/opt/erc_ws/install/erc_solution:/opt/ros/humble CMAKE_PREFIX_PATH=/opt/erc_ws/install/tiago_pro_head_controller_configuration:/opt/erc_ws/install/pal_urdf_utils:/opt/erc_ws/install/tiago_pro_robot:/opt/erc_ws/install/tiago_pro_head_robot:/opt/erc_ws/install/tiago_pro_bringup:/opt/erc_ws/install/tiago_pro_head_bringup:/opt/erc_ws/install/erc_bringup:/opt/erc_ws/install/tiago_pro_description:/opt/erc_ws/install/tiago_pro_head_description:/opt/erc_ws/install/tiago_pro_controller_configuration:/opt/erc_ws/install/pal_sea_arm:/opt/erc_ws/install/pal_sea_arm_bringup:/opt/erc_ws/install/pal_sea_arm_description:/opt/erc_ws/install/pal_pro_gripper_simulation:/opt/erc_ws/install/pal_pro_gripper_bringup:/opt/erc_ws/install/pal_pro_gripper:/opt/erc_ws/install/pal_pro_gripper_description:/opt/erc_ws/install/pal_gripper_simulation:/opt/erc_ws/install/pal_gripper:/opt/erc_ws/install/pal_gripper_description:/opt/erc_ws/install/omni_base_robot:/opt/erc_ws/install/omni_base_bringup:/opt/erc_ws/install/omni_base_description:/opt/erc_ws/install/pal_sea_arm_controller_configuration:/opt/erc_ws/install/pal_pro_gripper_controller_configuration:/opt/erc_ws/install/pal_gripper_controller_configuration:/opt/erc_ws/install/omni_base_controller_configuration:/opt/erc_ws/install/gz_ros2_control:/opt/erc_ws/install/erc_description:/opt/erc_ws/install/sensors:/opt/erc_ws/install/pal_pro_gripper_wrapper:/opt/erc_ws/install/launch_pal:/opt/erc_ws/install/erc_solution:/opt/ros/humble PYTHONPATH=/opt/erc_ws/build/launch_pal:/opt/erc_ws/install/launch_pal/lib/python3.10/site-packages:/opt/erc_ws/install/tiago_pro_description/local/lib/python3.10/dist-packages:/opt/erc_ws/install/tiago_pro_head_description/local/lib/python3.10/dist-packages:/opt/erc_ws/install/sensors/lib/python3.10/site-packages:/opt/erc_ws/install/pal_sea_arm_description/local/lib/python3.10/dist-packages:/opt/erc_ws/install/pal_pro_gripper_description/local/lib/python3.10/dist-packages:/opt/erc_ws/install/omni_base_description/local/lib/python3.10/dist-packages:/opt/erc_ws/install/pal_pro_gripper_wrapper/lib/python3.10/site-packages:/opt/erc_ws/build/erc_solution:/opt/erc_ws/install/erc_solution/lib/python3.10/site-packages:/opt/ros/humble/lib/python3.10/site-packages:/opt/ros/humble/local/lib/python3.10/dist-packages /usr/bin/cmake --build /opt/erc_ws/build/tiago_pro_head_description -- -j16 -l16
[4.121s] Level 1:colcon.colcon_core.environment:create_environment_scripts_only(pal_sea_arm_controller_configuration)
[4.122s] DEBUG:colcon.colcon_core.event_handler.log_command:Invoked command in '/opt/erc_ws/build/pal_sea_arm_controller_configuration' returned '0': AMENT_PREFIX_PATH=/opt/erc_ws/install/pal_pro_gripper_wrapper:/opt/erc_ws/install/launch_pal:/opt/erc_ws/install/tiago_pro_robot:/opt/erc_ws/install/tiago_pro_head_robot:/opt/erc_ws/install/tiago_pro_bringup:/opt/erc_ws/install/tiago_pro_head_bringup:/opt/erc_ws/install/erc_bringup:/opt/erc_ws/install/tiago_pro_description:/opt/erc_ws/install/tiago_pro_head_description:/opt/erc_ws/install/tiago_pro_controller_configuration:/opt/erc_ws/install/tiago_pro_head_controller_configuration:/opt/erc_ws/install/sensors:/opt/erc_ws/install/pal_sea_arm:/opt/erc_ws/install/pal_sea_arm_bringup:/opt/erc_ws/install/pal_sea_arm_description:/opt/erc_ws/install/pal_pro_gripper_simulation:/opt/erc_ws/install/pal_pro_gripper_bringup:/opt/erc_ws/install/pal_pro_gripper:/opt/erc_ws/install/pal_pro_gripper_description:/opt/erc_ws/install/pal_gripper_simulation:/opt/erc_ws/install/pal_gripper:/opt/erc_ws/install/pal_gripper_description:/opt/erc_ws/install/omni_base_robot:/opt/erc_ws/install/omni_base_bringup:/opt/erc_ws/install/omni_base_description:/opt/erc_ws/install/pal_urdf_utils:/opt/erc_ws/install/pal_sea_arm_controller_configuration:/opt/erc_ws/install/pal_pro_gripper_controller_configuration:/opt/erc_ws/install/pal_gripper_controller_configuration:/opt/erc_ws/install/omni_base_controller_configuration:/opt/erc_ws/install/gz_ros2_control:/opt/erc_ws/install/erc_description:/opt/erc_ws/install/erc_solution:/opt/ros/humble CMAKE_PREFIX_PATH=/opt/erc_ws/install/pal_pro_gripper_controller_configuration:/opt/erc_ws/install/tiago_pro_robot:/opt/erc_ws/install/tiago_pro_head_robot:/opt/erc_ws/install/tiago_pro_bringup:/opt/erc_ws/install/tiago_pro_head_bringup:/opt/erc_ws/install/erc_bringup:/opt/erc_ws/install/tiago_pro_description:/opt/erc_ws/install/tiago_pro_head_description:/opt/erc_ws/install/tiago_pro_controller_configuration:/opt/erc_ws/install/tiago_pro_head_controller_configuration:/opt/erc_ws/install/pal_sea_arm:/opt/erc_ws/install/pal_sea_arm_bringup:/opt/erc_ws/install/pal_sea_arm_description:/opt/erc_ws/install/pal_pro_gripper_simulation:/opt/erc_ws/install/pal_pro_gripper_bringup:/opt/erc_ws/install/pal_pro_gripper:/opt/erc_ws/install/pal_pro_gripper_description:/opt/erc_ws/install/pal_gripper_simulation:/opt/erc_ws/install/pal_gripper:/opt/erc_ws/install/pal_gripper_description:/opt/erc_ws/install/omni_base_robot:/opt/erc_ws/install/omni_base_bringup:/opt/erc_ws/install/omni_base_description:/opt/erc_ws/install/pal_urdf_utils:/opt/erc_ws/install/pal_sea_arm_controller_configuration:/opt/erc_ws/install/pal_gripper_controller_configuration:/opt/erc_ws/install/omni_base_controller_configuration:/opt/erc_ws/install/gz_ros2_control:/opt/erc_ws/install/erc_description:/opt/erc_ws/install/sensors:/opt/erc_ws/install/pal_pro_gripper_wrapper:/opt/erc_ws/install/launch_pal:/opt/erc_ws/install/erc_solution:/opt/ros/humble PYTHONPATH=/opt/erc_ws/build/pal_pro_gripper_wrapper:/opt/erc_ws/install/pal_pro_gripper_wrapper/lib/python3.10/site-packages:/opt/erc_ws/build/launch_pal:/opt/erc_ws/install/launch_pal/lib/python3.10/site-packages:/opt/erc_ws/install/tiago_pro_description/local/lib/python3.10/dist-packages:/opt/erc_ws/install/tiago_pro_head_description/local/lib/python3.10/dist-packages:/opt/erc_ws/install/sensors/lib/python3.10/site-packages:/opt/erc_ws/install/pal_sea_arm_description/local/lib/python3.10/dist-packages:/opt/erc_ws/install/pal_pro_gripper_description/local/lib/python3.10/dist-packages:/opt/erc_ws/install/omni_base_description/local/lib/python3.10/dist-packages:/opt/erc_ws/build/erc_solution:/opt/erc_ws/install/erc_solution/lib/python3.10/site-packages:/opt/ros/humble/lib/python3.10/site-packages:/opt/ros/humble/local/lib/python3.10/dist-packages /usr/bin/cmake --install /opt/erc_ws/build/pal_sea_arm_controller_configuration
[4.122s] Level 1:colcon.colcon_core.environment:checking '/opt/erc_ws/install/pal_sea_arm_controller_configuration' for CMake module files
[4.123s] Level 1:colcon.colcon_core.environment:checking '/opt/erc_ws/install/pal_sea_arm_controller_configuration' for CMake config files
[4.123s] Level 1:colcon.colcon_core.shell:create_environment_hook('pal_sea_arm_controller_configuration', 'cmake_prefix_path')
[4.124s] INFO:colcon.colcon_core.shell:Creating environment hook '/opt/erc_ws/install/pal_sea_arm_controller_configuration/share/pal_sea_arm_controller_configuration/hook/cmake_prefix_path.ps1'
[4.125s] INFO:colcon.colcon_core.shell:Creating environment descriptor '/opt/erc_ws/install/pal_sea_arm_controller_configuration/share/pal_sea_arm_controller_configuration/hook/cmake_prefix_path.dsv'
[4.125s] INFO:colcon.colcon_core.shell:Creating environment hook '/opt/erc_ws/install/pal_sea_arm_controller_configuration/share/pal_sea_arm_controller_configuration/hook/cmake_prefix_path.sh'
[4.126s] Level 1:colcon.colcon_core.environment:checking '/opt/erc_ws/install/pal_sea_arm_controller_configuration/bin'
[4.126s] Level 1:colcon.colcon_core.environment:checking '/opt/erc_ws/install/pal_sea_arm_controller_configuration/lib/pkgconfig/pal_sea_arm_controller_configuration.pc'
[4.126s] Level 1:colcon.colcon_core.environment:checking '/opt/erc_ws/install/pal_sea_arm_controller_configuration/lib/python3.10/site-packages'
[4.126s] Level 1:colcon.colcon_core.environment:checking '/opt/erc_ws/install/pal_sea_arm_controller_configuration/bin'
[4.127s] INFO:colcon.colcon_core.shell:Creating package script '/opt/erc_ws/install/pal_sea_arm_controller_configuration/share/pal_sea_arm_controller_configuration/package.ps1'
[4.128s] INFO:colcon.colcon_core.shell:Creating package descriptor '/opt/erc_ws/install/pal_sea_arm_controller_configuration/share/pal_sea_arm_controller_configuration/package.dsv'
[4.129s] INFO:colcon.colcon_core.shell:Creating package script '/opt/erc_ws/install/pal_sea_arm_controller_configuration/share/pal_sea_arm_controller_configuration/package.sh'
[4.129s] INFO:colcon.colcon_core.shell:Creating package script '/opt/erc_ws/install/pal_sea_arm_controller_configuration/share/pal_sea_arm_controller_configuration/package.bash'
[4.130s] INFO:colcon.colcon_core.shell:Creating package script '/opt/erc_ws/install/pal_sea_arm_controller_configuration/share/pal_sea_arm_controller_configuration/package.zsh'
[4.130s] Level 1:colcon.colcon_core.environment:create_file_with_runtime_dependencies(/opt/erc_ws/install/pal_sea_arm_controller_configuration/share/colcon-core/packages/pal_sea_arm_controller_configuration)
[4.132s] Level 1:colcon.colcon_core.environment:create_environment_scripts_only(pal_sea_arm_controller_configuration)
[4.133s] Level 1:colcon.colcon_core.environment:checking '/opt/erc_ws/install/pal_sea_arm_controller_configuration' for CMake module files
[4.134s] Level 1:colcon.colcon_core.environment:checking '/opt/erc_ws/install/pal_sea_arm_controller_configuration' for CMake config files
[4.135s] Level 1:colcon.colcon_core.shell:create_environment_hook('pal_sea_arm_controller_configuration', 'cmake_prefix_path')
[4.135s] INFO:colcon.colcon_core.shell:Creating environment hook '/opt/erc_ws/install/pal_sea_arm_controller_configuration/share/pal_sea_arm_controller_configuration/hook/cmake_prefix_path.ps1'
[4.136s] INFO:colcon.colcon_core.shell:Creating environment descriptor '/opt/erc_ws/install/pal_sea_arm_controller_configuration/share/pal_sea_arm_controller_configuration/hook/cmake_prefix_path.dsv'
[4.136s] INFO:colcon.colcon_core.shell:Creating environment hook '/opt/erc_ws/install/pal_sea_arm_controller_configuration/share/pal_sea_arm_controller_configuration/hook/cmake_prefix_path.sh'
[4.137s] Level 1:colcon.colcon_core.environment:checking '/opt/erc_ws/install/pal_sea_arm_controller_configuration/bin'
[4.137s] Level 1:colcon.colcon_core.environment:checking '/opt/erc_ws/install/pal_sea_arm_controller_configuration/lib/pkgconfig/pal_sea_arm_controller_configuration.pc'
[4.137s] Level 1:colcon.colcon_core.environment:checking '/opt/erc_ws/install/pal_sea_arm_controller_configuration/lib/python3.10/site-packages'
[4.138s] Level 1:colcon.colcon_core.environment:checking '/opt/erc_ws/install/pal_sea_arm_controller_configuration/bin'
[4.138s] INFO:colcon.colcon_core.shell:Creating package script '/opt/erc_ws/install/pal_sea_arm_controller_configuration/share/pal_sea_arm_controller_configuration/package.ps1'
[4.140s] INFO:colcon.colcon_core.shell:Creating package descriptor '/opt/erc_ws/install/pal_sea_arm_controller_configuration/share/pal_sea_arm_controller_configuration/package.dsv'
[4.140s] INFO:colcon.colcon_core.shell:Creating package script '/opt/erc_ws/install/pal_sea_arm_controller_configuration/share/pal_sea_arm_controller_configuration/package.sh'
[4.141s] INFO:colcon.colcon_core.shell:Creating package script '/opt/erc_ws/install/pal_sea_arm_controller_configuration/share/pal_sea_arm_controller_configuration/package.bash'
[4.142s] INFO:colcon.colcon_core.shell:Creating package script '/opt/erc_ws/install/pal_sea_arm_controller_configuration/share/pal_sea_arm_controller_configuration/package.zsh'
[4.143s] Level 1:colcon.colcon_core.environment:create_file_with_runtime_dependencies(/opt/erc_ws/install/pal_sea_arm_controller_configuration/share/colcon-core/packages/pal_sea_arm_controller_configuration)
[4.144s] Level 1:colcon.colcon_core.environment:create_environment_scripts_only(omni_base_description)
[4.144s] Level 1:colcon.colcon_core.environment:checking '/opt/erc_ws/install/omni_base_description' for CMake module files
[4.147s] DEBUG:colcon.colcon_core.event_handler.log_command:Invoked command in '/opt/erc_ws/build/omni_base_description' returned '0': AMENT_PREFIX_PATH=/opt/erc_ws/install/launch_pal:/opt/erc_ws/install/tiago_pro_robot:/opt/erc_ws/install/tiago_pro_head_robot:/opt/erc_ws/install/tiago_pro_bringup:/opt/erc_ws/install/tiago_pro_head_bringup:/opt/erc_ws/install/erc_bringup:/opt/erc_ws/install/tiago_pro_description:/opt/erc_ws/install/tiago_pro_head_description:/opt/erc_ws/install/tiago_pro_controller_configuration:/opt/erc_ws/install/tiago_pro_head_controller_configuration:/opt/erc_ws/install/sensors:/opt/erc_ws/install/pal_sea_arm:/opt/erc_ws/install/pal_sea_arm_bringup:/opt/erc_ws/install/pal_sea_arm_description:/opt/erc_ws/install/pal_pro_gripper_simulation:/opt/erc_ws/install/pal_pro_gripper_bringup:/opt/erc_ws/install/pal_pro_gripper:/opt/erc_ws/install/pal_pro_gripper_description:/opt/erc_ws/install/pal_gripper_simulation:/opt/erc_ws/install/pal_gripper:/opt/erc_ws/install/pal_gripper_description:/opt/erc_ws/install/omni_base_robot:/opt/erc_ws/install/omni_base_bringup:/opt/erc_ws/install/omni_base_description:/opt/erc_ws/install/pal_urdf_utils:/opt/erc_ws/install/pal_sea_arm_controller_configuration:/opt/erc_ws/install/pal_pro_gripper_controller_configuration:/opt/erc_ws/install/pal_pro_gripper_wrapper:/opt/erc_ws/install/pal_gripper_controller_configuration:/opt/erc_ws/install/omni_base_controller_configuration:/opt/erc_ws/install/gz_ros2_control:/opt/erc_ws/install/erc_description:/opt/erc_ws/install/erc_solution:/opt/ros/humble CMAKE_PREFIX_PATH=/opt/erc_ws/install/pal_urdf_utils:/opt/erc_ws/install/tiago_pro_robot:/opt/erc_ws/install/tiago_pro_head_robot:/opt/erc_ws/install/tiago_pro_bringup:/opt/erc_ws/install/tiago_pro_head_bringup:/opt/erc_ws/install/erc_bringup:/opt/erc_ws/install/tiago_pro_description:/opt/erc_ws/install/tiago_pro_head_description:/opt/erc_ws/install/tiago_pro_controller_configuration:/opt/erc_ws/install/tiago_pro_head_controller_configuration:/opt/erc_ws/install/pal_sea_arm:/opt/erc_ws/install/pal_sea_arm_bringup:/opt/erc_ws/install/pal_sea_arm_description:/opt/erc_ws/install/pal_pro_gripper_simulation:/opt/erc_ws/install/pal_pro_gripper_bringup:/opt/erc_ws/install/pal_pro_gripper:/opt/erc_ws/install/pal_pro_gripper_description:/opt/erc_ws/install/pal_gripper_simulation:/opt/erc_ws/install/pal_gripper:/opt/erc_ws/install/pal_gripper_description:/opt/erc_ws/install/omni_base_robot:/opt/erc_ws/install/omni_base_bringup:/opt/erc_ws/install/omni_base_description:/opt/erc_ws/install/pal_sea_arm_controller_configuration:/opt/erc_ws/install/pal_pro_gripper_controller_configuration:/opt/erc_ws/install/pal_gripper_controller_configuration:/opt/erc_ws/install/omni_base_controller_configuration:/opt/erc_ws/install/gz_ros2_control:/opt/erc_ws/install/erc_description:/opt/erc_ws/install/sensors:/opt/erc_ws/install/pal_pro_gripper_wrapper:/opt/erc_ws/install/launch_pal:/opt/erc_ws/install/erc_solution:/opt/ros/humble PYTHONPATH=/opt/erc_ws/build/launch_pal:/opt/erc_ws/install/launch_pal/lib/python3.10/site-packages:/opt/erc_ws/install/tiago_pro_description/local/lib/python3.10/dist-packages:/opt/erc_ws/install/tiago_pro_head_description/local/lib/python3.10/dist-packages:/opt/erc_ws/install/sensors/lib/python3.10/site-packages:/opt/erc_ws/install/pal_sea_arm_description/local/lib/python3.10/dist-packages:/opt/erc_ws/install/pal_pro_gripper_description/local/lib/python3.10/dist-packages:/opt/erc_ws/install/omni_base_description/local/lib/python3.10/dist-packages:/opt/erc_ws/install/pal_pro_gripper_wrapper/lib/python3.10/site-packages:/opt/erc_ws/build/erc_solution:/opt/erc_ws/install/erc_solution/lib/python3.10/site-packages:/opt/ros/humble/lib/python3.10/site-packages:/opt/ros/humble/local/lib/python3.10/dist-packages /usr/bin/cmake --install /opt/erc_ws/build/omni_base_description
[4.148s] Level 1:colcon.colcon_core.environment:checking '/opt/erc_ws/install/omni_base_description' for CMake config files
[4.149s] Level 1:colcon.colcon_core.shell:create_environment_hook('omni_base_description', 'cmake_prefix_path')
[4.149s] INFO:colcon.colcon_core.shell:Creating environment hook '/opt/erc_ws/install/omni_base_description/share/omni_base_description/hook/cmake_prefix_path.ps1'
[4.150s] INFO:colcon.colcon_core.shell:Creating environment descriptor '/opt/erc_ws/install/omni_base_description/share/omni_base_description/hook/cmake_prefix_path.dsv'
[4.150s] INFO:colcon.colcon_core.shell:Creating environment hook '/opt/erc_ws/install/omni_base_description/share/omni_base_description/hook/cmake_prefix_path.sh'
[4.151s] Level 1:colcon.colcon_core.environment:checking '/opt/erc_ws/install/omni_base_description/bin'
[4.151s] Level 1:colcon.colcon_core.environment:checking '/opt/erc_ws/install/omni_base_description/lib/pkgconfig/omni_base_description.pc'
[4.152s] Level 1:colcon.colcon_core.environment:checking '/opt/erc_ws/install/omni_base_description/lib/python3.10/site-packages'
[4.152s] Level 1:colcon.colcon_core.environment:checking '/opt/erc_ws/install/omni_base_description/bin'
[4.153s] INFO:colcon.colcon_core.shell:Creating package script '/opt/erc_ws/install/omni_base_description/share/omni_base_description/package.ps1'
[4.155s] INFO:colcon.colcon_core.shell:Creating package descriptor '/opt/erc_ws/install/omni_base_description/share/omni_base_description/package.dsv'
[4.156s] INFO:colcon.colcon_core.shell:Creating package script '/opt/erc_ws/install/omni_base_description/share/omni_base_description/package.sh'
[4.156s] INFO:colcon.colcon_core.shell:Creating package script '/opt/erc_ws/install/omni_base_description/share/omni_base_description/package.bash'
[4.156s] INFO:colcon.colcon_core.shell:Creating package script '/opt/erc_ws/install/omni_base_description/share/omni_base_description/package.zsh'
[4.157s] Level 1:colcon.colcon_core.environment:create_file_with_runtime_dependencies(/opt/erc_ws/install/omni_base_description/share/colcon-core/packages/omni_base_description)
[4.158s] Level 1:colcon.colcon_core.environment:create_environment_scripts_only(omni_base_description)
[4.158s] Level 1:colcon.colcon_core.environment:checking '/opt/erc_ws/install/omni_base_description' for CMake module files
[4.158s] Level 1:colcon.colcon_core.environment:checking '/opt/erc_ws/install/omni_base_description' for CMake config files
[4.158s] Level 1:colcon.colcon_core.shell:create_environment_hook('omni_base_description', 'cmake_prefix_path')
[4.159s] INFO:colcon.colcon_core.shell:Creating environment hook '/opt/erc_ws/install/omni_base_description/share/omni_base_description/hook/cmake_prefix_path.ps1'
[4.159s] INFO:colcon.colcon_core.shell:Creating environment descriptor '/opt/erc_ws/install/omni_base_description/share/omni_base_description/hook/cmake_prefix_path.dsv'
[4.159s] INFO:colcon.colcon_core.shell:Creating environment hook '/opt/erc_ws/install/omni_base_description/share/omni_base_description/hook/cmake_prefix_path.sh'
[4.160s] Level 1:colcon.colcon_core.environment:checking '/opt/erc_ws/install/omni_base_description/bin'
[4.160s] Level 1:colcon.colcon_core.environment:checking '/opt/erc_ws/install/omni_base_description/lib/pkgconfig/omni_base_description.pc'
[4.160s] Level 1:colcon.colcon_core.environment:checking '/opt/erc_ws/install/omni_base_description/lib/python3.10/site-packages'
[4.160s] Level 1:colcon.colcon_core.environment:checking '/opt/erc_ws/install/omni_base_description/bin'
[4.161s] INFO:colcon.colcon_core.shell:Creating package script '/opt/erc_ws/install/omni_base_description/share/omni_base_description/package.ps1'
[4.162s] INFO:colcon.colcon_core.shell:Creating package descriptor '/opt/erc_ws/install/omni_base_description/share/omni_base_description/package.dsv'
[4.163s] INFO:colcon.colcon_core.shell:Creating package script '/opt/erc_ws/install/omni_base_description/share/omni_base_description/package.sh'
[4.164s] INFO:colcon.colcon_core.shell:Creating package script '/opt/erc_ws/install/omni_base_description/share/omni_base_description/package.bash'
[4.164s] INFO:colcon.colcon_core.shell:Creating package script '/opt/erc_ws/install/omni_base_description/share/omni_base_description/package.zsh'
[4.164s] Level 1:colcon.colcon_core.environment:create_file_with_runtime_dependencies(/opt/erc_ws/install/omni_base_description/share/colcon-core/packages/omni_base_description)
[4.165s] INFO:colcon.colcon_ros.task.ament_cmake.build:Building ROS package in '/opt/erc_ws/src/pal_sea_arm/pal_sea_arm_description' with build type 'ament_cmake'
[4.165s] INFO:colcon.colcon_cmake.task.cmake.build:Building CMake package in '/opt/erc_ws/src/pal_sea_arm/pal_sea_arm_description'
[4.166s] INFO:colcon.colcon_core.shell:Skip shell extension 'powershell' for command environment: Not usable outside of PowerShell
[4.166s] DEBUG:colcon.colcon_core.shell:Skip shell extension 'dsv' for command environment
[4.174s] INFO:colcon.colcon_ros.task.ament_cmake.build:Building ROS package in '/opt/erc_ws/src/tiago_pro_robot/tiago_pro_controller_configuration' with build type 'ament_cmake'
[4.174s] INFO:colcon.colcon_cmake.task.cmake.build:Building CMake package in '/opt/erc_ws/src/tiago_pro_robot/tiago_pro_controller_configuration'
[4.174s] INFO:colcon.colcon_core.shell:Skip shell extension 'powershell' for command environment: Not usable outside of PowerShell
[4.174s] DEBUG:colcon.colcon_core.shell:Skip shell extension 'dsv' for command environment
[4.184s] INFO:colcon.colcon_ros.task.ament_cmake.build:Building ROS package in '/opt/erc_ws/src/omni_base_robot/omni_base_bringup' with build type 'ament_cmake'
[4.184s] INFO:colcon.colcon_cmake.task.cmake.build:Building CMake package in '/opt/erc_ws/src/omni_base_robot/omni_base_bringup'
[4.185s] INFO:colcon.colcon_core.shell:Skip shell extension 'powershell' for command environment: Not usable outside of PowerShell
[4.185s] DEBUG:colcon.colcon_core.shell:Skip shell extension 'dsv' for command environment
[4.194s] Level 1:colcon.colcon_core.environment:create_environment_scripts_only(pal_pro_gripper)
[4.195s] Level 1:colcon.colcon_core.environment:checking '/opt/erc_ws/install/pal_pro_gripper' for CMake module files
[4.196s] DEBUG:colcon.colcon_core.event_handler.log_command:Invoked command in '/opt/erc_ws/build/pal_pro_gripper' returned '0': AMENT_PREFIX_PATH=/opt/erc_ws/install/pal_pro_gripper_wrapper:/opt/erc_ws/install/launch_pal:/opt/erc_ws/install/tiago_pro_robot:/opt/erc_ws/install/tiago_pro_head_robot:/opt/erc_ws/install/tiago_pro_bringup:/opt/erc_ws/install/tiago_pro_head_bringup:/opt/erc_ws/install/erc_bringup:/opt/erc_ws/install/tiago_pro_description:/opt/erc_ws/install/tiago_pro_head_description:/opt/erc_ws/install/tiago_pro_controller_configuration:/opt/erc_ws/install/tiago_pro_head_controller_configuration:/opt/erc_ws/install/sensors:/opt/erc_ws/install/pal_sea_arm:/opt/erc_ws/install/pal_sea_arm_bringup:/opt/erc_ws/install/pal_sea_arm_description:/opt/erc_ws/install/pal_pro_gripper_simulation:/opt/erc_ws/install/pal_pro_gripper_bringup:/opt/erc_ws/install/pal_pro_gripper:/opt/erc_ws/install/pal_pro_gripper_description:/opt/erc_ws/install/pal_gripper_simulation:/opt/erc_ws/install/pal_gripper:/opt/erc_ws/install/pal_gripper_description:/opt/erc_ws/install/omni_base_robot:/opt/erc_ws/install/omni_base_bringup:/opt/erc_ws/install/omni_base_description:/opt/erc_ws/install/pal_urdf_utils:/opt/erc_ws/install/pal_sea_arm_controller_configuration:/opt/erc_ws/install/pal_pro_gripper_controller_configuration:/opt/erc_ws/install/pal_gripper_controller_configuration:/opt/erc_ws/install/omni_base_controller_configuration:/opt/erc_ws/install/gz_ros2_control:/opt/erc_ws/install/erc_description:/opt/erc_ws/install/erc_solution:/opt/ros/humble CMAKE_PREFIX_PATH=/opt/erc_ws/install/pal_pro_gripper_description:/opt/erc_ws/install/pal_pro_gripper_controller_configuration:/opt/erc_ws/install/pal_urdf_utils:/opt/erc_ws/install/tiago_pro_robot:/opt/erc_ws/install/tiago_pro_head_robot:/opt/erc_ws/install/tiago_pro_bringup:/opt/erc_ws/install/tiago_pro_head_bringup:/opt/erc_ws/install/erc_bringup:/opt/erc_ws/install/tiago_pro_description:/opt/erc_ws/install/tiago_pro_head_description:/opt/erc_ws/install/tiago_pro_controller_configuration:/opt/erc_ws/install/tiago_pro_head_controller_configuration:/opt/erc_ws/install/pal_sea_arm:/opt/erc_ws/install/pal_sea_arm_bringup:/opt/erc_ws/install/pal_sea_arm_description:/opt/erc_ws/install/pal_pro_gripper_simulation:/opt/erc_ws/install/pal_pro_gripper_bringup:/opt/erc_ws/install/pal_pro_gripper:/opt/erc_ws/install/pal_gripper_simulation:/opt/erc_ws/install/pal_gripper:/opt/erc_ws/install/pal_gripper_description:/opt/erc_ws/install/omni_base_robot:/opt/erc_ws/install/omni_base_bringup:/opt/erc_ws/install/omni_base_description:/opt/erc_ws/install/pal_sea_arm_controller_configuration:/opt/erc_ws/install/pal_gripper_controller_configuration:/opt/erc_ws/install/omni_base_controller_configuration:/opt/erc_ws/install/gz_ros2_control:/opt/erc_ws/install/erc_description:/opt/erc_ws/install/sensors:/opt/erc_ws/install/pal_pro_gripper_wrapper:/opt/erc_ws/install/launch_pal:/opt/erc_ws/install/erc_solution:/opt/ros/humble PYTHONPATH=/opt/erc_ws/build/pal_pro_gripper_wrapper:/opt/erc_ws/install/pal_pro_gripper_wrapper/lib/python3.10/site-packages:/opt/erc_ws/build/launch_pal:/opt/erc_ws/install/launch_pal/lib/python3.10/site-packages:/opt/erc_ws/install/tiago_pro_description/local/lib/python3.10/dist-packages:/opt/erc_ws/install/tiago_pro_head_description/local/lib/python3.10/dist-packages:/opt/erc_ws/install/sensors/lib/python3.10/site-packages:/opt/erc_ws/install/pal_sea_arm_description/local/lib/python3.10/dist-packages:/opt/erc_ws/install/pal_pro_gripper_description/local/lib/python3.10/dist-packages:/opt/erc_ws/install/omni_base_description/local/lib/python3.10/dist-packages:/opt/erc_ws/build/erc_solution:/opt/erc_ws/install/erc_solution/lib/python3.10/site-packages:/opt/ros/humble/lib/python3.10/site-packages:/opt/ros/humble/local/lib/python3.10/dist-packages /usr/bin/cmake --install /opt/erc_ws/build/pal_pro_gripper
[4.197s] Level 1:colcon.colcon_core.environment:checking '/opt/erc_ws/install/pal_pro_gripper' for CMake config files
[4.197s] Level 1:colcon.colcon_core.shell:create_environment_hook('pal_pro_gripper', 'cmake_prefix_path')
[4.198s] INFO:colcon.colcon_core.shell:Creating environment hook '/opt/erc_ws/install/pal_pro_gripper/share/pal_pro_gripper/hook/cmake_prefix_path.ps1'
[4.199s] INFO:colcon.colcon_core.shell:Creating environment descriptor '/opt/erc_ws/install/pal_pro_gripper/share/pal_pro_gripper/hook/cmake_prefix_path.dsv'
[4.199s] INFO:colcon.colcon_core.shell:Creating environment hook '/opt/erc_ws/install/pal_pro_gripper/share/pal_pro_gripper/hook/cmake_prefix_path.sh'
[4.200s] Level 1:colcon.colcon_core.environment:checking '/opt/erc_ws/install/pal_pro_gripper/bin'
[4.200s] Level 1:colcon.colcon_core.environment:checking '/opt/erc_ws/install/pal_pro_gripper/lib/pkgconfig/pal_pro_gripper.pc'
[4.201s] Level 1:colcon.colcon_core.environment:checking '/opt/erc_ws/install/pal_pro_gripper/lib/python3.10/site-packages'
[4.201s] Level 1:colcon.colcon_core.environment:checking '/opt/erc_ws/install/pal_pro_gripper/bin'
[4.201s] INFO:colcon.colcon_core.shell:Creating package script '/opt/erc_ws/install/pal_pro_gripper/share/pal_pro_gripper/package.ps1'
[4.201s] INFO:colcon.colcon_core.shell:Creating package descriptor '/opt/erc_ws/install/pal_pro_gripper/share/pal_pro_gripper/package.dsv'
[4.202s] INFO:colcon.colcon_core.shell:Creating package script '/opt/erc_ws/install/pal_pro_gripper/share/pal_pro_gripper/package.sh'
[4.202s] INFO:colcon.colcon_core.shell:Creating package script '/opt/erc_ws/install/pal_pro_gripper/share/pal_pro_gripper/package.bash'
[4.203s] INFO:colcon.colcon_core.shell:Creating package script '/opt/erc_ws/install/pal_pro_gripper/share/pal_pro_gripper/package.zsh'
[4.204s] Level 1:colcon.colcon_core.environment:create_file_with_runtime_dependencies(/opt/erc_ws/install/pal_pro_gripper/share/colcon-core/packages/pal_pro_gripper)
[4.204s] Level 1:colcon.colcon_core.environment:create_environment_scripts_only(pal_pro_gripper)
[4.205s] Level 1:colcon.colcon_core.environment:checking '/opt/erc_ws/install/pal_pro_gripper' for CMake module files
[4.205s] Level 1:colcon.colcon_core.environment:checking '/opt/erc_ws/install/pal_pro_gripper' for CMake config files
[4.205s] Level 1:colcon.colcon_core.shell:create_environment_hook('pal_pro_gripper', 'cmake_prefix_path')
[4.205s] INFO:colcon.colcon_core.shell:Creating environment hook '/opt/erc_ws/install/pal_pro_gripper/share/pal_pro_gripper/hook/cmake_prefix_path.ps1'
[4.206s] INFO:colcon.colcon_core.shell:Creating environment descriptor '/opt/erc_ws/install/pal_pro_gripper/share/pal_pro_gripper/hook/cmake_prefix_path.dsv'
[4.206s] INFO:colcon.colcon_core.shell:Creating environment hook '/opt/erc_ws/install/pal_pro_gripper/share/pal_pro_gripper/hook/cmake_prefix_path.sh'
[4.206s] Level 1:colcon.colcon_core.environment:checking '/opt/erc_ws/install/pal_pro_gripper/bin'
[4.206s] Level 1:colcon.colcon_core.environment:checking '/opt/erc_ws/install/pal_pro_gripper/lib/pkgconfig/pal_pro_gripper.pc'
[4.206s] Level 1:colcon.colcon_core.environment:checking '/opt/erc_ws/install/pal_pro_gripper/lib/python3.10/site-packages'
[4.207s] Level 1:colcon.colcon_core.environment:checking '/opt/erc_ws/install/pal_pro_gripper/bin'
[4.207s] INFO:colcon.colcon_core.shell:Creating package script '/opt/erc_ws/install/pal_pro_gripper/share/pal_pro_gripper/package.ps1'
[4.208s] INFO:colcon.colcon_core.shell:Creating package descriptor '/opt/erc_ws/install/pal_pro_gripper/share/pal_pro_gripper/package.dsv'
[4.209s] INFO:colcon.colcon_core.shell:Creating package script '/opt/erc_ws/install/pal_pro_gripper/share/pal_pro_gripper/package.sh'
[4.209s] INFO:colcon.colcon_core.shell:Creating package script '/opt/erc_ws/install/pal_pro_gripper/share/pal_pro_gripper/package.bash'
[4.210s] INFO:colcon.colcon_core.shell:Creating package script '/opt/erc_ws/install/pal_pro_gripper/share/pal_pro_gripper/package.zsh'
[4.210s] Level 1:colcon.colcon_core.environment:create_file_with_runtime_dependencies(/opt/erc_ws/install/pal_pro_gripper/share/colcon-core/packages/pal_pro_gripper)
[4.214s] Level 1:colcon.colcon_core.environment:create_environment_scripts_only(pal_pro_gripper_bringup)
[4.214s] Level 1:colcon.colcon_core.environment:checking '/opt/erc_ws/install/pal_pro_gripper_bringup' for CMake module files
[4.215s] DEBUG:colcon.colcon_core.event_handler.log_command:Invoked command in '/opt/erc_ws/build/pal_pro_gripper_bringup' returned '0': AMENT_PREFIX_PATH=/opt/erc_ws/install/pal_pro_gripper_wrapper:/opt/erc_ws/install/launch_pal:/opt/erc_ws/install/tiago_pro_robot:/opt/erc_ws/install/tiago_pro_head_robot:/opt/erc_ws/install/tiago_pro_bringup:/opt/erc_ws/install/tiago_pro_head_bringup:/opt/erc_ws/install/erc_bringup:/opt/erc_ws/install/tiago_pro_description:/opt/erc_ws/install/tiago_pro_head_description:/opt/erc_ws/install/tiago_pro_controller_configuration:/opt/erc_ws/install/tiago_pro_head_controller_configuration:/opt/erc_ws/install/sensors:/opt/erc_ws/install/pal_sea_arm:/opt/erc_ws/install/pal_sea_arm_bringup:/opt/erc_ws/install/pal_sea_arm_description:/opt/erc_ws/install/pal_pro_gripper_simulation:/opt/erc_ws/install/pal_pro_gripper_bringup:/opt/erc_ws/install/pal_pro_gripper:/opt/erc_ws/install/pal_pro_gripper_description:/opt/erc_ws/install/pal_gripper_simulation:/opt/erc_ws/install/pal_gripper:/opt/erc_ws/install/pal_gripper_description:/opt/erc_ws/install/omni_base_robot:/opt/erc_ws/install/omni_base_bringup:/opt/erc_ws/install/omni_base_description:/opt/erc_ws/install/pal_urdf_utils:/opt/erc_ws/install/pal_sea_arm_controller_configuration:/opt/erc_ws/install/pal_pro_gripper_controller_configuration:/opt/erc_ws/install/pal_gripper_controller_configuration:/opt/erc_ws/install/omni_base_controller_configuration:/opt/erc_ws/install/gz_ros2_control:/opt/erc_ws/install/erc_description:/opt/erc_ws/install/erc_solution:/opt/ros/humble CMAKE_PREFIX_PATH=/opt/erc_ws/install/pal_pro_gripper_description:/opt/erc_ws/install/pal_pro_gripper_controller_configuration:/opt/erc_ws/install/pal_urdf_utils:/opt/erc_ws/install/tiago_pro_robot:/opt/erc_ws/install/tiago_pro_head_robot:/opt/erc_ws/install/tiago_pro_bringup:/opt/erc_ws/install/tiago_pro_head_bringup:/opt/erc_ws/install/erc_bringup:/opt/erc_ws/install/tiago_pro_description:/opt/erc_ws/install/tiago_pro_head_description:/opt/erc_ws/install/tiago_pro_controller_configuration:/opt/erc_ws/install/tiago_pro_head_controller_configuration:/opt/erc_ws/install/pal_sea_arm:/opt/erc_ws/install/pal_sea_arm_bringup:/opt/erc_ws/install/pal_sea_arm_description:/opt/erc_ws/install/pal_pro_gripper_simulation:/opt/erc_ws/install/pal_pro_gripper_bringup:/opt/erc_ws/install/pal_pro_gripper:/opt/erc_ws/install/pal_gripper_simulation:/opt/erc_ws/install/pal_gripper:/opt/erc_ws/install/pal_gripper_description:/opt/erc_ws/install/omni_base_robot:/opt/erc_ws/install/omni_base_bringup:/opt/erc_ws/install/omni_base_description:/opt/erc_ws/install/pal_sea_arm_controller_configuration:/opt/erc_ws/install/pal_gripper_controller_configuration:/opt/erc_ws/install/omni_base_controller_configuration:/opt/erc_ws/install/gz_ros2_control:/opt/erc_ws/install/erc_description:/opt/erc_ws/install/sensors:/opt/erc_ws/install/pal_pro_gripper_wrapper:/opt/erc_ws/install/launch_pal:/opt/erc_ws/install/erc_solution:/opt/ros/humble PYTHONPATH=/opt/erc_ws/build/pal_pro_gripper_wrapper:/opt/erc_ws/install/pal_pro_gripper_wrapper/lib/python3.10/site-packages:/opt/erc_ws/build/launch_pal:/opt/erc_ws/install/launch_pal/lib/python3.10/site-packages:/opt/erc_ws/install/tiago_pro_description/local/lib/python3.10/dist-packages:/opt/erc_ws/install/tiago_pro_head_description/local/lib/python3.10/dist-packages:/opt/erc_ws/install/sensors/lib/python3.10/site-packages:/opt/erc_ws/install/pal_sea_arm_description/local/lib/python3.10/dist-packages:/opt/erc_ws/install/pal_pro_gripper_description/local/lib/python3.10/dist-packages:/opt/erc_ws/install/omni_base_description/local/lib/python3.10/dist-packages:/opt/erc_ws/build/erc_solution:/opt/erc_ws/install/erc_solution/lib/python3.10/site-packages:/opt/ros/humble/lib/python3.10/site-packages:/opt/ros/humble/local/lib/python3.10/dist-packages /usr/bin/cmake --install /opt/erc_ws/build/pal_pro_gripper_bringup
[4.216s] Level 1:colcon.colcon_core.environment:checking '/opt/erc_ws/install/pal_pro_gripper_bringup' for CMake config files
[4.216s] Level 1:colcon.colcon_core.shell:create_environment_hook('pal_pro_gripper_bringup', 'cmake_prefix_path')
[4.216s] INFO:colcon.colcon_core.shell:Creating environment hook '/opt/erc_ws/install/pal_pro_gripper_bringup/share/pal_pro_gripper_bringup/hook/cmake_prefix_path.ps1'
[4.217s] INFO:colcon.colcon_core.shell:Creating environment descriptor '/opt/erc_ws/install/pal_pro_gripper_bringup/share/pal_pro_gripper_bringup/hook/cmake_prefix_path.dsv'
[4.217s] INFO:colcon.colcon_core.shell:Creating environment hook '/opt/erc_ws/install/pal_pro_gripper_bringup/share/pal_pro_gripper_bringup/hook/cmake_prefix_path.sh'
[4.218s] Level 1:colcon.colcon_core.environment:checking '/opt/erc_ws/install/pal_pro_gripper_bringup/bin'
[4.218s] Level 1:colcon.colcon_core.environment:checking '/opt/erc_ws/install/pal_pro_gripper_bringup/lib/pkgconfig/pal_pro_gripper_bringup.pc'
[4.218s] Level 1:colcon.colcon_core.environment:checking '/opt/erc_ws/install/pal_pro_gripper_bringup/lib/python3.10/site-packages'
[4.219s] Level 1:colcon.colcon_core.environment:checking '/opt/erc_ws/install/pal_pro_gripper_bringup/bin'
[4.219s] INFO:colcon.colcon_core.shell:Creating package script '/opt/erc_ws/install/pal_pro_gripper_bringup/share/pal_pro_gripper_bringup/package.ps1'
[4.220s] INFO:colcon.colcon_core.shell:Creating package descriptor '/opt/erc_ws/install/pal_pro_gripper_bringup/share/pal_pro_gripper_bringup/package.dsv'
[4.220s] INFO:colcon.colcon_core.shell:Creating package script '/opt/erc_ws/install/pal_pro_gripper_bringup/share/pal_pro_gripper_bringup/package.sh'
[4.220s] INFO:colcon.colcon_core.shell:Creating package script '/opt/erc_ws/install/pal_pro_gripper_bringup/share/pal_pro_gripper_bringup/package.bash'
[4.221s] INFO:colcon.colcon_core.shell:Creating package script '/opt/erc_ws/install/pal_pro_gripper_bringup/share/pal_pro_gripper_bringup/package.zsh'
[4.221s] Level 1:colcon.colcon_core.environment:create_file_with_runtime_dependencies(/opt/erc_ws/install/pal_pro_gripper_bringup/share/colcon-core/packages/pal_pro_gripper_bringup)
[4.222s] Level 1:colcon.colcon_core.environment:create_environment_scripts_only(pal_pro_gripper_bringup)
[4.222s] Level 1:colcon.colcon_core.environment:checking '/opt/erc_ws/install/pal_pro_gripper_bringup' for CMake module files
[4.223s] Level 1:colcon.colcon_core.environment:checking '/opt/erc_ws/install/pal_pro_gripper_bringup' for CMake config files
[4.223s] Level 1:colcon.colcon_core.shell:create_environment_hook('pal_pro_gripper_bringup', 'cmake_prefix_path')
[4.223s] INFO:colcon.colcon_core.shell:Creating environment hook '/opt/erc_ws/install/pal_pro_gripper_bringup/share/pal_pro_gripper_bringup/hook/cmake_prefix_path.ps1'
[4.223s] INFO:colcon.colcon_core.shell:Creating environment descriptor '/opt/erc_ws/install/pal_pro_gripper_bringup/share/pal_pro_gripper_bringup/hook/cmake_prefix_path.dsv'
[4.224s] INFO:colcon.colcon_core.shell:Creating environment hook '/opt/erc_ws/install/pal_pro_gripper_bringup/share/pal_pro_gripper_bringup/hook/cmake_prefix_path.sh'
[4.225s] Level 1:colcon.colcon_core.environment:checking '/opt/erc_ws/install/pal_pro_gripper_bringup/bin'
[4.225s] Level 1:colcon.colcon_core.environment:checking '/opt/erc_ws/install/pal_pro_gripper_bringup/lib/pkgconfig/pal_pro_gripper_bringup.pc'
[4.225s] Level 1:colcon.colcon_core.environment:checking '/opt/erc_ws/install/pal_pro_gripper_bringup/lib/python3.10/site-packages'
[4.226s] Level 1:colcon.colcon_core.environment:checking '/opt/erc_ws/install/pal_pro_gripper_bringup/bin'
[4.226s] INFO:colcon.colcon_core.shell:Creating package script '/opt/erc_ws/install/pal_pro_gripper_bringup/share/pal_pro_gripper_bringup/package.ps1'
[4.228s] INFO:colcon.colcon_core.shell:Creating package descriptor '/opt/erc_ws/install/pal_pro_gripper_bringup/share/pal_pro_gripper_bringup/package.dsv'
[4.228s] INFO:colcon.colcon_core.shell:Creating package script '/opt/erc_ws/install/pal_pro_gripper_bringup/share/pal_pro_gripper_bringup/package.sh'
[4.229s] INFO:colcon.colcon_core.shell:Creating package script '/opt/erc_ws/install/pal_pro_gripper_bringup/share/pal_pro_gripper_bringup/package.bash'
[4.229s] INFO:colcon.colcon_core.shell:Creating package script '/opt/erc_ws/install/pal_pro_gripper_bringup/share/pal_pro_gripper_bringup/package.zsh'
[4.229s] Level 1:colcon.colcon_core.environment:create_file_with_runtime_dependencies(/opt/erc_ws/install/pal_pro_gripper_bringup/share/colcon-core/packages/pal_pro_gripper_bringup)
[4.236s] DEBUG:colcon.colcon_core.event_handler.log_command:Invoking command in '/opt/erc_ws/build/pal_sea_arm_description': AMENT_PREFIX_PATH=/opt/erc_ws/install/pal_pro_gripper_wrapper:/opt/erc_ws/install/launch_pal:/opt/erc_ws/install/tiago_pro_robot:/opt/erc_ws/install/tiago_pro_head_robot:/opt/erc_ws/install/tiago_pro_bringup:/opt/erc_ws/install/tiago_pro_head_bringup:/opt/erc_ws/install/erc_bringup:/opt/erc_ws/install/tiago_pro_description:/opt/erc_ws/install/tiago_pro_head_description:/opt/erc_ws/install/tiago_pro_controller_configuration:/opt/erc_ws/install/tiago_pro_head_controller_configuration:/opt/erc_ws/install/sensors:/opt/erc_ws/install/pal_sea_arm:/opt/erc_ws/install/pal_sea_arm_bringup:/opt/erc_ws/install/pal_sea_arm_description:/opt/erc_ws/install/pal_pro_gripper_simulation:/opt/erc_ws/install/pal_pro_gripper_bringup:/opt/erc_ws/install/pal_pro_gripper:/opt/erc_ws/install/pal_pro_gripper_description:/opt/erc_ws/install/pal_gripper_simulation:/opt/erc_ws/install/pal_gripper:/opt/erc_ws/install/pal_gripper_description:/opt/erc_ws/install/omni_base_robot:/opt/erc_ws/install/omni_base_bringup:/opt/erc_ws/install/omni_base_description:/opt/erc_ws/install/pal_urdf_utils:/opt/erc_ws/install/pal_sea_arm_controller_configuration:/opt/erc_ws/install/pal_pro_gripper_controller_configuration:/opt/erc_ws/install/pal_gripper_controller_configuration:/opt/erc_ws/install/omni_base_controller_configuration:/opt/erc_ws/install/gz_ros2_control:/opt/erc_ws/install/erc_description:/opt/erc_ws/install/erc_solution:/opt/ros/humble CMAKE_PREFIX_PATH=/opt/erc_ws/install/pal_sea_arm_controller_configuration:/opt/erc_ws/install/pal_pro_gripper_description:/opt/erc_ws/install/pal_pro_gripper_controller_configuration:/opt/erc_ws/install/pal_urdf_utils:/opt/erc_ws/install/tiago_pro_robot:/opt/erc_ws/install/tiago_pro_head_robot:/opt/erc_ws/install/tiago_pro_bringup:/opt/erc_ws/install/tiago_pro_head_bringup:/opt/erc_ws/install/erc_bringup:/opt/erc_ws/install/tiago_pro_description:/opt/erc_ws/install/tiago_pro_head_description:/opt/erc_ws/install/tiago_pro_controller_configuration:/opt/erc_ws/install/tiago_pro_head_controller_configuration:/opt/erc_ws/install/pal_sea_arm:/opt/erc_ws/install/pal_sea_arm_bringup:/opt/erc_ws/install/pal_sea_arm_description:/opt/erc_ws/install/pal_pro_gripper_simulation:/opt/erc_ws/install/pal_pro_gripper_bringup:/opt/erc_ws/install/pal_pro_gripper:/opt/erc_ws/install/pal_gripper_simulation:/opt/erc_ws/install/pal_gripper:/opt/erc_ws/install/pal_gripper_description:/opt/erc_ws/install/omni_base_robot:/opt/erc_ws/install/omni_base_bringup:/opt/erc_ws/install/omni_base_description:/opt/erc_ws/install/pal_gripper_controller_configuration:/opt/erc_ws/install/omni_base_controller_configuration:/opt/erc_ws/install/gz_ros2_control:/opt/erc_ws/install/erc_description:/opt/erc_ws/install/sensors:/opt/erc_ws/install/pal_pro_gripper_wrapper:/opt/erc_ws/install/launch_pal:/opt/erc_ws/install/erc_solution:/opt/ros/humble PYTHONPATH=/opt/erc_ws/build/pal_pro_gripper_wrapper:/opt/erc_ws/install/pal_pro_gripper_wrapper/lib/python3.10/site-packages:/opt/erc_ws/build/launch_pal:/opt/erc_ws/install/launch_pal/lib/python3.10/site-packages:/opt/erc_ws/install/tiago_pro_description/local/lib/python3.10/dist-packages:/opt/erc_ws/install/tiago_pro_head_description/local/lib/python3.10/dist-packages:/opt/erc_ws/install/sensors/lib/python3.10/site-packages:/opt/erc_ws/install/pal_sea_arm_description/local/lib/python3.10/dist-packages:/opt/erc_ws/install/pal_pro_gripper_description/local/lib/python3.10/dist-packages:/opt/erc_ws/install/omni_base_description/local/lib/python3.10/dist-packages:/opt/erc_ws/build/erc_solution:/opt/erc_ws/install/erc_solution/lib/python3.10/site-packages:/opt/ros/humble/lib/python3.10/site-packages:/opt/ros/humble/local/lib/python3.10/dist-packages /usr/bin/cmake /opt/erc_ws/src/pal_sea_arm/pal_sea_arm_description -DAMENT_CMAKE_SYMLINK_INSTALL=1 -DCMAKE_INSTALL_PREFIX=/opt/erc_ws/install/pal_sea_arm_description
[4.242s] DEBUG:colcon.colcon_core.event_handler.log_command:Invoking command in '/opt/erc_ws/build/tiago_pro_controller_configuration': AMENT_PREFIX_PATH=/opt/erc_ws/install/pal_pro_gripper_wrapper:/opt/erc_ws/install/launch_pal:/opt/erc_ws/install/tiago_pro_robot:/opt/erc_ws/install/tiago_pro_head_robot:/opt/erc_ws/install/tiago_pro_bringup:/opt/erc_ws/install/tiago_pro_head_bringup:/opt/erc_ws/install/erc_bringup:/opt/erc_ws/install/tiago_pro_description:/opt/erc_ws/install/tiago_pro_head_description:/opt/erc_ws/install/tiago_pro_controller_configuration:/opt/erc_ws/install/tiago_pro_head_controller_configuration:/opt/erc_ws/install/sensors:/opt/erc_ws/install/pal_sea_arm:/opt/erc_ws/install/pal_sea_arm_bringup:/opt/erc_ws/install/pal_sea_arm_description:/opt/erc_ws/install/pal_pro_gripper_simulation:/opt/erc_ws/install/pal_pro_gripper_bringup:/opt/erc_ws/install/pal_pro_gripper:/opt/erc_ws/install/pal_pro_gripper_description:/opt/erc_ws/install/pal_gripper_simulation:/opt/erc_ws/install/pal_gripper:/opt/erc_ws/install/pal_gripper_description:/opt/erc_ws/install/omni_base_robot:/opt/erc_ws/install/omni_base_bringup:/opt/erc_ws/install/omni_base_description:/opt/erc_ws/install/pal_urdf_utils:/opt/erc_ws/install/pal_sea_arm_controller_configuration:/opt/erc_ws/install/pal_pro_gripper_controller_configuration:/opt/erc_ws/install/pal_gripper_controller_configuration:/opt/erc_ws/install/omni_base_controller_configuration:/opt/erc_ws/install/gz_ros2_control:/opt/erc_ws/install/erc_description:/opt/erc_ws/install/erc_solution:/opt/ros/humble CMAKE_PREFIX_PATH=/opt/erc_ws/install/pal_sea_arm_controller_configuration:/opt/erc_ws/install/tiago_pro_head_controller_configuration:/opt/erc_ws/install/pal_pro_gripper_controller_configuration:/opt/erc_ws/install/omni_base_controller_configuration:/opt/erc_ws/install/tiago_pro_robot:/opt/erc_ws/install/tiago_pro_head_robot:/opt/erc_ws/install/tiago_pro_bringup:/opt/erc_ws/install/tiago_pro_head_bringup:/opt/erc_ws/install/erc_bringup:/opt/erc_ws/install/tiago_pro_description:/opt/erc_ws/install/tiago_pro_head_description:/opt/erc_ws/install/tiago_pro_controller_configuration:/opt/erc_ws/install/pal_sea_arm:/opt/erc_ws/install/pal_sea_arm_bringup:/opt/erc_ws/install/pal_sea_arm_description:/opt/erc_ws/install/pal_pro_gripper_simulation:/opt/erc_ws/install/pal_pro_gripper_bringup:/opt/erc_ws/install/pal_pro_gripper:/opt/erc_ws/install/pal_pro_gripper_description:/opt/erc_ws/install/pal_gripper_simulation:/opt/erc_ws/install/pal_gripper:/opt/erc_ws/install/pal_gripper_description:/opt/erc_ws/install/omni_base_robot:/opt/erc_ws/install/omni_base_bringup:/opt/erc_ws/install/omni_base_description:/opt/erc_ws/install/pal_urdf_utils:/opt/erc_ws/install/pal_gripper_controller_configuration:/opt/erc_ws/install/gz_ros2_control:/opt/erc_ws/install/erc_description:/opt/erc_ws/install/sensors:/opt/erc_ws/install/pal_pro_gripper_wrapper:/opt/erc_ws/install/launch_pal:/opt/erc_ws/install/erc_solution:/opt/ros/humble PYTHONPATH=/opt/erc_ws/build/pal_pro_gripper_wrapper:/opt/erc_ws/install/pal_pro_gripper_wrapper/lib/python3.10/site-packages:/opt/erc_ws/build/launch_pal:/opt/erc_ws/install/launch_pal/lib/python3.10/site-packages:/opt/erc_ws/install/tiago_pro_description/local/lib/python3.10/dist-packages:/opt/erc_ws/install/tiago_pro_head_description/local/lib/python3.10/dist-packages:/opt/erc_ws/install/sensors/lib/python3.10/site-packages:/opt/erc_ws/install/pal_sea_arm_description/local/lib/python3.10/dist-packages:/opt/erc_ws/install/pal_pro_gripper_description/local/lib/python3.10/dist-packages:/opt/erc_ws/install/omni_base_description/local/lib/python3.10/dist-packages:/opt/erc_ws/build/erc_solution:/opt/erc_ws/install/erc_solution/lib/python3.10/site-packages:/opt/ros/humble/lib/python3.10/site-packages:/opt/ros/humble/local/lib/python3.10/dist-packages /usr/bin/cmake /opt/erc_ws/src/tiago_pro_robot/tiago_pro_controller_configuration -DAMENT_CMAKE_SYMLINK_INSTALL=1 -DCMAKE_INSTALL_PREFIX=/opt/erc_ws/install/tiago_pro_controller_configuration
[4.250s] Level 1:colcon.colcon_core.environment:create_environment_scripts_only(pal_pro_gripper_simulation)
[4.251s] Level 1:colcon.colcon_core.environment:checking '/opt/erc_ws/install/pal_pro_gripper_simulation' for CMake module files
[4.251s] DEBUG:colcon.colcon_core.event_handler.log_command:Invoking command in '/opt/erc_ws/build/omni_base_bringup': AMENT_PREFIX_PATH=/opt/erc_ws/install/launch_pal:/opt/erc_ws/install/tiago_pro_robot:/opt/erc_ws/install/tiago_pro_head_robot:/opt/erc_ws/install/tiago_pro_bringup:/opt/erc_ws/install/tiago_pro_head_bringup:/opt/erc_ws/install/erc_bringup:/opt/erc_ws/install/tiago_pro_description:/opt/erc_ws/install/tiago_pro_head_description:/opt/erc_ws/install/tiago_pro_controller_configuration:/opt/erc_ws/install/tiago_pro_head_controller_configuration:/opt/erc_ws/install/sensors:/opt/erc_ws/install/pal_sea_arm:/opt/erc_ws/install/pal_sea_arm_bringup:/opt/erc_ws/install/pal_sea_arm_description:/opt/erc_ws/install/pal_pro_gripper_simulation:/opt/erc_ws/install/pal_pro_gripper_bringup:/opt/erc_ws/install/pal_pro_gripper:/opt/erc_ws/install/pal_pro_gripper_description:/opt/erc_ws/install/pal_gripper_simulation:/opt/erc_ws/install/pal_gripper:/opt/erc_ws/install/pal_gripper_description:/opt/erc_ws/install/omni_base_robot:/opt/erc_ws/install/omni_base_bringup:/opt/erc_ws/install/omni_base_description:/opt/erc_ws/install/pal_urdf_utils:/opt/erc_ws/install/pal_sea_arm_controller_configuration:/opt/erc_ws/install/pal_pro_gripper_controller_configuration:/opt/erc_ws/install/pal_pro_gripper_wrapper:/opt/erc_ws/install/pal_gripper_controller_configuration:/opt/erc_ws/install/omni_base_controller_configuration:/opt/erc_ws/install/gz_ros2_control:/opt/erc_ws/install/erc_description:/opt/erc_ws/install/erc_solution:/opt/ros/humble CMAKE_PREFIX_PATH=/opt/erc_ws/install/omni_base_description:/opt/erc_ws/install/pal_urdf_utils:/opt/erc_ws/install/omni_base_controller_configuration:/opt/erc_ws/install/tiago_pro_robot:/opt/erc_ws/install/tiago_pro_head_robot:/opt/erc_ws/install/tiago_pro_bringup:/opt/erc_ws/install/tiago_pro_head_bringup:/opt/erc_ws/install/erc_bringup:/opt/erc_ws/install/tiago_pro_description:/opt/erc_ws/install/tiago_pro_head_description:/opt/erc_ws/install/tiago_pro_controller_configuration:/opt/erc_ws/install/tiago_pro_head_controller_configuration:/opt/erc_ws/install/pal_sea_arm:/opt/erc_ws/install/pal_sea_arm_bringup:/opt/erc_ws/install/pal_sea_arm_description:/opt/erc_ws/install/pal_pro_gripper_simulation:/opt/erc_ws/install/pal_pro_gripper_bringup:/opt/erc_ws/install/pal_pro_gripper:/opt/erc_ws/install/pal_pro_gripper_description:/opt/erc_ws/install/pal_gripper_simulation:/opt/erc_ws/install/pal_gripper:/opt/erc_ws/install/pal_gripper_description:/opt/erc_ws/install/omni_base_robot:/opt/erc_ws/install/omni_base_bringup:/opt/erc_ws/install/pal_sea_arm_controller_configuration:/opt/erc_ws/install/pal_pro_gripper_controller_configuration:/opt/erc_ws/install/pal_gripper_controller_configuration:/opt/erc_ws/install/gz_ros2_control:/opt/erc_ws/install/erc_description:/opt/erc_ws/install/sensors:/opt/erc_ws/install/pal_pro_gripper_wrapper:/opt/erc_ws/install/launch_pal:/opt/erc_ws/install/erc_solution:/opt/ros/humble PYTHONPATH=/opt/erc_ws/build/launch_pal:/opt/erc_ws/install/launch_pal/lib/python3.10/site-packages:/opt/erc_ws/install/tiago_pro_description/local/lib/python3.10/dist-packages:/opt/erc_ws/install/tiago_pro_head_description/local/lib/python3.10/dist-packages:/opt/erc_ws/install/sensors/lib/python3.10/site-packages:/opt/erc_ws/install/pal_sea_arm_description/local/lib/python3.10/dist-packages:/opt/erc_ws/install/pal_pro_gripper_description/local/lib/python3.10/dist-packages:/opt/erc_ws/install/omni_base_description/local/lib/python3.10/dist-packages:/opt/erc_ws/install/pal_pro_gripper_wrapper/lib/python3.10/site-packages:/opt/erc_ws/build/erc_solution:/opt/erc_ws/install/erc_solution/lib/python3.10/site-packages:/opt/ros/humble/lib/python3.10/site-packages:/opt/ros/humble/local/lib/python3.10/dist-packages /usr/bin/cmake /opt/erc_ws/src/omni_base_robot/omni_base_bringup -DAMENT_CMAKE_SYMLINK_INSTALL=1 -DCMAKE_INSTALL_PREFIX=/opt/erc_ws/install/omni_base_bringup
[4.252s] DEBUG:colcon.colcon_core.event_handler.log_command:Invoked command in '/opt/erc_ws/build/pal_pro_gripper_simulation' returned '0': AMENT_PREFIX_PATH=/opt/erc_ws/install/pal_pro_gripper_wrapper:/opt/erc_ws/install/launch_pal:/opt/erc_ws/install/tiago_pro_robot:/opt/erc_ws/install/tiago_pro_head_robot:/opt/erc_ws/install/tiago_pro_bringup:/opt/erc_ws/install/tiago_pro_head_bringup:/opt/erc_ws/install/erc_bringup:/opt/erc_ws/install/tiago_pro_description:/opt/erc_ws/install/tiago_pro_head_description:/opt/erc_ws/install/tiago_pro_controller_configuration:/opt/erc_ws/install/tiago_pro_head_controller_configuration:/opt/erc_ws/install/sensors:/opt/erc_ws/install/pal_sea_arm:/opt/erc_ws/install/pal_sea_arm_bringup:/opt/erc_ws/install/pal_sea_arm_description:/opt/erc_ws/install/pal_pro_gripper_simulation:/opt/erc_ws/install/pal_pro_gripper_bringup:/opt/erc_ws/install/pal_pro_gripper:/opt/erc_ws/install/pal_pro_gripper_description:/opt/erc_ws/install/pal_gripper_simulation:/opt/erc_ws/install/pal_gripper:/opt/erc_ws/install/pal_gripper_description:/opt/erc_ws/install/omni_base_robot:/opt/erc_ws/install/omni_base_bringup:/opt/erc_ws/install/omni_base_description:/opt/erc_ws/install/pal_urdf_utils:/opt/erc_ws/install/pal_sea_arm_controller_configuration:/opt/erc_ws/install/pal_pro_gripper_controller_configuration:/opt/erc_ws/install/pal_gripper_controller_configuration:/opt/erc_ws/install/omni_base_controller_configuration:/opt/erc_ws/install/gz_ros2_control:/opt/erc_ws/install/erc_description:/opt/erc_ws/install/erc_solution:/opt/ros/humble CMAKE_PREFIX_PATH=/opt/erc_ws/install/pal_pro_gripper_description:/opt/erc_ws/install/pal_pro_gripper_controller_configuration:/opt/erc_ws/install/pal_urdf_utils:/opt/erc_ws/install/tiago_pro_robot:/opt/erc_ws/install/tiago_pro_head_robot:/opt/erc_ws/install/tiago_pro_bringup:/opt/erc_ws/install/tiago_pro_head_bringup:/opt/erc_ws/install/erc_bringup:/opt/erc_ws/install/tiago_pro_description:/opt/erc_ws/install/tiago_pro_head_description:/opt/erc_ws/install/tiago_pro_controller_configuration:/opt/erc_ws/install/tiago_pro_head_controller_configuration:/opt/erc_ws/install/pal_sea_arm:/opt/erc_ws/install/pal_sea_arm_bringup:/opt/erc_ws/install/pal_sea_arm_description:/opt/erc_ws/install/pal_pro_gripper_simulation:/opt/erc_ws/install/pal_pro_gripper_bringup:/opt/erc_ws/install/pal_pro_gripper:/opt/erc_ws/install/pal_gripper_simulation:/opt/erc_ws/install/pal_gripper:/opt/erc_ws/install/pal_gripper_description:/opt/erc_ws/install/omni_base_robot:/opt/erc_ws/install/omni_base_bringup:/opt/erc_ws/install/omni_base_description:/opt/erc_ws/install/pal_sea_arm_controller_configuration:/opt/erc_ws/install/pal_gripper_controller_configuration:/opt/erc_ws/install/omni_base_controller_configuration:/opt/erc_ws/install/gz_ros2_control:/opt/erc_ws/install/erc_description:/opt/erc_ws/install/sensors:/opt/erc_ws/install/pal_pro_gripper_wrapper:/opt/erc_ws/install/launch_pal:/opt/erc_ws/install/erc_solution:/opt/ros/humble PYTHONPATH=/opt/erc_ws/build/pal_pro_gripper_wrapper:/opt/erc_ws/install/pal_pro_gripper_wrapper/lib/python3.10/site-packages:/opt/erc_ws/build/launch_pal:/opt/erc_ws/install/launch_pal/lib/python3.10/site-packages:/opt/erc_ws/install/tiago_pro_description/local/lib/python3.10/dist-packages:/opt/erc_ws/install/tiago_pro_head_description/local/lib/python3.10/dist-packages:/opt/erc_ws/install/sensors/lib/python3.10/site-packages:/opt/erc_ws/install/pal_sea_arm_description/local/lib/python3.10/dist-packages:/opt/erc_ws/install/pal_pro_gripper_description/local/lib/python3.10/dist-packages:/opt/erc_ws/install/omni_base_description/local/lib/python3.10/dist-packages:/opt/erc_ws/build/erc_solution:/opt/erc_ws/install/erc_solution/lib/python3.10/site-packages:/opt/ros/humble/lib/python3.10/site-packages:/opt/ros/humble/local/lib/python3.10/dist-packages /usr/bin/cmake --install /opt/erc_ws/build/pal_pro_gripper_simulation
[4.252s] Level 1:colcon.colcon_core.environment:checking '/opt/erc_ws/install/pal_pro_gripper_simulation' for CMake config files
[4.253s] Level 1:colcon.colcon_core.shell:create_environment_hook('pal_pro_gripper_simulation', 'cmake_prefix_path')
[4.253s] INFO:colcon.colcon_core.shell:Creating environment hook '/opt/erc_ws/install/pal_pro_gripper_simulation/share/pal_pro_gripper_simulation/hook/cmake_prefix_path.ps1'
[4.254s] INFO:colcon.colcon_core.shell:Creating environment descriptor '/opt/erc_ws/install/pal_pro_gripper_simulation/share/pal_pro_gripper_simulation/hook/cmake_prefix_path.dsv'
[4.254s] INFO:colcon.colcon_core.shell:Creating environment hook '/opt/erc_ws/install/pal_pro_gripper_simulation/share/pal_pro_gripper_simulation/hook/cmake_prefix_path.sh'
[4.255s] Level 1:colcon.colcon_core.environment:checking '/opt/erc_ws/install/pal_pro_gripper_simulation/bin'
[4.255s] Level 1:colcon.colcon_core.environment:checking '/opt/erc_ws/install/pal_pro_gripper_simulation/lib/pkgconfig/pal_pro_gripper_simulation.pc'
[4.255s] Level 1:colcon.colcon_core.environment:checking '/opt/erc_ws/install/pal_pro_gripper_simulation/lib/python3.10/site-packages'
[4.255s] Level 1:colcon.colcon_core.environment:checking '/opt/erc_ws/install/pal_pro_gripper_simulation/bin'
[4.256s] INFO:colcon.colcon_core.shell:Creating package script '/opt/erc_ws/install/pal_pro_gripper_simulation/share/pal_pro_gripper_simulation/package.ps1'
[4.256s] INFO:colcon.colcon_core.shell:Creating package descriptor '/opt/erc_ws/install/pal_pro_gripper_simulation/share/pal_pro_gripper_simulation/package.dsv'
[4.256s] INFO:colcon.colcon_core.shell:Creating package script '/opt/erc_ws/install/pal_pro_gripper_simulation/share/pal_pro_gripper_simulation/package.sh'
[4.257s] INFO:colcon.colcon_core.shell:Creating package script '/opt/erc_ws/install/pal_pro_gripper_simulation/share/pal_pro_gripper_simulation/package.bash'
[4.257s] INFO:colcon.colcon_core.shell:Creating package script '/opt/erc_ws/install/pal_pro_gripper_simulation/share/pal_pro_gripper_simulation/package.zsh'
[4.257s] Level 1:colcon.colcon_core.environment:create_file_with_runtime_dependencies(/opt/erc_ws/install/pal_pro_gripper_simulation/share/colcon-core/packages/pal_pro_gripper_simulation)
[4.258s] Level 1:colcon.colcon_core.environment:create_environment_scripts_only(pal_pro_gripper_simulation)
[4.258s] Level 1:colcon.colcon_core.environment:checking '/opt/erc_ws/install/pal_pro_gripper_simulation' for CMake module files
[4.259s] Level 1:colcon.colcon_core.environment:checking '/opt/erc_ws/install/pal_pro_gripper_simulation' for CMake config files
[4.259s] Level 1:colcon.colcon_core.shell:create_environment_hook('pal_pro_gripper_simulation', 'cmake_prefix_path')
[4.259s] INFO:colcon.colcon_core.shell:Creating environment hook '/opt/erc_ws/install/pal_pro_gripper_simulation/share/pal_pro_gripper_simulation/hook/cmake_prefix_path.ps1'
[4.260s] INFO:colcon.colcon_core.shell:Creating environment descriptor '/opt/erc_ws/install/pal_pro_gripper_simulation/share/pal_pro_gripper_simulation/hook/cmake_prefix_path.dsv'
[4.260s] INFO:colcon.colcon_core.shell:Creating environment hook '/opt/erc_ws/install/pal_pro_gripper_simulation/share/pal_pro_gripper_simulation/hook/cmake_prefix_path.sh'
[4.261s] Level 1:colcon.colcon_core.environment:checking '/opt/erc_ws/install/pal_pro_gripper_simulation/bin'
[4.261s] Level 1:colcon.colcon_core.environment:checking '/opt/erc_ws/install/pal_pro_gripper_simulation/lib/pkgconfig/pal_pro_gripper_simulation.pc'
[4.261s] Level 1:colcon.colcon_core.environment:checking '/opt/erc_ws/install/pal_pro_gripper_simulation/lib/python3.10/site-packages'
[4.261s] Level 1:colcon.colcon_core.environment:checking '/opt/erc_ws/install/pal_pro_gripper_simulation/bin'
[4.261s] INFO:colcon.colcon_core.shell:Creating package script '/opt/erc_ws/install/pal_pro_gripper_simulation/share/pal_pro_gripper_simulation/package.ps1'
[4.262s] INFO:colcon.colcon_core.shell:Creating package descriptor '/opt/erc_ws/install/pal_pro_gripper_simulation/share/pal_pro_gripper_simulation/package.dsv'
[4.262s] INFO:colcon.colcon_core.shell:Creating package script '/opt/erc_ws/install/pal_pro_gripper_simulation/share/pal_pro_gripper_simulation/package.sh'
[4.263s] INFO:colcon.colcon_core.shell:Creating package script '/opt/erc_ws/install/pal_pro_gripper_simulation/share/pal_pro_gripper_simulation/package.bash'
[4.263s] INFO:colcon.colcon_core.shell:Creating package script '/opt/erc_ws/install/pal_pro_gripper_simulation/share/pal_pro_gripper_simulation/package.zsh'
[4.263s] Level 1:colcon.colcon_core.environment:create_file_with_runtime_dependencies(/opt/erc_ws/install/pal_pro_gripper_simulation/share/colcon-core/packages/pal_pro_gripper_simulation)
[4.443s] DEBUG:colcon.colcon_core.event_handler.log_command:Invoked command in '/opt/erc_ws/build/tiago_pro_head_description' returned '0': AMENT_PREFIX_PATH=/opt/erc_ws/install/launch_pal:/opt/erc_ws/install/tiago_pro_robot:/opt/erc_ws/install/tiago_pro_head_robot:/opt/erc_ws/install/tiago_pro_bringup:/opt/erc_ws/install/tiago_pro_head_bringup:/opt/erc_ws/install/erc_bringup:/opt/erc_ws/install/tiago_pro_description:/opt/erc_ws/install/tiago_pro_head_description:/opt/erc_ws/install/tiago_pro_controller_configuration:/opt/erc_ws/install/tiago_pro_head_controller_configuration:/opt/erc_ws/install/sensors:/opt/erc_ws/install/pal_sea_arm:/opt/erc_ws/install/pal_sea_arm_bringup:/opt/erc_ws/install/pal_sea_arm_description:/opt/erc_ws/install/pal_pro_gripper_simulation:/opt/erc_ws/install/pal_pro_gripper_bringup:/opt/erc_ws/install/pal_pro_gripper:/opt/erc_ws/install/pal_pro_gripper_description:/opt/erc_ws/install/pal_gripper_simulation:/opt/erc_ws/install/pal_gripper:/opt/erc_ws/install/pal_gripper_description:/opt/erc_ws/install/omni_base_robot:/opt/erc_ws/install/omni_base_bringup:/opt/erc_ws/install/omni_base_description:/opt/erc_ws/install/pal_urdf_utils:/opt/erc_ws/install/pal_sea_arm_controller_configuration:/opt/erc_ws/install/pal_pro_gripper_controller_configuration:/opt/erc_ws/install/pal_pro_gripper_wrapper:/opt/erc_ws/install/pal_gripper_controller_configuration:/opt/erc_ws/install/omni_base_controller_configuration:/opt/erc_ws/install/gz_ros2_control:/opt/erc_ws/install/erc_description:/opt/erc_ws/install/erc_solution:/opt/ros/humble CMAKE_PREFIX_PATH=/opt/erc_ws/install/tiago_pro_head_controller_configuration:/opt/erc_ws/install/pal_urdf_utils:/opt/erc_ws/install/tiago_pro_robot:/opt/erc_ws/install/tiago_pro_head_robot:/opt/erc_ws/install/tiago_pro_bringup:/opt/erc_ws/install/tiago_pro_head_bringup:/opt/erc_ws/install/erc_bringup:/opt/erc_ws/install/tiago_pro_description:/opt/erc_ws/install/tiago_pro_head_description:/opt/erc_ws/install/tiago_pro_controller_configuration:/opt/erc_ws/install/pal_sea_arm:/opt/erc_ws/install/pal_sea_arm_bringup:/opt/erc_ws/install/pal_sea_arm_description:/opt/erc_ws/install/pal_pro_gripper_simulation:/opt/erc_ws/install/pal_pro_gripper_bringup:/opt/erc_ws/install/pal_pro_gripper:/opt/erc_ws/install/pal_pro_gripper_description:/opt/erc_ws/install/pal_gripper_simulation:/opt/erc_ws/install/pal_gripper:/opt/erc_ws/install/pal_gripper_description:/opt/erc_ws/install/omni_base_robot:/opt/erc_ws/install/omni_base_bringup:/opt/erc_ws/install/omni_base_description:/opt/erc_ws/install/pal_sea_arm_controller_configuration:/opt/erc_ws/install/pal_pro_gripper_controller_configuration:/opt/erc_ws/install/pal_gripper_controller_configuration:/opt/erc_ws/install/omni_base_controller_configuration:/opt/erc_ws/install/gz_ros2_control:/opt/erc_ws/install/erc_description:/opt/erc_ws/install/sensors:/opt/erc_ws/install/pal_pro_gripper_wrapper:/opt/erc_ws/install/launch_pal:/opt/erc_ws/install/erc_solution:/opt/ros/humble PYTHONPATH=/opt/erc_ws/build/launch_pal:/opt/erc_ws/install/launch_pal/lib/python3.10/site-packages:/opt/erc_ws/install/tiago_pro_description/local/lib/python3.10/dist-packages:/opt/erc_ws/install/tiago_pro_head_description/local/lib/python3.10/dist-packages:/opt/erc_ws/install/sensors/lib/python3.10/site-packages:/opt/erc_ws/install/pal_sea_arm_description/local/lib/python3.10/dist-packages:/opt/erc_ws/install/pal_pro_gripper_description/local/lib/python3.10/dist-packages:/opt/erc_ws/install/omni_base_description/local/lib/python3.10/dist-packages:/opt/erc_ws/install/pal_pro_gripper_wrapper/lib/python3.10/site-packages:/opt/erc_ws/build/erc_solution:/opt/erc_ws/install/erc_solution/lib/python3.10/site-packages:/opt/ros/humble/lib/python3.10/site-packages:/opt/ros/humble/local/lib/python3.10/dist-packages /usr/bin/cmake --build /opt/erc_ws/build/tiago_pro_head_description -- -j16 -l16
[4.445s] DEBUG:colcon.colcon_core.event_handler.log_command:Invoking command in '/opt/erc_ws/build/tiago_pro_head_description': AMENT_PREFIX_PATH=/opt/erc_ws/install/launch_pal:/opt/erc_ws/install/tiago_pro_robot:/opt/erc_ws/install/tiago_pro_head_robot:/opt/erc_ws/install/tiago_pro_bringup:/opt/erc_ws/install/tiago_pro_head_bringup:/opt/erc_ws/install/erc_bringup:/opt/erc_ws/install/tiago_pro_description:/opt/erc_ws/install/tiago_pro_head_description:/opt/erc_ws/install/tiago_pro_controller_configuration:/opt/erc_ws/install/tiago_pro_head_controller_configuration:/opt/erc_ws/install/sensors:/opt/erc_ws/install/pal_sea_arm:/opt/erc_ws/install/pal_sea_arm_bringup:/opt/erc_ws/install/pal_sea_arm_description:/opt/erc_ws/install/pal_pro_gripper_simulation:/opt/erc_ws/install/pal_pro_gripper_bringup:/opt/erc_ws/install/pal_pro_gripper:/opt/erc_ws/install/pal_pro_gripper_description:/opt/erc_ws/install/pal_gripper_simulation:/opt/erc_ws/install/pal_gripper:/opt/erc_ws/install/pal_gripper_description:/opt/erc_ws/install/omni_base_robot:/opt/erc_ws/install/omni_base_bringup:/opt/erc_ws/install/omni_base_description:/opt/erc_ws/install/pal_urdf_utils:/opt/erc_ws/install/pal_sea_arm_controller_configuration:/opt/erc_ws/install/pal_pro_gripper_controller_configuration:/opt/erc_ws/install/pal_pro_gripper_wrapper:/opt/erc_ws/install/pal_gripper_controller_configuration:/opt/erc_ws/install/omni_base_controller_configuration:/opt/erc_ws/install/gz_ros2_control:/opt/erc_ws/install/erc_description:/opt/erc_ws/install/erc_solution:/opt/ros/humble CMAKE_PREFIX_PATH=/opt/erc_ws/install/tiago_pro_head_controller_configuration:/opt/erc_ws/install/pal_urdf_utils:/opt/erc_ws/install/tiago_pro_robot:/opt/erc_ws/install/tiago_pro_head_robot:/opt/erc_ws/install/tiago_pro_bringup:/opt/erc_ws/install/tiago_pro_head_bringup:/opt/erc_ws/install/erc_bringup:/opt/erc_ws/install/tiago_pro_description:/opt/erc_ws/install/tiago_pro_head_description:/opt/erc_ws/install/tiago_pro_controller_configuration:/opt/erc_ws/install/pal_sea_arm:/opt/erc_ws/install/pal_sea_arm_bringup:/opt/erc_ws/install/pal_sea_arm_description:/opt/erc_ws/install/pal_pro_gripper_simulation:/opt/erc_ws/install/pal_pro_gripper_bringup:/opt/erc_ws/install/pal_pro_gripper:/opt/erc_ws/install/pal_pro_gripper_description:/opt/erc_ws/install/pal_gripper_simulation:/opt/erc_ws/install/pal_gripper:/opt/erc_ws/install/pal_gripper_description:/opt/erc_ws/install/omni_base_robot:/opt/erc_ws/install/omni_base_bringup:/opt/erc_ws/install/omni_base_description:/opt/erc_ws/install/pal_sea_arm_controller_configuration:/opt/erc_ws/install/pal_pro_gripper_controller_configuration:/opt/erc_ws/install/pal_gripper_controller_configuration:/opt/erc_ws/install/omni_base_controller_configuration:/opt/erc_ws/install/gz_ros2_control:/opt/erc_ws/install/erc_description:/opt/erc_ws/install/sensors:/opt/erc_ws/install/pal_pro_gripper_wrapper:/opt/erc_ws/install/launch_pal:/opt/erc_ws/install/erc_solution:/opt/ros/humble PYTHONPATH=/opt/erc_ws/build/launch_pal:/opt/erc_ws/install/launch_pal/lib/python3.10/site-packages:/opt/erc_ws/install/tiago_pro_description/local/lib/python3.10/dist-packages:/opt/erc_ws/install/tiago_pro_head_description/local/lib/python3.10/dist-packages:/opt/erc_ws/install/sensors/lib/python3.10/site-packages:/opt/erc_ws/install/pal_sea_arm_description/local/lib/python3.10/dist-packages:/opt/erc_ws/install/pal_pro_gripper_description/local/lib/python3.10/dist-packages:/opt/erc_ws/install/omni_base_description/local/lib/python3.10/dist-packages:/opt/erc_ws/install/pal_pro_gripper_wrapper/lib/python3.10/site-packages:/opt/erc_ws/build/erc_solution:/opt/erc_ws/install/erc_solution/lib/python3.10/site-packages:/opt/ros/humble/lib/python3.10/site-packages:/opt/ros/humble/local/lib/python3.10/dist-packages /usr/bin/cmake --install /opt/erc_ws/build/tiago_pro_head_description
[4.876s] Level 1:colcon.colcon_core.environment:create_environment_scripts_only(tiago_pro_head_description)
[4.877s] Level 1:colcon.colcon_core.environment:checking '/opt/erc_ws/install/tiago_pro_head_description' for CMake module files
[4.877s] DEBUG:colcon.colcon_core.event_handler.log_command:Invoked command in '/opt/erc_ws/build/tiago_pro_head_description' returned '0': AMENT_PREFIX_PATH=/opt/erc_ws/install/launch_pal:/opt/erc_ws/install/tiago_pro_robot:/opt/erc_ws/install/tiago_pro_head_robot:/opt/erc_ws/install/tiago_pro_bringup:/opt/erc_ws/install/tiago_pro_head_bringup:/opt/erc_ws/install/erc_bringup:/opt/erc_ws/install/tiago_pro_description:/opt/erc_ws/install/tiago_pro_head_description:/opt/erc_ws/install/tiago_pro_controller_configuration:/opt/erc_ws/install/tiago_pro_head_controller_configuration:/opt/erc_ws/install/sensors:/opt/erc_ws/install/pal_sea_arm:/opt/erc_ws/install/pal_sea_arm_bringup:/opt/erc_ws/install/pal_sea_arm_description:/opt/erc_ws/install/pal_pro_gripper_simulation:/opt/erc_ws/install/pal_pro_gripper_bringup:/opt/erc_ws/install/pal_pro_gripper:/opt/erc_ws/install/pal_pro_gripper_description:/opt/erc_ws/install/pal_gripper_simulation:/opt/erc_ws/install/pal_gripper:/opt/erc_ws/install/pal_gripper_description:/opt/erc_ws/install/omni_base_robot:/opt/erc_ws/install/omni_base_bringup:/opt/erc_ws/install/omni_base_description:/opt/erc_ws/install/pal_urdf_utils:/opt/erc_ws/install/pal_sea_arm_controller_configuration:/opt/erc_ws/install/pal_pro_gripper_controller_configuration:/opt/erc_ws/install/pal_pro_gripper_wrapper:/opt/erc_ws/install/pal_gripper_controller_configuration:/opt/erc_ws/install/omni_base_controller_configuration:/opt/erc_ws/install/gz_ros2_control:/opt/erc_ws/install/erc_description:/opt/erc_ws/install/erc_solution:/opt/ros/humble CMAKE_PREFIX_PATH=/opt/erc_ws/install/tiago_pro_head_controller_configuration:/opt/erc_ws/install/pal_urdf_utils:/opt/erc_ws/install/tiago_pro_robot:/opt/erc_ws/install/tiago_pro_head_robot:/opt/erc_ws/install/tiago_pro_bringup:/opt/erc_ws/install/tiago_pro_head_bringup:/opt/erc_ws/install/erc_bringup:/opt/erc_ws/install/tiago_pro_description:/opt/erc_ws/install/tiago_pro_head_description:/opt/erc_ws/install/tiago_pro_controller_configuration:/opt/erc_ws/install/pal_sea_arm:/opt/erc_ws/install/pal_sea_arm_bringup:/opt/erc_ws/install/pal_sea_arm_description:/opt/erc_ws/install/pal_pro_gripper_simulation:/opt/erc_ws/install/pal_pro_gripper_bringup:/opt/erc_ws/install/pal_pro_gripper:/opt/erc_ws/install/pal_pro_gripper_description:/opt/erc_ws/install/pal_gripper_simulation:/opt/erc_ws/install/pal_gripper:/opt/erc_ws/install/pal_gripper_description:/opt/erc_ws/install/omni_base_robot:/opt/erc_ws/install/omni_base_bringup:/opt/erc_ws/install/omni_base_description:/opt/erc_ws/install/pal_sea_arm_controller_configuration:/opt/erc_ws/install/pal_pro_gripper_controller_configuration:/opt/erc_ws/install/pal_gripper_controller_configuration:/opt/erc_ws/install/omni_base_controller_configuration:/opt/erc_ws/install/gz_ros2_control:/opt/erc_ws/install/erc_description:/opt/erc_ws/install/sensors:/opt/erc_ws/install/pal_pro_gripper_wrapper:/opt/erc_ws/install/launch_pal:/opt/erc_ws/install/erc_solution:/opt/ros/humble PYTHONPATH=/opt/erc_ws/build/launch_pal:/opt/erc_ws/install/launch_pal/lib/python3.10/site-packages:/opt/erc_ws/install/tiago_pro_description/local/lib/python3.10/dist-packages:/opt/erc_ws/install/tiago_pro_head_description/local/lib/python3.10/dist-packages:/opt/erc_ws/install/sensors/lib/python3.10/site-packages:/opt/erc_ws/install/pal_sea_arm_description/local/lib/python3.10/dist-packages:/opt/erc_ws/install/pal_pro_gripper_description/local/lib/python3.10/dist-packages:/opt/erc_ws/install/omni_base_description/local/lib/python3.10/dist-packages:/opt/erc_ws/install/pal_pro_gripper_wrapper/lib/python3.10/site-packages:/opt/erc_ws/build/erc_solution:/opt/erc_ws/install/erc_solution/lib/python3.10/site-packages:/opt/ros/humble/lib/python3.10/site-packages:/opt/ros/humble/local/lib/python3.10/dist-packages /usr/bin/cmake --install /opt/erc_ws/build/tiago_pro_head_description
[4.878s] Level 1:colcon.colcon_core.environment:checking '/opt/erc_ws/install/tiago_pro_head_description' for CMake config files
[4.879s] Level 1:colcon.colcon_core.shell:create_environment_hook('tiago_pro_head_description', 'cmake_prefix_path')
[4.879s] INFO:colcon.colcon_core.shell:Creating environment hook '/opt/erc_ws/install/tiago_pro_head_description/share/tiago_pro_head_description/hook/cmake_prefix_path.ps1'
[4.880s] INFO:colcon.colcon_core.shell:Creating environment descriptor '/opt/erc_ws/install/tiago_pro_head_description/share/tiago_pro_head_description/hook/cmake_prefix_path.dsv'
[4.880s] INFO:colcon.colcon_core.shell:Creating environment hook '/opt/erc_ws/install/tiago_pro_head_description/share/tiago_pro_head_description/hook/cmake_prefix_path.sh'
[4.881s] Level 1:colcon.colcon_core.environment:checking '/opt/erc_ws/install/tiago_pro_head_description/bin'
[4.881s] Level 1:colcon.colcon_core.environment:checking '/opt/erc_ws/install/tiago_pro_head_description/lib/pkgconfig/tiago_pro_head_description.pc'
[4.881s] Level 1:colcon.colcon_core.environment:checking '/opt/erc_ws/install/tiago_pro_head_description/lib/python3.10/site-packages'
[4.881s] Level 1:colcon.colcon_core.environment:checking '/opt/erc_ws/install/tiago_pro_head_description/bin'
[4.882s] INFO:colcon.colcon_core.shell:Creating package script '/opt/erc_ws/install/tiago_pro_head_description/share/tiago_pro_head_description/package.ps1'
[4.882s] INFO:colcon.colcon_core.shell:Creating package descriptor '/opt/erc_ws/install/tiago_pro_head_description/share/tiago_pro_head_description/package.dsv'
[4.882s] INFO:colcon.colcon_core.shell:Creating package script '/opt/erc_ws/install/tiago_pro_head_description/share/tiago_pro_head_description/package.sh'
[4.883s] INFO:colcon.colcon_core.shell:Creating package script '/opt/erc_ws/install/tiago_pro_head_description/share/tiago_pro_head_description/package.bash'
[4.883s] INFO:colcon.colcon_core.shell:Creating package script '/opt/erc_ws/install/tiago_pro_head_description/share/tiago_pro_head_description/package.zsh'
[4.883s] Level 1:colcon.colcon_core.environment:create_file_with_runtime_dependencies(/opt/erc_ws/install/tiago_pro_head_description/share/colcon-core/packages/tiago_pro_head_description)
[4.884s] Level 1:colcon.colcon_core.environment:create_environment_scripts_only(tiago_pro_head_description)
[4.885s] Level 1:colcon.colcon_core.environment:checking '/opt/erc_ws/install/tiago_pro_head_description' for CMake module files
[4.885s] Level 1:colcon.colcon_core.environment:checking '/opt/erc_ws/install/tiago_pro_head_description' for CMake config files
[4.885s] Level 1:colcon.colcon_core.shell:create_environment_hook('tiago_pro_head_description', 'cmake_prefix_path')
[4.885s] INFO:colcon.colcon_core.shell:Creating environment hook '/opt/erc_ws/install/tiago_pro_head_description/share/tiago_pro_head_description/hook/cmake_prefix_path.ps1'
[4.886s] INFO:colcon.colcon_core.shell:Creating environment descriptor '/opt/erc_ws/install/tiago_pro_head_description/share/tiago_pro_head_description/hook/cmake_prefix_path.dsv'
[4.886s] INFO:colcon.colcon_core.shell:Creating environment hook '/opt/erc_ws/install/tiago_pro_head_description/share/tiago_pro_head_description/hook/cmake_prefix_path.sh'
[4.886s] Level 1:colcon.colcon_core.environment:checking '/opt/erc_ws/install/tiago_pro_head_description/bin'
[4.886s] Level 1:colcon.colcon_core.environment:checking '/opt/erc_ws/install/tiago_pro_head_description/lib/pkgconfig/tiago_pro_head_description.pc'
[4.887s] Level 1:colcon.colcon_core.environment:checking '/opt/erc_ws/install/tiago_pro_head_description/lib/python3.10/site-packages'
[4.887s] Level 1:colcon.colcon_core.environment:checking '/opt/erc_ws/install/tiago_pro_head_description/bin'
[4.887s] INFO:colcon.colcon_core.shell:Creating package script '/opt/erc_ws/install/tiago_pro_head_description/share/tiago_pro_head_description/package.ps1'
[4.888s] INFO:colcon.colcon_core.shell:Creating package descriptor '/opt/erc_ws/install/tiago_pro_head_description/share/tiago_pro_head_description/package.dsv'
[4.889s] INFO:colcon.colcon_core.shell:Creating package script '/opt/erc_ws/install/tiago_pro_head_description/share/tiago_pro_head_description/package.sh'
[4.889s] INFO:colcon.colcon_core.shell:Creating package script '/opt/erc_ws/install/tiago_pro_head_description/share/tiago_pro_head_description/package.bash'
[4.890s] INFO:colcon.colcon_core.shell:Creating package script '/opt/erc_ws/install/tiago_pro_head_description/share/tiago_pro_head_description/package.zsh'
[4.890s] Level 1:colcon.colcon_core.environment:create_file_with_runtime_dependencies(/opt/erc_ws/install/tiago_pro_head_description/share/colcon-core/packages/tiago_pro_head_description)
[4.891s] INFO:colcon.colcon_ros.task.ament_cmake.build:Building ROS package in '/opt/erc_ws/src/tiago_pro_head_robot/tiago_pro_head_bringup' with build type 'ament_cmake'
[4.891s] INFO:colcon.colcon_cmake.task.cmake.build:Building CMake package in '/opt/erc_ws/src/tiago_pro_head_robot/tiago_pro_head_bringup'
[4.891s] INFO:colcon.colcon_core.shell:Skip shell extension 'powershell' for command environment: Not usable outside of PowerShell
[4.891s] DEBUG:colcon.colcon_core.shell:Skip shell extension 'dsv' for command environment
[4.910s] DEBUG:colcon.colcon_core.event_handler.log_command:Invoking command in '/opt/erc_ws/build/tiago_pro_head_bringup': AMENT_PREFIX_PATH=/opt/erc_ws/install/launch_pal:/opt/erc_ws/install/tiago_pro_robot:/opt/erc_ws/install/tiago_pro_head_robot:/opt/erc_ws/install/tiago_pro_bringup:/opt/erc_ws/install/tiago_pro_head_bringup:/opt/erc_ws/install/erc_bringup:/opt/erc_ws/install/tiago_pro_description:/opt/erc_ws/install/tiago_pro_head_description:/opt/erc_ws/install/tiago_pro_controller_configuration:/opt/erc_ws/install/tiago_pro_head_controller_configuration:/opt/erc_ws/install/sensors:/opt/erc_ws/install/pal_sea_arm:/opt/erc_ws/install/pal_sea_arm_bringup:/opt/erc_ws/install/pal_sea_arm_description:/opt/erc_ws/install/pal_pro_gripper_simulation:/opt/erc_ws/install/pal_pro_gripper_bringup:/opt/erc_ws/install/pal_pro_gripper:/opt/erc_ws/install/pal_pro_gripper_description:/opt/erc_ws/install/pal_gripper_simulation:/opt/erc_ws/install/pal_gripper:/opt/erc_ws/install/pal_gripper_description:/opt/erc_ws/install/omni_base_robot:/opt/erc_ws/install/omni_base_bringup:/opt/erc_ws/install/omni_base_description:/opt/erc_ws/install/pal_urdf_utils:/opt/erc_ws/install/pal_sea_arm_controller_configuration:/opt/erc_ws/install/pal_pro_gripper_controller_configuration:/opt/erc_ws/install/pal_pro_gripper_wrapper:/opt/erc_ws/install/pal_gripper_controller_configuration:/opt/erc_ws/install/omni_base_controller_configuration:/opt/erc_ws/install/gz_ros2_control:/opt/erc_ws/install/erc_description:/opt/erc_ws/install/erc_solution:/opt/ros/humble CMAKE_PREFIX_PATH=/opt/erc_ws/install/tiago_pro_head_description:/opt/erc_ws/install/tiago_pro_head_controller_configuration:/opt/erc_ws/install/pal_urdf_utils:/opt/erc_ws/install/tiago_pro_robot:/opt/erc_ws/install/tiago_pro_head_robot:/opt/erc_ws/install/tiago_pro_bringup:/opt/erc_ws/install/tiago_pro_head_bringup:/opt/erc_ws/install/erc_bringup:/opt/erc_ws/install/tiago_pro_description:/opt/erc_ws/install/tiago_pro_controller_configuration:/opt/erc_ws/install/pal_sea_arm:/opt/erc_ws/install/pal_sea_arm_bringup:/opt/erc_ws/install/pal_sea_arm_description:/opt/erc_ws/install/pal_pro_gripper_simulation:/opt/erc_ws/install/pal_pro_gripper_bringup:/opt/erc_ws/install/pal_pro_gripper:/opt/erc_ws/install/pal_pro_gripper_description:/opt/erc_ws/install/pal_gripper_simulation:/opt/erc_ws/install/pal_gripper:/opt/erc_ws/install/pal_gripper_description:/opt/erc_ws/install/omni_base_robot:/opt/erc_ws/install/omni_base_bringup:/opt/erc_ws/install/omni_base_description:/opt/erc_ws/install/pal_sea_arm_controller_configuration:/opt/erc_ws/install/pal_pro_gripper_controller_configuration:/opt/erc_ws/install/pal_gripper_controller_configuration:/opt/erc_ws/install/omni_base_controller_configuration:/opt/erc_ws/install/gz_ros2_control:/opt/erc_ws/install/erc_description:/opt/erc_ws/install/sensors:/opt/erc_ws/install/pal_pro_gripper_wrapper:/opt/erc_ws/install/launch_pal:/opt/erc_ws/install/erc_solution:/opt/ros/humble PYTHONPATH=/opt/erc_ws/build/launch_pal:/opt/erc_ws/install/launch_pal/lib/python3.10/site-packages:/opt/erc_ws/install/tiago_pro_description/local/lib/python3.10/dist-packages:/opt/erc_ws/install/tiago_pro_head_description/local/lib/python3.10/dist-packages:/opt/erc_ws/install/sensors/lib/python3.10/site-packages:/opt/erc_ws/install/pal_sea_arm_description/local/lib/python3.10/dist-packages:/opt/erc_ws/install/pal_pro_gripper_description/local/lib/python3.10/dist-packages:/opt/erc_ws/install/omni_base_description/local/lib/python3.10/dist-packages:/opt/erc_ws/install/pal_pro_gripper_wrapper/lib/python3.10/site-packages:/opt/erc_ws/build/erc_solution:/opt/erc_ws/install/erc_solution/lib/python3.10/site-packages:/opt/ros/humble/lib/python3.10/site-packages:/opt/ros/humble/local/lib/python3.10/dist-packages /usr/bin/cmake /opt/erc_ws/src/tiago_pro_head_robot/tiago_pro_head_bringup -DAMENT_CMAKE_SYMLINK_INSTALL=1 -DCMAKE_INSTALL_PREFIX=/opt/erc_ws/install/tiago_pro_head_bringup
[4.962s] DEBUG:colcon.colcon_core.event_handler.log_command:Invoked command in '/opt/erc_ws/build/tiago_pro_controller_configuration' returned '0': AMENT_PREFIX_PATH=/opt/erc_ws/install/pal_pro_gripper_wrapper:/opt/erc_ws/install/launch_pal:/opt/erc_ws/install/tiago_pro_robot:/opt/erc_ws/install/tiago_pro_head_robot:/opt/erc_ws/install/tiago_pro_bringup:/opt/erc_ws/install/tiago_pro_head_bringup:/opt/erc_ws/install/erc_bringup:/opt/erc_ws/install/tiago_pro_description:/opt/erc_ws/install/tiago_pro_head_description:/opt/erc_ws/install/tiago_pro_controller_configuration:/opt/erc_ws/install/tiago_pro_head_controller_configuration:/opt/erc_ws/install/sensors:/opt/erc_ws/install/pal_sea_arm:/opt/erc_ws/install/pal_sea_arm_bringup:/opt/erc_ws/install/pal_sea_arm_description:/opt/erc_ws/install/pal_pro_gripper_simulation:/opt/erc_ws/install/pal_pro_gripper_bringup:/opt/erc_ws/install/pal_pro_gripper:/opt/erc_ws/install/pal_pro_gripper_description:/opt/erc_ws/install/pal_gripper_simulation:/opt/erc_ws/install/pal_gripper:/opt/erc_ws/install/pal_gripper_description:/opt/erc_ws/install/omni_base_robot:/opt/erc_ws/install/omni_base_bringup:/opt/erc_ws/install/omni_base_description:/opt/erc_ws/install/pal_urdf_utils:/opt/erc_ws/install/pal_sea_arm_controller_configuration:/opt/erc_ws/install/pal_pro_gripper_controller_configuration:/opt/erc_ws/install/pal_gripper_controller_configuration:/opt/erc_ws/install/omni_base_controller_configuration:/opt/erc_ws/install/gz_ros2_control:/opt/erc_ws/install/erc_description:/opt/erc_ws/install/erc_solution:/opt/ros/humble CMAKE_PREFIX_PATH=/opt/erc_ws/install/pal_sea_arm_controller_configuration:/opt/erc_ws/install/tiago_pro_head_controller_configuration:/opt/erc_ws/install/pal_pro_gripper_controller_configuration:/opt/erc_ws/install/omni_base_controller_configuration:/opt/erc_ws/install/tiago_pro_robot:/opt/erc_ws/install/tiago_pro_head_robot:/opt/erc_ws/install/tiago_pro_bringup:/opt/erc_ws/install/tiago_pro_head_bringup:/opt/erc_ws/install/erc_bringup:/opt/erc_ws/install/tiago_pro_description:/opt/erc_ws/install/tiago_pro_head_description:/opt/erc_ws/install/tiago_pro_controller_configuration:/opt/erc_ws/install/pal_sea_arm:/opt/erc_ws/install/pal_sea_arm_bringup:/opt/erc_ws/install/pal_sea_arm_description:/opt/erc_ws/install/pal_pro_gripper_simulation:/opt/erc_ws/install/pal_pro_gripper_bringup:/opt/erc_ws/install/pal_pro_gripper:/opt/erc_ws/install/pal_pro_gripper_description:/opt/erc_ws/install/pal_gripper_simulation:/opt/erc_ws/install/pal_gripper:/opt/erc_ws/install/pal_gripper_description:/opt/erc_ws/install/omni_base_robot:/opt/erc_ws/install/omni_base_bringup:/opt/erc_ws/install/omni_base_description:/opt/erc_ws/install/pal_urdf_utils:/opt/erc_ws/install/pal_gripper_controller_configuration:/opt/erc_ws/install/gz_ros2_control:/opt/erc_ws/install/erc_description:/opt/erc_ws/install/sensors:/opt/erc_ws/install/pal_pro_gripper_wrapper:/opt/erc_ws/install/launch_pal:/opt/erc_ws/install/erc_solution:/opt/ros/humble PYTHONPATH=/opt/erc_ws/build/pal_pro_gripper_wrapper:/opt/erc_ws/install/pal_pro_gripper_wrapper/lib/python3.10/site-packages:/opt/erc_ws/build/launch_pal:/opt/erc_ws/install/launch_pal/lib/python3.10/site-packages:/opt/erc_ws/install/tiago_pro_description/local/lib/python3.10/dist-packages:/opt/erc_ws/install/tiago_pro_head_description/local/lib/python3.10/dist-packages:/opt/erc_ws/install/sensors/lib/python3.10/site-packages:/opt/erc_ws/install/pal_sea_arm_description/local/lib/python3.10/dist-packages:/opt/erc_ws/install/pal_pro_gripper_description/local/lib/python3.10/dist-packages:/opt/erc_ws/install/omni_base_description/local/lib/python3.10/dist-packages:/opt/erc_ws/build/erc_solution:/opt/erc_ws/install/erc_solution/lib/python3.10/site-packages:/opt/ros/humble/lib/python3.10/site-packages:/opt/ros/humble/local/lib/python3.10/dist-packages /usr/bin/cmake /opt/erc_ws/src/tiago_pro_robot/tiago_pro_controller_configuration -DAMENT_CMAKE_SYMLINK_INSTALL=1 -DCMAKE_INSTALL_PREFIX=/opt/erc_ws/install/tiago_pro_controller_configuration
[4.964s] DEBUG:colcon.colcon_core.event_handler.log_command:Invoking command in '/opt/erc_ws/build/tiago_pro_controller_configuration': AMENT_PREFIX_PATH=/opt/erc_ws/install/pal_pro_gripper_wrapper:/opt/erc_ws/install/launch_pal:/opt/erc_ws/install/tiago_pro_robot:/opt/erc_ws/install/tiago_pro_head_robot:/opt/erc_ws/install/tiago_pro_bringup:/opt/erc_ws/install/tiago_pro_head_bringup:/opt/erc_ws/install/erc_bringup:/opt/erc_ws/install/tiago_pro_description:/opt/erc_ws/install/tiago_pro_head_description:/opt/erc_ws/install/tiago_pro_controller_configuration:/opt/erc_ws/install/tiago_pro_head_controller_configuration:/opt/erc_ws/install/sensors:/opt/erc_ws/install/pal_sea_arm:/opt/erc_ws/install/pal_sea_arm_bringup:/opt/erc_ws/install/pal_sea_arm_description:/opt/erc_ws/install/pal_pro_gripper_simulation:/opt/erc_ws/install/pal_pro_gripper_bringup:/opt/erc_ws/install/pal_pro_gripper:/opt/erc_ws/install/pal_pro_gripper_description:/opt/erc_ws/install/pal_gripper_simulation:/opt/erc_ws/install/pal_gripper:/opt/erc_ws/install/pal_gripper_description:/opt/erc_ws/install/omni_base_robot:/opt/erc_ws/install/omni_base_bringup:/opt/erc_ws/install/omni_base_description:/opt/erc_ws/install/pal_urdf_utils:/opt/erc_ws/install/pal_sea_arm_controller_configuration:/opt/erc_ws/install/pal_pro_gripper_controller_configuration:/opt/erc_ws/install/pal_gripper_controller_configuration:/opt/erc_ws/install/omni_base_controller_configuration:/opt/erc_ws/install/gz_ros2_control:/opt/erc_ws/install/erc_description:/opt/erc_ws/install/erc_solution:/opt/ros/humble CMAKE_PREFIX_PATH=/opt/erc_ws/install/pal_sea_arm_controller_configuration:/opt/erc_ws/install/tiago_pro_head_controller_configuration:/opt/erc_ws/install/pal_pro_gripper_controller_configuration:/opt/erc_ws/install/omni_base_controller_configuration:/opt/erc_ws/install/tiago_pro_robot:/opt/erc_ws/install/tiago_pro_head_robot:/opt/erc_ws/install/tiago_pro_bringup:/opt/erc_ws/install/tiago_pro_head_bringup:/opt/erc_ws/install/erc_bringup:/opt/erc_ws/install/tiago_pro_description:/opt/erc_ws/install/tiago_pro_head_description:/opt/erc_ws/install/tiago_pro_controller_configuration:/opt/erc_ws/install/pal_sea_arm:/opt/erc_ws/install/pal_sea_arm_bringup:/opt/erc_ws/install/pal_sea_arm_description:/opt/erc_ws/install/pal_pro_gripper_simulation:/opt/erc_ws/install/pal_pro_gripper_bringup:/opt/erc_ws/install/pal_pro_gripper:/opt/erc_ws/install/pal_pro_gripper_description:/opt/erc_ws/install/pal_gripper_simulation:/opt/erc_ws/install/pal_gripper:/opt/erc_ws/install/pal_gripper_description:/opt/erc_ws/install/omni_base_robot:/opt/erc_ws/install/omni_base_bringup:/opt/erc_ws/install/omni_base_description:/opt/erc_ws/install/pal_urdf_utils:/opt/erc_ws/install/pal_gripper_controller_configuration:/opt/erc_ws/install/gz_ros2_control:/opt/erc_ws/install/erc_description:/opt/erc_ws/install/sensors:/opt/erc_ws/install/pal_pro_gripper_wrapper:/opt/erc_ws/install/launch_pal:/opt/erc_ws/install/erc_solution:/opt/ros/humble PYTHONPATH=/opt/erc_ws/build/pal_pro_gripper_wrapper:/opt/erc_ws/install/pal_pro_gripper_wrapper/lib/python3.10/site-packages:/opt/erc_ws/build/launch_pal:/opt/erc_ws/install/launch_pal/lib/python3.10/site-packages:/opt/erc_ws/install/tiago_pro_description/local/lib/python3.10/dist-packages:/opt/erc_ws/install/tiago_pro_head_description/local/lib/python3.10/dist-packages:/opt/erc_ws/install/sensors/lib/python3.10/site-packages:/opt/erc_ws/install/pal_sea_arm_description/local/lib/python3.10/dist-packages:/opt/erc_ws/install/pal_pro_gripper_description/local/lib/python3.10/dist-packages:/opt/erc_ws/install/omni_base_description/local/lib/python3.10/dist-packages:/opt/erc_ws/build/erc_solution:/opt/erc_ws/install/erc_solution/lib/python3.10/site-packages:/opt/ros/humble/lib/python3.10/site-packages:/opt/ros/humble/local/lib/python3.10/dist-packages /usr/bin/cmake --build /opt/erc_ws/build/tiago_pro_controller_configuration -- -j16 -l16
[4.967s] DEBUG:colcon.colcon_core.event_handler.log_command:Invoked command in '/opt/erc_ws/build/omni_base_bringup' returned '0': AMENT_PREFIX_PATH=/opt/erc_ws/install/launch_pal:/opt/erc_ws/install/tiago_pro_robot:/opt/erc_ws/install/tiago_pro_head_robot:/opt/erc_ws/install/tiago_pro_bringup:/opt/erc_ws/install/tiago_pro_head_bringup:/opt/erc_ws/install/erc_bringup:/opt/erc_ws/install/tiago_pro_description:/opt/erc_ws/install/tiago_pro_head_description:/opt/erc_ws/install/tiago_pro_controller_configuration:/opt/erc_ws/install/tiago_pro_head_controller_configuration:/opt/erc_ws/install/sensors:/opt/erc_ws/install/pal_sea_arm:/opt/erc_ws/install/pal_sea_arm_bringup:/opt/erc_ws/install/pal_sea_arm_description:/opt/erc_ws/install/pal_pro_gripper_simulation:/opt/erc_ws/install/pal_pro_gripper_bringup:/opt/erc_ws/install/pal_pro_gripper:/opt/erc_ws/install/pal_pro_gripper_description:/opt/erc_ws/install/pal_gripper_simulation:/opt/erc_ws/install/pal_gripper:/opt/erc_ws/install/pal_gripper_description:/opt/erc_ws/install/omni_base_robot:/opt/erc_ws/install/omni_base_bringup:/opt/erc_ws/install/omni_base_description:/opt/erc_ws/install/pal_urdf_utils:/opt/erc_ws/install/pal_sea_arm_controller_configuration:/opt/erc_ws/install/pal_pro_gripper_controller_configuration:/opt/erc_ws/install/pal_pro_gripper_wrapper:/opt/erc_ws/install/pal_gripper_controller_configuration:/opt/erc_ws/install/omni_base_controller_configuration:/opt/erc_ws/install/gz_ros2_control:/opt/erc_ws/install/erc_description:/opt/erc_ws/install/erc_solution:/opt/ros/humble CMAKE_PREFIX_PATH=/opt/erc_ws/install/omni_base_description:/opt/erc_ws/install/pal_urdf_utils:/opt/erc_ws/install/omni_base_controller_configuration:/opt/erc_ws/install/tiago_pro_robot:/opt/erc_ws/install/tiago_pro_head_robot:/opt/erc_ws/install/tiago_pro_bringup:/opt/erc_ws/install/tiago_pro_head_bringup:/opt/erc_ws/install/erc_bringup:/opt/erc_ws/install/tiago_pro_description:/opt/erc_ws/install/tiago_pro_head_description:/opt/erc_ws/install/tiago_pro_controller_configuration:/opt/erc_ws/install/tiago_pro_head_controller_configuration:/opt/erc_ws/install/pal_sea_arm:/opt/erc_ws/install/pal_sea_arm_bringup:/opt/erc_ws/install/pal_sea_arm_description:/opt/erc_ws/install/pal_pro_gripper_simulation:/opt/erc_ws/install/pal_pro_gripper_bringup:/opt/erc_ws/install/pal_pro_gripper:/opt/erc_ws/install/pal_pro_gripper_description:/opt/erc_ws/install/pal_gripper_simulation:/opt/erc_ws/install/pal_gripper:/opt/erc_ws/install/pal_gripper_description:/opt/erc_ws/install/omni_base_robot:/opt/erc_ws/install/omni_base_bringup:/opt/erc_ws/install/pal_sea_arm_controller_configuration:/opt/erc_ws/install/pal_pro_gripper_controller_configuration:/opt/erc_ws/install/pal_gripper_controller_configuration:/opt/erc_ws/install/gz_ros2_control:/opt/erc_ws/install/erc_description:/opt/erc_ws/install/sensors:/opt/erc_ws/install/pal_pro_gripper_wrapper:/opt/erc_ws/install/launch_pal:/opt/erc_ws/install/erc_solution:/opt/ros/humble PYTHONPATH=/opt/erc_ws/build/launch_pal:/opt/erc_ws/install/launch_pal/lib/python3.10/site-packages:/opt/erc_ws/install/tiago_pro_description/local/lib/python3.10/dist-packages:/opt/erc_ws/install/tiago_pro_head_description/local/lib/python3.10/dist-packages:/opt/erc_ws/install/sensors/lib/python3.10/site-packages:/opt/erc_ws/install/pal_sea_arm_description/local/lib/python3.10/dist-packages:/opt/erc_ws/install/pal_pro_gripper_description/local/lib/python3.10/dist-packages:/opt/erc_ws/install/omni_base_description/local/lib/python3.10/dist-packages:/opt/erc_ws/install/pal_pro_gripper_wrapper/lib/python3.10/site-packages:/opt/erc_ws/build/erc_solution:/opt/erc_ws/install/erc_solution/lib/python3.10/site-packages:/opt/ros/humble/lib/python3.10/site-packages:/opt/ros/humble/local/lib/python3.10/dist-packages /usr/bin/cmake /opt/erc_ws/src/omni_base_robot/omni_base_bringup -DAMENT_CMAKE_SYMLINK_INSTALL=1 -DCMAKE_INSTALL_PREFIX=/opt/erc_ws/install/omni_base_bringup
[4.970s] DEBUG:colcon.colcon_core.event_handler.log_command:Invoking command in '/opt/erc_ws/build/omni_base_bringup': AMENT_PREFIX_PATH=/opt/erc_ws/install/launch_pal:/opt/erc_ws/install/tiago_pro_robot:/opt/erc_ws/install/tiago_pro_head_robot:/opt/erc_ws/install/tiago_pro_bringup:/opt/erc_ws/install/tiago_pro_head_bringup:/opt/erc_ws/install/erc_bringup:/opt/erc_ws/install/tiago_pro_description:/opt/erc_ws/install/tiago_pro_head_description:/opt/erc_ws/install/tiago_pro_controller_configuration:/opt/erc_ws/install/tiago_pro_head_controller_configuration:/opt/erc_ws/install/sensors:/opt/erc_ws/install/pal_sea_arm:/opt/erc_ws/install/pal_sea_arm_bringup:/opt/erc_ws/install/pal_sea_arm_description:/opt/erc_ws/install/pal_pro_gripper_simulation:/opt/erc_ws/install/pal_pro_gripper_bringup:/opt/erc_ws/install/pal_pro_gripper:/opt/erc_ws/install/pal_pro_gripper_description:/opt/erc_ws/install/pal_gripper_simulation:/opt/erc_ws/install/pal_gripper:/opt/erc_ws/install/pal_gripper_description:/opt/erc_ws/install/omni_base_robot:/opt/erc_ws/install/omni_base_bringup:/opt/erc_ws/install/omni_base_description:/opt/erc_ws/install/pal_urdf_utils:/opt/erc_ws/install/pal_sea_arm_controller_configuration:/opt/erc_ws/install/pal_pro_gripper_controller_configuration:/opt/erc_ws/install/pal_pro_gripper_wrapper:/opt/erc_ws/install/pal_gripper_controller_configuration:/opt/erc_ws/install/omni_base_controller_configuration:/opt/erc_ws/install/gz_ros2_control:/opt/erc_ws/install/erc_description:/opt/erc_ws/install/erc_solution:/opt/ros/humble CMAKE_PREFIX_PATH=/opt/erc_ws/install/omni_base_description:/opt/erc_ws/install/pal_urdf_utils:/opt/erc_ws/install/omni_base_controller_configuration:/opt/erc_ws/install/tiago_pro_robot:/opt/erc_ws/install/tiago_pro_head_robot:/opt/erc_ws/install/tiago_pro_bringup:/opt/erc_ws/install/tiago_pro_head_bringup:/opt/erc_ws/install/erc_bringup:/opt/erc_ws/install/tiago_pro_description:/opt/erc_ws/install/tiago_pro_head_description:/opt/erc_ws/install/tiago_pro_controller_configuration:/opt/erc_ws/install/tiago_pro_head_controller_configuration:/opt/erc_ws/install/pal_sea_arm:/opt/erc_ws/install/pal_sea_arm_bringup:/opt/erc_ws/install/pal_sea_arm_description:/opt/erc_ws/install/pal_pro_gripper_simulation:/opt/erc_ws/install/pal_pro_gripper_bringup:/opt/erc_ws/install/pal_pro_gripper:/opt/erc_ws/install/pal_pro_gripper_description:/opt/erc_ws/install/pal_gripper_simulation:/opt/erc_ws/install/pal_gripper:/opt/erc_ws/install/pal_gripper_description:/opt/erc_ws/install/omni_base_robot:/opt/erc_ws/install/omni_base_bringup:/opt/erc_ws/install/pal_sea_arm_controller_configuration:/opt/erc_ws/install/pal_pro_gripper_controller_configuration:/opt/erc_ws/install/pal_gripper_controller_configuration:/opt/erc_ws/install/gz_ros2_control:/opt/erc_ws/install/erc_description:/opt/erc_ws/install/sensors:/opt/erc_ws/install/pal_pro_gripper_wrapper:/opt/erc_ws/install/launch_pal:/opt/erc_ws/install/erc_solution:/opt/ros/humble PYTHONPATH=/opt/erc_ws/build/launch_pal:/opt/erc_ws/install/launch_pal/lib/python3.10/site-packages:/opt/erc_ws/install/tiago_pro_description/local/lib/python3.10/dist-packages:/opt/erc_ws/install/tiago_pro_head_description/local/lib/python3.10/dist-packages:/opt/erc_ws/install/sensors/lib/python3.10/site-packages:/opt/erc_ws/install/pal_sea_arm_description/local/lib/python3.10/dist-packages:/opt/erc_ws/install/pal_pro_gripper_description/local/lib/python3.10/dist-packages:/opt/erc_ws/install/omni_base_description/local/lib/python3.10/dist-packages:/opt/erc_ws/install/pal_pro_gripper_wrapper/lib/python3.10/site-packages:/opt/erc_ws/build/erc_solution:/opt/erc_ws/install/erc_solution/lib/python3.10/site-packages:/opt/ros/humble/lib/python3.10/site-packages:/opt/ros/humble/local/lib/python3.10/dist-packages /usr/bin/cmake --build /opt/erc_ws/build/omni_base_bringup -- -j16 -l16
[5.002s] DEBUG:colcon.colcon_core.event_handler.log_command:Invoked command in '/opt/erc_ws/build/tiago_pro_controller_configuration' returned '0': AMENT_PREFIX_PATH=/opt/erc_ws/install/pal_pro_gripper_wrapper:/opt/erc_ws/install/launch_pal:/opt/erc_ws/install/tiago_pro_robot:/opt/erc_ws/install/tiago_pro_head_robot:/opt/erc_ws/install/tiago_pro_bringup:/opt/erc_ws/install/tiago_pro_head_bringup:/opt/erc_ws/install/erc_bringup:/opt/erc_ws/install/tiago_pro_description:/opt/erc_ws/install/tiago_pro_head_description:/opt/erc_ws/install/tiago_pro_controller_configuration:/opt/erc_ws/install/tiago_pro_head_controller_configuration:/opt/erc_ws/install/sensors:/opt/erc_ws/install/pal_sea_arm:/opt/erc_ws/install/pal_sea_arm_bringup:/opt/erc_ws/install/pal_sea_arm_description:/opt/erc_ws/install/pal_pro_gripper_simulation:/opt/erc_ws/install/pal_pro_gripper_bringup:/opt/erc_ws/install/pal_pro_gripper:/opt/erc_ws/install/pal_pro_gripper_description:/opt/erc_ws/install/pal_gripper_simulation:/opt/erc_ws/install/pal_gripper:/opt/erc_ws/install/pal_gripper_description:/opt/erc_ws/install/omni_base_robot:/opt/erc_ws/install/omni_base_bringup:/opt/erc_ws/install/omni_base_description:/opt/erc_ws/install/pal_urdf_utils:/opt/erc_ws/install/pal_sea_arm_controller_configuration:/opt/erc_ws/install/pal_pro_gripper_controller_configuration:/opt/erc_ws/install/pal_gripper_controller_configuration:/opt/erc_ws/install/omni_base_controller_configuration:/opt/erc_ws/install/gz_ros2_control:/opt/erc_ws/install/erc_description:/opt/erc_ws/install/erc_solution:/opt/ros/humble CMAKE_PREFIX_PATH=/opt/erc_ws/install/pal_sea_arm_controller_configuration:/opt/erc_ws/install/tiago_pro_head_controller_configuration:/opt/erc_ws/install/pal_pro_gripper_controller_configuration:/opt/erc_ws/install/omni_base_controller_configuration:/opt/erc_ws/install/tiago_pro_robot:/opt/erc_ws/install/tiago_pro_head_robot:/opt/erc_ws/install/tiago_pro_bringup:/opt/erc_ws/install/tiago_pro_head_bringup:/opt/erc_ws/install/erc_bringup:/opt/erc_ws/install/tiago_pro_description:/opt/erc_ws/install/tiago_pro_head_description:/opt/erc_ws/install/tiago_pro_controller_configuration:/opt/erc_ws/install/pal_sea_arm:/opt/erc_ws/install/pal_sea_arm_bringup:/opt/erc_ws/install/pal_sea_arm_description:/opt/erc_ws/install/pal_pro_gripper_simulation:/opt/erc_ws/install/pal_pro_gripper_bringup:/opt/erc_ws/install/pal_pro_gripper:/opt/erc_ws/install/pal_pro_gripper_description:/opt/erc_ws/install/pal_gripper_simulation:/opt/erc_ws/install/pal_gripper:/opt/erc_ws/install/pal_gripper_description:/opt/erc_ws/install/omni_base_robot:/opt/erc_ws/install/omni_base_bringup:/opt/erc_ws/install/omni_base_description:/opt/erc_ws/install/pal_urdf_utils:/opt/erc_ws/install/pal_gripper_controller_configuration:/opt/erc_ws/install/gz_ros2_control:/opt/erc_ws/install/erc_description:/opt/erc_ws/install/sensors:/opt/erc_ws/install/pal_pro_gripper_wrapper:/opt/erc_ws/install/launch_pal:/opt/erc_ws/install/erc_solution:/opt/ros/humble PYTHONPATH=/opt/erc_ws/build/pal_pro_gripper_wrapper:/opt/erc_ws/install/pal_pro_gripper_wrapper/lib/python3.10/site-packages:/opt/erc_ws/build/launch_pal:/opt/erc_ws/install/launch_pal/lib/python3.10/site-packages:/opt/erc_ws/install/tiago_pro_description/local/lib/python3.10/dist-packages:/opt/erc_ws/install/tiago_pro_head_description/local/lib/python3.10/dist-packages:/opt/erc_ws/install/sensors/lib/python3.10/site-packages:/opt/erc_ws/install/pal_sea_arm_description/local/lib/python3.10/dist-packages:/opt/erc_ws/install/pal_pro_gripper_description/local/lib/python3.10/dist-packages:/opt/erc_ws/install/omni_base_description/local/lib/python3.10/dist-packages:/opt/erc_ws/build/erc_solution:/opt/erc_ws/install/erc_solution/lib/python3.10/site-packages:/opt/ros/humble/lib/python3.10/site-packages:/opt/ros/humble/local/lib/python3.10/dist-packages /usr/bin/cmake --build /opt/erc_ws/build/tiago_pro_controller_configuration -- -j16 -l16
[5.005s] DEBUG:colcon.colcon_core.event_handler.log_command:Invoking command in '/opt/erc_ws/build/tiago_pro_controller_configuration': AMENT_PREFIX_PATH=/opt/erc_ws/install/pal_pro_gripper_wrapper:/opt/erc_ws/install/launch_pal:/opt/erc_ws/install/tiago_pro_robot:/opt/erc_ws/install/tiago_pro_head_robot:/opt/erc_ws/install/tiago_pro_bringup:/opt/erc_ws/install/tiago_pro_head_bringup:/opt/erc_ws/install/erc_bringup:/opt/erc_ws/install/tiago_pro_description:/opt/erc_ws/install/tiago_pro_head_description:/opt/erc_ws/install/tiago_pro_controller_configuration:/opt/erc_ws/install/tiago_pro_head_controller_configuration:/opt/erc_ws/install/sensors:/opt/erc_ws/install/pal_sea_arm:/opt/erc_ws/install/pal_sea_arm_bringup:/opt/erc_ws/install/pal_sea_arm_description:/opt/erc_ws/install/pal_pro_gripper_simulation:/opt/erc_ws/install/pal_pro_gripper_bringup:/opt/erc_ws/install/pal_pro_gripper:/opt/erc_ws/install/pal_pro_gripper_description:/opt/erc_ws/install/pal_gripper_simulation:/opt/erc_ws/install/pal_gripper:/opt/erc_ws/install/pal_gripper_description:/opt/erc_ws/install/omni_base_robot:/opt/erc_ws/install/omni_base_bringup:/opt/erc_ws/install/omni_base_description:/opt/erc_ws/install/pal_urdf_utils:/opt/erc_ws/install/pal_sea_arm_controller_configuration:/opt/erc_ws/install/pal_pro_gripper_controller_configuration:/opt/erc_ws/install/pal_gripper_controller_configuration:/opt/erc_ws/install/omni_base_controller_configuration:/opt/erc_ws/install/gz_ros2_control:/opt/erc_ws/install/erc_description:/opt/erc_ws/install/erc_solution:/opt/ros/humble CMAKE_PREFIX_PATH=/opt/erc_ws/install/pal_sea_arm_controller_configuration:/opt/erc_ws/install/tiago_pro_head_controller_configuration:/opt/erc_ws/install/pal_pro_gripper_controller_configuration:/opt/erc_ws/install/omni_base_controller_configuration:/opt/erc_ws/install/tiago_pro_robot:/opt/erc_ws/install/tiago_pro_head_robot:/opt/erc_ws/install/tiago_pro_bringup:/opt/erc_ws/install/tiago_pro_head_bringup:/opt/erc_ws/install/erc_bringup:/opt/erc_ws/install/tiago_pro_description:/opt/erc_ws/install/tiago_pro_head_description:/opt/erc_ws/install/tiago_pro_controller_configuration:/opt/erc_ws/install/pal_sea_arm:/opt/erc_ws/install/pal_sea_arm_bringup:/opt/erc_ws/install/pal_sea_arm_description:/opt/erc_ws/install/pal_pro_gripper_simulation:/opt/erc_ws/install/pal_pro_gripper_bringup:/opt/erc_ws/install/pal_pro_gripper:/opt/erc_ws/install/pal_pro_gripper_description:/opt/erc_ws/install/pal_gripper_simulation:/opt/erc_ws/install/pal_gripper:/opt/erc_ws/install/pal_gripper_description:/opt/erc_ws/install/omni_base_robot:/opt/erc_ws/install/omni_base_bringup:/opt/erc_ws/install/omni_base_description:/opt/erc_ws/install/pal_urdf_utils:/opt/erc_ws/install/pal_gripper_controller_configuration:/opt/erc_ws/install/gz_ros2_control:/opt/erc_ws/install/erc_description:/opt/erc_ws/install/sensors:/opt/erc_ws/install/pal_pro_gripper_wrapper:/opt/erc_ws/install/launch_pal:/opt/erc_ws/install/erc_solution:/opt/ros/humble PYTHONPATH=/opt/erc_ws/build/pal_pro_gripper_wrapper:/opt/erc_ws/install/pal_pro_gripper_wrapper/lib/python3.10/site-packages:/opt/erc_ws/build/launch_pal:/opt/erc_ws/install/launch_pal/lib/python3.10/site-packages:/opt/erc_ws/install/tiago_pro_description/local/lib/python3.10/dist-packages:/opt/erc_ws/install/tiago_pro_head_description/local/lib/python3.10/dist-packages:/opt/erc_ws/install/sensors/lib/python3.10/site-packages:/opt/erc_ws/install/pal_sea_arm_description/local/lib/python3.10/dist-packages:/opt/erc_ws/install/pal_pro_gripper_description/local/lib/python3.10/dist-packages:/opt/erc_ws/install/omni_base_description/local/lib/python3.10/dist-packages:/opt/erc_ws/build/erc_solution:/opt/erc_ws/install/erc_solution/lib/python3.10/site-packages:/opt/ros/humble/lib/python3.10/site-packages:/opt/ros/humble/local/lib/python3.10/dist-packages /usr/bin/cmake --install /opt/erc_ws/build/tiago_pro_controller_configuration
[5.008s] DEBUG:colcon.colcon_core.event_handler.log_command:Invoked command in '/opt/erc_ws/build/omni_base_bringup' returned '0': AMENT_PREFIX_PATH=/opt/erc_ws/install/launch_pal:/opt/erc_ws/install/tiago_pro_robot:/opt/erc_ws/install/tiago_pro_head_robot:/opt/erc_ws/install/tiago_pro_bringup:/opt/erc_ws/install/tiago_pro_head_bringup:/opt/erc_ws/install/erc_bringup:/opt/erc_ws/install/tiago_pro_description:/opt/erc_ws/install/tiago_pro_head_description:/opt/erc_ws/install/tiago_pro_controller_configuration:/opt/erc_ws/install/tiago_pro_head_controller_configuration:/opt/erc_ws/install/sensors:/opt/erc_ws/install/pal_sea_arm:/opt/erc_ws/install/pal_sea_arm_bringup:/opt/erc_ws/install/pal_sea_arm_description:/opt/erc_ws/install/pal_pro_gripper_simulation:/opt/erc_ws/install/pal_pro_gripper_bringup:/opt/erc_ws/install/pal_pro_gripper:/opt/erc_ws/install/pal_pro_gripper_description:/opt/erc_ws/install/pal_gripper_simulation:/opt/erc_ws/install/pal_gripper:/opt/erc_ws/install/pal_gripper_description:/opt/erc_ws/install/omni_base_robot:/opt/erc_ws/install/omni_base_bringup:/opt/erc_ws/install/omni_base_description:/opt/erc_ws/install/pal_urdf_utils:/opt/erc_ws/install/pal_sea_arm_controller_configuration:/opt/erc_ws/install/pal_pro_gripper_controller_configuration:/opt/erc_ws/install/pal_pro_gripper_wrapper:/opt/erc_ws/install/pal_gripper_controller_configuration:/opt/erc_ws/install/omni_base_controller_configuration:/opt/erc_ws/install/gz_ros2_control:/opt/erc_ws/install/erc_description:/opt/erc_ws/install/erc_solution:/opt/ros/humble CMAKE_PREFIX_PATH=/opt/erc_ws/install/omni_base_description:/opt/erc_ws/install/pal_urdf_utils:/opt/erc_ws/install/omni_base_controller_configuration:/opt/erc_ws/install/tiago_pro_robot:/opt/erc_ws/install/tiago_pro_head_robot:/opt/erc_ws/install/tiago_pro_bringup:/opt/erc_ws/install/tiago_pro_head_bringup:/opt/erc_ws/install/erc_bringup:/opt/erc_ws/install/tiago_pro_description:/opt/erc_ws/install/tiago_pro_head_description:/opt/erc_ws/install/tiago_pro_controller_configuration:/opt/erc_ws/install/tiago_pro_head_controller_configuration:/opt/erc_ws/install/pal_sea_arm:/opt/erc_ws/install/pal_sea_arm_bringup:/opt/erc_ws/install/pal_sea_arm_description:/opt/erc_ws/install/pal_pro_gripper_simulation:/opt/erc_ws/install/pal_pro_gripper_bringup:/opt/erc_ws/install/pal_pro_gripper:/opt/erc_ws/install/pal_pro_gripper_description:/opt/erc_ws/install/pal_gripper_simulation:/opt/erc_ws/install/pal_gripper:/opt/erc_ws/install/pal_gripper_description:/opt/erc_ws/install/omni_base_robot:/opt/erc_ws/install/omni_base_bringup:/opt/erc_ws/install/pal_sea_arm_controller_configuration:/opt/erc_ws/install/pal_pro_gripper_controller_configuration:/opt/erc_ws/install/pal_gripper_controller_configuration:/opt/erc_ws/install/gz_ros2_control:/opt/erc_ws/install/erc_description:/opt/erc_ws/install/sensors:/opt/erc_ws/install/pal_pro_gripper_wrapper:/opt/erc_ws/install/launch_pal:/opt/erc_ws/install/erc_solution:/opt/ros/humble PYTHONPATH=/opt/erc_ws/build/launch_pal:/opt/erc_ws/install/launch_pal/lib/python3.10/site-packages:/opt/erc_ws/install/tiago_pro_description/local/lib/python3.10/dist-packages:/opt/erc_ws/install/tiago_pro_head_description/local/lib/python3.10/dist-packages:/opt/erc_ws/install/sensors/lib/python3.10/site-packages:/opt/erc_ws/install/pal_sea_arm_description/local/lib/python3.10/dist-packages:/opt/erc_ws/install/pal_pro_gripper_description/local/lib/python3.10/dist-packages:/opt/erc_ws/install/omni_base_description/local/lib/python3.10/dist-packages:/opt/erc_ws/install/pal_pro_gripper_wrapper/lib/python3.10/site-packages:/opt/erc_ws/build/erc_solution:/opt/erc_ws/install/erc_solution/lib/python3.10/site-packages:/opt/ros/humble/lib/python3.10/site-packages:/opt/ros/humble/local/lib/python3.10/dist-packages /usr/bin/cmake --build /opt/erc_ws/build/omni_base_bringup -- -j16 -l16
[5.011s] DEBUG:colcon.colcon_core.event_handler.log_command:Invoking command in '/opt/erc_ws/build/omni_base_bringup': AMENT_PREFIX_PATH=/opt/erc_ws/install/launch_pal:/opt/erc_ws/install/tiago_pro_robot:/opt/erc_ws/install/tiago_pro_head_robot:/opt/erc_ws/install/tiago_pro_bringup:/opt/erc_ws/install/tiago_pro_head_bringup:/opt/erc_ws/install/erc_bringup:/opt/erc_ws/install/tiago_pro_description:/opt/erc_ws/install/tiago_pro_head_description:/opt/erc_ws/install/tiago_pro_controller_configuration:/opt/erc_ws/install/tiago_pro_head_controller_configuration:/opt/erc_ws/install/sensors:/opt/erc_ws/install/pal_sea_arm:/opt/erc_ws/install/pal_sea_arm_bringup:/opt/erc_ws/install/pal_sea_arm_description:/opt/erc_ws/install/pal_pro_gripper_simulation:/opt/erc_ws/install/pal_pro_gripper_bringup:/opt/erc_ws/install/pal_pro_gripper:/opt/erc_ws/install/pal_pro_gripper_description:/opt/erc_ws/install/pal_gripper_simulation:/opt/erc_ws/install/pal_gripper:/opt/erc_ws/install/pal_gripper_description:/opt/erc_ws/install/omni_base_robot:/opt/erc_ws/install/omni_base_bringup:/opt/erc_ws/install/omni_base_description:/opt/erc_ws/install/pal_urdf_utils:/opt/erc_ws/install/pal_sea_arm_controller_configuration:/opt/erc_ws/install/pal_pro_gripper_controller_configuration:/opt/erc_ws/install/pal_pro_gripper_wrapper:/opt/erc_ws/install/pal_gripper_controller_configuration:/opt/erc_ws/install/omni_base_controller_configuration:/opt/erc_ws/install/gz_ros2_control:/opt/erc_ws/install/erc_description:/opt/erc_ws/install/erc_solution:/opt/ros/humble CMAKE_PREFIX_PATH=/opt/erc_ws/install/omni_base_description:/opt/erc_ws/install/pal_urdf_utils:/opt/erc_ws/install/omni_base_controller_configuration:/opt/erc_ws/install/tiago_pro_robot:/opt/erc_ws/install/tiago_pro_head_robot:/opt/erc_ws/install/tiago_pro_bringup:/opt/erc_ws/install/tiago_pro_head_bringup:/opt/erc_ws/install/erc_bringup:/opt/erc_ws/install/tiago_pro_description:/opt/erc_ws/install/tiago_pro_head_description:/opt/erc_ws/install/tiago_pro_controller_configuration:/opt/erc_ws/install/tiago_pro_head_controller_configuration:/opt/erc_ws/install/pal_sea_arm:/opt/erc_ws/install/pal_sea_arm_bringup:/opt/erc_ws/install/pal_sea_arm_description:/opt/erc_ws/install/pal_pro_gripper_simulation:/opt/erc_ws/install/pal_pro_gripper_bringup:/opt/erc_ws/install/pal_pro_gripper:/opt/erc_ws/install/pal_pro_gripper_description:/opt/erc_ws/install/pal_gripper_simulation:/opt/erc_ws/install/pal_gripper:/opt/erc_ws/install/pal_gripper_description:/opt/erc_ws/install/omni_base_robot:/opt/erc_ws/install/omni_base_bringup:/opt/erc_ws/install/pal_sea_arm_controller_configuration:/opt/erc_ws/install/pal_pro_gripper_controller_configuration:/opt/erc_ws/install/pal_gripper_controller_configuration:/opt/erc_ws/install/gz_ros2_control:/opt/erc_ws/install/erc_description:/opt/erc_ws/install/sensors:/opt/erc_ws/install/pal_pro_gripper_wrapper:/opt/erc_ws/install/launch_pal:/opt/erc_ws/install/erc_solution:/opt/ros/humble PYTHONPATH=/opt/erc_ws/build/launch_pal:/opt/erc_ws/install/launch_pal/lib/python3.10/site-packages:/opt/erc_ws/install/tiago_pro_description/local/lib/python3.10/dist-packages:/opt/erc_ws/install/tiago_pro_head_description/local/lib/python3.10/dist-packages:/opt/erc_ws/install/sensors/lib/python3.10/site-packages:/opt/erc_ws/install/pal_sea_arm_description/local/lib/python3.10/dist-packages:/opt/erc_ws/install/pal_pro_gripper_description/local/lib/python3.10/dist-packages:/opt/erc_ws/install/omni_base_description/local/lib/python3.10/dist-packages:/opt/erc_ws/install/pal_pro_gripper_wrapper/lib/python3.10/site-packages:/opt/erc_ws/build/erc_solution:/opt/erc_ws/install/erc_solution/lib/python3.10/site-packages:/opt/ros/humble/lib/python3.10/site-packages:/opt/ros/humble/local/lib/python3.10/dist-packages /usr/bin/cmake --install /opt/erc_ws/build/omni_base_bringup
[5.223s] Level 1:colcon.colcon_core.environment:create_environment_scripts_only(omni_base_bringup)
[5.224s] Level 1:colcon.colcon_core.environment:checking '/opt/erc_ws/install/omni_base_bringup' for CMake module files
[5.225s] DEBUG:colcon.colcon_core.event_handler.log_command:Invoked command in '/opt/erc_ws/build/omni_base_bringup' returned '0': AMENT_PREFIX_PATH=/opt/erc_ws/install/launch_pal:/opt/erc_ws/install/tiago_pro_robot:/opt/erc_ws/install/tiago_pro_head_robot:/opt/erc_ws/install/tiago_pro_bringup:/opt/erc_ws/install/tiago_pro_head_bringup:/opt/erc_ws/install/erc_bringup:/opt/erc_ws/install/tiago_pro_description:/opt/erc_ws/install/tiago_pro_head_description:/opt/erc_ws/install/tiago_pro_controller_configuration:/opt/erc_ws/install/tiago_pro_head_controller_configuration:/opt/erc_ws/install/sensors:/opt/erc_ws/install/pal_sea_arm:/opt/erc_ws/install/pal_sea_arm_bringup:/opt/erc_ws/install/pal_sea_arm_description:/opt/erc_ws/install/pal_pro_gripper_simulation:/opt/erc_ws/install/pal_pro_gripper_bringup:/opt/erc_ws/install/pal_pro_gripper:/opt/erc_ws/install/pal_pro_gripper_description:/opt/erc_ws/install/pal_gripper_simulation:/opt/erc_ws/install/pal_gripper:/opt/erc_ws/install/pal_gripper_description:/opt/erc_ws/install/omni_base_robot:/opt/erc_ws/install/omni_base_bringup:/opt/erc_ws/install/omni_base_description:/opt/erc_ws/install/pal_urdf_utils:/opt/erc_ws/install/pal_sea_arm_controller_configuration:/opt/erc_ws/install/pal_pro_gripper_controller_configuration:/opt/erc_ws/install/pal_pro_gripper_wrapper:/opt/erc_ws/install/pal_gripper_controller_configuration:/opt/erc_ws/install/omni_base_controller_configuration:/opt/erc_ws/install/gz_ros2_control:/opt/erc_ws/install/erc_description:/opt/erc_ws/install/erc_solution:/opt/ros/humble CMAKE_PREFIX_PATH=/opt/erc_ws/install/omni_base_description:/opt/erc_ws/install/pal_urdf_utils:/opt/erc_ws/install/omni_base_controller_configuration:/opt/erc_ws/install/tiago_pro_robot:/opt/erc_ws/install/tiago_pro_head_robot:/opt/erc_ws/install/tiago_pro_bringup:/opt/erc_ws/install/tiago_pro_head_bringup:/opt/erc_ws/install/erc_bringup:/opt/erc_ws/install/tiago_pro_description:/opt/erc_ws/install/tiago_pro_head_description:/opt/erc_ws/install/tiago_pro_controller_configuration:/opt/erc_ws/install/tiago_pro_head_controller_configuration:/opt/erc_ws/install/pal_sea_arm:/opt/erc_ws/install/pal_sea_arm_bringup:/opt/erc_ws/install/pal_sea_arm_description:/opt/erc_ws/install/pal_pro_gripper_simulation:/opt/erc_ws/install/pal_pro_gripper_bringup:/opt/erc_ws/install/pal_pro_gripper:/opt/erc_ws/install/pal_pro_gripper_description:/opt/erc_ws/install/pal_gripper_simulation:/opt/erc_ws/install/pal_gripper:/opt/erc_ws/install/pal_gripper_description:/opt/erc_ws/install/omni_base_robot:/opt/erc_ws/install/omni_base_bringup:/opt/erc_ws/install/pal_sea_arm_controller_configuration:/opt/erc_ws/install/pal_pro_gripper_controller_configuration:/opt/erc_ws/install/pal_gripper_controller_configuration:/opt/erc_ws/install/gz_ros2_control:/opt/erc_ws/install/erc_description:/opt/erc_ws/install/sensors:/opt/erc_ws/install/pal_pro_gripper_wrapper:/opt/erc_ws/install/launch_pal:/opt/erc_ws/install/erc_solution:/opt/ros/humble PYTHONPATH=/opt/erc_ws/build/launch_pal:/opt/erc_ws/install/launch_pal/lib/python3.10/site-packages:/opt/erc_ws/install/tiago_pro_description/local/lib/python3.10/dist-packages:/opt/erc_ws/install/tiago_pro_head_description/local/lib/python3.10/dist-packages:/opt/erc_ws/install/sensors/lib/python3.10/site-packages:/opt/erc_ws/install/pal_sea_arm_description/local/lib/python3.10/dist-packages:/opt/erc_ws/install/pal_pro_gripper_description/local/lib/python3.10/dist-packages:/opt/erc_ws/install/omni_base_description/local/lib/python3.10/dist-packages:/opt/erc_ws/install/pal_pro_gripper_wrapper/lib/python3.10/site-packages:/opt/erc_ws/build/erc_solution:/opt/erc_ws/install/erc_solution/lib/python3.10/site-packages:/opt/ros/humble/lib/python3.10/site-packages:/opt/ros/humble/local/lib/python3.10/dist-packages /usr/bin/cmake --install /opt/erc_ws/build/omni_base_bringup
[5.227s] Level 1:colcon.colcon_core.environment:checking '/opt/erc_ws/install/omni_base_bringup' for CMake config files
[5.228s] Level 1:colcon.colcon_core.shell:create_environment_hook('omni_base_bringup', 'cmake_prefix_path')
[5.228s] INFO:colcon.colcon_core.shell:Creating environment hook '/opt/erc_ws/install/omni_base_bringup/share/omni_base_bringup/hook/cmake_prefix_path.ps1'
[5.229s] INFO:colcon.colcon_core.shell:Creating environment descriptor '/opt/erc_ws/install/omni_base_bringup/share/omni_base_bringup/hook/cmake_prefix_path.dsv'
[5.229s] INFO:colcon.colcon_core.shell:Creating environment hook '/opt/erc_ws/install/omni_base_bringup/share/omni_base_bringup/hook/cmake_prefix_path.sh'
[5.230s] Level 1:colcon.colcon_core.environment:checking '/opt/erc_ws/install/omni_base_bringup/bin'
[5.230s] Level 1:colcon.colcon_core.environment:checking '/opt/erc_ws/install/omni_base_bringup/lib/pkgconfig/omni_base_bringup.pc'
[5.230s] Level 1:colcon.colcon_core.environment:checking '/opt/erc_ws/install/omni_base_bringup/lib/python3.10/site-packages'
[5.231s] Level 1:colcon.colcon_core.environment:checking '/opt/erc_ws/install/omni_base_bringup/bin'
[5.231s] INFO:colcon.colcon_core.shell:Creating package script '/opt/erc_ws/install/omni_base_bringup/share/omni_base_bringup/package.ps1'
[5.231s] INFO:colcon.colcon_core.shell:Creating package descriptor '/opt/erc_ws/install/omni_base_bringup/share/omni_base_bringup/package.dsv'
[5.232s] INFO:colcon.colcon_core.shell:Creating package script '/opt/erc_ws/install/omni_base_bringup/share/omni_base_bringup/package.sh'
[5.232s] INFO:colcon.colcon_core.shell:Creating package script '/opt/erc_ws/install/omni_base_bringup/share/omni_base_bringup/package.bash'
[5.232s] INFO:colcon.colcon_core.shell:Creating package script '/opt/erc_ws/install/omni_base_bringup/share/omni_base_bringup/package.zsh'
[5.233s] Level 1:colcon.colcon_core.environment:create_file_with_runtime_dependencies(/opt/erc_ws/install/omni_base_bringup/share/colcon-core/packages/omni_base_bringup)
[5.234s] Level 1:colcon.colcon_core.environment:create_environment_scripts_only(omni_base_bringup)
[5.234s] Level 1:colcon.colcon_core.environment:checking '/opt/erc_ws/install/omni_base_bringup' for CMake module files
[5.234s] Level 1:colcon.colcon_core.environment:checking '/opt/erc_ws/install/omni_base_bringup' for CMake config files
[5.235s] Level 1:colcon.colcon_core.shell:create_environment_hook('omni_base_bringup', 'cmake_prefix_path')
[5.235s] INFO:colcon.colcon_core.shell:Creating environment hook '/opt/erc_ws/install/omni_base_bringup/share/omni_base_bringup/hook/cmake_prefix_path.ps1'
[5.235s] INFO:colcon.colcon_core.shell:Creating environment descriptor '/opt/erc_ws/install/omni_base_bringup/share/omni_base_bringup/hook/cmake_prefix_path.dsv'
[5.236s] INFO:colcon.colcon_core.shell:Creating environment hook '/opt/erc_ws/install/omni_base_bringup/share/omni_base_bringup/hook/cmake_prefix_path.sh'
[5.238s] Level 1:colcon.colcon_core.environment:checking '/opt/erc_ws/install/omni_base_bringup/bin'
[5.238s] Level 1:colcon.colcon_core.environment:checking '/opt/erc_ws/install/omni_base_bringup/lib/pkgconfig/omni_base_bringup.pc'
[5.238s] Level 1:colcon.colcon_core.environment:checking '/opt/erc_ws/install/omni_base_bringup/lib/python3.10/site-packages'
[5.238s] Level 1:colcon.colcon_core.environment:checking '/opt/erc_ws/install/omni_base_bringup/bin'
[5.239s] INFO:colcon.colcon_core.shell:Creating package script '/opt/erc_ws/install/omni_base_bringup/share/omni_base_bringup/package.ps1'
[5.239s] INFO:colcon.colcon_core.shell:Creating package descriptor '/opt/erc_ws/install/omni_base_bringup/share/omni_base_bringup/package.dsv'
[5.240s] INFO:colcon.colcon_core.shell:Creating package script '/opt/erc_ws/install/omni_base_bringup/share/omni_base_bringup/package.sh'
[5.241s] INFO:colcon.colcon_core.shell:Creating package script '/opt/erc_ws/install/omni_base_bringup/share/omni_base_bringup/package.bash'
[5.242s] INFO:colcon.colcon_core.shell:Creating package script '/opt/erc_ws/install/omni_base_bringup/share/omni_base_bringup/package.zsh'
[5.242s] Level 1:colcon.colcon_core.environment:create_file_with_runtime_dependencies(/opt/erc_ws/install/omni_base_bringup/share/colcon-core/packages/omni_base_bringup)
[5.243s] INFO:colcon.colcon_ros.task.ament_cmake.build:Building ROS package in '/opt/erc_ws/src/omni_base_robot/omni_base_robot' with build type 'ament_cmake'
[5.243s] INFO:colcon.colcon_cmake.task.cmake.build:Building CMake package in '/opt/erc_ws/src/omni_base_robot/omni_base_robot'
[5.243s] INFO:colcon.colcon_core.shell:Skip shell extension 'powershell' for command environment: Not usable outside of PowerShell
[5.243s] DEBUG:colcon.colcon_core.shell:Skip shell extension 'dsv' for command environment
[5.268s] DEBUG:colcon.colcon_core.event_handler.log_command:Invoking command in '/opt/erc_ws/build/omni_base_robot': AMENT_PREFIX_PATH=/opt/erc_ws/install/launch_pal:/opt/erc_ws/install/tiago_pro_robot:/opt/erc_ws/install/tiago_pro_head_robot:/opt/erc_ws/install/tiago_pro_bringup:/opt/erc_ws/install/tiago_pro_head_bringup:/opt/erc_ws/install/erc_bringup:/opt/erc_ws/install/tiago_pro_description:/opt/erc_ws/install/tiago_pro_head_description:/opt/erc_ws/install/tiago_pro_controller_configuration:/opt/erc_ws/install/tiago_pro_head_controller_configuration:/opt/erc_ws/install/sensors:/opt/erc_ws/install/pal_sea_arm:/opt/erc_ws/install/pal_sea_arm_bringup:/opt/erc_ws/install/pal_sea_arm_description:/opt/erc_ws/install/pal_pro_gripper_simulation:/opt/erc_ws/install/pal_pro_gripper_bringup:/opt/erc_ws/install/pal_pro_gripper:/opt/erc_ws/install/pal_pro_gripper_description:/opt/erc_ws/install/pal_gripper_simulation:/opt/erc_ws/install/pal_gripper:/opt/erc_ws/install/pal_gripper_description:/opt/erc_ws/install/omni_base_robot:/opt/erc_ws/install/omni_base_bringup:/opt/erc_ws/install/omni_base_description:/opt/erc_ws/install/pal_urdf_utils:/opt/erc_ws/install/pal_sea_arm_controller_configuration:/opt/erc_ws/install/pal_pro_gripper_controller_configuration:/opt/erc_ws/install/pal_pro_gripper_wrapper:/opt/erc_ws/install/pal_gripper_controller_configuration:/opt/erc_ws/install/omni_base_controller_configuration:/opt/erc_ws/install/gz_ros2_control:/opt/erc_ws/install/erc_description:/opt/erc_ws/install/erc_solution:/opt/ros/humble CMAKE_PREFIX_PATH=/opt/erc_ws/install/omni_base_bringup:/opt/erc_ws/install/omni_base_description:/opt/erc_ws/install/pal_urdf_utils:/opt/erc_ws/install/omni_base_controller_configuration:/opt/erc_ws/install/tiago_pro_robot:/opt/erc_ws/install/tiago_pro_head_robot:/opt/erc_ws/install/tiago_pro_bringup:/opt/erc_ws/install/tiago_pro_head_bringup:/opt/erc_ws/install/erc_bringup:/opt/erc_ws/install/tiago_pro_description:/opt/erc_ws/install/tiago_pro_head_description:/opt/erc_ws/install/tiago_pro_controller_configuration:/opt/erc_ws/install/tiago_pro_head_controller_configuration:/opt/erc_ws/install/pal_sea_arm:/opt/erc_ws/install/pal_sea_arm_bringup:/opt/erc_ws/install/pal_sea_arm_description:/opt/erc_ws/install/pal_pro_gripper_simulation:/opt/erc_ws/install/pal_pro_gripper_bringup:/opt/erc_ws/install/pal_pro_gripper:/opt/erc_ws/install/pal_pro_gripper_description:/opt/erc_ws/install/pal_gripper_simulation:/opt/erc_ws/install/pal_gripper:/opt/erc_ws/install/pal_gripper_description:/opt/erc_ws/install/omni_base_robot:/opt/erc_ws/install/pal_sea_arm_controller_configuration:/opt/erc_ws/install/pal_pro_gripper_controller_configuration:/opt/erc_ws/install/pal_gripper_controller_configuration:/opt/erc_ws/install/gz_ros2_control:/opt/erc_ws/install/erc_description:/opt/erc_ws/install/sensors:/opt/erc_ws/install/pal_pro_gripper_wrapper:/opt/erc_ws/install/launch_pal:/opt/erc_ws/install/erc_solution:/opt/ros/humble PYTHONPATH=/opt/erc_ws/build/launch_pal:/opt/erc_ws/install/launch_pal/lib/python3.10/site-packages:/opt/erc_ws/install/tiago_pro_description/local/lib/python3.10/dist-packages:/opt/erc_ws/install/tiago_pro_head_description/local/lib/python3.10/dist-packages:/opt/erc_ws/install/sensors/lib/python3.10/site-packages:/opt/erc_ws/install/pal_sea_arm_description/local/lib/python3.10/dist-packages:/opt/erc_ws/install/pal_pro_gripper_description/local/lib/python3.10/dist-packages:/opt/erc_ws/install/omni_base_description/local/lib/python3.10/dist-packages:/opt/erc_ws/install/pal_pro_gripper_wrapper/lib/python3.10/site-packages:/opt/erc_ws/build/erc_solution:/opt/erc_ws/install/erc_solution/lib/python3.10/site-packages:/opt/ros/humble/lib/python3.10/site-packages:/opt/ros/humble/local/lib/python3.10/dist-packages /usr/bin/cmake /opt/erc_ws/src/omni_base_robot/omni_base_robot -DAMENT_CMAKE_SYMLINK_INSTALL=1 -DCMAKE_INSTALL_PREFIX=/opt/erc_ws/install/omni_base_robot
[5.458s] DEBUG:colcon.colcon_core.event_handler.log_command:Invoked command in '/opt/erc_ws/build/pal_sea_arm_description' returned '0': AMENT_PREFIX_PATH=/opt/erc_ws/install/pal_pro_gripper_wrapper:/opt/erc_ws/install/launch_pal:/opt/erc_ws/install/tiago_pro_robot:/opt/erc_ws/install/tiago_pro_head_robot:/opt/erc_ws/install/tiago_pro_bringup:/opt/erc_ws/install/tiago_pro_head_bringup:/opt/erc_ws/install/erc_bringup:/opt/erc_ws/install/tiago_pro_description:/opt/erc_ws/install/tiago_pro_head_description:/opt/erc_ws/install/tiago_pro_controller_configuration:/opt/erc_ws/install/tiago_pro_head_controller_configuration:/opt/erc_ws/install/sensors:/opt/erc_ws/install/pal_sea_arm:/opt/erc_ws/install/pal_sea_arm_bringup:/opt/erc_ws/install/pal_sea_arm_description:/opt/erc_ws/install/pal_pro_gripper_simulation:/opt/erc_ws/install/pal_pro_gripper_bringup:/opt/erc_ws/install/pal_pro_gripper:/opt/erc_ws/install/pal_pro_gripper_description:/opt/erc_ws/install/pal_gripper_simulation:/opt/erc_ws/install/pal_gripper:/opt/erc_ws/install/pal_gripper_description:/opt/erc_ws/install/omni_base_robot:/opt/erc_ws/install/omni_base_bringup:/opt/erc_ws/install/omni_base_description:/opt/erc_ws/install/pal_urdf_utils:/opt/erc_ws/install/pal_sea_arm_controller_configuration:/opt/erc_ws/install/pal_pro_gripper_controller_configuration:/opt/erc_ws/install/pal_gripper_controller_configuration:/opt/erc_ws/install/omni_base_controller_configuration:/opt/erc_ws/install/gz_ros2_control:/opt/erc_ws/install/erc_description:/opt/erc_ws/install/erc_solution:/opt/ros/humble CMAKE_PREFIX_PATH=/opt/erc_ws/install/pal_sea_arm_controller_configuration:/opt/erc_ws/install/pal_pro_gripper_description:/opt/erc_ws/install/pal_pro_gripper_controller_configuration:/opt/erc_ws/install/pal_urdf_utils:/opt/erc_ws/install/tiago_pro_robot:/opt/erc_ws/install/tiago_pro_head_robot:/opt/erc_ws/install/tiago_pro_bringup:/opt/erc_ws/install/tiago_pro_head_bringup:/opt/erc_ws/install/erc_bringup:/opt/erc_ws/install/tiago_pro_description:/opt/erc_ws/install/tiago_pro_head_description:/opt/erc_ws/install/tiago_pro_controller_configuration:/opt/erc_ws/install/tiago_pro_head_controller_configuration:/opt/erc_ws/install/pal_sea_arm:/opt/erc_ws/install/pal_sea_arm_bringup:/opt/erc_ws/install/pal_sea_arm_description:/opt/erc_ws/install/pal_pro_gripper_simulation:/opt/erc_ws/install/pal_pro_gripper_bringup:/opt/erc_ws/install/pal_pro_gripper:/opt/erc_ws/install/pal_gripper_simulation:/opt/erc_ws/install/pal_gripper:/opt/erc_ws/install/pal_gripper_description:/opt/erc_ws/install/omni_base_robot:/opt/erc_ws/install/omni_base_bringup:/opt/erc_ws/install/omni_base_description:/opt/erc_ws/install/pal_gripper_controller_configuration:/opt/erc_ws/install/omni_base_controller_configuration:/opt/erc_ws/install/gz_ros2_control:/opt/erc_ws/install/erc_description:/opt/erc_ws/install/sensors:/opt/erc_ws/install/pal_pro_gripper_wrapper:/opt/erc_ws/install/launch_pal:/opt/erc_ws/install/erc_solution:/opt/ros/humble PYTHONPATH=/opt/erc_ws/build/pal_pro_gripper_wrapper:/opt/erc_ws/install/pal_pro_gripper_wrapper/lib/python3.10/site-packages:/opt/erc_ws/build/launch_pal:/opt/erc_ws/install/launch_pal/lib/python3.10/site-packages:/opt/erc_ws/install/tiago_pro_description/local/lib/python3.10/dist-packages:/opt/erc_ws/install/tiago_pro_head_description/local/lib/python3.10/dist-packages:/opt/erc_ws/install/sensors/lib/python3.10/site-packages:/opt/erc_ws/install/pal_sea_arm_description/local/lib/python3.10/dist-packages:/opt/erc_ws/install/pal_pro_gripper_description/local/lib/python3.10/dist-packages:/opt/erc_ws/install/omni_base_description/local/lib/python3.10/dist-packages:/opt/erc_ws/build/erc_solution:/opt/erc_ws/install/erc_solution/lib/python3.10/site-packages:/opt/ros/humble/lib/python3.10/site-packages:/opt/ros/humble/local/lib/python3.10/dist-packages /usr/bin/cmake /opt/erc_ws/src/pal_sea_arm/pal_sea_arm_description -DAMENT_CMAKE_SYMLINK_INSTALL=1 -DCMAKE_INSTALL_PREFIX=/opt/erc_ws/install/pal_sea_arm_description
[5.460s] DEBUG:colcon.colcon_core.event_handler.log_command:Invoking command in '/opt/erc_ws/build/pal_sea_arm_description': AMENT_PREFIX_PATH=/opt/erc_ws/install/pal_pro_gripper_wrapper:/opt/erc_ws/install/launch_pal:/opt/erc_ws/install/tiago_pro_robot:/opt/erc_ws/install/tiago_pro_head_robot:/opt/erc_ws/install/tiago_pro_bringup:/opt/erc_ws/install/tiago_pro_head_bringup:/opt/erc_ws/install/erc_bringup:/opt/erc_ws/install/tiago_pro_description:/opt/erc_ws/install/tiago_pro_head_description:/opt/erc_ws/install/tiago_pro_controller_configuration:/opt/erc_ws/install/tiago_pro_head_controller_configuration:/opt/erc_ws/install/sensors:/opt/erc_ws/install/pal_sea_arm:/opt/erc_ws/install/pal_sea_arm_bringup:/opt/erc_ws/install/pal_sea_arm_description:/opt/erc_ws/install/pal_pro_gripper_simulation:/opt/erc_ws/install/pal_pro_gripper_bringup:/opt/erc_ws/install/pal_pro_gripper:/opt/erc_ws/install/pal_pro_gripper_description:/opt/erc_ws/install/pal_gripper_simulation:/opt/erc_ws/install/pal_gripper:/opt/erc_ws/install/pal_gripper_description:/opt/erc_ws/install/omni_base_robot:/opt/erc_ws/install/omni_base_bringup:/opt/erc_ws/install/omni_base_description:/opt/erc_ws/install/pal_urdf_utils:/opt/erc_ws/install/pal_sea_arm_controller_configuration:/opt/erc_ws/install/pal_pro_gripper_controller_configuration:/opt/erc_ws/install/pal_gripper_controller_configuration:/opt/erc_ws/install/omni_base_controller_configuration:/opt/erc_ws/install/gz_ros2_control:/opt/erc_ws/install/erc_description:/opt/erc_ws/install/erc_solution:/opt/ros/humble CMAKE_PREFIX_PATH=/opt/erc_ws/install/pal_sea_arm_controller_configuration:/opt/erc_ws/install/pal_pro_gripper_description:/opt/erc_ws/install/pal_pro_gripper_controller_configuration:/opt/erc_ws/install/pal_urdf_utils:/opt/erc_ws/install/tiago_pro_robot:/opt/erc_ws/install/tiago_pro_head_robot:/opt/erc_ws/install/tiago_pro_bringup:/opt/erc_ws/install/tiago_pro_head_bringup:/opt/erc_ws/install/erc_bringup:/opt/erc_ws/install/tiago_pro_description:/opt/erc_ws/install/tiago_pro_head_description:/opt/erc_ws/install/tiago_pro_controller_configuration:/opt/erc_ws/install/tiago_pro_head_controller_configuration:/opt/erc_ws/install/pal_sea_arm:/opt/erc_ws/install/pal_sea_arm_bringup:/opt/erc_ws/install/pal_sea_arm_description:/opt/erc_ws/install/pal_pro_gripper_simulation:/opt/erc_ws/install/pal_pro_gripper_bringup:/opt/erc_ws/install/pal_pro_gripper:/opt/erc_ws/install/pal_gripper_simulation:/opt/erc_ws/install/pal_gripper:/opt/erc_ws/install/pal_gripper_description:/opt/erc_ws/install/omni_base_robot:/opt/erc_ws/install/omni_base_bringup:/opt/erc_ws/install/omni_base_description:/opt/erc_ws/install/pal_gripper_controller_configuration:/opt/erc_ws/install/omni_base_controller_configuration:/opt/erc_ws/install/gz_ros2_control:/opt/erc_ws/install/erc_description:/opt/erc_ws/install/sensors:/opt/erc_ws/install/pal_pro_gripper_wrapper:/opt/erc_ws/install/launch_pal:/opt/erc_ws/install/erc_solution:/opt/ros/humble PYTHONPATH=/opt/erc_ws/build/pal_pro_gripper_wrapper:/opt/erc_ws/install/pal_pro_gripper_wrapper/lib/python3.10/site-packages:/opt/erc_ws/build/launch_pal:/opt/erc_ws/install/launch_pal/lib/python3.10/site-packages:/opt/erc_ws/install/tiago_pro_description/local/lib/python3.10/dist-packages:/opt/erc_ws/install/tiago_pro_head_description/local/lib/python3.10/dist-packages:/opt/erc_ws/install/sensors/lib/python3.10/site-packages:/opt/erc_ws/install/pal_sea_arm_description/local/lib/python3.10/dist-packages:/opt/erc_ws/install/pal_pro_gripper_description/local/lib/python3.10/dist-packages:/opt/erc_ws/install/omni_base_description/local/lib/python3.10/dist-packages:/opt/erc_ws/build/erc_solution:/opt/erc_ws/install/erc_solution/lib/python3.10/site-packages:/opt/ros/humble/lib/python3.10/site-packages:/opt/ros/humble/local/lib/python3.10/dist-packages /usr/bin/cmake --build /opt/erc_ws/build/pal_sea_arm_description -- -j16 -l16
[5.711s] DEBUG:colcon.colcon_core.event_handler.log_command:Invoked command in '/opt/erc_ws/build/tiago_pro_head_bringup' returned '0': AMENT_PREFIX_PATH=/opt/erc_ws/install/launch_pal:/opt/erc_ws/install/tiago_pro_robot:/opt/erc_ws/install/tiago_pro_head_robot:/opt/erc_ws/install/tiago_pro_bringup:/opt/erc_ws/install/tiago_pro_head_bringup:/opt/erc_ws/install/erc_bringup:/opt/erc_ws/install/tiago_pro_description:/opt/erc_ws/install/tiago_pro_head_description:/opt/erc_ws/install/tiago_pro_controller_configuration:/opt/erc_ws/install/tiago_pro_head_controller_configuration:/opt/erc_ws/install/sensors:/opt/erc_ws/install/pal_sea_arm:/opt/erc_ws/install/pal_sea_arm_bringup:/opt/erc_ws/install/pal_sea_arm_description:/opt/erc_ws/install/pal_pro_gripper_simulation:/opt/erc_ws/install/pal_pro_gripper_bringup:/opt/erc_ws/install/pal_pro_gripper:/opt/erc_ws/install/pal_pro_gripper_description:/opt/erc_ws/install/pal_gripper_simulation:/opt/erc_ws/install/pal_gripper:/opt/erc_ws/install/pal_gripper_description:/opt/erc_ws/install/omni_base_robot:/opt/erc_ws/install/omni_base_bringup:/opt/erc_ws/install/omni_base_description:/opt/erc_ws/install/pal_urdf_utils:/opt/erc_ws/install/pal_sea_arm_controller_configuration:/opt/erc_ws/install/pal_pro_gripper_controller_configuration:/opt/erc_ws/install/pal_pro_gripper_wrapper:/opt/erc_ws/install/pal_gripper_controller_configuration:/opt/erc_ws/install/omni_base_controller_configuration:/opt/erc_ws/install/gz_ros2_control:/opt/erc_ws/install/erc_description:/opt/erc_ws/install/erc_solution:/opt/ros/humble CMAKE_PREFIX_PATH=/opt/erc_ws/install/tiago_pro_head_description:/opt/erc_ws/install/tiago_pro_head_controller_configuration:/opt/erc_ws/install/pal_urdf_utils:/opt/erc_ws/install/tiago_pro_robot:/opt/erc_ws/install/tiago_pro_head_robot:/opt/erc_ws/install/tiago_pro_bringup:/opt/erc_ws/install/tiago_pro_head_bringup:/opt/erc_ws/install/erc_bringup:/opt/erc_ws/install/tiago_pro_description:/opt/erc_ws/install/tiago_pro_controller_configuration:/opt/erc_ws/install/pal_sea_arm:/opt/erc_ws/install/pal_sea_arm_bringup:/opt/erc_ws/install/pal_sea_arm_description:/opt/erc_ws/install/pal_pro_gripper_simulation:/opt/erc_ws/install/pal_pro_gripper_bringup:/opt/erc_ws/install/pal_pro_gripper:/opt/erc_ws/install/pal_pro_gripper_description:/opt/erc_ws/install/pal_gripper_simulation:/opt/erc_ws/install/pal_gripper:/opt/erc_ws/install/pal_gripper_description:/opt/erc_ws/install/omni_base_robot:/opt/erc_ws/install/omni_base_bringup:/opt/erc_ws/install/omni_base_description:/opt/erc_ws/install/pal_sea_arm_controller_configuration:/opt/erc_ws/install/pal_pro_gripper_controller_configuration:/opt/erc_ws/install/pal_gripper_controller_configuration:/opt/erc_ws/install/omni_base_controller_configuration:/opt/erc_ws/install/gz_ros2_control:/opt/erc_ws/install/erc_description:/opt/erc_ws/install/sensors:/opt/erc_ws/install/pal_pro_gripper_wrapper:/opt/erc_ws/install/launch_pal:/opt/erc_ws/install/erc_solution:/opt/ros/humble PYTHONPATH=/opt/erc_ws/build/launch_pal:/opt/erc_ws/install/launch_pal/lib/python3.10/site-packages:/opt/erc_ws/install/tiago_pro_description/local/lib/python3.10/dist-packages:/opt/erc_ws/install/tiago_pro_head_description/local/lib/python3.10/dist-packages:/opt/erc_ws/install/sensors/lib/python3.10/site-packages:/opt/erc_ws/install/pal_sea_arm_description/local/lib/python3.10/dist-packages:/opt/erc_ws/install/pal_pro_gripper_description/local/lib/python3.10/dist-packages:/opt/erc_ws/install/omni_base_description/local/lib/python3.10/dist-packages:/opt/erc_ws/install/pal_pro_gripper_wrapper/lib/python3.10/site-packages:/opt/erc_ws/build/erc_solution:/opt/erc_ws/install/erc_solution/lib/python3.10/site-packages:/opt/ros/humble/lib/python3.10/site-packages:/opt/ros/humble/local/lib/python3.10/dist-packages /usr/bin/cmake /opt/erc_ws/src/tiago_pro_head_robot/tiago_pro_head_bringup -DAMENT_CMAKE_SYMLINK_INSTALL=1 -DCMAKE_INSTALL_PREFIX=/opt/erc_ws/install/tiago_pro_head_bringup
[5.714s] DEBUG:colcon.colcon_core.event_handler.log_command:Invoking command in '/opt/erc_ws/build/tiago_pro_head_bringup': AMENT_PREFIX_PATH=/opt/erc_ws/install/launch_pal:/opt/erc_ws/install/tiago_pro_robot:/opt/erc_ws/install/tiago_pro_head_robot:/opt/erc_ws/install/tiago_pro_bringup:/opt/erc_ws/install/tiago_pro_head_bringup:/opt/erc_ws/install/erc_bringup:/opt/erc_ws/install/tiago_pro_description:/opt/erc_ws/install/tiago_pro_head_description:/opt/erc_ws/install/tiago_pro_controller_configuration:/opt/erc_ws/install/tiago_pro_head_controller_configuration:/opt/erc_ws/install/sensors:/opt/erc_ws/install/pal_sea_arm:/opt/erc_ws/install/pal_sea_arm_bringup:/opt/erc_ws/install/pal_sea_arm_description:/opt/erc_ws/install/pal_pro_gripper_simulation:/opt/erc_ws/install/pal_pro_gripper_bringup:/opt/erc_ws/install/pal_pro_gripper:/opt/erc_ws/install/pal_pro_gripper_description:/opt/erc_ws/install/pal_gripper_simulation:/opt/erc_ws/install/pal_gripper:/opt/erc_ws/install/pal_gripper_description:/opt/erc_ws/install/omni_base_robot:/opt/erc_ws/install/omni_base_bringup:/opt/erc_ws/install/omni_base_description:/opt/erc_ws/install/pal_urdf_utils:/opt/erc_ws/install/pal_sea_arm_controller_configuration:/opt/erc_ws/install/pal_pro_gripper_controller_configuration:/opt/erc_ws/install/pal_pro_gripper_wrapper:/opt/erc_ws/install/pal_gripper_controller_configuration:/opt/erc_ws/install/omni_base_controller_configuration:/opt/erc_ws/install/gz_ros2_control:/opt/erc_ws/install/erc_description:/opt/erc_ws/install/erc_solution:/opt/ros/humble CMAKE_PREFIX_PATH=/opt/erc_ws/install/tiago_pro_head_description:/opt/erc_ws/install/tiago_pro_head_controller_configuration:/opt/erc_ws/install/pal_urdf_utils:/opt/erc_ws/install/tiago_pro_robot:/opt/erc_ws/install/tiago_pro_head_robot:/opt/erc_ws/install/tiago_pro_bringup:/opt/erc_ws/install/tiago_pro_head_bringup:/opt/erc_ws/install/erc_bringup:/opt/erc_ws/install/tiago_pro_description:/opt/erc_ws/install/tiago_pro_controller_configuration:/opt/erc_ws/install/pal_sea_arm:/opt/erc_ws/install/pal_sea_arm_bringup:/opt/erc_ws/install/pal_sea_arm_description:/opt/erc_ws/install/pal_pro_gripper_simulation:/opt/erc_ws/install/pal_pro_gripper_bringup:/opt/erc_ws/install/pal_pro_gripper:/opt/erc_ws/install/pal_pro_gripper_description:/opt/erc_ws/install/pal_gripper_simulation:/opt/erc_ws/install/pal_gripper:/opt/erc_ws/install/pal_gripper_description:/opt/erc_ws/install/omni_base_robot:/opt/erc_ws/install/omni_base_bringup:/opt/erc_ws/install/omni_base_description:/opt/erc_ws/install/pal_sea_arm_controller_configuration:/opt/erc_ws/install/pal_pro_gripper_controller_configuration:/opt/erc_ws/install/pal_gripper_controller_configuration:/opt/erc_ws/install/omni_base_controller_configuration:/opt/erc_ws/install/gz_ros2_control:/opt/erc_ws/install/erc_description:/opt/erc_ws/install/sensors:/opt/erc_ws/install/pal_pro_gripper_wrapper:/opt/erc_ws/install/launch_pal:/opt/erc_ws/install/erc_solution:/opt/ros/humble PYTHONPATH=/opt/erc_ws/build/launch_pal:/opt/erc_ws/install/launch_pal/lib/python3.10/site-packages:/opt/erc_ws/install/tiago_pro_description/local/lib/python3.10/dist-packages:/opt/erc_ws/install/tiago_pro_head_description/local/lib/python3.10/dist-packages:/opt/erc_ws/install/sensors/lib/python3.10/site-packages:/opt/erc_ws/install/pal_sea_arm_description/local/lib/python3.10/dist-packages:/opt/erc_ws/install/pal_pro_gripper_description/local/lib/python3.10/dist-packages:/opt/erc_ws/install/omni_base_description/local/lib/python3.10/dist-packages:/opt/erc_ws/install/pal_pro_gripper_wrapper/lib/python3.10/site-packages:/opt/erc_ws/build/erc_solution:/opt/erc_ws/install/erc_solution/lib/python3.10/site-packages:/opt/ros/humble/lib/python3.10/site-packages:/opt/ros/humble/local/lib/python3.10/dist-packages /usr/bin/cmake --build /opt/erc_ws/build/tiago_pro_head_bringup -- -j16 -l16
[5.751s] DEBUG:colcon.colcon_core.event_handler.log_command:Invoked command in '/opt/erc_ws/build/tiago_pro_head_bringup' returned '0': AMENT_PREFIX_PATH=/opt/erc_ws/install/launch_pal:/opt/erc_ws/install/tiago_pro_robot:/opt/erc_ws/install/tiago_pro_head_robot:/opt/erc_ws/install/tiago_pro_bringup:/opt/erc_ws/install/tiago_pro_head_bringup:/opt/erc_ws/install/erc_bringup:/opt/erc_ws/install/tiago_pro_description:/opt/erc_ws/install/tiago_pro_head_description:/opt/erc_ws/install/tiago_pro_controller_configuration:/opt/erc_ws/install/tiago_pro_head_controller_configuration:/opt/erc_ws/install/sensors:/opt/erc_ws/install/pal_sea_arm:/opt/erc_ws/install/pal_sea_arm_bringup:/opt/erc_ws/install/pal_sea_arm_description:/opt/erc_ws/install/pal_pro_gripper_simulation:/opt/erc_ws/install/pal_pro_gripper_bringup:/opt/erc_ws/install/pal_pro_gripper:/opt/erc_ws/install/pal_pro_gripper_description:/opt/erc_ws/install/pal_gripper_simulation:/opt/erc_ws/install/pal_gripper:/opt/erc_ws/install/pal_gripper_description:/opt/erc_ws/install/omni_base_robot:/opt/erc_ws/install/omni_base_bringup:/opt/erc_ws/install/omni_base_description:/opt/erc_ws/install/pal_urdf_utils:/opt/erc_ws/install/pal_sea_arm_controller_configuration:/opt/erc_ws/install/pal_pro_gripper_controller_configuration:/opt/erc_ws/install/pal_pro_gripper_wrapper:/opt/erc_ws/install/pal_gripper_controller_configuration:/opt/erc_ws/install/omni_base_controller_configuration:/opt/erc_ws/install/gz_ros2_control:/opt/erc_ws/install/erc_description:/opt/erc_ws/install/erc_solution:/opt/ros/humble CMAKE_PREFIX_PATH=/opt/erc_ws/install/tiago_pro_head_description:/opt/erc_ws/install/tiago_pro_head_controller_configuration:/opt/erc_ws/install/pal_urdf_utils:/opt/erc_ws/install/tiago_pro_robot:/opt/erc_ws/install/tiago_pro_head_robot:/opt/erc_ws/install/tiago_pro_bringup:/opt/erc_ws/install/tiago_pro_head_bringup:/opt/erc_ws/install/erc_bringup:/opt/erc_ws/install/tiago_pro_description:/opt/erc_ws/install/tiago_pro_controller_configuration:/opt/erc_ws/install/pal_sea_arm:/opt/erc_ws/install/pal_sea_arm_bringup:/opt/erc_ws/install/pal_sea_arm_description:/opt/erc_ws/install/pal_pro_gripper_simulation:/opt/erc_ws/install/pal_pro_gripper_bringup:/opt/erc_ws/install/pal_pro_gripper:/opt/erc_ws/install/pal_pro_gripper_description:/opt/erc_ws/install/pal_gripper_simulation:/opt/erc_ws/install/pal_gripper:/opt/erc_ws/install/pal_gripper_description:/opt/erc_ws/install/omni_base_robot:/opt/erc_ws/install/omni_base_bringup:/opt/erc_ws/install/omni_base_description:/opt/erc_ws/install/pal_sea_arm_controller_configuration:/opt/erc_ws/install/pal_pro_gripper_controller_configuration:/opt/erc_ws/install/pal_gripper_controller_configuration:/opt/erc_ws/install/omni_base_controller_configuration:/opt/erc_ws/install/gz_ros2_control:/opt/erc_ws/install/erc_description:/opt/erc_ws/install/sensors:/opt/erc_ws/install/pal_pro_gripper_wrapper:/opt/erc_ws/install/launch_pal:/opt/erc_ws/install/erc_solution:/opt/ros/humble PYTHONPATH=/opt/erc_ws/build/launch_pal:/opt/erc_ws/install/launch_pal/lib/python3.10/site-packages:/opt/erc_ws/install/tiago_pro_description/local/lib/python3.10/dist-packages:/opt/erc_ws/install/tiago_pro_head_description/local/lib/python3.10/dist-packages:/opt/erc_ws/install/sensors/lib/python3.10/site-packages:/opt/erc_ws/install/pal_sea_arm_description/local/lib/python3.10/dist-packages:/opt/erc_ws/install/pal_pro_gripper_description/local/lib/python3.10/dist-packages:/opt/erc_ws/install/omni_base_description/local/lib/python3.10/dist-packages:/opt/erc_ws/install/pal_pro_gripper_wrapper/lib/python3.10/site-packages:/opt/erc_ws/build/erc_solution:/opt/erc_ws/install/erc_solution/lib/python3.10/site-packages:/opt/ros/humble/lib/python3.10/site-packages:/opt/ros/humble/local/lib/python3.10/dist-packages /usr/bin/cmake --build /opt/erc_ws/build/tiago_pro_head_bringup -- -j16 -l16
[5.754s] DEBUG:colcon.colcon_core.event_handler.log_command:Invoking command in '/opt/erc_ws/build/tiago_pro_head_bringup': AMENT_PREFIX_PATH=/opt/erc_ws/install/launch_pal:/opt/erc_ws/install/tiago_pro_robot:/opt/erc_ws/install/tiago_pro_head_robot:/opt/erc_ws/install/tiago_pro_bringup:/opt/erc_ws/install/tiago_pro_head_bringup:/opt/erc_ws/install/erc_bringup:/opt/erc_ws/install/tiago_pro_description:/opt/erc_ws/install/tiago_pro_head_description:/opt/erc_ws/install/tiago_pro_controller_configuration:/opt/erc_ws/install/tiago_pro_head_controller_configuration:/opt/erc_ws/install/sensors:/opt/erc_ws/install/pal_sea_arm:/opt/erc_ws/install/pal_sea_arm_bringup:/opt/erc_ws/install/pal_sea_arm_description:/opt/erc_ws/install/pal_pro_gripper_simulation:/opt/erc_ws/install/pal_pro_gripper_bringup:/opt/erc_ws/install/pal_pro_gripper:/opt/erc_ws/install/pal_pro_gripper_description:/opt/erc_ws/install/pal_gripper_simulation:/opt/erc_ws/install/pal_gripper:/opt/erc_ws/install/pal_gripper_description:/opt/erc_ws/install/omni_base_robot:/opt/erc_ws/install/omni_base_bringup:/opt/erc_ws/install/omni_base_description:/opt/erc_ws/install/pal_urdf_utils:/opt/erc_ws/install/pal_sea_arm_controller_configuration:/opt/erc_ws/install/pal_pro_gripper_controller_configuration:/opt/erc_ws/install/pal_pro_gripper_wrapper:/opt/erc_ws/install/pal_gripper_controller_configuration:/opt/erc_ws/install/omni_base_controller_configuration:/opt/erc_ws/install/gz_ros2_control:/opt/erc_ws/install/erc_description:/opt/erc_ws/install/erc_solution:/opt/ros/humble CMAKE_PREFIX_PATH=/opt/erc_ws/install/tiago_pro_head_description:/opt/erc_ws/install/tiago_pro_head_controller_configuration:/opt/erc_ws/install/pal_urdf_utils:/opt/erc_ws/install/tiago_pro_robot:/opt/erc_ws/install/tiago_pro_head_robot:/opt/erc_ws/install/tiago_pro_bringup:/opt/erc_ws/install/tiago_pro_head_bringup:/opt/erc_ws/install/erc_bringup:/opt/erc_ws/install/tiago_pro_description:/opt/erc_ws/install/tiago_pro_controller_configuration:/opt/erc_ws/install/pal_sea_arm:/opt/erc_ws/install/pal_sea_arm_bringup:/opt/erc_ws/install/pal_sea_arm_description:/opt/erc_ws/install/pal_pro_gripper_simulation:/opt/erc_ws/install/pal_pro_gripper_bringup:/opt/erc_ws/install/pal_pro_gripper:/opt/erc_ws/install/pal_pro_gripper_description:/opt/erc_ws/install/pal_gripper_simulation:/opt/erc_ws/install/pal_gripper:/opt/erc_ws/install/pal_gripper_description:/opt/erc_ws/install/omni_base_robot:/opt/erc_ws/install/omni_base_bringup:/opt/erc_ws/install/omni_base_description:/opt/erc_ws/install/pal_sea_arm_controller_configuration:/opt/erc_ws/install/pal_pro_gripper_controller_configuration:/opt/erc_ws/install/pal_gripper_controller_configuration:/opt/erc_ws/install/omni_base_controller_configuration:/opt/erc_ws/install/gz_ros2_control:/opt/erc_ws/install/erc_description:/opt/erc_ws/install/sensors:/opt/erc_ws/install/pal_pro_gripper_wrapper:/opt/erc_ws/install/launch_pal:/opt/erc_ws/install/erc_solution:/opt/ros/humble PYTHONPATH=/opt/erc_ws/build/launch_pal:/opt/erc_ws/install/launch_pal/lib/python3.10/site-packages:/opt/erc_ws/install/tiago_pro_description/local/lib/python3.10/dist-packages:/opt/erc_ws/install/tiago_pro_head_description/local/lib/python3.10/dist-packages:/opt/erc_ws/install/sensors/lib/python3.10/site-packages:/opt/erc_ws/install/pal_sea_arm_description/local/lib/python3.10/dist-packages:/opt/erc_ws/install/pal_pro_gripper_description/local/lib/python3.10/dist-packages:/opt/erc_ws/install/omni_base_description/local/lib/python3.10/dist-packages:/opt/erc_ws/install/pal_pro_gripper_wrapper/lib/python3.10/site-packages:/opt/erc_ws/build/erc_solution:/opt/erc_ws/install/erc_solution/lib/python3.10/site-packages:/opt/ros/humble/lib/python3.10/site-packages:/opt/ros/humble/local/lib/python3.10/dist-packages /usr/bin/cmake --install /opt/erc_ws/build/tiago_pro_head_bringup
[5.803s] DEBUG:colcon.colcon_core.event_handler.log_command:Invoked command in '/opt/erc_ws/build/pal_sea_arm_description' returned '0': AMENT_PREFIX_PATH=/opt/erc_ws/install/pal_pro_gripper_wrapper:/opt/erc_ws/install/launch_pal:/opt/erc_ws/install/tiago_pro_robot:/opt/erc_ws/install/tiago_pro_head_robot:/opt/erc_ws/install/tiago_pro_bringup:/opt/erc_ws/install/tiago_pro_head_bringup:/opt/erc_ws/install/erc_bringup:/opt/erc_ws/install/tiago_pro_description:/opt/erc_ws/install/tiago_pro_head_description:/opt/erc_ws/install/tiago_pro_controller_configuration:/opt/erc_ws/install/tiago_pro_head_controller_configuration:/opt/erc_ws/install/sensors:/opt/erc_ws/install/pal_sea_arm:/opt/erc_ws/install/pal_sea_arm_bringup:/opt/erc_ws/install/pal_sea_arm_description:/opt/erc_ws/install/pal_pro_gripper_simulation:/opt/erc_ws/install/pal_pro_gripper_bringup:/opt/erc_ws/install/pal_pro_gripper:/opt/erc_ws/install/pal_pro_gripper_description:/opt/erc_ws/install/pal_gripper_simulation:/opt/erc_ws/install/pal_gripper:/opt/erc_ws/install/pal_gripper_description:/opt/erc_ws/install/omni_base_robot:/opt/erc_ws/install/omni_base_bringup:/opt/erc_ws/install/omni_base_description:/opt/erc_ws/install/pal_urdf_utils:/opt/erc_ws/install/pal_sea_arm_controller_configuration:/opt/erc_ws/install/pal_pro_gripper_controller_configuration:/opt/erc_ws/install/pal_gripper_controller_configuration:/opt/erc_ws/install/omni_base_controller_configuration:/opt/erc_ws/install/gz_ros2_control:/opt/erc_ws/install/erc_description:/opt/erc_ws/install/erc_solution:/opt/ros/humble CMAKE_PREFIX_PATH=/opt/erc_ws/install/pal_sea_arm_controller_configuration:/opt/erc_ws/install/pal_pro_gripper_description:/opt/erc_ws/install/pal_pro_gripper_controller_configuration:/opt/erc_ws/install/pal_urdf_utils:/opt/erc_ws/install/tiago_pro_robot:/opt/erc_ws/install/tiago_pro_head_robot:/opt/erc_ws/install/tiago_pro_bringup:/opt/erc_ws/install/tiago_pro_head_bringup:/opt/erc_ws/install/erc_bringup:/opt/erc_ws/install/tiago_pro_description:/opt/erc_ws/install/tiago_pro_head_description:/opt/erc_ws/install/tiago_pro_controller_configuration:/opt/erc_ws/install/tiago_pro_head_controller_configuration:/opt/erc_ws/install/pal_sea_arm:/opt/erc_ws/install/pal_sea_arm_bringup:/opt/erc_ws/install/pal_sea_arm_description:/opt/erc_ws/install/pal_pro_gripper_simulation:/opt/erc_ws/install/pal_pro_gripper_bringup:/opt/erc_ws/install/pal_pro_gripper:/opt/erc_ws/install/pal_gripper_simulation:/opt/erc_ws/install/pal_gripper:/opt/erc_ws/install/pal_gripper_description:/opt/erc_ws/install/omni_base_robot:/opt/erc_ws/install/omni_base_bringup:/opt/erc_ws/install/omni_base_description:/opt/erc_ws/install/pal_gripper_controller_configuration:/opt/erc_ws/install/omni_base_controller_configuration:/opt/erc_ws/install/gz_ros2_control:/opt/erc_ws/install/erc_description:/opt/erc_ws/install/sensors:/opt/erc_ws/install/pal_pro_gripper_wrapper:/opt/erc_ws/install/launch_pal:/opt/erc_ws/install/erc_solution:/opt/ros/humble PYTHONPATH=/opt/erc_ws/build/pal_pro_gripper_wrapper:/opt/erc_ws/install/pal_pro_gripper_wrapper/lib/python3.10/site-packages:/opt/erc_ws/build/launch_pal:/opt/erc_ws/install/launch_pal/lib/python3.10/site-packages:/opt/erc_ws/install/tiago_pro_description/local/lib/python3.10/dist-packages:/opt/erc_ws/install/tiago_pro_head_description/local/lib/python3.10/dist-packages:/opt/erc_ws/install/sensors/lib/python3.10/site-packages:/opt/erc_ws/install/pal_sea_arm_description/local/lib/python3.10/dist-packages:/opt/erc_ws/install/pal_pro_gripper_description/local/lib/python3.10/dist-packages:/opt/erc_ws/install/omni_base_description/local/lib/python3.10/dist-packages:/opt/erc_ws/build/erc_solution:/opt/erc_ws/install/erc_solution/lib/python3.10/site-packages:/opt/ros/humble/lib/python3.10/site-packages:/opt/ros/humble/local/lib/python3.10/dist-packages /usr/bin/cmake --build /opt/erc_ws/build/pal_sea_arm_description -- -j16 -l16
[5.807s] DEBUG:colcon.colcon_core.event_handler.log_command:Invoking command in '/opt/erc_ws/build/pal_sea_arm_description': AMENT_PREFIX_PATH=/opt/erc_ws/install/pal_pro_gripper_wrapper:/opt/erc_ws/install/launch_pal:/opt/erc_ws/install/tiago_pro_robot:/opt/erc_ws/install/tiago_pro_head_robot:/opt/erc_ws/install/tiago_pro_bringup:/opt/erc_ws/install/tiago_pro_head_bringup:/opt/erc_ws/install/erc_bringup:/opt/erc_ws/install/tiago_pro_description:/opt/erc_ws/install/tiago_pro_head_description:/opt/erc_ws/install/tiago_pro_controller_configuration:/opt/erc_ws/install/tiago_pro_head_controller_configuration:/opt/erc_ws/install/sensors:/opt/erc_ws/install/pal_sea_arm:/opt/erc_ws/install/pal_sea_arm_bringup:/opt/erc_ws/install/pal_sea_arm_description:/opt/erc_ws/install/pal_pro_gripper_simulation:/opt/erc_ws/install/pal_pro_gripper_bringup:/opt/erc_ws/install/pal_pro_gripper:/opt/erc_ws/install/pal_pro_gripper_description:/opt/erc_ws/install/pal_gripper_simulation:/opt/erc_ws/install/pal_gripper:/opt/erc_ws/install/pal_gripper_description:/opt/erc_ws/install/omni_base_robot:/opt/erc_ws/install/omni_base_bringup:/opt/erc_ws/install/omni_base_description:/opt/erc_ws/install/pal_urdf_utils:/opt/erc_ws/install/pal_sea_arm_controller_configuration:/opt/erc_ws/install/pal_pro_gripper_controller_configuration:/opt/erc_ws/install/pal_gripper_controller_configuration:/opt/erc_ws/install/omni_base_controller_configuration:/opt/erc_ws/install/gz_ros2_control:/opt/erc_ws/install/erc_description:/opt/erc_ws/install/erc_solution:/opt/ros/humble CMAKE_PREFIX_PATH=/opt/erc_ws/install/pal_sea_arm_controller_configuration:/opt/erc_ws/install/pal_pro_gripper_description:/opt/erc_ws/install/pal_pro_gripper_controller_configuration:/opt/erc_ws/install/pal_urdf_utils:/opt/erc_ws/install/tiago_pro_robot:/opt/erc_ws/install/tiago_pro_head_robot:/opt/erc_ws/install/tiago_pro_bringup:/opt/erc_ws/install/tiago_pro_head_bringup:/opt/erc_ws/install/erc_bringup:/opt/erc_ws/install/tiago_pro_description:/opt/erc_ws/install/tiago_pro_head_description:/opt/erc_ws/install/tiago_pro_controller_configuration:/opt/erc_ws/install/tiago_pro_head_controller_configuration:/opt/erc_ws/install/pal_sea_arm:/opt/erc_ws/install/pal_sea_arm_bringup:/opt/erc_ws/install/pal_sea_arm_description:/opt/erc_ws/install/pal_pro_gripper_simulation:/opt/erc_ws/install/pal_pro_gripper_bringup:/opt/erc_ws/install/pal_pro_gripper:/opt/erc_ws/install/pal_gripper_simulation:/opt/erc_ws/install/pal_gripper:/opt/erc_ws/install/pal_gripper_description:/opt/erc_ws/install/omni_base_robot:/opt/erc_ws/install/omni_base_bringup:/opt/erc_ws/install/omni_base_description:/opt/erc_ws/install/pal_gripper_controller_configuration:/opt/erc_ws/install/omni_base_controller_configuration:/opt/erc_ws/install/gz_ros2_control:/opt/erc_ws/install/erc_description:/opt/erc_ws/install/sensors:/opt/erc_ws/install/pal_pro_gripper_wrapper:/opt/erc_ws/install/launch_pal:/opt/erc_ws/install/erc_solution:/opt/ros/humble PYTHONPATH=/opt/erc_ws/build/pal_pro_gripper_wrapper:/opt/erc_ws/install/pal_pro_gripper_wrapper/lib/python3.10/site-packages:/opt/erc_ws/build/launch_pal:/opt/erc_ws/install/launch_pal/lib/python3.10/site-packages:/opt/erc_ws/install/tiago_pro_description/local/lib/python3.10/dist-packages:/opt/erc_ws/install/tiago_pro_head_description/local/lib/python3.10/dist-packages:/opt/erc_ws/install/sensors/lib/python3.10/site-packages:/opt/erc_ws/install/pal_sea_arm_description/local/lib/python3.10/dist-packages:/opt/erc_ws/install/pal_pro_gripper_description/local/lib/python3.10/dist-packages:/opt/erc_ws/install/omni_base_description/local/lib/python3.10/dist-packages:/opt/erc_ws/build/erc_solution:/opt/erc_ws/install/erc_solution/lib/python3.10/site-packages:/opt/ros/humble/lib/python3.10/site-packages:/opt/ros/humble/local/lib/python3.10/dist-packages /usr/bin/cmake --install /opt/erc_ws/build/pal_sea_arm_description
[5.920s] Level 1:colcon.colcon_core.environment:create_environment_scripts_only(tiago_pro_head_bringup)
[5.921s] Level 1:colcon.colcon_core.environment:checking '/opt/erc_ws/install/tiago_pro_head_bringup' for CMake module files
[5.921s] DEBUG:colcon.colcon_core.event_handler.log_command:Invoked command in '/opt/erc_ws/build/tiago_pro_head_bringup' returned '0': AMENT_PREFIX_PATH=/opt/erc_ws/install/launch_pal:/opt/erc_ws/install/tiago_pro_robot:/opt/erc_ws/install/tiago_pro_head_robot:/opt/erc_ws/install/tiago_pro_bringup:/opt/erc_ws/install/tiago_pro_head_bringup:/opt/erc_ws/install/erc_bringup:/opt/erc_ws/install/tiago_pro_description:/opt/erc_ws/install/tiago_pro_head_description:/opt/erc_ws/install/tiago_pro_controller_configuration:/opt/erc_ws/install/tiago_pro_head_controller_configuration:/opt/erc_ws/install/sensors:/opt/erc_ws/install/pal_sea_arm:/opt/erc_ws/install/pal_sea_arm_bringup:/opt/erc_ws/install/pal_sea_arm_description:/opt/erc_ws/install/pal_pro_gripper_simulation:/opt/erc_ws/install/pal_pro_gripper_bringup:/opt/erc_ws/install/pal_pro_gripper:/opt/erc_ws/install/pal_pro_gripper_description:/opt/erc_ws/install/pal_gripper_simulation:/opt/erc_ws/install/pal_gripper:/opt/erc_ws/install/pal_gripper_description:/opt/erc_ws/install/omni_base_robot:/opt/erc_ws/install/omni_base_bringup:/opt/erc_ws/install/omni_base_description:/opt/erc_ws/install/pal_urdf_utils:/opt/erc_ws/install/pal_sea_arm_controller_configuration:/opt/erc_ws/install/pal_pro_gripper_controller_configuration:/opt/erc_ws/install/pal_pro_gripper_wrapper:/opt/erc_ws/install/pal_gripper_controller_configuration:/opt/erc_ws/install/omni_base_controller_configuration:/opt/erc_ws/install/gz_ros2_control:/opt/erc_ws/install/erc_description:/opt/erc_ws/install/erc_solution:/opt/ros/humble CMAKE_PREFIX_PATH=/opt/erc_ws/install/tiago_pro_head_description:/opt/erc_ws/install/tiago_pro_head_controller_configuration:/opt/erc_ws/install/pal_urdf_utils:/opt/erc_ws/install/tiago_pro_robot:/opt/erc_ws/install/tiago_pro_head_robot:/opt/erc_ws/install/tiago_pro_bringup:/opt/erc_ws/install/tiago_pro_head_bringup:/opt/erc_ws/install/erc_bringup:/opt/erc_ws/install/tiago_pro_description:/opt/erc_ws/install/tiago_pro_controller_configuration:/opt/erc_ws/install/pal_sea_arm:/opt/erc_ws/install/pal_sea_arm_bringup:/opt/erc_ws/install/pal_sea_arm_description:/opt/erc_ws/install/pal_pro_gripper_simulation:/opt/erc_ws/install/pal_pro_gripper_bringup:/opt/erc_ws/install/pal_pro_gripper:/opt/erc_ws/install/pal_pro_gripper_description:/opt/erc_ws/install/pal_gripper_simulation:/opt/erc_ws/install/pal_gripper:/opt/erc_ws/install/pal_gripper_description:/opt/erc_ws/install/omni_base_robot:/opt/erc_ws/install/omni_base_bringup:/opt/erc_ws/install/omni_base_description:/opt/erc_ws/install/pal_sea_arm_controller_configuration:/opt/erc_ws/install/pal_pro_gripper_controller_configuration:/opt/erc_ws/install/pal_gripper_controller_configuration:/opt/erc_ws/install/omni_base_controller_configuration:/opt/erc_ws/install/gz_ros2_control:/opt/erc_ws/install/erc_description:/opt/erc_ws/install/sensors:/opt/erc_ws/install/pal_pro_gripper_wrapper:/opt/erc_ws/install/launch_pal:/opt/erc_ws/install/erc_solution:/opt/ros/humble PYTHONPATH=/opt/erc_ws/build/launch_pal:/opt/erc_ws/install/launch_pal/lib/python3.10/site-packages:/opt/erc_ws/install/tiago_pro_description/local/lib/python3.10/dist-packages:/opt/erc_ws/install/tiago_pro_head_description/local/lib/python3.10/dist-packages:/opt/erc_ws/install/sensors/lib/python3.10/site-packages:/opt/erc_ws/install/pal_sea_arm_description/local/lib/python3.10/dist-packages:/opt/erc_ws/install/pal_pro_gripper_description/local/lib/python3.10/dist-packages:/opt/erc_ws/install/omni_base_description/local/lib/python3.10/dist-packages:/opt/erc_ws/install/pal_pro_gripper_wrapper/lib/python3.10/site-packages:/opt/erc_ws/build/erc_solution:/opt/erc_ws/install/erc_solution/lib/python3.10/site-packages:/opt/ros/humble/lib/python3.10/site-packages:/opt/ros/humble/local/lib/python3.10/dist-packages /usr/bin/cmake --install /opt/erc_ws/build/tiago_pro_head_bringup
[5.922s] Level 1:colcon.colcon_core.environment:checking '/opt/erc_ws/install/tiago_pro_head_bringup' for CMake config files
[5.922s] Level 1:colcon.colcon_core.shell:create_environment_hook('tiago_pro_head_bringup', 'cmake_prefix_path')
[5.922s] INFO:colcon.colcon_core.shell:Creating environment hook '/opt/erc_ws/install/tiago_pro_head_bringup/share/tiago_pro_head_bringup/hook/cmake_prefix_path.ps1'
[5.923s] INFO:colcon.colcon_core.shell:Creating environment descriptor '/opt/erc_ws/install/tiago_pro_head_bringup/share/tiago_pro_head_bringup/hook/cmake_prefix_path.dsv'
[5.923s] INFO:colcon.colcon_core.shell:Creating environment hook '/opt/erc_ws/install/tiago_pro_head_bringup/share/tiago_pro_head_bringup/hook/cmake_prefix_path.sh'
[5.924s] Level 1:colcon.colcon_core.environment:checking '/opt/erc_ws/install/tiago_pro_head_bringup/bin'
[5.924s] Level 1:colcon.colcon_core.environment:checking '/opt/erc_ws/install/tiago_pro_head_bringup/lib/pkgconfig/tiago_pro_head_bringup.pc'
[5.924s] Level 1:colcon.colcon_core.environment:checking '/opt/erc_ws/install/tiago_pro_head_bringup/lib/python3.10/site-packages'
[5.924s] Level 1:colcon.colcon_core.environment:checking '/opt/erc_ws/install/tiago_pro_head_bringup/bin'
[5.924s] INFO:colcon.colcon_core.shell:Creating package script '/opt/erc_ws/install/tiago_pro_head_bringup/share/tiago_pro_head_bringup/package.ps1'
[5.925s] INFO:colcon.colcon_core.shell:Creating package descriptor '/opt/erc_ws/install/tiago_pro_head_bringup/share/tiago_pro_head_bringup/package.dsv'
[5.926s] INFO:colcon.colcon_core.shell:Creating package script '/opt/erc_ws/install/tiago_pro_head_bringup/share/tiago_pro_head_bringup/package.sh'
[5.927s] INFO:colcon.colcon_core.shell:Creating package script '/opt/erc_ws/install/tiago_pro_head_bringup/share/tiago_pro_head_bringup/package.bash'
[5.928s] INFO:colcon.colcon_core.shell:Creating package script '/opt/erc_ws/install/tiago_pro_head_bringup/share/tiago_pro_head_bringup/package.zsh'
[5.928s] Level 1:colcon.colcon_core.environment:create_file_with_runtime_dependencies(/opt/erc_ws/install/tiago_pro_head_bringup/share/colcon-core/packages/tiago_pro_head_bringup)
[5.930s] Level 1:colcon.colcon_core.environment:create_environment_scripts_only(tiago_pro_head_bringup)
[5.930s] Level 1:colcon.colcon_core.environment:checking '/opt/erc_ws/install/tiago_pro_head_bringup' for CMake module files
[5.931s] Level 1:colcon.colcon_core.environment:checking '/opt/erc_ws/install/tiago_pro_head_bringup' for CMake config files
[5.931s] Level 1:colcon.colcon_core.shell:create_environment_hook('tiago_pro_head_bringup', 'cmake_prefix_path')
[5.931s] INFO:colcon.colcon_core.shell:Creating environment hook '/opt/erc_ws/install/tiago_pro_head_bringup/share/tiago_pro_head_bringup/hook/cmake_prefix_path.ps1'
[5.932s] INFO:colcon.colcon_core.shell:Creating environment descriptor '/opt/erc_ws/install/tiago_pro_head_bringup/share/tiago_pro_head_bringup/hook/cmake_prefix_path.dsv'
[5.932s] INFO:colcon.colcon_core.shell:Creating environment hook '/opt/erc_ws/install/tiago_pro_head_bringup/share/tiago_pro_head_bringup/hook/cmake_prefix_path.sh'
[5.933s] Level 1:colcon.colcon_core.environment:checking '/opt/erc_ws/install/tiago_pro_head_bringup/bin'
[5.933s] Level 1:colcon.colcon_core.environment:checking '/opt/erc_ws/install/tiago_pro_head_bringup/lib/pkgconfig/tiago_pro_head_bringup.pc'
[5.934s] Level 1:colcon.colcon_core.environment:checking '/opt/erc_ws/install/tiago_pro_head_bringup/lib/python3.10/site-packages'
[5.934s] Level 1:colcon.colcon_core.environment:checking '/opt/erc_ws/install/tiago_pro_head_bringup/bin'
[5.935s] INFO:colcon.colcon_core.shell:Creating package script '/opt/erc_ws/install/tiago_pro_head_bringup/share/tiago_pro_head_bringup/package.ps1'
[5.937s] INFO:colcon.colcon_core.shell:Creating package descriptor '/opt/erc_ws/install/tiago_pro_head_bringup/share/tiago_pro_head_bringup/package.dsv'
[5.938s] INFO:colcon.colcon_core.shell:Creating package script '/opt/erc_ws/install/tiago_pro_head_bringup/share/tiago_pro_head_bringup/package.sh'
[5.939s] INFO:colcon.colcon_core.shell:Creating package script '/opt/erc_ws/install/tiago_pro_head_bringup/share/tiago_pro_head_bringup/package.bash'
[5.940s] INFO:colcon.colcon_core.shell:Creating package script '/opt/erc_ws/install/tiago_pro_head_bringup/share/tiago_pro_head_bringup/package.zsh'
[5.940s] Level 1:colcon.colcon_core.environment:create_file_with_runtime_dependencies(/opt/erc_ws/install/tiago_pro_head_bringup/share/colcon-core/packages/tiago_pro_head_bringup)
[5.941s] INFO:colcon.colcon_ros.task.ament_cmake.build:Building ROS package in '/opt/erc_ws/src/tiago_pro_head_robot/tiago_pro_head_robot' with build type 'ament_cmake'
[5.941s] INFO:colcon.colcon_cmake.task.cmake.build:Building CMake package in '/opt/erc_ws/src/tiago_pro_head_robot/tiago_pro_head_robot'
[5.941s] INFO:colcon.colcon_core.shell:Skip shell extension 'powershell' for command environment: Not usable outside of PowerShell
[5.942s] DEBUG:colcon.colcon_core.shell:Skip shell extension 'dsv' for command environment
[5.968s] DEBUG:colcon.colcon_core.event_handler.log_command:Invoking command in '/opt/erc_ws/build/tiago_pro_head_robot': AMENT_PREFIX_PATH=/opt/erc_ws/install/launch_pal:/opt/erc_ws/install/tiago_pro_robot:/opt/erc_ws/install/tiago_pro_head_robot:/opt/erc_ws/install/tiago_pro_bringup:/opt/erc_ws/install/tiago_pro_head_bringup:/opt/erc_ws/install/erc_bringup:/opt/erc_ws/install/tiago_pro_description:/opt/erc_ws/install/tiago_pro_head_description:/opt/erc_ws/install/tiago_pro_controller_configuration:/opt/erc_ws/install/tiago_pro_head_controller_configuration:/opt/erc_ws/install/sensors:/opt/erc_ws/install/pal_sea_arm:/opt/erc_ws/install/pal_sea_arm_bringup:/opt/erc_ws/install/pal_sea_arm_description:/opt/erc_ws/install/pal_pro_gripper_simulation:/opt/erc_ws/install/pal_pro_gripper_bringup:/opt/erc_ws/install/pal_pro_gripper:/opt/erc_ws/install/pal_pro_gripper_description:/opt/erc_ws/install/pal_gripper_simulation:/opt/erc_ws/install/pal_gripper:/opt/erc_ws/install/pal_gripper_description:/opt/erc_ws/install/omni_base_robot:/opt/erc_ws/install/omni_base_bringup:/opt/erc_ws/install/omni_base_description:/opt/erc_ws/install/pal_urdf_utils:/opt/erc_ws/install/pal_sea_arm_controller_configuration:/opt/erc_ws/install/pal_pro_gripper_controller_configuration:/opt/erc_ws/install/pal_pro_gripper_wrapper:/opt/erc_ws/install/pal_gripper_controller_configuration:/opt/erc_ws/install/omni_base_controller_configuration:/opt/erc_ws/install/gz_ros2_control:/opt/erc_ws/install/erc_description:/opt/erc_ws/install/erc_solution:/opt/ros/humble CMAKE_PREFIX_PATH=/opt/erc_ws/install/tiago_pro_head_bringup:/opt/erc_ws/install/tiago_pro_head_description:/opt/erc_ws/install/tiago_pro_head_controller_configuration:/opt/erc_ws/install/pal_urdf_utils:/opt/erc_ws/install/tiago_pro_robot:/opt/erc_ws/install/tiago_pro_head_robot:/opt/erc_ws/install/tiago_pro_bringup:/opt/erc_ws/install/erc_bringup:/opt/erc_ws/install/tiago_pro_description:/opt/erc_ws/install/tiago_pro_controller_configuration:/opt/erc_ws/install/pal_sea_arm:/opt/erc_ws/install/pal_sea_arm_bringup:/opt/erc_ws/install/pal_sea_arm_description:/opt/erc_ws/install/pal_pro_gripper_simulation:/opt/erc_ws/install/pal_pro_gripper_bringup:/opt/erc_ws/install/pal_pro_gripper:/opt/erc_ws/install/pal_pro_gripper_description:/opt/erc_ws/install/pal_gripper_simulation:/opt/erc_ws/install/pal_gripper:/opt/erc_ws/install/pal_gripper_description:/opt/erc_ws/install/omni_base_robot:/opt/erc_ws/install/omni_base_bringup:/opt/erc_ws/install/omni_base_description:/opt/erc_ws/install/pal_sea_arm_controller_configuration:/opt/erc_ws/install/pal_pro_gripper_controller_configuration:/opt/erc_ws/install/pal_gripper_controller_configuration:/opt/erc_ws/install/omni_base_controller_configuration:/opt/erc_ws/install/gz_ros2_control:/opt/erc_ws/install/erc_description:/opt/erc_ws/install/sensors:/opt/erc_ws/install/pal_pro_gripper_wrapper:/opt/erc_ws/install/launch_pal:/opt/erc_ws/install/erc_solution:/opt/ros/humble PYTHONPATH=/opt/erc_ws/build/launch_pal:/opt/erc_ws/install/launch_pal/lib/python3.10/site-packages:/opt/erc_ws/install/tiago_pro_description/local/lib/python3.10/dist-packages:/opt/erc_ws/install/tiago_pro_head_description/local/lib/python3.10/dist-packages:/opt/erc_ws/install/sensors/lib/python3.10/site-packages:/opt/erc_ws/install/pal_sea_arm_description/local/lib/python3.10/dist-packages:/opt/erc_ws/install/pal_pro_gripper_description/local/lib/python3.10/dist-packages:/opt/erc_ws/install/omni_base_description/local/lib/python3.10/dist-packages:/opt/erc_ws/install/pal_pro_gripper_wrapper/lib/python3.10/site-packages:/opt/erc_ws/build/erc_solution:/opt/erc_ws/install/erc_solution/lib/python3.10/site-packages:/opt/ros/humble/lib/python3.10/site-packages:/opt/ros/humble/local/lib/python3.10/dist-packages /usr/bin/cmake /opt/erc_ws/src/tiago_pro_head_robot/tiago_pro_head_robot -DAMENT_CMAKE_SYMLINK_INSTALL=1 -DCMAKE_INSTALL_PREFIX=/opt/erc_ws/install/tiago_pro_head_robot
[5.984s] DEBUG:colcon.colcon_core.event_handler.log_command:Invoked command in '/opt/erc_ws/build/omni_base_robot' returned '0': AMENT_PREFIX_PATH=/opt/erc_ws/install/launch_pal:/opt/erc_ws/install/tiago_pro_robot:/opt/erc_ws/install/tiago_pro_head_robot:/opt/erc_ws/install/tiago_pro_bringup:/opt/erc_ws/install/tiago_pro_head_bringup:/opt/erc_ws/install/erc_bringup:/opt/erc_ws/install/tiago_pro_description:/opt/erc_ws/install/tiago_pro_head_description:/opt/erc_ws/install/tiago_pro_controller_configuration:/opt/erc_ws/install/tiago_pro_head_controller_configuration:/opt/erc_ws/install/sensors:/opt/erc_ws/install/pal_sea_arm:/opt/erc_ws/install/pal_sea_arm_bringup:/opt/erc_ws/install/pal_sea_arm_description:/opt/erc_ws/install/pal_pro_gripper_simulation:/opt/erc_ws/install/pal_pro_gripper_bringup:/opt/erc_ws/install/pal_pro_gripper:/opt/erc_ws/install/pal_pro_gripper_description:/opt/erc_ws/install/pal_gripper_simulation:/opt/erc_ws/install/pal_gripper:/opt/erc_ws/install/pal_gripper_description:/opt/erc_ws/install/omni_base_robot:/opt/erc_ws/install/omni_base_bringup:/opt/erc_ws/install/omni_base_description:/opt/erc_ws/install/pal_urdf_utils:/opt/erc_ws/install/pal_sea_arm_controller_configuration:/opt/erc_ws/install/pal_pro_gripper_controller_configuration:/opt/erc_ws/install/pal_pro_gripper_wrapper:/opt/erc_ws/install/pal_gripper_controller_configuration:/opt/erc_ws/install/omni_base_controller_configuration:/opt/erc_ws/install/gz_ros2_control:/opt/erc_ws/install/erc_description:/opt/erc_ws/install/erc_solution:/opt/ros/humble CMAKE_PREFIX_PATH=/opt/erc_ws/install/omni_base_bringup:/opt/erc_ws/install/omni_base_description:/opt/erc_ws/install/pal_urdf_utils:/opt/erc_ws/install/omni_base_controller_configuration:/opt/erc_ws/install/tiago_pro_robot:/opt/erc_ws/install/tiago_pro_head_robot:/opt/erc_ws/install/tiago_pro_bringup:/opt/erc_ws/install/tiago_pro_head_bringup:/opt/erc_ws/install/erc_bringup:/opt/erc_ws/install/tiago_pro_description:/opt/erc_ws/install/tiago_pro_head_description:/opt/erc_ws/install/tiago_pro_controller_configuration:/opt/erc_ws/install/tiago_pro_head_controller_configuration:/opt/erc_ws/install/pal_sea_arm:/opt/erc_ws/install/pal_sea_arm_bringup:/opt/erc_ws/install/pal_sea_arm_description:/opt/erc_ws/install/pal_pro_gripper_simulation:/opt/erc_ws/install/pal_pro_gripper_bringup:/opt/erc_ws/install/pal_pro_gripper:/opt/erc_ws/install/pal_pro_gripper_description:/opt/erc_ws/install/pal_gripper_simulation:/opt/erc_ws/install/pal_gripper:/opt/erc_ws/install/pal_gripper_description:/opt/erc_ws/install/omni_base_robot:/opt/erc_ws/install/pal_sea_arm_controller_configuration:/opt/erc_ws/install/pal_pro_gripper_controller_configuration:/opt/erc_ws/install/pal_gripper_controller_configuration:/opt/erc_ws/install/gz_ros2_control:/opt/erc_ws/install/erc_description:/opt/erc_ws/install/sensors:/opt/erc_ws/install/pal_pro_gripper_wrapper:/opt/erc_ws/install/launch_pal:/opt/erc_ws/install/erc_solution:/opt/ros/humble PYTHONPATH=/opt/erc_ws/build/launch_pal:/opt/erc_ws/install/launch_pal/lib/python3.10/site-packages:/opt/erc_ws/install/tiago_pro_description/local/lib/python3.10/dist-packages:/opt/erc_ws/install/tiago_pro_head_description/local/lib/python3.10/dist-packages:/opt/erc_ws/install/sensors/lib/python3.10/site-packages:/opt/erc_ws/install/pal_sea_arm_description/local/lib/python3.10/dist-packages:/opt/erc_ws/install/pal_pro_gripper_description/local/lib/python3.10/dist-packages:/opt/erc_ws/install/omni_base_description/local/lib/python3.10/dist-packages:/opt/erc_ws/install/pal_pro_gripper_wrapper/lib/python3.10/site-packages:/opt/erc_ws/build/erc_solution:/opt/erc_ws/install/erc_solution/lib/python3.10/site-packages:/opt/ros/humble/lib/python3.10/site-packages:/opt/ros/humble/local/lib/python3.10/dist-packages /usr/bin/cmake /opt/erc_ws/src/omni_base_robot/omni_base_robot -DAMENT_CMAKE_SYMLINK_INSTALL=1 -DCMAKE_INSTALL_PREFIX=/opt/erc_ws/install/omni_base_robot
[5.987s] DEBUG:colcon.colcon_core.event_handler.log_command:Invoking command in '/opt/erc_ws/build/omni_base_robot': AMENT_PREFIX_PATH=/opt/erc_ws/install/launch_pal:/opt/erc_ws/install/tiago_pro_robot:/opt/erc_ws/install/tiago_pro_head_robot:/opt/erc_ws/install/tiago_pro_bringup:/opt/erc_ws/install/tiago_pro_head_bringup:/opt/erc_ws/install/erc_bringup:/opt/erc_ws/install/tiago_pro_description:/opt/erc_ws/install/tiago_pro_head_description:/opt/erc_ws/install/tiago_pro_controller_configuration:/opt/erc_ws/install/tiago_pro_head_controller_configuration:/opt/erc_ws/install/sensors:/opt/erc_ws/install/pal_sea_arm:/opt/erc_ws/install/pal_sea_arm_bringup:/opt/erc_ws/install/pal_sea_arm_description:/opt/erc_ws/install/pal_pro_gripper_simulation:/opt/erc_ws/install/pal_pro_gripper_bringup:/opt/erc_ws/install/pal_pro_gripper:/opt/erc_ws/install/pal_pro_gripper_description:/opt/erc_ws/install/pal_gripper_simulation:/opt/erc_ws/install/pal_gripper:/opt/erc_ws/install/pal_gripper_description:/opt/erc_ws/install/omni_base_robot:/opt/erc_ws/install/omni_base_bringup:/opt/erc_ws/install/omni_base_description:/opt/erc_ws/install/pal_urdf_utils:/opt/erc_ws/install/pal_sea_arm_controller_configuration:/opt/erc_ws/install/pal_pro_gripper_controller_configuration:/opt/erc_ws/install/pal_pro_gripper_wrapper:/opt/erc_ws/install/pal_gripper_controller_configuration:/opt/erc_ws/install/omni_base_controller_configuration:/opt/erc_ws/install/gz_ros2_control:/opt/erc_ws/install/erc_description:/opt/erc_ws/install/erc_solution:/opt/ros/humble CMAKE_PREFIX_PATH=/opt/erc_ws/install/omni_base_bringup:/opt/erc_ws/install/omni_base_description:/opt/erc_ws/install/pal_urdf_utils:/opt/erc_ws/install/omni_base_controller_configuration:/opt/erc_ws/install/tiago_pro_robot:/opt/erc_ws/install/tiago_pro_head_robot:/opt/erc_ws/install/tiago_pro_bringup:/opt/erc_ws/install/tiago_pro_head_bringup:/opt/erc_ws/install/erc_bringup:/opt/erc_ws/install/tiago_pro_description:/opt/erc_ws/install/tiago_pro_head_description:/opt/erc_ws/install/tiago_pro_controller_configuration:/opt/erc_ws/install/tiago_pro_head_controller_configuration:/opt/erc_ws/install/pal_sea_arm:/opt/erc_ws/install/pal_sea_arm_bringup:/opt/erc_ws/install/pal_sea_arm_description:/opt/erc_ws/install/pal_pro_gripper_simulation:/opt/erc_ws/install/pal_pro_gripper_bringup:/opt/erc_ws/install/pal_pro_gripper:/opt/erc_ws/install/pal_pro_gripper_description:/opt/erc_ws/install/pal_gripper_simulation:/opt/erc_ws/install/pal_gripper:/opt/erc_ws/install/pal_gripper_description:/opt/erc_ws/install/omni_base_robot:/opt/erc_ws/install/pal_sea_arm_controller_configuration:/opt/erc_ws/install/pal_pro_gripper_controller_configuration:/opt/erc_ws/install/pal_gripper_controller_configuration:/opt/erc_ws/install/gz_ros2_control:/opt/erc_ws/install/erc_description:/opt/erc_ws/install/sensors:/opt/erc_ws/install/pal_pro_gripper_wrapper:/opt/erc_ws/install/launch_pal:/opt/erc_ws/install/erc_solution:/opt/ros/humble PYTHONPATH=/opt/erc_ws/build/launch_pal:/opt/erc_ws/install/launch_pal/lib/python3.10/site-packages:/opt/erc_ws/install/tiago_pro_description/local/lib/python3.10/dist-packages:/opt/erc_ws/install/tiago_pro_head_description/local/lib/python3.10/dist-packages:/opt/erc_ws/install/sensors/lib/python3.10/site-packages:/opt/erc_ws/install/pal_sea_arm_description/local/lib/python3.10/dist-packages:/opt/erc_ws/install/pal_pro_gripper_description/local/lib/python3.10/dist-packages:/opt/erc_ws/install/omni_base_description/local/lib/python3.10/dist-packages:/opt/erc_ws/install/pal_pro_gripper_wrapper/lib/python3.10/site-packages:/opt/erc_ws/build/erc_solution:/opt/erc_ws/install/erc_solution/lib/python3.10/site-packages:/opt/ros/humble/lib/python3.10/site-packages:/opt/ros/humble/local/lib/python3.10/dist-packages /usr/bin/cmake --build /opt/erc_ws/build/omni_base_robot -- -j16 -l16
[6.024s] DEBUG:colcon.colcon_core.event_handler.log_command:Invoked command in '/opt/erc_ws/build/omni_base_robot' returned '0': AMENT_PREFIX_PATH=/opt/erc_ws/install/launch_pal:/opt/erc_ws/install/tiago_pro_robot:/opt/erc_ws/install/tiago_pro_head_robot:/opt/erc_ws/install/tiago_pro_bringup:/opt/erc_ws/install/tiago_pro_head_bringup:/opt/erc_ws/install/erc_bringup:/opt/erc_ws/install/tiago_pro_description:/opt/erc_ws/install/tiago_pro_head_description:/opt/erc_ws/install/tiago_pro_controller_configuration:/opt/erc_ws/install/tiago_pro_head_controller_configuration:/opt/erc_ws/install/sensors:/opt/erc_ws/install/pal_sea_arm:/opt/erc_ws/install/pal_sea_arm_bringup:/opt/erc_ws/install/pal_sea_arm_description:/opt/erc_ws/install/pal_pro_gripper_simulation:/opt/erc_ws/install/pal_pro_gripper_bringup:/opt/erc_ws/install/pal_pro_gripper:/opt/erc_ws/install/pal_pro_gripper_description:/opt/erc_ws/install/pal_gripper_simulation:/opt/erc_ws/install/pal_gripper:/opt/erc_ws/install/pal_gripper_description:/opt/erc_ws/install/omni_base_robot:/opt/erc_ws/install/omni_base_bringup:/opt/erc_ws/install/omni_base_description:/opt/erc_ws/install/pal_urdf_utils:/opt/erc_ws/install/pal_sea_arm_controller_configuration:/opt/erc_ws/install/pal_pro_gripper_controller_configuration:/opt/erc_ws/install/pal_pro_gripper_wrapper:/opt/erc_ws/install/pal_gripper_controller_configuration:/opt/erc_ws/install/omni_base_controller_configuration:/opt/erc_ws/install/gz_ros2_control:/opt/erc_ws/install/erc_description:/opt/erc_ws/install/erc_solution:/opt/ros/humble CMAKE_PREFIX_PATH=/opt/erc_ws/install/omni_base_bringup:/opt/erc_ws/install/omni_base_description:/opt/erc_ws/install/pal_urdf_utils:/opt/erc_ws/install/omni_base_controller_configuration:/opt/erc_ws/install/tiago_pro_robot:/opt/erc_ws/install/tiago_pro_head_robot:/opt/erc_ws/install/tiago_pro_bringup:/opt/erc_ws/install/tiago_pro_head_bringup:/opt/erc_ws/install/erc_bringup:/opt/erc_ws/install/tiago_pro_description:/opt/erc_ws/install/tiago_pro_head_description:/opt/erc_ws/install/tiago_pro_controller_configuration:/opt/erc_ws/install/tiago_pro_head_controller_configuration:/opt/erc_ws/install/pal_sea_arm:/opt/erc_ws/install/pal_sea_arm_bringup:/opt/erc_ws/install/pal_sea_arm_description:/opt/erc_ws/install/pal_pro_gripper_simulation:/opt/erc_ws/install/pal_pro_gripper_bringup:/opt/erc_ws/install/pal_pro_gripper:/opt/erc_ws/install/pal_pro_gripper_description:/opt/erc_ws/install/pal_gripper_simulation:/opt/erc_ws/install/pal_gripper:/opt/erc_ws/install/pal_gripper_description:/opt/erc_ws/install/omni_base_robot:/opt/erc_ws/install/pal_sea_arm_controller_configuration:/opt/erc_ws/install/pal_pro_gripper_controller_configuration:/opt/erc_ws/install/pal_gripper_controller_configuration:/opt/erc_ws/install/gz_ros2_control:/opt/erc_ws/install/erc_description:/opt/erc_ws/install/sensors:/opt/erc_ws/install/pal_pro_gripper_wrapper:/opt/erc_ws/install/launch_pal:/opt/erc_ws/install/erc_solution:/opt/ros/humble PYTHONPATH=/opt/erc_ws/build/launch_pal:/opt/erc_ws/install/launch_pal/lib/python3.10/site-packages:/opt/erc_ws/install/tiago_pro_description/local/lib/python3.10/dist-packages:/opt/erc_ws/install/tiago_pro_head_description/local/lib/python3.10/dist-packages:/opt/erc_ws/install/sensors/lib/python3.10/site-packages:/opt/erc_ws/install/pal_sea_arm_description/local/lib/python3.10/dist-packages:/opt/erc_ws/install/pal_pro_gripper_description/local/lib/python3.10/dist-packages:/opt/erc_ws/install/omni_base_description/local/lib/python3.10/dist-packages:/opt/erc_ws/install/pal_pro_gripper_wrapper/lib/python3.10/site-packages:/opt/erc_ws/build/erc_solution:/opt/erc_ws/install/erc_solution/lib/python3.10/site-packages:/opt/ros/humble/lib/python3.10/site-packages:/opt/ros/humble/local/lib/python3.10/dist-packages /usr/bin/cmake --build /opt/erc_ws/build/omni_base_robot -- -j16 -l16
[6.027s] DEBUG:colcon.colcon_core.event_handler.log_command:Invoking command in '/opt/erc_ws/build/omni_base_robot': AMENT_PREFIX_PATH=/opt/erc_ws/install/launch_pal:/opt/erc_ws/install/tiago_pro_robot:/opt/erc_ws/install/tiago_pro_head_robot:/opt/erc_ws/install/tiago_pro_bringup:/opt/erc_ws/install/tiago_pro_head_bringup:/opt/erc_ws/install/erc_bringup:/opt/erc_ws/install/tiago_pro_description:/opt/erc_ws/install/tiago_pro_head_description:/opt/erc_ws/install/tiago_pro_controller_configuration:/opt/erc_ws/install/tiago_pro_head_controller_configuration:/opt/erc_ws/install/sensors:/opt/erc_ws/install/pal_sea_arm:/opt/erc_ws/install/pal_sea_arm_bringup:/opt/erc_ws/install/pal_sea_arm_description:/opt/erc_ws/install/pal_pro_gripper_simulation:/opt/erc_ws/install/pal_pro_gripper_bringup:/opt/erc_ws/install/pal_pro_gripper:/opt/erc_ws/install/pal_pro_gripper_description:/opt/erc_ws/install/pal_gripper_simulation:/opt/erc_ws/install/pal_gripper:/opt/erc_ws/install/pal_gripper_description:/opt/erc_ws/install/omni_base_robot:/opt/erc_ws/install/omni_base_bringup:/opt/erc_ws/install/omni_base_description:/opt/erc_ws/install/pal_urdf_utils:/opt/erc_ws/install/pal_sea_arm_controller_configuration:/opt/erc_ws/install/pal_pro_gripper_controller_configuration:/opt/erc_ws/install/pal_pro_gripper_wrapper:/opt/erc_ws/install/pal_gripper_controller_configuration:/opt/erc_ws/install/omni_base_controller_configuration:/opt/erc_ws/install/gz_ros2_control:/opt/erc_ws/install/erc_description:/opt/erc_ws/install/erc_solution:/opt/ros/humble CMAKE_PREFIX_PATH=/opt/erc_ws/install/omni_base_bringup:/opt/erc_ws/install/omni_base_description:/opt/erc_ws/install/pal_urdf_utils:/opt/erc_ws/install/omni_base_controller_configuration:/opt/erc_ws/install/tiago_pro_robot:/opt/erc_ws/install/tiago_pro_head_robot:/opt/erc_ws/install/tiago_pro_bringup:/opt/erc_ws/install/tiago_pro_head_bringup:/opt/erc_ws/install/erc_bringup:/opt/erc_ws/install/tiago_pro_description:/opt/erc_ws/install/tiago_pro_head_description:/opt/erc_ws/install/tiago_pro_controller_configuration:/opt/erc_ws/install/tiago_pro_head_controller_configuration:/opt/erc_ws/install/pal_sea_arm:/opt/erc_ws/install/pal_sea_arm_bringup:/opt/erc_ws/install/pal_sea_arm_description:/opt/erc_ws/install/pal_pro_gripper_simulation:/opt/erc_ws/install/pal_pro_gripper_bringup:/opt/erc_ws/install/pal_pro_gripper:/opt/erc_ws/install/pal_pro_gripper_description:/opt/erc_ws/install/pal_gripper_simulation:/opt/erc_ws/install/pal_gripper:/opt/erc_ws/install/pal_gripper_description:/opt/erc_ws/install/omni_base_robot:/opt/erc_ws/install/pal_sea_arm_controller_configuration:/opt/erc_ws/install/pal_pro_gripper_controller_configuration:/opt/erc_ws/install/pal_gripper_controller_configuration:/opt/erc_ws/install/gz_ros2_control:/opt/erc_ws/install/erc_description:/opt/erc_ws/install/sensors:/opt/erc_ws/install/pal_pro_gripper_wrapper:/opt/erc_ws/install/launch_pal:/opt/erc_ws/install/erc_solution:/opt/ros/humble PYTHONPATH=/opt/erc_ws/build/launch_pal:/opt/erc_ws/install/launch_pal/lib/python3.10/site-packages:/opt/erc_ws/install/tiago_pro_description/local/lib/python3.10/dist-packages:/opt/erc_ws/install/tiago_pro_head_description/local/lib/python3.10/dist-packages:/opt/erc_ws/install/sensors/lib/python3.10/site-packages:/opt/erc_ws/install/pal_sea_arm_description/local/lib/python3.10/dist-packages:/opt/erc_ws/install/pal_pro_gripper_description/local/lib/python3.10/dist-packages:/opt/erc_ws/install/omni_base_description/local/lib/python3.10/dist-packages:/opt/erc_ws/install/pal_pro_gripper_wrapper/lib/python3.10/site-packages:/opt/erc_ws/build/erc_solution:/opt/erc_ws/install/erc_solution/lib/python3.10/site-packages:/opt/ros/humble/lib/python3.10/site-packages:/opt/ros/humble/local/lib/python3.10/dist-packages /usr/bin/cmake --install /opt/erc_ws/build/omni_base_robot
[6.118s] Level 1:colcon.colcon_core.environment:create_environment_scripts_only(tiago_pro_controller_configuration)
[6.119s] Level 1:colcon.colcon_core.environment:checking '/opt/erc_ws/install/tiago_pro_controller_configuration' for CMake module files
[6.121s] DEBUG:colcon.colcon_core.event_handler.log_command:Invoked command in '/opt/erc_ws/build/tiago_pro_controller_configuration' returned '0': AMENT_PREFIX_PATH=/opt/erc_ws/install/pal_pro_gripper_wrapper:/opt/erc_ws/install/launch_pal:/opt/erc_ws/install/tiago_pro_robot:/opt/erc_ws/install/tiago_pro_head_robot:/opt/erc_ws/install/tiago_pro_bringup:/opt/erc_ws/install/tiago_pro_head_bringup:/opt/erc_ws/install/erc_bringup:/opt/erc_ws/install/tiago_pro_description:/opt/erc_ws/install/tiago_pro_head_description:/opt/erc_ws/install/tiago_pro_controller_configuration:/opt/erc_ws/install/tiago_pro_head_controller_configuration:/opt/erc_ws/install/sensors:/opt/erc_ws/install/pal_sea_arm:/opt/erc_ws/install/pal_sea_arm_bringup:/opt/erc_ws/install/pal_sea_arm_description:/opt/erc_ws/install/pal_pro_gripper_simulation:/opt/erc_ws/install/pal_pro_gripper_bringup:/opt/erc_ws/install/pal_pro_gripper:/opt/erc_ws/install/pal_pro_gripper_description:/opt/erc_ws/install/pal_gripper_simulation:/opt/erc_ws/install/pal_gripper:/opt/erc_ws/install/pal_gripper_description:/opt/erc_ws/install/omni_base_robot:/opt/erc_ws/install/omni_base_bringup:/opt/erc_ws/install/omni_base_description:/opt/erc_ws/install/pal_urdf_utils:/opt/erc_ws/install/pal_sea_arm_controller_configuration:/opt/erc_ws/install/pal_pro_gripper_controller_configuration:/opt/erc_ws/install/pal_gripper_controller_configuration:/opt/erc_ws/install/omni_base_controller_configuration:/opt/erc_ws/install/gz_ros2_control:/opt/erc_ws/install/erc_description:/opt/erc_ws/install/erc_solution:/opt/ros/humble CMAKE_PREFIX_PATH=/opt/erc_ws/install/pal_sea_arm_controller_configuration:/opt/erc_ws/install/tiago_pro_head_controller_configuration:/opt/erc_ws/install/pal_pro_gripper_controller_configuration:/opt/erc_ws/install/omni_base_controller_configuration:/opt/erc_ws/install/tiago_pro_robot:/opt/erc_ws/install/tiago_pro_head_robot:/opt/erc_ws/install/tiago_pro_bringup:/opt/erc_ws/install/tiago_pro_head_bringup:/opt/erc_ws/install/erc_bringup:/opt/erc_ws/install/tiago_pro_description:/opt/erc_ws/install/tiago_pro_head_description:/opt/erc_ws/install/tiago_pro_controller_configuration:/opt/erc_ws/install/pal_sea_arm:/opt/erc_ws/install/pal_sea_arm_bringup:/opt/erc_ws/install/pal_sea_arm_description:/opt/erc_ws/install/pal_pro_gripper_simulation:/opt/erc_ws/install/pal_pro_gripper_bringup:/opt/erc_ws/install/pal_pro_gripper:/opt/erc_ws/install/pal_pro_gripper_description:/opt/erc_ws/install/pal_gripper_simulation:/opt/erc_ws/install/pal_gripper:/opt/erc_ws/install/pal_gripper_description:/opt/erc_ws/install/omni_base_robot:/opt/erc_ws/install/omni_base_bringup:/opt/erc_ws/install/omni_base_description:/opt/erc_ws/install/pal_urdf_utils:/opt/erc_ws/install/pal_gripper_controller_configuration:/opt/erc_ws/install/gz_ros2_control:/opt/erc_ws/install/erc_description:/opt/erc_ws/install/sensors:/opt/erc_ws/install/pal_pro_gripper_wrapper:/opt/erc_ws/install/launch_pal:/opt/erc_ws/install/erc_solution:/opt/ros/humble PYTHONPATH=/opt/erc_ws/build/pal_pro_gripper_wrapper:/opt/erc_ws/install/pal_pro_gripper_wrapper/lib/python3.10/site-packages:/opt/erc_ws/build/launch_pal:/opt/erc_ws/install/launch_pal/lib/python3.10/site-packages:/opt/erc_ws/install/tiago_pro_description/local/lib/python3.10/dist-packages:/opt/erc_ws/install/tiago_pro_head_description/local/lib/python3.10/dist-packages:/opt/erc_ws/install/sensors/lib/python3.10/site-packages:/opt/erc_ws/install/pal_sea_arm_description/local/lib/python3.10/dist-packages:/opt/erc_ws/install/pal_pro_gripper_description/local/lib/python3.10/dist-packages:/opt/erc_ws/install/omni_base_description/local/lib/python3.10/dist-packages:/opt/erc_ws/build/erc_solution:/opt/erc_ws/install/erc_solution/lib/python3.10/site-packages:/opt/ros/humble/lib/python3.10/site-packages:/opt/ros/humble/local/lib/python3.10/dist-packages /usr/bin/cmake --install /opt/erc_ws/build/tiago_pro_controller_configuration
[6.122s] Level 1:colcon.colcon_core.environment:checking '/opt/erc_ws/install/tiago_pro_controller_configuration' for CMake config files
[6.122s] Level 1:colcon.colcon_core.shell:create_environment_hook('tiago_pro_controller_configuration', 'cmake_prefix_path')
[6.123s] INFO:colcon.colcon_core.shell:Creating environment hook '/opt/erc_ws/install/tiago_pro_controller_configuration/share/tiago_pro_controller_configuration/hook/cmake_prefix_path.ps1'
[6.124s] INFO:colcon.colcon_core.shell:Creating environment descriptor '/opt/erc_ws/install/tiago_pro_controller_configuration/share/tiago_pro_controller_configuration/hook/cmake_prefix_path.dsv'
[6.125s] INFO:colcon.colcon_core.shell:Creating environment hook '/opt/erc_ws/install/tiago_pro_controller_configuration/share/tiago_pro_controller_configuration/hook/cmake_prefix_path.sh'
[6.126s] Level 1:colcon.colcon_core.environment:checking '/opt/erc_ws/install/tiago_pro_controller_configuration/bin'
[6.126s] Level 1:colcon.colcon_core.environment:checking '/opt/erc_ws/install/tiago_pro_controller_configuration/lib/pkgconfig/tiago_pro_controller_configuration.pc'
[6.126s] Level 1:colcon.colcon_core.environment:checking '/opt/erc_ws/install/tiago_pro_controller_configuration/lib/python3.10/site-packages'
[6.126s] Level 1:colcon.colcon_core.environment:checking '/opt/erc_ws/install/tiago_pro_controller_configuration/bin'
[6.127s] INFO:colcon.colcon_core.shell:Creating package script '/opt/erc_ws/install/tiago_pro_controller_configuration/share/tiago_pro_controller_configuration/package.ps1'
[6.128s] INFO:colcon.colcon_core.shell:Creating package descriptor '/opt/erc_ws/install/tiago_pro_controller_configuration/share/tiago_pro_controller_configuration/package.dsv'
[6.130s] INFO:colcon.colcon_core.shell:Creating package script '/opt/erc_ws/install/tiago_pro_controller_configuration/share/tiago_pro_controller_configuration/package.sh'
[6.130s] INFO:colcon.colcon_core.shell:Creating package script '/opt/erc_ws/install/tiago_pro_controller_configuration/share/tiago_pro_controller_configuration/package.bash'
[6.130s] INFO:colcon.colcon_core.shell:Creating package script '/opt/erc_ws/install/tiago_pro_controller_configuration/share/tiago_pro_controller_configuration/package.zsh'
[6.131s] Level 1:colcon.colcon_core.environment:create_file_with_runtime_dependencies(/opt/erc_ws/install/tiago_pro_controller_configuration/share/colcon-core/packages/tiago_pro_controller_configuration)
[6.132s] Level 1:colcon.colcon_core.environment:create_environment_scripts_only(tiago_pro_controller_configuration)
[6.132s] Level 1:colcon.colcon_core.environment:checking '/opt/erc_ws/install/tiago_pro_controller_configuration' for CMake module files
[6.132s] Level 1:colcon.colcon_core.environment:checking '/opt/erc_ws/install/tiago_pro_controller_configuration' for CMake config files
[6.133s] Level 1:colcon.colcon_core.shell:create_environment_hook('tiago_pro_controller_configuration', 'cmake_prefix_path')
[6.133s] INFO:colcon.colcon_core.shell:Creating environment hook '/opt/erc_ws/install/tiago_pro_controller_configuration/share/tiago_pro_controller_configuration/hook/cmake_prefix_path.ps1'
[6.134s] INFO:colcon.colcon_core.shell:Creating environment descriptor '/opt/erc_ws/install/tiago_pro_controller_configuration/share/tiago_pro_controller_configuration/hook/cmake_prefix_path.dsv'
[6.134s] INFO:colcon.colcon_core.shell:Creating environment hook '/opt/erc_ws/install/tiago_pro_controller_configuration/share/tiago_pro_controller_configuration/hook/cmake_prefix_path.sh'
[6.135s] Level 1:colcon.colcon_core.environment:checking '/opt/erc_ws/install/tiago_pro_controller_configuration/bin'
[6.135s] Level 1:colcon.colcon_core.environment:checking '/opt/erc_ws/install/tiago_pro_controller_configuration/lib/pkgconfig/tiago_pro_controller_configuration.pc'
[6.135s] Level 1:colcon.colcon_core.environment:checking '/opt/erc_ws/install/tiago_pro_controller_configuration/lib/python3.10/site-packages'
[6.136s] Level 1:colcon.colcon_core.environment:checking '/opt/erc_ws/install/tiago_pro_controller_configuration/bin'
[6.136s] INFO:colcon.colcon_core.shell:Creating package script '/opt/erc_ws/install/tiago_pro_controller_configuration/share/tiago_pro_controller_configuration/package.ps1'
[6.137s] INFO:colcon.colcon_core.shell:Creating package descriptor '/opt/erc_ws/install/tiago_pro_controller_configuration/share/tiago_pro_controller_configuration/package.dsv'
[6.137s] INFO:colcon.colcon_core.shell:Creating package script '/opt/erc_ws/install/tiago_pro_controller_configuration/share/tiago_pro_controller_configuration/package.sh'
[6.138s] INFO:colcon.colcon_core.shell:Creating package script '/opt/erc_ws/install/tiago_pro_controller_configuration/share/tiago_pro_controller_configuration/package.bash'
[6.139s] INFO:colcon.colcon_core.shell:Creating package script '/opt/erc_ws/install/tiago_pro_controller_configuration/share/tiago_pro_controller_configuration/package.zsh'
[6.140s] Level 1:colcon.colcon_core.environment:create_file_with_runtime_dependencies(/opt/erc_ws/install/tiago_pro_controller_configuration/share/colcon-core/packages/tiago_pro_controller_configuration)
[6.140s] INFO:colcon.colcon_ros.task.ament_cmake.build:Building ROS package in '/opt/erc_ws/src/tiago_pro_robot/tiago_pro_bringup' with build type 'ament_cmake'
[6.141s] INFO:colcon.colcon_cmake.task.cmake.build:Building CMake package in '/opt/erc_ws/src/tiago_pro_robot/tiago_pro_bringup'
[6.141s] INFO:colcon.colcon_core.shell:Skip shell extension 'powershell' for command environment: Not usable outside of PowerShell
[6.141s] DEBUG:colcon.colcon_core.shell:Skip shell extension 'dsv' for command environment
[6.176s] Level 1:colcon.colcon_core.environment:create_environment_scripts_only(omni_base_robot)
[6.176s] DEBUG:colcon.colcon_core.event_handler.log_command:Invoking command in '/opt/erc_ws/build/tiago_pro_bringup': AMENT_PREFIX_PATH=/opt/erc_ws/install/pal_pro_gripper_wrapper:/opt/erc_ws/install/launch_pal:/opt/erc_ws/install/tiago_pro_robot:/opt/erc_ws/install/tiago_pro_head_robot:/opt/erc_ws/install/tiago_pro_bringup:/opt/erc_ws/install/tiago_pro_head_bringup:/opt/erc_ws/install/erc_bringup:/opt/erc_ws/install/tiago_pro_description:/opt/erc_ws/install/tiago_pro_head_description:/opt/erc_ws/install/tiago_pro_controller_configuration:/opt/erc_ws/install/tiago_pro_head_controller_configuration:/opt/erc_ws/install/sensors:/opt/erc_ws/install/pal_sea_arm:/opt/erc_ws/install/pal_sea_arm_bringup:/opt/erc_ws/install/pal_sea_arm_description:/opt/erc_ws/install/pal_pro_gripper_simulation:/opt/erc_ws/install/pal_pro_gripper_bringup:/opt/erc_ws/install/pal_pro_gripper:/opt/erc_ws/install/pal_pro_gripper_description:/opt/erc_ws/install/pal_gripper_simulation:/opt/erc_ws/install/pal_gripper:/opt/erc_ws/install/pal_gripper_description:/opt/erc_ws/install/omni_base_robot:/opt/erc_ws/install/omni_base_bringup:/opt/erc_ws/install/omni_base_description:/opt/erc_ws/install/pal_urdf_utils:/opt/erc_ws/install/pal_sea_arm_controller_configuration:/opt/erc_ws/install/pal_pro_gripper_controller_configuration:/opt/erc_ws/install/pal_gripper_controller_configuration:/opt/erc_ws/install/omni_base_controller_configuration:/opt/erc_ws/install/gz_ros2_control:/opt/erc_ws/install/erc_description:/opt/erc_ws/install/erc_solution:/opt/ros/humble CMAKE_PREFIX_PATH=/opt/erc_ws/install/tiago_pro_head_bringup:/opt/erc_ws/install/tiago_pro_controller_configuration:/opt/erc_ws/install/tiago_pro_head_description:/opt/erc_ws/install/pal_sea_arm_controller_configuration:/opt/erc_ws/install/tiago_pro_head_controller_configuration:/opt/erc_ws/install/pal_pro_gripper_controller_configuration:/opt/erc_ws/install/pal_urdf_utils:/opt/erc_ws/install/omni_base_controller_configuration:/opt/erc_ws/install/tiago_pro_robot:/opt/erc_ws/install/tiago_pro_head_robot:/opt/erc_ws/install/tiago_pro_bringup:/opt/erc_ws/install/erc_bringup:/opt/erc_ws/install/tiago_pro_description:/opt/erc_ws/install/pal_sea_arm:/opt/erc_ws/install/pal_sea_arm_bringup:/opt/erc_ws/install/pal_sea_arm_description:/opt/erc_ws/install/pal_pro_gripper_simulation:/opt/erc_ws/install/pal_pro_gripper_bringup:/opt/erc_ws/install/pal_pro_gripper:/opt/erc_ws/install/pal_pro_gripper_description:/opt/erc_ws/install/pal_gripper_simulation:/opt/erc_ws/install/pal_gripper:/opt/erc_ws/install/pal_gripper_description:/opt/erc_ws/install/omni_base_robot:/opt/erc_ws/install/omni_base_bringup:/opt/erc_ws/install/omni_base_description:/opt/erc_ws/install/pal_gripper_controller_configuration:/opt/erc_ws/install/gz_ros2_control:/opt/erc_ws/install/erc_description:/opt/erc_ws/install/sensors:/opt/erc_ws/install/pal_pro_gripper_wrapper:/opt/erc_ws/install/launch_pal:/opt/erc_ws/install/erc_solution:/opt/ros/humble PYTHONPATH=/opt/erc_ws/build/pal_pro_gripper_wrapper:/opt/erc_ws/install/pal_pro_gripper_wrapper/lib/python3.10/site-packages:/opt/erc_ws/build/launch_pal:/opt/erc_ws/install/launch_pal/lib/python3.10/site-packages:/opt/erc_ws/install/tiago_pro_description/local/lib/python3.10/dist-packages:/opt/erc_ws/install/tiago_pro_head_description/local/lib/python3.10/dist-packages:/opt/erc_ws/install/sensors/lib/python3.10/site-packages:/opt/erc_ws/install/pal_sea_arm_description/local/lib/python3.10/dist-packages:/opt/erc_ws/install/pal_pro_gripper_description/local/lib/python3.10/dist-packages:/opt/erc_ws/install/omni_base_description/local/lib/python3.10/dist-packages:/opt/erc_ws/build/erc_solution:/opt/erc_ws/install/erc_solution/lib/python3.10/site-packages:/opt/ros/humble/lib/python3.10/site-packages:/opt/ros/humble/local/lib/python3.10/dist-packages /usr/bin/cmake /opt/erc_ws/src/tiago_pro_robot/tiago_pro_bringup -DAMENT_CMAKE_SYMLINK_INSTALL=1 -DCMAKE_INSTALL_PREFIX=/opt/erc_ws/install/tiago_pro_bringup
[6.177s] Level 1:colcon.colcon_core.environment:checking '/opt/erc_ws/install/omni_base_robot' for CMake module files
[6.179s] DEBUG:colcon.colcon_core.event_handler.log_command:Invoked command in '/opt/erc_ws/build/omni_base_robot' returned '0': AMENT_PREFIX_PATH=/opt/erc_ws/install/launch_pal:/opt/erc_ws/install/tiago_pro_robot:/opt/erc_ws/install/tiago_pro_head_robot:/opt/erc_ws/install/tiago_pro_bringup:/opt/erc_ws/install/tiago_pro_head_bringup:/opt/erc_ws/install/erc_bringup:/opt/erc_ws/install/tiago_pro_description:/opt/erc_ws/install/tiago_pro_head_description:/opt/erc_ws/install/tiago_pro_controller_configuration:/opt/erc_ws/install/tiago_pro_head_controller_configuration:/opt/erc_ws/install/sensors:/opt/erc_ws/install/pal_sea_arm:/opt/erc_ws/install/pal_sea_arm_bringup:/opt/erc_ws/install/pal_sea_arm_description:/opt/erc_ws/install/pal_pro_gripper_simulation:/opt/erc_ws/install/pal_pro_gripper_bringup:/opt/erc_ws/install/pal_pro_gripper:/opt/erc_ws/install/pal_pro_gripper_description:/opt/erc_ws/install/pal_gripper_simulation:/opt/erc_ws/install/pal_gripper:/opt/erc_ws/install/pal_gripper_description:/opt/erc_ws/install/omni_base_robot:/opt/erc_ws/install/omni_base_bringup:/opt/erc_ws/install/omni_base_description:/opt/erc_ws/install/pal_urdf_utils:/opt/erc_ws/install/pal_sea_arm_controller_configuration:/opt/erc_ws/install/pal_pro_gripper_controller_configuration:/opt/erc_ws/install/pal_pro_gripper_wrapper:/opt/erc_ws/install/pal_gripper_controller_configuration:/opt/erc_ws/install/omni_base_controller_configuration:/opt/erc_ws/install/gz_ros2_control:/opt/erc_ws/install/erc_description:/opt/erc_ws/install/erc_solution:/opt/ros/humble CMAKE_PREFIX_PATH=/opt/erc_ws/install/omni_base_bringup:/opt/erc_ws/install/omni_base_description:/opt/erc_ws/install/pal_urdf_utils:/opt/erc_ws/install/omni_base_controller_configuration:/opt/erc_ws/install/tiago_pro_robot:/opt/erc_ws/install/tiago_pro_head_robot:/opt/erc_ws/install/tiago_pro_bringup:/opt/erc_ws/install/tiago_pro_head_bringup:/opt/erc_ws/install/erc_bringup:/opt/erc_ws/install/tiago_pro_description:/opt/erc_ws/install/tiago_pro_head_description:/opt/erc_ws/install/tiago_pro_controller_configuration:/opt/erc_ws/install/tiago_pro_head_controller_configuration:/opt/erc_ws/install/pal_sea_arm:/opt/erc_ws/install/pal_sea_arm_bringup:/opt/erc_ws/install/pal_sea_arm_description:/opt/erc_ws/install/pal_pro_gripper_simulation:/opt/erc_ws/install/pal_pro_gripper_bringup:/opt/erc_ws/install/pal_pro_gripper:/opt/erc_ws/install/pal_pro_gripper_description:/opt/erc_ws/install/pal_gripper_simulation:/opt/erc_ws/install/pal_gripper:/opt/erc_ws/install/pal_gripper_description:/opt/erc_ws/install/omni_base_robot:/opt/erc_ws/install/pal_sea_arm_controller_configuration:/opt/erc_ws/install/pal_pro_gripper_controller_configuration:/opt/erc_ws/install/pal_gripper_controller_configuration:/opt/erc_ws/install/gz_ros2_control:/opt/erc_ws/install/erc_description:/opt/erc_ws/install/sensors:/opt/erc_ws/install/pal_pro_gripper_wrapper:/opt/erc_ws/install/launch_pal:/opt/erc_ws/install/erc_solution:/opt/ros/humble PYTHONPATH=/opt/erc_ws/build/launch_pal:/opt/erc_ws/install/launch_pal/lib/python3.10/site-packages:/opt/erc_ws/install/tiago_pro_description/local/lib/python3.10/dist-packages:/opt/erc_ws/install/tiago_pro_head_description/local/lib/python3.10/dist-packages:/opt/erc_ws/install/sensors/lib/python3.10/site-packages:/opt/erc_ws/install/pal_sea_arm_description/local/lib/python3.10/dist-packages:/opt/erc_ws/install/pal_pro_gripper_description/local/lib/python3.10/dist-packages:/opt/erc_ws/install/omni_base_description/local/lib/python3.10/dist-packages:/opt/erc_ws/install/pal_pro_gripper_wrapper/lib/python3.10/site-packages:/opt/erc_ws/build/erc_solution:/opt/erc_ws/install/erc_solution/lib/python3.10/site-packages:/opt/ros/humble/lib/python3.10/site-packages:/opt/ros/humble/local/lib/python3.10/dist-packages /usr/bin/cmake --install /opt/erc_ws/build/omni_base_robot
[6.180s] Level 1:colcon.colcon_core.environment:checking '/opt/erc_ws/install/omni_base_robot' for CMake config files
[6.180s] Level 1:colcon.colcon_core.shell:create_environment_hook('omni_base_robot', 'cmake_prefix_path')
[6.181s] INFO:colcon.colcon_core.shell:Creating environment hook '/opt/erc_ws/install/omni_base_robot/share/omni_base_robot/hook/cmake_prefix_path.ps1'
[6.182s] INFO:colcon.colcon_core.shell:Creating environment descriptor '/opt/erc_ws/install/omni_base_robot/share/omni_base_robot/hook/cmake_prefix_path.dsv'
[6.182s] INFO:colcon.colcon_core.shell:Creating environment hook '/opt/erc_ws/install/omni_base_robot/share/omni_base_robot/hook/cmake_prefix_path.sh'
[6.184s] Level 1:colcon.colcon_core.environment:checking '/opt/erc_ws/install/omni_base_robot/bin'
[6.184s] Level 1:colcon.colcon_core.environment:checking '/opt/erc_ws/install/omni_base_robot/lib/pkgconfig/omni_base_robot.pc'
[6.184s] Level 1:colcon.colcon_core.environment:checking '/opt/erc_ws/install/omni_base_robot/lib/python3.10/site-packages'
[6.185s] Level 1:colcon.colcon_core.environment:checking '/opt/erc_ws/install/omni_base_robot/bin'
[6.185s] INFO:colcon.colcon_core.shell:Creating package script '/opt/erc_ws/install/omni_base_robot/share/omni_base_robot/package.ps1'
[6.186s] INFO:colcon.colcon_core.shell:Creating package descriptor '/opt/erc_ws/install/omni_base_robot/share/omni_base_robot/package.dsv'
[6.186s] INFO:colcon.colcon_core.shell:Creating package script '/opt/erc_ws/install/omni_base_robot/share/omni_base_robot/package.sh'
[6.187s] INFO:colcon.colcon_core.shell:Creating package script '/opt/erc_ws/install/omni_base_robot/share/omni_base_robot/package.bash'
[6.187s] INFO:colcon.colcon_core.shell:Creating package script '/opt/erc_ws/install/omni_base_robot/share/omni_base_robot/package.zsh'
[6.188s] Level 1:colcon.colcon_core.environment:create_file_with_runtime_dependencies(/opt/erc_ws/install/omni_base_robot/share/colcon-core/packages/omni_base_robot)
[6.189s] Level 1:colcon.colcon_core.environment:create_environment_scripts_only(omni_base_robot)
[6.189s] Level 1:colcon.colcon_core.environment:checking '/opt/erc_ws/install/omni_base_robot' for CMake module files
[6.190s] Level 1:colcon.colcon_core.environment:checking '/opt/erc_ws/install/omni_base_robot' for CMake config files
[6.191s] Level 1:colcon.colcon_core.shell:create_environment_hook('omni_base_robot', 'cmake_prefix_path')
[6.192s] INFO:colcon.colcon_core.shell:Creating environment hook '/opt/erc_ws/install/omni_base_robot/share/omni_base_robot/hook/cmake_prefix_path.ps1'
[6.192s] INFO:colcon.colcon_core.shell:Creating environment descriptor '/opt/erc_ws/install/omni_base_robot/share/omni_base_robot/hook/cmake_prefix_path.dsv'
[6.193s] INFO:colcon.colcon_core.shell:Creating environment hook '/opt/erc_ws/install/omni_base_robot/share/omni_base_robot/hook/cmake_prefix_path.sh'
[6.194s] Level 1:colcon.colcon_core.environment:checking '/opt/erc_ws/install/omni_base_robot/bin'
[6.194s] Level 1:colcon.colcon_core.environment:checking '/opt/erc_ws/install/omni_base_robot/lib/pkgconfig/omni_base_robot.pc'
[6.194s] Level 1:colcon.colcon_core.environment:checking '/opt/erc_ws/install/omni_base_robot/lib/python3.10/site-packages'
[6.195s] Level 1:colcon.colcon_core.environment:checking '/opt/erc_ws/install/omni_base_robot/bin'
[6.195s] INFO:colcon.colcon_core.shell:Creating package script '/opt/erc_ws/install/omni_base_robot/share/omni_base_robot/package.ps1'
[6.196s] INFO:colcon.colcon_core.shell:Creating package descriptor '/opt/erc_ws/install/omni_base_robot/share/omni_base_robot/package.dsv'
[6.196s] INFO:colcon.colcon_core.shell:Creating package script '/opt/erc_ws/install/omni_base_robot/share/omni_base_robot/package.sh'
[6.196s] INFO:colcon.colcon_core.shell:Creating package script '/opt/erc_ws/install/omni_base_robot/share/omni_base_robot/package.bash'
[6.197s] INFO:colcon.colcon_core.shell:Creating package script '/opt/erc_ws/install/omni_base_robot/share/omni_base_robot/package.zsh'
[6.197s] Level 1:colcon.colcon_core.environment:create_file_with_runtime_dependencies(/opt/erc_ws/install/omni_base_robot/share/colcon-core/packages/omni_base_robot)
[6.639s] DEBUG:colcon.colcon_core.event_handler.log_command:Invoked command in '/opt/erc_ws/build/tiago_pro_head_robot' returned '0': AMENT_PREFIX_PATH=/opt/erc_ws/install/launch_pal:/opt/erc_ws/install/tiago_pro_robot:/opt/erc_ws/install/tiago_pro_head_robot:/opt/erc_ws/install/tiago_pro_bringup:/opt/erc_ws/install/tiago_pro_head_bringup:/opt/erc_ws/install/erc_bringup:/opt/erc_ws/install/tiago_pro_description:/opt/erc_ws/install/tiago_pro_head_description:/opt/erc_ws/install/tiago_pro_controller_configuration:/opt/erc_ws/install/tiago_pro_head_controller_configuration:/opt/erc_ws/install/sensors:/opt/erc_ws/install/pal_sea_arm:/opt/erc_ws/install/pal_sea_arm_bringup:/opt/erc_ws/install/pal_sea_arm_description:/opt/erc_ws/install/pal_pro_gripper_simulation:/opt/erc_ws/install/pal_pro_gripper_bringup:/opt/erc_ws/install/pal_pro_gripper:/opt/erc_ws/install/pal_pro_gripper_description:/opt/erc_ws/install/pal_gripper_simulation:/opt/erc_ws/install/pal_gripper:/opt/erc_ws/install/pal_gripper_description:/opt/erc_ws/install/omni_base_robot:/opt/erc_ws/install/omni_base_bringup:/opt/erc_ws/install/omni_base_description:/opt/erc_ws/install/pal_urdf_utils:/opt/erc_ws/install/pal_sea_arm_controller_configuration:/opt/erc_ws/install/pal_pro_gripper_controller_configuration:/opt/erc_ws/install/pal_pro_gripper_wrapper:/opt/erc_ws/install/pal_gripper_controller_configuration:/opt/erc_ws/install/omni_base_controller_configuration:/opt/erc_ws/install/gz_ros2_control:/opt/erc_ws/install/erc_description:/opt/erc_ws/install/erc_solution:/opt/ros/humble CMAKE_PREFIX_PATH=/opt/erc_ws/install/tiago_pro_head_bringup:/opt/erc_ws/install/tiago_pro_head_description:/opt/erc_ws/install/tiago_pro_head_controller_configuration:/opt/erc_ws/install/pal_urdf_utils:/opt/erc_ws/install/tiago_pro_robot:/opt/erc_ws/install/tiago_pro_head_robot:/opt/erc_ws/install/tiago_pro_bringup:/opt/erc_ws/install/erc_bringup:/opt/erc_ws/install/tiago_pro_description:/opt/erc_ws/install/tiago_pro_controller_configuration:/opt/erc_ws/install/pal_sea_arm:/opt/erc_ws/install/pal_sea_arm_bringup:/opt/erc_ws/install/pal_sea_arm_description:/opt/erc_ws/install/pal_pro_gripper_simulation:/opt/erc_ws/install/pal_pro_gripper_bringup:/opt/erc_ws/install/pal_pro_gripper:/opt/erc_ws/install/pal_pro_gripper_description:/opt/erc_ws/install/pal_gripper_simulation:/opt/erc_ws/install/pal_gripper:/opt/erc_ws/install/pal_gripper_description:/opt/erc_ws/install/omni_base_robot:/opt/erc_ws/install/omni_base_bringup:/opt/erc_ws/install/omni_base_description:/opt/erc_ws/install/pal_sea_arm_controller_configuration:/opt/erc_ws/install/pal_pro_gripper_controller_configuration:/opt/erc_ws/install/pal_gripper_controller_configuration:/opt/erc_ws/install/omni_base_controller_configuration:/opt/erc_ws/install/gz_ros2_control:/opt/erc_ws/install/erc_description:/opt/erc_ws/install/sensors:/opt/erc_ws/install/pal_pro_gripper_wrapper:/opt/erc_ws/install/launch_pal:/opt/erc_ws/install/erc_solution:/opt/ros/humble PYTHONPATH=/opt/erc_ws/build/launch_pal:/opt/erc_ws/install/launch_pal/lib/python3.10/site-packages:/opt/erc_ws/install/tiago_pro_description/local/lib/python3.10/dist-packages:/opt/erc_ws/install/tiago_pro_head_description/local/lib/python3.10/dist-packages:/opt/erc_ws/install/sensors/lib/python3.10/site-packages:/opt/erc_ws/install/pal_sea_arm_description/local/lib/python3.10/dist-packages:/opt/erc_ws/install/pal_pro_gripper_description/local/lib/python3.10/dist-packages:/opt/erc_ws/install/omni_base_description/local/lib/python3.10/dist-packages:/opt/erc_ws/install/pal_pro_gripper_wrapper/lib/python3.10/site-packages:/opt/erc_ws/build/erc_solution:/opt/erc_ws/install/erc_solution/lib/python3.10/site-packages:/opt/ros/humble/lib/python3.10/site-packages:/opt/ros/humble/local/lib/python3.10/dist-packages /usr/bin/cmake /opt/erc_ws/src/tiago_pro_head_robot/tiago_pro_head_robot -DAMENT_CMAKE_SYMLINK_INSTALL=1 -DCMAKE_INSTALL_PREFIX=/opt/erc_ws/install/tiago_pro_head_robot
[6.642s] DEBUG:colcon.colcon_core.event_handler.log_command:Invoking command in '/opt/erc_ws/build/tiago_pro_head_robot': AMENT_PREFIX_PATH=/opt/erc_ws/install/launch_pal:/opt/erc_ws/install/tiago_pro_robot:/opt/erc_ws/install/tiago_pro_head_robot:/opt/erc_ws/install/tiago_pro_bringup:/opt/erc_ws/install/tiago_pro_head_bringup:/opt/erc_ws/install/erc_bringup:/opt/erc_ws/install/tiago_pro_description:/opt/erc_ws/install/tiago_pro_head_description:/opt/erc_ws/install/tiago_pro_controller_configuration:/opt/erc_ws/install/tiago_pro_head_controller_configuration:/opt/erc_ws/install/sensors:/opt/erc_ws/install/pal_sea_arm:/opt/erc_ws/install/pal_sea_arm_bringup:/opt/erc_ws/install/pal_sea_arm_description:/opt/erc_ws/install/pal_pro_gripper_simulation:/opt/erc_ws/install/pal_pro_gripper_bringup:/opt/erc_ws/install/pal_pro_gripper:/opt/erc_ws/install/pal_pro_gripper_description:/opt/erc_ws/install/pal_gripper_simulation:/opt/erc_ws/install/pal_gripper:/opt/erc_ws/install/pal_gripper_description:/opt/erc_ws/install/omni_base_robot:/opt/erc_ws/install/omni_base_bringup:/opt/erc_ws/install/omni_base_description:/opt/erc_ws/install/pal_urdf_utils:/opt/erc_ws/install/pal_sea_arm_controller_configuration:/opt/erc_ws/install/pal_pro_gripper_controller_configuration:/opt/erc_ws/install/pal_pro_gripper_wrapper:/opt/erc_ws/install/pal_gripper_controller_configuration:/opt/erc_ws/install/omni_base_controller_configuration:/opt/erc_ws/install/gz_ros2_control:/opt/erc_ws/install/erc_description:/opt/erc_ws/install/erc_solution:/opt/ros/humble CMAKE_PREFIX_PATH=/opt/erc_ws/install/tiago_pro_head_bringup:/opt/erc_ws/install/tiago_pro_head_description:/opt/erc_ws/install/tiago_pro_head_controller_configuration:/opt/erc_ws/install/pal_urdf_utils:/opt/erc_ws/install/tiago_pro_robot:/opt/erc_ws/install/tiago_pro_head_robot:/opt/erc_ws/install/tiago_pro_bringup:/opt/erc_ws/install/erc_bringup:/opt/erc_ws/install/tiago_pro_description:/opt/erc_ws/install/tiago_pro_controller_configuration:/opt/erc_ws/install/pal_sea_arm:/opt/erc_ws/install/pal_sea_arm_bringup:/opt/erc_ws/install/pal_sea_arm_description:/opt/erc_ws/install/pal_pro_gripper_simulation:/opt/erc_ws/install/pal_pro_gripper_bringup:/opt/erc_ws/install/pal_pro_gripper:/opt/erc_ws/install/pal_pro_gripper_description:/opt/erc_ws/install/pal_gripper_simulation:/opt/erc_ws/install/pal_gripper:/opt/erc_ws/install/pal_gripper_description:/opt/erc_ws/install/omni_base_robot:/opt/erc_ws/install/omni_base_bringup:/opt/erc_ws/install/omni_base_description:/opt/erc_ws/install/pal_sea_arm_controller_configuration:/opt/erc_ws/install/pal_pro_gripper_controller_configuration:/opt/erc_ws/install/pal_gripper_controller_configuration:/opt/erc_ws/install/omni_base_controller_configuration:/opt/erc_ws/install/gz_ros2_control:/opt/erc_ws/install/erc_description:/opt/erc_ws/install/sensors:/opt/erc_ws/install/pal_pro_gripper_wrapper:/opt/erc_ws/install/launch_pal:/opt/erc_ws/install/erc_solution:/opt/ros/humble PYTHONPATH=/opt/erc_ws/build/launch_pal:/opt/erc_ws/install/launch_pal/lib/python3.10/site-packages:/opt/erc_ws/install/tiago_pro_description/local/lib/python3.10/dist-packages:/opt/erc_ws/install/tiago_pro_head_description/local/lib/python3.10/dist-packages:/opt/erc_ws/install/sensors/lib/python3.10/site-packages:/opt/erc_ws/install/pal_sea_arm_description/local/lib/python3.10/dist-packages:/opt/erc_ws/install/pal_pro_gripper_description/local/lib/python3.10/dist-packages:/opt/erc_ws/install/omni_base_description/local/lib/python3.10/dist-packages:/opt/erc_ws/install/pal_pro_gripper_wrapper/lib/python3.10/site-packages:/opt/erc_ws/build/erc_solution:/opt/erc_ws/install/erc_solution/lib/python3.10/site-packages:/opt/ros/humble/lib/python3.10/site-packages:/opt/ros/humble/local/lib/python3.10/dist-packages /usr/bin/cmake --build /opt/erc_ws/build/tiago_pro_head_robot -- -j16 -l16
[6.669s] DEBUG:colcon.colcon_core.event_handler.log_command:Invoked command in '/opt/erc_ws/build/tiago_pro_head_robot' returned '0': AMENT_PREFIX_PATH=/opt/erc_ws/install/launch_pal:/opt/erc_ws/install/tiago_pro_robot:/opt/erc_ws/install/tiago_pro_head_robot:/opt/erc_ws/install/tiago_pro_bringup:/opt/erc_ws/install/tiago_pro_head_bringup:/opt/erc_ws/install/erc_bringup:/opt/erc_ws/install/tiago_pro_description:/opt/erc_ws/install/tiago_pro_head_description:/opt/erc_ws/install/tiago_pro_controller_configuration:/opt/erc_ws/install/tiago_pro_head_controller_configuration:/opt/erc_ws/install/sensors:/opt/erc_ws/install/pal_sea_arm:/opt/erc_ws/install/pal_sea_arm_bringup:/opt/erc_ws/install/pal_sea_arm_description:/opt/erc_ws/install/pal_pro_gripper_simulation:/opt/erc_ws/install/pal_pro_gripper_bringup:/opt/erc_ws/install/pal_pro_gripper:/opt/erc_ws/install/pal_pro_gripper_description:/opt/erc_ws/install/pal_gripper_simulation:/opt/erc_ws/install/pal_gripper:/opt/erc_ws/install/pal_gripper_description:/opt/erc_ws/install/omni_base_robot:/opt/erc_ws/install/omni_base_bringup:/opt/erc_ws/install/omni_base_description:/opt/erc_ws/install/pal_urdf_utils:/opt/erc_ws/install/pal_sea_arm_controller_configuration:/opt/erc_ws/install/pal_pro_gripper_controller_configuration:/opt/erc_ws/install/pal_pro_gripper_wrapper:/opt/erc_ws/install/pal_gripper_controller_configuration:/opt/erc_ws/install/omni_base_controller_configuration:/opt/erc_ws/install/gz_ros2_control:/opt/erc_ws/install/erc_description:/opt/erc_ws/install/erc_solution:/opt/ros/humble CMAKE_PREFIX_PATH=/opt/erc_ws/install/tiago_pro_head_bringup:/opt/erc_ws/install/tiago_pro_head_description:/opt/erc_ws/install/tiago_pro_head_controller_configuration:/opt/erc_ws/install/pal_urdf_utils:/opt/erc_ws/install/tiago_pro_robot:/opt/erc_ws/install/tiago_pro_head_robot:/opt/erc_ws/install/tiago_pro_bringup:/opt/erc_ws/install/erc_bringup:/opt/erc_ws/install/tiago_pro_description:/opt/erc_ws/install/tiago_pro_controller_configuration:/opt/erc_ws/install/pal_sea_arm:/opt/erc_ws/install/pal_sea_arm_bringup:/opt/erc_ws/install/pal_sea_arm_description:/opt/erc_ws/install/pal_pro_gripper_simulation:/opt/erc_ws/install/pal_pro_gripper_bringup:/opt/erc_ws/install/pal_pro_gripper:/opt/erc_ws/install/pal_pro_gripper_description:/opt/erc_ws/install/pal_gripper_simulation:/opt/erc_ws/install/pal_gripper:/opt/erc_ws/install/pal_gripper_description:/opt/erc_ws/install/omni_base_robot:/opt/erc_ws/install/omni_base_bringup:/opt/erc_ws/install/omni_base_description:/opt/erc_ws/install/pal_sea_arm_controller_configuration:/opt/erc_ws/install/pal_pro_gripper_controller_configuration:/opt/erc_ws/install/pal_gripper_controller_configuration:/opt/erc_ws/install/omni_base_controller_configuration:/opt/erc_ws/install/gz_ros2_control:/opt/erc_ws/install/erc_description:/opt/erc_ws/install/sensors:/opt/erc_ws/install/pal_pro_gripper_wrapper:/opt/erc_ws/install/launch_pal:/opt/erc_ws/install/erc_solution:/opt/ros/humble PYTHONPATH=/opt/erc_ws/build/launch_pal:/opt/erc_ws/install/launch_pal/lib/python3.10/site-packages:/opt/erc_ws/install/tiago_pro_description/local/lib/python3.10/dist-packages:/opt/erc_ws/install/tiago_pro_head_description/local/lib/python3.10/dist-packages:/opt/erc_ws/install/sensors/lib/python3.10/site-packages:/opt/erc_ws/install/pal_sea_arm_description/local/lib/python3.10/dist-packages:/opt/erc_ws/install/pal_pro_gripper_description/local/lib/python3.10/dist-packages:/opt/erc_ws/install/omni_base_description/local/lib/python3.10/dist-packages:/opt/erc_ws/install/pal_pro_gripper_wrapper/lib/python3.10/site-packages:/opt/erc_ws/build/erc_solution:/opt/erc_ws/install/erc_solution/lib/python3.10/site-packages:/opt/ros/humble/lib/python3.10/site-packages:/opt/ros/humble/local/lib/python3.10/dist-packages /usr/bin/cmake --build /opt/erc_ws/build/tiago_pro_head_robot -- -j16 -l16
[6.673s] DEBUG:colcon.colcon_core.event_handler.log_command:Invoking command in '/opt/erc_ws/build/tiago_pro_head_robot': AMENT_PREFIX_PATH=/opt/erc_ws/install/launch_pal:/opt/erc_ws/install/tiago_pro_robot:/opt/erc_ws/install/tiago_pro_head_robot:/opt/erc_ws/install/tiago_pro_bringup:/opt/erc_ws/install/tiago_pro_head_bringup:/opt/erc_ws/install/erc_bringup:/opt/erc_ws/install/tiago_pro_description:/opt/erc_ws/install/tiago_pro_head_description:/opt/erc_ws/install/tiago_pro_controller_configuration:/opt/erc_ws/install/tiago_pro_head_controller_configuration:/opt/erc_ws/install/sensors:/opt/erc_ws/install/pal_sea_arm:/opt/erc_ws/install/pal_sea_arm_bringup:/opt/erc_ws/install/pal_sea_arm_description:/opt/erc_ws/install/pal_pro_gripper_simulation:/opt/erc_ws/install/pal_pro_gripper_bringup:/opt/erc_ws/install/pal_pro_gripper:/opt/erc_ws/install/pal_pro_gripper_description:/opt/erc_ws/install/pal_gripper_simulation:/opt/erc_ws/install/pal_gripper:/opt/erc_ws/install/pal_gripper_description:/opt/erc_ws/install/omni_base_robot:/opt/erc_ws/install/omni_base_bringup:/opt/erc_ws/install/omni_base_description:/opt/erc_ws/install/pal_urdf_utils:/opt/erc_ws/install/pal_sea_arm_controller_configuration:/opt/erc_ws/install/pal_pro_gripper_controller_configuration:/opt/erc_ws/install/pal_pro_gripper_wrapper:/opt/erc_ws/install/pal_gripper_controller_configuration:/opt/erc_ws/install/omni_base_controller_configuration:/opt/erc_ws/install/gz_ros2_control:/opt/erc_ws/install/erc_description:/opt/erc_ws/install/erc_solution:/opt/ros/humble CMAKE_PREFIX_PATH=/opt/erc_ws/install/tiago_pro_head_bringup:/opt/erc_ws/install/tiago_pro_head_description:/opt/erc_ws/install/tiago_pro_head_controller_configuration:/opt/erc_ws/install/pal_urdf_utils:/opt/erc_ws/install/tiago_pro_robot:/opt/erc_ws/install/tiago_pro_head_robot:/opt/erc_ws/install/tiago_pro_bringup:/opt/erc_ws/install/erc_bringup:/opt/erc_ws/install/tiago_pro_description:/opt/erc_ws/install/tiago_pro_controller_configuration:/opt/erc_ws/install/pal_sea_arm:/opt/erc_ws/install/pal_sea_arm_bringup:/opt/erc_ws/install/pal_sea_arm_description:/opt/erc_ws/install/pal_pro_gripper_simulation:/opt/erc_ws/install/pal_pro_gripper_bringup:/opt/erc_ws/install/pal_pro_gripper:/opt/erc_ws/install/pal_pro_gripper_description:/opt/erc_ws/install/pal_gripper_simulation:/opt/erc_ws/install/pal_gripper:/opt/erc_ws/install/pal_gripper_description:/opt/erc_ws/install/omni_base_robot:/opt/erc_ws/install/omni_base_bringup:/opt/erc_ws/install/omni_base_description:/opt/erc_ws/install/pal_sea_arm_controller_configuration:/opt/erc_ws/install/pal_pro_gripper_controller_configuration:/opt/erc_ws/install/pal_gripper_controller_configuration:/opt/erc_ws/install/omni_base_controller_configuration:/opt/erc_ws/install/gz_ros2_control:/opt/erc_ws/install/erc_description:/opt/erc_ws/install/sensors:/opt/erc_ws/install/pal_pro_gripper_wrapper:/opt/erc_ws/install/launch_pal:/opt/erc_ws/install/erc_solution:/opt/ros/humble PYTHONPATH=/opt/erc_ws/build/launch_pal:/opt/erc_ws/install/launch_pal/lib/python3.10/site-packages:/opt/erc_ws/install/tiago_pro_description/local/lib/python3.10/dist-packages:/opt/erc_ws/install/tiago_pro_head_description/local/lib/python3.10/dist-packages:/opt/erc_ws/install/sensors/lib/python3.10/site-packages:/opt/erc_ws/install/pal_sea_arm_description/local/lib/python3.10/dist-packages:/opt/erc_ws/install/pal_pro_gripper_description/local/lib/python3.10/dist-packages:/opt/erc_ws/install/omni_base_description/local/lib/python3.10/dist-packages:/opt/erc_ws/install/pal_pro_gripper_wrapper/lib/python3.10/site-packages:/opt/erc_ws/build/erc_solution:/opt/erc_ws/install/erc_solution/lib/python3.10/site-packages:/opt/ros/humble/lib/python3.10/site-packages:/opt/ros/humble/local/lib/python3.10/dist-packages /usr/bin/cmake --install /opt/erc_ws/build/tiago_pro_head_robot
[6.796s] Level 1:colcon.colcon_core.environment:create_environment_scripts_only(tiago_pro_head_robot)
[6.797s] Level 1:colcon.colcon_core.environment:checking '/opt/erc_ws/install/tiago_pro_head_robot' for CMake module files
[6.797s] DEBUG:colcon.colcon_core.event_handler.log_command:Invoked command in '/opt/erc_ws/build/tiago_pro_head_robot' returned '0': AMENT_PREFIX_PATH=/opt/erc_ws/install/launch_pal:/opt/erc_ws/install/tiago_pro_robot:/opt/erc_ws/install/tiago_pro_head_robot:/opt/erc_ws/install/tiago_pro_bringup:/opt/erc_ws/install/tiago_pro_head_bringup:/opt/erc_ws/install/erc_bringup:/opt/erc_ws/install/tiago_pro_description:/opt/erc_ws/install/tiago_pro_head_description:/opt/erc_ws/install/tiago_pro_controller_configuration:/opt/erc_ws/install/tiago_pro_head_controller_configuration:/opt/erc_ws/install/sensors:/opt/erc_ws/install/pal_sea_arm:/opt/erc_ws/install/pal_sea_arm_bringup:/opt/erc_ws/install/pal_sea_arm_description:/opt/erc_ws/install/pal_pro_gripper_simulation:/opt/erc_ws/install/pal_pro_gripper_bringup:/opt/erc_ws/install/pal_pro_gripper:/opt/erc_ws/install/pal_pro_gripper_description:/opt/erc_ws/install/pal_gripper_simulation:/opt/erc_ws/install/pal_gripper:/opt/erc_ws/install/pal_gripper_description:/opt/erc_ws/install/omni_base_robot:/opt/erc_ws/install/omni_base_bringup:/opt/erc_ws/install/omni_base_description:/opt/erc_ws/install/pal_urdf_utils:/opt/erc_ws/install/pal_sea_arm_controller_configuration:/opt/erc_ws/install/pal_pro_gripper_controller_configuration:/opt/erc_ws/install/pal_pro_gripper_wrapper:/opt/erc_ws/install/pal_gripper_controller_configuration:/opt/erc_ws/install/omni_base_controller_configuration:/opt/erc_ws/install/gz_ros2_control:/opt/erc_ws/install/erc_description:/opt/erc_ws/install/erc_solution:/opt/ros/humble CMAKE_PREFIX_PATH=/opt/erc_ws/install/tiago_pro_head_bringup:/opt/erc_ws/install/tiago_pro_head_description:/opt/erc_ws/install/tiago_pro_head_controller_configuration:/opt/erc_ws/install/pal_urdf_utils:/opt/erc_ws/install/tiago_pro_robot:/opt/erc_ws/install/tiago_pro_head_robot:/opt/erc_ws/install/tiago_pro_bringup:/opt/erc_ws/install/erc_bringup:/opt/erc_ws/install/tiago_pro_description:/opt/erc_ws/install/tiago_pro_controller_configuration:/opt/erc_ws/install/pal_sea_arm:/opt/erc_ws/install/pal_sea_arm_bringup:/opt/erc_ws/install/pal_sea_arm_description:/opt/erc_ws/install/pal_pro_gripper_simulation:/opt/erc_ws/install/pal_pro_gripper_bringup:/opt/erc_ws/install/pal_pro_gripper:/opt/erc_ws/install/pal_pro_gripper_description:/opt/erc_ws/install/pal_gripper_simulation:/opt/erc_ws/install/pal_gripper:/opt/erc_ws/install/pal_gripper_description:/opt/erc_ws/install/omni_base_robot:/opt/erc_ws/install/omni_base_bringup:/opt/erc_ws/install/omni_base_description:/opt/erc_ws/install/pal_sea_arm_controller_configuration:/opt/erc_ws/install/pal_pro_gripper_controller_configuration:/opt/erc_ws/install/pal_gripper_controller_configuration:/opt/erc_ws/install/omni_base_controller_configuration:/opt/erc_ws/install/gz_ros2_control:/opt/erc_ws/install/erc_description:/opt/erc_ws/install/sensors:/opt/erc_ws/install/pal_pro_gripper_wrapper:/opt/erc_ws/install/launch_pal:/opt/erc_ws/install/erc_solution:/opt/ros/humble PYTHONPATH=/opt/erc_ws/build/launch_pal:/opt/erc_ws/install/launch_pal/lib/python3.10/site-packages:/opt/erc_ws/install/tiago_pro_description/local/lib/python3.10/dist-packages:/opt/erc_ws/install/tiago_pro_head_description/local/lib/python3.10/dist-packages:/opt/erc_ws/install/sensors/lib/python3.10/site-packages:/opt/erc_ws/install/pal_sea_arm_description/local/lib/python3.10/dist-packages:/opt/erc_ws/install/pal_pro_gripper_description/local/lib/python3.10/dist-packages:/opt/erc_ws/install/omni_base_description/local/lib/python3.10/dist-packages:/opt/erc_ws/install/pal_pro_gripper_wrapper/lib/python3.10/site-packages:/opt/erc_ws/build/erc_solution:/opt/erc_ws/install/erc_solution/lib/python3.10/site-packages:/opt/ros/humble/lib/python3.10/site-packages:/opt/ros/humble/local/lib/python3.10/dist-packages /usr/bin/cmake --install /opt/erc_ws/build/tiago_pro_head_robot
[6.797s] Level 1:colcon.colcon_core.environment:checking '/opt/erc_ws/install/tiago_pro_head_robot' for CMake config files
[6.798s] Level 1:colcon.colcon_core.shell:create_environment_hook('tiago_pro_head_robot', 'cmake_prefix_path')
[6.798s] INFO:colcon.colcon_core.shell:Creating environment hook '/opt/erc_ws/install/tiago_pro_head_robot/share/tiago_pro_head_robot/hook/cmake_prefix_path.ps1'
[6.799s] INFO:colcon.colcon_core.shell:Creating environment descriptor '/opt/erc_ws/install/tiago_pro_head_robot/share/tiago_pro_head_robot/hook/cmake_prefix_path.dsv'
[6.799s] INFO:colcon.colcon_core.shell:Creating environment hook '/opt/erc_ws/install/tiago_pro_head_robot/share/tiago_pro_head_robot/hook/cmake_prefix_path.sh'
[6.799s] Level 1:colcon.colcon_core.environment:checking '/opt/erc_ws/install/tiago_pro_head_robot/bin'
[6.799s] Level 1:colcon.colcon_core.environment:checking '/opt/erc_ws/install/tiago_pro_head_robot/lib/pkgconfig/tiago_pro_head_robot.pc'
[6.800s] Level 1:colcon.colcon_core.environment:checking '/opt/erc_ws/install/tiago_pro_head_robot/lib/python3.10/site-packages'
[6.800s] Level 1:colcon.colcon_core.environment:checking '/opt/erc_ws/install/tiago_pro_head_robot/bin'
[6.800s] INFO:colcon.colcon_core.shell:Creating package script '/opt/erc_ws/install/tiago_pro_head_robot/share/tiago_pro_head_robot/package.ps1'
[6.800s] INFO:colcon.colcon_core.shell:Creating package descriptor '/opt/erc_ws/install/tiago_pro_head_robot/share/tiago_pro_head_robot/package.dsv'
[6.801s] INFO:colcon.colcon_core.shell:Creating package script '/opt/erc_ws/install/tiago_pro_head_robot/share/tiago_pro_head_robot/package.sh'
[6.801s] INFO:colcon.colcon_core.shell:Creating package script '/opt/erc_ws/install/tiago_pro_head_robot/share/tiago_pro_head_robot/package.bash'
[6.802s] INFO:colcon.colcon_core.shell:Creating package script '/opt/erc_ws/install/tiago_pro_head_robot/share/tiago_pro_head_robot/package.zsh'
[6.803s] Level 1:colcon.colcon_core.environment:create_file_with_runtime_dependencies(/opt/erc_ws/install/tiago_pro_head_robot/share/colcon-core/packages/tiago_pro_head_robot)
[6.804s] Level 1:colcon.colcon_core.environment:create_environment_scripts_only(tiago_pro_head_robot)
[6.804s] Level 1:colcon.colcon_core.environment:checking '/opt/erc_ws/install/tiago_pro_head_robot' for CMake module files
[6.805s] Level 1:colcon.colcon_core.environment:checking '/opt/erc_ws/install/tiago_pro_head_robot' for CMake config files
[6.805s] Level 1:colcon.colcon_core.shell:create_environment_hook('tiago_pro_head_robot', 'cmake_prefix_path')
[6.805s] INFO:colcon.colcon_core.shell:Creating environment hook '/opt/erc_ws/install/tiago_pro_head_robot/share/tiago_pro_head_robot/hook/cmake_prefix_path.ps1'
[6.805s] INFO:colcon.colcon_core.shell:Creating environment descriptor '/opt/erc_ws/install/tiago_pro_head_robot/share/tiago_pro_head_robot/hook/cmake_prefix_path.dsv'
[6.806s] INFO:colcon.colcon_core.shell:Creating environment hook '/opt/erc_ws/install/tiago_pro_head_robot/share/tiago_pro_head_robot/hook/cmake_prefix_path.sh'
[6.806s] Level 1:colcon.colcon_core.environment:checking '/opt/erc_ws/install/tiago_pro_head_robot/bin'
[6.806s] Level 1:colcon.colcon_core.environment:checking '/opt/erc_ws/install/tiago_pro_head_robot/lib/pkgconfig/tiago_pro_head_robot.pc'
[6.806s] Level 1:colcon.colcon_core.environment:checking '/opt/erc_ws/install/tiago_pro_head_robot/lib/python3.10/site-packages'
[6.807s] Level 1:colcon.colcon_core.environment:checking '/opt/erc_ws/install/tiago_pro_head_robot/bin'
[6.807s] INFO:colcon.colcon_core.shell:Creating package script '/opt/erc_ws/install/tiago_pro_head_robot/share/tiago_pro_head_robot/package.ps1'
[6.807s] INFO:colcon.colcon_core.shell:Creating package descriptor '/opt/erc_ws/install/tiago_pro_head_robot/share/tiago_pro_head_robot/package.dsv'
[6.808s] INFO:colcon.colcon_core.shell:Creating package script '/opt/erc_ws/install/tiago_pro_head_robot/share/tiago_pro_head_robot/package.sh'
[6.808s] INFO:colcon.colcon_core.shell:Creating package script '/opt/erc_ws/install/tiago_pro_head_robot/share/tiago_pro_head_robot/package.bash'
[6.808s] INFO:colcon.colcon_core.shell:Creating package script '/opt/erc_ws/install/tiago_pro_head_robot/share/tiago_pro_head_robot/package.zsh'
[6.809s] Level 1:colcon.colcon_core.environment:create_file_with_runtime_dependencies(/opt/erc_ws/install/tiago_pro_head_robot/share/colcon-core/packages/tiago_pro_head_robot)
[6.888s] DEBUG:colcon.colcon_core.event_handler.log_command:Invoked command in '/opt/erc_ws/build/tiago_pro_bringup' returned '0': AMENT_PREFIX_PATH=/opt/erc_ws/install/pal_pro_gripper_wrapper:/opt/erc_ws/install/launch_pal:/opt/erc_ws/install/tiago_pro_robot:/opt/erc_ws/install/tiago_pro_head_robot:/opt/erc_ws/install/tiago_pro_bringup:/opt/erc_ws/install/tiago_pro_head_bringup:/opt/erc_ws/install/erc_bringup:/opt/erc_ws/install/tiago_pro_description:/opt/erc_ws/install/tiago_pro_head_description:/opt/erc_ws/install/tiago_pro_controller_configuration:/opt/erc_ws/install/tiago_pro_head_controller_configuration:/opt/erc_ws/install/sensors:/opt/erc_ws/install/pal_sea_arm:/opt/erc_ws/install/pal_sea_arm_bringup:/opt/erc_ws/install/pal_sea_arm_description:/opt/erc_ws/install/pal_pro_gripper_simulation:/opt/erc_ws/install/pal_pro_gripper_bringup:/opt/erc_ws/install/pal_pro_gripper:/opt/erc_ws/install/pal_pro_gripper_description:/opt/erc_ws/install/pal_gripper_simulation:/opt/erc_ws/install/pal_gripper:/opt/erc_ws/install/pal_gripper_description:/opt/erc_ws/install/omni_base_robot:/opt/erc_ws/install/omni_base_bringup:/opt/erc_ws/install/omni_base_description:/opt/erc_ws/install/pal_urdf_utils:/opt/erc_ws/install/pal_sea_arm_controller_configuration:/opt/erc_ws/install/pal_pro_gripper_controller_configuration:/opt/erc_ws/install/pal_gripper_controller_configuration:/opt/erc_ws/install/omni_base_controller_configuration:/opt/erc_ws/install/gz_ros2_control:/opt/erc_ws/install/erc_description:/opt/erc_ws/install/erc_solution:/opt/ros/humble CMAKE_PREFIX_PATH=/opt/erc_ws/install/tiago_pro_head_bringup:/opt/erc_ws/install/tiago_pro_controller_configuration:/opt/erc_ws/install/tiago_pro_head_description:/opt/erc_ws/install/pal_sea_arm_controller_configuration:/opt/erc_ws/install/tiago_pro_head_controller_configuration:/opt/erc_ws/install/pal_pro_gripper_controller_configuration:/opt/erc_ws/install/pal_urdf_utils:/opt/erc_ws/install/omni_base_controller_configuration:/opt/erc_ws/install/tiago_pro_robot:/opt/erc_ws/install/tiago_pro_head_robot:/opt/erc_ws/install/tiago_pro_bringup:/opt/erc_ws/install/erc_bringup:/opt/erc_ws/install/tiago_pro_description:/opt/erc_ws/install/pal_sea_arm:/opt/erc_ws/install/pal_sea_arm_bringup:/opt/erc_ws/install/pal_sea_arm_description:/opt/erc_ws/install/pal_pro_gripper_simulation:/opt/erc_ws/install/pal_pro_gripper_bringup:/opt/erc_ws/install/pal_pro_gripper:/opt/erc_ws/install/pal_pro_gripper_description:/opt/erc_ws/install/pal_gripper_simulation:/opt/erc_ws/install/pal_gripper:/opt/erc_ws/install/pal_gripper_description:/opt/erc_ws/install/omni_base_robot:/opt/erc_ws/install/omni_base_bringup:/opt/erc_ws/install/omni_base_description:/opt/erc_ws/install/pal_gripper_controller_configuration:/opt/erc_ws/install/gz_ros2_control:/opt/erc_ws/install/erc_description:/opt/erc_ws/install/sensors:/opt/erc_ws/install/pal_pro_gripper_wrapper:/opt/erc_ws/install/launch_pal:/opt/erc_ws/install/erc_solution:/opt/ros/humble PYTHONPATH=/opt/erc_ws/build/pal_pro_gripper_wrapper:/opt/erc_ws/install/pal_pro_gripper_wrapper/lib/python3.10/site-packages:/opt/erc_ws/build/launch_pal:/opt/erc_ws/install/launch_pal/lib/python3.10/site-packages:/opt/erc_ws/install/tiago_pro_description/local/lib/python3.10/dist-packages:/opt/erc_ws/install/tiago_pro_head_description/local/lib/python3.10/dist-packages:/opt/erc_ws/install/sensors/lib/python3.10/site-packages:/opt/erc_ws/install/pal_sea_arm_description/local/lib/python3.10/dist-packages:/opt/erc_ws/install/pal_pro_gripper_description/local/lib/python3.10/dist-packages:/opt/erc_ws/install/omni_base_description/local/lib/python3.10/dist-packages:/opt/erc_ws/build/erc_solution:/opt/erc_ws/install/erc_solution/lib/python3.10/site-packages:/opt/ros/humble/lib/python3.10/site-packages:/opt/ros/humble/local/lib/python3.10/dist-packages /usr/bin/cmake /opt/erc_ws/src/tiago_pro_robot/tiago_pro_bringup -DAMENT_CMAKE_SYMLINK_INSTALL=1 -DCMAKE_INSTALL_PREFIX=/opt/erc_ws/install/tiago_pro_bringup
[6.890s] DEBUG:colcon.colcon_core.event_handler.log_command:Invoking command in '/opt/erc_ws/build/tiago_pro_bringup': AMENT_PREFIX_PATH=/opt/erc_ws/install/pal_pro_gripper_wrapper:/opt/erc_ws/install/launch_pal:/opt/erc_ws/install/tiago_pro_robot:/opt/erc_ws/install/tiago_pro_head_robot:/opt/erc_ws/install/tiago_pro_bringup:/opt/erc_ws/install/tiago_pro_head_bringup:/opt/erc_ws/install/erc_bringup:/opt/erc_ws/install/tiago_pro_description:/opt/erc_ws/install/tiago_pro_head_description:/opt/erc_ws/install/tiago_pro_controller_configuration:/opt/erc_ws/install/tiago_pro_head_controller_configuration:/opt/erc_ws/install/sensors:/opt/erc_ws/install/pal_sea_arm:/opt/erc_ws/install/pal_sea_arm_bringup:/opt/erc_ws/install/pal_sea_arm_description:/opt/erc_ws/install/pal_pro_gripper_simulation:/opt/erc_ws/install/pal_pro_gripper_bringup:/opt/erc_ws/install/pal_pro_gripper:/opt/erc_ws/install/pal_pro_gripper_description:/opt/erc_ws/install/pal_gripper_simulation:/opt/erc_ws/install/pal_gripper:/opt/erc_ws/install/pal_gripper_description:/opt/erc_ws/install/omni_base_robot:/opt/erc_ws/install/omni_base_bringup:/opt/erc_ws/install/omni_base_description:/opt/erc_ws/install/pal_urdf_utils:/opt/erc_ws/install/pal_sea_arm_controller_configuration:/opt/erc_ws/install/pal_pro_gripper_controller_configuration:/opt/erc_ws/install/pal_gripper_controller_configuration:/opt/erc_ws/install/omni_base_controller_configuration:/opt/erc_ws/install/gz_ros2_control:/opt/erc_ws/install/erc_description:/opt/erc_ws/install/erc_solution:/opt/ros/humble CMAKE_PREFIX_PATH=/opt/erc_ws/install/tiago_pro_head_bringup:/opt/erc_ws/install/tiago_pro_controller_configuration:/opt/erc_ws/install/tiago_pro_head_description:/opt/erc_ws/install/pal_sea_arm_controller_configuration:/opt/erc_ws/install/tiago_pro_head_controller_configuration:/opt/erc_ws/install/pal_pro_gripper_controller_configuration:/opt/erc_ws/install/pal_urdf_utils:/opt/erc_ws/install/omni_base_controller_configuration:/opt/erc_ws/install/tiago_pro_robot:/opt/erc_ws/install/tiago_pro_head_robot:/opt/erc_ws/install/tiago_pro_bringup:/opt/erc_ws/install/erc_bringup:/opt/erc_ws/install/tiago_pro_description:/opt/erc_ws/install/pal_sea_arm:/opt/erc_ws/install/pal_sea_arm_bringup:/opt/erc_ws/install/pal_sea_arm_description:/opt/erc_ws/install/pal_pro_gripper_simulation:/opt/erc_ws/install/pal_pro_gripper_bringup:/opt/erc_ws/install/pal_pro_gripper:/opt/erc_ws/install/pal_pro_gripper_description:/opt/erc_ws/install/pal_gripper_simulation:/opt/erc_ws/install/pal_gripper:/opt/erc_ws/install/pal_gripper_description:/opt/erc_ws/install/omni_base_robot:/opt/erc_ws/install/omni_base_bringup:/opt/erc_ws/install/omni_base_description:/opt/erc_ws/install/pal_gripper_controller_configuration:/opt/erc_ws/install/gz_ros2_control:/opt/erc_ws/install/erc_description:/opt/erc_ws/install/sensors:/opt/erc_ws/install/pal_pro_gripper_wrapper:/opt/erc_ws/install/launch_pal:/opt/erc_ws/install/erc_solution:/opt/ros/humble PYTHONPATH=/opt/erc_ws/build/pal_pro_gripper_wrapper:/opt/erc_ws/install/pal_pro_gripper_wrapper/lib/python3.10/site-packages:/opt/erc_ws/build/launch_pal:/opt/erc_ws/install/launch_pal/lib/python3.10/site-packages:/opt/erc_ws/install/tiago_pro_description/local/lib/python3.10/dist-packages:/opt/erc_ws/install/tiago_pro_head_description/local/lib/python3.10/dist-packages:/opt/erc_ws/install/sensors/lib/python3.10/site-packages:/opt/erc_ws/install/pal_sea_arm_description/local/lib/python3.10/dist-packages:/opt/erc_ws/install/pal_pro_gripper_description/local/lib/python3.10/dist-packages:/opt/erc_ws/install/omni_base_description/local/lib/python3.10/dist-packages:/opt/erc_ws/build/erc_solution:/opt/erc_ws/install/erc_solution/lib/python3.10/site-packages:/opt/ros/humble/lib/python3.10/site-packages:/opt/ros/humble/local/lib/python3.10/dist-packages /usr/bin/cmake --build /opt/erc_ws/build/tiago_pro_bringup -- -j16 -l16
[6.921s] DEBUG:colcon.colcon_core.event_handler.log_command:Invoked command in '/opt/erc_ws/build/tiago_pro_bringup' returned '0': AMENT_PREFIX_PATH=/opt/erc_ws/install/pal_pro_gripper_wrapper:/opt/erc_ws/install/launch_pal:/opt/erc_ws/install/tiago_pro_robot:/opt/erc_ws/install/tiago_pro_head_robot:/opt/erc_ws/install/tiago_pro_bringup:/opt/erc_ws/install/tiago_pro_head_bringup:/opt/erc_ws/install/erc_bringup:/opt/erc_ws/install/tiago_pro_description:/opt/erc_ws/install/tiago_pro_head_description:/opt/erc_ws/install/tiago_pro_controller_configuration:/opt/erc_ws/install/tiago_pro_head_controller_configuration:/opt/erc_ws/install/sensors:/opt/erc_ws/install/pal_sea_arm:/opt/erc_ws/install/pal_sea_arm_bringup:/opt/erc_ws/install/pal_sea_arm_description:/opt/erc_ws/install/pal_pro_gripper_simulation:/opt/erc_ws/install/pal_pro_gripper_bringup:/opt/erc_ws/install/pal_pro_gripper:/opt/erc_ws/install/pal_pro_gripper_description:/opt/erc_ws/install/pal_gripper_simulation:/opt/erc_ws/install/pal_gripper:/opt/erc_ws/install/pal_gripper_description:/opt/erc_ws/install/omni_base_robot:/opt/erc_ws/install/omni_base_bringup:/opt/erc_ws/install/omni_base_description:/opt/erc_ws/install/pal_urdf_utils:/opt/erc_ws/install/pal_sea_arm_controller_configuration:/opt/erc_ws/install/pal_pro_gripper_controller_configuration:/opt/erc_ws/install/pal_gripper_controller_configuration:/opt/erc_ws/install/omni_base_controller_configuration:/opt/erc_ws/install/gz_ros2_control:/opt/erc_ws/install/erc_description:/opt/erc_ws/install/erc_solution:/opt/ros/humble CMAKE_PREFIX_PATH=/opt/erc_ws/install/tiago_pro_head_bringup:/opt/erc_ws/install/tiago_pro_controller_configuration:/opt/erc_ws/install/tiago_pro_head_description:/opt/erc_ws/install/pal_sea_arm_controller_configuration:/opt/erc_ws/install/tiago_pro_head_controller_configuration:/opt/erc_ws/install/pal_pro_gripper_controller_configuration:/opt/erc_ws/install/pal_urdf_utils:/opt/erc_ws/install/omni_base_controller_configuration:/opt/erc_ws/install/tiago_pro_robot:/opt/erc_ws/install/tiago_pro_head_robot:/opt/erc_ws/install/tiago_pro_bringup:/opt/erc_ws/install/erc_bringup:/opt/erc_ws/install/tiago_pro_description:/opt/erc_ws/install/pal_sea_arm:/opt/erc_ws/install/pal_sea_arm_bringup:/opt/erc_ws/install/pal_sea_arm_description:/opt/erc_ws/install/pal_pro_gripper_simulation:/opt/erc_ws/install/pal_pro_gripper_bringup:/opt/erc_ws/install/pal_pro_gripper:/opt/erc_ws/install/pal_pro_gripper_description:/opt/erc_ws/install/pal_gripper_simulation:/opt/erc_ws/install/pal_gripper:/opt/erc_ws/install/pal_gripper_description:/opt/erc_ws/install/omni_base_robot:/opt/erc_ws/install/omni_base_bringup:/opt/erc_ws/install/omni_base_description:/opt/erc_ws/install/pal_gripper_controller_configuration:/opt/erc_ws/install/gz_ros2_control:/opt/erc_ws/install/erc_description:/opt/erc_ws/install/sensors:/opt/erc_ws/install/pal_pro_gripper_wrapper:/opt/erc_ws/install/launch_pal:/opt/erc_ws/install/erc_solution:/opt/ros/humble PYTHONPATH=/opt/erc_ws/build/pal_pro_gripper_wrapper:/opt/erc_ws/install/pal_pro_gripper_wrapper/lib/python3.10/site-packages:/opt/erc_ws/build/launch_pal:/opt/erc_ws/install/launch_pal/lib/python3.10/site-packages:/opt/erc_ws/install/tiago_pro_description/local/lib/python3.10/dist-packages:/opt/erc_ws/install/tiago_pro_head_description/local/lib/python3.10/dist-packages:/opt/erc_ws/install/sensors/lib/python3.10/site-packages:/opt/erc_ws/install/pal_sea_arm_description/local/lib/python3.10/dist-packages:/opt/erc_ws/install/pal_pro_gripper_description/local/lib/python3.10/dist-packages:/opt/erc_ws/install/omni_base_description/local/lib/python3.10/dist-packages:/opt/erc_ws/build/erc_solution:/opt/erc_ws/install/erc_solution/lib/python3.10/site-packages:/opt/ros/humble/lib/python3.10/site-packages:/opt/ros/humble/local/lib/python3.10/dist-packages /usr/bin/cmake --build /opt/erc_ws/build/tiago_pro_bringup -- -j16 -l16
[6.923s] DEBUG:colcon.colcon_core.event_handler.log_command:Invoking command in '/opt/erc_ws/build/tiago_pro_bringup': AMENT_PREFIX_PATH=/opt/erc_ws/install/pal_pro_gripper_wrapper:/opt/erc_ws/install/launch_pal:/opt/erc_ws/install/tiago_pro_robot:/opt/erc_ws/install/tiago_pro_head_robot:/opt/erc_ws/install/tiago_pro_bringup:/opt/erc_ws/install/tiago_pro_head_bringup:/opt/erc_ws/install/erc_bringup:/opt/erc_ws/install/tiago_pro_description:/opt/erc_ws/install/tiago_pro_head_description:/opt/erc_ws/install/tiago_pro_controller_configuration:/opt/erc_ws/install/tiago_pro_head_controller_configuration:/opt/erc_ws/install/sensors:/opt/erc_ws/install/pal_sea_arm:/opt/erc_ws/install/pal_sea_arm_bringup:/opt/erc_ws/install/pal_sea_arm_description:/opt/erc_ws/install/pal_pro_gripper_simulation:/opt/erc_ws/install/pal_pro_gripper_bringup:/opt/erc_ws/install/pal_pro_gripper:/opt/erc_ws/install/pal_pro_gripper_description:/opt/erc_ws/install/pal_gripper_simulation:/opt/erc_ws/install/pal_gripper:/opt/erc_ws/install/pal_gripper_description:/opt/erc_ws/install/omni_base_robot:/opt/erc_ws/install/omni_base_bringup:/opt/erc_ws/install/omni_base_description:/opt/erc_ws/install/pal_urdf_utils:/opt/erc_ws/install/pal_sea_arm_controller_configuration:/opt/erc_ws/install/pal_pro_gripper_controller_configuration:/opt/erc_ws/install/pal_gripper_controller_configuration:/opt/erc_ws/install/omni_base_controller_configuration:/opt/erc_ws/install/gz_ros2_control:/opt/erc_ws/install/erc_description:/opt/erc_ws/install/erc_solution:/opt/ros/humble CMAKE_PREFIX_PATH=/opt/erc_ws/install/tiago_pro_head_bringup:/opt/erc_ws/install/tiago_pro_controller_configuration:/opt/erc_ws/install/tiago_pro_head_description:/opt/erc_ws/install/pal_sea_arm_controller_configuration:/opt/erc_ws/install/tiago_pro_head_controller_configuration:/opt/erc_ws/install/pal_pro_gripper_controller_configuration:/opt/erc_ws/install/pal_urdf_utils:/opt/erc_ws/install/omni_base_controller_configuration:/opt/erc_ws/install/tiago_pro_robot:/opt/erc_ws/install/tiago_pro_head_robot:/opt/erc_ws/install/tiago_pro_bringup:/opt/erc_ws/install/erc_bringup:/opt/erc_ws/install/tiago_pro_description:/opt/erc_ws/install/pal_sea_arm:/opt/erc_ws/install/pal_sea_arm_bringup:/opt/erc_ws/install/pal_sea_arm_description:/opt/erc_ws/install/pal_pro_gripper_simulation:/opt/erc_ws/install/pal_pro_gripper_bringup:/opt/erc_ws/install/pal_pro_gripper:/opt/erc_ws/install/pal_pro_gripper_description:/opt/erc_ws/install/pal_gripper_simulation:/opt/erc_ws/install/pal_gripper:/opt/erc_ws/install/pal_gripper_description:/opt/erc_ws/install/omni_base_robot:/opt/erc_ws/install/omni_base_bringup:/opt/erc_ws/install/omni_base_description:/opt/erc_ws/install/pal_gripper_controller_configuration:/opt/erc_ws/install/gz_ros2_control:/opt/erc_ws/install/erc_description:/opt/erc_ws/install/sensors:/opt/erc_ws/install/pal_pro_gripper_wrapper:/opt/erc_ws/install/launch_pal:/opt/erc_ws/install/erc_solution:/opt/ros/humble PYTHONPATH=/opt/erc_ws/build/pal_pro_gripper_wrapper:/opt/erc_ws/install/pal_pro_gripper_wrapper/lib/python3.10/site-packages:/opt/erc_ws/build/launch_pal:/opt/erc_ws/install/launch_pal/lib/python3.10/site-packages:/opt/erc_ws/install/tiago_pro_description/local/lib/python3.10/dist-packages:/opt/erc_ws/install/tiago_pro_head_description/local/lib/python3.10/dist-packages:/opt/erc_ws/install/sensors/lib/python3.10/site-packages:/opt/erc_ws/install/pal_sea_arm_description/local/lib/python3.10/dist-packages:/opt/erc_ws/install/pal_pro_gripper_description/local/lib/python3.10/dist-packages:/opt/erc_ws/install/omni_base_description/local/lib/python3.10/dist-packages:/opt/erc_ws/build/erc_solution:/opt/erc_ws/install/erc_solution/lib/python3.10/site-packages:/opt/ros/humble/lib/python3.10/site-packages:/opt/ros/humble/local/lib/python3.10/dist-packages /usr/bin/cmake --install /opt/erc_ws/build/tiago_pro_bringup
[7.099s] Level 1:colcon.colcon_core.environment:create_environment_scripts_only(pal_sea_arm_description)
[7.100s] Level 1:colcon.colcon_core.environment:checking '/opt/erc_ws/install/pal_sea_arm_description' for CMake module files
[7.101s] DEBUG:colcon.colcon_core.event_handler.log_command:Invoked command in '/opt/erc_ws/build/pal_sea_arm_description' returned '0': AMENT_PREFIX_PATH=/opt/erc_ws/install/pal_pro_gripper_wrapper:/opt/erc_ws/install/launch_pal:/opt/erc_ws/install/tiago_pro_robot:/opt/erc_ws/install/tiago_pro_head_robot:/opt/erc_ws/install/tiago_pro_bringup:/opt/erc_ws/install/tiago_pro_head_bringup:/opt/erc_ws/install/erc_bringup:/opt/erc_ws/install/tiago_pro_description:/opt/erc_ws/install/tiago_pro_head_description:/opt/erc_ws/install/tiago_pro_controller_configuration:/opt/erc_ws/install/tiago_pro_head_controller_configuration:/opt/erc_ws/install/sensors:/opt/erc_ws/install/pal_sea_arm:/opt/erc_ws/install/pal_sea_arm_bringup:/opt/erc_ws/install/pal_sea_arm_description:/opt/erc_ws/install/pal_pro_gripper_simulation:/opt/erc_ws/install/pal_pro_gripper_bringup:/opt/erc_ws/install/pal_pro_gripper:/opt/erc_ws/install/pal_pro_gripper_description:/opt/erc_ws/install/pal_gripper_simulation:/opt/erc_ws/install/pal_gripper:/opt/erc_ws/install/pal_gripper_description:/opt/erc_ws/install/omni_base_robot:/opt/erc_ws/install/omni_base_bringup:/opt/erc_ws/install/omni_base_description:/opt/erc_ws/install/pal_urdf_utils:/opt/erc_ws/install/pal_sea_arm_controller_configuration:/opt/erc_ws/install/pal_pro_gripper_controller_configuration:/opt/erc_ws/install/pal_gripper_controller_configuration:/opt/erc_ws/install/omni_base_controller_configuration:/opt/erc_ws/install/gz_ros2_control:/opt/erc_ws/install/erc_description:/opt/erc_ws/install/erc_solution:/opt/ros/humble CMAKE_PREFIX_PATH=/opt/erc_ws/install/pal_sea_arm_controller_configuration:/opt/erc_ws/install/pal_pro_gripper_description:/opt/erc_ws/install/pal_pro_gripper_controller_configuration:/opt/erc_ws/install/pal_urdf_utils:/opt/erc_ws/install/tiago_pro_robot:/opt/erc_ws/install/tiago_pro_head_robot:/opt/erc_ws/install/tiago_pro_bringup:/opt/erc_ws/install/tiago_pro_head_bringup:/opt/erc_ws/install/erc_bringup:/opt/erc_ws/install/tiago_pro_description:/opt/erc_ws/install/tiago_pro_head_description:/opt/erc_ws/install/tiago_pro_controller_configuration:/opt/erc_ws/install/tiago_pro_head_controller_configuration:/opt/erc_ws/install/pal_sea_arm:/opt/erc_ws/install/pal_sea_arm_bringup:/opt/erc_ws/install/pal_sea_arm_description:/opt/erc_ws/install/pal_pro_gripper_simulation:/opt/erc_ws/install/pal_pro_gripper_bringup:/opt/erc_ws/install/pal_pro_gripper:/opt/erc_ws/install/pal_gripper_simulation:/opt/erc_ws/install/pal_gripper:/opt/erc_ws/install/pal_gripper_description:/opt/erc_ws/install/omni_base_robot:/opt/erc_ws/install/omni_base_bringup:/opt/erc_ws/install/omni_base_description:/opt/erc_ws/install/pal_gripper_controller_configuration:/opt/erc_ws/install/omni_base_controller_configuration:/opt/erc_ws/install/gz_ros2_control:/opt/erc_ws/install/erc_description:/opt/erc_ws/install/sensors:/opt/erc_ws/install/pal_pro_gripper_wrapper:/opt/erc_ws/install/launch_pal:/opt/erc_ws/install/erc_solution:/opt/ros/humble PYTHONPATH=/opt/erc_ws/build/pal_pro_gripper_wrapper:/opt/erc_ws/install/pal_pro_gripper_wrapper/lib/python3.10/site-packages:/opt/erc_ws/build/launch_pal:/opt/erc_ws/install/launch_pal/lib/python3.10/site-packages:/opt/erc_ws/install/tiago_pro_description/local/lib/python3.10/dist-packages:/opt/erc_ws/install/tiago_pro_head_description/local/lib/python3.10/dist-packages:/opt/erc_ws/install/sensors/lib/python3.10/site-packages:/opt/erc_ws/install/pal_sea_arm_description/local/lib/python3.10/dist-packages:/opt/erc_ws/install/pal_pro_gripper_description/local/lib/python3.10/dist-packages:/opt/erc_ws/install/omni_base_description/local/lib/python3.10/dist-packages:/opt/erc_ws/build/erc_solution:/opt/erc_ws/install/erc_solution/lib/python3.10/site-packages:/opt/ros/humble/lib/python3.10/site-packages:/opt/ros/humble/local/lib/python3.10/dist-packages /usr/bin/cmake --install /opt/erc_ws/build/pal_sea_arm_description
[7.101s] Level 1:colcon.colcon_core.environment:checking '/opt/erc_ws/install/pal_sea_arm_description' for CMake config files
[7.102s] Level 1:colcon.colcon_core.shell:create_environment_hook('pal_sea_arm_description', 'cmake_prefix_path')
[7.103s] INFO:colcon.colcon_core.shell:Creating environment hook '/opt/erc_ws/install/pal_sea_arm_description/share/pal_sea_arm_description/hook/cmake_prefix_path.ps1'
[7.104s] INFO:colcon.colcon_core.shell:Creating environment descriptor '/opt/erc_ws/install/pal_sea_arm_description/share/pal_sea_arm_description/hook/cmake_prefix_path.dsv'
[7.105s] INFO:colcon.colcon_core.shell:Creating environment hook '/opt/erc_ws/install/pal_sea_arm_description/share/pal_sea_arm_description/hook/cmake_prefix_path.sh'
[7.105s] Level 1:colcon.colcon_core.environment:checking '/opt/erc_ws/install/pal_sea_arm_description/bin'
[7.105s] Level 1:colcon.colcon_core.environment:checking '/opt/erc_ws/install/pal_sea_arm_description/lib/pkgconfig/pal_sea_arm_description.pc'
[7.106s] Level 1:colcon.colcon_core.environment:checking '/opt/erc_ws/install/pal_sea_arm_description/lib/python3.10/site-packages'
[7.106s] Level 1:colcon.colcon_core.environment:checking '/opt/erc_ws/install/pal_sea_arm_description/bin'
[7.106s] INFO:colcon.colcon_core.shell:Creating package script '/opt/erc_ws/install/pal_sea_arm_description/share/pal_sea_arm_description/package.ps1'
[7.107s] INFO:colcon.colcon_core.shell:Creating package descriptor '/opt/erc_ws/install/pal_sea_arm_description/share/pal_sea_arm_description/package.dsv'
[7.107s] INFO:colcon.colcon_core.shell:Creating package script '/opt/erc_ws/install/pal_sea_arm_description/share/pal_sea_arm_description/package.sh'
[7.108s] INFO:colcon.colcon_core.shell:Creating package script '/opt/erc_ws/install/pal_sea_arm_description/share/pal_sea_arm_description/package.bash'
[7.108s] INFO:colcon.colcon_core.shell:Creating package script '/opt/erc_ws/install/pal_sea_arm_description/share/pal_sea_arm_description/package.zsh'
[7.108s] Level 1:colcon.colcon_core.environment:create_file_with_runtime_dependencies(/opt/erc_ws/install/pal_sea_arm_description/share/colcon-core/packages/pal_sea_arm_description)
[7.109s] Level 1:colcon.colcon_core.environment:create_environment_scripts_only(pal_sea_arm_description)
[7.109s] Level 1:colcon.colcon_core.environment:checking '/opt/erc_ws/install/pal_sea_arm_description' for CMake module files
[7.109s] Level 1:colcon.colcon_core.environment:checking '/opt/erc_ws/install/pal_sea_arm_description' for CMake config files
[7.110s] Level 1:colcon.colcon_core.shell:create_environment_hook('pal_sea_arm_description', 'cmake_prefix_path')
[7.110s] INFO:colcon.colcon_core.shell:Creating environment hook '/opt/erc_ws/install/pal_sea_arm_description/share/pal_sea_arm_description/hook/cmake_prefix_path.ps1'
[7.110s] INFO:colcon.colcon_core.shell:Creating environment descriptor '/opt/erc_ws/install/pal_sea_arm_description/share/pal_sea_arm_description/hook/cmake_prefix_path.dsv'
[7.111s] INFO:colcon.colcon_core.shell:Creating environment hook '/opt/erc_ws/install/pal_sea_arm_description/share/pal_sea_arm_description/hook/cmake_prefix_path.sh'
[7.111s] Level 1:colcon.colcon_core.environment:checking '/opt/erc_ws/install/pal_sea_arm_description/bin'
[7.111s] Level 1:colcon.colcon_core.environment:checking '/opt/erc_ws/install/pal_sea_arm_description/lib/pkgconfig/pal_sea_arm_description.pc'
[7.111s] Level 1:colcon.colcon_core.environment:checking '/opt/erc_ws/install/pal_sea_arm_description/lib/python3.10/site-packages'
[7.112s] Level 1:colcon.colcon_core.environment:checking '/opt/erc_ws/install/pal_sea_arm_description/bin'
[7.112s] INFO:colcon.colcon_core.shell:Creating package script '/opt/erc_ws/install/pal_sea_arm_description/share/pal_sea_arm_description/package.ps1'
[7.113s] INFO:colcon.colcon_core.shell:Creating package descriptor '/opt/erc_ws/install/pal_sea_arm_description/share/pal_sea_arm_description/package.dsv'
[7.113s] INFO:colcon.colcon_core.shell:Creating package script '/opt/erc_ws/install/pal_sea_arm_description/share/pal_sea_arm_description/package.sh'
[7.113s] INFO:colcon.colcon_core.shell:Creating package script '/opt/erc_ws/install/pal_sea_arm_description/share/pal_sea_arm_description/package.bash'
[7.114s] INFO:colcon.colcon_core.shell:Creating package script '/opt/erc_ws/install/pal_sea_arm_description/share/pal_sea_arm_description/package.zsh'
[7.114s] Level 1:colcon.colcon_core.environment:create_file_with_runtime_dependencies(/opt/erc_ws/install/pal_sea_arm_description/share/colcon-core/packages/pal_sea_arm_description)
[7.115s] INFO:colcon.colcon_ros.task.ament_cmake.build:Building ROS package in '/opt/erc_ws/src/tiago_pro_robot/tiago_pro_description' with build type 'ament_cmake'
[7.115s] INFO:colcon.colcon_cmake.task.cmake.build:Building CMake package in '/opt/erc_ws/src/tiago_pro_robot/tiago_pro_description'
[7.115s] INFO:colcon.colcon_core.shell:Skip shell extension 'powershell' for command environment: Not usable outside of PowerShell
[7.115s] DEBUG:colcon.colcon_core.shell:Skip shell extension 'dsv' for command environment
[7.123s] INFO:colcon.colcon_ros.task.ament_cmake.build:Building ROS package in '/opt/erc_ws/src/pal_sea_arm/pal_sea_arm_bringup' with build type 'ament_cmake'
[7.124s] INFO:colcon.colcon_cmake.task.cmake.build:Building CMake package in '/opt/erc_ws/src/pal_sea_arm/pal_sea_arm_bringup'
[7.124s] INFO:colcon.colcon_core.shell:Skip shell extension 'powershell' for command environment: Not usable outside of PowerShell
[7.124s] DEBUG:colcon.colcon_core.shell:Skip shell extension 'dsv' for command environment
[7.140s] DEBUG:colcon.colcon_core.event_handler.log_command:Invoking command in '/opt/erc_ws/build/tiago_pro_description': AMENT_PREFIX_PATH=/opt/erc_ws/install/pal_pro_gripper_wrapper:/opt/erc_ws/install/launch_pal:/opt/erc_ws/install/tiago_pro_robot:/opt/erc_ws/install/tiago_pro_head_robot:/opt/erc_ws/install/tiago_pro_bringup:/opt/erc_ws/install/tiago_pro_head_bringup:/opt/erc_ws/install/erc_bringup:/opt/erc_ws/install/tiago_pro_description:/opt/erc_ws/install/tiago_pro_head_description:/opt/erc_ws/install/tiago_pro_controller_configuration:/opt/erc_ws/install/tiago_pro_head_controller_configuration:/opt/erc_ws/install/sensors:/opt/erc_ws/install/pal_sea_arm:/opt/erc_ws/install/pal_sea_arm_bringup:/opt/erc_ws/install/pal_sea_arm_description:/opt/erc_ws/install/pal_pro_gripper_simulation:/opt/erc_ws/install/pal_pro_gripper_bringup:/opt/erc_ws/install/pal_pro_gripper:/opt/erc_ws/install/pal_pro_gripper_description:/opt/erc_ws/install/pal_gripper_simulation:/opt/erc_ws/install/pal_gripper:/opt/erc_ws/install/pal_gripper_description:/opt/erc_ws/install/omni_base_robot:/opt/erc_ws/install/omni_base_bringup:/opt/erc_ws/install/omni_base_description:/opt/erc_ws/install/pal_urdf_utils:/opt/erc_ws/install/pal_sea_arm_controller_configuration:/opt/erc_ws/install/pal_pro_gripper_controller_configuration:/opt/erc_ws/install/pal_gripper_controller_configuration:/opt/erc_ws/install/omni_base_controller_configuration:/opt/erc_ws/install/gz_ros2_control:/opt/erc_ws/install/erc_description:/opt/erc_ws/install/erc_solution:/opt/ros/humble CMAKE_PREFIX_PATH=/opt/erc_ws/install/pal_sea_arm_description:/opt/erc_ws/install/tiago_pro_head_description:/opt/erc_ws/install/pal_sea_arm_controller_configuration:/opt/erc_ws/install/tiago_pro_head_controller_configuration:/opt/erc_ws/install/pal_pro_gripper_description:/opt/erc_ws/install/pal_pro_gripper_controller_configuration:/opt/erc_ws/install/omni_base_description:/opt/erc_ws/install/pal_urdf_utils:/opt/erc_ws/install/tiago_pro_robot:/opt/erc_ws/install/tiago_pro_head_robot:/opt/erc_ws/install/tiago_pro_bringup:/opt/erc_ws/install/tiago_pro_head_bringup:/opt/erc_ws/install/erc_bringup:/opt/erc_ws/install/tiago_pro_description:/opt/erc_ws/install/tiago_pro_controller_configuration:/opt/erc_ws/install/pal_sea_arm:/opt/erc_ws/install/pal_sea_arm_bringup:/opt/erc_ws/install/pal_pro_gripper_simulation:/opt/erc_ws/install/pal_pro_gripper_bringup:/opt/erc_ws/install/pal_pro_gripper:/opt/erc_ws/install/pal_gripper_simulation:/opt/erc_ws/install/pal_gripper:/opt/erc_ws/install/pal_gripper_description:/opt/erc_ws/install/omni_base_robot:/opt/erc_ws/install/omni_base_bringup:/opt/erc_ws/install/pal_gripper_controller_configuration:/opt/erc_ws/install/omni_base_controller_configuration:/opt/erc_ws/install/gz_ros2_control:/opt/erc_ws/install/erc_description:/opt/erc_ws/install/sensors:/opt/erc_ws/install/pal_pro_gripper_wrapper:/opt/erc_ws/install/launch_pal:/opt/erc_ws/install/erc_solution:/opt/ros/humble PYTHONPATH=/opt/erc_ws/build/pal_pro_gripper_wrapper:/opt/erc_ws/install/pal_pro_gripper_wrapper/lib/python3.10/site-packages:/opt/erc_ws/build/launch_pal:/opt/erc_ws/install/launch_pal/lib/python3.10/site-packages:/opt/erc_ws/install/tiago_pro_description/local/lib/python3.10/dist-packages:/opt/erc_ws/install/tiago_pro_head_description/local/lib/python3.10/dist-packages:/opt/erc_ws/install/sensors/lib/python3.10/site-packages:/opt/erc_ws/install/pal_sea_arm_description/local/lib/python3.10/dist-packages:/opt/erc_ws/install/pal_pro_gripper_description/local/lib/python3.10/dist-packages:/opt/erc_ws/install/omni_base_description/local/lib/python3.10/dist-packages:/opt/erc_ws/build/erc_solution:/opt/erc_ws/install/erc_solution/lib/python3.10/site-packages:/opt/ros/humble/lib/python3.10/site-packages:/opt/ros/humble/local/lib/python3.10/dist-packages /usr/bin/cmake /opt/erc_ws/src/tiago_pro_robot/tiago_pro_description -DAMENT_CMAKE_SYMLINK_INSTALL=1 -DCMAKE_INSTALL_PREFIX=/opt/erc_ws/install/tiago_pro_description
[7.145s] DEBUG:colcon.colcon_core.event_handler.log_command:Invoking command in '/opt/erc_ws/build/pal_sea_arm_bringup': AMENT_PREFIX_PATH=/opt/erc_ws/install/pal_pro_gripper_wrapper:/opt/erc_ws/install/launch_pal:/opt/erc_ws/install/tiago_pro_robot:/opt/erc_ws/install/tiago_pro_head_robot:/opt/erc_ws/install/tiago_pro_bringup:/opt/erc_ws/install/tiago_pro_head_bringup:/opt/erc_ws/install/erc_bringup:/opt/erc_ws/install/tiago_pro_description:/opt/erc_ws/install/tiago_pro_head_description:/opt/erc_ws/install/tiago_pro_controller_configuration:/opt/erc_ws/install/tiago_pro_head_controller_configuration:/opt/erc_ws/install/sensors:/opt/erc_ws/install/pal_sea_arm:/opt/erc_ws/install/pal_sea_arm_bringup:/opt/erc_ws/install/pal_sea_arm_description:/opt/erc_ws/install/pal_pro_gripper_simulation:/opt/erc_ws/install/pal_pro_gripper_bringup:/opt/erc_ws/install/pal_pro_gripper:/opt/erc_ws/install/pal_pro_gripper_description:/opt/erc_ws/install/pal_gripper_simulation:/opt/erc_ws/install/pal_gripper:/opt/erc_ws/install/pal_gripper_description:/opt/erc_ws/install/omni_base_robot:/opt/erc_ws/install/omni_base_bringup:/opt/erc_ws/install/omni_base_description:/opt/erc_ws/install/pal_urdf_utils:/opt/erc_ws/install/pal_sea_arm_controller_configuration:/opt/erc_ws/install/pal_pro_gripper_controller_configuration:/opt/erc_ws/install/pal_gripper_controller_configuration:/opt/erc_ws/install/omni_base_controller_configuration:/opt/erc_ws/install/gz_ros2_control:/opt/erc_ws/install/erc_description:/opt/erc_ws/install/erc_solution:/opt/ros/humble CMAKE_PREFIX_PATH=/opt/erc_ws/install/pal_sea_arm_description:/opt/erc_ws/install/pal_sea_arm_controller_configuration:/opt/erc_ws/install/pal_pro_gripper_description:/opt/erc_ws/install/pal_pro_gripper_controller_configuration:/opt/erc_ws/install/pal_urdf_utils:/opt/erc_ws/install/tiago_pro_robot:/opt/erc_ws/install/tiago_pro_head_robot:/opt/erc_ws/install/tiago_pro_bringup:/opt/erc_ws/install/tiago_pro_head_bringup:/opt/erc_ws/install/erc_bringup:/opt/erc_ws/install/tiago_pro_description:/opt/erc_ws/install/tiago_pro_head_description:/opt/erc_ws/install/tiago_pro_controller_configuration:/opt/erc_ws/install/tiago_pro_head_controller_configuration:/opt/erc_ws/install/pal_sea_arm:/opt/erc_ws/install/pal_sea_arm_bringup:/opt/erc_ws/install/pal_pro_gripper_simulation:/opt/erc_ws/install/pal_pro_gripper_bringup:/opt/erc_ws/install/pal_pro_gripper:/opt/erc_ws/install/pal_gripper_simulation:/opt/erc_ws/install/pal_gripper:/opt/erc_ws/install/pal_gripper_description:/opt/erc_ws/install/omni_base_robot:/opt/erc_ws/install/omni_base_bringup:/opt/erc_ws/install/omni_base_description:/opt/erc_ws/install/pal_gripper_controller_configuration:/opt/erc_ws/install/omni_base_controller_configuration:/opt/erc_ws/install/gz_ros2_control:/opt/erc_ws/install/erc_description:/opt/erc_ws/install/sensors:/opt/erc_ws/install/pal_pro_gripper_wrapper:/opt/erc_ws/install/launch_pal:/opt/erc_ws/install/erc_solution:/opt/ros/humble PYTHONPATH=/opt/erc_ws/build/pal_pro_gripper_wrapper:/opt/erc_ws/install/pal_pro_gripper_wrapper/lib/python3.10/site-packages:/opt/erc_ws/build/launch_pal:/opt/erc_ws/install/launch_pal/lib/python3.10/site-packages:/opt/erc_ws/install/tiago_pro_description/local/lib/python3.10/dist-packages:/opt/erc_ws/install/tiago_pro_head_description/local/lib/python3.10/dist-packages:/opt/erc_ws/install/sensors/lib/python3.10/site-packages:/opt/erc_ws/install/pal_sea_arm_description/local/lib/python3.10/dist-packages:/opt/erc_ws/install/pal_pro_gripper_description/local/lib/python3.10/dist-packages:/opt/erc_ws/install/omni_base_description/local/lib/python3.10/dist-packages:/opt/erc_ws/build/erc_solution:/opt/erc_ws/install/erc_solution/lib/python3.10/site-packages:/opt/ros/humble/lib/python3.10/site-packages:/opt/ros/humble/local/lib/python3.10/dist-packages /usr/bin/cmake /opt/erc_ws/src/pal_sea_arm/pal_sea_arm_bringup -DAMENT_CMAKE_SYMLINK_INSTALL=1 -DCMAKE_INSTALL_PREFIX=/opt/erc_ws/install/pal_sea_arm_bringup
[7.641s] Level 1:colcon.colcon_core.environment:create_environment_scripts_only(tiago_pro_bringup)
[7.642s] Level 1:colcon.colcon_core.environment:checking '/opt/erc_ws/install/tiago_pro_bringup' for CMake module files
[7.642s] DEBUG:colcon.colcon_core.event_handler.log_command:Invoked command in '/opt/erc_ws/build/tiago_pro_bringup' returned '0': AMENT_PREFIX_PATH=/opt/erc_ws/install/pal_pro_gripper_wrapper:/opt/erc_ws/install/launch_pal:/opt/erc_ws/install/tiago_pro_robot:/opt/erc_ws/install/tiago_pro_head_robot:/opt/erc_ws/install/tiago_pro_bringup:/opt/erc_ws/install/tiago_pro_head_bringup:/opt/erc_ws/install/erc_bringup:/opt/erc_ws/install/tiago_pro_description:/opt/erc_ws/install/tiago_pro_head_description:/opt/erc_ws/install/tiago_pro_controller_configuration:/opt/erc_ws/install/tiago_pro_head_controller_configuration:/opt/erc_ws/install/sensors:/opt/erc_ws/install/pal_sea_arm:/opt/erc_ws/install/pal_sea_arm_bringup:/opt/erc_ws/install/pal_sea_arm_description:/opt/erc_ws/install/pal_pro_gripper_simulation:/opt/erc_ws/install/pal_pro_gripper_bringup:/opt/erc_ws/install/pal_pro_gripper:/opt/erc_ws/install/pal_pro_gripper_description:/opt/erc_ws/install/pal_gripper_simulation:/opt/erc_ws/install/pal_gripper:/opt/erc_ws/install/pal_gripper_description:/opt/erc_ws/install/omni_base_robot:/opt/erc_ws/install/omni_base_bringup:/opt/erc_ws/install/omni_base_description:/opt/erc_ws/install/pal_urdf_utils:/opt/erc_ws/install/pal_sea_arm_controller_configuration:/opt/erc_ws/install/pal_pro_gripper_controller_configuration:/opt/erc_ws/install/pal_gripper_controller_configuration:/opt/erc_ws/install/omni_base_controller_configuration:/opt/erc_ws/install/gz_ros2_control:/opt/erc_ws/install/erc_description:/opt/erc_ws/install/erc_solution:/opt/ros/humble CMAKE_PREFIX_PATH=/opt/erc_ws/install/tiago_pro_head_bringup:/opt/erc_ws/install/tiago_pro_controller_configuration:/opt/erc_ws/install/tiago_pro_head_description:/opt/erc_ws/install/pal_sea_arm_controller_configuration:/opt/erc_ws/install/tiago_pro_head_controller_configuration:/opt/erc_ws/install/pal_pro_gripper_controller_configuration:/opt/erc_ws/install/pal_urdf_utils:/opt/erc_ws/install/omni_base_controller_configuration:/opt/erc_ws/install/tiago_pro_robot:/opt/erc_ws/install/tiago_pro_head_robot:/opt/erc_ws/install/tiago_pro_bringup:/opt/erc_ws/install/erc_bringup:/opt/erc_ws/install/tiago_pro_description:/opt/erc_ws/install/pal_sea_arm:/opt/erc_ws/install/pal_sea_arm_bringup:/opt/erc_ws/install/pal_sea_arm_description:/opt/erc_ws/install/pal_pro_gripper_simulation:/opt/erc_ws/install/pal_pro_gripper_bringup:/opt/erc_ws/install/pal_pro_gripper:/opt/erc_ws/install/pal_pro_gripper_description:/opt/erc_ws/install/pal_gripper_simulation:/opt/erc_ws/install/pal_gripper:/opt/erc_ws/install/pal_gripper_description:/opt/erc_ws/install/omni_base_robot:/opt/erc_ws/install/omni_base_bringup:/opt/erc_ws/install/omni_base_description:/opt/erc_ws/install/pal_gripper_controller_configuration:/opt/erc_ws/install/gz_ros2_control:/opt/erc_ws/install/erc_description:/opt/erc_ws/install/sensors:/opt/erc_ws/install/pal_pro_gripper_wrapper:/opt/erc_ws/install/launch_pal:/opt/erc_ws/install/erc_solution:/opt/ros/humble PYTHONPATH=/opt/erc_ws/build/pal_pro_gripper_wrapper:/opt/erc_ws/install/pal_pro_gripper_wrapper/lib/python3.10/site-packages:/opt/erc_ws/build/launch_pal:/opt/erc_ws/install/launch_pal/lib/python3.10/site-packages:/opt/erc_ws/install/tiago_pro_description/local/lib/python3.10/dist-packages:/opt/erc_ws/install/tiago_pro_head_description/local/lib/python3.10/dist-packages:/opt/erc_ws/install/sensors/lib/python3.10/site-packages:/opt/erc_ws/install/pal_sea_arm_description/local/lib/python3.10/dist-packages:/opt/erc_ws/install/pal_pro_gripper_description/local/lib/python3.10/dist-packages:/opt/erc_ws/install/omni_base_description/local/lib/python3.10/dist-packages:/opt/erc_ws/build/erc_solution:/opt/erc_ws/install/erc_solution/lib/python3.10/site-packages:/opt/ros/humble/lib/python3.10/site-packages:/opt/ros/humble/local/lib/python3.10/dist-packages /usr/bin/cmake --install /opt/erc_ws/build/tiago_pro_bringup
[7.643s] Level 1:colcon.colcon_core.environment:checking '/opt/erc_ws/install/tiago_pro_bringup' for CMake config files
[7.644s] Level 1:colcon.colcon_core.shell:create_environment_hook('tiago_pro_bringup', 'cmake_prefix_path')
[7.644s] INFO:colcon.colcon_core.shell:Creating environment hook '/opt/erc_ws/install/tiago_pro_bringup/share/tiago_pro_bringup/hook/cmake_prefix_path.ps1'
[7.645s] INFO:colcon.colcon_core.shell:Creating environment descriptor '/opt/erc_ws/install/tiago_pro_bringup/share/tiago_pro_bringup/hook/cmake_prefix_path.dsv'
[7.645s] INFO:colcon.colcon_core.shell:Creating environment hook '/opt/erc_ws/install/tiago_pro_bringup/share/tiago_pro_bringup/hook/cmake_prefix_path.sh'
[7.645s] Level 1:colcon.colcon_core.environment:checking '/opt/erc_ws/install/tiago_pro_bringup/lib'
[7.645s] Level 1:colcon.colcon_core.environment:checking '/opt/erc_ws/install/tiago_pro_bringup/bin'
[7.645s] Level 1:colcon.colcon_core.environment:checking '/opt/erc_ws/install/tiago_pro_bringup/lib/pkgconfig/tiago_pro_bringup.pc'
[7.646s] Level 1:colcon.colcon_core.environment:checking '/opt/erc_ws/install/tiago_pro_bringup/lib/python3.10/site-packages'
[7.646s] Level 1:colcon.colcon_core.environment:checking '/opt/erc_ws/install/tiago_pro_bringup/bin'
[7.647s] INFO:colcon.colcon_core.shell:Creating package script '/opt/erc_ws/install/tiago_pro_bringup/share/tiago_pro_bringup/package.ps1'
[7.648s] INFO:colcon.colcon_core.shell:Creating package descriptor '/opt/erc_ws/install/tiago_pro_bringup/share/tiago_pro_bringup/package.dsv'
[7.648s] INFO:colcon.colcon_core.shell:Creating package script '/opt/erc_ws/install/tiago_pro_bringup/share/tiago_pro_bringup/package.sh'
[7.648s] INFO:colcon.colcon_core.shell:Creating package script '/opt/erc_ws/install/tiago_pro_bringup/share/tiago_pro_bringup/package.bash'
[7.649s] INFO:colcon.colcon_core.shell:Creating package script '/opt/erc_ws/install/tiago_pro_bringup/share/tiago_pro_bringup/package.zsh'
[7.649s] Level 1:colcon.colcon_core.environment:create_file_with_runtime_dependencies(/opt/erc_ws/install/tiago_pro_bringup/share/colcon-core/packages/tiago_pro_bringup)
[7.650s] Level 1:colcon.colcon_core.environment:create_environment_scripts_only(tiago_pro_bringup)
[7.650s] Level 1:colcon.colcon_core.environment:checking '/opt/erc_ws/install/tiago_pro_bringup' for CMake module files
[7.650s] Level 1:colcon.colcon_core.environment:checking '/opt/erc_ws/install/tiago_pro_bringup' for CMake config files
[7.650s] Level 1:colcon.colcon_core.shell:create_environment_hook('tiago_pro_bringup', 'cmake_prefix_path')
[7.650s] INFO:colcon.colcon_core.shell:Creating environment hook '/opt/erc_ws/install/tiago_pro_bringup/share/tiago_pro_bringup/hook/cmake_prefix_path.ps1'
[7.651s] INFO:colcon.colcon_core.shell:Creating environment descriptor '/opt/erc_ws/install/tiago_pro_bringup/share/tiago_pro_bringup/hook/cmake_prefix_path.dsv'
[7.651s] INFO:colcon.colcon_core.shell:Creating environment hook '/opt/erc_ws/install/tiago_pro_bringup/share/tiago_pro_bringup/hook/cmake_prefix_path.sh'
[7.651s] Level 1:colcon.colcon_core.environment:checking '/opt/erc_ws/install/tiago_pro_bringup/lib'
[7.652s] Level 1:colcon.colcon_core.environment:checking '/opt/erc_ws/install/tiago_pro_bringup/bin'
[7.652s] Level 1:colcon.colcon_core.environment:checking '/opt/erc_ws/install/tiago_pro_bringup/lib/pkgconfig/tiago_pro_bringup.pc'
[7.652s] Level 1:colcon.colcon_core.environment:checking '/opt/erc_ws/install/tiago_pro_bringup/lib/python3.10/site-packages'
[7.653s] Level 1:colcon.colcon_core.environment:checking '/opt/erc_ws/install/tiago_pro_bringup/bin'
[7.653s] INFO:colcon.colcon_core.shell:Creating package script '/opt/erc_ws/install/tiago_pro_bringup/share/tiago_pro_bringup/package.ps1'
[7.653s] INFO:colcon.colcon_core.shell:Creating package descriptor '/opt/erc_ws/install/tiago_pro_bringup/share/tiago_pro_bringup/package.dsv'
[7.654s] INFO:colcon.colcon_core.shell:Creating package script '/opt/erc_ws/install/tiago_pro_bringup/share/tiago_pro_bringup/package.sh'
[7.654s] INFO:colcon.colcon_core.shell:Creating package script '/opt/erc_ws/install/tiago_pro_bringup/share/tiago_pro_bringup/package.bash'
[7.654s] INFO:colcon.colcon_core.shell:Creating package script '/opt/erc_ws/install/tiago_pro_bringup/share/tiago_pro_bringup/package.zsh'
[7.655s] Level 1:colcon.colcon_core.environment:create_file_with_runtime_dependencies(/opt/erc_ws/install/tiago_pro_bringup/share/colcon-core/packages/tiago_pro_bringup)
[7.894s] DEBUG:colcon.colcon_core.event_handler.log_command:Invoked command in '/opt/erc_ws/build/pal_sea_arm_bringup' returned '0': AMENT_PREFIX_PATH=/opt/erc_ws/install/pal_pro_gripper_wrapper:/opt/erc_ws/install/launch_pal:/opt/erc_ws/install/tiago_pro_robot:/opt/erc_ws/install/tiago_pro_head_robot:/opt/erc_ws/install/tiago_pro_bringup:/opt/erc_ws/install/tiago_pro_head_bringup:/opt/erc_ws/install/erc_bringup:/opt/erc_ws/install/tiago_pro_description:/opt/erc_ws/install/tiago_pro_head_description:/opt/erc_ws/install/tiago_pro_controller_configuration:/opt/erc_ws/install/tiago_pro_head_controller_configuration:/opt/erc_ws/install/sensors:/opt/erc_ws/install/pal_sea_arm:/opt/erc_ws/install/pal_sea_arm_bringup:/opt/erc_ws/install/pal_sea_arm_description:/opt/erc_ws/install/pal_pro_gripper_simulation:/opt/erc_ws/install/pal_pro_gripper_bringup:/opt/erc_ws/install/pal_pro_gripper:/opt/erc_ws/install/pal_pro_gripper_description:/opt/erc_ws/install/pal_gripper_simulation:/opt/erc_ws/install/pal_gripper:/opt/erc_ws/install/pal_gripper_description:/opt/erc_ws/install/omni_base_robot:/opt/erc_ws/install/omni_base_bringup:/opt/erc_ws/install/omni_base_description:/opt/erc_ws/install/pal_urdf_utils:/opt/erc_ws/install/pal_sea_arm_controller_configuration:/opt/erc_ws/install/pal_pro_gripper_controller_configuration:/opt/erc_ws/install/pal_gripper_controller_configuration:/opt/erc_ws/install/omni_base_controller_configuration:/opt/erc_ws/install/gz_ros2_control:/opt/erc_ws/install/erc_description:/opt/erc_ws/install/erc_solution:/opt/ros/humble CMAKE_PREFIX_PATH=/opt/erc_ws/install/pal_sea_arm_description:/opt/erc_ws/install/pal_sea_arm_controller_configuration:/opt/erc_ws/install/pal_pro_gripper_description:/opt/erc_ws/install/pal_pro_gripper_controller_configuration:/opt/erc_ws/install/pal_urdf_utils:/opt/erc_ws/install/tiago_pro_robot:/opt/erc_ws/install/tiago_pro_head_robot:/opt/erc_ws/install/tiago_pro_bringup:/opt/erc_ws/install/tiago_pro_head_bringup:/opt/erc_ws/install/erc_bringup:/opt/erc_ws/install/tiago_pro_description:/opt/erc_ws/install/tiago_pro_head_description:/opt/erc_ws/install/tiago_pro_controller_configuration:/opt/erc_ws/install/tiago_pro_head_controller_configuration:/opt/erc_ws/install/pal_sea_arm:/opt/erc_ws/install/pal_sea_arm_bringup:/opt/erc_ws/install/pal_pro_gripper_simulation:/opt/erc_ws/install/pal_pro_gripper_bringup:/opt/erc_ws/install/pal_pro_gripper:/opt/erc_ws/install/pal_gripper_simulation:/opt/erc_ws/install/pal_gripper:/opt/erc_ws/install/pal_gripper_description:/opt/erc_ws/install/omni_base_robot:/opt/erc_ws/install/omni_base_bringup:/opt/erc_ws/install/omni_base_description:/opt/erc_ws/install/pal_gripper_controller_configuration:/opt/erc_ws/install/omni_base_controller_configuration:/opt/erc_ws/install/gz_ros2_control:/opt/erc_ws/install/erc_description:/opt/erc_ws/install/sensors:/opt/erc_ws/install/pal_pro_gripper_wrapper:/opt/erc_ws/install/launch_pal:/opt/erc_ws/install/erc_solution:/opt/ros/humble PYTHONPATH=/opt/erc_ws/build/pal_pro_gripper_wrapper:/opt/erc_ws/install/pal_pro_gripper_wrapper/lib/python3.10/site-packages:/opt/erc_ws/build/launch_pal:/opt/erc_ws/install/launch_pal/lib/python3.10/site-packages:/opt/erc_ws/install/tiago_pro_description/local/lib/python3.10/dist-packages:/opt/erc_ws/install/tiago_pro_head_description/local/lib/python3.10/dist-packages:/opt/erc_ws/install/sensors/lib/python3.10/site-packages:/opt/erc_ws/install/pal_sea_arm_description/local/lib/python3.10/dist-packages:/opt/erc_ws/install/pal_pro_gripper_description/local/lib/python3.10/dist-packages:/opt/erc_ws/install/omni_base_description/local/lib/python3.10/dist-packages:/opt/erc_ws/build/erc_solution:/opt/erc_ws/install/erc_solution/lib/python3.10/site-packages:/opt/ros/humble/lib/python3.10/site-packages:/opt/ros/humble/local/lib/python3.10/dist-packages /usr/bin/cmake /opt/erc_ws/src/pal_sea_arm/pal_sea_arm_bringup -DAMENT_CMAKE_SYMLINK_INSTALL=1 -DCMAKE_INSTALL_PREFIX=/opt/erc_ws/install/pal_sea_arm_bringup
[7.895s] DEBUG:colcon.colcon_core.event_handler.log_command:Invoking command in '/opt/erc_ws/build/pal_sea_arm_bringup': AMENT_PREFIX_PATH=/opt/erc_ws/install/pal_pro_gripper_wrapper:/opt/erc_ws/install/launch_pal:/opt/erc_ws/install/tiago_pro_robot:/opt/erc_ws/install/tiago_pro_head_robot:/opt/erc_ws/install/tiago_pro_bringup:/opt/erc_ws/install/tiago_pro_head_bringup:/opt/erc_ws/install/erc_bringup:/opt/erc_ws/install/tiago_pro_description:/opt/erc_ws/install/tiago_pro_head_description:/opt/erc_ws/install/tiago_pro_controller_configuration:/opt/erc_ws/install/tiago_pro_head_controller_configuration:/opt/erc_ws/install/sensors:/opt/erc_ws/install/pal_sea_arm:/opt/erc_ws/install/pal_sea_arm_bringup:/opt/erc_ws/install/pal_sea_arm_description:/opt/erc_ws/install/pal_pro_gripper_simulation:/opt/erc_ws/install/pal_pro_gripper_bringup:/opt/erc_ws/install/pal_pro_gripper:/opt/erc_ws/install/pal_pro_gripper_description:/opt/erc_ws/install/pal_gripper_simulation:/opt/erc_ws/install/pal_gripper:/opt/erc_ws/install/pal_gripper_description:/opt/erc_ws/install/omni_base_robot:/opt/erc_ws/install/omni_base_bringup:/opt/erc_ws/install/omni_base_description:/opt/erc_ws/install/pal_urdf_utils:/opt/erc_ws/install/pal_sea_arm_controller_configuration:/opt/erc_ws/install/pal_pro_gripper_controller_configuration:/opt/erc_ws/install/pal_gripper_controller_configuration:/opt/erc_ws/install/omni_base_controller_configuration:/opt/erc_ws/install/gz_ros2_control:/opt/erc_ws/install/erc_description:/opt/erc_ws/install/erc_solution:/opt/ros/humble CMAKE_PREFIX_PATH=/opt/erc_ws/install/pal_sea_arm_description:/opt/erc_ws/install/pal_sea_arm_controller_configuration:/opt/erc_ws/install/pal_pro_gripper_description:/opt/erc_ws/install/pal_pro_gripper_controller_configuration:/opt/erc_ws/install/pal_urdf_utils:/opt/erc_ws/install/tiago_pro_robot:/opt/erc_ws/install/tiago_pro_head_robot:/opt/erc_ws/install/tiago_pro_bringup:/opt/erc_ws/install/tiago_pro_head_bringup:/opt/erc_ws/install/erc_bringup:/opt/erc_ws/install/tiago_pro_description:/opt/erc_ws/install/tiago_pro_head_description:/opt/erc_ws/install/tiago_pro_controller_configuration:/opt/erc_ws/install/tiago_pro_head_controller_configuration:/opt/erc_ws/install/pal_sea_arm:/opt/erc_ws/install/pal_sea_arm_bringup:/opt/erc_ws/install/pal_pro_gripper_simulation:/opt/erc_ws/install/pal_pro_gripper_bringup:/opt/erc_ws/install/pal_pro_gripper:/opt/erc_ws/install/pal_gripper_simulation:/opt/erc_ws/install/pal_gripper:/opt/erc_ws/install/pal_gripper_description:/opt/erc_ws/install/omni_base_robot:/opt/erc_ws/install/omni_base_bringup:/opt/erc_ws/install/omni_base_description:/opt/erc_ws/install/pal_gripper_controller_configuration:/opt/erc_ws/install/omni_base_controller_configuration:/opt/erc_ws/install/gz_ros2_control:/opt/erc_ws/install/erc_description:/opt/erc_ws/install/sensors:/opt/erc_ws/install/pal_pro_gripper_wrapper:/opt/erc_ws/install/launch_pal:/opt/erc_ws/install/erc_solution:/opt/ros/humble PYTHONPATH=/opt/erc_ws/build/pal_pro_gripper_wrapper:/opt/erc_ws/install/pal_pro_gripper_wrapper/lib/python3.10/site-packages:/opt/erc_ws/build/launch_pal:/opt/erc_ws/install/launch_pal/lib/python3.10/site-packages:/opt/erc_ws/install/tiago_pro_description/local/lib/python3.10/dist-packages:/opt/erc_ws/install/tiago_pro_head_description/local/lib/python3.10/dist-packages:/opt/erc_ws/install/sensors/lib/python3.10/site-packages:/opt/erc_ws/install/pal_sea_arm_description/local/lib/python3.10/dist-packages:/opt/erc_ws/install/pal_pro_gripper_description/local/lib/python3.10/dist-packages:/opt/erc_ws/install/omni_base_description/local/lib/python3.10/dist-packages:/opt/erc_ws/build/erc_solution:/opt/erc_ws/install/erc_solution/lib/python3.10/site-packages:/opt/ros/humble/lib/python3.10/site-packages:/opt/ros/humble/local/lib/python3.10/dist-packages /usr/bin/cmake --build /opt/erc_ws/build/pal_sea_arm_bringup -- -j16 -l16
[7.927s] DEBUG:colcon.colcon_core.event_handler.log_command:Invoked command in '/opt/erc_ws/build/pal_sea_arm_bringup' returned '0': AMENT_PREFIX_PATH=/opt/erc_ws/install/pal_pro_gripper_wrapper:/opt/erc_ws/install/launch_pal:/opt/erc_ws/install/tiago_pro_robot:/opt/erc_ws/install/tiago_pro_head_robot:/opt/erc_ws/install/tiago_pro_bringup:/opt/erc_ws/install/tiago_pro_head_bringup:/opt/erc_ws/install/erc_bringup:/opt/erc_ws/install/tiago_pro_description:/opt/erc_ws/install/tiago_pro_head_description:/opt/erc_ws/install/tiago_pro_controller_configuration:/opt/erc_ws/install/tiago_pro_head_controller_configuration:/opt/erc_ws/install/sensors:/opt/erc_ws/install/pal_sea_arm:/opt/erc_ws/install/pal_sea_arm_bringup:/opt/erc_ws/install/pal_sea_arm_description:/opt/erc_ws/install/pal_pro_gripper_simulation:/opt/erc_ws/install/pal_pro_gripper_bringup:/opt/erc_ws/install/pal_pro_gripper:/opt/erc_ws/install/pal_pro_gripper_description:/opt/erc_ws/install/pal_gripper_simulation:/opt/erc_ws/install/pal_gripper:/opt/erc_ws/install/pal_gripper_description:/opt/erc_ws/install/omni_base_robot:/opt/erc_ws/install/omni_base_bringup:/opt/erc_ws/install/omni_base_description:/opt/erc_ws/install/pal_urdf_utils:/opt/erc_ws/install/pal_sea_arm_controller_configuration:/opt/erc_ws/install/pal_pro_gripper_controller_configuration:/opt/erc_ws/install/pal_gripper_controller_configuration:/opt/erc_ws/install/omni_base_controller_configuration:/opt/erc_ws/install/gz_ros2_control:/opt/erc_ws/install/erc_description:/opt/erc_ws/install/erc_solution:/opt/ros/humble CMAKE_PREFIX_PATH=/opt/erc_ws/install/pal_sea_arm_description:/opt/erc_ws/install/pal_sea_arm_controller_configuration:/opt/erc_ws/install/pal_pro_gripper_description:/opt/erc_ws/install/pal_pro_gripper_controller_configuration:/opt/erc_ws/install/pal_urdf_utils:/opt/erc_ws/install/tiago_pro_robot:/opt/erc_ws/install/tiago_pro_head_robot:/opt/erc_ws/install/tiago_pro_bringup:/opt/erc_ws/install/tiago_pro_head_bringup:/opt/erc_ws/install/erc_bringup:/opt/erc_ws/install/tiago_pro_description:/opt/erc_ws/install/tiago_pro_head_description:/opt/erc_ws/install/tiago_pro_controller_configuration:/opt/erc_ws/install/tiago_pro_head_controller_configuration:/opt/erc_ws/install/pal_sea_arm:/opt/erc_ws/install/pal_sea_arm_bringup:/opt/erc_ws/install/pal_pro_gripper_simulation:/opt/erc_ws/install/pal_pro_gripper_bringup:/opt/erc_ws/install/pal_pro_gripper:/opt/erc_ws/install/pal_gripper_simulation:/opt/erc_ws/install/pal_gripper:/opt/erc_ws/install/pal_gripper_description:/opt/erc_ws/install/omni_base_robot:/opt/erc_ws/install/omni_base_bringup:/opt/erc_ws/install/omni_base_description:/opt/erc_ws/install/pal_gripper_controller_configuration:/opt/erc_ws/install/omni_base_controller_configuration:/opt/erc_ws/install/gz_ros2_control:/opt/erc_ws/install/erc_description:/opt/erc_ws/install/sensors:/opt/erc_ws/install/pal_pro_gripper_wrapper:/opt/erc_ws/install/launch_pal:/opt/erc_ws/install/erc_solution:/opt/ros/humble PYTHONPATH=/opt/erc_ws/build/pal_pro_gripper_wrapper:/opt/erc_ws/install/pal_pro_gripper_wrapper/lib/python3.10/site-packages:/opt/erc_ws/build/launch_pal:/opt/erc_ws/install/launch_pal/lib/python3.10/site-packages:/opt/erc_ws/install/tiago_pro_description/local/lib/python3.10/dist-packages:/opt/erc_ws/install/tiago_pro_head_description/local/lib/python3.10/dist-packages:/opt/erc_ws/install/sensors/lib/python3.10/site-packages:/opt/erc_ws/install/pal_sea_arm_description/local/lib/python3.10/dist-packages:/opt/erc_ws/install/pal_pro_gripper_description/local/lib/python3.10/dist-packages:/opt/erc_ws/install/omni_base_description/local/lib/python3.10/dist-packages:/opt/erc_ws/build/erc_solution:/opt/erc_ws/install/erc_solution/lib/python3.10/site-packages:/opt/ros/humble/lib/python3.10/site-packages:/opt/ros/humble/local/lib/python3.10/dist-packages /usr/bin/cmake --build /opt/erc_ws/build/pal_sea_arm_bringup -- -j16 -l16
[7.929s] DEBUG:colcon.colcon_core.event_handler.log_command:Invoking command in '/opt/erc_ws/build/pal_sea_arm_bringup': AMENT_PREFIX_PATH=/opt/erc_ws/install/pal_pro_gripper_wrapper:/opt/erc_ws/install/launch_pal:/opt/erc_ws/install/tiago_pro_robot:/opt/erc_ws/install/tiago_pro_head_robot:/opt/erc_ws/install/tiago_pro_bringup:/opt/erc_ws/install/tiago_pro_head_bringup:/opt/erc_ws/install/erc_bringup:/opt/erc_ws/install/tiago_pro_description:/opt/erc_ws/install/tiago_pro_head_description:/opt/erc_ws/install/tiago_pro_controller_configuration:/opt/erc_ws/install/tiago_pro_head_controller_configuration:/opt/erc_ws/install/sensors:/opt/erc_ws/install/pal_sea_arm:/opt/erc_ws/install/pal_sea_arm_bringup:/opt/erc_ws/install/pal_sea_arm_description:/opt/erc_ws/install/pal_pro_gripper_simulation:/opt/erc_ws/install/pal_pro_gripper_bringup:/opt/erc_ws/install/pal_pro_gripper:/opt/erc_ws/install/pal_pro_gripper_description:/opt/erc_ws/install/pal_gripper_simulation:/opt/erc_ws/install/pal_gripper:/opt/erc_ws/install/pal_gripper_description:/opt/erc_ws/install/omni_base_robot:/opt/erc_ws/install/omni_base_bringup:/opt/erc_ws/install/omni_base_description:/opt/erc_ws/install/pal_urdf_utils:/opt/erc_ws/install/pal_sea_arm_controller_configuration:/opt/erc_ws/install/pal_pro_gripper_controller_configuration:/opt/erc_ws/install/pal_gripper_controller_configuration:/opt/erc_ws/install/omni_base_controller_configuration:/opt/erc_ws/install/gz_ros2_control:/opt/erc_ws/install/erc_description:/opt/erc_ws/install/erc_solution:/opt/ros/humble CMAKE_PREFIX_PATH=/opt/erc_ws/install/pal_sea_arm_description:/opt/erc_ws/install/pal_sea_arm_controller_configuration:/opt/erc_ws/install/pal_pro_gripper_description:/opt/erc_ws/install/pal_pro_gripper_controller_configuration:/opt/erc_ws/install/pal_urdf_utils:/opt/erc_ws/install/tiago_pro_robot:/opt/erc_ws/install/tiago_pro_head_robot:/opt/erc_ws/install/tiago_pro_bringup:/opt/erc_ws/install/tiago_pro_head_bringup:/opt/erc_ws/install/erc_bringup:/opt/erc_ws/install/tiago_pro_description:/opt/erc_ws/install/tiago_pro_head_description:/opt/erc_ws/install/tiago_pro_controller_configuration:/opt/erc_ws/install/tiago_pro_head_controller_configuration:/opt/erc_ws/install/pal_sea_arm:/opt/erc_ws/install/pal_sea_arm_bringup:/opt/erc_ws/install/pal_pro_gripper_simulation:/opt/erc_ws/install/pal_pro_gripper_bringup:/opt/erc_ws/install/pal_pro_gripper:/opt/erc_ws/install/pal_gripper_simulation:/opt/erc_ws/install/pal_gripper:/opt/erc_ws/install/pal_gripper_description:/opt/erc_ws/install/omni_base_robot:/opt/erc_ws/install/omni_base_bringup:/opt/erc_ws/install/omni_base_description:/opt/erc_ws/install/pal_gripper_controller_configuration:/opt/erc_ws/install/omni_base_controller_configuration:/opt/erc_ws/install/gz_ros2_control:/opt/erc_ws/install/erc_description:/opt/erc_ws/install/sensors:/opt/erc_ws/install/pal_pro_gripper_wrapper:/opt/erc_ws/install/launch_pal:/opt/erc_ws/install/erc_solution:/opt/ros/humble PYTHONPATH=/opt/erc_ws/build/pal_pro_gripper_wrapper:/opt/erc_ws/install/pal_pro_gripper_wrapper/lib/python3.10/site-packages:/opt/erc_ws/build/launch_pal:/opt/erc_ws/install/launch_pal/lib/python3.10/site-packages:/opt/erc_ws/install/tiago_pro_description/local/lib/python3.10/dist-packages:/opt/erc_ws/install/tiago_pro_head_description/local/lib/python3.10/dist-packages:/opt/erc_ws/install/sensors/lib/python3.10/site-packages:/opt/erc_ws/install/pal_sea_arm_description/local/lib/python3.10/dist-packages:/opt/erc_ws/install/pal_pro_gripper_description/local/lib/python3.10/dist-packages:/opt/erc_ws/install/omni_base_description/local/lib/python3.10/dist-packages:/opt/erc_ws/build/erc_solution:/opt/erc_ws/install/erc_solution/lib/python3.10/site-packages:/opt/ros/humble/lib/python3.10/site-packages:/opt/ros/humble/local/lib/python3.10/dist-packages /usr/bin/cmake --install /opt/erc_ws/build/pal_sea_arm_bringup
[8.070s] Level 1:colcon.colcon_core.environment:create_environment_scripts_only(pal_sea_arm_bringup)
[8.070s] Level 1:colcon.colcon_core.environment:checking '/opt/erc_ws/install/pal_sea_arm_bringup' for CMake module files
[8.071s] DEBUG:colcon.colcon_core.event_handler.log_command:Invoked command in '/opt/erc_ws/build/pal_sea_arm_bringup' returned '0': AMENT_PREFIX_PATH=/opt/erc_ws/install/pal_pro_gripper_wrapper:/opt/erc_ws/install/launch_pal:/opt/erc_ws/install/tiago_pro_robot:/opt/erc_ws/install/tiago_pro_head_robot:/opt/erc_ws/install/tiago_pro_bringup:/opt/erc_ws/install/tiago_pro_head_bringup:/opt/erc_ws/install/erc_bringup:/opt/erc_ws/install/tiago_pro_description:/opt/erc_ws/install/tiago_pro_head_description:/opt/erc_ws/install/tiago_pro_controller_configuration:/opt/erc_ws/install/tiago_pro_head_controller_configuration:/opt/erc_ws/install/sensors:/opt/erc_ws/install/pal_sea_arm:/opt/erc_ws/install/pal_sea_arm_bringup:/opt/erc_ws/install/pal_sea_arm_description:/opt/erc_ws/install/pal_pro_gripper_simulation:/opt/erc_ws/install/pal_pro_gripper_bringup:/opt/erc_ws/install/pal_pro_gripper:/opt/erc_ws/install/pal_pro_gripper_description:/opt/erc_ws/install/pal_gripper_simulation:/opt/erc_ws/install/pal_gripper:/opt/erc_ws/install/pal_gripper_description:/opt/erc_ws/install/omni_base_robot:/opt/erc_ws/install/omni_base_bringup:/opt/erc_ws/install/omni_base_description:/opt/erc_ws/install/pal_urdf_utils:/opt/erc_ws/install/pal_sea_arm_controller_configuration:/opt/erc_ws/install/pal_pro_gripper_controller_configuration:/opt/erc_ws/install/pal_gripper_controller_configuration:/opt/erc_ws/install/omni_base_controller_configuration:/opt/erc_ws/install/gz_ros2_control:/opt/erc_ws/install/erc_description:/opt/erc_ws/install/erc_solution:/opt/ros/humble CMAKE_PREFIX_PATH=/opt/erc_ws/install/pal_sea_arm_description:/opt/erc_ws/install/pal_sea_arm_controller_configuration:/opt/erc_ws/install/pal_pro_gripper_description:/opt/erc_ws/install/pal_pro_gripper_controller_configuration:/opt/erc_ws/install/pal_urdf_utils:/opt/erc_ws/install/tiago_pro_robot:/opt/erc_ws/install/tiago_pro_head_robot:/opt/erc_ws/install/tiago_pro_bringup:/opt/erc_ws/install/tiago_pro_head_bringup:/opt/erc_ws/install/erc_bringup:/opt/erc_ws/install/tiago_pro_description:/opt/erc_ws/install/tiago_pro_head_description:/opt/erc_ws/install/tiago_pro_controller_configuration:/opt/erc_ws/install/tiago_pro_head_controller_configuration:/opt/erc_ws/install/pal_sea_arm:/opt/erc_ws/install/pal_sea_arm_bringup:/opt/erc_ws/install/pal_pro_gripper_simulation:/opt/erc_ws/install/pal_pro_gripper_bringup:/opt/erc_ws/install/pal_pro_gripper:/opt/erc_ws/install/pal_gripper_simulation:/opt/erc_ws/install/pal_gripper:/opt/erc_ws/install/pal_gripper_description:/opt/erc_ws/install/omni_base_robot:/opt/erc_ws/install/omni_base_bringup:/opt/erc_ws/install/omni_base_description:/opt/erc_ws/install/pal_gripper_controller_configuration:/opt/erc_ws/install/omni_base_controller_configuration:/opt/erc_ws/install/gz_ros2_control:/opt/erc_ws/install/erc_description:/opt/erc_ws/install/sensors:/opt/erc_ws/install/pal_pro_gripper_wrapper:/opt/erc_ws/install/launch_pal:/opt/erc_ws/install/erc_solution:/opt/ros/humble PYTHONPATH=/opt/erc_ws/build/pal_pro_gripper_wrapper:/opt/erc_ws/install/pal_pro_gripper_wrapper/lib/python3.10/site-packages:/opt/erc_ws/build/launch_pal:/opt/erc_ws/install/launch_pal/lib/python3.10/site-packages:/opt/erc_ws/install/tiago_pro_description/local/lib/python3.10/dist-packages:/opt/erc_ws/install/tiago_pro_head_description/local/lib/python3.10/dist-packages:/opt/erc_ws/install/sensors/lib/python3.10/site-packages:/opt/erc_ws/install/pal_sea_arm_description/local/lib/python3.10/dist-packages:/opt/erc_ws/install/pal_pro_gripper_description/local/lib/python3.10/dist-packages:/opt/erc_ws/install/omni_base_description/local/lib/python3.10/dist-packages:/opt/erc_ws/build/erc_solution:/opt/erc_ws/install/erc_solution/lib/python3.10/site-packages:/opt/ros/humble/lib/python3.10/site-packages:/opt/ros/humble/local/lib/python3.10/dist-packages /usr/bin/cmake --install /opt/erc_ws/build/pal_sea_arm_bringup
[8.071s] Level 1:colcon.colcon_core.environment:checking '/opt/erc_ws/install/pal_sea_arm_bringup' for CMake config files
[8.071s] Level 1:colcon.colcon_core.shell:create_environment_hook('pal_sea_arm_bringup', 'cmake_prefix_path')
[8.072s] INFO:colcon.colcon_core.shell:Creating environment hook '/opt/erc_ws/install/pal_sea_arm_bringup/share/pal_sea_arm_bringup/hook/cmake_prefix_path.ps1'
[8.072s] INFO:colcon.colcon_core.shell:Creating environment descriptor '/opt/erc_ws/install/pal_sea_arm_bringup/share/pal_sea_arm_bringup/hook/cmake_prefix_path.dsv'
[8.072s] INFO:colcon.colcon_core.shell:Creating environment hook '/opt/erc_ws/install/pal_sea_arm_bringup/share/pal_sea_arm_bringup/hook/cmake_prefix_path.sh'
[8.073s] Level 1:colcon.colcon_core.environment:checking '/opt/erc_ws/install/pal_sea_arm_bringup/lib'
[8.073s] Level 1:colcon.colcon_core.environment:checking '/opt/erc_ws/install/pal_sea_arm_bringup/bin'
[8.073s] Level 1:colcon.colcon_core.environment:checking '/opt/erc_ws/install/pal_sea_arm_bringup/lib/pkgconfig/pal_sea_arm_bringup.pc'
[8.073s] Level 1:colcon.colcon_core.environment:checking '/opt/erc_ws/install/pal_sea_arm_bringup/lib/python3.10/site-packages'
[8.073s] Level 1:colcon.colcon_core.environment:checking '/opt/erc_ws/install/pal_sea_arm_bringup/bin'
[8.073s] INFO:colcon.colcon_core.shell:Creating package script '/opt/erc_ws/install/pal_sea_arm_bringup/share/pal_sea_arm_bringup/package.ps1'
[8.074s] INFO:colcon.colcon_core.shell:Creating package descriptor '/opt/erc_ws/install/pal_sea_arm_bringup/share/pal_sea_arm_bringup/package.dsv'
[8.074s] INFO:colcon.colcon_core.shell:Creating package script '/opt/erc_ws/install/pal_sea_arm_bringup/share/pal_sea_arm_bringup/package.sh'
[8.074s] INFO:colcon.colcon_core.shell:Creating package script '/opt/erc_ws/install/pal_sea_arm_bringup/share/pal_sea_arm_bringup/package.bash'
[8.075s] INFO:colcon.colcon_core.shell:Creating package script '/opt/erc_ws/install/pal_sea_arm_bringup/share/pal_sea_arm_bringup/package.zsh'
[8.075s] Level 1:colcon.colcon_core.environment:create_file_with_runtime_dependencies(/opt/erc_ws/install/pal_sea_arm_bringup/share/colcon-core/packages/pal_sea_arm_bringup)
[8.076s] Level 1:colcon.colcon_core.environment:create_environment_scripts_only(pal_sea_arm_bringup)
[8.076s] Level 1:colcon.colcon_core.environment:checking '/opt/erc_ws/install/pal_sea_arm_bringup' for CMake module files
[8.077s] Level 1:colcon.colcon_core.environment:checking '/opt/erc_ws/install/pal_sea_arm_bringup' for CMake config files
[8.077s] Level 1:colcon.colcon_core.shell:create_environment_hook('pal_sea_arm_bringup', 'cmake_prefix_path')
[8.077s] INFO:colcon.colcon_core.shell:Creating environment hook '/opt/erc_ws/install/pal_sea_arm_bringup/share/pal_sea_arm_bringup/hook/cmake_prefix_path.ps1'
[8.077s] INFO:colcon.colcon_core.shell:Creating environment descriptor '/opt/erc_ws/install/pal_sea_arm_bringup/share/pal_sea_arm_bringup/hook/cmake_prefix_path.dsv'
[8.078s] INFO:colcon.colcon_core.shell:Creating environment hook '/opt/erc_ws/install/pal_sea_arm_bringup/share/pal_sea_arm_bringup/hook/cmake_prefix_path.sh'
[8.078s] Level 1:colcon.colcon_core.environment:checking '/opt/erc_ws/install/pal_sea_arm_bringup/lib'
[8.078s] Level 1:colcon.colcon_core.environment:checking '/opt/erc_ws/install/pal_sea_arm_bringup/bin'
[8.078s] Level 1:colcon.colcon_core.environment:checking '/opt/erc_ws/install/pal_sea_arm_bringup/lib/pkgconfig/pal_sea_arm_bringup.pc'
[8.078s] Level 1:colcon.colcon_core.environment:checking '/opt/erc_ws/install/pal_sea_arm_bringup/lib/python3.10/site-packages'
[8.079s] Level 1:colcon.colcon_core.environment:checking '/opt/erc_ws/install/pal_sea_arm_bringup/bin'
[8.079s] INFO:colcon.colcon_core.shell:Creating package script '/opt/erc_ws/install/pal_sea_arm_bringup/share/pal_sea_arm_bringup/package.ps1'
[8.079s] INFO:colcon.colcon_core.shell:Creating package descriptor '/opt/erc_ws/install/pal_sea_arm_bringup/share/pal_sea_arm_bringup/package.dsv'
[8.080s] INFO:colcon.colcon_core.shell:Creating package script '/opt/erc_ws/install/pal_sea_arm_bringup/share/pal_sea_arm_bringup/package.sh'
[8.080s] INFO:colcon.colcon_core.shell:Creating package script '/opt/erc_ws/install/pal_sea_arm_bringup/share/pal_sea_arm_bringup/package.bash'
[8.080s] INFO:colcon.colcon_core.shell:Creating package script '/opt/erc_ws/install/pal_sea_arm_bringup/share/pal_sea_arm_bringup/package.zsh'
[8.080s] Level 1:colcon.colcon_core.environment:create_file_with_runtime_dependencies(/opt/erc_ws/install/pal_sea_arm_bringup/share/colcon-core/packages/pal_sea_arm_bringup)
[8.081s] INFO:colcon.colcon_ros.task.ament_cmake.build:Building ROS package in '/opt/erc_ws/src/pal_sea_arm/pal_sea_arm' with build type 'ament_cmake'
[8.081s] INFO:colcon.colcon_cmake.task.cmake.build:Building CMake package in '/opt/erc_ws/src/pal_sea_arm/pal_sea_arm'
[8.081s] INFO:colcon.colcon_core.shell:Skip shell extension 'powershell' for command environment: Not usable outside of PowerShell
[8.081s] DEBUG:colcon.colcon_core.shell:Skip shell extension 'dsv' for command environment
[8.101s] DEBUG:colcon.colcon_core.event_handler.log_command:Invoking command in '/opt/erc_ws/build/pal_sea_arm': AMENT_PREFIX_PATH=/opt/erc_ws/install/pal_pro_gripper_wrapper:/opt/erc_ws/install/launch_pal:/opt/erc_ws/install/tiago_pro_robot:/opt/erc_ws/install/tiago_pro_head_robot:/opt/erc_ws/install/tiago_pro_bringup:/opt/erc_ws/install/tiago_pro_head_bringup:/opt/erc_ws/install/erc_bringup:/opt/erc_ws/install/tiago_pro_description:/opt/erc_ws/install/tiago_pro_head_description:/opt/erc_ws/install/tiago_pro_controller_configuration:/opt/erc_ws/install/tiago_pro_head_controller_configuration:/opt/erc_ws/install/sensors:/opt/erc_ws/install/pal_sea_arm:/opt/erc_ws/install/pal_sea_arm_bringup:/opt/erc_ws/install/pal_sea_arm_description:/opt/erc_ws/install/pal_pro_gripper_simulation:/opt/erc_ws/install/pal_pro_gripper_bringup:/opt/erc_ws/install/pal_pro_gripper:/opt/erc_ws/install/pal_pro_gripper_description:/opt/erc_ws/install/pal_gripper_simulation:/opt/erc_ws/install/pal_gripper:/opt/erc_ws/install/pal_gripper_description:/opt/erc_ws/install/omni_base_robot:/opt/erc_ws/install/omni_base_bringup:/opt/erc_ws/install/omni_base_description:/opt/erc_ws/install/pal_urdf_utils:/opt/erc_ws/install/pal_sea_arm_controller_configuration:/opt/erc_ws/install/pal_pro_gripper_controller_configuration:/opt/erc_ws/install/pal_gripper_controller_configuration:/opt/erc_ws/install/omni_base_controller_configuration:/opt/erc_ws/install/gz_ros2_control:/opt/erc_ws/install/erc_description:/opt/erc_ws/install/erc_solution:/opt/ros/humble CMAKE_PREFIX_PATH=/opt/erc_ws/install/pal_sea_arm_bringup:/opt/erc_ws/install/pal_sea_arm_description:/opt/erc_ws/install/pal_sea_arm_controller_configuration:/opt/erc_ws/install/pal_pro_gripper_description:/opt/erc_ws/install/pal_pro_gripper_controller_configuration:/opt/erc_ws/install/pal_urdf_utils:/opt/erc_ws/install/tiago_pro_robot:/opt/erc_ws/install/tiago_pro_head_robot:/opt/erc_ws/install/tiago_pro_bringup:/opt/erc_ws/install/tiago_pro_head_bringup:/opt/erc_ws/install/erc_bringup:/opt/erc_ws/install/tiago_pro_description:/opt/erc_ws/install/tiago_pro_head_description:/opt/erc_ws/install/tiago_pro_controller_configuration:/opt/erc_ws/install/tiago_pro_head_controller_configuration:/opt/erc_ws/install/pal_sea_arm:/opt/erc_ws/install/pal_pro_gripper_simulation:/opt/erc_ws/install/pal_pro_gripper_bringup:/opt/erc_ws/install/pal_pro_gripper:/opt/erc_ws/install/pal_gripper_simulation:/opt/erc_ws/install/pal_gripper:/opt/erc_ws/install/pal_gripper_description:/opt/erc_ws/install/omni_base_robot:/opt/erc_ws/install/omni_base_bringup:/opt/erc_ws/install/omni_base_description:/opt/erc_ws/install/pal_gripper_controller_configuration:/opt/erc_ws/install/omni_base_controller_configuration:/opt/erc_ws/install/gz_ros2_control:/opt/erc_ws/install/erc_description:/opt/erc_ws/install/sensors:/opt/erc_ws/install/pal_pro_gripper_wrapper:/opt/erc_ws/install/launch_pal:/opt/erc_ws/install/erc_solution:/opt/ros/humble PYTHONPATH=/opt/erc_ws/build/pal_pro_gripper_wrapper:/opt/erc_ws/install/pal_pro_gripper_wrapper/lib/python3.10/site-packages:/opt/erc_ws/build/launch_pal:/opt/erc_ws/install/launch_pal/lib/python3.10/site-packages:/opt/erc_ws/install/tiago_pro_description/local/lib/python3.10/dist-packages:/opt/erc_ws/install/tiago_pro_head_description/local/lib/python3.10/dist-packages:/opt/erc_ws/install/sensors/lib/python3.10/site-packages:/opt/erc_ws/install/pal_sea_arm_description/local/lib/python3.10/dist-packages:/opt/erc_ws/install/pal_pro_gripper_description/local/lib/python3.10/dist-packages:/opt/erc_ws/install/omni_base_description/local/lib/python3.10/dist-packages:/opt/erc_ws/build/erc_solution:/opt/erc_ws/install/erc_solution/lib/python3.10/site-packages:/opt/ros/humble/lib/python3.10/site-packages:/opt/ros/humble/local/lib/python3.10/dist-packages /usr/bin/cmake /opt/erc_ws/src/pal_sea_arm/pal_sea_arm -DAMENT_CMAKE_SYMLINK_INSTALL=1 -DCMAKE_INSTALL_PREFIX=/opt/erc_ws/install/pal_sea_arm
[8.233s] DEBUG:colcon.colcon_core.event_handler.log_command:Invoked command in '/opt/erc_ws/build/tiago_pro_description' returned '0': AMENT_PREFIX_PATH=/opt/erc_ws/install/pal_pro_gripper_wrapper:/opt/erc_ws/install/launch_pal:/opt/erc_ws/install/tiago_pro_robot:/opt/erc_ws/install/tiago_pro_head_robot:/opt/erc_ws/install/tiago_pro_bringup:/opt/erc_ws/install/tiago_pro_head_bringup:/opt/erc_ws/install/erc_bringup:/opt/erc_ws/install/tiago_pro_description:/opt/erc_ws/install/tiago_pro_head_description:/opt/erc_ws/install/tiago_pro_controller_configuration:/opt/erc_ws/install/tiago_pro_head_controller_configuration:/opt/erc_ws/install/sensors:/opt/erc_ws/install/pal_sea_arm:/opt/erc_ws/install/pal_sea_arm_bringup:/opt/erc_ws/install/pal_sea_arm_description:/opt/erc_ws/install/pal_pro_gripper_simulation:/opt/erc_ws/install/pal_pro_gripper_bringup:/opt/erc_ws/install/pal_pro_gripper:/opt/erc_ws/install/pal_pro_gripper_description:/opt/erc_ws/install/pal_gripper_simulation:/opt/erc_ws/install/pal_gripper:/opt/erc_ws/install/pal_gripper_description:/opt/erc_ws/install/omni_base_robot:/opt/erc_ws/install/omni_base_bringup:/opt/erc_ws/install/omni_base_description:/opt/erc_ws/install/pal_urdf_utils:/opt/erc_ws/install/pal_sea_arm_controller_configuration:/opt/erc_ws/install/pal_pro_gripper_controller_configuration:/opt/erc_ws/install/pal_gripper_controller_configuration:/opt/erc_ws/install/omni_base_controller_configuration:/opt/erc_ws/install/gz_ros2_control:/opt/erc_ws/install/erc_description:/opt/erc_ws/install/erc_solution:/opt/ros/humble CMAKE_PREFIX_PATH=/opt/erc_ws/install/pal_sea_arm_description:/opt/erc_ws/install/tiago_pro_head_description:/opt/erc_ws/install/pal_sea_arm_controller_configuration:/opt/erc_ws/install/tiago_pro_head_controller_configuration:/opt/erc_ws/install/pal_pro_gripper_description:/opt/erc_ws/install/pal_pro_gripper_controller_configuration:/opt/erc_ws/install/omni_base_description:/opt/erc_ws/install/pal_urdf_utils:/opt/erc_ws/install/tiago_pro_robot:/opt/erc_ws/install/tiago_pro_head_robot:/opt/erc_ws/install/tiago_pro_bringup:/opt/erc_ws/install/tiago_pro_head_bringup:/opt/erc_ws/install/erc_bringup:/opt/erc_ws/install/tiago_pro_description:/opt/erc_ws/install/tiago_pro_controller_configuration:/opt/erc_ws/install/pal_sea_arm:/opt/erc_ws/install/pal_sea_arm_bringup:/opt/erc_ws/install/pal_pro_gripper_simulation:/opt/erc_ws/install/pal_pro_gripper_bringup:/opt/erc_ws/install/pal_pro_gripper:/opt/erc_ws/install/pal_gripper_simulation:/opt/erc_ws/install/pal_gripper:/opt/erc_ws/install/pal_gripper_description:/opt/erc_ws/install/omni_base_robot:/opt/erc_ws/install/omni_base_bringup:/opt/erc_ws/install/pal_gripper_controller_configuration:/opt/erc_ws/install/omni_base_controller_configuration:/opt/erc_ws/install/gz_ros2_control:/opt/erc_ws/install/erc_description:/opt/erc_ws/install/sensors:/opt/erc_ws/install/pal_pro_gripper_wrapper:/opt/erc_ws/install/launch_pal:/opt/erc_ws/install/erc_solution:/opt/ros/humble PYTHONPATH=/opt/erc_ws/build/pal_pro_gripper_wrapper:/opt/erc_ws/install/pal_pro_gripper_wrapper/lib/python3.10/site-packages:/opt/erc_ws/build/launch_pal:/opt/erc_ws/install/launch_pal/lib/python3.10/site-packages:/opt/erc_ws/install/tiago_pro_description/local/lib/python3.10/dist-packages:/opt/erc_ws/install/tiago_pro_head_description/local/lib/python3.10/dist-packages:/opt/erc_ws/install/sensors/lib/python3.10/site-packages:/opt/erc_ws/install/pal_sea_arm_description/local/lib/python3.10/dist-packages:/opt/erc_ws/install/pal_pro_gripper_description/local/lib/python3.10/dist-packages:/opt/erc_ws/install/omni_base_description/local/lib/python3.10/dist-packages:/opt/erc_ws/build/erc_solution:/opt/erc_ws/install/erc_solution/lib/python3.10/site-packages:/opt/ros/humble/lib/python3.10/site-packages:/opt/ros/humble/local/lib/python3.10/dist-packages /usr/bin/cmake /opt/erc_ws/src/tiago_pro_robot/tiago_pro_description -DAMENT_CMAKE_SYMLINK_INSTALL=1 -DCMAKE_INSTALL_PREFIX=/opt/erc_ws/install/tiago_pro_description
[8.235s] DEBUG:colcon.colcon_core.event_handler.log_command:Invoking command in '/opt/erc_ws/build/tiago_pro_description': AMENT_PREFIX_PATH=/opt/erc_ws/install/pal_pro_gripper_wrapper:/opt/erc_ws/install/launch_pal:/opt/erc_ws/install/tiago_pro_robot:/opt/erc_ws/install/tiago_pro_head_robot:/opt/erc_ws/install/tiago_pro_bringup:/opt/erc_ws/install/tiago_pro_head_bringup:/opt/erc_ws/install/erc_bringup:/opt/erc_ws/install/tiago_pro_description:/opt/erc_ws/install/tiago_pro_head_description:/opt/erc_ws/install/tiago_pro_controller_configuration:/opt/erc_ws/install/tiago_pro_head_controller_configuration:/opt/erc_ws/install/sensors:/opt/erc_ws/install/pal_sea_arm:/opt/erc_ws/install/pal_sea_arm_bringup:/opt/erc_ws/install/pal_sea_arm_description:/opt/erc_ws/install/pal_pro_gripper_simulation:/opt/erc_ws/install/pal_pro_gripper_bringup:/opt/erc_ws/install/pal_pro_gripper:/opt/erc_ws/install/pal_pro_gripper_description:/opt/erc_ws/install/pal_gripper_simulation:/opt/erc_ws/install/pal_gripper:/opt/erc_ws/install/pal_gripper_description:/opt/erc_ws/install/omni_base_robot:/opt/erc_ws/install/omni_base_bringup:/opt/erc_ws/install/omni_base_description:/opt/erc_ws/install/pal_urdf_utils:/opt/erc_ws/install/pal_sea_arm_controller_configuration:/opt/erc_ws/install/pal_pro_gripper_controller_configuration:/opt/erc_ws/install/pal_gripper_controller_configuration:/opt/erc_ws/install/omni_base_controller_configuration:/opt/erc_ws/install/gz_ros2_control:/opt/erc_ws/install/erc_description:/opt/erc_ws/install/erc_solution:/opt/ros/humble CMAKE_PREFIX_PATH=/opt/erc_ws/install/pal_sea_arm_description:/opt/erc_ws/install/tiago_pro_head_description:/opt/erc_ws/install/pal_sea_arm_controller_configuration:/opt/erc_ws/install/tiago_pro_head_controller_configuration:/opt/erc_ws/install/pal_pro_gripper_description:/opt/erc_ws/install/pal_pro_gripper_controller_configuration:/opt/erc_ws/install/omni_base_description:/opt/erc_ws/install/pal_urdf_utils:/opt/erc_ws/install/tiago_pro_robot:/opt/erc_ws/install/tiago_pro_head_robot:/opt/erc_ws/install/tiago_pro_bringup:/opt/erc_ws/install/tiago_pro_head_bringup:/opt/erc_ws/install/erc_bringup:/opt/erc_ws/install/tiago_pro_description:/opt/erc_ws/install/tiago_pro_controller_configuration:/opt/erc_ws/install/pal_sea_arm:/opt/erc_ws/install/pal_sea_arm_bringup:/opt/erc_ws/install/pal_pro_gripper_simulation:/opt/erc_ws/install/pal_pro_gripper_bringup:/opt/erc_ws/install/pal_pro_gripper:/opt/erc_ws/install/pal_gripper_simulation:/opt/erc_ws/install/pal_gripper:/opt/erc_ws/install/pal_gripper_description:/opt/erc_ws/install/omni_base_robot:/opt/erc_ws/install/omni_base_bringup:/opt/erc_ws/install/pal_gripper_controller_configuration:/opt/erc_ws/install/omni_base_controller_configuration:/opt/erc_ws/install/gz_ros2_control:/opt/erc_ws/install/erc_description:/opt/erc_ws/install/sensors:/opt/erc_ws/install/pal_pro_gripper_wrapper:/opt/erc_ws/install/launch_pal:/opt/erc_ws/install/erc_solution:/opt/ros/humble PYTHONPATH=/opt/erc_ws/build/pal_pro_gripper_wrapper:/opt/erc_ws/install/pal_pro_gripper_wrapper/lib/python3.10/site-packages:/opt/erc_ws/build/launch_pal:/opt/erc_ws/install/launch_pal/lib/python3.10/site-packages:/opt/erc_ws/install/tiago_pro_description/local/lib/python3.10/dist-packages:/opt/erc_ws/install/tiago_pro_head_description/local/lib/python3.10/dist-packages:/opt/erc_ws/install/sensors/lib/python3.10/site-packages:/opt/erc_ws/install/pal_sea_arm_description/local/lib/python3.10/dist-packages:/opt/erc_ws/install/pal_pro_gripper_description/local/lib/python3.10/dist-packages:/opt/erc_ws/install/omni_base_description/local/lib/python3.10/dist-packages:/opt/erc_ws/build/erc_solution:/opt/erc_ws/install/erc_solution/lib/python3.10/site-packages:/opt/ros/humble/lib/python3.10/site-packages:/opt/ros/humble/local/lib/python3.10/dist-packages /usr/bin/cmake --build /opt/erc_ws/build/tiago_pro_description -- -j16 -l16
[8.523s] DEBUG:colcon.colcon_core.event_handler.log_command:Invoked command in '/opt/erc_ws/build/tiago_pro_description' returned '0': AMENT_PREFIX_PATH=/opt/erc_ws/install/pal_pro_gripper_wrapper:/opt/erc_ws/install/launch_pal:/opt/erc_ws/install/tiago_pro_robot:/opt/erc_ws/install/tiago_pro_head_robot:/opt/erc_ws/install/tiago_pro_bringup:/opt/erc_ws/install/tiago_pro_head_bringup:/opt/erc_ws/install/erc_bringup:/opt/erc_ws/install/tiago_pro_description:/opt/erc_ws/install/tiago_pro_head_description:/opt/erc_ws/install/tiago_pro_controller_configuration:/opt/erc_ws/install/tiago_pro_head_controller_configuration:/opt/erc_ws/install/sensors:/opt/erc_ws/install/pal_sea_arm:/opt/erc_ws/install/pal_sea_arm_bringup:/opt/erc_ws/install/pal_sea_arm_description:/opt/erc_ws/install/pal_pro_gripper_simulation:/opt/erc_ws/install/pal_pro_gripper_bringup:/opt/erc_ws/install/pal_pro_gripper:/opt/erc_ws/install/pal_pro_gripper_description:/opt/erc_ws/install/pal_gripper_simulation:/opt/erc_ws/install/pal_gripper:/opt/erc_ws/install/pal_gripper_description:/opt/erc_ws/install/omni_base_robot:/opt/erc_ws/install/omni_base_bringup:/opt/erc_ws/install/omni_base_description:/opt/erc_ws/install/pal_urdf_utils:/opt/erc_ws/install/pal_sea_arm_controller_configuration:/opt/erc_ws/install/pal_pro_gripper_controller_configuration:/opt/erc_ws/install/pal_gripper_controller_configuration:/opt/erc_ws/install/omni_base_controller_configuration:/opt/erc_ws/install/gz_ros2_control:/opt/erc_ws/install/erc_description:/opt/erc_ws/install/erc_solution:/opt/ros/humble CMAKE_PREFIX_PATH=/opt/erc_ws/install/pal_sea_arm_description:/opt/erc_ws/install/tiago_pro_head_description:/opt/erc_ws/install/pal_sea_arm_controller_configuration:/opt/erc_ws/install/tiago_pro_head_controller_configuration:/opt/erc_ws/install/pal_pro_gripper_description:/opt/erc_ws/install/pal_pro_gripper_controller_configuration:/opt/erc_ws/install/omni_base_description:/opt/erc_ws/install/pal_urdf_utils:/opt/erc_ws/install/tiago_pro_robot:/opt/erc_ws/install/tiago_pro_head_robot:/opt/erc_ws/install/tiago_pro_bringup:/opt/erc_ws/install/tiago_pro_head_bringup:/opt/erc_ws/install/erc_bringup:/opt/erc_ws/install/tiago_pro_description:/opt/erc_ws/install/tiago_pro_controller_configuration:/opt/erc_ws/install/pal_sea_arm:/opt/erc_ws/install/pal_sea_arm_bringup:/opt/erc_ws/install/pal_pro_gripper_simulation:/opt/erc_ws/install/pal_pro_gripper_bringup:/opt/erc_ws/install/pal_pro_gripper:/opt/erc_ws/install/pal_gripper_simulation:/opt/erc_ws/install/pal_gripper:/opt/erc_ws/install/pal_gripper_description:/opt/erc_ws/install/omni_base_robot:/opt/erc_ws/install/omni_base_bringup:/opt/erc_ws/install/pal_gripper_controller_configuration:/opt/erc_ws/install/omni_base_controller_configuration:/opt/erc_ws/install/gz_ros2_control:/opt/erc_ws/install/erc_description:/opt/erc_ws/install/sensors:/opt/erc_ws/install/pal_pro_gripper_wrapper:/opt/erc_ws/install/launch_pal:/opt/erc_ws/install/erc_solution:/opt/ros/humble PYTHONPATH=/opt/erc_ws/build/pal_pro_gripper_wrapper:/opt/erc_ws/install/pal_pro_gripper_wrapper/lib/python3.10/site-packages:/opt/erc_ws/build/launch_pal:/opt/erc_ws/install/launch_pal/lib/python3.10/site-packages:/opt/erc_ws/install/tiago_pro_description/local/lib/python3.10/dist-packages:/opt/erc_ws/install/tiago_pro_head_description/local/lib/python3.10/dist-packages:/opt/erc_ws/install/sensors/lib/python3.10/site-packages:/opt/erc_ws/install/pal_sea_arm_description/local/lib/python3.10/dist-packages:/opt/erc_ws/install/pal_pro_gripper_description/local/lib/python3.10/dist-packages:/opt/erc_ws/install/omni_base_description/local/lib/python3.10/dist-packages:/opt/erc_ws/build/erc_solution:/opt/erc_ws/install/erc_solution/lib/python3.10/site-packages:/opt/ros/humble/lib/python3.10/site-packages:/opt/ros/humble/local/lib/python3.10/dist-packages /usr/bin/cmake --build /opt/erc_ws/build/tiago_pro_description -- -j16 -l16
[8.525s] DEBUG:colcon.colcon_core.event_handler.log_command:Invoking command in '/opt/erc_ws/build/tiago_pro_description': AMENT_PREFIX_PATH=/opt/erc_ws/install/pal_pro_gripper_wrapper:/opt/erc_ws/install/launch_pal:/opt/erc_ws/install/tiago_pro_robot:/opt/erc_ws/install/tiago_pro_head_robot:/opt/erc_ws/install/tiago_pro_bringup:/opt/erc_ws/install/tiago_pro_head_bringup:/opt/erc_ws/install/erc_bringup:/opt/erc_ws/install/tiago_pro_description:/opt/erc_ws/install/tiago_pro_head_description:/opt/erc_ws/install/tiago_pro_controller_configuration:/opt/erc_ws/install/tiago_pro_head_controller_configuration:/opt/erc_ws/install/sensors:/opt/erc_ws/install/pal_sea_arm:/opt/erc_ws/install/pal_sea_arm_bringup:/opt/erc_ws/install/pal_sea_arm_description:/opt/erc_ws/install/pal_pro_gripper_simulation:/opt/erc_ws/install/pal_pro_gripper_bringup:/opt/erc_ws/install/pal_pro_gripper:/opt/erc_ws/install/pal_pro_gripper_description:/opt/erc_ws/install/pal_gripper_simulation:/opt/erc_ws/install/pal_gripper:/opt/erc_ws/install/pal_gripper_description:/opt/erc_ws/install/omni_base_robot:/opt/erc_ws/install/omni_base_bringup:/opt/erc_ws/install/omni_base_description:/opt/erc_ws/install/pal_urdf_utils:/opt/erc_ws/install/pal_sea_arm_controller_configuration:/opt/erc_ws/install/pal_pro_gripper_controller_configuration:/opt/erc_ws/install/pal_gripper_controller_configuration:/opt/erc_ws/install/omni_base_controller_configuration:/opt/erc_ws/install/gz_ros2_control:/opt/erc_ws/install/erc_description:/opt/erc_ws/install/erc_solution:/opt/ros/humble CMAKE_PREFIX_PATH=/opt/erc_ws/install/pal_sea_arm_description:/opt/erc_ws/install/tiago_pro_head_description:/opt/erc_ws/install/pal_sea_arm_controller_configuration:/opt/erc_ws/install/tiago_pro_head_controller_configuration:/opt/erc_ws/install/pal_pro_gripper_description:/opt/erc_ws/install/pal_pro_gripper_controller_configuration:/opt/erc_ws/install/omni_base_description:/opt/erc_ws/install/pal_urdf_utils:/opt/erc_ws/install/tiago_pro_robot:/opt/erc_ws/install/tiago_pro_head_robot:/opt/erc_ws/install/tiago_pro_bringup:/opt/erc_ws/install/tiago_pro_head_bringup:/opt/erc_ws/install/erc_bringup:/opt/erc_ws/install/tiago_pro_description:/opt/erc_ws/install/tiago_pro_controller_configuration:/opt/erc_ws/install/pal_sea_arm:/opt/erc_ws/install/pal_sea_arm_bringup:/opt/erc_ws/install/pal_pro_gripper_simulation:/opt/erc_ws/install/pal_pro_gripper_bringup:/opt/erc_ws/install/pal_pro_gripper:/opt/erc_ws/install/pal_gripper_simulation:/opt/erc_ws/install/pal_gripper:/opt/erc_ws/install/pal_gripper_description:/opt/erc_ws/install/omni_base_robot:/opt/erc_ws/install/omni_base_bringup:/opt/erc_ws/install/pal_gripper_controller_configuration:/opt/erc_ws/install/omni_base_controller_configuration:/opt/erc_ws/install/gz_ros2_control:/opt/erc_ws/install/erc_description:/opt/erc_ws/install/sensors:/opt/erc_ws/install/pal_pro_gripper_wrapper:/opt/erc_ws/install/launch_pal:/opt/erc_ws/install/erc_solution:/opt/ros/humble PYTHONPATH=/opt/erc_ws/build/pal_pro_gripper_wrapper:/opt/erc_ws/install/pal_pro_gripper_wrapper/lib/python3.10/site-packages:/opt/erc_ws/build/launch_pal:/opt/erc_ws/install/launch_pal/lib/python3.10/site-packages:/opt/erc_ws/install/tiago_pro_description/local/lib/python3.10/dist-packages:/opt/erc_ws/install/tiago_pro_head_description/local/lib/python3.10/dist-packages:/opt/erc_ws/install/sensors/lib/python3.10/site-packages:/opt/erc_ws/install/pal_sea_arm_description/local/lib/python3.10/dist-packages:/opt/erc_ws/install/pal_pro_gripper_description/local/lib/python3.10/dist-packages:/opt/erc_ws/install/omni_base_description/local/lib/python3.10/dist-packages:/opt/erc_ws/build/erc_solution:/opt/erc_ws/install/erc_solution/lib/python3.10/site-packages:/opt/ros/humble/lib/python3.10/site-packages:/opt/ros/humble/local/lib/python3.10/dist-packages /usr/bin/cmake --install /opt/erc_ws/build/tiago_pro_description
[8.666s] DEBUG:colcon.colcon_core.event_handler.log_command:Invoked command in '/opt/erc_ws/build/pal_sea_arm' returned '0': AMENT_PREFIX_PATH=/opt/erc_ws/install/pal_pro_gripper_wrapper:/opt/erc_ws/install/launch_pal:/opt/erc_ws/install/tiago_pro_robot:/opt/erc_ws/install/tiago_pro_head_robot:/opt/erc_ws/install/tiago_pro_bringup:/opt/erc_ws/install/tiago_pro_head_bringup:/opt/erc_ws/install/erc_bringup:/opt/erc_ws/install/tiago_pro_description:/opt/erc_ws/install/tiago_pro_head_description:/opt/erc_ws/install/tiago_pro_controller_configuration:/opt/erc_ws/install/tiago_pro_head_controller_configuration:/opt/erc_ws/install/sensors:/opt/erc_ws/install/pal_sea_arm:/opt/erc_ws/install/pal_sea_arm_bringup:/opt/erc_ws/install/pal_sea_arm_description:/opt/erc_ws/install/pal_pro_gripper_simulation:/opt/erc_ws/install/pal_pro_gripper_bringup:/opt/erc_ws/install/pal_pro_gripper:/opt/erc_ws/install/pal_pro_gripper_description:/opt/erc_ws/install/pal_gripper_simulation:/opt/erc_ws/install/pal_gripper:/opt/erc_ws/install/pal_gripper_description:/opt/erc_ws/install/omni_base_robot:/opt/erc_ws/install/omni_base_bringup:/opt/erc_ws/install/omni_base_description:/opt/erc_ws/install/pal_urdf_utils:/opt/erc_ws/install/pal_sea_arm_controller_configuration:/opt/erc_ws/install/pal_pro_gripper_controller_configuration:/opt/erc_ws/install/pal_gripper_controller_configuration:/opt/erc_ws/install/omni_base_controller_configuration:/opt/erc_ws/install/gz_ros2_control:/opt/erc_ws/install/erc_description:/opt/erc_ws/install/erc_solution:/opt/ros/humble CMAKE_PREFIX_PATH=/opt/erc_ws/install/pal_sea_arm_bringup:/opt/erc_ws/install/pal_sea_arm_description:/opt/erc_ws/install/pal_sea_arm_controller_configuration:/opt/erc_ws/install/pal_pro_gripper_description:/opt/erc_ws/install/pal_pro_gripper_controller_configuration:/opt/erc_ws/install/pal_urdf_utils:/opt/erc_ws/install/tiago_pro_robot:/opt/erc_ws/install/tiago_pro_head_robot:/opt/erc_ws/install/tiago_pro_bringup:/opt/erc_ws/install/tiago_pro_head_bringup:/opt/erc_ws/install/erc_bringup:/opt/erc_ws/install/tiago_pro_description:/opt/erc_ws/install/tiago_pro_head_description:/opt/erc_ws/install/tiago_pro_controller_configuration:/opt/erc_ws/install/tiago_pro_head_controller_configuration:/opt/erc_ws/install/pal_sea_arm:/opt/erc_ws/install/pal_pro_gripper_simulation:/opt/erc_ws/install/pal_pro_gripper_bringup:/opt/erc_ws/install/pal_pro_gripper:/opt/erc_ws/install/pal_gripper_simulation:/opt/erc_ws/install/pal_gripper:/opt/erc_ws/install/pal_gripper_description:/opt/erc_ws/install/omni_base_robot:/opt/erc_ws/install/omni_base_bringup:/opt/erc_ws/install/omni_base_description:/opt/erc_ws/install/pal_gripper_controller_configuration:/opt/erc_ws/install/omni_base_controller_configuration:/opt/erc_ws/install/gz_ros2_control:/opt/erc_ws/install/erc_description:/opt/erc_ws/install/sensors:/opt/erc_ws/install/pal_pro_gripper_wrapper:/opt/erc_ws/install/launch_pal:/opt/erc_ws/install/erc_solution:/opt/ros/humble PYTHONPATH=/opt/erc_ws/build/pal_pro_gripper_wrapper:/opt/erc_ws/install/pal_pro_gripper_wrapper/lib/python3.10/site-packages:/opt/erc_ws/build/launch_pal:/opt/erc_ws/install/launch_pal/lib/python3.10/site-packages:/opt/erc_ws/install/tiago_pro_description/local/lib/python3.10/dist-packages:/opt/erc_ws/install/tiago_pro_head_description/local/lib/python3.10/dist-packages:/opt/erc_ws/install/sensors/lib/python3.10/site-packages:/opt/erc_ws/install/pal_sea_arm_description/local/lib/python3.10/dist-packages:/opt/erc_ws/install/pal_pro_gripper_description/local/lib/python3.10/dist-packages:/opt/erc_ws/install/omni_base_description/local/lib/python3.10/dist-packages:/opt/erc_ws/build/erc_solution:/opt/erc_ws/install/erc_solution/lib/python3.10/site-packages:/opt/ros/humble/lib/python3.10/site-packages:/opt/ros/humble/local/lib/python3.10/dist-packages /usr/bin/cmake /opt/erc_ws/src/pal_sea_arm/pal_sea_arm -DAMENT_CMAKE_SYMLINK_INSTALL=1 -DCMAKE_INSTALL_PREFIX=/opt/erc_ws/install/pal_sea_arm
[8.668s] DEBUG:colcon.colcon_core.event_handler.log_command:Invoking command in '/opt/erc_ws/build/pal_sea_arm': AMENT_PREFIX_PATH=/opt/erc_ws/install/pal_pro_gripper_wrapper:/opt/erc_ws/install/launch_pal:/opt/erc_ws/install/tiago_pro_robot:/opt/erc_ws/install/tiago_pro_head_robot:/opt/erc_ws/install/tiago_pro_bringup:/opt/erc_ws/install/tiago_pro_head_bringup:/opt/erc_ws/install/erc_bringup:/opt/erc_ws/install/tiago_pro_description:/opt/erc_ws/install/tiago_pro_head_description:/opt/erc_ws/install/tiago_pro_controller_configuration:/opt/erc_ws/install/tiago_pro_head_controller_configuration:/opt/erc_ws/install/sensors:/opt/erc_ws/install/pal_sea_arm:/opt/erc_ws/install/pal_sea_arm_bringup:/opt/erc_ws/install/pal_sea_arm_description:/opt/erc_ws/install/pal_pro_gripper_simulation:/opt/erc_ws/install/pal_pro_gripper_bringup:/opt/erc_ws/install/pal_pro_gripper:/opt/erc_ws/install/pal_pro_gripper_description:/opt/erc_ws/install/pal_gripper_simulation:/opt/erc_ws/install/pal_gripper:/opt/erc_ws/install/pal_gripper_description:/opt/erc_ws/install/omni_base_robot:/opt/erc_ws/install/omni_base_bringup:/opt/erc_ws/install/omni_base_description:/opt/erc_ws/install/pal_urdf_utils:/opt/erc_ws/install/pal_sea_arm_controller_configuration:/opt/erc_ws/install/pal_pro_gripper_controller_configuration:/opt/erc_ws/install/pal_gripper_controller_configuration:/opt/erc_ws/install/omni_base_controller_configuration:/opt/erc_ws/install/gz_ros2_control:/opt/erc_ws/install/erc_description:/opt/erc_ws/install/erc_solution:/opt/ros/humble CMAKE_PREFIX_PATH=/opt/erc_ws/install/pal_sea_arm_bringup:/opt/erc_ws/install/pal_sea_arm_description:/opt/erc_ws/install/pal_sea_arm_controller_configuration:/opt/erc_ws/install/pal_pro_gripper_description:/opt/erc_ws/install/pal_pro_gripper_controller_configuration:/opt/erc_ws/install/pal_urdf_utils:/opt/erc_ws/install/tiago_pro_robot:/opt/erc_ws/install/tiago_pro_head_robot:/opt/erc_ws/install/tiago_pro_bringup:/opt/erc_ws/install/tiago_pro_head_bringup:/opt/erc_ws/install/erc_bringup:/opt/erc_ws/install/tiago_pro_description:/opt/erc_ws/install/tiago_pro_head_description:/opt/erc_ws/install/tiago_pro_controller_configuration:/opt/erc_ws/install/tiago_pro_head_controller_configuration:/opt/erc_ws/install/pal_sea_arm:/opt/erc_ws/install/pal_pro_gripper_simulation:/opt/erc_ws/install/pal_pro_gripper_bringup:/opt/erc_ws/install/pal_pro_gripper:/opt/erc_ws/install/pal_gripper_simulation:/opt/erc_ws/install/pal_gripper:/opt/erc_ws/install/pal_gripper_description:/opt/erc_ws/install/omni_base_robot:/opt/erc_ws/install/omni_base_bringup:/opt/erc_ws/install/omni_base_description:/opt/erc_ws/install/pal_gripper_controller_configuration:/opt/erc_ws/install/omni_base_controller_configuration:/opt/erc_ws/install/gz_ros2_control:/opt/erc_ws/install/erc_description:/opt/erc_ws/install/sensors:/opt/erc_ws/install/pal_pro_gripper_wrapper:/opt/erc_ws/install/launch_pal:/opt/erc_ws/install/erc_solution:/opt/ros/humble PYTHONPATH=/opt/erc_ws/build/pal_pro_gripper_wrapper:/opt/erc_ws/install/pal_pro_gripper_wrapper/lib/python3.10/site-packages:/opt/erc_ws/build/launch_pal:/opt/erc_ws/install/launch_pal/lib/python3.10/site-packages:/opt/erc_ws/install/tiago_pro_description/local/lib/python3.10/dist-packages:/opt/erc_ws/install/tiago_pro_head_description/local/lib/python3.10/dist-packages:/opt/erc_ws/install/sensors/lib/python3.10/site-packages:/opt/erc_ws/install/pal_sea_arm_description/local/lib/python3.10/dist-packages:/opt/erc_ws/install/pal_pro_gripper_description/local/lib/python3.10/dist-packages:/opt/erc_ws/install/omni_base_description/local/lib/python3.10/dist-packages:/opt/erc_ws/build/erc_solution:/opt/erc_ws/install/erc_solution/lib/python3.10/site-packages:/opt/ros/humble/lib/python3.10/site-packages:/opt/ros/humble/local/lib/python3.10/dist-packages /usr/bin/cmake --build /opt/erc_ws/build/pal_sea_arm -- -j16 -l16
[8.698s] DEBUG:colcon.colcon_core.event_handler.log_command:Invoked command in '/opt/erc_ws/build/pal_sea_arm' returned '0': AMENT_PREFIX_PATH=/opt/erc_ws/install/pal_pro_gripper_wrapper:/opt/erc_ws/install/launch_pal:/opt/erc_ws/install/tiago_pro_robot:/opt/erc_ws/install/tiago_pro_head_robot:/opt/erc_ws/install/tiago_pro_bringup:/opt/erc_ws/install/tiago_pro_head_bringup:/opt/erc_ws/install/erc_bringup:/opt/erc_ws/install/tiago_pro_description:/opt/erc_ws/install/tiago_pro_head_description:/opt/erc_ws/install/tiago_pro_controller_configuration:/opt/erc_ws/install/tiago_pro_head_controller_configuration:/opt/erc_ws/install/sensors:/opt/erc_ws/install/pal_sea_arm:/opt/erc_ws/install/pal_sea_arm_bringup:/opt/erc_ws/install/pal_sea_arm_description:/opt/erc_ws/install/pal_pro_gripper_simulation:/opt/erc_ws/install/pal_pro_gripper_bringup:/opt/erc_ws/install/pal_pro_gripper:/opt/erc_ws/install/pal_pro_gripper_description:/opt/erc_ws/install/pal_gripper_simulation:/opt/erc_ws/install/pal_gripper:/opt/erc_ws/install/pal_gripper_description:/opt/erc_ws/install/omni_base_robot:/opt/erc_ws/install/omni_base_bringup:/opt/erc_ws/install/omni_base_description:/opt/erc_ws/install/pal_urdf_utils:/opt/erc_ws/install/pal_sea_arm_controller_configuration:/opt/erc_ws/install/pal_pro_gripper_controller_configuration:/opt/erc_ws/install/pal_gripper_controller_configuration:/opt/erc_ws/install/omni_base_controller_configuration:/opt/erc_ws/install/gz_ros2_control:/opt/erc_ws/install/erc_description:/opt/erc_ws/install/erc_solution:/opt/ros/humble CMAKE_PREFIX_PATH=/opt/erc_ws/install/pal_sea_arm_bringup:/opt/erc_ws/install/pal_sea_arm_description:/opt/erc_ws/install/pal_sea_arm_controller_configuration:/opt/erc_ws/install/pal_pro_gripper_description:/opt/erc_ws/install/pal_pro_gripper_controller_configuration:/opt/erc_ws/install/pal_urdf_utils:/opt/erc_ws/install/tiago_pro_robot:/opt/erc_ws/install/tiago_pro_head_robot:/opt/erc_ws/install/tiago_pro_bringup:/opt/erc_ws/install/tiago_pro_head_bringup:/opt/erc_ws/install/erc_bringup:/opt/erc_ws/install/tiago_pro_description:/opt/erc_ws/install/tiago_pro_head_description:/opt/erc_ws/install/tiago_pro_controller_configuration:/opt/erc_ws/install/tiago_pro_head_controller_configuration:/opt/erc_ws/install/pal_sea_arm:/opt/erc_ws/install/pal_pro_gripper_simulation:/opt/erc_ws/install/pal_pro_gripper_bringup:/opt/erc_ws/install/pal_pro_gripper:/opt/erc_ws/install/pal_gripper_simulation:/opt/erc_ws/install/pal_gripper:/opt/erc_ws/install/pal_gripper_description:/opt/erc_ws/install/omni_base_robot:/opt/erc_ws/install/omni_base_bringup:/opt/erc_ws/install/omni_base_description:/opt/erc_ws/install/pal_gripper_controller_configuration:/opt/erc_ws/install/omni_base_controller_configuration:/opt/erc_ws/install/gz_ros2_control:/opt/erc_ws/install/erc_description:/opt/erc_ws/install/sensors:/opt/erc_ws/install/pal_pro_gripper_wrapper:/opt/erc_ws/install/launch_pal:/opt/erc_ws/install/erc_solution:/opt/ros/humble PYTHONPATH=/opt/erc_ws/build/pal_pro_gripper_wrapper:/opt/erc_ws/install/pal_pro_gripper_wrapper/lib/python3.10/site-packages:/opt/erc_ws/build/launch_pal:/opt/erc_ws/install/launch_pal/lib/python3.10/site-packages:/opt/erc_ws/install/tiago_pro_description/local/lib/python3.10/dist-packages:/opt/erc_ws/install/tiago_pro_head_description/local/lib/python3.10/dist-packages:/opt/erc_ws/install/sensors/lib/python3.10/site-packages:/opt/erc_ws/install/pal_sea_arm_description/local/lib/python3.10/dist-packages:/opt/erc_ws/install/pal_pro_gripper_description/local/lib/python3.10/dist-packages:/opt/erc_ws/install/omni_base_description/local/lib/python3.10/dist-packages:/opt/erc_ws/build/erc_solution:/opt/erc_ws/install/erc_solution/lib/python3.10/site-packages:/opt/ros/humble/lib/python3.10/site-packages:/opt/ros/humble/local/lib/python3.10/dist-packages /usr/bin/cmake --build /opt/erc_ws/build/pal_sea_arm -- -j16 -l16
[8.700s] DEBUG:colcon.colcon_core.event_handler.log_command:Invoking command in '/opt/erc_ws/build/pal_sea_arm': AMENT_PREFIX_PATH=/opt/erc_ws/install/pal_pro_gripper_wrapper:/opt/erc_ws/install/launch_pal:/opt/erc_ws/install/tiago_pro_robot:/opt/erc_ws/install/tiago_pro_head_robot:/opt/erc_ws/install/tiago_pro_bringup:/opt/erc_ws/install/tiago_pro_head_bringup:/opt/erc_ws/install/erc_bringup:/opt/erc_ws/install/tiago_pro_description:/opt/erc_ws/install/tiago_pro_head_description:/opt/erc_ws/install/tiago_pro_controller_configuration:/opt/erc_ws/install/tiago_pro_head_controller_configuration:/opt/erc_ws/install/sensors:/opt/erc_ws/install/pal_sea_arm:/opt/erc_ws/install/pal_sea_arm_bringup:/opt/erc_ws/install/pal_sea_arm_description:/opt/erc_ws/install/pal_pro_gripper_simulation:/opt/erc_ws/install/pal_pro_gripper_bringup:/opt/erc_ws/install/pal_pro_gripper:/opt/erc_ws/install/pal_pro_gripper_description:/opt/erc_ws/install/pal_gripper_simulation:/opt/erc_ws/install/pal_gripper:/opt/erc_ws/install/pal_gripper_description:/opt/erc_ws/install/omni_base_robot:/opt/erc_ws/install/omni_base_bringup:/opt/erc_ws/install/omni_base_description:/opt/erc_ws/install/pal_urdf_utils:/opt/erc_ws/install/pal_sea_arm_controller_configuration:/opt/erc_ws/install/pal_pro_gripper_controller_configuration:/opt/erc_ws/install/pal_gripper_controller_configuration:/opt/erc_ws/install/omni_base_controller_configuration:/opt/erc_ws/install/gz_ros2_control:/opt/erc_ws/install/erc_description:/opt/erc_ws/install/erc_solution:/opt/ros/humble CMAKE_PREFIX_PATH=/opt/erc_ws/install/pal_sea_arm_bringup:/opt/erc_ws/install/pal_sea_arm_description:/opt/erc_ws/install/pal_sea_arm_controller_configuration:/opt/erc_ws/install/pal_pro_gripper_description:/opt/erc_ws/install/pal_pro_gripper_controller_configuration:/opt/erc_ws/install/pal_urdf_utils:/opt/erc_ws/install/tiago_pro_robot:/opt/erc_ws/install/tiago_pro_head_robot:/opt/erc_ws/install/tiago_pro_bringup:/opt/erc_ws/install/tiago_pro_head_bringup:/opt/erc_ws/install/erc_bringup:/opt/erc_ws/install/tiago_pro_description:/opt/erc_ws/install/tiago_pro_head_description:/opt/erc_ws/install/tiago_pro_controller_configuration:/opt/erc_ws/install/tiago_pro_head_controller_configuration:/opt/erc_ws/install/pal_sea_arm:/opt/erc_ws/install/pal_pro_gripper_simulation:/opt/erc_ws/install/pal_pro_gripper_bringup:/opt/erc_ws/install/pal_pro_gripper:/opt/erc_ws/install/pal_gripper_simulation:/opt/erc_ws/install/pal_gripper:/opt/erc_ws/install/pal_gripper_description:/opt/erc_ws/install/omni_base_robot:/opt/erc_ws/install/omni_base_bringup:/opt/erc_ws/install/omni_base_description:/opt/erc_ws/install/pal_gripper_controller_configuration:/opt/erc_ws/install/omni_base_controller_configuration:/opt/erc_ws/install/gz_ros2_control:/opt/erc_ws/install/erc_description:/opt/erc_ws/install/sensors:/opt/erc_ws/install/pal_pro_gripper_wrapper:/opt/erc_ws/install/launch_pal:/opt/erc_ws/install/erc_solution:/opt/ros/humble PYTHONPATH=/opt/erc_ws/build/pal_pro_gripper_wrapper:/opt/erc_ws/install/pal_pro_gripper_wrapper/lib/python3.10/site-packages:/opt/erc_ws/build/launch_pal:/opt/erc_ws/install/launch_pal/lib/python3.10/site-packages:/opt/erc_ws/install/tiago_pro_description/local/lib/python3.10/dist-packages:/opt/erc_ws/install/tiago_pro_head_description/local/lib/python3.10/dist-packages:/opt/erc_ws/install/sensors/lib/python3.10/site-packages:/opt/erc_ws/install/pal_sea_arm_description/local/lib/python3.10/dist-packages:/opt/erc_ws/install/pal_pro_gripper_description/local/lib/python3.10/dist-packages:/opt/erc_ws/install/omni_base_description/local/lib/python3.10/dist-packages:/opt/erc_ws/build/erc_solution:/opt/erc_ws/install/erc_solution/lib/python3.10/site-packages:/opt/ros/humble/lib/python3.10/site-packages:/opt/ros/humble/local/lib/python3.10/dist-packages /usr/bin/cmake --install /opt/erc_ws/build/pal_sea_arm
[8.809s] Level 1:colcon.colcon_core.environment:create_environment_scripts_only(pal_sea_arm)
[8.809s] Level 1:colcon.colcon_core.environment:checking '/opt/erc_ws/install/pal_sea_arm' for CMake module files
[8.810s] DEBUG:colcon.colcon_core.event_handler.log_command:Invoked command in '/opt/erc_ws/build/pal_sea_arm' returned '0': AMENT_PREFIX_PATH=/opt/erc_ws/install/pal_pro_gripper_wrapper:/opt/erc_ws/install/launch_pal:/opt/erc_ws/install/tiago_pro_robot:/opt/erc_ws/install/tiago_pro_head_robot:/opt/erc_ws/install/tiago_pro_bringup:/opt/erc_ws/install/tiago_pro_head_bringup:/opt/erc_ws/install/erc_bringup:/opt/erc_ws/install/tiago_pro_description:/opt/erc_ws/install/tiago_pro_head_description:/opt/erc_ws/install/tiago_pro_controller_configuration:/opt/erc_ws/install/tiago_pro_head_controller_configuration:/opt/erc_ws/install/sensors:/opt/erc_ws/install/pal_sea_arm:/opt/erc_ws/install/pal_sea_arm_bringup:/opt/erc_ws/install/pal_sea_arm_description:/opt/erc_ws/install/pal_pro_gripper_simulation:/opt/erc_ws/install/pal_pro_gripper_bringup:/opt/erc_ws/install/pal_pro_gripper:/opt/erc_ws/install/pal_pro_gripper_description:/opt/erc_ws/install/pal_gripper_simulation:/opt/erc_ws/install/pal_gripper:/opt/erc_ws/install/pal_gripper_description:/opt/erc_ws/install/omni_base_robot:/opt/erc_ws/install/omni_base_bringup:/opt/erc_ws/install/omni_base_description:/opt/erc_ws/install/pal_urdf_utils:/opt/erc_ws/install/pal_sea_arm_controller_configuration:/opt/erc_ws/install/pal_pro_gripper_controller_configuration:/opt/erc_ws/install/pal_gripper_controller_configuration:/opt/erc_ws/install/omni_base_controller_configuration:/opt/erc_ws/install/gz_ros2_control:/opt/erc_ws/install/erc_description:/opt/erc_ws/install/erc_solution:/opt/ros/humble CMAKE_PREFIX_PATH=/opt/erc_ws/install/pal_sea_arm_bringup:/opt/erc_ws/install/pal_sea_arm_description:/opt/erc_ws/install/pal_sea_arm_controller_configuration:/opt/erc_ws/install/pal_pro_gripper_description:/opt/erc_ws/install/pal_pro_gripper_controller_configuration:/opt/erc_ws/install/pal_urdf_utils:/opt/erc_ws/install/tiago_pro_robot:/opt/erc_ws/install/tiago_pro_head_robot:/opt/erc_ws/install/tiago_pro_bringup:/opt/erc_ws/install/tiago_pro_head_bringup:/opt/erc_ws/install/erc_bringup:/opt/erc_ws/install/tiago_pro_description:/opt/erc_ws/install/tiago_pro_head_description:/opt/erc_ws/install/tiago_pro_controller_configuration:/opt/erc_ws/install/tiago_pro_head_controller_configuration:/opt/erc_ws/install/pal_sea_arm:/opt/erc_ws/install/pal_pro_gripper_simulation:/opt/erc_ws/install/pal_pro_gripper_bringup:/opt/erc_ws/install/pal_pro_gripper:/opt/erc_ws/install/pal_gripper_simulation:/opt/erc_ws/install/pal_gripper:/opt/erc_ws/install/pal_gripper_description:/opt/erc_ws/install/omni_base_robot:/opt/erc_ws/install/omni_base_bringup:/opt/erc_ws/install/omni_base_description:/opt/erc_ws/install/pal_gripper_controller_configuration:/opt/erc_ws/install/omni_base_controller_configuration:/opt/erc_ws/install/gz_ros2_control:/opt/erc_ws/install/erc_description:/opt/erc_ws/install/sensors:/opt/erc_ws/install/pal_pro_gripper_wrapper:/opt/erc_ws/install/launch_pal:/opt/erc_ws/install/erc_solution:/opt/ros/humble PYTHONPATH=/opt/erc_ws/build/pal_pro_gripper_wrapper:/opt/erc_ws/install/pal_pro_gripper_wrapper/lib/python3.10/site-packages:/opt/erc_ws/build/launch_pal:/opt/erc_ws/install/launch_pal/lib/python3.10/site-packages:/opt/erc_ws/install/tiago_pro_description/local/lib/python3.10/dist-packages:/opt/erc_ws/install/tiago_pro_head_description/local/lib/python3.10/dist-packages:/opt/erc_ws/install/sensors/lib/python3.10/site-packages:/opt/erc_ws/install/pal_sea_arm_description/local/lib/python3.10/dist-packages:/opt/erc_ws/install/pal_pro_gripper_description/local/lib/python3.10/dist-packages:/opt/erc_ws/install/omni_base_description/local/lib/python3.10/dist-packages:/opt/erc_ws/build/erc_solution:/opt/erc_ws/install/erc_solution/lib/python3.10/site-packages:/opt/ros/humble/lib/python3.10/site-packages:/opt/ros/humble/local/lib/python3.10/dist-packages /usr/bin/cmake --install /opt/erc_ws/build/pal_sea_arm
[8.810s] Level 1:colcon.colcon_core.environment:checking '/opt/erc_ws/install/pal_sea_arm' for CMake config files
[8.811s] Level 1:colcon.colcon_core.shell:create_environment_hook('pal_sea_arm', 'cmake_prefix_path')
[8.811s] INFO:colcon.colcon_core.shell:Creating environment hook '/opt/erc_ws/install/pal_sea_arm/share/pal_sea_arm/hook/cmake_prefix_path.ps1'
[8.811s] INFO:colcon.colcon_core.shell:Creating environment descriptor '/opt/erc_ws/install/pal_sea_arm/share/pal_sea_arm/hook/cmake_prefix_path.dsv'
[8.812s] INFO:colcon.colcon_core.shell:Creating environment hook '/opt/erc_ws/install/pal_sea_arm/share/pal_sea_arm/hook/cmake_prefix_path.sh'
[8.812s] Level 1:colcon.colcon_core.environment:checking '/opt/erc_ws/install/pal_sea_arm/bin'
[8.812s] Level 1:colcon.colcon_core.environment:checking '/opt/erc_ws/install/pal_sea_arm/lib/pkgconfig/pal_sea_arm.pc'
[8.812s] Level 1:colcon.colcon_core.environment:checking '/opt/erc_ws/install/pal_sea_arm/lib/python3.10/site-packages'
[8.813s] Level 1:colcon.colcon_core.environment:checking '/opt/erc_ws/install/pal_sea_arm/bin'
[8.813s] INFO:colcon.colcon_core.shell:Creating package script '/opt/erc_ws/install/pal_sea_arm/share/pal_sea_arm/package.ps1'
[8.813s] INFO:colcon.colcon_core.shell:Creating package descriptor '/opt/erc_ws/install/pal_sea_arm/share/pal_sea_arm/package.dsv'
[8.813s] INFO:colcon.colcon_core.shell:Creating package script '/opt/erc_ws/install/pal_sea_arm/share/pal_sea_arm/package.sh'
[8.814s] INFO:colcon.colcon_core.shell:Creating package script '/opt/erc_ws/install/pal_sea_arm/share/pal_sea_arm/package.bash'
[8.814s] INFO:colcon.colcon_core.shell:Creating package script '/opt/erc_ws/install/pal_sea_arm/share/pal_sea_arm/package.zsh'
[8.814s] Level 1:colcon.colcon_core.environment:create_file_with_runtime_dependencies(/opt/erc_ws/install/pal_sea_arm/share/colcon-core/packages/pal_sea_arm)
[8.815s] Level 1:colcon.colcon_core.environment:create_environment_scripts_only(pal_sea_arm)
[8.815s] Level 1:colcon.colcon_core.environment:checking '/opt/erc_ws/install/pal_sea_arm' for CMake module files
[8.815s] Level 1:colcon.colcon_core.environment:checking '/opt/erc_ws/install/pal_sea_arm' for CMake config files
[8.816s] Level 1:colcon.colcon_core.shell:create_environment_hook('pal_sea_arm', 'cmake_prefix_path')
[8.816s] INFO:colcon.colcon_core.shell:Creating environment hook '/opt/erc_ws/install/pal_sea_arm/share/pal_sea_arm/hook/cmake_prefix_path.ps1'
[8.817s] INFO:colcon.colcon_core.shell:Creating environment descriptor '/opt/erc_ws/install/pal_sea_arm/share/pal_sea_arm/hook/cmake_prefix_path.dsv'
[8.817s] INFO:colcon.colcon_core.shell:Creating environment hook '/opt/erc_ws/install/pal_sea_arm/share/pal_sea_arm/hook/cmake_prefix_path.sh'
[8.818s] Level 1:colcon.colcon_core.environment:checking '/opt/erc_ws/install/pal_sea_arm/bin'
[8.818s] Level 1:colcon.colcon_core.environment:checking '/opt/erc_ws/install/pal_sea_arm/lib/pkgconfig/pal_sea_arm.pc'
[8.818s] Level 1:colcon.colcon_core.environment:checking '/opt/erc_ws/install/pal_sea_arm/lib/python3.10/site-packages'
[8.818s] Level 1:colcon.colcon_core.environment:checking '/opt/erc_ws/install/pal_sea_arm/bin'
[8.818s] INFO:colcon.colcon_core.shell:Creating package script '/opt/erc_ws/install/pal_sea_arm/share/pal_sea_arm/package.ps1'
[8.819s] INFO:colcon.colcon_core.shell:Creating package descriptor '/opt/erc_ws/install/pal_sea_arm/share/pal_sea_arm/package.dsv'
[8.819s] INFO:colcon.colcon_core.shell:Creating package script '/opt/erc_ws/install/pal_sea_arm/share/pal_sea_arm/package.sh'
[8.820s] INFO:colcon.colcon_core.shell:Creating package script '/opt/erc_ws/install/pal_sea_arm/share/pal_sea_arm/package.bash'
[8.820s] INFO:colcon.colcon_core.shell:Creating package script '/opt/erc_ws/install/pal_sea_arm/share/pal_sea_arm/package.zsh'
[8.820s] Level 1:colcon.colcon_core.environment:create_file_with_runtime_dependencies(/opt/erc_ws/install/pal_sea_arm/share/colcon-core/packages/pal_sea_arm)
[8.910s] Level 1:colcon.colcon_core.environment:create_environment_scripts_only(tiago_pro_description)
[8.910s] Level 1:colcon.colcon_core.environment:checking '/opt/erc_ws/install/tiago_pro_description' for CMake module files
[8.910s] DEBUG:colcon.colcon_core.event_handler.log_command:Invoked command in '/opt/erc_ws/build/tiago_pro_description' returned '0': AMENT_PREFIX_PATH=/opt/erc_ws/install/pal_pro_gripper_wrapper:/opt/erc_ws/install/launch_pal:/opt/erc_ws/install/tiago_pro_robot:/opt/erc_ws/install/tiago_pro_head_robot:/opt/erc_ws/install/tiago_pro_bringup:/opt/erc_ws/install/tiago_pro_head_bringup:/opt/erc_ws/install/erc_bringup:/opt/erc_ws/install/tiago_pro_description:/opt/erc_ws/install/tiago_pro_head_description:/opt/erc_ws/install/tiago_pro_controller_configuration:/opt/erc_ws/install/tiago_pro_head_controller_configuration:/opt/erc_ws/install/sensors:/opt/erc_ws/install/pal_sea_arm:/opt/erc_ws/install/pal_sea_arm_bringup:/opt/erc_ws/install/pal_sea_arm_description:/opt/erc_ws/install/pal_pro_gripper_simulation:/opt/erc_ws/install/pal_pro_gripper_bringup:/opt/erc_ws/install/pal_pro_gripper:/opt/erc_ws/install/pal_pro_gripper_description:/opt/erc_ws/install/pal_gripper_simulation:/opt/erc_ws/install/pal_gripper:/opt/erc_ws/install/pal_gripper_description:/opt/erc_ws/install/omni_base_robot:/opt/erc_ws/install/omni_base_bringup:/opt/erc_ws/install/omni_base_description:/opt/erc_ws/install/pal_urdf_utils:/opt/erc_ws/install/pal_sea_arm_controller_configuration:/opt/erc_ws/install/pal_pro_gripper_controller_configuration:/opt/erc_ws/install/pal_gripper_controller_configuration:/opt/erc_ws/install/omni_base_controller_configuration:/opt/erc_ws/install/gz_ros2_control:/opt/erc_ws/install/erc_description:/opt/erc_ws/install/erc_solution:/opt/ros/humble CMAKE_PREFIX_PATH=/opt/erc_ws/install/pal_sea_arm_description:/opt/erc_ws/install/tiago_pro_head_description:/opt/erc_ws/install/pal_sea_arm_controller_configuration:/opt/erc_ws/install/tiago_pro_head_controller_configuration:/opt/erc_ws/install/pal_pro_gripper_description:/opt/erc_ws/install/pal_pro_gripper_controller_configuration:/opt/erc_ws/install/omni_base_description:/opt/erc_ws/install/pal_urdf_utils:/opt/erc_ws/install/tiago_pro_robot:/opt/erc_ws/install/tiago_pro_head_robot:/opt/erc_ws/install/tiago_pro_bringup:/opt/erc_ws/install/tiago_pro_head_bringup:/opt/erc_ws/install/erc_bringup:/opt/erc_ws/install/tiago_pro_description:/opt/erc_ws/install/tiago_pro_controller_configuration:/opt/erc_ws/install/pal_sea_arm:/opt/erc_ws/install/pal_sea_arm_bringup:/opt/erc_ws/install/pal_pro_gripper_simulation:/opt/erc_ws/install/pal_pro_gripper_bringup:/opt/erc_ws/install/pal_pro_gripper:/opt/erc_ws/install/pal_gripper_simulation:/opt/erc_ws/install/pal_gripper:/opt/erc_ws/install/pal_gripper_description:/opt/erc_ws/install/omni_base_robot:/opt/erc_ws/install/omni_base_bringup:/opt/erc_ws/install/pal_gripper_controller_configuration:/opt/erc_ws/install/omni_base_controller_configuration:/opt/erc_ws/install/gz_ros2_control:/opt/erc_ws/install/erc_description:/opt/erc_ws/install/sensors:/opt/erc_ws/install/pal_pro_gripper_wrapper:/opt/erc_ws/install/launch_pal:/opt/erc_ws/install/erc_solution:/opt/ros/humble PYTHONPATH=/opt/erc_ws/build/pal_pro_gripper_wrapper:/opt/erc_ws/install/pal_pro_gripper_wrapper/lib/python3.10/site-packages:/opt/erc_ws/build/launch_pal:/opt/erc_ws/install/launch_pal/lib/python3.10/site-packages:/opt/erc_ws/install/tiago_pro_description/local/lib/python3.10/dist-packages:/opt/erc_ws/install/tiago_pro_head_description/local/lib/python3.10/dist-packages:/opt/erc_ws/install/sensors/lib/python3.10/site-packages:/opt/erc_ws/install/pal_sea_arm_description/local/lib/python3.10/dist-packages:/opt/erc_ws/install/pal_pro_gripper_description/local/lib/python3.10/dist-packages:/opt/erc_ws/install/omni_base_description/local/lib/python3.10/dist-packages:/opt/erc_ws/build/erc_solution:/opt/erc_ws/install/erc_solution/lib/python3.10/site-packages:/opt/ros/humble/lib/python3.10/site-packages:/opt/ros/humble/local/lib/python3.10/dist-packages /usr/bin/cmake --install /opt/erc_ws/build/tiago_pro_description
[8.911s] Level 1:colcon.colcon_core.environment:checking '/opt/erc_ws/install/tiago_pro_description' for CMake config files
[8.911s] Level 1:colcon.colcon_core.shell:create_environment_hook('tiago_pro_description', 'cmake_prefix_path')
[8.911s] INFO:colcon.colcon_core.shell:Creating environment hook '/opt/erc_ws/install/tiago_pro_description/share/tiago_pro_description/hook/cmake_prefix_path.ps1'
[8.913s] INFO:colcon.colcon_core.shell:Creating environment descriptor '/opt/erc_ws/install/tiago_pro_description/share/tiago_pro_description/hook/cmake_prefix_path.dsv'
[8.914s] INFO:colcon.colcon_core.shell:Creating environment hook '/opt/erc_ws/install/tiago_pro_description/share/tiago_pro_description/hook/cmake_prefix_path.sh'
[8.914s] Level 1:colcon.colcon_core.environment:checking '/opt/erc_ws/install/tiago_pro_description/bin'
[8.914s] Level 1:colcon.colcon_core.environment:checking '/opt/erc_ws/install/tiago_pro_description/lib/pkgconfig/tiago_pro_description.pc'
[8.914s] Level 1:colcon.colcon_core.environment:checking '/opt/erc_ws/install/tiago_pro_description/lib/python3.10/site-packages'
[8.915s] Level 1:colcon.colcon_core.environment:checking '/opt/erc_ws/install/tiago_pro_description/bin'
[8.915s] INFO:colcon.colcon_core.shell:Creating package script '/opt/erc_ws/install/tiago_pro_description/share/tiago_pro_description/package.ps1'
[8.915s] INFO:colcon.colcon_core.shell:Creating package descriptor '/opt/erc_ws/install/tiago_pro_description/share/tiago_pro_description/package.dsv'
[8.916s] INFO:colcon.colcon_core.shell:Creating package script '/opt/erc_ws/install/tiago_pro_description/share/tiago_pro_description/package.sh'
[8.916s] INFO:colcon.colcon_core.shell:Creating package script '/opt/erc_ws/install/tiago_pro_description/share/tiago_pro_description/package.bash'
[8.917s] INFO:colcon.colcon_core.shell:Creating package script '/opt/erc_ws/install/tiago_pro_description/share/tiago_pro_description/package.zsh'
[8.917s] Level 1:colcon.colcon_core.environment:create_file_with_runtime_dependencies(/opt/erc_ws/install/tiago_pro_description/share/colcon-core/packages/tiago_pro_description)
[8.918s] Level 1:colcon.colcon_core.environment:create_environment_scripts_only(tiago_pro_description)
[8.918s] Level 1:colcon.colcon_core.environment:checking '/opt/erc_ws/install/tiago_pro_description' for CMake module files
[8.918s] Level 1:colcon.colcon_core.environment:checking '/opt/erc_ws/install/tiago_pro_description' for CMake config files
[8.919s] Level 1:colcon.colcon_core.shell:create_environment_hook('tiago_pro_description', 'cmake_prefix_path')
[8.919s] INFO:colcon.colcon_core.shell:Creating environment hook '/opt/erc_ws/install/tiago_pro_description/share/tiago_pro_description/hook/cmake_prefix_path.ps1'
[8.919s] INFO:colcon.colcon_core.shell:Creating environment descriptor '/opt/erc_ws/install/tiago_pro_description/share/tiago_pro_description/hook/cmake_prefix_path.dsv'
[8.920s] INFO:colcon.colcon_core.shell:Creating environment hook '/opt/erc_ws/install/tiago_pro_description/share/tiago_pro_description/hook/cmake_prefix_path.sh'
[8.921s] Level 1:colcon.colcon_core.environment:checking '/opt/erc_ws/install/tiago_pro_description/bin'
[8.921s] Level 1:colcon.colcon_core.environment:checking '/opt/erc_ws/install/tiago_pro_description/lib/pkgconfig/tiago_pro_description.pc'
[8.921s] Level 1:colcon.colcon_core.environment:checking '/opt/erc_ws/install/tiago_pro_description/lib/python3.10/site-packages'
[8.921s] Level 1:colcon.colcon_core.environment:checking '/opt/erc_ws/install/tiago_pro_description/bin'
[8.922s] INFO:colcon.colcon_core.shell:Creating package script '/opt/erc_ws/install/tiago_pro_description/share/tiago_pro_description/package.ps1'
[8.922s] INFO:colcon.colcon_core.shell:Creating package descriptor '/opt/erc_ws/install/tiago_pro_description/share/tiago_pro_description/package.dsv'
[8.923s] INFO:colcon.colcon_core.shell:Creating package script '/opt/erc_ws/install/tiago_pro_description/share/tiago_pro_description/package.sh'
[8.923s] INFO:colcon.colcon_core.shell:Creating package script '/opt/erc_ws/install/tiago_pro_description/share/tiago_pro_description/package.bash'
[8.924s] INFO:colcon.colcon_core.shell:Creating package script '/opt/erc_ws/install/tiago_pro_description/share/tiago_pro_description/package.zsh'
[8.924s] Level 1:colcon.colcon_core.environment:create_file_with_runtime_dependencies(/opt/erc_ws/install/tiago_pro_description/share/colcon-core/packages/tiago_pro_description)
[8.924s] INFO:colcon.colcon_ros.task.ament_cmake.build:Building ROS package in '/opt/erc_ws/src/erc_bringup' with build type 'ament_cmake'
[8.925s] INFO:colcon.colcon_cmake.task.cmake.build:Building CMake package in '/opt/erc_ws/src/erc_bringup'
[8.925s] INFO:colcon.colcon_core.shell:Skip shell extension 'powershell' for command environment: Not usable outside of PowerShell
[8.925s] DEBUG:colcon.colcon_core.shell:Skip shell extension 'dsv' for command environment
[8.930s] INFO:colcon.colcon_ros.task.ament_cmake.build:Building ROS package in '/opt/erc_ws/src/tiago_pro_robot/tiago_pro_robot' with build type 'ament_cmake'
[8.931s] INFO:colcon.colcon_cmake.task.cmake.build:Building CMake package in '/opt/erc_ws/src/tiago_pro_robot/tiago_pro_robot'
[8.931s] INFO:colcon.colcon_core.shell:Skip shell extension 'powershell' for command environment: Not usable outside of PowerShell
[8.931s] DEBUG:colcon.colcon_core.shell:Skip shell extension 'dsv' for command environment
[8.947s] DEBUG:colcon.colcon_core.event_handler.log_command:Invoking command in '/opt/erc_ws/build/erc_bringup': AMENT_PREFIX_PATH=/opt/erc_ws/install/pal_pro_gripper_wrapper:/opt/erc_ws/install/launch_pal:/opt/erc_ws/install/tiago_pro_robot:/opt/erc_ws/install/tiago_pro_head_robot:/opt/erc_ws/install/tiago_pro_bringup:/opt/erc_ws/install/tiago_pro_head_bringup:/opt/erc_ws/install/erc_bringup:/opt/erc_ws/install/tiago_pro_description:/opt/erc_ws/install/tiago_pro_head_description:/opt/erc_ws/install/tiago_pro_controller_configuration:/opt/erc_ws/install/tiago_pro_head_controller_configuration:/opt/erc_ws/install/sensors:/opt/erc_ws/install/pal_sea_arm:/opt/erc_ws/install/pal_sea_arm_bringup:/opt/erc_ws/install/pal_sea_arm_description:/opt/erc_ws/install/pal_pro_gripper_simulation:/opt/erc_ws/install/pal_pro_gripper_bringup:/opt/erc_ws/install/pal_pro_gripper:/opt/erc_ws/install/pal_pro_gripper_description:/opt/erc_ws/install/pal_gripper_simulation:/opt/erc_ws/install/pal_gripper:/opt/erc_ws/install/pal_gripper_description:/opt/erc_ws/install/omni_base_robot:/opt/erc_ws/install/omni_base_bringup:/opt/erc_ws/install/omni_base_description:/opt/erc_ws/install/pal_urdf_utils:/opt/erc_ws/install/pal_sea_arm_controller_configuration:/opt/erc_ws/install/pal_pro_gripper_controller_configuration:/opt/erc_ws/install/pal_gripper_controller_configuration:/opt/erc_ws/install/omni_base_controller_configuration:/opt/erc_ws/install/gz_ros2_control:/opt/erc_ws/install/erc_description:/opt/erc_ws/install/erc_solution:/opt/ros/humble CMAKE_PREFIX_PATH=/opt/erc_ws/install/tiago_pro_description:/opt/erc_ws/install/pal_sea_arm_description:/opt/erc_ws/install/tiago_pro_head_description:/opt/erc_ws/install/pal_sea_arm_controller_configuration:/opt/erc_ws/install/tiago_pro_head_controller_configuration:/opt/erc_ws/install/pal_pro_gripper_description:/opt/erc_ws/install/pal_pro_gripper_controller_configuration:/opt/erc_ws/install/omni_base_description:/opt/erc_ws/install/pal_urdf_utils:/opt/erc_ws/install/tiago_pro_robot:/opt/erc_ws/install/tiago_pro_head_robot:/opt/erc_ws/install/tiago_pro_bringup:/opt/erc_ws/install/tiago_pro_head_bringup:/opt/erc_ws/install/erc_bringup:/opt/erc_ws/install/tiago_pro_controller_configuration:/opt/erc_ws/install/pal_sea_arm:/opt/erc_ws/install/pal_sea_arm_bringup:/opt/erc_ws/install/pal_pro_gripper_simulation:/opt/erc_ws/install/pal_pro_gripper_bringup:/opt/erc_ws/install/pal_pro_gripper:/opt/erc_ws/install/pal_gripper_simulation:/opt/erc_ws/install/pal_gripper:/opt/erc_ws/install/pal_gripper_description:/opt/erc_ws/install/omni_base_robot:/opt/erc_ws/install/omni_base_bringup:/opt/erc_ws/install/pal_gripper_controller_configuration:/opt/erc_ws/install/omni_base_controller_configuration:/opt/erc_ws/install/gz_ros2_control:/opt/erc_ws/install/erc_description:/opt/erc_ws/install/sensors:/opt/erc_ws/install/pal_pro_gripper_wrapper:/opt/erc_ws/install/launch_pal:/opt/erc_ws/install/erc_solution:/opt/ros/humble PYTHONPATH=/opt/erc_ws/build/pal_pro_gripper_wrapper:/opt/erc_ws/install/pal_pro_gripper_wrapper/lib/python3.10/site-packages:/opt/erc_ws/build/launch_pal:/opt/erc_ws/install/launch_pal/lib/python3.10/site-packages:/opt/erc_ws/install/tiago_pro_description/local/lib/python3.10/dist-packages:/opt/erc_ws/install/tiago_pro_head_description/local/lib/python3.10/dist-packages:/opt/erc_ws/install/sensors/lib/python3.10/site-packages:/opt/erc_ws/install/pal_sea_arm_description/local/lib/python3.10/dist-packages:/opt/erc_ws/install/pal_pro_gripper_description/local/lib/python3.10/dist-packages:/opt/erc_ws/install/omni_base_description/local/lib/python3.10/dist-packages:/opt/erc_ws/build/erc_solution:/opt/erc_ws/install/erc_solution/lib/python3.10/site-packages:/opt/ros/humble/lib/python3.10/site-packages:/opt/ros/humble/local/lib/python3.10/dist-packages /usr/bin/cmake /opt/erc_ws/src/erc_bringup -DAMENT_CMAKE_SYMLINK_INSTALL=1 -DCMAKE_INSTALL_PREFIX=/opt/erc_ws/install/erc_bringup
[8.955s] DEBUG:colcon.colcon_core.event_handler.log_command:Invoking command in '/opt/erc_ws/build/tiago_pro_robot': AMENT_PREFIX_PATH=/opt/erc_ws/install/pal_pro_gripper_wrapper:/opt/erc_ws/install/launch_pal:/opt/erc_ws/install/tiago_pro_robot:/opt/erc_ws/install/tiago_pro_head_robot:/opt/erc_ws/install/tiago_pro_bringup:/opt/erc_ws/install/tiago_pro_head_bringup:/opt/erc_ws/install/erc_bringup:/opt/erc_ws/install/tiago_pro_description:/opt/erc_ws/install/tiago_pro_head_description:/opt/erc_ws/install/tiago_pro_controller_configuration:/opt/erc_ws/install/tiago_pro_head_controller_configuration:/opt/erc_ws/install/sensors:/opt/erc_ws/install/pal_sea_arm:/opt/erc_ws/install/pal_sea_arm_bringup:/opt/erc_ws/install/pal_sea_arm_description:/opt/erc_ws/install/pal_pro_gripper_simulation:/opt/erc_ws/install/pal_pro_gripper_bringup:/opt/erc_ws/install/pal_pro_gripper:/opt/erc_ws/install/pal_pro_gripper_description:/opt/erc_ws/install/pal_gripper_simulation:/opt/erc_ws/install/pal_gripper:/opt/erc_ws/install/pal_gripper_description:/opt/erc_ws/install/omni_base_robot:/opt/erc_ws/install/omni_base_bringup:/opt/erc_ws/install/omni_base_description:/opt/erc_ws/install/pal_urdf_utils:/opt/erc_ws/install/pal_sea_arm_controller_configuration:/opt/erc_ws/install/pal_pro_gripper_controller_configuration:/opt/erc_ws/install/pal_gripper_controller_configuration:/opt/erc_ws/install/omni_base_controller_configuration:/opt/erc_ws/install/gz_ros2_control:/opt/erc_ws/install/erc_description:/opt/erc_ws/install/erc_solution:/opt/ros/humble CMAKE_PREFIX_PATH=/opt/erc_ws/install/tiago_pro_description:/opt/erc_ws/install/tiago_pro_bringup:/opt/erc_ws/install/tiago_pro_head_bringup:/opt/erc_ws/install/tiago_pro_controller_configuration:/opt/erc_ws/install/pal_sea_arm_description:/opt/erc_ws/install/tiago_pro_head_description:/opt/erc_ws/install/pal_sea_arm_controller_configuration:/opt/erc_ws/install/tiago_pro_head_controller_configuration:/opt/erc_ws/install/pal_pro_gripper_description:/opt/erc_ws/install/pal_pro_gripper_controller_configuration:/opt/erc_ws/install/omni_base_description:/opt/erc_ws/install/pal_urdf_utils:/opt/erc_ws/install/omni_base_controller_configuration:/opt/erc_ws/install/tiago_pro_robot:/opt/erc_ws/install/tiago_pro_head_robot:/opt/erc_ws/install/erc_bringup:/opt/erc_ws/install/pal_sea_arm:/opt/erc_ws/install/pal_sea_arm_bringup:/opt/erc_ws/install/pal_pro_gripper_simulation:/opt/erc_ws/install/pal_pro_gripper_bringup:/opt/erc_ws/install/pal_pro_gripper:/opt/erc_ws/install/pal_gripper_simulation:/opt/erc_ws/install/pal_gripper:/opt/erc_ws/install/pal_gripper_description:/opt/erc_ws/install/omni_base_robot:/opt/erc_ws/install/omni_base_bringup:/opt/erc_ws/install/pal_gripper_controller_configuration:/opt/erc_ws/install/gz_ros2_control:/opt/erc_ws/install/erc_description:/opt/erc_ws/install/sensors:/opt/erc_ws/install/pal_pro_gripper_wrapper:/opt/erc_ws/install/launch_pal:/opt/erc_ws/install/erc_solution:/opt/ros/humble PYTHONPATH=/opt/erc_ws/build/pal_pro_gripper_wrapper:/opt/erc_ws/install/pal_pro_gripper_wrapper/lib/python3.10/site-packages:/opt/erc_ws/build/launch_pal:/opt/erc_ws/install/launch_pal/lib/python3.10/site-packages:/opt/erc_ws/install/tiago_pro_description/local/lib/python3.10/dist-packages:/opt/erc_ws/install/tiago_pro_head_description/local/lib/python3.10/dist-packages:/opt/erc_ws/install/sensors/lib/python3.10/site-packages:/opt/erc_ws/install/pal_sea_arm_description/local/lib/python3.10/dist-packages:/opt/erc_ws/install/pal_pro_gripper_description/local/lib/python3.10/dist-packages:/opt/erc_ws/install/omni_base_description/local/lib/python3.10/dist-packages:/opt/erc_ws/build/erc_solution:/opt/erc_ws/install/erc_solution/lib/python3.10/site-packages:/opt/ros/humble/lib/python3.10/site-packages:/opt/ros/humble/local/lib/python3.10/dist-packages /usr/bin/cmake /opt/erc_ws/src/tiago_pro_robot/tiago_pro_robot -DAMENT_CMAKE_SYMLINK_INSTALL=1 -DCMAKE_INSTALL_PREFIX=/opt/erc_ws/install/tiago_pro_robot
[9.500s] DEBUG:colcon.colcon_core.event_handler.log_command:Invoked command in '/opt/erc_ws/build/erc_bringup' returned '0': AMENT_PREFIX_PATH=/opt/erc_ws/install/pal_pro_gripper_wrapper:/opt/erc_ws/install/launch_pal:/opt/erc_ws/install/tiago_pro_robot:/opt/erc_ws/install/tiago_pro_head_robot:/opt/erc_ws/install/tiago_pro_bringup:/opt/erc_ws/install/tiago_pro_head_bringup:/opt/erc_ws/install/erc_bringup:/opt/erc_ws/install/tiago_pro_description:/opt/erc_ws/install/tiago_pro_head_description:/opt/erc_ws/install/tiago_pro_controller_configuration:/opt/erc_ws/install/tiago_pro_head_controller_configuration:/opt/erc_ws/install/sensors:/opt/erc_ws/install/pal_sea_arm:/opt/erc_ws/install/pal_sea_arm_bringup:/opt/erc_ws/install/pal_sea_arm_description:/opt/erc_ws/install/pal_pro_gripper_simulation:/opt/erc_ws/install/pal_pro_gripper_bringup:/opt/erc_ws/install/pal_pro_gripper:/opt/erc_ws/install/pal_pro_gripper_description:/opt/erc_ws/install/pal_gripper_simulation:/opt/erc_ws/install/pal_gripper:/opt/erc_ws/install/pal_gripper_description:/opt/erc_ws/install/omni_base_robot:/opt/erc_ws/install/omni_base_bringup:/opt/erc_ws/install/omni_base_description:/opt/erc_ws/install/pal_urdf_utils:/opt/erc_ws/install/pal_sea_arm_controller_configuration:/opt/erc_ws/install/pal_pro_gripper_controller_configuration:/opt/erc_ws/install/pal_gripper_controller_configuration:/opt/erc_ws/install/omni_base_controller_configuration:/opt/erc_ws/install/gz_ros2_control:/opt/erc_ws/install/erc_description:/opt/erc_ws/install/erc_solution:/opt/ros/humble CMAKE_PREFIX_PATH=/opt/erc_ws/install/tiago_pro_description:/opt/erc_ws/install/pal_sea_arm_description:/opt/erc_ws/install/tiago_pro_head_description:/opt/erc_ws/install/pal_sea_arm_controller_configuration:/opt/erc_ws/install/tiago_pro_head_controller_configuration:/opt/erc_ws/install/pal_pro_gripper_description:/opt/erc_ws/install/pal_pro_gripper_controller_configuration:/opt/erc_ws/install/omni_base_description:/opt/erc_ws/install/pal_urdf_utils:/opt/erc_ws/install/tiago_pro_robot:/opt/erc_ws/install/tiago_pro_head_robot:/opt/erc_ws/install/tiago_pro_bringup:/opt/erc_ws/install/tiago_pro_head_bringup:/opt/erc_ws/install/erc_bringup:/opt/erc_ws/install/tiago_pro_controller_configuration:/opt/erc_ws/install/pal_sea_arm:/opt/erc_ws/install/pal_sea_arm_bringup:/opt/erc_ws/install/pal_pro_gripper_simulation:/opt/erc_ws/install/pal_pro_gripper_bringup:/opt/erc_ws/install/pal_pro_gripper:/opt/erc_ws/install/pal_gripper_simulation:/opt/erc_ws/install/pal_gripper:/opt/erc_ws/install/pal_gripper_description:/opt/erc_ws/install/omni_base_robot:/opt/erc_ws/install/omni_base_bringup:/opt/erc_ws/install/pal_gripper_controller_configuration:/opt/erc_ws/install/omni_base_controller_configuration:/opt/erc_ws/install/gz_ros2_control:/opt/erc_ws/install/erc_description:/opt/erc_ws/install/sensors:/opt/erc_ws/install/pal_pro_gripper_wrapper:/opt/erc_ws/install/launch_pal:/opt/erc_ws/install/erc_solution:/opt/ros/humble PYTHONPATH=/opt/erc_ws/build/pal_pro_gripper_wrapper:/opt/erc_ws/install/pal_pro_gripper_wrapper/lib/python3.10/site-packages:/opt/erc_ws/build/launch_pal:/opt/erc_ws/install/launch_pal/lib/python3.10/site-packages:/opt/erc_ws/install/tiago_pro_description/local/lib/python3.10/dist-packages:/opt/erc_ws/install/tiago_pro_head_description/local/lib/python3.10/dist-packages:/opt/erc_ws/install/sensors/lib/python3.10/site-packages:/opt/erc_ws/install/pal_sea_arm_description/local/lib/python3.10/dist-packages:/opt/erc_ws/install/pal_pro_gripper_description/local/lib/python3.10/dist-packages:/opt/erc_ws/install/omni_base_description/local/lib/python3.10/dist-packages:/opt/erc_ws/build/erc_solution:/opt/erc_ws/install/erc_solution/lib/python3.10/site-packages:/opt/ros/humble/lib/python3.10/site-packages:/opt/ros/humble/local/lib/python3.10/dist-packages /usr/bin/cmake /opt/erc_ws/src/erc_bringup -DAMENT_CMAKE_SYMLINK_INSTALL=1 -DCMAKE_INSTALL_PREFIX=/opt/erc_ws/install/erc_bringup
[9.502s] DEBUG:colcon.colcon_core.event_handler.log_command:Invoking command in '/opt/erc_ws/build/erc_bringup': AMENT_PREFIX_PATH=/opt/erc_ws/install/pal_pro_gripper_wrapper:/opt/erc_ws/install/launch_pal:/opt/erc_ws/install/tiago_pro_robot:/opt/erc_ws/install/tiago_pro_head_robot:/opt/erc_ws/install/tiago_pro_bringup:/opt/erc_ws/install/tiago_pro_head_bringup:/opt/erc_ws/install/erc_bringup:/opt/erc_ws/install/tiago_pro_description:/opt/erc_ws/install/tiago_pro_head_description:/opt/erc_ws/install/tiago_pro_controller_configuration:/opt/erc_ws/install/tiago_pro_head_controller_configuration:/opt/erc_ws/install/sensors:/opt/erc_ws/install/pal_sea_arm:/opt/erc_ws/install/pal_sea_arm_bringup:/opt/erc_ws/install/pal_sea_arm_description:/opt/erc_ws/install/pal_pro_gripper_simulation:/opt/erc_ws/install/pal_pro_gripper_bringup:/opt/erc_ws/install/pal_pro_gripper:/opt/erc_ws/install/pal_pro_gripper_description:/opt/erc_ws/install/pal_gripper_simulation:/opt/erc_ws/install/pal_gripper:/opt/erc_ws/install/pal_gripper_description:/opt/erc_ws/install/omni_base_robot:/opt/erc_ws/install/omni_base_bringup:/opt/erc_ws/install/omni_base_description:/opt/erc_ws/install/pal_urdf_utils:/opt/erc_ws/install/pal_sea_arm_controller_configuration:/opt/erc_ws/install/pal_pro_gripper_controller_configuration:/opt/erc_ws/install/pal_gripper_controller_configuration:/opt/erc_ws/install/omni_base_controller_configuration:/opt/erc_ws/install/gz_ros2_control:/opt/erc_ws/install/erc_description:/opt/erc_ws/install/erc_solution:/opt/ros/humble CMAKE_PREFIX_PATH=/opt/erc_ws/install/tiago_pro_description:/opt/erc_ws/install/pal_sea_arm_description:/opt/erc_ws/install/tiago_pro_head_description:/opt/erc_ws/install/pal_sea_arm_controller_configuration:/opt/erc_ws/install/tiago_pro_head_controller_configuration:/opt/erc_ws/install/pal_pro_gripper_description:/opt/erc_ws/install/pal_pro_gripper_controller_configuration:/opt/erc_ws/install/omni_base_description:/opt/erc_ws/install/pal_urdf_utils:/opt/erc_ws/install/tiago_pro_robot:/opt/erc_ws/install/tiago_pro_head_robot:/opt/erc_ws/install/tiago_pro_bringup:/opt/erc_ws/install/tiago_pro_head_bringup:/opt/erc_ws/install/erc_bringup:/opt/erc_ws/install/tiago_pro_controller_configuration:/opt/erc_ws/install/pal_sea_arm:/opt/erc_ws/install/pal_sea_arm_bringup:/opt/erc_ws/install/pal_pro_gripper_simulation:/opt/erc_ws/install/pal_pro_gripper_bringup:/opt/erc_ws/install/pal_pro_gripper:/opt/erc_ws/install/pal_gripper_simulation:/opt/erc_ws/install/pal_gripper:/opt/erc_ws/install/pal_gripper_description:/opt/erc_ws/install/omni_base_robot:/opt/erc_ws/install/omni_base_bringup:/opt/erc_ws/install/pal_gripper_controller_configuration:/opt/erc_ws/install/omni_base_controller_configuration:/opt/erc_ws/install/gz_ros2_control:/opt/erc_ws/install/erc_description:/opt/erc_ws/install/sensors:/opt/erc_ws/install/pal_pro_gripper_wrapper:/opt/erc_ws/install/launch_pal:/opt/erc_ws/install/erc_solution:/opt/ros/humble PYTHONPATH=/opt/erc_ws/build/pal_pro_gripper_wrapper:/opt/erc_ws/install/pal_pro_gripper_wrapper/lib/python3.10/site-packages:/opt/erc_ws/build/launch_pal:/opt/erc_ws/install/launch_pal/lib/python3.10/site-packages:/opt/erc_ws/install/tiago_pro_description/local/lib/python3.10/dist-packages:/opt/erc_ws/install/tiago_pro_head_description/local/lib/python3.10/dist-packages:/opt/erc_ws/install/sensors/lib/python3.10/site-packages:/opt/erc_ws/install/pal_sea_arm_description/local/lib/python3.10/dist-packages:/opt/erc_ws/install/pal_pro_gripper_description/local/lib/python3.10/dist-packages:/opt/erc_ws/install/omni_base_description/local/lib/python3.10/dist-packages:/opt/erc_ws/build/erc_solution:/opt/erc_ws/install/erc_solution/lib/python3.10/site-packages:/opt/ros/humble/lib/python3.10/site-packages:/opt/ros/humble/local/lib/python3.10/dist-packages /usr/bin/cmake --build /opt/erc_ws/build/erc_bringup -- -j16 -l16
[9.505s] DEBUG:colcon.colcon_core.event_handler.log_command:Invoked command in '/opt/erc_ws/build/tiago_pro_robot' returned '0': AMENT_PREFIX_PATH=/opt/erc_ws/install/pal_pro_gripper_wrapper:/opt/erc_ws/install/launch_pal:/opt/erc_ws/install/tiago_pro_robot:/opt/erc_ws/install/tiago_pro_head_robot:/opt/erc_ws/install/tiago_pro_bringup:/opt/erc_ws/install/tiago_pro_head_bringup:/opt/erc_ws/install/erc_bringup:/opt/erc_ws/install/tiago_pro_description:/opt/erc_ws/install/tiago_pro_head_description:/opt/erc_ws/install/tiago_pro_controller_configuration:/opt/erc_ws/install/tiago_pro_head_controller_configuration:/opt/erc_ws/install/sensors:/opt/erc_ws/install/pal_sea_arm:/opt/erc_ws/install/pal_sea_arm_bringup:/opt/erc_ws/install/pal_sea_arm_description:/opt/erc_ws/install/pal_pro_gripper_simulation:/opt/erc_ws/install/pal_pro_gripper_bringup:/opt/erc_ws/install/pal_pro_gripper:/opt/erc_ws/install/pal_pro_gripper_description:/opt/erc_ws/install/pal_gripper_simulation:/opt/erc_ws/install/pal_gripper:/opt/erc_ws/install/pal_gripper_description:/opt/erc_ws/install/omni_base_robot:/opt/erc_ws/install/omni_base_bringup:/opt/erc_ws/install/omni_base_description:/opt/erc_ws/install/pal_urdf_utils:/opt/erc_ws/install/pal_sea_arm_controller_configuration:/opt/erc_ws/install/pal_pro_gripper_controller_configuration:/opt/erc_ws/install/pal_gripper_controller_configuration:/opt/erc_ws/install/omni_base_controller_configuration:/opt/erc_ws/install/gz_ros2_control:/opt/erc_ws/install/erc_description:/opt/erc_ws/install/erc_solution:/opt/ros/humble CMAKE_PREFIX_PATH=/opt/erc_ws/install/tiago_pro_description:/opt/erc_ws/install/tiago_pro_bringup:/opt/erc_ws/install/tiago_pro_head_bringup:/opt/erc_ws/install/tiago_pro_controller_configuration:/opt/erc_ws/install/pal_sea_arm_description:/opt/erc_ws/install/tiago_pro_head_description:/opt/erc_ws/install/pal_sea_arm_controller_configuration:/opt/erc_ws/install/tiago_pro_head_controller_configuration:/opt/erc_ws/install/pal_pro_gripper_description:/opt/erc_ws/install/pal_pro_gripper_controller_configuration:/opt/erc_ws/install/omni_base_description:/opt/erc_ws/install/pal_urdf_utils:/opt/erc_ws/install/omni_base_controller_configuration:/opt/erc_ws/install/tiago_pro_robot:/opt/erc_ws/install/tiago_pro_head_robot:/opt/erc_ws/install/erc_bringup:/opt/erc_ws/install/pal_sea_arm:/opt/erc_ws/install/pal_sea_arm_bringup:/opt/erc_ws/install/pal_pro_gripper_simulation:/opt/erc_ws/install/pal_pro_gripper_bringup:/opt/erc_ws/install/pal_pro_gripper:/opt/erc_ws/install/pal_gripper_simulation:/opt/erc_ws/install/pal_gripper:/opt/erc_ws/install/pal_gripper_description:/opt/erc_ws/install/omni_base_robot:/opt/erc_ws/install/omni_base_bringup:/opt/erc_ws/install/pal_gripper_controller_configuration:/opt/erc_ws/install/gz_ros2_control:/opt/erc_ws/install/erc_description:/opt/erc_ws/install/sensors:/opt/erc_ws/install/pal_pro_gripper_wrapper:/opt/erc_ws/install/launch_pal:/opt/erc_ws/install/erc_solution:/opt/ros/humble PYTHONPATH=/opt/erc_ws/build/pal_pro_gripper_wrapper:/opt/erc_ws/install/pal_pro_gripper_wrapper/lib/python3.10/site-packages:/opt/erc_ws/build/launch_pal:/opt/erc_ws/install/launch_pal/lib/python3.10/site-packages:/opt/erc_ws/install/tiago_pro_description/local/lib/python3.10/dist-packages:/opt/erc_ws/install/tiago_pro_head_description/local/lib/python3.10/dist-packages:/opt/erc_ws/install/sensors/lib/python3.10/site-packages:/opt/erc_ws/install/pal_sea_arm_description/local/lib/python3.10/dist-packages:/opt/erc_ws/install/pal_pro_gripper_description/local/lib/python3.10/dist-packages:/opt/erc_ws/install/omni_base_description/local/lib/python3.10/dist-packages:/opt/erc_ws/build/erc_solution:/opt/erc_ws/install/erc_solution/lib/python3.10/site-packages:/opt/ros/humble/lib/python3.10/site-packages:/opt/ros/humble/local/lib/python3.10/dist-packages /usr/bin/cmake /opt/erc_ws/src/tiago_pro_robot/tiago_pro_robot -DAMENT_CMAKE_SYMLINK_INSTALL=1 -DCMAKE_INSTALL_PREFIX=/opt/erc_ws/install/tiago_pro_robot
[9.505s] DEBUG:colcon.colcon_core.event_handler.log_command:Invoking command in '/opt/erc_ws/build/tiago_pro_robot': AMENT_PREFIX_PATH=/opt/erc_ws/install/pal_pro_gripper_wrapper:/opt/erc_ws/install/launch_pal:/opt/erc_ws/install/tiago_pro_robot:/opt/erc_ws/install/tiago_pro_head_robot:/opt/erc_ws/install/tiago_pro_bringup:/opt/erc_ws/install/tiago_pro_head_bringup:/opt/erc_ws/install/erc_bringup:/opt/erc_ws/install/tiago_pro_description:/opt/erc_ws/install/tiago_pro_head_description:/opt/erc_ws/install/tiago_pro_controller_configuration:/opt/erc_ws/install/tiago_pro_head_controller_configuration:/opt/erc_ws/install/sensors:/opt/erc_ws/install/pal_sea_arm:/opt/erc_ws/install/pal_sea_arm_bringup:/opt/erc_ws/install/pal_sea_arm_description:/opt/erc_ws/install/pal_pro_gripper_simulation:/opt/erc_ws/install/pal_pro_gripper_bringup:/opt/erc_ws/install/pal_pro_gripper:/opt/erc_ws/install/pal_pro_gripper_description:/opt/erc_ws/install/pal_gripper_simulation:/opt/erc_ws/install/pal_gripper:/opt/erc_ws/install/pal_gripper_description:/opt/erc_ws/install/omni_base_robot:/opt/erc_ws/install/omni_base_bringup:/opt/erc_ws/install/omni_base_description:/opt/erc_ws/install/pal_urdf_utils:/opt/erc_ws/install/pal_sea_arm_controller_configuration:/opt/erc_ws/install/pal_pro_gripper_controller_configuration:/opt/erc_ws/install/pal_gripper_controller_configuration:/opt/erc_ws/install/omni_base_controller_configuration:/opt/erc_ws/install/gz_ros2_control:/opt/erc_ws/install/erc_description:/opt/erc_ws/install/erc_solution:/opt/ros/humble CMAKE_PREFIX_PATH=/opt/erc_ws/install/tiago_pro_description:/opt/erc_ws/install/tiago_pro_bringup:/opt/erc_ws/install/tiago_pro_head_bringup:/opt/erc_ws/install/tiago_pro_controller_configuration:/opt/erc_ws/install/pal_sea_arm_description:/opt/erc_ws/install/tiago_pro_head_description:/opt/erc_ws/install/pal_sea_arm_controller_configuration:/opt/erc_ws/install/tiago_pro_head_controller_configuration:/opt/erc_ws/install/pal_pro_gripper_description:/opt/erc_ws/install/pal_pro_gripper_controller_configuration:/opt/erc_ws/install/omni_base_description:/opt/erc_ws/install/pal_urdf_utils:/opt/erc_ws/install/omni_base_controller_configuration:/opt/erc_ws/install/tiago_pro_robot:/opt/erc_ws/install/tiago_pro_head_robot:/opt/erc_ws/install/erc_bringup:/opt/erc_ws/install/pal_sea_arm:/opt/erc_ws/install/pal_sea_arm_bringup:/opt/erc_ws/install/pal_pro_gripper_simulation:/opt/erc_ws/install/pal_pro_gripper_bringup:/opt/erc_ws/install/pal_pro_gripper:/opt/erc_ws/install/pal_gripper_simulation:/opt/erc_ws/install/pal_gripper:/opt/erc_ws/install/pal_gripper_description:/opt/erc_ws/install/omni_base_robot:/opt/erc_ws/install/omni_base_bringup:/opt/erc_ws/install/pal_gripper_controller_configuration:/opt/erc_ws/install/gz_ros2_control:/opt/erc_ws/install/erc_description:/opt/erc_ws/install/sensors:/opt/erc_ws/install/pal_pro_gripper_wrapper:/opt/erc_ws/install/launch_pal:/opt/erc_ws/install/erc_solution:/opt/ros/humble PYTHONPATH=/opt/erc_ws/build/pal_pro_gripper_wrapper:/opt/erc_ws/install/pal_pro_gripper_wrapper/lib/python3.10/site-packages:/opt/erc_ws/build/launch_pal:/opt/erc_ws/install/launch_pal/lib/python3.10/site-packages:/opt/erc_ws/install/tiago_pro_description/local/lib/python3.10/dist-packages:/opt/erc_ws/install/tiago_pro_head_description/local/lib/python3.10/dist-packages:/opt/erc_ws/install/sensors/lib/python3.10/site-packages:/opt/erc_ws/install/pal_sea_arm_description/local/lib/python3.10/dist-packages:/opt/erc_ws/install/pal_pro_gripper_description/local/lib/python3.10/dist-packages:/opt/erc_ws/install/omni_base_description/local/lib/python3.10/dist-packages:/opt/erc_ws/build/erc_solution:/opt/erc_ws/install/erc_solution/lib/python3.10/site-packages:/opt/ros/humble/lib/python3.10/site-packages:/opt/ros/humble/local/lib/python3.10/dist-packages /usr/bin/cmake --build /opt/erc_ws/build/tiago_pro_robot -- -j16 -l16
[9.533s] DEBUG:colcon.colcon_core.event_handler.log_command:Invoked command in '/opt/erc_ws/build/erc_bringup' returned '0': AMENT_PREFIX_PATH=/opt/erc_ws/install/pal_pro_gripper_wrapper:/opt/erc_ws/install/launch_pal:/opt/erc_ws/install/tiago_pro_robot:/opt/erc_ws/install/tiago_pro_head_robot:/opt/erc_ws/install/tiago_pro_bringup:/opt/erc_ws/install/tiago_pro_head_bringup:/opt/erc_ws/install/erc_bringup:/opt/erc_ws/install/tiago_pro_description:/opt/erc_ws/install/tiago_pro_head_description:/opt/erc_ws/install/tiago_pro_controller_configuration:/opt/erc_ws/install/tiago_pro_head_controller_configuration:/opt/erc_ws/install/sensors:/opt/erc_ws/install/pal_sea_arm:/opt/erc_ws/install/pal_sea_arm_bringup:/opt/erc_ws/install/pal_sea_arm_description:/opt/erc_ws/install/pal_pro_gripper_simulation:/opt/erc_ws/install/pal_pro_gripper_bringup:/opt/erc_ws/install/pal_pro_gripper:/opt/erc_ws/install/pal_pro_gripper_description:/opt/erc_ws/install/pal_gripper_simulation:/opt/erc_ws/install/pal_gripper:/opt/erc_ws/install/pal_gripper_description:/opt/erc_ws/install/omni_base_robot:/opt/erc_ws/install/omni_base_bringup:/opt/erc_ws/install/omni_base_description:/opt/erc_ws/install/pal_urdf_utils:/opt/erc_ws/install/pal_sea_arm_controller_configuration:/opt/erc_ws/install/pal_pro_gripper_controller_configuration:/opt/erc_ws/install/pal_gripper_controller_configuration:/opt/erc_ws/install/omni_base_controller_configuration:/opt/erc_ws/install/gz_ros2_control:/opt/erc_ws/install/erc_description:/opt/erc_ws/install/erc_solution:/opt/ros/humble CMAKE_PREFIX_PATH=/opt/erc_ws/install/tiago_pro_description:/opt/erc_ws/install/pal_sea_arm_description:/opt/erc_ws/install/tiago_pro_head_description:/opt/erc_ws/install/pal_sea_arm_controller_configuration:/opt/erc_ws/install/tiago_pro_head_controller_configuration:/opt/erc_ws/install/pal_pro_gripper_description:/opt/erc_ws/install/pal_pro_gripper_controller_configuration:/opt/erc_ws/install/omni_base_description:/opt/erc_ws/install/pal_urdf_utils:/opt/erc_ws/install/tiago_pro_robot:/opt/erc_ws/install/tiago_pro_head_robot:/opt/erc_ws/install/tiago_pro_bringup:/opt/erc_ws/install/tiago_pro_head_bringup:/opt/erc_ws/install/erc_bringup:/opt/erc_ws/install/tiago_pro_controller_configuration:/opt/erc_ws/install/pal_sea_arm:/opt/erc_ws/install/pal_sea_arm_bringup:/opt/erc_ws/install/pal_pro_gripper_simulation:/opt/erc_ws/install/pal_pro_gripper_bringup:/opt/erc_ws/install/pal_pro_gripper:/opt/erc_ws/install/pal_gripper_simulation:/opt/erc_ws/install/pal_gripper:/opt/erc_ws/install/pal_gripper_description:/opt/erc_ws/install/omni_base_robot:/opt/erc_ws/install/omni_base_bringup:/opt/erc_ws/install/pal_gripper_controller_configuration:/opt/erc_ws/install/omni_base_controller_configuration:/opt/erc_ws/install/gz_ros2_control:/opt/erc_ws/install/erc_description:/opt/erc_ws/install/sensors:/opt/erc_ws/install/pal_pro_gripper_wrapper:/opt/erc_ws/install/launch_pal:/opt/erc_ws/install/erc_solution:/opt/ros/humble PYTHONPATH=/opt/erc_ws/build/pal_pro_gripper_wrapper:/opt/erc_ws/install/pal_pro_gripper_wrapper/lib/python3.10/site-packages:/opt/erc_ws/build/launch_pal:/opt/erc_ws/install/launch_pal/lib/python3.10/site-packages:/opt/erc_ws/install/tiago_pro_description/local/lib/python3.10/dist-packages:/opt/erc_ws/install/tiago_pro_head_description/local/lib/python3.10/dist-packages:/opt/erc_ws/install/sensors/lib/python3.10/site-packages:/opt/erc_ws/install/pal_sea_arm_description/local/lib/python3.10/dist-packages:/opt/erc_ws/install/pal_pro_gripper_description/local/lib/python3.10/dist-packages:/opt/erc_ws/install/omni_base_description/local/lib/python3.10/dist-packages:/opt/erc_ws/build/erc_solution:/opt/erc_ws/install/erc_solution/lib/python3.10/site-packages:/opt/ros/humble/lib/python3.10/site-packages:/opt/ros/humble/local/lib/python3.10/dist-packages /usr/bin/cmake --build /opt/erc_ws/build/erc_bringup -- -j16 -l16
[9.536s] DEBUG:colcon.colcon_core.event_handler.log_command:Invoking command in '/opt/erc_ws/build/erc_bringup': AMENT_PREFIX_PATH=/opt/erc_ws/install/pal_pro_gripper_wrapper:/opt/erc_ws/install/launch_pal:/opt/erc_ws/install/tiago_pro_robot:/opt/erc_ws/install/tiago_pro_head_robot:/opt/erc_ws/install/tiago_pro_bringup:/opt/erc_ws/install/tiago_pro_head_bringup:/opt/erc_ws/install/erc_bringup:/opt/erc_ws/install/tiago_pro_description:/opt/erc_ws/install/tiago_pro_head_description:/opt/erc_ws/install/tiago_pro_controller_configuration:/opt/erc_ws/install/tiago_pro_head_controller_configuration:/opt/erc_ws/install/sensors:/opt/erc_ws/install/pal_sea_arm:/opt/erc_ws/install/pal_sea_arm_bringup:/opt/erc_ws/install/pal_sea_arm_description:/opt/erc_ws/install/pal_pro_gripper_simulation:/opt/erc_ws/install/pal_pro_gripper_bringup:/opt/erc_ws/install/pal_pro_gripper:/opt/erc_ws/install/pal_pro_gripper_description:/opt/erc_ws/install/pal_gripper_simulation:/opt/erc_ws/install/pal_gripper:/opt/erc_ws/install/pal_gripper_description:/opt/erc_ws/install/omni_base_robot:/opt/erc_ws/install/omni_base_bringup:/opt/erc_ws/install/omni_base_description:/opt/erc_ws/install/pal_urdf_utils:/opt/erc_ws/install/pal_sea_arm_controller_configuration:/opt/erc_ws/install/pal_pro_gripper_controller_configuration:/opt/erc_ws/install/pal_gripper_controller_configuration:/opt/erc_ws/install/omni_base_controller_configuration:/opt/erc_ws/install/gz_ros2_control:/opt/erc_ws/install/erc_description:/opt/erc_ws/install/erc_solution:/opt/ros/humble CMAKE_PREFIX_PATH=/opt/erc_ws/install/tiago_pro_description:/opt/erc_ws/install/pal_sea_arm_description:/opt/erc_ws/install/tiago_pro_head_description:/opt/erc_ws/install/pal_sea_arm_controller_configuration:/opt/erc_ws/install/tiago_pro_head_controller_configuration:/opt/erc_ws/install/pal_pro_gripper_description:/opt/erc_ws/install/pal_pro_gripper_controller_configuration:/opt/erc_ws/install/omni_base_description:/opt/erc_ws/install/pal_urdf_utils:/opt/erc_ws/install/tiago_pro_robot:/opt/erc_ws/install/tiago_pro_head_robot:/opt/erc_ws/install/tiago_pro_bringup:/opt/erc_ws/install/tiago_pro_head_bringup:/opt/erc_ws/install/erc_bringup:/opt/erc_ws/install/tiago_pro_controller_configuration:/opt/erc_ws/install/pal_sea_arm:/opt/erc_ws/install/pal_sea_arm_bringup:/opt/erc_ws/install/pal_pro_gripper_simulation:/opt/erc_ws/install/pal_pro_gripper_bringup:/opt/erc_ws/install/pal_pro_gripper:/opt/erc_ws/install/pal_gripper_simulation:/opt/erc_ws/install/pal_gripper:/opt/erc_ws/install/pal_gripper_description:/opt/erc_ws/install/omni_base_robot:/opt/erc_ws/install/omni_base_bringup:/opt/erc_ws/install/pal_gripper_controller_configuration:/opt/erc_ws/install/omni_base_controller_configuration:/opt/erc_ws/install/gz_ros2_control:/opt/erc_ws/install/erc_description:/opt/erc_ws/install/sensors:/opt/erc_ws/install/pal_pro_gripper_wrapper:/opt/erc_ws/install/launch_pal:/opt/erc_ws/install/erc_solution:/opt/ros/humble PYTHONPATH=/opt/erc_ws/build/pal_pro_gripper_wrapper:/opt/erc_ws/install/pal_pro_gripper_wrapper/lib/python3.10/site-packages:/opt/erc_ws/build/launch_pal:/opt/erc_ws/install/launch_pal/lib/python3.10/site-packages:/opt/erc_ws/install/tiago_pro_description/local/lib/python3.10/dist-packages:/opt/erc_ws/install/tiago_pro_head_description/local/lib/python3.10/dist-packages:/opt/erc_ws/install/sensors/lib/python3.10/site-packages:/opt/erc_ws/install/pal_sea_arm_description/local/lib/python3.10/dist-packages:/opt/erc_ws/install/pal_pro_gripper_description/local/lib/python3.10/dist-packages:/opt/erc_ws/install/omni_base_description/local/lib/python3.10/dist-packages:/opt/erc_ws/build/erc_solution:/opt/erc_ws/install/erc_solution/lib/python3.10/site-packages:/opt/ros/humble/lib/python3.10/site-packages:/opt/ros/humble/local/lib/python3.10/dist-packages /usr/bin/cmake --install /opt/erc_ws/build/erc_bringup
[9.539s] DEBUG:colcon.colcon_core.event_handler.log_command:Invoked command in '/opt/erc_ws/build/tiago_pro_robot' returned '0': AMENT_PREFIX_PATH=/opt/erc_ws/install/pal_pro_gripper_wrapper:/opt/erc_ws/install/launch_pal:/opt/erc_ws/install/tiago_pro_robot:/opt/erc_ws/install/tiago_pro_head_robot:/opt/erc_ws/install/tiago_pro_bringup:/opt/erc_ws/install/tiago_pro_head_bringup:/opt/erc_ws/install/erc_bringup:/opt/erc_ws/install/tiago_pro_description:/opt/erc_ws/install/tiago_pro_head_description:/opt/erc_ws/install/tiago_pro_controller_configuration:/opt/erc_ws/install/tiago_pro_head_controller_configuration:/opt/erc_ws/install/sensors:/opt/erc_ws/install/pal_sea_arm:/opt/erc_ws/install/pal_sea_arm_bringup:/opt/erc_ws/install/pal_sea_arm_description:/opt/erc_ws/install/pal_pro_gripper_simulation:/opt/erc_ws/install/pal_pro_gripper_bringup:/opt/erc_ws/install/pal_pro_gripper:/opt/erc_ws/install/pal_pro_gripper_description:/opt/erc_ws/install/pal_gripper_simulation:/opt/erc_ws/install/pal_gripper:/opt/erc_ws/install/pal_gripper_description:/opt/erc_ws/install/omni_base_robot:/opt/erc_ws/install/omni_base_bringup:/opt/erc_ws/install/omni_base_description:/opt/erc_ws/install/pal_urdf_utils:/opt/erc_ws/install/pal_sea_arm_controller_configuration:/opt/erc_ws/install/pal_pro_gripper_controller_configuration:/opt/erc_ws/install/pal_gripper_controller_configuration:/opt/erc_ws/install/omni_base_controller_configuration:/opt/erc_ws/install/gz_ros2_control:/opt/erc_ws/install/erc_description:/opt/erc_ws/install/erc_solution:/opt/ros/humble CMAKE_PREFIX_PATH=/opt/erc_ws/install/tiago_pro_description:/opt/erc_ws/install/tiago_pro_bringup:/opt/erc_ws/install/tiago_pro_head_bringup:/opt/erc_ws/install/tiago_pro_controller_configuration:/opt/erc_ws/install/pal_sea_arm_description:/opt/erc_ws/install/tiago_pro_head_description:/opt/erc_ws/install/pal_sea_arm_controller_configuration:/opt/erc_ws/install/tiago_pro_head_controller_configuration:/opt/erc_ws/install/pal_pro_gripper_description:/opt/erc_ws/install/pal_pro_gripper_controller_configuration:/opt/erc_ws/install/omni_base_description:/opt/erc_ws/install/pal_urdf_utils:/opt/erc_ws/install/omni_base_controller_configuration:/opt/erc_ws/install/tiago_pro_robot:/opt/erc_ws/install/tiago_pro_head_robot:/opt/erc_ws/install/erc_bringup:/opt/erc_ws/install/pal_sea_arm:/opt/erc_ws/install/pal_sea_arm_bringup:/opt/erc_ws/install/pal_pro_gripper_simulation:/opt/erc_ws/install/pal_pro_gripper_bringup:/opt/erc_ws/install/pal_pro_gripper:/opt/erc_ws/install/pal_gripper_simulation:/opt/erc_ws/install/pal_gripper:/opt/erc_ws/install/pal_gripper_description:/opt/erc_ws/install/omni_base_robot:/opt/erc_ws/install/omni_base_bringup:/opt/erc_ws/install/pal_gripper_controller_configuration:/opt/erc_ws/install/gz_ros2_control:/opt/erc_ws/install/erc_description:/opt/erc_ws/install/sensors:/opt/erc_ws/install/pal_pro_gripper_wrapper:/opt/erc_ws/install/launch_pal:/opt/erc_ws/install/erc_solution:/opt/ros/humble PYTHONPATH=/opt/erc_ws/build/pal_pro_gripper_wrapper:/opt/erc_ws/install/pal_pro_gripper_wrapper/lib/python3.10/site-packages:/opt/erc_ws/build/launch_pal:/opt/erc_ws/install/launch_pal/lib/python3.10/site-packages:/opt/erc_ws/install/tiago_pro_description/local/lib/python3.10/dist-packages:/opt/erc_ws/install/tiago_pro_head_description/local/lib/python3.10/dist-packages:/opt/erc_ws/install/sensors/lib/python3.10/site-packages:/opt/erc_ws/install/pal_sea_arm_description/local/lib/python3.10/dist-packages:/opt/erc_ws/install/pal_pro_gripper_description/local/lib/python3.10/dist-packages:/opt/erc_ws/install/omni_base_description/local/lib/python3.10/dist-packages:/opt/erc_ws/build/erc_solution:/opt/erc_ws/install/erc_solution/lib/python3.10/site-packages:/opt/ros/humble/lib/python3.10/site-packages:/opt/ros/humble/local/lib/python3.10/dist-packages /usr/bin/cmake --build /opt/erc_ws/build/tiago_pro_robot -- -j16 -l16
[9.542s] DEBUG:colcon.colcon_core.event_handler.log_command:Invoking command in '/opt/erc_ws/build/tiago_pro_robot': AMENT_PREFIX_PATH=/opt/erc_ws/install/pal_pro_gripper_wrapper:/opt/erc_ws/install/launch_pal:/opt/erc_ws/install/tiago_pro_robot:/opt/erc_ws/install/tiago_pro_head_robot:/opt/erc_ws/install/tiago_pro_bringup:/opt/erc_ws/install/tiago_pro_head_bringup:/opt/erc_ws/install/erc_bringup:/opt/erc_ws/install/tiago_pro_description:/opt/erc_ws/install/tiago_pro_head_description:/opt/erc_ws/install/tiago_pro_controller_configuration:/opt/erc_ws/install/tiago_pro_head_controller_configuration:/opt/erc_ws/install/sensors:/opt/erc_ws/install/pal_sea_arm:/opt/erc_ws/install/pal_sea_arm_bringup:/opt/erc_ws/install/pal_sea_arm_description:/opt/erc_ws/install/pal_pro_gripper_simulation:/opt/erc_ws/install/pal_pro_gripper_bringup:/opt/erc_ws/install/pal_pro_gripper:/opt/erc_ws/install/pal_pro_gripper_description:/opt/erc_ws/install/pal_gripper_simulation:/opt/erc_ws/install/pal_gripper:/opt/erc_ws/install/pal_gripper_description:/opt/erc_ws/install/omni_base_robot:/opt/erc_ws/install/omni_base_bringup:/opt/erc_ws/install/omni_base_description:/opt/erc_ws/install/pal_urdf_utils:/opt/erc_ws/install/pal_sea_arm_controller_configuration:/opt/erc_ws/install/pal_pro_gripper_controller_configuration:/opt/erc_ws/install/pal_gripper_controller_configuration:/opt/erc_ws/install/omni_base_controller_configuration:/opt/erc_ws/install/gz_ros2_control:/opt/erc_ws/install/erc_description:/opt/erc_ws/install/erc_solution:/opt/ros/humble CMAKE_PREFIX_PATH=/opt/erc_ws/install/tiago_pro_description:/opt/erc_ws/install/tiago_pro_bringup:/opt/erc_ws/install/tiago_pro_head_bringup:/opt/erc_ws/install/tiago_pro_controller_configuration:/opt/erc_ws/install/pal_sea_arm_description:/opt/erc_ws/install/tiago_pro_head_description:/opt/erc_ws/install/pal_sea_arm_controller_configuration:/opt/erc_ws/install/tiago_pro_head_controller_configuration:/opt/erc_ws/install/pal_pro_gripper_description:/opt/erc_ws/install/pal_pro_gripper_controller_configuration:/opt/erc_ws/install/omni_base_description:/opt/erc_ws/install/pal_urdf_utils:/opt/erc_ws/install/omni_base_controller_configuration:/opt/erc_ws/install/tiago_pro_robot:/opt/erc_ws/install/tiago_pro_head_robot:/opt/erc_ws/install/erc_bringup:/opt/erc_ws/install/pal_sea_arm:/opt/erc_ws/install/pal_sea_arm_bringup:/opt/erc_ws/install/pal_pro_gripper_simulation:/opt/erc_ws/install/pal_pro_gripper_bringup:/opt/erc_ws/install/pal_pro_gripper:/opt/erc_ws/install/pal_gripper_simulation:/opt/erc_ws/install/pal_gripper:/opt/erc_ws/install/pal_gripper_description:/opt/erc_ws/install/omni_base_robot:/opt/erc_ws/install/omni_base_bringup:/opt/erc_ws/install/pal_gripper_controller_configuration:/opt/erc_ws/install/gz_ros2_control:/opt/erc_ws/install/erc_description:/opt/erc_ws/install/sensors:/opt/erc_ws/install/pal_pro_gripper_wrapper:/opt/erc_ws/install/launch_pal:/opt/erc_ws/install/erc_solution:/opt/ros/humble PYTHONPATH=/opt/erc_ws/build/pal_pro_gripper_wrapper:/opt/erc_ws/install/pal_pro_gripper_wrapper/lib/python3.10/site-packages:/opt/erc_ws/build/launch_pal:/opt/erc_ws/install/launch_pal/lib/python3.10/site-packages:/opt/erc_ws/install/tiago_pro_description/local/lib/python3.10/dist-packages:/opt/erc_ws/install/tiago_pro_head_description/local/lib/python3.10/dist-packages:/opt/erc_ws/install/sensors/lib/python3.10/site-packages:/opt/erc_ws/install/pal_sea_arm_description/local/lib/python3.10/dist-packages:/opt/erc_ws/install/pal_pro_gripper_description/local/lib/python3.10/dist-packages:/opt/erc_ws/install/omni_base_description/local/lib/python3.10/dist-packages:/opt/erc_ws/build/erc_solution:/opt/erc_ws/install/erc_solution/lib/python3.10/site-packages:/opt/ros/humble/lib/python3.10/site-packages:/opt/ros/humble/local/lib/python3.10/dist-packages /usr/bin/cmake --install /opt/erc_ws/build/tiago_pro_robot
[9.661s] Level 1:colcon.colcon_core.environment:create_environment_scripts_only(tiago_pro_robot)
[9.661s] Level 1:colcon.colcon_core.environment:checking '/opt/erc_ws/install/tiago_pro_robot' for CMake module files
[9.662s] DEBUG:colcon.colcon_core.event_handler.log_command:Invoked command in '/opt/erc_ws/build/tiago_pro_robot' returned '0': AMENT_PREFIX_PATH=/opt/erc_ws/install/pal_pro_gripper_wrapper:/opt/erc_ws/install/launch_pal:/opt/erc_ws/install/tiago_pro_robot:/opt/erc_ws/install/tiago_pro_head_robot:/opt/erc_ws/install/tiago_pro_bringup:/opt/erc_ws/install/tiago_pro_head_bringup:/opt/erc_ws/install/erc_bringup:/opt/erc_ws/install/tiago_pro_description:/opt/erc_ws/install/tiago_pro_head_description:/opt/erc_ws/install/tiago_pro_controller_configuration:/opt/erc_ws/install/tiago_pro_head_controller_configuration:/opt/erc_ws/install/sensors:/opt/erc_ws/install/pal_sea_arm:/opt/erc_ws/install/pal_sea_arm_bringup:/opt/erc_ws/install/pal_sea_arm_description:/opt/erc_ws/install/pal_pro_gripper_simulation:/opt/erc_ws/install/pal_pro_gripper_bringup:/opt/erc_ws/install/pal_pro_gripper:/opt/erc_ws/install/pal_pro_gripper_description:/opt/erc_ws/install/pal_gripper_simulation:/opt/erc_ws/install/pal_gripper:/opt/erc_ws/install/pal_gripper_description:/opt/erc_ws/install/omni_base_robot:/opt/erc_ws/install/omni_base_bringup:/opt/erc_ws/install/omni_base_description:/opt/erc_ws/install/pal_urdf_utils:/opt/erc_ws/install/pal_sea_arm_controller_configuration:/opt/erc_ws/install/pal_pro_gripper_controller_configuration:/opt/erc_ws/install/pal_gripper_controller_configuration:/opt/erc_ws/install/omni_base_controller_configuration:/opt/erc_ws/install/gz_ros2_control:/opt/erc_ws/install/erc_description:/opt/erc_ws/install/erc_solution:/opt/ros/humble CMAKE_PREFIX_PATH=/opt/erc_ws/install/tiago_pro_description:/opt/erc_ws/install/tiago_pro_bringup:/opt/erc_ws/install/tiago_pro_head_bringup:/opt/erc_ws/install/tiago_pro_controller_configuration:/opt/erc_ws/install/pal_sea_arm_description:/opt/erc_ws/install/tiago_pro_head_description:/opt/erc_ws/install/pal_sea_arm_controller_configuration:/opt/erc_ws/install/tiago_pro_head_controller_configuration:/opt/erc_ws/install/pal_pro_gripper_description:/opt/erc_ws/install/pal_pro_gripper_controller_configuration:/opt/erc_ws/install/omni_base_description:/opt/erc_ws/install/pal_urdf_utils:/opt/erc_ws/install/omni_base_controller_configuration:/opt/erc_ws/install/tiago_pro_robot:/opt/erc_ws/install/tiago_pro_head_robot:/opt/erc_ws/install/erc_bringup:/opt/erc_ws/install/pal_sea_arm:/opt/erc_ws/install/pal_sea_arm_bringup:/opt/erc_ws/install/pal_pro_gripper_simulation:/opt/erc_ws/install/pal_pro_gripper_bringup:/opt/erc_ws/install/pal_pro_gripper:/opt/erc_ws/install/pal_gripper_simulation:/opt/erc_ws/install/pal_gripper:/opt/erc_ws/install/pal_gripper_description:/opt/erc_ws/install/omni_base_robot:/opt/erc_ws/install/omni_base_bringup:/opt/erc_ws/install/pal_gripper_controller_configuration:/opt/erc_ws/install/gz_ros2_control:/opt/erc_ws/install/erc_description:/opt/erc_ws/install/sensors:/opt/erc_ws/install/pal_pro_gripper_wrapper:/opt/erc_ws/install/launch_pal:/opt/erc_ws/install/erc_solution:/opt/ros/humble PYTHONPATH=/opt/erc_ws/build/pal_pro_gripper_wrapper:/opt/erc_ws/install/pal_pro_gripper_wrapper/lib/python3.10/site-packages:/opt/erc_ws/build/launch_pal:/opt/erc_ws/install/launch_pal/lib/python3.10/site-packages:/opt/erc_ws/install/tiago_pro_description/local/lib/python3.10/dist-packages:/opt/erc_ws/install/tiago_pro_head_description/local/lib/python3.10/dist-packages:/opt/erc_ws/install/sensors/lib/python3.10/site-packages:/opt/erc_ws/install/pal_sea_arm_description/local/lib/python3.10/dist-packages:/opt/erc_ws/install/pal_pro_gripper_description/local/lib/python3.10/dist-packages:/opt/erc_ws/install/omni_base_description/local/lib/python3.10/dist-packages:/opt/erc_ws/build/erc_solution:/opt/erc_ws/install/erc_solution/lib/python3.10/site-packages:/opt/ros/humble/lib/python3.10/site-packages:/opt/ros/humble/local/lib/python3.10/dist-packages /usr/bin/cmake --install /opt/erc_ws/build/tiago_pro_robot
[9.662s] Level 1:colcon.colcon_core.environment:checking '/opt/erc_ws/install/tiago_pro_robot' for CMake config files
[9.663s] Level 1:colcon.colcon_core.shell:create_environment_hook('tiago_pro_robot', 'cmake_prefix_path')
[9.663s] INFO:colcon.colcon_core.shell:Creating environment hook '/opt/erc_ws/install/tiago_pro_robot/share/tiago_pro_robot/hook/cmake_prefix_path.ps1'
[9.665s] INFO:colcon.colcon_core.shell:Creating environment descriptor '/opt/erc_ws/install/tiago_pro_robot/share/tiago_pro_robot/hook/cmake_prefix_path.dsv'
[9.665s] INFO:colcon.colcon_core.shell:Creating environment hook '/opt/erc_ws/install/tiago_pro_robot/share/tiago_pro_robot/hook/cmake_prefix_path.sh'
[9.666s] Level 1:colcon.colcon_core.environment:checking '/opt/erc_ws/install/tiago_pro_robot/bin'
[9.666s] Level 1:colcon.colcon_core.environment:checking '/opt/erc_ws/install/tiago_pro_robot/lib/pkgconfig/tiago_pro_robot.pc'
[9.666s] Level 1:colcon.colcon_core.environment:checking '/opt/erc_ws/install/tiago_pro_robot/lib/python3.10/site-packages'
[9.666s] Level 1:colcon.colcon_core.environment:checking '/opt/erc_ws/install/tiago_pro_robot/bin'
[9.666s] INFO:colcon.colcon_core.shell:Creating package script '/opt/erc_ws/install/tiago_pro_robot/share/tiago_pro_robot/package.ps1'
[9.667s] INFO:colcon.colcon_core.shell:Creating package descriptor '/opt/erc_ws/install/tiago_pro_robot/share/tiago_pro_robot/package.dsv'
[9.667s] INFO:colcon.colcon_core.shell:Creating package script '/opt/erc_ws/install/tiago_pro_robot/share/tiago_pro_robot/package.sh'
[9.668s] INFO:colcon.colcon_core.shell:Creating package script '/opt/erc_ws/install/tiago_pro_robot/share/tiago_pro_robot/package.bash'
[9.668s] INFO:colcon.colcon_core.shell:Creating package script '/opt/erc_ws/install/tiago_pro_robot/share/tiago_pro_robot/package.zsh'
[9.668s] Level 1:colcon.colcon_core.environment:create_file_with_runtime_dependencies(/opt/erc_ws/install/tiago_pro_robot/share/colcon-core/packages/tiago_pro_robot)
[9.669s] Level 1:colcon.colcon_core.environment:create_environment_scripts_only(tiago_pro_robot)
[9.669s] Level 1:colcon.colcon_core.environment:checking '/opt/erc_ws/install/tiago_pro_robot' for CMake module files
[9.670s] Level 1:colcon.colcon_core.environment:checking '/opt/erc_ws/install/tiago_pro_robot' for CMake config files
[9.670s] Level 1:colcon.colcon_core.shell:create_environment_hook('tiago_pro_robot', 'cmake_prefix_path')
[9.670s] INFO:colcon.colcon_core.shell:Creating environment hook '/opt/erc_ws/install/tiago_pro_robot/share/tiago_pro_robot/hook/cmake_prefix_path.ps1'
[9.672s] INFO:colcon.colcon_core.shell:Creating environment descriptor '/opt/erc_ws/install/tiago_pro_robot/share/tiago_pro_robot/hook/cmake_prefix_path.dsv'
[9.672s] INFO:colcon.colcon_core.shell:Creating environment hook '/opt/erc_ws/install/tiago_pro_robot/share/tiago_pro_robot/hook/cmake_prefix_path.sh'
[9.673s] Level 1:colcon.colcon_core.environment:checking '/opt/erc_ws/install/tiago_pro_robot/bin'
[9.673s] Level 1:colcon.colcon_core.environment:checking '/opt/erc_ws/install/tiago_pro_robot/lib/pkgconfig/tiago_pro_robot.pc'
[9.673s] Level 1:colcon.colcon_core.environment:checking '/opt/erc_ws/install/tiago_pro_robot/lib/python3.10/site-packages'
[9.673s] Level 1:colcon.colcon_core.environment:checking '/opt/erc_ws/install/tiago_pro_robot/bin'
[9.673s] INFO:colcon.colcon_core.shell:Creating package script '/opt/erc_ws/install/tiago_pro_robot/share/tiago_pro_robot/package.ps1'
[9.674s] INFO:colcon.colcon_core.shell:Creating package descriptor '/opt/erc_ws/install/tiago_pro_robot/share/tiago_pro_robot/package.dsv'
[9.674s] INFO:colcon.colcon_core.shell:Creating package script '/opt/erc_ws/install/tiago_pro_robot/share/tiago_pro_robot/package.sh'
[9.675s] INFO:colcon.colcon_core.shell:Creating package script '/opt/erc_ws/install/tiago_pro_robot/share/tiago_pro_robot/package.bash'
[9.675s] INFO:colcon.colcon_core.shell:Creating package script '/opt/erc_ws/install/tiago_pro_robot/share/tiago_pro_robot/package.zsh'
[9.675s] Level 1:colcon.colcon_core.environment:create_file_with_runtime_dependencies(/opt/erc_ws/install/tiago_pro_robot/share/colcon-core/packages/tiago_pro_robot)
[9.707s] Level 1:colcon.colcon_core.environment:create_environment_scripts_only(erc_bringup)
[9.708s] Level 1:colcon.colcon_core.environment:checking '/opt/erc_ws/install/erc_bringup' for CMake module files
[9.708s] DEBUG:colcon.colcon_core.event_handler.log_command:Invoked command in '/opt/erc_ws/build/erc_bringup' returned '0': AMENT_PREFIX_PATH=/opt/erc_ws/install/pal_pro_gripper_wrapper:/opt/erc_ws/install/launch_pal:/opt/erc_ws/install/tiago_pro_robot:/opt/erc_ws/install/tiago_pro_head_robot:/opt/erc_ws/install/tiago_pro_bringup:/opt/erc_ws/install/tiago_pro_head_bringup:/opt/erc_ws/install/erc_bringup:/opt/erc_ws/install/tiago_pro_description:/opt/erc_ws/install/tiago_pro_head_description:/opt/erc_ws/install/tiago_pro_controller_configuration:/opt/erc_ws/install/tiago_pro_head_controller_configuration:/opt/erc_ws/install/sensors:/opt/erc_ws/install/pal_sea_arm:/opt/erc_ws/install/pal_sea_arm_bringup:/opt/erc_ws/install/pal_sea_arm_description:/opt/erc_ws/install/pal_pro_gripper_simulation:/opt/erc_ws/install/pal_pro_gripper_bringup:/opt/erc_ws/install/pal_pro_gripper:/opt/erc_ws/install/pal_pro_gripper_description:/opt/erc_ws/install/pal_gripper_simulation:/opt/erc_ws/install/pal_gripper:/opt/erc_ws/install/pal_gripper_description:/opt/erc_ws/install/omni_base_robot:/opt/erc_ws/install/omni_base_bringup:/opt/erc_ws/install/omni_base_description:/opt/erc_ws/install/pal_urdf_utils:/opt/erc_ws/install/pal_sea_arm_controller_configuration:/opt/erc_ws/install/pal_pro_gripper_controller_configuration:/opt/erc_ws/install/pal_gripper_controller_configuration:/opt/erc_ws/install/omni_base_controller_configuration:/opt/erc_ws/install/gz_ros2_control:/opt/erc_ws/install/erc_description:/opt/erc_ws/install/erc_solution:/opt/ros/humble CMAKE_PREFIX_PATH=/opt/erc_ws/install/tiago_pro_description:/opt/erc_ws/install/pal_sea_arm_description:/opt/erc_ws/install/tiago_pro_head_description:/opt/erc_ws/install/pal_sea_arm_controller_configuration:/opt/erc_ws/install/tiago_pro_head_controller_configuration:/opt/erc_ws/install/pal_pro_gripper_description:/opt/erc_ws/install/pal_pro_gripper_controller_configuration:/opt/erc_ws/install/omni_base_description:/opt/erc_ws/install/pal_urdf_utils:/opt/erc_ws/install/tiago_pro_robot:/opt/erc_ws/install/tiago_pro_head_robot:/opt/erc_ws/install/tiago_pro_bringup:/opt/erc_ws/install/tiago_pro_head_bringup:/opt/erc_ws/install/erc_bringup:/opt/erc_ws/install/tiago_pro_controller_configuration:/opt/erc_ws/install/pal_sea_arm:/opt/erc_ws/install/pal_sea_arm_bringup:/opt/erc_ws/install/pal_pro_gripper_simulation:/opt/erc_ws/install/pal_pro_gripper_bringup:/opt/erc_ws/install/pal_pro_gripper:/opt/erc_ws/install/pal_gripper_simulation:/opt/erc_ws/install/pal_gripper:/opt/erc_ws/install/pal_gripper_description:/opt/erc_ws/install/omni_base_robot:/opt/erc_ws/install/omni_base_bringup:/opt/erc_ws/install/pal_gripper_controller_configuration:/opt/erc_ws/install/omni_base_controller_configuration:/opt/erc_ws/install/gz_ros2_control:/opt/erc_ws/install/erc_description:/opt/erc_ws/install/sensors:/opt/erc_ws/install/pal_pro_gripper_wrapper:/opt/erc_ws/install/launch_pal:/opt/erc_ws/install/erc_solution:/opt/ros/humble PYTHONPATH=/opt/erc_ws/build/pal_pro_gripper_wrapper:/opt/erc_ws/install/pal_pro_gripper_wrapper/lib/python3.10/site-packages:/opt/erc_ws/build/launch_pal:/opt/erc_ws/install/launch_pal/lib/python3.10/site-packages:/opt/erc_ws/install/tiago_pro_description/local/lib/python3.10/dist-packages:/opt/erc_ws/install/tiago_pro_head_description/local/lib/python3.10/dist-packages:/opt/erc_ws/install/sensors/lib/python3.10/site-packages:/opt/erc_ws/install/pal_sea_arm_description/local/lib/python3.10/dist-packages:/opt/erc_ws/install/pal_pro_gripper_description/local/lib/python3.10/dist-packages:/opt/erc_ws/install/omni_base_description/local/lib/python3.10/dist-packages:/opt/erc_ws/build/erc_solution:/opt/erc_ws/install/erc_solution/lib/python3.10/site-packages:/opt/ros/humble/lib/python3.10/site-packages:/opt/ros/humble/local/lib/python3.10/dist-packages /usr/bin/cmake --install /opt/erc_ws/build/erc_bringup
[9.708s] Level 1:colcon.colcon_core.environment:checking '/opt/erc_ws/install/erc_bringup' for CMake config files
[9.709s] Level 1:colcon.colcon_core.shell:create_environment_hook('erc_bringup', 'cmake_prefix_path')
[9.709s] INFO:colcon.colcon_core.shell:Creating environment hook '/opt/erc_ws/install/erc_bringup/share/erc_bringup/hook/cmake_prefix_path.ps1'
[9.709s] INFO:colcon.colcon_core.shell:Creating environment descriptor '/opt/erc_ws/install/erc_bringup/share/erc_bringup/hook/cmake_prefix_path.dsv'
[9.710s] INFO:colcon.colcon_core.shell:Creating environment hook '/opt/erc_ws/install/erc_bringup/share/erc_bringup/hook/cmake_prefix_path.sh'
[9.710s] Level 1:colcon.colcon_core.environment:checking '/opt/erc_ws/install/erc_bringup/lib'
[9.710s] Level 1:colcon.colcon_core.environment:checking '/opt/erc_ws/install/erc_bringup/bin'
[9.710s] Level 1:colcon.colcon_core.environment:checking '/opt/erc_ws/install/erc_bringup/lib/pkgconfig/erc_bringup.pc'
[9.710s] Level 1:colcon.colcon_core.environment:checking '/opt/erc_ws/install/erc_bringup/lib/python3.10/site-packages'
[9.711s] Level 1:colcon.colcon_core.environment:checking '/opt/erc_ws/install/erc_bringup/bin'
[9.711s] INFO:colcon.colcon_core.shell:Creating package script '/opt/erc_ws/install/erc_bringup/share/erc_bringup/package.ps1'
[9.712s] INFO:colcon.colcon_core.shell:Creating package descriptor '/opt/erc_ws/install/erc_bringup/share/erc_bringup/package.dsv'
[9.712s] INFO:colcon.colcon_core.shell:Creating package script '/opt/erc_ws/install/erc_bringup/share/erc_bringup/package.sh'
[9.713s] INFO:colcon.colcon_core.shell:Creating package script '/opt/erc_ws/install/erc_bringup/share/erc_bringup/package.bash'
[9.713s] INFO:colcon.colcon_core.shell:Creating package script '/opt/erc_ws/install/erc_bringup/share/erc_bringup/package.zsh'
[9.714s] Level 1:colcon.colcon_core.environment:create_file_with_runtime_dependencies(/opt/erc_ws/install/erc_bringup/share/colcon-core/packages/erc_bringup)
[9.715s] Level 1:colcon.colcon_core.environment:create_environment_scripts_only(erc_bringup)
[9.715s] Level 1:colcon.colcon_core.environment:checking '/opt/erc_ws/install/erc_bringup' for CMake module files
[9.715s] Level 1:colcon.colcon_core.environment:checking '/opt/erc_ws/install/erc_bringup' for CMake config files
[9.715s] Level 1:colcon.colcon_core.shell:create_environment_hook('erc_bringup', 'cmake_prefix_path')
[9.715s] INFO:colcon.colcon_core.shell:Creating environment hook '/opt/erc_ws/install/erc_bringup/share/erc_bringup/hook/cmake_prefix_path.ps1'
[9.716s] INFO:colcon.colcon_core.shell:Creating environment descriptor '/opt/erc_ws/install/erc_bringup/share/erc_bringup/hook/cmake_prefix_path.dsv'
[9.716s] INFO:colcon.colcon_core.shell:Creating environment hook '/opt/erc_ws/install/erc_bringup/share/erc_bringup/hook/cmake_prefix_path.sh'
[9.716s] Level 1:colcon.colcon_core.environment:checking '/opt/erc_ws/install/erc_bringup/lib'
[9.717s] Level 1:colcon.colcon_core.environment:checking '/opt/erc_ws/install/erc_bringup/bin'
[9.717s] Level 1:colcon.colcon_core.environment:checking '/opt/erc_ws/install/erc_bringup/lib/pkgconfig/erc_bringup.pc'
[9.717s] Level 1:colcon.colcon_core.environment:checking '/opt/erc_ws/install/erc_bringup/lib/python3.10/site-packages'
[9.717s] Level 1:colcon.colcon_core.environment:checking '/opt/erc_ws/install/erc_bringup/bin'
[9.717s] INFO:colcon.colcon_core.shell:Creating package script '/opt/erc_ws/install/erc_bringup/share/erc_bringup/package.ps1'
[9.717s] INFO:colcon.colcon_core.shell:Creating package descriptor '/opt/erc_ws/install/erc_bringup/share/erc_bringup/package.dsv'
[9.718s] INFO:colcon.colcon_core.shell:Creating package script '/opt/erc_ws/install/erc_bringup/share/erc_bringup/package.sh'
[9.718s] INFO:colcon.colcon_core.shell:Creating package script '/opt/erc_ws/install/erc_bringup/share/erc_bringup/package.bash'
[9.718s] INFO:colcon.colcon_core.shell:Creating package script '/opt/erc_ws/install/erc_bringup/share/erc_bringup/package.zsh'
[9.719s] Level 1:colcon.colcon_core.environment:create_file_with_runtime_dependencies(/opt/erc_ws/install/erc_bringup/share/colcon-core/packages/erc_bringup)
[14.007s] DEBUG:colcon.colcon_core.event_handler.log_command:Invoked command in '/opt/erc_ws/build/gz_ros2_control' returned '0': CMAKE_PREFIX_PATH=${CMAKE_PREFIX_PATH}:/opt/erc_ws/install/sensors:/opt/erc_ws/install/pal_pro_gripper_wrapper:/opt/erc_ws/install/launch_pal:/opt/erc_ws/install/erc_solution:/opt/ros/humble /usr/bin/cmake --build /opt/erc_ws/build/gz_ros2_control -- -j16 -l16
[14.009s] DEBUG:colcon.colcon_core.event_handler.log_command:Invoking command in '/opt/erc_ws/build/gz_ros2_control': CMAKE_PREFIX_PATH=${CMAKE_PREFIX_PATH}:/opt/erc_ws/install/sensors:/opt/erc_ws/install/pal_pro_gripper_wrapper:/opt/erc_ws/install/launch_pal:/opt/erc_ws/install/erc_solution:/opt/ros/humble /usr/bin/cmake --install /opt/erc_ws/build/gz_ros2_control
[14.191s] Level 1:colcon.colcon_core.environment:create_environment_scripts_only(gz_ros2_control)
[14.192s] Level 1:colcon.colcon_core.environment:checking '/opt/erc_ws/install/gz_ros2_control' for CMake module files
[14.192s] DEBUG:colcon.colcon_core.event_handler.log_command:Invoked command in '/opt/erc_ws/build/gz_ros2_control' returned '0': CMAKE_PREFIX_PATH=${CMAKE_PREFIX_PATH}:/opt/erc_ws/install/sensors:/opt/erc_ws/install/pal_pro_gripper_wrapper:/opt/erc_ws/install/launch_pal:/opt/erc_ws/install/erc_solution:/opt/ros/humble /usr/bin/cmake --install /opt/erc_ws/build/gz_ros2_control
[14.193s] Level 1:colcon.colcon_core.environment:checking '/opt/erc_ws/install/gz_ros2_control' for CMake config files
[14.193s] Level 1:colcon.colcon_core.shell:create_environment_hook('gz_ros2_control', 'cmake_prefix_path')
[14.193s] INFO:colcon.colcon_core.shell:Creating environment hook '/opt/erc_ws/install/gz_ros2_control/share/gz_ros2_control/hook/cmake_prefix_path.ps1'
[14.194s] INFO:colcon.colcon_core.shell:Creating environment descriptor '/opt/erc_ws/install/gz_ros2_control/share/gz_ros2_control/hook/cmake_prefix_path.dsv'
[14.195s] INFO:colcon.colcon_core.shell:Creating environment hook '/opt/erc_ws/install/gz_ros2_control/share/gz_ros2_control/hook/cmake_prefix_path.sh'
[14.196s] Level 1:colcon.colcon_core.environment:checking '/opt/erc_ws/install/gz_ros2_control/lib'
[14.196s] Level 1:colcon.colcon_core.shell:create_environment_hook('gz_ros2_control', 'ld_library_path_lib')
[14.196s] INFO:colcon.colcon_core.shell:Creating environment hook '/opt/erc_ws/install/gz_ros2_control/share/gz_ros2_control/hook/ld_library_path_lib.ps1'
[14.196s] INFO:colcon.colcon_core.shell:Creating environment descriptor '/opt/erc_ws/install/gz_ros2_control/share/gz_ros2_control/hook/ld_library_path_lib.dsv'
[14.196s] INFO:colcon.colcon_core.shell:Creating environment hook '/opt/erc_ws/install/gz_ros2_control/share/gz_ros2_control/hook/ld_library_path_lib.sh'
[14.197s] Level 1:colcon.colcon_core.environment:checking '/opt/erc_ws/install/gz_ros2_control/bin'
[14.197s] Level 1:colcon.colcon_core.environment:checking '/opt/erc_ws/install/gz_ros2_control/lib/pkgconfig/gz_ros2_control.pc'
[14.197s] Level 1:colcon.colcon_core.environment:checking '/opt/erc_ws/install/gz_ros2_control/lib/python3.10/site-packages'
[14.197s] Level 1:colcon.colcon_core.environment:checking '/opt/erc_ws/install/gz_ros2_control/bin'
[14.198s] INFO:colcon.colcon_core.shell:Creating package script '/opt/erc_ws/install/gz_ros2_control/share/gz_ros2_control/package.ps1'
[14.198s] INFO:colcon.colcon_core.shell:Creating package descriptor '/opt/erc_ws/install/gz_ros2_control/share/gz_ros2_control/package.dsv'
[14.198s] INFO:colcon.colcon_core.shell:Creating package script '/opt/erc_ws/install/gz_ros2_control/share/gz_ros2_control/package.sh'
[14.199s] INFO:colcon.colcon_core.shell:Creating package script '/opt/erc_ws/install/gz_ros2_control/share/gz_ros2_control/package.bash'
[14.199s] INFO:colcon.colcon_core.shell:Creating package script '/opt/erc_ws/install/gz_ros2_control/share/gz_ros2_control/package.zsh'
[14.199s] Level 1:colcon.colcon_core.environment:create_file_with_runtime_dependencies(/opt/erc_ws/install/gz_ros2_control/share/colcon-core/packages/gz_ros2_control)
[14.200s] Level 1:colcon.colcon_core.environment:create_environment_scripts_only(gz_ros2_control)
[14.200s] Level 1:colcon.colcon_core.environment:checking '/opt/erc_ws/install/gz_ros2_control' for CMake module files
[14.200s] Level 1:colcon.colcon_core.environment:checking '/opt/erc_ws/install/gz_ros2_control' for CMake config files
[14.201s] Level 1:colcon.colcon_core.shell:create_environment_hook('gz_ros2_control', 'cmake_prefix_path')
[14.201s] INFO:colcon.colcon_core.shell:Creating environment hook '/opt/erc_ws/install/gz_ros2_control/share/gz_ros2_control/hook/cmake_prefix_path.ps1'
[14.201s] INFO:colcon.colcon_core.shell:Creating environment descriptor '/opt/erc_ws/install/gz_ros2_control/share/gz_ros2_control/hook/cmake_prefix_path.dsv'
[14.201s] INFO:colcon.colcon_core.shell:Creating environment hook '/opt/erc_ws/install/gz_ros2_control/share/gz_ros2_control/hook/cmake_prefix_path.sh'
[14.202s] Level 1:colcon.colcon_core.environment:checking '/opt/erc_ws/install/gz_ros2_control/lib'
[14.202s] Level 1:colcon.colcon_core.shell:create_environment_hook('gz_ros2_control', 'ld_library_path_lib')
[14.202s] INFO:colcon.colcon_core.shell:Creating environment hook '/opt/erc_ws/install/gz_ros2_control/share/gz_ros2_control/hook/ld_library_path_lib.ps1'
[14.202s] INFO:colcon.colcon_core.shell:Creating environment descriptor '/opt/erc_ws/install/gz_ros2_control/share/gz_ros2_control/hook/ld_library_path_lib.dsv'
[14.202s] INFO:colcon.colcon_core.shell:Creating environment hook '/opt/erc_ws/install/gz_ros2_control/share/gz_ros2_control/hook/ld_library_path_lib.sh'
[14.203s] Level 1:colcon.colcon_core.environment:checking '/opt/erc_ws/install/gz_ros2_control/bin'
[14.203s] Level 1:colcon.colcon_core.environment:checking '/opt/erc_ws/install/gz_ros2_control/lib/pkgconfig/gz_ros2_control.pc'
[14.203s] Level 1:colcon.colcon_core.environment:checking '/opt/erc_ws/install/gz_ros2_control/lib/python3.10/site-packages'
[14.203s] Level 1:colcon.colcon_core.environment:checking '/opt/erc_ws/install/gz_ros2_control/bin'
[14.203s] INFO:colcon.colcon_core.shell:Creating package script '/opt/erc_ws/install/gz_ros2_control/share/gz_ros2_control/package.ps1'
[14.204s] INFO:colcon.colcon_core.shell:Creating package descriptor '/opt/erc_ws/install/gz_ros2_control/share/gz_ros2_control/package.dsv'
[14.204s] INFO:colcon.colcon_core.shell:Creating package script '/opt/erc_ws/install/gz_ros2_control/share/gz_ros2_control/package.sh'
[14.204s] INFO:colcon.colcon_core.shell:Creating package script '/opt/erc_ws/install/gz_ros2_control/share/gz_ros2_control/package.bash'
[14.205s] INFO:colcon.colcon_core.shell:Creating package script '/opt/erc_ws/install/gz_ros2_control/share/gz_ros2_control/package.zsh'
[14.205s] Level 1:colcon.colcon_core.environment:create_file_with_runtime_dependencies(/opt/erc_ws/install/gz_ros2_control/share/colcon-core/packages/gz_ros2_control)
[14.205s] DEBUG:colcon.colcon_parallel_executor.executor.parallel:closing loop
[14.206s] DEBUG:colcon.colcon_parallel_executor.executor.parallel:loop closed
[14.206s] DEBUG:colcon.colcon_parallel_executor.executor.parallel:run_until_complete finished with '0'
[14.206s] DEBUG:colcon.colcon_core.event_reactor:joining thread
[14.216s] INFO:colcon.colcon_core.plugin_system:Skipping extension 'colcon_notification.desktop_notification.notify_send': Could not find 'notify-send'
[14.216s] INFO:colcon.colcon_core.plugin_system:Skipping extension 'colcon_notification.desktop_notification.terminal_notifier': Not used on non-Darwin systems
[14.216s] INFO:colcon.colcon_core.plugin_system:Skipping extension 'colcon_notification.desktop_notification.win32': Not used on non-Windows systems
[14.216s] INFO:colcon.colcon_notification.desktop_notification:Sending desktop notification using 'notify2'
[14.218s] DEBUG:colcon.colcon_notification.desktop_notification.notify2:Failed to initialize notify2: org.freedesktop.DBus.Error.Spawn.ExecFailed: /usr/bin/dbus-launch terminated abnormally without any error message
[14.219s] DEBUG:colcon.colcon_core.event_reactor:joined thread
[14.219s] INFO:colcon.colcon_core.shell:Creating prefix script '/opt/erc_ws/install/local_setup.ps1'
[14.221s] INFO:colcon.colcon_core.shell:Creating prefix util module '/opt/erc_ws/install/_local_setup_util_ps1.py'
[14.221s] INFO:colcon.colcon_core.shell:Creating prefix chain script '/opt/erc_ws/install/setup.ps1'
[14.223s] INFO:colcon.colcon_core.shell:Creating prefix script '/opt/erc_ws/install/local_setup.sh'
[14.223s] INFO:colcon.colcon_core.shell:Creating prefix util module '/opt/erc_ws/install/_local_setup_util_sh.py'
[14.224s] INFO:colcon.colcon_core.shell:Creating prefix chain script '/opt/erc_ws/install/setup.sh'
[14.225s] INFO:colcon.colcon_core.shell:Creating prefix script '/opt/erc_ws/install/local_setup.bash'
[14.225s] INFO:colcon.colcon_core.shell:Creating prefix chain script '/opt/erc_ws/install/setup.bash'
[14.227s] INFO:colcon.colcon_core.shell:Creating prefix script '/opt/erc_ws/install/local_setup.zsh'
[14.228s] INFO:colcon.colcon_core.shell:Creating prefix chain script '/opt/erc_ws/install/setup.zsh'
