[0.169s] DEBUG:colcon:Command line arguments: ['/usr/bin/colcon', 'build', '--symlink-install']
[0.169s] DEBUG:colcon:Parsed command line arguments: Namespace(log_base=None, log_level=None, verb_name='build', build_base='build', install_base='install', merge_install=False, symlink_install=True, test_result_base=None, continue_on_error=False, executor='parallel', parallel_workers=16, event_handlers=None, ignore_user_meta=False, metas=['./colcon.meta'], base_paths=['.'], packages_ignore=None, packages_ignore_regex=None, paths=None, packages_up_to=None, packages_up_to_regex=None, packages_above=None, packages_above_and_dependencies=None, packages_above_depth=None, packages_select_by_dep=None, packages_skip_by_dep=None, packages_skip_up_to=None, packages_select_build_failed=False, packages_skip_build_finished=False, packages_select_test_failures=False, packages_skip_test_passed=False, packages_select=None, packages_skip=None, packages_select_regex=None, packages_skip_regex=None, packages_start=None, packages_end=None, cmake_args=None, cmake_target=None, cmake_target_skip_unavailable=False, cmake_clean_cache=False, cmake_clean_first=False, cmake_force_configure=False, ament_cmake_args=None, catkin_cmake_args=None, catkin_skip_building_tests=False, mixin_files=None, mixin=None, verb_parser=<colcon_mixin.mixin.mixin_argument.MixinArgumentDecorator object at 0x7fb5dd24ed40>, verb_extension=<colcon_core.verb.build.BuildVerb object at 0x7fb5dd35bfa0>, main=<bound method BuildVerb.main of <colcon_core.verb.build.BuildVerb object at 0x7fb5dd35bfa0>>, mixin_verb=('build',))
[0.323s] Level 1:colcon.colcon_core.package_discovery:discover_packages(colcon_meta) check parameters
[0.324s] INFO:colcon.colcon_metadata.package_discovery.colcon_meta:Using configuration from '/root/.colcon/metadata/default/Gazebo.meta'
[0.324s] INFO:colcon.colcon_metadata.package_discovery.colcon_meta:Using configuration from '/root/.colcon/metadata/default/fastdds.meta'
[0.325s] INFO:colcon.colcon_metadata.package_discovery.colcon_meta:Using configuration from '/root/.colcon/metadata/default/fastrtps.meta'
[0.325s] Level 1:colcon.colcon_core.package_discovery:discover_packages(recursive) check parameters
[0.325s] Level 1:colcon.colcon_core.package_discovery:discover_packages(ignore) check parameters
[0.325s] Level 1:colcon.colcon_core.package_discovery:discover_packages(path) check parameters
[0.325s] Level 1:colcon.colcon_core.package_discovery:discover_packages(colcon_meta) discover
[0.325s] Level 1:colcon.colcon_core.package_discovery:discover_packages(recursive) discover
[0.325s] INFO:colcon.colcon_core.package_discovery:Crawling recursively for packages in '/opt/erc_ws'
[0.325s] Level 1:colcon.colcon_core.package_identification:_identify(.) by extensions ['ignore', 'ignore_ament_install']
[0.325s] Level 1:colcon.colcon_core.package_identification:_identify(.) by extension 'ignore'
[0.325s] Level 1:colcon.colcon_core.package_identification:_identify(.) by extension 'ignore_ament_install'
[0.325s] Level 1:colcon.colcon_core.package_identification:_identify(.) by extensions ['colcon_pkg']
[0.325s] Level 1:colcon.colcon_core.package_identification:_identify(.) by extension 'colcon_pkg'
[0.325s] Level 1:colcon.colcon_core.package_identification:_identify(.) by extensions ['colcon_meta']
[0.325s] Level 1:colcon.colcon_core.package_identification:_identify(.) by extension 'colcon_meta'
[0.325s] Level 1:colcon.colcon_core.package_identification:_identify(.) by extensions ['ros']
[0.325s] Level 1:colcon.colcon_core.package_identification:_identify(.) by extension 'ros'
[0.338s] Level 1:colcon.colcon_core.package_identification:_identify(.) by extensions ['cmake', 'python']
[0.339s] Level 1:colcon.colcon_core.package_identification:_identify(.) by extension 'cmake'
[0.339s] Level 1:colcon.colcon_core.package_identification:_identify(.) by extension 'python'
[0.339s] Level 1:colcon.colcon_core.package_identification:_identify(.) by extensions ['python_setup_py']
[0.339s] Level 1:colcon.colcon_core.package_identification:_identify(.) by extension 'python_setup_py'
[0.339s] Level 1:colcon.colcon_core.package_identification:_identify(build) by extensions ['ignore', 'ignore_ament_install']
[0.339s] Level 1:colcon.colcon_core.package_identification:_identify(build) by extension 'ignore'
[0.339s] Level 1:colcon.colcon_core.package_identification:_identify(build) ignored
[0.343s] Level 1:colcon.colcon_core.package_identification:_identify(erc_images) by extensions ['ignore', 'ignore_ament_install']
[0.343s] Level 1:colcon.colcon_core.package_identification:_identify(erc_images) by extension 'ignore'
[0.343s] Level 1:colcon.colcon_core.package_identification:_identify(erc_images) by extension 'ignore_ament_install'
[0.343s] Level 1:colcon.colcon_core.package_identification:_identify(erc_images) by extensions ['colcon_pkg']
[0.343s] Level 1:colcon.colcon_core.package_identification:_identify(erc_images) by extension 'colcon_pkg'
[0.343s] Level 1:colcon.colcon_core.package_identification:_identify(erc_images) by extensions ['colcon_meta']
[0.343s] Level 1:colcon.colcon_core.package_identification:_identify(erc_images) by extension 'colcon_meta'
[0.343s] Level 1:colcon.colcon_core.package_identification:_identify(erc_images) by extensions ['ros']
[0.343s] Level 1:colcon.colcon_core.package_identification:_identify(erc_images) by extension 'ros'
[0.343s] Level 1:colcon.colcon_core.package_identification:_identify(erc_images) by extensions ['cmake', 'python']
[0.343s] Level 1:colcon.colcon_core.package_identification:_identify(erc_images) by extension 'cmake'
[0.343s] Level 1:colcon.colcon_core.package_identification:_identify(erc_images) by extension 'python'
[0.343s] Level 1:colcon.colcon_core.package_identification:_identify(erc_images) by extensions ['python_setup_py']
[0.343s] Level 1:colcon.colcon_core.package_identification:_identify(erc_images) by extension 'python_setup_py'
[0.344s] Level 1:colcon.colcon_core.package_identification:_identify(install) by extensions ['ignore', 'ignore_ament_install']
[0.344s] Level 1:colcon.colcon_core.package_identification:_identify(install) by extension 'ignore'
[0.344s] Level 1:colcon.colcon_core.package_identification:_identify(install) ignored
[0.344s] Level 1:colcon.colcon_core.package_identification:_identify(log) by extensions ['ignore', 'ignore_ament_install']
[0.344s] Level 1:colcon.colcon_core.package_identification:_identify(log) by extension 'ignore'
[0.344s] Level 1:colcon.colcon_core.package_identification:_identify(log) ignored
[0.344s] Level 1:colcon.colcon_core.package_identification:_identify(src) by extensions ['ignore', 'ignore_ament_install']
[0.344s] Level 1:colcon.colcon_core.package_identification:_identify(src) by extension 'ignore'
[0.344s] Level 1:colcon.colcon_core.package_identification:_identify(src) by extension 'ignore_ament_install'
[0.344s] Level 1:colcon.colcon_core.package_identification:_identify(src) by extensions ['colcon_pkg']
[0.344s] Level 1:colcon.colcon_core.package_identification:_identify(src) by extension 'colcon_pkg'
[0.344s] Level 1:colcon.colcon_core.package_identification:_identify(src) by extensions ['colcon_meta']
[0.344s] Level 1:colcon.colcon_core.package_identification:_identify(src) by extension 'colcon_meta'
[0.344s] Level 1:colcon.colcon_core.package_identification:_identify(src) by extensions ['ros']
[0.344s] Level 1:colcon.colcon_core.package_identification:_identify(src) by extension 'ros'
[0.345s] Level 1:colcon.colcon_core.package_identification:_identify(src) by extensions ['cmake', 'python']
[0.345s] Level 1:colcon.colcon_core.package_identification:_identify(src) by extension 'cmake'
[0.345s] Level 1:colcon.colcon_core.package_identification:_identify(src) by extension 'python'
[0.345s] Level 1:colcon.colcon_core.package_identification:_identify(src) by extensions ['python_setup_py']
[0.345s] Level 1:colcon.colcon_core.package_identification:_identify(src) by extension 'python_setup_py'
[0.345s] Level 1:colcon.colcon_core.package_identification:_identify(src/erc_bringup) by extensions ['ignore', 'ignore_ament_install']
[0.345s] Level 1:colcon.colcon_core.package_identification:_identify(src/erc_bringup) by extension 'ignore'
[0.345s] Level 1:colcon.colcon_core.package_identification:_identify(src/erc_bringup) by extension 'ignore_ament_install'
[0.345s] Level 1:colcon.colcon_core.package_identification:_identify(src/erc_bringup) by extensions ['colcon_pkg']
[0.345s] Level 1:colcon.colcon_core.package_identification:_identify(src/erc_bringup) by extension 'colcon_pkg'
[0.345s] Level 1:colcon.colcon_core.package_identification:_identify(src/erc_bringup) by extensions ['colcon_meta']
[0.345s] Level 1:colcon.colcon_core.package_identification:_identify(src/erc_bringup) by extension 'colcon_meta'
[0.345s] Level 1:colcon.colcon_core.package_identification:_identify(src/erc_bringup) by extensions ['ros']
[0.345s] Level 1:colcon.colcon_core.package_identification:_identify(src/erc_bringup) by extension 'ros'
[0.348s] DEBUG:colcon.colcon_core.package_identification:Package 'src/erc_bringup' with type 'ros.ament_cmake' and name 'erc_bringup'
[0.348s] Level 1:colcon.colcon_core.package_identification:_identify(src/erc_description) by extensions ['ignore', 'ignore_ament_install']
[0.348s] Level 1:colcon.colcon_core.package_identification:_identify(src/erc_description) by extension 'ignore'
[0.348s] Level 1:colcon.colcon_core.package_identification:_identify(src/erc_description) by extension 'ignore_ament_install'
[0.349s] Level 1:colcon.colcon_core.package_identification:_identify(src/erc_description) by extensions ['colcon_pkg']
[0.349s] Level 1:colcon.colcon_core.package_identification:_identify(src/erc_description) by extension 'colcon_pkg'
[0.349s] Level 1:colcon.colcon_core.package_identification:_identify(src/erc_description) by extensions ['colcon_meta']
[0.349s] Level 1:colcon.colcon_core.package_identification:_identify(src/erc_description) by extension 'colcon_meta'
[0.349s] Level 1:colcon.colcon_core.package_identification:_identify(src/erc_description) by extensions ['ros']
[0.349s] Level 1:colcon.colcon_core.package_identification:_identify(src/erc_description) by extension 'ros'
[0.349s] DEBUG:colcon.colcon_core.package_identification:Package 'src/erc_description' with type 'ros.ament_cmake' and name 'erc_description'
[0.349s] Level 1:colcon.colcon_core.package_identification:_identify(src/erc_solution) by extensions ['ignore', 'ignore_ament_install']
[0.349s] Level 1:colcon.colcon_core.package_identification:_identify(src/erc_solution) by extension 'ignore'
[0.350s] Level 1:colcon.colcon_core.package_identification:_identify(src/erc_solution) by extension 'ignore_ament_install'
[0.350s] Level 1:colcon.colcon_core.package_identification:_identify(src/erc_solution) by extensions ['colcon_pkg']
[0.350s] Level 1:colcon.colcon_core.package_identification:_identify(src/erc_solution) by extension 'colcon_pkg'
[0.350s] Level 1:colcon.colcon_core.package_identification:_identify(src/erc_solution) by extensions ['colcon_meta']
[0.350s] Level 1:colcon.colcon_core.package_identification:_identify(src/erc_solution) by extension 'colcon_meta'
[0.350s] Level 1:colcon.colcon_core.package_identification:_identify(src/erc_solution) by extensions ['ros']
[0.350s] Level 1:colcon.colcon_core.package_identification:_identify(src/erc_solution) by extension 'ros'
[0.351s] DEBUG:colcon.colcon_core.package_identification:Package 'src/erc_solution' with type 'ros.ament_python' and name 'erc_solution'
[0.351s] Level 1:colcon.colcon_core.package_identification:_identify(src/gz_ros2_control) by extensions ['ignore', 'ignore_ament_install']
[0.351s] Level 1:colcon.colcon_core.package_identification:_identify(src/gz_ros2_control) by extension 'ignore'
[0.351s] Level 1:colcon.colcon_core.package_identification:_identify(src/gz_ros2_control) by extension 'ignore_ament_install'
[0.351s] Level 1:colcon.colcon_core.package_identification:_identify(src/gz_ros2_control) by extensions ['colcon_pkg']
[0.351s] Level 1:colcon.colcon_core.package_identification:_identify(src/gz_ros2_control) by extension 'colcon_pkg'
[0.351s] Level 1:colcon.colcon_core.package_identification:_identify(src/gz_ros2_control) by extensions ['colcon_meta']
[0.351s] Level 1:colcon.colcon_core.package_identification:_identify(src/gz_ros2_control) by extension 'colcon_meta'
[0.351s] Level 1:colcon.colcon_core.package_identification:_identify(src/gz_ros2_control) by extensions ['ros']
[0.351s] Level 1:colcon.colcon_core.package_identification:_identify(src/gz_ros2_control) by extension 'ros'
[0.351s] Level 1:colcon.colcon_core.package_identification:_identify(src/gz_ros2_control) by extensions ['cmake', 'python']
[0.351s] Level 1:colcon.colcon_core.package_identification:_identify(src/gz_ros2_control) by extension 'cmake'
[0.351s] Level 1:colcon.colcon_core.package_identification:_identify(src/gz_ros2_control) by extension 'python'
[0.351s] Level 1:colcon.colcon_core.package_identification:_identify(src/gz_ros2_control) by extensions ['python_setup_py']
[0.351s] Level 1:colcon.colcon_core.package_identification:_identify(src/gz_ros2_control) by extension 'python_setup_py'
[0.351s] Level 1:colcon.colcon_core.package_identification:_identify(src/gz_ros2_control/Dockerfile) by extensions ['ignore', 'ignore_ament_install']
[0.351s] Level 1:colcon.colcon_core.package_identification:_identify(src/gz_ros2_control/Dockerfile) by extension 'ignore'
[0.351s] Level 1:colcon.colcon_core.package_identification:_identify(src/gz_ros2_control/Dockerfile) by extension 'ignore_ament_install'
[0.351s] Level 1:colcon.colcon_core.package_identification:_identify(src/gz_ros2_control/Dockerfile) by extensions ['colcon_pkg']
[0.352s] Level 1:colcon.colcon_core.package_identification:_identify(src/gz_ros2_control/Dockerfile) by extension 'colcon_pkg'
[0.352s] Level 1:colcon.colcon_core.package_identification:_identify(src/gz_ros2_control/Dockerfile) by extensions ['colcon_meta']
[0.352s] Level 1:colcon.colcon_core.package_identification:_identify(src/gz_ros2_control/Dockerfile) by extension 'colcon_meta'
[0.352s] Level 1:colcon.colcon_core.package_identification:_identify(src/gz_ros2_control/Dockerfile) by extensions ['ros']
[0.352s] Level 1:colcon.colcon_core.package_identification:_identify(src/gz_ros2_control/Dockerfile) by extension 'ros'
[0.352s] Level 1:colcon.colcon_core.package_identification:_identify(src/gz_ros2_control/Dockerfile) by extensions ['cmake', 'python']
[0.352s] Level 1:colcon.colcon_core.package_identification:_identify(src/gz_ros2_control/Dockerfile) by extension 'cmake'
[0.352s] Level 1:colcon.colcon_core.package_identification:_identify(src/gz_ros2_control/Dockerfile) by extension 'python'
[0.352s] Level 1:colcon.colcon_core.package_identification:_identify(src/gz_ros2_control/Dockerfile) by extensions ['python_setup_py']
[0.352s] Level 1:colcon.colcon_core.package_identification:_identify(src/gz_ros2_control/Dockerfile) by extension 'python_setup_py'
[0.352s] Level 1:colcon.colcon_core.package_identification:_identify(src/gz_ros2_control/doc) by extensions ['ignore', 'ignore_ament_install']
[0.352s] Level 1:colcon.colcon_core.package_identification:_identify(src/gz_ros2_control/doc) by extension 'ignore'
[0.352s] Level 1:colcon.colcon_core.package_identification:_identify(src/gz_ros2_control/doc) by extension 'ignore_ament_install'
[0.352s] Level 1:colcon.colcon_core.package_identification:_identify(src/gz_ros2_control/doc) by extensions ['colcon_pkg']
[0.352s] Level 1:colcon.colcon_core.package_identification:_identify(src/gz_ros2_control/doc) by extension 'colcon_pkg'
[0.352s] Level 1:colcon.colcon_core.package_identification:_identify(src/gz_ros2_control/doc) by extensions ['colcon_meta']
[0.352s] Level 1:colcon.colcon_core.package_identification:_identify(src/gz_ros2_control/doc) by extension 'colcon_meta'
[0.352s] Level 1:colcon.colcon_core.package_identification:_identify(src/gz_ros2_control/doc) by extensions ['ros']
[0.352s] Level 1:colcon.colcon_core.package_identification:_identify(src/gz_ros2_control/doc) by extension 'ros'
[0.352s] Level 1:colcon.colcon_core.package_identification:_identify(src/gz_ros2_control/doc) by extensions ['cmake', 'python']
[0.352s] Level 1:colcon.colcon_core.package_identification:_identify(src/gz_ros2_control/doc) by extension 'cmake'
[0.352s] Level 1:colcon.colcon_core.package_identification:_identify(src/gz_ros2_control/doc) by extension 'python'
[0.353s] Level 1:colcon.colcon_core.package_identification:_identify(src/gz_ros2_control/doc) by extensions ['python_setup_py']
[0.353s] Level 1:colcon.colcon_core.package_identification:_identify(src/gz_ros2_control/doc) by extension 'python_setup_py'
[0.353s] Level 1:colcon.colcon_core.package_identification:_identify(src/gz_ros2_control/doc/img) by extensions ['ignore', 'ignore_ament_install']
[0.353s] Level 1:colcon.colcon_core.package_identification:_identify(src/gz_ros2_control/doc/img) by extension 'ignore'
[0.353s] Level 1:colcon.colcon_core.package_identification:_identify(src/gz_ros2_control/doc/img) by extension 'ignore_ament_install'
[0.353s] Level 1:colcon.colcon_core.package_identification:_identify(src/gz_ros2_control/doc/img) by extensions ['colcon_pkg']
[0.353s] Level 1:colcon.colcon_core.package_identification:_identify(src/gz_ros2_control/doc/img) by extension 'colcon_pkg'
[0.353s] Level 1:colcon.colcon_core.package_identification:_identify(src/gz_ros2_control/doc/img) by extensions ['colcon_meta']
[0.353s] Level 1:colcon.colcon_core.package_identification:_identify(src/gz_ros2_control/doc/img) by extension 'colcon_meta'
[0.353s] Level 1:colcon.colcon_core.package_identification:_identify(src/gz_ros2_control/doc/img) by extensions ['ros']
[0.353s] Level 1:colcon.colcon_core.package_identification:_identify(src/gz_ros2_control/doc/img) by extension 'ros'
[0.353s] Level 1:colcon.colcon_core.package_identification:_identify(src/gz_ros2_control/doc/img) by extensions ['cmake', 'python']
[0.353s] Level 1:colcon.colcon_core.package_identification:_identify(src/gz_ros2_control/doc/img) by extension 'cmake'
[0.353s] Level 1:colcon.colcon_core.package_identification:_identify(src/gz_ros2_control/doc/img) by extension 'python'
[0.353s] Level 1:colcon.colcon_core.package_identification:_identify(src/gz_ros2_control/doc/img) by extensions ['python_setup_py']
[0.353s] Level 1:colcon.colcon_core.package_identification:_identify(src/gz_ros2_control/doc/img) by extension 'python_setup_py'
[0.353s] Level 1:colcon.colcon_core.package_identification:_identify(src/gz_ros2_control/gz_ros2_control) by extensions ['ignore', 'ignore_ament_install']
[0.353s] Level 1:colcon.colcon_core.package_identification:_identify(src/gz_ros2_control/gz_ros2_control) by extension 'ignore'
[0.353s] Level 1:colcon.colcon_core.package_identification:_identify(src/gz_ros2_control/gz_ros2_control) by extension 'ignore_ament_install'
[0.353s] Level 1:colcon.colcon_core.package_identification:_identify(src/gz_ros2_control/gz_ros2_control) by extensions ['colcon_pkg']
[0.353s] Level 1:colcon.colcon_core.package_identification:_identify(src/gz_ros2_control/gz_ros2_control) by extension 'colcon_pkg'
[0.353s] Level 1:colcon.colcon_core.package_identification:_identify(src/gz_ros2_control/gz_ros2_control) by extensions ['colcon_meta']
[0.353s] Level 1:colcon.colcon_core.package_identification:_identify(src/gz_ros2_control/gz_ros2_control) by extension 'colcon_meta'
[0.353s] Level 1:colcon.colcon_core.package_identification:_identify(src/gz_ros2_control/gz_ros2_control) by extensions ['ros']
[0.353s] Level 1:colcon.colcon_core.package_identification:_identify(src/gz_ros2_control/gz_ros2_control) by extension 'ros'
[0.360s] DEBUG:colcon.colcon_core.package_identification:Package 'src/gz_ros2_control/gz_ros2_control' with type 'ros.ament_cmake' and name 'gz_ros2_control'
[0.360s] Level 1:colcon.colcon_core.package_identification:_identify(src/launch_pal) by extensions ['ignore', 'ignore_ament_install']
[0.360s] Level 1:colcon.colcon_core.package_identification:_identify(src/launch_pal) by extension 'ignore'
[0.360s] Level 1:colcon.colcon_core.package_identification:_identify(src/launch_pal) by extension 'ignore_ament_install'
[0.361s] Level 1:colcon.colcon_core.package_identification:_identify(src/launch_pal) by extensions ['colcon_pkg']
[0.361s] Level 1:colcon.colcon_core.package_identification:_identify(src/launch_pal) by extension 'colcon_pkg'
[0.361s] Level 1:colcon.colcon_core.package_identification:_identify(src/launch_pal) by extensions ['colcon_meta']
[0.361s] Level 1:colcon.colcon_core.package_identification:_identify(src/launch_pal) by extension 'colcon_meta'
[0.361s] Level 1:colcon.colcon_core.package_identification:_identify(src/launch_pal) by extensions ['ros']
[0.361s] Level 1:colcon.colcon_core.package_identification:_identify(src/launch_pal) by extension 'ros'
[0.363s] DEBUG:colcon.colcon_core.package_identification:Package 'src/launch_pal' with type 'ros.ament_python' and name 'launch_pal'
[0.364s] Level 1:colcon.colcon_core.package_identification:_identify(src/omni_base_robot) by extensions ['ignore', 'ignore_ament_install']
[0.364s] Level 1:colcon.colcon_core.package_identification:_identify(src/omni_base_robot) by extension 'ignore'
[0.364s] Level 1:colcon.colcon_core.package_identification:_identify(src/omni_base_robot) by extension 'ignore_ament_install'
[0.364s] Level 1:colcon.colcon_core.package_identification:_identify(src/omni_base_robot) by extensions ['colcon_pkg']
[0.364s] Level 1:colcon.colcon_core.package_identification:_identify(src/omni_base_robot) by extension 'colcon_pkg'
[0.364s] Level 1:colcon.colcon_core.package_identification:_identify(src/omni_base_robot) by extensions ['colcon_meta']
[0.364s] Level 1:colcon.colcon_core.package_identification:_identify(src/omni_base_robot) by extension 'colcon_meta'
[0.364s] Level 1:colcon.colcon_core.package_identification:_identify(src/omni_base_robot) by extensions ['ros']
[0.364s] Level 1:colcon.colcon_core.package_identification:_identify(src/omni_base_robot) by extension 'ros'
[0.364s] Level 1:colcon.colcon_core.package_identification:_identify(src/omni_base_robot) by extensions ['cmake', 'python']
[0.365s] Level 1:colcon.colcon_core.package_identification:_identify(src/omni_base_robot) by extension 'cmake'
[0.365s] Level 1:colcon.colcon_core.package_identification:_identify(src/omni_base_robot) by extension 'python'
[0.365s] Level 1:colcon.colcon_core.package_identification:_identify(src/omni_base_robot) by extensions ['python_setup_py']
[0.365s] Level 1:colcon.colcon_core.package_identification:_identify(src/omni_base_robot) by extension 'python_setup_py'
[0.365s] Level 1:colcon.colcon_core.package_identification:_identify(src/omni_base_robot/omni_base_bringup) by extensions ['ignore', 'ignore_ament_install']
[0.365s] Level 1:colcon.colcon_core.package_identification:_identify(src/omni_base_robot/omni_base_bringup) by extension 'ignore'
[0.365s] Level 1:colcon.colcon_core.package_identification:_identify(src/omni_base_robot/omni_base_bringup) by extension 'ignore_ament_install'
[0.365s] Level 1:colcon.colcon_core.package_identification:_identify(src/omni_base_robot/omni_base_bringup) by extensions ['colcon_pkg']
[0.365s] Level 1:colcon.colcon_core.package_identification:_identify(src/omni_base_robot/omni_base_bringup) by extension 'colcon_pkg'
[0.365s] Level 1:colcon.colcon_core.package_identification:_identify(src/omni_base_robot/omni_base_bringup) by extensions ['colcon_meta']
[0.365s] Level 1:colcon.colcon_core.package_identification:_identify(src/omni_base_robot/omni_base_bringup) by extension 'colcon_meta'
[0.365s] Level 1:colcon.colcon_core.package_identification:_identify(src/omni_base_robot/omni_base_bringup) by extensions ['ros']
[0.365s] Level 1:colcon.colcon_core.package_identification:_identify(src/omni_base_robot/omni_base_bringup) by extension 'ros'
[0.367s] DEBUG:colcon.colcon_core.package_identification:Package 'src/omni_base_robot/omni_base_bringup' with type 'ros.ament_cmake' and name 'omni_base_bringup'
[0.368s] Level 1:colcon.colcon_core.package_identification:_identify(src/omni_base_robot/omni_base_controller_configuration) by extensions ['ignore', 'ignore_ament_install']
[0.368s] Level 1:colcon.colcon_core.package_identification:_identify(src/omni_base_robot/omni_base_controller_configuration) by extension 'ignore'
[0.368s] Level 1:colcon.colcon_core.package_identification:_identify(src/omni_base_robot/omni_base_controller_configuration) by extension 'ignore_ament_install'
[0.368s] Level 1:colcon.colcon_core.package_identification:_identify(src/omni_base_robot/omni_base_controller_configuration) by extensions ['colcon_pkg']
[0.368s] Level 1:colcon.colcon_core.package_identification:_identify(src/omni_base_robot/omni_base_controller_configuration) by extension 'colcon_pkg'
[0.368s] Level 1:colcon.colcon_core.package_identification:_identify(src/omni_base_robot/omni_base_controller_configuration) by extensions ['colcon_meta']
[0.368s] Level 1:colcon.colcon_core.package_identification:_identify(src/omni_base_robot/omni_base_controller_configuration) by extension 'colcon_meta'
[0.368s] Level 1:colcon.colcon_core.package_identification:_identify(src/omni_base_robot/omni_base_controller_configuration) by extensions ['ros']
[0.368s] Level 1:colcon.colcon_core.package_identification:_identify(src/omni_base_robot/omni_base_controller_configuration) by extension 'ros'
[0.371s] DEBUG:colcon.colcon_core.package_identification:Package 'src/omni_base_robot/omni_base_controller_configuration' with type 'ros.ament_cmake' and name 'omni_base_controller_configuration'
[0.371s] Level 1:colcon.colcon_core.package_identification:_identify(src/omni_base_robot/omni_base_description) by extensions ['ignore', 'ignore_ament_install']
[0.372s] Level 1:colcon.colcon_core.package_identification:_identify(src/omni_base_robot/omni_base_description) by extension 'ignore'
[0.372s] Level 1:colcon.colcon_core.package_identification:_identify(src/omni_base_robot/omni_base_description) by extension 'ignore_ament_install'
[0.372s] Level 1:colcon.colcon_core.package_identification:_identify(src/omni_base_robot/omni_base_description) by extensions ['colcon_pkg']
[0.372s] Level 1:colcon.colcon_core.package_identification:_identify(src/omni_base_robot/omni_base_description) by extension 'colcon_pkg'
[0.372s] Level 1:colcon.colcon_core.package_identification:_identify(src/omni_base_robot/omni_base_description) by extensions ['colcon_meta']
[0.372s] Level 1:colcon.colcon_core.package_identification:_identify(src/omni_base_robot/omni_base_description) by extension 'colcon_meta'
[0.372s] Level 1:colcon.colcon_core.package_identification:_identify(src/omni_base_robot/omni_base_description) by extensions ['ros']
[0.372s] Level 1:colcon.colcon_core.package_identification:_identify(src/omni_base_robot/omni_base_description) by extension 'ros'
[0.373s] DEBUG:colcon.colcon_core.package_identification:Package 'src/omni_base_robot/omni_base_description' with type 'ros.ament_cmake' and name 'omni_base_description'
[0.373s] Level 1:colcon.colcon_core.package_identification:_identify(src/omni_base_robot/omni_base_robot) by extensions ['ignore', 'ignore_ament_install']
[0.373s] Level 1:colcon.colcon_core.package_identification:_identify(src/omni_base_robot/omni_base_robot) by extension 'ignore'
[0.373s] Level 1:colcon.colcon_core.package_identification:_identify(src/omni_base_robot/omni_base_robot) by extension 'ignore_ament_install'
[0.374s] Level 1:colcon.colcon_core.package_identification:_identify(src/omni_base_robot/omni_base_robot) by extensions ['colcon_pkg']
[0.374s] Level 1:colcon.colcon_core.package_identification:_identify(src/omni_base_robot/omni_base_robot) by extension 'colcon_pkg'
[0.374s] Level 1:colcon.colcon_core.package_identification:_identify(src/omni_base_robot/omni_base_robot) by extensions ['colcon_meta']
[0.374s] Level 1:colcon.colcon_core.package_identification:_identify(src/omni_base_robot/omni_base_robot) by extension 'colcon_meta'
[0.374s] Level 1:colcon.colcon_core.package_identification:_identify(src/omni_base_robot/omni_base_robot) by extensions ['ros']
[0.374s] Level 1:colcon.colcon_core.package_identification:_identify(src/omni_base_robot/omni_base_robot) by extension 'ros'
[0.390s] DEBUG:colcon.colcon_core.package_identification:Package 'src/omni_base_robot/omni_base_robot' with type 'ros.ament_cmake' and name 'omni_base_robot'
[0.390s] Level 1:colcon.colcon_core.package_identification:_identify(src/pal_gripper) by extensions ['ignore', 'ignore_ament_install']
[0.390s] Level 1:colcon.colcon_core.package_identification:_identify(src/pal_gripper) by extension 'ignore'
[0.390s] Level 1:colcon.colcon_core.package_identification:_identify(src/pal_gripper) by extension 'ignore_ament_install'
[0.390s] Level 1:colcon.colcon_core.package_identification:_identify(src/pal_gripper) by extensions ['colcon_pkg']
[0.390s] Level 1:colcon.colcon_core.package_identification:_identify(src/pal_gripper) by extension 'colcon_pkg'
[0.390s] Level 1:colcon.colcon_core.package_identification:_identify(src/pal_gripper) by extensions ['colcon_meta']
[0.390s] Level 1:colcon.colcon_core.package_identification:_identify(src/pal_gripper) by extension 'colcon_meta'
[0.390s] Level 1:colcon.colcon_core.package_identification:_identify(src/pal_gripper) by extensions ['ros']
[0.390s] Level 1:colcon.colcon_core.package_identification:_identify(src/pal_gripper) by extension 'ros'
[0.390s] Level 1:colcon.colcon_core.package_identification:_identify(src/pal_gripper) by extensions ['cmake', 'python']
[0.390s] Level 1:colcon.colcon_core.package_identification:_identify(src/pal_gripper) by extension 'cmake'
[0.390s] Level 1:colcon.colcon_core.package_identification:_identify(src/pal_gripper) by extension 'python'
[0.390s] Level 1:colcon.colcon_core.package_identification:_identify(src/pal_gripper) by extensions ['python_setup_py']
[0.390s] Level 1:colcon.colcon_core.package_identification:_identify(src/pal_gripper) by extension 'python_setup_py'
[0.391s] Level 1:colcon.colcon_core.package_identification:_identify(src/pal_gripper/pal_gripper) by extensions ['ignore', 'ignore_ament_install']
[0.391s] Level 1:colcon.colcon_core.package_identification:_identify(src/pal_gripper/pal_gripper) by extension 'ignore'
[0.391s] Level 1:colcon.colcon_core.package_identification:_identify(src/pal_gripper/pal_gripper) by extension 'ignore_ament_install'
[0.391s] Level 1:colcon.colcon_core.package_identification:_identify(src/pal_gripper/pal_gripper) by extensions ['colcon_pkg']
[0.391s] Level 1:colcon.colcon_core.package_identification:_identify(src/pal_gripper/pal_gripper) by extension 'colcon_pkg'
[0.391s] Level 1:colcon.colcon_core.package_identification:_identify(src/pal_gripper/pal_gripper) by extensions ['colcon_meta']
[0.391s] Level 1:colcon.colcon_core.package_identification:_identify(src/pal_gripper/pal_gripper) by extension 'colcon_meta'
[0.391s] Level 1:colcon.colcon_core.package_identification:_identify(src/pal_gripper/pal_gripper) by extensions ['ros']
[0.391s] Level 1:colcon.colcon_core.package_identification:_identify(src/pal_gripper/pal_gripper) by extension 'ros'
[0.391s] DEBUG:colcon.colcon_core.package_identification:Package 'src/pal_gripper/pal_gripper' with type 'ros.ament_cmake' and name 'pal_gripper'
[0.391s] Level 1:colcon.colcon_core.package_identification:_identify(src/pal_gripper/pal_gripper_controller_configuration) by extensions ['ignore', 'ignore_ament_install']
[0.391s] Level 1:colcon.colcon_core.package_identification:_identify(src/pal_gripper/pal_gripper_controller_configuration) by extension 'ignore'
[0.392s] Level 1:colcon.colcon_core.package_identification:_identify(src/pal_gripper/pal_gripper_controller_configuration) by extension 'ignore_ament_install'
[0.392s] Level 1:colcon.colcon_core.package_identification:_identify(src/pal_gripper/pal_gripper_controller_configuration) by extensions ['colcon_pkg']
[0.392s] Level 1:colcon.colcon_core.package_identification:_identify(src/pal_gripper/pal_gripper_controller_configuration) by extension 'colcon_pkg'
[0.392s] Level 1:colcon.colcon_core.package_identification:_identify(src/pal_gripper/pal_gripper_controller_configuration) by extensions ['colcon_meta']
[0.392s] Level 1:colcon.colcon_core.package_identification:_identify(src/pal_gripper/pal_gripper_controller_configuration) by extension 'colcon_meta'
[0.392s] Level 1:colcon.colcon_core.package_identification:_identify(src/pal_gripper/pal_gripper_controller_configuration) by extensions ['ros']
[0.392s] Level 1:colcon.colcon_core.package_identification:_identify(src/pal_gripper/pal_gripper_controller_configuration) by extension 'ros'
[0.392s] DEBUG:colcon.colcon_core.package_identification:Package 'src/pal_gripper/pal_gripper_controller_configuration' with type 'ros.ament_cmake' and name 'pal_gripper_controller_configuration'
[0.392s] Level 1:colcon.colcon_core.package_identification:_identify(src/pal_gripper/pal_gripper_description) by extensions ['ignore', 'ignore_ament_install']
[0.392s] Level 1:colcon.colcon_core.package_identification:_identify(src/pal_gripper/pal_gripper_description) by extension 'ignore'
[0.392s] Level 1:colcon.colcon_core.package_identification:_identify(src/pal_gripper/pal_gripper_description) by extension 'ignore_ament_install'
[0.392s] Level 1:colcon.colcon_core.package_identification:_identify(src/pal_gripper/pal_gripper_description) by extensions ['colcon_pkg']
[0.393s] Level 1:colcon.colcon_core.package_identification:_identify(src/pal_gripper/pal_gripper_description) by extension 'colcon_pkg'
[0.393s] Level 1:colcon.colcon_core.package_identification:_identify(src/pal_gripper/pal_gripper_description) by extensions ['colcon_meta']
[0.393s] Level 1:colcon.colcon_core.package_identification:_identify(src/pal_gripper/pal_gripper_description) by extension 'colcon_meta'
[0.393s] Level 1:colcon.colcon_core.package_identification:_identify(src/pal_gripper/pal_gripper_description) by extensions ['ros']
[0.393s] Level 1:colcon.colcon_core.package_identification:_identify(src/pal_gripper/pal_gripper_description) by extension 'ros'
[0.393s] DEBUG:colcon.colcon_core.package_identification:Package 'src/pal_gripper/pal_gripper_description' with type 'ros.ament_cmake' and name 'pal_gripper_description'
[0.393s] Level 1:colcon.colcon_core.package_identification:_identify(src/pal_gripper/pal_gripper_simulation) by extensions ['ignore', 'ignore_ament_install']
[0.393s] Level 1:colcon.colcon_core.package_identification:_identify(src/pal_gripper/pal_gripper_simulation) by extension 'ignore'
[0.393s] Level 1:colcon.colcon_core.package_identification:_identify(src/pal_gripper/pal_gripper_simulation) by extension 'ignore_ament_install'
[0.393s] Level 1:colcon.colcon_core.package_identification:_identify(src/pal_gripper/pal_gripper_simulation) by extensions ['colcon_pkg']
[0.393s] Level 1:colcon.colcon_core.package_identification:_identify(src/pal_gripper/pal_gripper_simulation) by extension 'colcon_pkg'
[0.393s] Level 1:colcon.colcon_core.package_identification:_identify(src/pal_gripper/pal_gripper_simulation) by extensions ['colcon_meta']
[0.393s] Level 1:colcon.colcon_core.package_identification:_identify(src/pal_gripper/pal_gripper_simulation) by extension 'colcon_meta'
[0.393s] Level 1:colcon.colcon_core.package_identification:_identify(src/pal_gripper/pal_gripper_simulation) by extensions ['ros']
[0.393s] Level 1:colcon.colcon_core.package_identification:_identify(src/pal_gripper/pal_gripper_simulation) by extension 'ros'
[0.394s] DEBUG:colcon.colcon_core.package_identification:Package 'src/pal_gripper/pal_gripper_simulation' with type 'ros.ament_cmake' and name 'pal_gripper_simulation'
[0.394s] Level 1:colcon.colcon_core.package_identification:_identify(src/pal_pro_gripper) by extensions ['ignore', 'ignore_ament_install']
[0.394s] Level 1:colcon.colcon_core.package_identification:_identify(src/pal_pro_gripper) by extension 'ignore'
[0.394s] Level 1:colcon.colcon_core.package_identification:_identify(src/pal_pro_gripper) by extension 'ignore_ament_install'
[0.394s] Level 1:colcon.colcon_core.package_identification:_identify(src/pal_pro_gripper) by extensions ['colcon_pkg']
[0.394s] Level 1:colcon.colcon_core.package_identification:_identify(src/pal_pro_gripper) by extension 'colcon_pkg'
[0.394s] Level 1:colcon.colcon_core.package_identification:_identify(src/pal_pro_gripper) by extensions ['colcon_meta']
[0.394s] Level 1:colcon.colcon_core.package_identification:_identify(src/pal_pro_gripper) by extension 'colcon_meta'
[0.394s] Level 1:colcon.colcon_core.package_identification:_identify(src/pal_pro_gripper) by extensions ['ros']
[0.394s] Level 1:colcon.colcon_core.package_identification:_identify(src/pal_pro_gripper) by extension 'ros'
[0.394s] Level 1:colcon.colcon_core.package_identification:_identify(src/pal_pro_gripper) by extensions ['cmake', 'python']
[0.394s] Level 1:colcon.colcon_core.package_identification:_identify(src/pal_pro_gripper) by extension 'cmake'
[0.394s] Level 1:colcon.colcon_core.package_identification:_identify(src/pal_pro_gripper) by extension 'python'
[0.394s] Level 1:colcon.colcon_core.package_identification:_identify(src/pal_pro_gripper) by extensions ['python_setup_py']
[0.394s] Level 1:colcon.colcon_core.package_identification:_identify(src/pal_pro_gripper) by extension 'python_setup_py'
[0.395s] Level 1:colcon.colcon_core.package_identification:_identify(src/pal_pro_gripper/pal_pro_gripper) by extensions ['ignore', 'ignore_ament_install']
[0.395s] Level 1:colcon.colcon_core.package_identification:_identify(src/pal_pro_gripper/pal_pro_gripper) by extension 'ignore'
[0.395s] Level 1:colcon.colcon_core.package_identification:_identify(src/pal_pro_gripper/pal_pro_gripper) by extension 'ignore_ament_install'
[0.395s] Level 1:colcon.colcon_core.package_identification:_identify(src/pal_pro_gripper/pal_pro_gripper) by extensions ['colcon_pkg']
[0.395s] Level 1:colcon.colcon_core.package_identification:_identify(src/pal_pro_gripper/pal_pro_gripper) by extension 'colcon_pkg'
[0.395s] Level 1:colcon.colcon_core.package_identification:_identify(src/pal_pro_gripper/pal_pro_gripper) by extensions ['colcon_meta']
[0.395s] Level 1:colcon.colcon_core.package_identification:_identify(src/pal_pro_gripper/pal_pro_gripper) by extension 'colcon_meta'
[0.395s] Level 1:colcon.colcon_core.package_identification:_identify(src/pal_pro_gripper/pal_pro_gripper) by extensions ['ros']
[0.395s] Level 1:colcon.colcon_core.package_identification:_identify(src/pal_pro_gripper/pal_pro_gripper) by extension 'ros'
[0.395s] DEBUG:colcon.colcon_core.package_identification:Package 'src/pal_pro_gripper/pal_pro_gripper' with type 'ros.ament_cmake' and name 'pal_pro_gripper'
[0.395s] Level 1:colcon.colcon_core.package_identification:_identify(src/pal_pro_gripper/pal_pro_gripper_bringup) by extensions ['ignore', 'ignore_ament_install']
[0.395s] Level 1:colcon.colcon_core.package_identification:_identify(src/pal_pro_gripper/pal_pro_gripper_bringup) by extension 'ignore'
[0.395s] Level 1:colcon.colcon_core.package_identification:_identify(src/pal_pro_gripper/pal_pro_gripper_bringup) by extension 'ignore_ament_install'
[0.395s] Level 1:colcon.colcon_core.package_identification:_identify(src/pal_pro_gripper/pal_pro_gripper_bringup) by extensions ['colcon_pkg']
[0.395s] Level 1:colcon.colcon_core.package_identification:_identify(src/pal_pro_gripper/pal_pro_gripper_bringup) by extension 'colcon_pkg'
[0.395s] Level 1:colcon.colcon_core.package_identification:_identify(src/pal_pro_gripper/pal_pro_gripper_bringup) by extensions ['colcon_meta']
[0.396s] Level 1:colcon.colcon_core.package_identification:_identify(src/pal_pro_gripper/pal_pro_gripper_bringup) by extension 'colcon_meta'
[0.396s] Level 1:colcon.colcon_core.package_identification:_identify(src/pal_pro_gripper/pal_pro_gripper_bringup) by extensions ['ros']
[0.396s] Level 1:colcon.colcon_core.package_identification:_identify(src/pal_pro_gripper/pal_pro_gripper_bringup) by extension 'ros'
[0.396s] DEBUG:colcon.colcon_core.package_identification:Package 'src/pal_pro_gripper/pal_pro_gripper_bringup' with type 'ros.ament_cmake' and name 'pal_pro_gripper_bringup'
[0.396s] Level 1:colcon.colcon_core.package_identification:_identify(src/pal_pro_gripper/pal_pro_gripper_controller_configuration) by extensions ['ignore', 'ignore_ament_install']
[0.396s] Level 1:colcon.colcon_core.package_identification:_identify(src/pal_pro_gripper/pal_pro_gripper_controller_configuration) by extension 'ignore'
[0.396s] Level 1:colcon.colcon_core.package_identification:_identify(src/pal_pro_gripper/pal_pro_gripper_controller_configuration) by extension 'ignore_ament_install'
[0.396s] Level 1:colcon.colcon_core.package_identification:_identify(src/pal_pro_gripper/pal_pro_gripper_controller_configuration) by extensions ['colcon_pkg']
[0.396s] Level 1:colcon.colcon_core.package_identification:_identify(src/pal_pro_gripper/pal_pro_gripper_controller_configuration) by extension 'colcon_pkg'
[0.396s] Level 1:colcon.colcon_core.package_identification:_identify(src/pal_pro_gripper/pal_pro_gripper_controller_configuration) by extensions ['colcon_meta']
[0.396s] Level 1:colcon.colcon_core.package_identification:_identify(src/pal_pro_gripper/pal_pro_gripper_controller_configuration) by extension 'colcon_meta'
[0.396s] Level 1:colcon.colcon_core.package_identification:_identify(src/pal_pro_gripper/pal_pro_gripper_controller_configuration) by extensions ['ros']
[0.396s] Level 1:colcon.colcon_core.package_identification:_identify(src/pal_pro_gripper/pal_pro_gripper_controller_configuration) by extension 'ros'
[0.397s] DEBUG:colcon.colcon_core.package_identification:Package 'src/pal_pro_gripper/pal_pro_gripper_controller_configuration' with type 'ros.ament_cmake' and name 'pal_pro_gripper_controller_configuration'
[0.397s] Level 1:colcon.colcon_core.package_identification:_identify(src/pal_pro_gripper/pal_pro_gripper_description) by extensions ['ignore', 'ignore_ament_install']
[0.397s] Level 1:colcon.colcon_core.package_identification:_identify(src/pal_pro_gripper/pal_pro_gripper_description) by extension 'ignore'
[0.397s] Level 1:colcon.colcon_core.package_identification:_identify(src/pal_pro_gripper/pal_pro_gripper_description) by extension 'ignore_ament_install'
[0.397s] Level 1:colcon.colcon_core.package_identification:_identify(src/pal_pro_gripper/pal_pro_gripper_description) by extensions ['colcon_pkg']
[0.397s] Level 1:colcon.colcon_core.package_identification:_identify(src/pal_pro_gripper/pal_pro_gripper_description) by extension 'colcon_pkg'
[0.397s] Level 1:colcon.colcon_core.package_identification:_identify(src/pal_pro_gripper/pal_pro_gripper_description) by extensions ['colcon_meta']
[0.397s] Level 1:colcon.colcon_core.package_identification:_identify(src/pal_pro_gripper/pal_pro_gripper_description) by extension 'colcon_meta'
[0.397s] Level 1:colcon.colcon_core.package_identification:_identify(src/pal_pro_gripper/pal_pro_gripper_description) by extensions ['ros']
[0.397s] Level 1:colcon.colcon_core.package_identification:_identify(src/pal_pro_gripper/pal_pro_gripper_description) by extension 'ros'
[0.398s] DEBUG:colcon.colcon_core.package_identification:Package 'src/pal_pro_gripper/pal_pro_gripper_description' with type 'ros.ament_cmake' and name 'pal_pro_gripper_description'
[0.398s] Level 1:colcon.colcon_core.package_identification:_identify(src/pal_pro_gripper/pal_pro_gripper_simulation) by extensions ['ignore', 'ignore_ament_install']
[0.398s] Level 1:colcon.colcon_core.package_identification:_identify(src/pal_pro_gripper/pal_pro_gripper_simulation) by extension 'ignore'
[0.398s] Level 1:colcon.colcon_core.package_identification:_identify(src/pal_pro_gripper/pal_pro_gripper_simulation) by extension 'ignore_ament_install'
[0.398s] Level 1:colcon.colcon_core.package_identification:_identify(src/pal_pro_gripper/pal_pro_gripper_simulation) by extensions ['colcon_pkg']
[0.398s] Level 1:colcon.colcon_core.package_identification:_identify(src/pal_pro_gripper/pal_pro_gripper_simulation) by extension 'colcon_pkg'
[0.398s] Level 1:colcon.colcon_core.package_identification:_identify(src/pal_pro_gripper/pal_pro_gripper_simulation) by extensions ['colcon_meta']
[0.398s] Level 1:colcon.colcon_core.package_identification:_identify(src/pal_pro_gripper/pal_pro_gripper_simulation) by extension 'colcon_meta'
[0.399s] Level 1:colcon.colcon_core.package_identification:_identify(src/pal_pro_gripper/pal_pro_gripper_simulation) by extensions ['ros']
[0.399s] Level 1:colcon.colcon_core.package_identification:_identify(src/pal_pro_gripper/pal_pro_gripper_simulation) by extension 'ros'
[0.399s] DEBUG:colcon.colcon_core.package_identification:Package 'src/pal_pro_gripper/pal_pro_gripper_simulation' with type 'ros.ament_cmake' and name 'pal_pro_gripper_simulation'
[0.399s] Level 1:colcon.colcon_core.package_identification:_identify(src/pal_pro_gripper/pal_pro_gripper_wrapper) by extensions ['ignore', 'ignore_ament_install']
[0.399s] Level 1:colcon.colcon_core.package_identification:_identify(src/pal_pro_gripper/pal_pro_gripper_wrapper) by extension 'ignore'
[0.399s] Level 1:colcon.colcon_core.package_identification:_identify(src/pal_pro_gripper/pal_pro_gripper_wrapper) by extension 'ignore_ament_install'
[0.399s] Level 1:colcon.colcon_core.package_identification:_identify(src/pal_pro_gripper/pal_pro_gripper_wrapper) by extensions ['colcon_pkg']
[0.399s] Level 1:colcon.colcon_core.package_identification:_identify(src/pal_pro_gripper/pal_pro_gripper_wrapper) by extension 'colcon_pkg'
[0.399s] Level 1:colcon.colcon_core.package_identification:_identify(src/pal_pro_gripper/pal_pro_gripper_wrapper) by extensions ['colcon_meta']
[0.399s] Level 1:colcon.colcon_core.package_identification:_identify(src/pal_pro_gripper/pal_pro_gripper_wrapper) by extension 'colcon_meta'
[0.399s] Level 1:colcon.colcon_core.package_identification:_identify(src/pal_pro_gripper/pal_pro_gripper_wrapper) by extensions ['ros']
[0.399s] Level 1:colcon.colcon_core.package_identification:_identify(src/pal_pro_gripper/pal_pro_gripper_wrapper) by extension 'ros'
[0.400s] DEBUG:colcon.colcon_core.package_identification:Package 'src/pal_pro_gripper/pal_pro_gripper_wrapper' with type 'ros.ament_python' and name 'pal_pro_gripper_wrapper'
[0.400s] Level 1:colcon.colcon_core.package_identification:_identify(src/pal_sea_arm) by extensions ['ignore', 'ignore_ament_install']
[0.400s] Level 1:colcon.colcon_core.package_identification:_identify(src/pal_sea_arm) by extension 'ignore'
[0.400s] Level 1:colcon.colcon_core.package_identification:_identify(src/pal_sea_arm) by extension 'ignore_ament_install'
[0.400s] Level 1:colcon.colcon_core.package_identification:_identify(src/pal_sea_arm) by extensions ['colcon_pkg']
[0.400s] Level 1:colcon.colcon_core.package_identification:_identify(src/pal_sea_arm) by extension 'colcon_pkg'
[0.400s] Level 1:colcon.colcon_core.package_identification:_identify(src/pal_sea_arm) by extensions ['colcon_meta']
[0.400s] Level 1:colcon.colcon_core.package_identification:_identify(src/pal_sea_arm) by extension 'colcon_meta'
[0.400s] Level 1:colcon.colcon_core.package_identification:_identify(src/pal_sea_arm) by extensions ['ros']
[0.400s] Level 1:colcon.colcon_core.package_identification:_identify(src/pal_sea_arm) by extension 'ros'
[0.400s] Level 1:colcon.colcon_core.package_identification:_identify(src/pal_sea_arm) by extensions ['cmake', 'python']
[0.400s] Level 1:colcon.colcon_core.package_identification:_identify(src/pal_sea_arm) by extension 'cmake'
[0.400s] Level 1:colcon.colcon_core.package_identification:_identify(src/pal_sea_arm) by extension 'python'
[0.400s] Level 1:colcon.colcon_core.package_identification:_identify(src/pal_sea_arm) by extensions ['python_setup_py']
[0.400s] Level 1:colcon.colcon_core.package_identification:_identify(src/pal_sea_arm) by extension 'python_setup_py'
[0.400s] Level 1:colcon.colcon_core.package_identification:_identify(src/pal_sea_arm/pal_sea_arm) by extensions ['ignore', 'ignore_ament_install']
[0.401s] Level 1:colcon.colcon_core.package_identification:_identify(src/pal_sea_arm/pal_sea_arm) by extension 'ignore'
[0.401s] Level 1:colcon.colcon_core.package_identification:_identify(src/pal_sea_arm/pal_sea_arm) by extension 'ignore_ament_install'
[0.401s] Level 1:colcon.colcon_core.package_identification:_identify(src/pal_sea_arm/pal_sea_arm) by extensions ['colcon_pkg']
[0.401s] Level 1:colcon.colcon_core.package_identification:_identify(src/pal_sea_arm/pal_sea_arm) by extension 'colcon_pkg'
[0.401s] Level 1:colcon.colcon_core.package_identification:_identify(src/pal_sea_arm/pal_sea_arm) by extensions ['colcon_meta']
[0.401s] Level 1:colcon.colcon_core.package_identification:_identify(src/pal_sea_arm/pal_sea_arm) by extension 'colcon_meta'
[0.401s] Level 1:colcon.colcon_core.package_identification:_identify(src/pal_sea_arm/pal_sea_arm) by extensions ['ros']
[0.401s] Level 1:colcon.colcon_core.package_identification:_identify(src/pal_sea_arm/pal_sea_arm) by extension 'ros'
[0.401s] DEBUG:colcon.colcon_core.package_identification:Package 'src/pal_sea_arm/pal_sea_arm' with type 'ros.ament_cmake' and name 'pal_sea_arm'
[0.401s] Level 1:colcon.colcon_core.package_identification:_identify(src/pal_sea_arm/pal_sea_arm_bringup) by extensions ['ignore', 'ignore_ament_install']
[0.401s] Level 1:colcon.colcon_core.package_identification:_identify(src/pal_sea_arm/pal_sea_arm_bringup) by extension 'ignore'
[0.401s] Level 1:colcon.colcon_core.package_identification:_identify(src/pal_sea_arm/pal_sea_arm_bringup) by extension 'ignore_ament_install'
[0.401s] Level 1:colcon.colcon_core.package_identification:_identify(src/pal_sea_arm/pal_sea_arm_bringup) by extensions ['colcon_pkg']
[0.401s] Level 1:colcon.colcon_core.package_identification:_identify(src/pal_sea_arm/pal_sea_arm_bringup) by extension 'colcon_pkg'
[0.402s] Level 1:colcon.colcon_core.package_identification:_identify(src/pal_sea_arm/pal_sea_arm_bringup) by extensions ['colcon_meta']
[0.402s] Level 1:colcon.colcon_core.package_identification:_identify(src/pal_sea_arm/pal_sea_arm_bringup) by extension 'colcon_meta'
[0.402s] Level 1:colcon.colcon_core.package_identification:_identify(src/pal_sea_arm/pal_sea_arm_bringup) by extensions ['ros']
[0.402s] Level 1:colcon.colcon_core.package_identification:_identify(src/pal_sea_arm/pal_sea_arm_bringup) by extension 'ros'
[0.403s] DEBUG:colcon.colcon_core.package_identification:Package 'src/pal_sea_arm/pal_sea_arm_bringup' with type 'ros.ament_cmake' and name 'pal_sea_arm_bringup'
[0.403s] Level 1:colcon.colcon_core.package_identification:_identify(src/pal_sea_arm/pal_sea_arm_controller_configuration) by extensions ['ignore', 'ignore_ament_install']
[0.403s] Level 1:colcon.colcon_core.package_identification:_identify(src/pal_sea_arm/pal_sea_arm_controller_configuration) by extension 'ignore'
[0.403s] Level 1:colcon.colcon_core.package_identification:_identify(src/pal_sea_arm/pal_sea_arm_controller_configuration) by extension 'ignore_ament_install'
[0.403s] Level 1:colcon.colcon_core.package_identification:_identify(src/pal_sea_arm/pal_sea_arm_controller_configuration) by extensions ['colcon_pkg']
[0.403s] Level 1:colcon.colcon_core.package_identification:_identify(src/pal_sea_arm/pal_sea_arm_controller_configuration) by extension 'colcon_pkg'
[0.403s] Level 1:colcon.colcon_core.package_identification:_identify(src/pal_sea_arm/pal_sea_arm_controller_configuration) by extensions ['colcon_meta']
[0.403s] Level 1:colcon.colcon_core.package_identification:_identify(src/pal_sea_arm/pal_sea_arm_controller_configuration) by extension 'colcon_meta'
[0.403s] Level 1:colcon.colcon_core.package_identification:_identify(src/pal_sea_arm/pal_sea_arm_controller_configuration) by extensions ['ros']
[0.403s] Level 1:colcon.colcon_core.package_identification:_identify(src/pal_sea_arm/pal_sea_arm_controller_configuration) by extension 'ros'
[0.406s] DEBUG:colcon.colcon_core.package_identification:Package 'src/pal_sea_arm/pal_sea_arm_controller_configuration' with type 'ros.ament_cmake' and name 'pal_sea_arm_controller_configuration'
[0.406s] Level 1:colcon.colcon_core.package_identification:_identify(src/pal_sea_arm/pal_sea_arm_description) by extensions ['ignore', 'ignore_ament_install']
[0.406s] Level 1:colcon.colcon_core.package_identification:_identify(src/pal_sea_arm/pal_sea_arm_description) by extension 'ignore'
[0.406s] Level 1:colcon.colcon_core.package_identification:_identify(src/pal_sea_arm/pal_sea_arm_description) by extension 'ignore_ament_install'
[0.406s] Level 1:colcon.colcon_core.package_identification:_identify(src/pal_sea_arm/pal_sea_arm_description) by extensions ['colcon_pkg']
[0.406s] Level 1:colcon.colcon_core.package_identification:_identify(src/pal_sea_arm/pal_sea_arm_description) by extension 'colcon_pkg'
[0.406s] Level 1:colcon.colcon_core.package_identification:_identify(src/pal_sea_arm/pal_sea_arm_description) by extensions ['colcon_meta']
[0.406s] Level 1:colcon.colcon_core.package_identification:_identify(src/pal_sea_arm/pal_sea_arm_description) by extension 'colcon_meta'
[0.406s] Level 1:colcon.colcon_core.package_identification:_identify(src/pal_sea_arm/pal_sea_arm_description) by extensions ['ros']
[0.406s] Level 1:colcon.colcon_core.package_identification:_identify(src/pal_sea_arm/pal_sea_arm_description) by extension 'ros'
[0.408s] DEBUG:colcon.colcon_core.package_identification:Package 'src/pal_sea_arm/pal_sea_arm_description' with type 'ros.ament_cmake' and name 'pal_sea_arm_description'
[0.408s] Level 1:colcon.colcon_core.package_identification:_identify(src/pal_urdf_utils) by extensions ['ignore', 'ignore_ament_install']
[0.408s] Level 1:colcon.colcon_core.package_identification:_identify(src/pal_urdf_utils) by extension 'ignore'
[0.408s] Level 1:colcon.colcon_core.package_identification:_identify(src/pal_urdf_utils) by extension 'ignore_ament_install'
[0.408s] Level 1:colcon.colcon_core.package_identification:_identify(src/pal_urdf_utils) by extensions ['colcon_pkg']
[0.408s] Level 1:colcon.colcon_core.package_identification:_identify(src/pal_urdf_utils) by extension 'colcon_pkg'
[0.408s] Level 1:colcon.colcon_core.package_identification:_identify(src/pal_urdf_utils) by extensions ['colcon_meta']
[0.408s] Level 1:colcon.colcon_core.package_identification:_identify(src/pal_urdf_utils) by extension 'colcon_meta'
[0.408s] Level 1:colcon.colcon_core.package_identification:_identify(src/pal_urdf_utils) by extensions ['ros']
[0.408s] Level 1:colcon.colcon_core.package_identification:_identify(src/pal_urdf_utils) by extension 'ros'
[0.409s] DEBUG:colcon.colcon_core.package_identification:Package 'src/pal_urdf_utils' with type 'ros.ament_cmake' and name 'pal_urdf_utils'
[0.409s] Level 1:colcon.colcon_core.package_identification:_identify(src/sensors) by extensions ['ignore', 'ignore_ament_install']
[0.409s] Level 1:colcon.colcon_core.package_identification:_identify(src/sensors) by extension 'ignore'
[0.409s] Level 1:colcon.colcon_core.package_identification:_identify(src/sensors) by extension 'ignore_ament_install'
[0.409s] Level 1:colcon.colcon_core.package_identification:_identify(src/sensors) by extensions ['colcon_pkg']
[0.409s] Level 1:colcon.colcon_core.package_identification:_identify(src/sensors) by extension 'colcon_pkg'
[0.409s] Level 1:colcon.colcon_core.package_identification:_identify(src/sensors) by extensions ['colcon_meta']
[0.409s] Level 1:colcon.colcon_core.package_identification:_identify(src/sensors) by extension 'colcon_meta'
[0.409s] Level 1:colcon.colcon_core.package_identification:_identify(src/sensors) by extensions ['ros']
[0.409s] Level 1:colcon.colcon_core.package_identification:_identify(src/sensors) by extension 'ros'
[0.410s] DEBUG:colcon.colcon_core.package_identification:Package 'src/sensors' with type 'ros.ament_python' and name 'sensors'
[0.410s] Level 1:colcon.colcon_core.package_identification:_identify(src/tiago_pro_head_robot) by extensions ['ignore', 'ignore_ament_install']
[0.410s] Level 1:colcon.colcon_core.package_identification:_identify(src/tiago_pro_head_robot) by extension 'ignore'
[0.410s] Level 1:colcon.colcon_core.package_identification:_identify(src/tiago_pro_head_robot) by extension 'ignore_ament_install'
[0.410s] Level 1:colcon.colcon_core.package_identification:_identify(src/tiago_pro_head_robot) by extensions ['colcon_pkg']
[0.410s] Level 1:colcon.colcon_core.package_identification:_identify(src/tiago_pro_head_robot) by extension 'colcon_pkg'
[0.411s] Level 1:colcon.colcon_core.package_identification:_identify(src/tiago_pro_head_robot) by extensions ['colcon_meta']
[0.411s] Level 1:colcon.colcon_core.package_identification:_identify(src/tiago_pro_head_robot) by extension 'colcon_meta'
[0.411s] Level 1:colcon.colcon_core.package_identification:_identify(src/tiago_pro_head_robot) by extensions ['ros']
[0.411s] Level 1:colcon.colcon_core.package_identification:_identify(src/tiago_pro_head_robot) by extension 'ros'
[0.411s] Level 1:colcon.colcon_core.package_identification:_identify(src/tiago_pro_head_robot) by extensions ['cmake', 'python']
[0.411s] Level 1:colcon.colcon_core.package_identification:_identify(src/tiago_pro_head_robot) by extension 'cmake'
[0.411s] Level 1:colcon.colcon_core.package_identification:_identify(src/tiago_pro_head_robot) by extension 'python'
[0.411s] Level 1:colcon.colcon_core.package_identification:_identify(src/tiago_pro_head_robot) by extensions ['python_setup_py']
[0.411s] Level 1:colcon.colcon_core.package_identification:_identify(src/tiago_pro_head_robot) by extension 'python_setup_py'
[0.411s] Level 1:colcon.colcon_core.package_identification:_identify(src/tiago_pro_head_robot/tiago_pro_head_bringup) by extensions ['ignore', 'ignore_ament_install']
[0.411s] Level 1:colcon.colcon_core.package_identification:_identify(src/tiago_pro_head_robot/tiago_pro_head_bringup) by extension 'ignore'
[0.411s] Level 1:colcon.colcon_core.package_identification:_identify(src/tiago_pro_head_robot/tiago_pro_head_bringup) by extension 'ignore_ament_install'
[0.411s] Level 1:colcon.colcon_core.package_identification:_identify(src/tiago_pro_head_robot/tiago_pro_head_bringup) by extensions ['colcon_pkg']
[0.411s] Level 1:colcon.colcon_core.package_identification:_identify(src/tiago_pro_head_robot/tiago_pro_head_bringup) by extension 'colcon_pkg'
[0.411s] Level 1:colcon.colcon_core.package_identification:_identify(src/tiago_pro_head_robot/tiago_pro_head_bringup) by extensions ['colcon_meta']
[0.411s] Level 1:colcon.colcon_core.package_identification:_identify(src/tiago_pro_head_robot/tiago_pro_head_bringup) by extension 'colcon_meta'
[0.411s] Level 1:colcon.colcon_core.package_identification:_identify(src/tiago_pro_head_robot/tiago_pro_head_bringup) by extensions ['ros']
[0.411s] Level 1:colcon.colcon_core.package_identification:_identify(src/tiago_pro_head_robot/tiago_pro_head_bringup) by extension 'ros'
[0.412s] DEBUG:colcon.colcon_core.package_identification:Package 'src/tiago_pro_head_robot/tiago_pro_head_bringup' with type 'ros.ament_cmake' and name 'tiago_pro_head_bringup'
[0.412s] Level 1:colcon.colcon_core.package_identification:_identify(src/tiago_pro_head_robot/tiago_pro_head_controller_configuration) by extensions ['ignore', 'ignore_ament_install']
[0.412s] Level 1:colcon.colcon_core.package_identification:_identify(src/tiago_pro_head_robot/tiago_pro_head_controller_configuration) by extension 'ignore'
[0.412s] Level 1:colcon.colcon_core.package_identification:_identify(src/tiago_pro_head_robot/tiago_pro_head_controller_configuration) by extension 'ignore_ament_install'
[0.412s] Level 1:colcon.colcon_core.package_identification:_identify(src/tiago_pro_head_robot/tiago_pro_head_controller_configuration) by extensions ['colcon_pkg']
[0.412s] Level 1:colcon.colcon_core.package_identification:_identify(src/tiago_pro_head_robot/tiago_pro_head_controller_configuration) by extension 'colcon_pkg'
[0.412s] Level 1:colcon.colcon_core.package_identification:_identify(src/tiago_pro_head_robot/tiago_pro_head_controller_configuration) by extensions ['colcon_meta']
[0.412s] Level 1:colcon.colcon_core.package_identification:_identify(src/tiago_pro_head_robot/tiago_pro_head_controller_configuration) by extension 'colcon_meta'
[0.413s] Level 1:colcon.colcon_core.package_identification:_identify(src/tiago_pro_head_robot/tiago_pro_head_controller_configuration) by extensions ['ros']
[0.413s] Level 1:colcon.colcon_core.package_identification:_identify(src/tiago_pro_head_robot/tiago_pro_head_controller_configuration) by extension 'ros'
[0.413s] DEBUG:colcon.colcon_core.package_identification:Package 'src/tiago_pro_head_robot/tiago_pro_head_controller_configuration' with type 'ros.ament_cmake' and name 'tiago_pro_head_controller_configuration'
[0.414s] Level 1:colcon.colcon_core.package_identification:_identify(src/tiago_pro_head_robot/tiago_pro_head_description) by extensions ['ignore', 'ignore_ament_install']
[0.414s] Level 1:colcon.colcon_core.package_identification:_identify(src/tiago_pro_head_robot/tiago_pro_head_description) by extension 'ignore'
[0.414s] Level 1:colcon.colcon_core.package_identification:_identify(src/tiago_pro_head_robot/tiago_pro_head_description) by extension 'ignore_ament_install'
[0.414s] Level 1:colcon.colcon_core.package_identification:_identify(src/tiago_pro_head_robot/tiago_pro_head_description) by extensions ['colcon_pkg']
[0.414s] Level 1:colcon.colcon_core.package_identification:_identify(src/tiago_pro_head_robot/tiago_pro_head_description) by extension 'colcon_pkg'
[0.414s] Level 1:colcon.colcon_core.package_identification:_identify(src/tiago_pro_head_robot/tiago_pro_head_description) by extensions ['colcon_meta']
[0.414s] Level 1:colcon.colcon_core.package_identification:_identify(src/tiago_pro_head_robot/tiago_pro_head_description) by extension 'colcon_meta'
[0.414s] Level 1:colcon.colcon_core.package_identification:_identify(src/tiago_pro_head_robot/tiago_pro_head_description) by extensions ['ros']
[0.414s] Level 1:colcon.colcon_core.package_identification:_identify(src/tiago_pro_head_robot/tiago_pro_head_description) by extension 'ros'
[0.415s] DEBUG:colcon.colcon_core.package_identification:Package 'src/tiago_pro_head_robot/tiago_pro_head_description' with type 'ros.ament_cmake' and name 'tiago_pro_head_description'
[0.415s] Level 1:colcon.colcon_core.package_identification:_identify(src/tiago_pro_head_robot/tiago_pro_head_robot) by extensions ['ignore', 'ignore_ament_install']
[0.415s] Level 1:colcon.colcon_core.package_identification:_identify(src/tiago_pro_head_robot/tiago_pro_head_robot) by extension 'ignore'
[0.415s] Level 1:colcon.colcon_core.package_identification:_identify(src/tiago_pro_head_robot/tiago_pro_head_robot) by extension 'ignore_ament_install'
[0.415s] Level 1:colcon.colcon_core.package_identification:_identify(src/tiago_pro_head_robot/tiago_pro_head_robot) by extensions ['colcon_pkg']
[0.415s] Level 1:colcon.colcon_core.package_identification:_identify(src/tiago_pro_head_robot/tiago_pro_head_robot) by extension 'colcon_pkg'
[0.415s] Level 1:colcon.colcon_core.package_identification:_identify(src/tiago_pro_head_robot/tiago_pro_head_robot) by extensions ['colcon_meta']
[0.415s] Level 1:colcon.colcon_core.package_identification:_identify(src/tiago_pro_head_robot/tiago_pro_head_robot) by extension 'colcon_meta'
[0.415s] Level 1:colcon.colcon_core.package_identification:_identify(src/tiago_pro_head_robot/tiago_pro_head_robot) by extensions ['ros']
[0.415s] Level 1:colcon.colcon_core.package_identification:_identify(src/tiago_pro_head_robot/tiago_pro_head_robot) by extension 'ros'
[0.416s] DEBUG:colcon.colcon_core.package_identification:Package 'src/tiago_pro_head_robot/tiago_pro_head_robot' with type 'ros.ament_cmake' and name 'tiago_pro_head_robot'
[0.416s] Level 1:colcon.colcon_core.package_identification:_identify(src/tiago_pro_robot) by extensions ['ignore', 'ignore_ament_install']
[0.416s] Level 1:colcon.colcon_core.package_identification:_identify(src/tiago_pro_robot) by extension 'ignore'
[0.416s] Level 1:colcon.colcon_core.package_identification:_identify(src/tiago_pro_robot) by extension 'ignore_ament_install'
[0.416s] Level 1:colcon.colcon_core.package_identification:_identify(src/tiago_pro_robot) by extensions ['colcon_pkg']
[0.416s] Level 1:colcon.colcon_core.package_identification:_identify(src/tiago_pro_robot) by extension 'colcon_pkg'
[0.416s] Level 1:colcon.colcon_core.package_identification:_identify(src/tiago_pro_robot) by extensions ['colcon_meta']
[0.416s] Level 1:colcon.colcon_core.package_identification:_identify(src/tiago_pro_robot) by extension 'colcon_meta'
[0.416s] Level 1:colcon.colcon_core.package_identification:_identify(src/tiago_pro_robot) by extensions ['ros']
[0.416s] Level 1:colcon.colcon_core.package_identification:_identify(src/tiago_pro_robot) by extension 'ros'
[0.416s] Level 1:colcon.colcon_core.package_identification:_identify(src/tiago_pro_robot) by extensions ['cmake', 'python']
[0.416s] Level 1:colcon.colcon_core.package_identification:_identify(src/tiago_pro_robot) by extension 'cmake'
[0.416s] Level 1:colcon.colcon_core.package_identification:_identify(src/tiago_pro_robot) by extension 'python'
[0.416s] Level 1:colcon.colcon_core.package_identification:_identify(src/tiago_pro_robot) by extensions ['python_setup_py']
[0.416s] Level 1:colcon.colcon_core.package_identification:_identify(src/tiago_pro_robot) by extension 'python_setup_py'
[0.416s] Level 1:colcon.colcon_core.package_identification:_identify(src/tiago_pro_robot/tiago_pro_bringup) by extensions ['ignore', 'ignore_ament_install']
[0.416s] Level 1:colcon.colcon_core.package_identification:_identify(src/tiago_pro_robot/tiago_pro_bringup) by extension 'ignore'
[0.416s] Level 1:colcon.colcon_core.package_identification:_identify(src/tiago_pro_robot/tiago_pro_bringup) by extension 'ignore_ament_install'
[0.416s] Level 1:colcon.colcon_core.package_identification:_identify(src/tiago_pro_robot/tiago_pro_bringup) by extensions ['colcon_pkg']
[0.416s] Level 1:colcon.colcon_core.package_identification:_identify(src/tiago_pro_robot/tiago_pro_bringup) by extension 'colcon_pkg'
[0.416s] Level 1:colcon.colcon_core.package_identification:_identify(src/tiago_pro_robot/tiago_pro_bringup) by extensions ['colcon_meta']
[0.416s] Level 1:colcon.colcon_core.package_identification:_identify(src/tiago_pro_robot/tiago_pro_bringup) by extension 'colcon_meta'
[0.416s] Level 1:colcon.colcon_core.package_identification:_identify(src/tiago_pro_robot/tiago_pro_bringup) by extensions ['ros']
[0.416s] Level 1:colcon.colcon_core.package_identification:_identify(src/tiago_pro_robot/tiago_pro_bringup) by extension 'ros'
[0.418s] DEBUG:colcon.colcon_core.package_identification:Package 'src/tiago_pro_robot/tiago_pro_bringup' with type 'ros.ament_cmake' and name 'tiago_pro_bringup'
[0.418s] Level 1:colcon.colcon_core.package_identification:_identify(src/tiago_pro_robot/tiago_pro_controller_configuration) by extensions ['ignore', 'ignore_ament_install']
[0.418s] Level 1:colcon.colcon_core.package_identification:_identify(src/tiago_pro_robot/tiago_pro_controller_configuration) by extension 'ignore'
[0.418s] Level 1:colcon.colcon_core.package_identification:_identify(src/tiago_pro_robot/tiago_pro_controller_configuration) by extension 'ignore_ament_install'
[0.418s] Level 1:colcon.colcon_core.package_identification:_identify(src/tiago_pro_robot/tiago_pro_controller_configuration) by extensions ['colcon_pkg']
[0.418s] Level 1:colcon.colcon_core.package_identification:_identify(src/tiago_pro_robot/tiago_pro_controller_configuration) by extension 'colcon_pkg'
[0.418s] Level 1:colcon.colcon_core.package_identification:_identify(src/tiago_pro_robot/tiago_pro_controller_configuration) by extensions ['colcon_meta']
[0.418s] Level 1:colcon.colcon_core.package_identification:_identify(src/tiago_pro_robot/tiago_pro_controller_configuration) by extension 'colcon_meta'
[0.418s] Level 1:colcon.colcon_core.package_identification:_identify(src/tiago_pro_robot/tiago_pro_controller_configuration) by extensions ['ros']
[0.418s] Level 1:colcon.colcon_core.package_identification:_identify(src/tiago_pro_robot/tiago_pro_controller_configuration) by extension 'ros'
[0.420s] DEBUG:colcon.colcon_core.package_identification:Package 'src/tiago_pro_robot/tiago_pro_controller_configuration' with type 'ros.ament_cmake' and name 'tiago_pro_controller_configuration'
[0.420s] Level 1:colcon.colcon_core.package_identification:_identify(src/tiago_pro_robot/tiago_pro_description) by extensions ['ignore', 'ignore_ament_install']
[0.420s] Level 1:colcon.colcon_core.package_identification:_identify(src/tiago_pro_robot/tiago_pro_description) by extension 'ignore'
[0.420s] Level 1:colcon.colcon_core.package_identification:_identify(src/tiago_pro_robot/tiago_pro_description) by extension 'ignore_ament_install'
[0.420s] Level 1:colcon.colcon_core.package_identification:_identify(src/tiago_pro_robot/tiago_pro_description) by extensions ['colcon_pkg']
[0.420s] Level 1:colcon.colcon_core.package_identification:_identify(src/tiago_pro_robot/tiago_pro_description) by extension 'colcon_pkg'
[0.420s] Level 1:colcon.colcon_core.package_identification:_identify(src/tiago_pro_robot/tiago_pro_description) by extensions ['colcon_meta']
[0.420s] Level 1:colcon.colcon_core.package_identification:_identify(src/tiago_pro_robot/tiago_pro_description) by extension 'colcon_meta'
[0.420s] Level 1:colcon.colcon_core.package_identification:_identify(src/tiago_pro_robot/tiago_pro_description) by extensions ['ros']
[0.420s] Level 1:colcon.colcon_core.package_identification:_identify(src/tiago_pro_robot/tiago_pro_description) by extension 'ros'
[0.421s] DEBUG:colcon.colcon_core.package_identification:Package 'src/tiago_pro_robot/tiago_pro_description' with type 'ros.ament_cmake' and name 'tiago_pro_description'
[0.421s] Level 1:colcon.colcon_core.package_identification:_identify(src/tiago_pro_robot/tiago_pro_robot) by extensions ['ignore', 'ignore_ament_install']
[0.421s] Level 1:colcon.colcon_core.package_identification:_identify(src/tiago_pro_robot/tiago_pro_robot) by extension 'ignore'
[0.421s] Level 1:colcon.colcon_core.package_identification:_identify(src/tiago_pro_robot/tiago_pro_robot) by extension 'ignore_ament_install'
[0.421s] Level 1:colcon.colcon_core.package_identification:_identify(src/tiago_pro_robot/tiago_pro_robot) by extensions ['colcon_pkg']
[0.421s] Level 1:colcon.colcon_core.package_identification:_identify(src/tiago_pro_robot/tiago_pro_robot) by extension 'colcon_pkg'
[0.422s] Level 1:colcon.colcon_core.package_identification:_identify(src/tiago_pro_robot/tiago_pro_robot) by extensions ['colcon_meta']
[0.422s] Level 1:colcon.colcon_core.package_identification:_identify(src/tiago_pro_robot/tiago_pro_robot) by extension 'colcon_meta'
[0.422s] Level 1:colcon.colcon_core.package_identification:_identify(src/tiago_pro_robot/tiago_pro_robot) by extensions ['ros']
[0.422s] Level 1:colcon.colcon_core.package_identification:_identify(src/tiago_pro_robot/tiago_pro_robot) by extension 'ros'
[0.422s] DEBUG:colcon.colcon_core.package_identification:Package 'src/tiago_pro_robot/tiago_pro_robot' with type 'ros.ament_cmake' and name 'tiago_pro_robot'
[0.422s] Level 1:colcon.colcon_core.package_discovery:discover_packages(recursive) using defaults
[0.422s] Level 1:colcon.colcon_core.package_discovery:discover_packages(ignore) discover
[0.422s] Level 1:colcon.colcon_core.package_discovery:discover_packages(ignore) using defaults
[0.422s] Level 1:colcon.colcon_core.package_discovery:discover_packages(path) discover
[0.422s] Level 1:colcon.colcon_core.package_discovery:discover_packages(path) using defaults
[0.462s] Level 5:colcon.colcon_core.verb:set package 'erc_description' build argument 'cmake_args' from command line to 'None'
[0.462s] Level 5:colcon.colcon_core.verb:set package 'erc_description' build argument 'cmake_target' from command line to 'None'
[0.463s] Level 5:colcon.colcon_core.verb:set package 'erc_description' build argument 'cmake_target_skip_unavailable' from command line to 'False'
[0.463s] Level 5:colcon.colcon_core.verb:set package 'erc_description' build argument 'cmake_clean_cache' from command line to 'False'
[0.463s] Level 5:colcon.colcon_core.verb:set package 'erc_description' build argument 'cmake_clean_first' from command line to 'False'
[0.463s] Level 5:colcon.colcon_core.verb:set package 'erc_description' build argument 'cmake_force_configure' from command line to 'False'
[0.463s] Level 5:colcon.colcon_core.verb:set package 'erc_description' build argument 'ament_cmake_args' from command line to 'None'
[0.463s] Level 5:colcon.colcon_core.verb:set package 'erc_description' build argument 'catkin_cmake_args' from command line to 'None'
[0.463s] Level 5:colcon.colcon_core.verb:set package 'erc_description' build argument 'catkin_skip_building_tests' from command line to 'False'
[0.463s] DEBUG:colcon.colcon_core.verb:Building package 'erc_description' with the following arguments: {'ament_cmake_args': None, 'build_base': '/opt/erc_ws/build/erc_description', 'catkin_cmake_args': None, 'catkin_skip_building_tests': False, 'cmake_args': None, 'cmake_clean_cache': False, 'cmake_clean_first': False, 'cmake_force_configure': False, 'cmake_target': None, 'cmake_target_skip_unavailable': False, 'install_base': '/opt/erc_ws/install/erc_description', 'merge_install': False, 'path': '/opt/erc_ws/src/erc_description', 'symlink_install': True, 'test_result_base': None}
[0.463s] Level 5:colcon.colcon_core.verb:set package 'erc_solution' build argument 'cmake_args' from command line to 'None'
[0.463s] Level 5:colcon.colcon_core.verb:set package 'erc_solution' build argument 'cmake_target' from command line to 'None'
[0.463s] Level 5:colcon.colcon_core.verb:set package 'erc_solution' build argument 'cmake_target_skip_unavailable' from command line to 'False'
[0.463s] Level 5:colcon.colcon_core.verb:set package 'erc_solution' build argument 'cmake_clean_cache' from command line to 'False'
[0.463s] Level 5:colcon.colcon_core.verb:set package 'erc_solution' build argument 'cmake_clean_first' from command line to 'False'
[0.463s] Level 5:colcon.colcon_core.verb:set package 'erc_solution' build argument 'cmake_force_configure' from command line to 'False'
[0.463s] Level 5:colcon.colcon_core.verb:set package 'erc_solution' build argument 'ament_cmake_args' from command line to 'None'
[0.463s] Level 5:colcon.colcon_core.verb:set package 'erc_solution' build argument 'catkin_cmake_args' from command line to 'None'
[0.463s] Level 5:colcon.colcon_core.verb:set package 'erc_solution' build argument 'catkin_skip_building_tests' from command line to 'False'
[0.463s] DEBUG:colcon.colcon_core.verb:Building package 'erc_solution' with the following arguments: {'ament_cmake_args': None, 'build_base': '/opt/erc_ws/build/erc_solution', 'catkin_cmake_args': None, 'catkin_skip_building_tests': False, 'cmake_args': None, 'cmake_clean_cache': False, 'cmake_clean_first': False, 'cmake_force_configure': False, 'cmake_target': None, 'cmake_target_skip_unavailable': False, 'install_base': '/opt/erc_ws/install/erc_solution', 'merge_install': False, 'path': '/opt/erc_ws/src/erc_solution', 'symlink_install': True, 'test_result_base': None}
[0.464s] Level 5:colcon.colcon_core.verb:set package 'gz_ros2_control' build argument 'cmake_args' from command line to 'None'
[0.464s] Level 5:colcon.colcon_core.verb:set package 'gz_ros2_control' build argument 'cmake_target' from command line to 'None'
[0.464s] Level 5:colcon.colcon_core.verb:set package 'gz_ros2_control' build argument 'cmake_target_skip_unavailable' from command line to 'False'
[0.464s] Level 5:colcon.colcon_core.verb:set package 'gz_ros2_control' build argument 'cmake_clean_cache' from command line to 'False'
[0.464s] Level 5:colcon.colcon_core.verb:set package 'gz_ros2_control' build argument 'cmake_clean_first' from command line to 'False'
[0.464s] Level 5:colcon.colcon_core.verb:set package 'gz_ros2_control' build argument 'cmake_force_configure' from command line to 'False'
[0.464s] Level 5:colcon.colcon_core.verb:set package 'gz_ros2_control' build argument 'ament_cmake_args' from command line to 'None'
[0.464s] Level 5:colcon.colcon_core.verb:set package 'gz_ros2_control' build argument 'catkin_cmake_args' from command line to 'None'
[0.464s] Level 5:colcon.colcon_core.verb:set package 'gz_ros2_control' build argument 'catkin_skip_building_tests' from command line to 'False'
[0.464s] DEBUG:colcon.colcon_core.verb:Building package 'gz_ros2_control' with the following arguments: {'ament_cmake_args': None, 'build_base': '/opt/erc_ws/build/gz_ros2_control', 'catkin_cmake_args': None, 'catkin_skip_building_tests': False, 'cmake_args': None, 'cmake_clean_cache': False, 'cmake_clean_first': False, 'cmake_force_configure': False, 'cmake_target': None, 'cmake_target_skip_unavailable': False, 'install_base': '/opt/erc_ws/install/gz_ros2_control', 'merge_install': False, 'path': '/opt/erc_ws/src/gz_ros2_control/gz_ros2_control', 'symlink_install': True, 'test_result_base': None}
[0.464s] Level 5:colcon.colcon_core.verb:set package 'launch_pal' build argument 'cmake_args' from command line to 'None'
[0.464s] Level 5:colcon.colcon_core.verb:set package 'launch_pal' build argument 'cmake_target' from command line to 'None'
[0.464s] Level 5:colcon.colcon_core.verb:set package 'launch_pal' build argument 'cmake_target_skip_unavailable' from command line to 'False'
[0.464s] Level 5:colcon.colcon_core.verb:set package 'launch_pal' build argument 'cmake_clean_cache' from command line to 'False'
[0.464s] Level 5:colcon.colcon_core.verb:set package 'launch_pal' build argument 'cmake_clean_first' from command line to 'False'
[0.464s] Level 5:colcon.colcon_core.verb:set package 'launch_pal' build argument 'cmake_force_configure' from command line to 'False'
[0.464s] Level 5:colcon.colcon_core.verb:set package 'launch_pal' build argument 'ament_cmake_args' from command line to 'None'
[0.464s] Level 5:colcon.colcon_core.verb:set package 'launch_pal' build argument 'catkin_cmake_args' from command line to 'None'
[0.464s] Level 5:colcon.colcon_core.verb:set package 'launch_pal' build argument 'catkin_skip_building_tests' from command line to 'False'
[0.464s] DEBUG:colcon.colcon_core.verb:Building package 'launch_pal' with the following arguments: {'ament_cmake_args': None, 'build_base': '/opt/erc_ws/build/launch_pal', 'catkin_cmake_args': None, 'catkin_skip_building_tests': False, 'cmake_args': None, 'cmake_clean_cache': False, 'cmake_clean_first': False, 'cmake_force_configure': False, 'cmake_target': None, 'cmake_target_skip_unavailable': False, 'install_base': '/opt/erc_ws/install/launch_pal', 'merge_install': False, 'path': '/opt/erc_ws/src/launch_pal', 'symlink_install': True, 'test_result_base': None}
[0.464s] Level 5:colcon.colcon_core.verb:set package 'omni_base_controller_configuration' build argument 'cmake_args' from command line to 'None'
[0.465s] Level 5:colcon.colcon_core.verb:set package 'omni_base_controller_configuration' build argument 'cmake_target' from command line to 'None'
[0.465s] Level 5:colcon.colcon_core.verb:set package 'omni_base_controller_configuration' build argument 'cmake_target_skip_unavailable' from command line to 'False'
[0.465s] Level 5:colcon.colcon_core.verb:set package 'omni_base_controller_configuration' build argument 'cmake_clean_cache' from command line to 'False'
[0.465s] Level 5:colcon.colcon_core.verb:set package 'omni_base_controller_configuration' build argument 'cmake_clean_first' from command line to 'False'
[0.465s] Level 5:colcon.colcon_core.verb:set package 'omni_base_controller_configuration' build argument 'cmake_force_configure' from command line to 'False'
[0.465s] Level 5:colcon.colcon_core.verb:set package 'omni_base_controller_configuration' build argument 'ament_cmake_args' from command line to 'None'
[0.465s] Level 5:colcon.colcon_core.verb:set package 'omni_base_controller_configuration' build argument 'catkin_cmake_args' from command line to 'None'
[0.465s] Level 5:colcon.colcon_core.verb:set package 'omni_base_controller_configuration' build argument 'catkin_skip_building_tests' from command line to 'False'
[0.465s] DEBUG:colcon.colcon_core.verb:Building package 'omni_base_controller_configuration' with the following arguments: {'ament_cmake_args': None, 'build_base': '/opt/erc_ws/build/omni_base_controller_configuration', 'catkin_cmake_args': None, 'catkin_skip_building_tests': False, 'cmake_args': None, 'cmake_clean_cache': False, 'cmake_clean_first': False, 'cmake_force_configure': False, 'cmake_target': None, 'cmake_target_skip_unavailable': False, 'install_base': '/opt/erc_ws/install/omni_base_controller_configuration', 'merge_install': False, 'path': '/opt/erc_ws/src/omni_base_robot/omni_base_controller_configuration', 'symlink_install': True, 'test_result_base': None}
[0.465s] Level 5:colcon.colcon_core.verb:set package 'pal_gripper_controller_configuration' build argument 'cmake_args' from command line to 'None'
[0.465s] Level 5:colcon.colcon_core.verb:set package 'pal_gripper_controller_configuration' build argument 'cmake_target' from command line to 'None'
[0.465s] Level 5:colcon.colcon_core.verb:set package 'pal_gripper_controller_configuration' build argument 'cmake_target_skip_unavailable' from command line to 'False'
[0.465s] Level 5:colcon.colcon_core.verb:set package 'pal_gripper_controller_configuration' build argument 'cmake_clean_cache' from command line to 'False'
[0.465s] Level 5:colcon.colcon_core.verb:set package 'pal_gripper_controller_configuration' build argument 'cmake_clean_first' from command line to 'False'
[0.465s] Level 5:colcon.colcon_core.verb:set package 'pal_gripper_controller_configuration' build argument 'cmake_force_configure' from command line to 'False'
[0.465s] Level 5:colcon.colcon_core.verb:set package 'pal_gripper_controller_configuration' build argument 'ament_cmake_args' from command line to 'None'
[0.465s] Level 5:colcon.colcon_core.verb:set package 'pal_gripper_controller_configuration' build argument 'catkin_cmake_args' from command line to 'None'
[0.465s] Level 5:colcon.colcon_core.verb:set package 'pal_gripper_controller_configuration' build argument 'catkin_skip_building_tests' from command line to 'False'
[0.465s] DEBUG:colcon.colcon_core.verb:Building package 'pal_gripper_controller_configuration' with the following arguments: {'ament_cmake_args': None, 'build_base': '/opt/erc_ws/build/pal_gripper_controller_configuration', 'catkin_cmake_args': None, 'catkin_skip_building_tests': False, 'cmake_args': None, 'cmake_clean_cache': False, 'cmake_clean_first': False, 'cmake_force_configure': False, 'cmake_target': None, 'cmake_target_skip_unavailable': False, 'install_base': '/opt/erc_ws/install/pal_gripper_controller_configuration', 'merge_install': False, 'path': '/opt/erc_ws/src/pal_gripper/pal_gripper_controller_configuration', 'symlink_install': True, 'test_result_base': None}
[0.465s] Level 5:colcon.colcon_core.verb:set package 'pal_pro_gripper_wrapper' build argument 'cmake_args' from command line to 'None'
[0.465s] Level 5:colcon.colcon_core.verb:set package 'pal_pro_gripper_wrapper' build argument 'cmake_target' from command line to 'None'
[0.465s] Level 5:colcon.colcon_core.verb:set package 'pal_pro_gripper_wrapper' build argument 'cmake_target_skip_unavailable' from command line to 'False'
[0.465s] Level 5:colcon.colcon_core.verb:set package 'pal_pro_gripper_wrapper' build argument 'cmake_clean_cache' from command line to 'False'
[0.465s] Level 5:colcon.colcon_core.verb:set package 'pal_pro_gripper_wrapper' build argument 'cmake_clean_first' from command line to 'False'
[0.465s] Level 5:colcon.colcon_core.verb:set package 'pal_pro_gripper_wrapper' build argument 'cmake_force_configure' from command line to 'False'
[0.465s] Level 5:colcon.colcon_core.verb:set package 'pal_pro_gripper_wrapper' build argument 'ament_cmake_args' from command line to 'None'
[0.465s] Level 5:colcon.colcon_core.verb:set package 'pal_pro_gripper_wrapper' build argument 'catkin_cmake_args' from command line to 'None'
[0.465s] Level 5:colcon.colcon_core.verb:set package 'pal_pro_gripper_wrapper' build argument 'catkin_skip_building_tests' from command line to 'False'
[0.466s] DEBUG:colcon.colcon_core.verb:Building package 'pal_pro_gripper_wrapper' with the following arguments: {'ament_cmake_args': None, 'build_base': '/opt/erc_ws/build/pal_pro_gripper_wrapper', 'catkin_cmake_args': None, 'catkin_skip_building_tests': False, 'cmake_args': None, 'cmake_clean_cache': False, 'cmake_clean_first': False, 'cmake_force_configure': False, 'cmake_target': None, 'cmake_target_skip_unavailable': False, 'install_base': '/opt/erc_ws/install/pal_pro_gripper_wrapper', 'merge_install': False, 'path': '/opt/erc_ws/src/pal_pro_gripper/pal_pro_gripper_wrapper', 'symlink_install': True, 'test_result_base': None}
[0.466s] Level 5:colcon.colcon_core.verb:set package 'pal_urdf_utils' build argument 'cmake_args' from command line to 'None'
[0.466s] Level 5:colcon.colcon_core.verb:set package 'pal_urdf_utils' build argument 'cmake_target' from command line to 'None'
[0.466s] Level 5:colcon.colcon_core.verb:set package 'pal_urdf_utils' build argument 'cmake_target_skip_unavailable' from command line to 'False'
[0.466s] Level 5:colcon.colcon_core.verb:set package 'pal_urdf_utils' build argument 'cmake_clean_cache' from command line to 'False'
[0.466s] Level 5:colcon.colcon_core.verb:set package 'pal_urdf_utils' build argument 'cmake_clean_first' from command line to 'False'
[0.466s] Level 5:colcon.colcon_core.verb:set package 'pal_urdf_utils' build argument 'cmake_force_configure' from command line to 'False'
[0.466s] Level 5:colcon.colcon_core.verb:set package 'pal_urdf_utils' build argument 'ament_cmake_args' from command line to 'None'
[0.466s] Level 5:colcon.colcon_core.verb:set package 'pal_urdf_utils' build argument 'catkin_cmake_args' from command line to 'None'
[0.466s] Level 5:colcon.colcon_core.verb:set package 'pal_urdf_utils' build argument 'catkin_skip_building_tests' from command line to 'False'
[0.466s] DEBUG:colcon.colcon_core.verb:Building package 'pal_urdf_utils' with the following arguments: {'ament_cmake_args': None, 'build_base': '/opt/erc_ws/build/pal_urdf_utils', 'catkin_cmake_args': None, 'catkin_skip_building_tests': False, 'cmake_args': None, 'cmake_clean_cache': False, 'cmake_clean_first': False, 'cmake_force_configure': False, 'cmake_target': None, 'cmake_target_skip_unavailable': False, 'install_base': '/opt/erc_ws/install/pal_urdf_utils', 'merge_install': False, 'path': '/opt/erc_ws/src/pal_urdf_utils', 'symlink_install': True, 'test_result_base': None}
[0.466s] Level 5:colcon.colcon_core.verb:set package 'sensors' build argument 'cmake_args' from command line to 'None'
[0.466s] Level 5:colcon.colcon_core.verb:set package 'sensors' build argument 'cmake_target' from command line to 'None'
[0.466s] Level 5:colcon.colcon_core.verb:set package 'sensors' build argument 'cmake_target_skip_unavailable' from command line to 'False'
[0.466s] Level 5:colcon.colcon_core.verb:set package 'sensors' build argument 'cmake_clean_cache' from command line to 'False'
[0.466s] Level 5:colcon.colcon_core.verb:set package 'sensors' build argument 'cmake_clean_first' from command line to 'False'
[0.466s] Level 5:colcon.colcon_core.verb:set package 'sensors' build argument 'cmake_force_configure' from command line to 'False'
[0.466s] Level 5:colcon.colcon_core.verb:set package 'sensors' build argument 'ament_cmake_args' from command line to 'None'
[0.466s] Level 5:colcon.colcon_core.verb:set package 'sensors' build argument 'catkin_cmake_args' from command line to 'None'
[0.466s] Level 5:colcon.colcon_core.verb:set package 'sensors' build argument 'catkin_skip_building_tests' from command line to 'False'
[0.466s] DEBUG:colcon.colcon_core.verb:Building package 'sensors' with the following arguments: {'ament_cmake_args': None, 'build_base': '/opt/erc_ws/build/sensors', 'catkin_cmake_args': None, 'catkin_skip_building_tests': False, 'cmake_args': None, 'cmake_clean_cache': False, 'cmake_clean_first': False, 'cmake_force_configure': False, 'cmake_target': None, 'cmake_target_skip_unavailable': False, 'install_base': '/opt/erc_ws/install/sensors', 'merge_install': False, 'path': '/opt/erc_ws/src/sensors', 'symlink_install': True, 'test_result_base': None}
[0.467s] Level 5:colcon.colcon_core.verb:set package 'omni_base_description' build argument 'cmake_args' from command line to 'None'
[0.467s] Level 5:colcon.colcon_core.verb:set package 'omni_base_description' build argument 'cmake_target' from command line to 'None'
[0.467s] Level 5:colcon.colcon_core.verb:set package 'omni_base_description' build argument 'cmake_target_skip_unavailable' from command line to 'False'
[0.467s] Level 5:colcon.colcon_core.verb:set package 'omni_base_description' build argument 'cmake_clean_cache' from command line to 'False'
[0.467s] Level 5:colcon.colcon_core.verb:set package 'omni_base_description' build argument 'cmake_clean_first' from command line to 'False'
[0.467s] Level 5:colcon.colcon_core.verb:set package 'omni_base_description' build argument 'cmake_force_configure' from command line to 'False'
[0.467s] Level 5:colcon.colcon_core.verb:set package 'omni_base_description' build argument 'ament_cmake_args' from command line to 'None'
[0.467s] Level 5:colcon.colcon_core.verb:set package 'omni_base_description' build argument 'catkin_cmake_args' from command line to 'None'
[0.467s] Level 5:colcon.colcon_core.verb:set package 'omni_base_description' build argument 'catkin_skip_building_tests' from command line to 'False'
[0.467s] DEBUG:colcon.colcon_core.verb:Building package 'omni_base_description' with the following arguments: {'ament_cmake_args': None, 'build_base': '/opt/erc_ws/build/omni_base_description', 'catkin_cmake_args': None, 'catkin_skip_building_tests': False, 'cmake_args': None, 'cmake_clean_cache': False, 'cmake_clean_first': False, 'cmake_force_configure': False, 'cmake_target': None, 'cmake_target_skip_unavailable': False, 'install_base': '/opt/erc_ws/install/omni_base_description', 'merge_install': False, 'path': '/opt/erc_ws/src/omni_base_robot/omni_base_description', 'symlink_install': True, 'test_result_base': None}
[0.467s] Level 5:colcon.colcon_core.verb:set package 'pal_gripper_description' build argument 'cmake_args' from command line to 'None'
[0.467s] Level 5:colcon.colcon_core.verb:set package 'pal_gripper_description' build argument 'cmake_target' from command line to 'None'
[0.467s] Level 5:colcon.colcon_core.verb:set package 'pal_gripper_description' build argument 'cmake_target_skip_unavailable' from command line to 'False'
[0.467s] Level 5:colcon.colcon_core.verb:set package 'pal_gripper_description' build argument 'cmake_clean_cache' from command line to 'False'
[0.467s] Level 5:colcon.colcon_core.verb:set package 'pal_gripper_description' build argument 'cmake_clean_first' from command line to 'False'
[0.467s] Level 5:colcon.colcon_core.verb:set package 'pal_gripper_description' build argument 'cmake_force_configure' from command line to 'False'
[0.467s] Level 5:colcon.colcon_core.verb:set package 'pal_gripper_description' build argument 'ament_cmake_args' from command line to 'None'
[0.467s] Level 5:colcon.colcon_core.verb:set package 'pal_gripper_description' build argument 'catkin_cmake_args' from command line to 'None'
[0.467s] Level 5:colcon.colcon_core.verb:set package 'pal_gripper_description' build argument 'catkin_skip_building_tests' from command line to 'False'
[0.467s] DEBUG:colcon.colcon_core.verb:Building package 'pal_gripper_description' with the following arguments: {'ament_cmake_args': None, 'build_base': '/opt/erc_ws/build/pal_gripper_description', 'catkin_cmake_args': None, 'catkin_skip_building_tests': False, 'cmake_args': None, 'cmake_clean_cache': False, 'cmake_clean_first': False, 'cmake_force_configure': False, 'cmake_target': None, 'cmake_target_skip_unavailable': False, 'install_base': '/opt/erc_ws/install/pal_gripper_description', 'merge_install': False, 'path': '/opt/erc_ws/src/pal_gripper/pal_gripper_description', 'symlink_install': True, 'test_result_base': None}
[0.468s] Level 5:colcon.colcon_core.verb:set package 'pal_pro_gripper_controller_configuration' build argument 'cmake_args' from command line to 'None'
[0.468s] Level 5:colcon.colcon_core.verb:set package 'pal_pro_gripper_controller_configuration' build argument 'cmake_target' from command line to 'None'
[0.468s] Level 5:colcon.colcon_core.verb:set package 'pal_pro_gripper_controller_configuration' build argument 'cmake_target_skip_unavailable' from command line to 'False'
[0.468s] Level 5:colcon.colcon_core.verb:set package 'pal_pro_gripper_controller_configuration' build argument 'cmake_clean_cache' from command line to 'False'
[0.468s] Level 5:colcon.colcon_core.verb:set package 'pal_pro_gripper_controller_configuration' build argument 'cmake_clean_first' from command line to 'False'
[0.468s] Level 5:colcon.colcon_core.verb:set package 'pal_pro_gripper_controller_configuration' build argument 'cmake_force_configure' from command line to 'False'
[0.468s] Level 5:colcon.colcon_core.verb:set package 'pal_pro_gripper_controller_configuration' build argument 'ament_cmake_args' from command line to 'None'
[0.468s] Level 5:colcon.colcon_core.verb:set package 'pal_pro_gripper_controller_configuration' build argument 'catkin_cmake_args' from command line to 'None'
[0.468s] Level 5:colcon.colcon_core.verb:set package 'pal_pro_gripper_controller_configuration' build argument 'catkin_skip_building_tests' from command line to 'False'
[0.468s] DEBUG:colcon.colcon_core.verb:Building package 'pal_pro_gripper_controller_configuration' with the following arguments: {'ament_cmake_args': None, 'build_base': '/opt/erc_ws/build/pal_pro_gripper_controller_configuration', 'catkin_cmake_args': None, 'catkin_skip_building_tests': False, 'cmake_args': None, 'cmake_clean_cache': False, 'cmake_clean_first': False, 'cmake_force_configure': False, 'cmake_target': None, 'cmake_target_skip_unavailable': False, 'install_base': '/opt/erc_ws/install/pal_pro_gripper_controller_configuration', 'merge_install': False, 'path': '/opt/erc_ws/src/pal_pro_gripper/pal_pro_gripper_controller_configuration', 'symlink_install': True, 'test_result_base': None}
[0.468s] Level 5:colcon.colcon_core.verb:set package 'pal_pro_gripper_description' build argument 'cmake_args' from command line to 'None'
[0.468s] Level 5:colcon.colcon_core.verb:set package 'pal_pro_gripper_description' build argument 'cmake_target' from command line to 'None'
[0.468s] Level 5:colcon.colcon_core.verb:set package 'pal_pro_gripper_description' build argument 'cmake_target_skip_unavailable' from command line to 'False'
[0.468s] Level 5:colcon.colcon_core.verb:set package 'pal_pro_gripper_description' build argument 'cmake_clean_cache' from command line to 'False'
[0.468s] Level 5:colcon.colcon_core.verb:set package 'pal_pro_gripper_description' build argument 'cmake_clean_first' from command line to 'False'
[0.468s] Level 5:colcon.colcon_core.verb:set package 'pal_pro_gripper_description' build argument 'cmake_force_configure' from command line to 'False'
[0.468s] Level 5:colcon.colcon_core.verb:set package 'pal_pro_gripper_description' build argument 'ament_cmake_args' from command line to 'None'
[0.468s] Level 5:colcon.colcon_core.verb:set package 'pal_pro_gripper_description' build argument 'catkin_cmake_args' from command line to 'None'
[0.468s] Level 5:colcon.colcon_core.verb:set package 'pal_pro_gripper_description' build argument 'catkin_skip_building_tests' from command line to 'False'
[0.468s] DEBUG:colcon.colcon_core.verb:Building package 'pal_pro_gripper_description' with the following arguments: {'ament_cmake_args': None, 'build_base': '/opt/erc_ws/build/pal_pro_gripper_description', 'catkin_cmake_args': None, 'catkin_skip_building_tests': False, 'cmake_args': None, 'cmake_clean_cache': False, 'cmake_clean_first': False, 'cmake_force_configure': False, 'cmake_target': None, 'cmake_target_skip_unavailable': False, 'install_base': '/opt/erc_ws/install/pal_pro_gripper_description', 'merge_install': False, 'path': '/opt/erc_ws/src/pal_pro_gripper/pal_pro_gripper_description', 'symlink_install': True, 'test_result_base': None}
[0.469s] Level 5:colcon.colcon_core.verb:set package 'tiago_pro_head_controller_configuration' build argument 'cmake_args' from command line to 'None'
[0.469s] Level 5:colcon.colcon_core.verb:set package 'tiago_pro_head_controller_configuration' build argument 'cmake_target' from command line to 'None'
[0.469s] Level 5:colcon.colcon_core.verb:set package 'tiago_pro_head_controller_configuration' build argument 'cmake_target_skip_unavailable' from command line to 'False'
[0.469s] Level 5:colcon.colcon_core.verb:set package 'tiago_pro_head_controller_configuration' build argument 'cmake_clean_cache' from command line to 'False'
[0.469s] Level 5:colcon.colcon_core.verb:set package 'tiago_pro_head_controller_configuration' build argument 'cmake_clean_first' from command line to 'False'
[0.469s] Level 5:colcon.colcon_core.verb:set package 'tiago_pro_head_controller_configuration' build argument 'cmake_force_configure' from command line to 'False'
[0.469s] Level 5:colcon.colcon_core.verb:set package 'tiago_pro_head_controller_configuration' build argument 'ament_cmake_args' from command line to 'None'
[0.469s] Level 5:colcon.colcon_core.verb:set package 'tiago_pro_head_controller_configuration' build argument 'catkin_cmake_args' from command line to 'None'
[0.469s] Level 5:colcon.colcon_core.verb:set package 'tiago_pro_head_controller_configuration' build argument 'catkin_skip_building_tests' from command line to 'False'
[0.469s] DEBUG:colcon.colcon_core.verb:Building package 'tiago_pro_head_controller_configuration' with the following arguments: {'ament_cmake_args': None, 'build_base': '/opt/erc_ws/build/tiago_pro_head_controller_configuration', 'catkin_cmake_args': None, 'catkin_skip_building_tests': False, 'cmake_args': None, 'cmake_clean_cache': False, 'cmake_clean_first': False, 'cmake_force_configure': False, 'cmake_target': None, 'cmake_target_skip_unavailable': False, 'install_base': '/opt/erc_ws/install/tiago_pro_head_controller_configuration', 'merge_install': False, 'path': '/opt/erc_ws/src/tiago_pro_head_robot/tiago_pro_head_controller_configuration', 'symlink_install': True, 'test_result_base': None}
[0.469s] Level 5:colcon.colcon_core.verb:set package 'omni_base_bringup' build argument 'cmake_args' from command line to 'None'
[0.469s] Level 5:colcon.colcon_core.verb:set package 'omni_base_bringup' build argument 'cmake_target' from command line to 'None'
[0.470s] Level 5:colcon.colcon_core.verb:set package 'omni_base_bringup' build argument 'cmake_target_skip_unavailable' from command line to 'False'
[0.470s] Level 5:colcon.colcon_core.verb:set package 'omni_base_bringup' build argument 'cmake_clean_cache' from command line to 'False'
[0.470s] Level 5:colcon.colcon_core.verb:set package 'omni_base_bringup' build argument 'cmake_clean_first' from command line to 'False'
[0.470s] Level 5:colcon.colcon_core.verb:set package 'omni_base_bringup' build argument 'cmake_force_configure' from command line to 'False'
[0.470s] Level 5:colcon.colcon_core.verb:set package 'omni_base_bringup' build argument 'ament_cmake_args' from command line to 'None'
[0.470s] Level 5:colcon.colcon_core.verb:set package 'omni_base_bringup' build argument 'catkin_cmake_args' from command line to 'None'
[0.470s] Level 5:colcon.colcon_core.verb:set package 'omni_base_bringup' build argument 'catkin_skip_building_tests' from command line to 'False'
[0.470s] DEBUG:colcon.colcon_core.verb:Building package 'omni_base_bringup' with the following arguments: {'ament_cmake_args': None, 'build_base': '/opt/erc_ws/build/omni_base_bringup', 'catkin_cmake_args': None, 'catkin_skip_building_tests': False, 'cmake_args': None, 'cmake_clean_cache': False, 'cmake_clean_first': False, 'cmake_force_configure': False, 'cmake_target': None, 'cmake_target_skip_unavailable': False, 'install_base': '/opt/erc_ws/install/omni_base_bringup', 'merge_install': False, 'path': '/opt/erc_ws/src/omni_base_robot/omni_base_bringup', 'symlink_install': True, 'test_result_base': None}
[0.470s] Level 5:colcon.colcon_core.verb:set package 'pal_gripper' build argument 'cmake_args' from command line to 'None'
[0.470s] Level 5:colcon.colcon_core.verb:set package 'pal_gripper' build argument 'cmake_target' from command line to 'None'
[0.470s] Level 5:colcon.colcon_core.verb:set package 'pal_gripper' build argument 'cmake_target_skip_unavailable' from command line to 'False'
[0.470s] Level 5:colcon.colcon_core.verb:set package 'pal_gripper' build argument 'cmake_clean_cache' from command line to 'False'
[0.470s] Level 5:colcon.colcon_core.verb:set package 'pal_gripper' build argument 'cmake_clean_first' from command line to 'False'
[0.470s] Level 5:colcon.colcon_core.verb:set package 'pal_gripper' build argument 'cmake_force_configure' from command line to 'False'
[0.470s] Level 5:colcon.colcon_core.verb:set package 'pal_gripper' build argument 'ament_cmake_args' from command line to 'None'
[0.470s] Level 5:colcon.colcon_core.verb:set package 'pal_gripper' build argument 'catkin_cmake_args' from command line to 'None'
[0.470s] Level 5:colcon.colcon_core.verb:set package 'pal_gripper' build argument 'catkin_skip_building_tests' from command line to 'False'
[0.470s] DEBUG:colcon.colcon_core.verb:Building package 'pal_gripper' with the following arguments: {'ament_cmake_args': None, 'build_base': '/opt/erc_ws/build/pal_gripper', 'catkin_cmake_args': None, 'catkin_skip_building_tests': False, 'cmake_args': None, 'cmake_clean_cache': False, 'cmake_clean_first': False, 'cmake_force_configure': False, 'cmake_target': None, 'cmake_target_skip_unavailable': False, 'install_base': '/opt/erc_ws/install/pal_gripper', 'merge_install': False, 'path': '/opt/erc_ws/src/pal_gripper/pal_gripper', 'symlink_install': True, 'test_result_base': None}
[0.471s] Level 5:colcon.colcon_core.verb:set package 'pal_gripper_simulation' build argument 'cmake_args' from command line to 'None'
[0.471s] Level 5:colcon.colcon_core.verb:set package 'pal_gripper_simulation' build argument 'cmake_target' from command line to 'None'
[0.471s] Level 5:colcon.colcon_core.verb:set package 'pal_gripper_simulation' build argument 'cmake_target_skip_unavailable' from command line to 'False'
[0.471s] Level 5:colcon.colcon_core.verb:set package 'pal_gripper_simulation' build argument 'cmake_clean_cache' from command line to 'False'
[0.471s] Level 5:colcon.colcon_core.verb:set package 'pal_gripper_simulation' build argument 'cmake_clean_first' from command line to 'False'
[0.471s] Level 5:colcon.colcon_core.verb:set package 'pal_gripper_simulation' build argument 'cmake_force_configure' from command line to 'False'
[0.471s] Level 5:colcon.colcon_core.verb:set package 'pal_gripper_simulation' build argument 'ament_cmake_args' from command line to 'None'
[0.471s] Level 5:colcon.colcon_core.verb:set package 'pal_gripper_simulation' build argument 'catkin_cmake_args' from command line to 'None'
[0.471s] Level 5:colcon.colcon_core.verb:set package 'pal_gripper_simulation' build argument 'catkin_skip_building_tests' from command line to 'False'
[0.471s] DEBUG:colcon.colcon_core.verb:Building package 'pal_gripper_simulation' with the following arguments: {'ament_cmake_args': None, 'build_base': '/opt/erc_ws/build/pal_gripper_simulation', 'catkin_cmake_args': None, 'catkin_skip_building_tests': False, 'cmake_args': None, 'cmake_clean_cache': False, 'cmake_clean_first': False, 'cmake_force_configure': False, 'cmake_target': None, 'cmake_target_skip_unavailable': False, 'install_base': '/opt/erc_ws/install/pal_gripper_simulation', 'merge_install': False, 'path': '/opt/erc_ws/src/pal_gripper/pal_gripper_simulation', 'symlink_install': True, 'test_result_base': None}
[0.471s] Level 5:colcon.colcon_core.verb:set package 'pal_pro_gripper' build argument 'cmake_args' from command line to 'None'
[0.471s] Level 5:colcon.colcon_core.verb:set package 'pal_pro_gripper' build argument 'cmake_target' from command line to 'None'
[0.471s] Level 5:colcon.colcon_core.verb:set package 'pal_pro_gripper' build argument 'cmake_target_skip_unavailable' from command line to 'False'
[0.471s] Level 5:colcon.colcon_core.verb:set package 'pal_pro_gripper' build argument 'cmake_clean_cache' from command line to 'False'
[0.471s] Level 5:colcon.colcon_core.verb:set package 'pal_pro_gripper' build argument 'cmake_clean_first' from command line to 'False'
[0.471s] Level 5:colcon.colcon_core.verb:set package 'pal_pro_gripper' build argument 'cmake_force_configure' from command line to 'False'
[0.471s] Level 5:colcon.colcon_core.verb:set package 'pal_pro_gripper' build argument 'ament_cmake_args' from command line to 'None'
[0.471s] Level 5:colcon.colcon_core.verb:set package 'pal_pro_gripper' build argument 'catkin_cmake_args' from command line to 'None'
[0.471s] Level 5:colcon.colcon_core.verb:set package 'pal_pro_gripper' build argument 'catkin_skip_building_tests' from command line to 'False'
[0.471s] DEBUG:colcon.colcon_core.verb:Building package 'pal_pro_gripper' with the following arguments: {'ament_cmake_args': None, 'build_base': '/opt/erc_ws/build/pal_pro_gripper', 'catkin_cmake_args': None, 'catkin_skip_building_tests': False, 'cmake_args': None, 'cmake_clean_cache': False, 'cmake_clean_first': False, 'cmake_force_configure': False, 'cmake_target': None, 'cmake_target_skip_unavailable': False, 'install_base': '/opt/erc_ws/install/pal_pro_gripper', 'merge_install': False, 'path': '/opt/erc_ws/src/pal_pro_gripper/pal_pro_gripper', 'symlink_install': True, 'test_result_base': None}
[0.472s] Level 5:colcon.colcon_core.verb:set package 'pal_pro_gripper_bringup' build argument 'cmake_args' from command line to 'None'
[0.472s] Level 5:colcon.colcon_core.verb:set package 'pal_pro_gripper_bringup' build argument 'cmake_target' from command line to 'None'
[0.472s] Level 5:colcon.colcon_core.verb:set package 'pal_pro_gripper_bringup' build argument 'cmake_target_skip_unavailable' from command line to 'False'
[0.472s] Level 5:colcon.colcon_core.verb:set package 'pal_pro_gripper_bringup' build argument 'cmake_clean_cache' from command line to 'False'
[0.472s] Level 5:colcon.colcon_core.verb:set package 'pal_pro_gripper_bringup' build argument 'cmake_clean_first' from command line to 'False'
[0.472s] Level 5:colcon.colcon_core.verb:set package 'pal_pro_gripper_bringup' build argument 'cmake_force_configure' from command line to 'False'
[0.472s] Level 5:colcon.colcon_core.verb:set package 'pal_pro_gripper_bringup' build argument 'ament_cmake_args' from command line to 'None'
[0.472s] Level 5:colcon.colcon_core.verb:set package 'pal_pro_gripper_bringup' build argument 'catkin_cmake_args' from command line to 'None'
[0.472s] Level 5:colcon.colcon_core.verb:set package 'pal_pro_gripper_bringup' build argument 'catkin_skip_building_tests' from command line to 'False'
[0.472s] DEBUG:colcon.colcon_core.verb:Building package 'pal_pro_gripper_bringup' with the following arguments: {'ament_cmake_args': None, 'build_base': '/opt/erc_ws/build/pal_pro_gripper_bringup', 'catkin_cmake_args': None, 'catkin_skip_building_tests': False, 'cmake_args': None, 'cmake_clean_cache': False, 'cmake_clean_first': False, 'cmake_force_configure': False, 'cmake_target': None, 'cmake_target_skip_unavailable': False, 'install_base': '/opt/erc_ws/install/pal_pro_gripper_bringup', 'merge_install': False, 'path': '/opt/erc_ws/src/pal_pro_gripper/pal_pro_gripper_bringup', 'symlink_install': True, 'test_result_base': None}
[0.472s] Level 5:colcon.colcon_core.verb:set package 'pal_pro_gripper_simulation' build argument 'cmake_args' from command line to 'None'
[0.472s] Level 5:colcon.colcon_core.verb:set package 'pal_pro_gripper_simulation' build argument 'cmake_target' from command line to 'None'
[0.472s] Level 5:colcon.colcon_core.verb:set package 'pal_pro_gripper_simulation' build argument 'cmake_target_skip_unavailable' from command line to 'False'
[0.472s] Level 5:colcon.colcon_core.verb:set package 'pal_pro_gripper_simulation' build argument 'cmake_clean_cache' from command line to 'False'
[0.472s] Level 5:colcon.colcon_core.verb:set package 'pal_pro_gripper_simulation' build argument 'cmake_clean_first' from command line to 'False'
[0.472s] Level 5:colcon.colcon_core.verb:set package 'pal_pro_gripper_simulation' build argument 'cmake_force_configure' from command line to 'False'
[0.472s] Level 5:colcon.colcon_core.verb:set package 'pal_pro_gripper_simulation' build argument 'ament_cmake_args' from command line to 'None'
[0.472s] Level 5:colcon.colcon_core.verb:set package 'pal_pro_gripper_simulation' build argument 'catkin_cmake_args' from command line to 'None'
[0.472s] Level 5:colcon.colcon_core.verb:set package 'pal_pro_gripper_simulation' build argument 'catkin_skip_building_tests' from command line to 'False'
[0.472s] DEBUG:colcon.colcon_core.verb:Building package 'pal_pro_gripper_simulation' with the following arguments: {'ament_cmake_args': None, 'build_base': '/opt/erc_ws/build/pal_pro_gripper_simulation', 'catkin_cmake_args': None, 'catkin_skip_building_tests': False, 'cmake_args': None, 'cmake_clean_cache': False, 'cmake_clean_first': False, 'cmake_force_configure': False, 'cmake_target': None, 'cmake_target_skip_unavailable': False, 'install_base': '/opt/erc_ws/install/pal_pro_gripper_simulation', 'merge_install': False, 'path': '/opt/erc_ws/src/pal_pro_gripper/pal_pro_gripper_simulation', 'symlink_install': True, 'test_result_base': None}
[0.472s] Level 5:colcon.colcon_core.verb:set package 'pal_sea_arm_controller_configuration' build argument 'cmake_args' from command line to 'None'
[0.472s] Level 5:colcon.colcon_core.verb:set package 'pal_sea_arm_controller_configuration' build argument 'cmake_target' from command line to 'None'
[0.472s] Level 5:colcon.colcon_core.verb:set package 'pal_sea_arm_controller_configuration' build argument 'cmake_target_skip_unavailable' from command line to 'False'
[0.472s] Level 5:colcon.colcon_core.verb:set package 'pal_sea_arm_controller_configuration' build argument 'cmake_clean_cache' from command line to 'False'
[0.472s] Level 5:colcon.colcon_core.verb:set package 'pal_sea_arm_controller_configuration' build argument 'cmake_clean_first' from command line to 'False'
[0.472s] Level 5:colcon.colcon_core.verb:set package 'pal_sea_arm_controller_configuration' build argument 'cmake_force_configure' from command line to 'False'
[0.472s] Level 5:colcon.colcon_core.verb:set package 'pal_sea_arm_controller_configuration' build argument 'ament_cmake_args' from command line to 'None'
[0.472s] Level 5:colcon.colcon_core.verb:set package 'pal_sea_arm_controller_configuration' build argument 'catkin_cmake_args' from command line to 'None'
[0.472s] Level 5:colcon.colcon_core.verb:set package 'pal_sea_arm_controller_configuration' build argument 'catkin_skip_building_tests' from command line to 'False'
[0.472s] DEBUG:colcon.colcon_core.verb:Building package 'pal_sea_arm_controller_configuration' with the following arguments: {'ament_cmake_args': None, 'build_base': '/opt/erc_ws/build/pal_sea_arm_controller_configuration', 'catkin_cmake_args': None, 'catkin_skip_building_tests': False, 'cmake_args': None, 'cmake_clean_cache': False, 'cmake_clean_first': False, 'cmake_force_configure': False, 'cmake_target': None, 'cmake_target_skip_unavailable': False, 'install_base': '/opt/erc_ws/install/pal_sea_arm_controller_configuration', 'merge_install': False, 'path': '/opt/erc_ws/src/pal_sea_arm/pal_sea_arm_controller_configuration', 'symlink_install': True, 'test_result_base': None}
[0.473s] Level 5:colcon.colcon_core.verb:set package 'tiago_pro_head_description' build argument 'cmake_args' from command line to 'None'
[0.473s] Level 5:colcon.colcon_core.verb:set package 'tiago_pro_head_description' build argument 'cmake_target' from command line to 'None'
[0.473s] Level 5:colcon.colcon_core.verb:set package 'tiago_pro_head_description' build argument 'cmake_target_skip_unavailable' from command line to 'False'
[0.473s] Level 5:colcon.colcon_core.verb:set package 'tiago_pro_head_description' build argument 'cmake_clean_cache' from command line to 'False'
[0.473s] Level 5:colcon.colcon_core.verb:set package 'tiago_pro_head_description' build argument 'cmake_clean_first' from command line to 'False'
[0.473s] Level 5:colcon.colcon_core.verb:set package 'tiago_pro_head_description' build argument 'cmake_force_configure' from command line to 'False'
[0.473s] Level 5:colcon.colcon_core.verb:set package 'tiago_pro_head_description' build argument 'ament_cmake_args' from command line to 'None'
[0.473s] Level 5:colcon.colcon_core.verb:set package 'tiago_pro_head_description' build argument 'catkin_cmake_args' from command line to 'None'
[0.473s] Level 5:colcon.colcon_core.verb:set package 'tiago_pro_head_description' build argument 'catkin_skip_building_tests' from command line to 'False'
[0.473s] DEBUG:colcon.colcon_core.verb:Building package 'tiago_pro_head_description' with the following arguments: {'ament_cmake_args': None, 'build_base': '/opt/erc_ws/build/tiago_pro_head_description', 'catkin_cmake_args': None, 'catkin_skip_building_tests': False, 'cmake_args': None, 'cmake_clean_cache': False, 'cmake_clean_first': False, 'cmake_force_configure': False, 'cmake_target': None, 'cmake_target_skip_unavailable': False, 'install_base': '/opt/erc_ws/install/tiago_pro_head_description', 'merge_install': False, 'path': '/opt/erc_ws/src/tiago_pro_head_robot/tiago_pro_head_description', 'symlink_install': True, 'test_result_base': None}
[0.473s] Level 5:colcon.colcon_core.verb:set package 'omni_base_robot' build argument 'cmake_args' from command line to 'None'
[0.473s] Level 5:colcon.colcon_core.verb:set package 'omni_base_robot' build argument 'cmake_target' from command line to 'None'
[0.473s] Level 5:colcon.colcon_core.verb:set package 'omni_base_robot' build argument 'cmake_target_skip_unavailable' from command line to 'False'
[0.473s] Level 5:colcon.colcon_core.verb:set package 'omni_base_robot' build argument 'cmake_clean_cache' from command line to 'False'
[0.473s] Level 5:colcon.colcon_core.verb:set package 'omni_base_robot' build argument 'cmake_clean_first' from command line to 'False'
[0.473s] Level 5:colcon.colcon_core.verb:set package 'omni_base_robot' build argument 'cmake_force_configure' from command line to 'False'
[0.473s] Level 5:colcon.colcon_core.verb:set package 'omni_base_robot' build argument 'ament_cmake_args' from command line to 'None'
[0.473s] Level 5:colcon.colcon_core.verb:set package 'omni_base_robot' build argument 'catkin_cmake_args' from command line to 'None'
[0.473s] Level 5:colcon.colcon_core.verb:set package 'omni_base_robot' build argument 'catkin_skip_building_tests' from command line to 'False'
[0.473s] DEBUG:colcon.colcon_core.verb:Building package 'omni_base_robot' with the following arguments: {'ament_cmake_args': None, 'build_base': '/opt/erc_ws/build/omni_base_robot', 'catkin_cmake_args': None, 'catkin_skip_building_tests': False, 'cmake_args': None, 'cmake_clean_cache': False, 'cmake_clean_first': False, 'cmake_force_configure': False, 'cmake_target': None, 'cmake_target_skip_unavailable': False, 'install_base': '/opt/erc_ws/install/omni_base_robot', 'merge_install': False, 'path': '/opt/erc_ws/src/omni_base_robot/omni_base_robot', 'symlink_install': True, 'test_result_base': None}
[0.474s] Level 5:colcon.colcon_core.verb:set package 'pal_sea_arm_description' build argument 'cmake_args' from command line to 'None'
[0.474s] Level 5:colcon.colcon_core.verb:set package 'pal_sea_arm_description' build argument 'cmake_target' from command line to 'None'
[0.474s] Level 5:colcon.colcon_core.verb:set package 'pal_sea_arm_description' build argument 'cmake_target_skip_unavailable' from command line to 'False'
[0.474s] Level 5:colcon.colcon_core.verb:set package 'pal_sea_arm_description' build argument 'cmake_clean_cache' from command line to 'False'
[0.474s] Level 5:colcon.colcon_core.verb:set package 'pal_sea_arm_description' build argument 'cmake_clean_first' from command line to 'False'
[0.474s] Level 5:colcon.colcon_core.verb:set package 'pal_sea_arm_description' build argument 'cmake_force_configure' from command line to 'False'
[0.474s] Level 5:colcon.colcon_core.verb:set package 'pal_sea_arm_description' build argument 'ament_cmake_args' from command line to 'None'
[0.474s] Level 5:colcon.colcon_core.verb:set package 'pal_sea_arm_description' build argument 'catkin_cmake_args' from command line to 'None'
[0.474s] Level 5:colcon.colcon_core.verb:set package 'pal_sea_arm_description' build argument 'catkin_skip_building_tests' from command line to 'False'
[0.474s] DEBUG:colcon.colcon_core.verb:Building package 'pal_sea_arm_description' with the following arguments: {'ament_cmake_args': None, 'build_base': '/opt/erc_ws/build/pal_sea_arm_description', 'catkin_cmake_args': None, 'catkin_skip_building_tests': False, 'cmake_args': None, 'cmake_clean_cache': False, 'cmake_clean_first': False, 'cmake_force_configure': False, 'cmake_target': None, 'cmake_target_skip_unavailable': False, 'install_base': '/opt/erc_ws/install/pal_sea_arm_description', 'merge_install': False, 'path': '/opt/erc_ws/src/pal_sea_arm/pal_sea_arm_description', 'symlink_install': True, 'test_result_base': None}
[0.474s] Level 5:colcon.colcon_core.verb:set package 'tiago_pro_controller_configuration' build argument 'cmake_args' from command line to 'None'
[0.474s] Level 5:colcon.colcon_core.verb:set package 'tiago_pro_controller_configuration' build argument 'cmake_target' from command line to 'None'
[0.474s] Level 5:colcon.colcon_core.verb:set package 'tiago_pro_controller_configuration' build argument 'cmake_target_skip_unavailable' from command line to 'False'
[0.474s] Level 5:colcon.colcon_core.verb:set package 'tiago_pro_controller_configuration' build argument 'cmake_clean_cache' from command line to 'False'
[0.474s] Level 5:colcon.colcon_core.verb:set package 'tiago_pro_controller_configuration' build argument 'cmake_clean_first' from command line to 'False'
[0.474s] Level 5:colcon.colcon_core.verb:set package 'tiago_pro_controller_configuration' build argument 'cmake_force_configure' from command line to 'False'
[0.474s] Level 5:colcon.colcon_core.verb:set package 'tiago_pro_controller_configuration' build argument 'ament_cmake_args' from command line to 'None'
[0.474s] Level 5:colcon.colcon_core.verb:set package 'tiago_pro_controller_configuration' build argument 'catkin_cmake_args' from command line to 'None'
[0.474s] Level 5:colcon.colcon_core.verb:set package 'tiago_pro_controller_configuration' build argument 'catkin_skip_building_tests' from command line to 'False'
[0.475s] DEBUG:colcon.colcon_core.verb:Building package 'tiago_pro_controller_configuration' with the following arguments: {'ament_cmake_args': None, 'build_base': '/opt/erc_ws/build/tiago_pro_controller_configuration', 'catkin_cmake_args': None, 'catkin_skip_building_tests': False, 'cmake_args': None, 'cmake_clean_cache': False, 'cmake_clean_first': False, 'cmake_force_configure': False, 'cmake_target': None, 'cmake_target_skip_unavailable': False, 'install_base': '/opt/erc_ws/install/tiago_pro_controller_configuration', 'merge_install': False, 'path': '/opt/erc_ws/src/tiago_pro_robot/tiago_pro_controller_configuration', 'symlink_install': True, 'test_result_base': None}
[0.475s] Level 5:colcon.colcon_core.verb:set package 'tiago_pro_head_bringup' build argument 'cmake_args' from command line to 'None'
[0.475s] Level 5:colcon.colcon_core.verb:set package 'tiago_pro_head_bringup' build argument 'cmake_target' from command line to 'None'
[0.475s] Level 5:colcon.colcon_core.verb:set package 'tiago_pro_head_bringup' build argument 'cmake_target_skip_unavailable' from command line to 'False'
[0.475s] Level 5:colcon.colcon_core.verb:set package 'tiago_pro_head_bringup' build argument 'cmake_clean_cache' from command line to 'False'
[0.475s] Level 5:colcon.colcon_core.verb:set package 'tiago_pro_head_bringup' build argument 'cmake_clean_first' from command line to 'False'
[0.475s] Level 5:colcon.colcon_core.verb:set package 'tiago_pro_head_bringup' build argument 'cmake_force_configure' from command line to 'False'
[0.475s] Level 5:colcon.colcon_core.verb:set package 'tiago_pro_head_bringup' build argument 'ament_cmake_args' from command line to 'None'
[0.475s] Level 5:colcon.colcon_core.verb:set package 'tiago_pro_head_bringup' build argument 'catkin_cmake_args' from command line to 'None'
[0.475s] Level 5:colcon.colcon_core.verb:set package 'tiago_pro_head_bringup' build argument 'catkin_skip_building_tests' from command line to 'False'
[0.475s] DEBUG:colcon.colcon_core.verb:Building package 'tiago_pro_head_bringup' with the following arguments: {'ament_cmake_args': None, 'build_base': '/opt/erc_ws/build/tiago_pro_head_bringup', 'catkin_cmake_args': None, 'catkin_skip_building_tests': False, 'cmake_args': None, 'cmake_clean_cache': False, 'cmake_clean_first': False, 'cmake_force_configure': False, 'cmake_target': None, 'cmake_target_skip_unavailable': False, 'install_base': '/opt/erc_ws/install/tiago_pro_head_bringup', 'merge_install': False, 'path': '/opt/erc_ws/src/tiago_pro_head_robot/tiago_pro_head_bringup', 'symlink_install': True, 'test_result_base': None}
[0.476s] Level 5:colcon.colcon_core.verb:set package 'pal_sea_arm_bringup' build argument 'cmake_args' from command line to 'None'
[0.476s] Level 5:colcon.colcon_core.verb:set package 'pal_sea_arm_bringup' build argument 'cmake_target' from command line to 'None'
[0.476s] Level 5:colcon.colcon_core.verb:set package 'pal_sea_arm_bringup' build argument 'cmake_target_skip_unavailable' from command line to 'False'
[0.476s] Level 5:colcon.colcon_core.verb:set package 'pal_sea_arm_bringup' build argument 'cmake_clean_cache' from command line to 'False'
[0.476s] Level 5:colcon.colcon_core.verb:set package 'pal_sea_arm_bringup' build argument 'cmake_clean_first' from command line to 'False'
[0.476s] Level 5:colcon.colcon_core.verb:set package 'pal_sea_arm_bringup' build argument 'cmake_force_configure' from command line to 'False'
[0.476s] Level 5:colcon.colcon_core.verb:set package 'pal_sea_arm_bringup' build argument 'ament_cmake_args' from command line to 'None'
[0.476s] Level 5:colcon.colcon_core.verb:set package 'pal_sea_arm_bringup' build argument 'catkin_cmake_args' from command line to 'None'
[0.476s] Level 5:colcon.colcon_core.verb:set package 'pal_sea_arm_bringup' build argument 'catkin_skip_building_tests' from command line to 'False'
[0.476s] DEBUG:colcon.colcon_core.verb:Building package 'pal_sea_arm_bringup' with the following arguments: {'ament_cmake_args': None, 'build_base': '/opt/erc_ws/build/pal_sea_arm_bringup', 'catkin_cmake_args': None, 'catkin_skip_building_tests': False, 'cmake_args': None, 'cmake_clean_cache': False, 'cmake_clean_first': False, 'cmake_force_configure': False, 'cmake_target': None, 'cmake_target_skip_unavailable': False, 'install_base': '/opt/erc_ws/install/pal_sea_arm_bringup', 'merge_install': False, 'path': '/opt/erc_ws/src/pal_sea_arm/pal_sea_arm_bringup', 'symlink_install': True, 'test_result_base': None}
[0.476s] Level 5:colcon.colcon_core.verb:set package 'tiago_pro_bringup' build argument 'cmake_args' from command line to 'None'
[0.476s] Level 5:colcon.colcon_core.verb:set package 'tiago_pro_bringup' build argument 'cmake_target' from command line to 'None'
[0.476s] Level 5:colcon.colcon_core.verb:set package 'tiago_pro_bringup' build argument 'cmake_target_skip_unavailable' from command line to 'False'
[0.476s] Level 5:colcon.colcon_core.verb:set package 'tiago_pro_bringup' build argument 'cmake_clean_cache' from command line to 'False'
[0.476s] Level 5:colcon.colcon_core.verb:set package 'tiago_pro_bringup' build argument 'cmake_clean_first' from command line to 'False'
[0.476s] Level 5:colcon.colcon_core.verb:set package 'tiago_pro_bringup' build argument 'cmake_force_configure' from command line to 'False'
[0.476s] Level 5:colcon.colcon_core.verb:set package 'tiago_pro_bringup' build argument 'ament_cmake_args' from command line to 'None'
[0.476s] Level 5:colcon.colcon_core.verb:set package 'tiago_pro_bringup' build argument 'catkin_cmake_args' from command line to 'None'
[0.476s] Level 5:colcon.colcon_core.verb:set package 'tiago_pro_bringup' build argument 'catkin_skip_building_tests' from command line to 'False'
[0.476s] DEBUG:colcon.colcon_core.verb:Building package 'tiago_pro_bringup' with the following arguments: {'ament_cmake_args': None, 'build_base': '/opt/erc_ws/build/tiago_pro_bringup', 'catkin_cmake_args': None, 'catkin_skip_building_tests': False, 'cmake_args': None, 'cmake_clean_cache': False, 'cmake_clean_first': False, 'cmake_force_configure': False, 'cmake_target': None, 'cmake_target_skip_unavailable': False, 'install_base': '/opt/erc_ws/install/tiago_pro_bringup', 'merge_install': False, 'path': '/opt/erc_ws/src/tiago_pro_robot/tiago_pro_bringup', 'symlink_install': True, 'test_result_base': None}
[0.477s] Level 5:colcon.colcon_core.verb:set package 'tiago_pro_description' build argument 'cmake_args' from command line to 'None'
[0.477s] Level 5:colcon.colcon_core.verb:set package 'tiago_pro_description' build argument 'cmake_target' from command line to 'None'
[0.477s] Level 5:colcon.colcon_core.verb:set package 'tiago_pro_description' build argument 'cmake_target_skip_unavailable' from command line to 'False'
[0.477s] Level 5:colcon.colcon_core.verb:set package 'tiago_pro_description' build argument 'cmake_clean_cache' from command line to 'False'
[0.477s] Level 5:colcon.colcon_core.verb:set package 'tiago_pro_description' build argument 'cmake_clean_first' from command line to 'False'
[0.477s] Level 5:colcon.colcon_core.verb:set package 'tiago_pro_description' build argument 'cmake_force_configure' from command line to 'False'
[0.477s] Level 5:colcon.colcon_core.verb:set package 'tiago_pro_description' build argument 'ament_cmake_args' from command line to 'None'
[0.477s] Level 5:colcon.colcon_core.verb:set package 'tiago_pro_description' build argument 'catkin_cmake_args' from command line to 'None'
[0.477s] Level 5:colcon.colcon_core.verb:set package 'tiago_pro_description' build argument 'catkin_skip_building_tests' from command line to 'False'
[0.477s] DEBUG:colcon.colcon_core.verb:Building package 'tiago_pro_description' with the following arguments: {'ament_cmake_args': None, 'build_base': '/opt/erc_ws/build/tiago_pro_description', 'catkin_cmake_args': None, 'catkin_skip_building_tests': False, 'cmake_args': None, 'cmake_clean_cache': False, 'cmake_clean_first': False, 'cmake_force_configure': False, 'cmake_target': None, 'cmake_target_skip_unavailable': False, 'install_base': '/opt/erc_ws/install/tiago_pro_description', 'merge_install': False, 'path': '/opt/erc_ws/src/tiago_pro_robot/tiago_pro_description', 'symlink_install': True, 'test_result_base': None}
[0.477s] Level 5:colcon.colcon_core.verb:set package 'tiago_pro_head_robot' build argument 'cmake_args' from command line to 'None'
[0.477s] Level 5:colcon.colcon_core.verb:set package 'tiago_pro_head_robot' build argument 'cmake_target' from command line to 'None'
[0.477s] Level 5:colcon.colcon_core.verb:set package 'tiago_pro_head_robot' build argument 'cmake_target_skip_unavailable' from command line to 'False'
[0.477s] Level 5:colcon.colcon_core.verb:set package 'tiago_pro_head_robot' build argument 'cmake_clean_cache' from command line to 'False'
[0.477s] Level 5:colcon.colcon_core.verb:set package 'tiago_pro_head_robot' build argument 'cmake_clean_first' from command line to 'False'
[0.477s] Level 5:colcon.colcon_core.verb:set package 'tiago_pro_head_robot' build argument 'cmake_force_configure' from command line to 'False'
[0.478s] Level 5:colcon.colcon_core.verb:set package 'tiago_pro_head_robot' build argument 'ament_cmake_args' from command line to 'None'
[0.478s] Level 5:colcon.colcon_core.verb:set package 'tiago_pro_head_robot' build argument 'catkin_cmake_args' from command line to 'None'
[0.478s] Level 5:colcon.colcon_core.verb:set package 'tiago_pro_head_robot' build argument 'catkin_skip_building_tests' from command line to 'False'
[0.478s] DEBUG:colcon.colcon_core.verb:Building package 'tiago_pro_head_robot' with the following arguments: {'ament_cmake_args': None, 'build_base': '/opt/erc_ws/build/tiago_pro_head_robot', 'catkin_cmake_args': None, 'catkin_skip_building_tests': False, 'cmake_args': None, 'cmake_clean_cache': False, 'cmake_clean_first': False, 'cmake_force_configure': False, 'cmake_target': None, 'cmake_target_skip_unavailable': False, 'install_base': '/opt/erc_ws/install/tiago_pro_head_robot', 'merge_install': False, 'path': '/opt/erc_ws/src/tiago_pro_head_robot/tiago_pro_head_robot', 'symlink_install': True, 'test_result_base': None}
[0.478s] Level 5:colcon.colcon_core.verb:set package 'erc_bringup' build argument 'cmake_args' from command line to 'None'
[0.478s] Level 5:colcon.colcon_core.verb:set package 'erc_bringup' build argument 'cmake_target' from command line to 'None'
[0.478s] Level 5:colcon.colcon_core.verb:set package 'erc_bringup' build argument 'cmake_target_skip_unavailable' from command line to 'False'
[0.478s] Level 5:colcon.colcon_core.verb:set package 'erc_bringup' build argument 'cmake_clean_cache' from command line to 'False'
[0.478s] Level 5:colcon.colcon_core.verb:set package 'erc_bringup' build argument 'cmake_clean_first' from command line to 'False'
[0.478s] Level 5:colcon.colcon_core.verb:set package 'erc_bringup' build argument 'cmake_force_configure' from command line to 'False'
[0.478s] Level 5:colcon.colcon_core.verb:set package 'erc_bringup' build argument 'ament_cmake_args' from command line to 'None'
[0.478s] Level 5:colcon.colcon_core.verb:set package 'erc_bringup' build argument 'catkin_cmake_args' from command line to 'None'
[0.478s] Level 5:colcon.colcon_core.verb:set package 'erc_bringup' build argument 'catkin_skip_building_tests' from command line to 'False'
[0.478s] DEBUG:colcon.colcon_core.verb:Building package 'erc_bringup' with the following arguments: {'ament_cmake_args': None, 'build_base': '/opt/erc_ws/build/erc_bringup', 'catkin_cmake_args': None, 'catkin_skip_building_tests': False, 'cmake_args': None, 'cmake_clean_cache': False, 'cmake_clean_first': False, 'cmake_force_configure': False, 'cmake_target': None, 'cmake_target_skip_unavailable': False, 'install_base': '/opt/erc_ws/install/erc_bringup', 'merge_install': False, 'path': '/opt/erc_ws/src/erc_bringup', 'symlink_install': True, 'test_result_base': None}
[0.479s] Level 5:colcon.colcon_core.verb:set package 'pal_sea_arm' build argument 'cmake_args' from command line to 'None'
[0.479s] Level 5:colcon.colcon_core.verb:set package 'pal_sea_arm' build argument 'cmake_target' from command line to 'None'
[0.479s] Level 5:colcon.colcon_core.verb:set package 'pal_sea_arm' build argument 'cmake_target_skip_unavailable' from command line to 'False'
[0.479s] Level 5:colcon.colcon_core.verb:set package 'pal_sea_arm' build argument 'cmake_clean_cache' from command line to 'False'
[0.479s] Level 5:colcon.colcon_core.verb:set package 'pal_sea_arm' build argument 'cmake_clean_first' from command line to 'False'
[0.479s] Level 5:colcon.colcon_core.verb:set package 'pal_sea_arm' build argument 'cmake_force_configure' from command line to 'False'
[0.479s] Level 5:colcon.colcon_core.verb:set package 'pal_sea_arm' build argument 'ament_cmake_args' from command line to 'None'
[0.479s] Level 5:colcon.colcon_core.verb:set package 'pal_sea_arm' build argument 'catkin_cmake_args' from command line to 'None'
[0.479s] Level 5:colcon.colcon_core.verb:set package 'pal_sea_arm' build argument 'catkin_skip_building_tests' from command line to 'False'
[0.479s] DEBUG:colcon.colcon_core.verb:Building package 'pal_sea_arm' with the following arguments: {'ament_cmake_args': None, 'build_base': '/opt/erc_ws/build/pal_sea_arm', 'catkin_cmake_args': None, 'catkin_skip_building_tests': False, 'cmake_args': None, 'cmake_clean_cache': False, 'cmake_clean_first': False, 'cmake_force_configure': False, 'cmake_target': None, 'cmake_target_skip_unavailable': False, 'install_base': '/opt/erc_ws/install/pal_sea_arm', 'merge_install': False, 'path': '/opt/erc_ws/src/pal_sea_arm/pal_sea_arm', 'symlink_install': True, 'test_result_base': None}
[0.479s] Level 5:colcon.colcon_core.verb:set package 'tiago_pro_robot' build argument 'cmake_args' from command line to 'None'
[0.479s] Level 5:colcon.colcon_core.verb:set package 'tiago_pro_robot' build argument 'cmake_target' from command line to 'None'
[0.479s] Level 5:colcon.colcon_core.verb:set package 'tiago_pro_robot' build argument 'cmake_target_skip_unavailable' from command line to 'False'
[0.479s] Level 5:colcon.colcon_core.verb:set package 'tiago_pro_robot' build argument 'cmake_clean_cache' from command line to 'False'
[0.479s] Level 5:colcon.colcon_core.verb:set package 'tiago_pro_robot' build argument 'cmake_clean_first' from command line to 'False'
[0.479s] Level 5:colcon.colcon_core.verb:set package 'tiago_pro_robot' build argument 'cmake_force_configure' from command line to 'False'
[0.479s] Level 5:colcon.colcon_core.verb:set package 'tiago_pro_robot' build argument 'ament_cmake_args' from command line to 'None'
[0.479s] Level 5:colcon.colcon_core.verb:set package 'tiago_pro_robot' build argument 'catkin_cmake_args' from command line to 'None'
[0.479s] Level 5:colcon.colcon_core.verb:set package 'tiago_pro_robot' build argument 'catkin_skip_building_tests' from command line to 'False'
[0.479s] DEBUG:colcon.colcon_core.verb:Building package 'tiago_pro_robot' with the following arguments: {'ament_cmake_args': None, 'build_base': '/opt/erc_ws/build/tiago_pro_robot', 'catkin_cmake_args': None, 'catkin_skip_building_tests': False, 'cmake_args': None, 'cmake_clean_cache': False, 'cmake_clean_first': False, 'cmake_force_configure': False, 'cmake_target': None, 'cmake_target_skip_unavailable': False, 'install_base': '/opt/erc_ws/install/tiago_pro_robot', 'merge_install': False, 'path': '/opt/erc_ws/src/tiago_pro_robot/tiago_pro_robot', 'symlink_install': True, 'test_result_base': None}
[0.479s] INFO:colcon.colcon_core.executor:Executing jobs using 'parallel' executor
[0.481s] DEBUG:colcon.colcon_parallel_executor.executor.parallel:run_until_complete
[0.481s] INFO:colcon.colcon_ros.task.ament_python.build:Building ROS package in '/opt/erc_ws/src/launch_pal' with build type 'ament_python'
[0.481s] Level 1:colcon.colcon_core.shell:create_environment_hook('launch_pal', 'ament_prefix_path')
[0.486s] INFO:colcon.colcon_core.plugin_system:Skipping extension 'colcon_core.shell.bat': Not used on non-Windows systems
[0.486s] INFO:colcon.colcon_core.shell:Creating environment hook '/opt/erc_ws/install/launch_pal/share/launch_pal/hook/ament_prefix_path.ps1'
[0.487s] INFO:colcon.colcon_core.shell:Creating environment descriptor '/opt/erc_ws/install/launch_pal/share/launch_pal/hook/ament_prefix_path.dsv'
[0.488s] INFO:colcon.colcon_core.shell:Creating environment hook '/opt/erc_ws/install/launch_pal/share/launch_pal/hook/ament_prefix_path.sh'
[0.488s] INFO:colcon.colcon_core.shell:Skip shell extension 'powershell' for command environment: Not usable outside of PowerShell
[0.488s] DEBUG:colcon.colcon_core.shell:Skip shell extension 'dsv' for command environment
[0.495s] INFO:colcon.colcon_ros.task.ament_cmake.build:Building ROS package in '/opt/erc_ws/src/pal_urdf_utils' with build type 'ament_cmake'
[0.496s] INFO:colcon.colcon_cmake.task.cmake.build:Building CMake package in '/opt/erc_ws/src/pal_urdf_utils'
[0.496s] INFO:colcon.colcon_core.shell:Skip shell extension 'powershell' for command environment: Not usable outside of PowerShell
[0.496s] DEBUG:colcon.colcon_core.shell:Skip shell extension 'dsv' for command environment
[0.508s] INFO:colcon.colcon_ros.task.ament_python.build:Building ROS package in '/opt/erc_ws/src/pal_pro_gripper/pal_pro_gripper_wrapper' with build type 'ament_python'
[0.509s] Level 1:colcon.colcon_core.shell:create_environment_hook('pal_pro_gripper_wrapper', 'ament_prefix_path')
[0.509s] INFO:colcon.colcon_core.shell:Creating environment hook '/opt/erc_ws/install/pal_pro_gripper_wrapper/share/pal_pro_gripper_wrapper/hook/ament_prefix_path.ps1'
[0.510s] INFO:colcon.colcon_core.shell:Creating environment descriptor '/opt/erc_ws/install/pal_pro_gripper_wrapper/share/pal_pro_gripper_wrapper/hook/ament_prefix_path.dsv'
[0.511s] INFO:colcon.colcon_core.shell:Creating environment hook '/opt/erc_ws/install/pal_pro_gripper_wrapper/share/pal_pro_gripper_wrapper/hook/ament_prefix_path.sh'
[0.512s] INFO:colcon.colcon_core.shell:Skip shell extension 'powershell' for command environment: Not usable outside of PowerShell
[0.512s] DEBUG:colcon.colcon_core.shell:Skip shell extension 'dsv' for command environment
[0.518s] INFO:colcon.colcon_ros.task.ament_cmake.build:Building ROS package in '/opt/erc_ws/src/omni_base_robot/omni_base_controller_configuration' with build type 'ament_cmake'
[0.518s] INFO:colcon.colcon_cmake.task.cmake.build:Building CMake package in '/opt/erc_ws/src/omni_base_robot/omni_base_controller_configuration'
[0.519s] INFO:colcon.colcon_core.shell:Skip shell extension 'powershell' for command environment: Not usable outside of PowerShell
[0.519s] DEBUG:colcon.colcon_core.shell:Skip shell extension 'dsv' for command environment
[0.528s] INFO:colcon.colcon_ros.task.ament_cmake.build:Building ROS package in '/opt/erc_ws/src/pal_gripper/pal_gripper_controller_configuration' with build type 'ament_cmake'
[0.528s] INFO:colcon.colcon_cmake.task.cmake.build:Building CMake package in '/opt/erc_ws/src/pal_gripper/pal_gripper_controller_configuration'
[0.528s] INFO:colcon.colcon_core.shell:Skip shell extension 'powershell' for command environment: Not usable outside of PowerShell
[0.528s] DEBUG:colcon.colcon_core.shell:Skip shell extension 'dsv' for command environment
[0.536s] INFO:colcon.colcon_ros.task.ament_cmake.build:Building ROS package in '/opt/erc_ws/src/erc_description' with build type 'ament_cmake'
[0.536s] INFO:colcon.colcon_cmake.task.cmake.build:Building CMake package in '/opt/erc_ws/src/erc_description'
[0.537s] INFO:colcon.colcon_core.shell:Skip shell extension 'powershell' for command environment: Not usable outside of PowerShell
[0.537s] DEBUG:colcon.colcon_core.shell:Skip shell extension 'dsv' for command environment
[0.550s] INFO:colcon.colcon_ros.task.ament_python.build:Building ROS package in '/opt/erc_ws/src/erc_solution' with build type 'ament_python'
[0.551s] Level 1:colcon.colcon_core.shell:create_environment_hook('erc_solution', 'ament_prefix_path')
[0.551s] INFO:colcon.colcon_core.shell:Creating environment hook '/opt/erc_ws/install/erc_solution/share/erc_solution/hook/ament_prefix_path.ps1'
[0.552s] INFO:colcon.colcon_core.shell:Creating environment descriptor '/opt/erc_ws/install/erc_solution/share/erc_solution/hook/ament_prefix_path.dsv'
[0.552s] INFO:colcon.colcon_core.shell:Creating environment hook '/opt/erc_ws/install/erc_solution/share/erc_solution/hook/ament_prefix_path.sh'
[0.553s] INFO:colcon.colcon_core.shell:Skip shell extension 'powershell' for command environment: Not usable outside of PowerShell
[0.553s] DEBUG:colcon.colcon_core.shell:Skip shell extension 'dsv' for command environment
[0.560s] INFO:colcon.colcon_ros.task.ament_cmake.build:Building ROS package in '/opt/erc_ws/src/gz_ros2_control/gz_ros2_control' with build type 'ament_cmake'
[0.560s] INFO:colcon.colcon_cmake.task.cmake.build:Building CMake package in '/opt/erc_ws/src/gz_ros2_control/gz_ros2_control'
[0.560s] INFO:colcon.colcon_core.shell:Skip shell extension 'powershell' for command environment: Not usable outside of PowerShell
[0.561s] DEBUG:colcon.colcon_core.shell:Skip shell extension 'dsv' for command environment
[0.569s] INFO:colcon.colcon_ros.task.ament_python.build:Building ROS package in '/opt/erc_ws/src/sensors' with build type 'ament_python'
[0.569s] Level 1:colcon.colcon_core.shell:create_environment_hook('sensors', 'ament_prefix_path')
[0.570s] INFO:colcon.colcon_core.shell:Creating environment hook '/opt/erc_ws/install/sensors/share/sensors/hook/ament_prefix_path.ps1'
[0.571s] INFO:colcon.colcon_core.shell:Creating environment descriptor '/opt/erc_ws/install/sensors/share/sensors/hook/ament_prefix_path.dsv'
[0.572s] INFO:colcon.colcon_core.shell:Creating environment hook '/opt/erc_ws/install/sensors/share/sensors/hook/ament_prefix_path.sh'
[0.572s] INFO:colcon.colcon_core.shell:Skip shell extension 'powershell' for command environment: Not usable outside of PowerShell
[0.572s] DEBUG:colcon.colcon_core.shell:Skip shell extension 'dsv' for command environment
[0.853s] INFO:colcon.colcon_core.task.python.build:Building Python package in '/opt/erc_ws/src/launch_pal'
[0.853s] INFO:colcon.colcon_core.shell:Skip shell extension 'powershell' for command environment: Not usable outside of PowerShell
[0.853s] DEBUG:colcon.colcon_core.shell:Skip shell extension 'dsv' for command environment
[0.868s] DEBUG:colcon.colcon_core.event_handler.log_command:Invoking command in '/opt/erc_ws/build/pal_urdf_utils': CMAKE_PREFIX_PATH=${CMAKE_PREFIX_PATH}:/opt/erc_ws/install/sensors:/opt/erc_ws/install/pal_pro_gripper_wrapper:/opt/erc_ws/install/launch_pal:/opt/erc_ws/install/erc_solution:/opt/ros/humble /usr/bin/cmake --build /opt/erc_ws/build/pal_urdf_utils -- -j16 -l16
[1.131s] INFO:colcon.colcon_core.task.python.build:Building Python package in '/opt/erc_ws/src/pal_pro_gripper/pal_pro_gripper_wrapper'
[1.131s] INFO:colcon.colcon_core.shell:Skip shell extension 'powershell' for command environment: Not usable outside of PowerShell
[1.131s] DEBUG:colcon.colcon_core.shell:Skip shell extension 'dsv' for command environment
[1.145s] DEBUG:colcon.colcon_core.event_handler.log_command:Invoking command in '/opt/erc_ws/build/omni_base_controller_configuration': CMAKE_PREFIX_PATH=${CMAKE_PREFIX_PATH}:/opt/erc_ws/install/sensors:/opt/erc_ws/install/pal_pro_gripper_wrapper:/opt/erc_ws/install/launch_pal:/opt/erc_ws/install/erc_solution:/opt/ros/humble /usr/bin/cmake --build /opt/erc_ws/build/omni_base_controller_configuration -- -j16 -l16
[1.149s] DEBUG:colcon.colcon_core.event_handler.log_command:Invoking command in '/opt/erc_ws/build/pal_gripper_controller_configuration': CMAKE_PREFIX_PATH=${CMAKE_PREFIX_PATH}:/opt/erc_ws/install/sensors:/opt/erc_ws/install/pal_pro_gripper_wrapper:/opt/erc_ws/install/launch_pal:/opt/erc_ws/install/erc_solution:/opt/ros/humble /usr/bin/cmake --build /opt/erc_ws/build/pal_gripper_controller_configuration -- -j16 -l16
[1.152s] DEBUG:colcon.colcon_core.event_handler.log_command:Invoking command in '/opt/erc_ws/build/erc_description': CMAKE_PREFIX_PATH=${CMAKE_PREFIX_PATH}:/opt/erc_ws/install/sensors:/opt/erc_ws/install/pal_pro_gripper_wrapper:/opt/erc_ws/install/launch_pal:/opt/erc_ws/install/erc_solution:/opt/ros/humble /usr/bin/cmake --build /opt/erc_ws/build/erc_description -- -j16 -l16
[1.415s] INFO:colcon.colcon_core.task.python.build:Building Python package in '/opt/erc_ws/src/erc_solution'
[1.415s] INFO:colcon.colcon_core.shell:Skip shell extension 'powershell' for command environment: Not usable outside of PowerShell
[1.415s] DEBUG:colcon.colcon_core.shell:Skip shell extension 'dsv' for command environment
[1.426s] DEBUG:colcon.colcon_core.event_handler.log_command:Invoking command in '/opt/erc_ws/build/gz_ros2_control': CMAKE_PREFIX_PATH=${CMAKE_PREFIX_PATH}:/opt/erc_ws/install/sensors:/opt/erc_ws/install/pal_pro_gripper_wrapper:/opt/erc_ws/install/launch_pal:/opt/erc_ws/install/erc_solution:/opt/ros/humble /usr/bin/cmake --build /opt/erc_ws/build/gz_ros2_control -- -j16 -l16
[1.695s] INFO:colcon.colcon_core.task.python.build:Building Python package in '/opt/erc_ws/src/sensors'
[1.695s] INFO:colcon.colcon_core.shell:Skip shell extension 'powershell' for command environment: Not usable outside of PowerShell
[1.695s] DEBUG:colcon.colcon_core.shell:Skip shell extension 'dsv' for command environment
[1.707s] DEBUG:colcon.colcon_core.event_handler.log_command:Invoked command in '/opt/erc_ws/build/pal_urdf_utils' returned '0': CMAKE_PREFIX_PATH=${CMAKE_PREFIX_PATH}:/opt/erc_ws/install/sensors:/opt/erc_ws/install/pal_pro_gripper_wrapper:/opt/erc_ws/install/launch_pal:/opt/erc_ws/install/erc_solution:/opt/ros/humble /usr/bin/cmake --build /opt/erc_ws/build/pal_urdf_utils -- -j16 -l16
[1.716s] DEBUG:colcon.colcon_core.event_handler.log_command:Invoking command in '/opt/erc_ws/build/pal_urdf_utils': CMAKE_PREFIX_PATH=${CMAKE_PREFIX_PATH}:/opt/erc_ws/install/sensors:/opt/erc_ws/install/pal_pro_gripper_wrapper:/opt/erc_ws/install/launch_pal:/opt/erc_ws/install/erc_solution:/opt/ros/humble /usr/bin/cmake --install /opt/erc_ws/build/pal_urdf_utils
[1.718s] DEBUG:colcon.colcon_core.event_handler.log_command:Invoked command in '/opt/erc_ws/build/omni_base_controller_configuration' returned '0': CMAKE_PREFIX_PATH=${CMAKE_PREFIX_PATH}:/opt/erc_ws/install/sensors:/opt/erc_ws/install/pal_pro_gripper_wrapper:/opt/erc_ws/install/launch_pal:/opt/erc_ws/install/erc_solution:/opt/ros/humble /usr/bin/cmake --build /opt/erc_ws/build/omni_base_controller_configuration -- -j16 -l16
[1.720s] DEBUG:colcon.colcon_core.event_handler.log_command:Invoking command in '/opt/erc_ws/build/omni_base_controller_configuration': CMAKE_PREFIX_PATH=${CMAKE_PREFIX_PATH}:/opt/erc_ws/install/sensors:/opt/erc_ws/install/pal_pro_gripper_wrapper:/opt/erc_ws/install/launch_pal:/opt/erc_ws/install/erc_solution:/opt/ros/humble /usr/bin/cmake --install /opt/erc_ws/build/omni_base_controller_configuration
[1.721s] DEBUG:colcon.colcon_core.event_handler.log_command:Invoked command in '/opt/erc_ws/build/erc_description' returned '0': CMAKE_PREFIX_PATH=${CMAKE_PREFIX_PATH}:/opt/erc_ws/install/sensors:/opt/erc_ws/install/pal_pro_gripper_wrapper:/opt/erc_ws/install/launch_pal:/opt/erc_ws/install/erc_solution:/opt/ros/humble /usr/bin/cmake --build /opt/erc_ws/build/erc_description -- -j16 -l16
[1.726s] DEBUG:colcon.colcon_core.event_handler.log_command:Invoking command in '/opt/erc_ws/build/erc_description': CMAKE_PREFIX_PATH=${CMAKE_PREFIX_PATH}:/opt/erc_ws/install/sensors:/opt/erc_ws/install/pal_pro_gripper_wrapper:/opt/erc_ws/install/launch_pal:/opt/erc_ws/install/erc_solution:/opt/ros/humble /usr/bin/cmake --install /opt/erc_ws/build/erc_description
[1.730s] DEBUG:colcon.colcon_core.event_handler.log_command:Invoked command in '/opt/erc_ws/build/pal_gripper_controller_configuration' returned '0': CMAKE_PREFIX_PATH=${CMAKE_PREFIX_PATH}:/opt/erc_ws/install/sensors:/opt/erc_ws/install/pal_pro_gripper_wrapper:/opt/erc_ws/install/launch_pal:/opt/erc_ws/install/erc_solution:/opt/ros/humble /usr/bin/cmake --build /opt/erc_ws/build/pal_gripper_controller_configuration -- -j16 -l16
[1.732s] DEBUG:colcon.colcon_core.event_handler.log_command:Invoking command in '/opt/erc_ws/build/pal_gripper_controller_configuration': CMAKE_PREFIX_PATH=${CMAKE_PREFIX_PATH}:/opt/erc_ws/install/sensors:/opt/erc_ws/install/pal_pro_gripper_wrapper:/opt/erc_ws/install/launch_pal:/opt/erc_ws/install/erc_solution:/opt/ros/humble /usr/bin/cmake --install /opt/erc_ws/build/pal_gripper_controller_configuration
[1.778s] DEBUG:colcon.colcon_core.event_handler.log_command:Invoked command in '/opt/erc_ws/build/gz_ros2_control' returned '0': CMAKE_PREFIX_PATH=${CMAKE_PREFIX_PATH}:/opt/erc_ws/install/sensors:/opt/erc_ws/install/pal_pro_gripper_wrapper:/opt/erc_ws/install/launch_pal:/opt/erc_ws/install/erc_solution:/opt/ros/humble /usr/bin/cmake --build /opt/erc_ws/build/gz_ros2_control -- -j16 -l16
[1.781s] DEBUG:colcon.colcon_core.event_handler.log_command:Invoking command in '/opt/erc_ws/build/gz_ros2_control': CMAKE_PREFIX_PATH=${CMAKE_PREFIX_PATH}:/opt/erc_ws/install/sensors:/opt/erc_ws/install/pal_pro_gripper_wrapper:/opt/erc_ws/install/launch_pal:/opt/erc_ws/install/erc_solution:/opt/ros/humble /usr/bin/cmake --install /opt/erc_ws/build/gz_ros2_control
[1.790s] Level 1:colcon.colcon_core.environment:create_environment_scripts_only(omni_base_controller_configuration)
[1.792s] DEBUG:colcon.colcon_core.event_handler.log_command:Invoked command in '/opt/erc_ws/build/omni_base_controller_configuration' returned '0': CMAKE_PREFIX_PATH=${CMAKE_PREFIX_PATH}:/opt/erc_ws/install/sensors:/opt/erc_ws/install/pal_pro_gripper_wrapper:/opt/erc_ws/install/launch_pal:/opt/erc_ws/install/erc_solution:/opt/ros/humble /usr/bin/cmake --install /opt/erc_ws/build/omni_base_controller_configuration
[1.798s] Level 1:colcon.colcon_core.environment:checking '/opt/erc_ws/install/omni_base_controller_configuration' for CMake module files
[1.811s] Level 1:colcon.colcon_core.environment:checking '/opt/erc_ws/install/omni_base_controller_configuration' for CMake config files
[1.811s] Level 1:colcon.colcon_core.shell:create_environment_hook('omni_base_controller_configuration', 'cmake_prefix_path')
[1.812s] INFO:colcon.colcon_core.shell:Creating environment hook '/opt/erc_ws/install/omni_base_controller_configuration/share/omni_base_controller_configuration/hook/cmake_prefix_path.ps1'
[1.812s] INFO:colcon.colcon_core.shell:Creating environment descriptor '/opt/erc_ws/install/omni_base_controller_configuration/share/omni_base_controller_configuration/hook/cmake_prefix_path.dsv'
[1.813s] INFO:colcon.colcon_core.shell:Creating environment hook '/opt/erc_ws/install/omni_base_controller_configuration/share/omni_base_controller_configuration/hook/cmake_prefix_path.sh'
[1.813s] Level 1:colcon.colcon_core.environment:checking '/opt/erc_ws/install/omni_base_controller_configuration/bin'
[1.814s] Level 1:colcon.colcon_core.environment:checking '/opt/erc_ws/install/omni_base_controller_configuration/lib/pkgconfig/omni_base_controller_configuration.pc'
[1.814s] Level 1:colcon.colcon_core.environment:checking '/opt/erc_ws/install/omni_base_controller_configuration/lib/python3.10/site-packages'
[1.814s] Level 1:colcon.colcon_core.environment:checking '/opt/erc_ws/install/omni_base_controller_configuration/bin'
[1.815s] INFO:colcon.colcon_core.shell:Creating package script '/opt/erc_ws/install/omni_base_controller_configuration/share/omni_base_controller_configuration/package.ps1'
[1.816s] INFO:colcon.colcon_core.shell:Creating package descriptor '/opt/erc_ws/install/omni_base_controller_configuration/share/omni_base_controller_configuration/package.dsv'
[1.817s] INFO:colcon.colcon_core.shell:Creating package script '/opt/erc_ws/install/omni_base_controller_configuration/share/omni_base_controller_configuration/package.sh'
[1.818s] INFO:colcon.colcon_core.shell:Creating package script '/opt/erc_ws/install/omni_base_controller_configuration/share/omni_base_controller_configuration/package.bash'
[1.819s] INFO:colcon.colcon_core.shell:Creating package script '/opt/erc_ws/install/omni_base_controller_configuration/share/omni_base_controller_configuration/package.zsh'
[1.819s] Level 1:colcon.colcon_core.environment:create_file_with_runtime_dependencies(/opt/erc_ws/install/omni_base_controller_configuration/share/colcon-core/packages/omni_base_controller_configuration)
[1.820s] Level 1:colcon.colcon_core.environment:create_environment_scripts_only(omni_base_controller_configuration)
[1.820s] Level 1:colcon.colcon_core.environment:checking '/opt/erc_ws/install/omni_base_controller_configuration' for CMake module files
[1.821s] Level 1:colcon.colcon_core.environment:checking '/opt/erc_ws/install/omni_base_controller_configuration' for CMake config files
[1.821s] Level 1:colcon.colcon_core.shell:create_environment_hook('omni_base_controller_configuration', 'cmake_prefix_path')
[1.826s] INFO:colcon.colcon_core.shell:Creating environment hook '/opt/erc_ws/install/omni_base_controller_configuration/share/omni_base_controller_configuration/hook/cmake_prefix_path.ps1'
[1.826s] INFO:colcon.colcon_core.shell:Creating environment descriptor '/opt/erc_ws/install/omni_base_controller_configuration/share/omni_base_controller_configuration/hook/cmake_prefix_path.dsv'
[1.827s] INFO:colcon.colcon_core.shell:Creating environment hook '/opt/erc_ws/install/omni_base_controller_configuration/share/omni_base_controller_configuration/hook/cmake_prefix_path.sh'
[1.828s] Level 1:colcon.colcon_core.environment:checking '/opt/erc_ws/install/omni_base_controller_configuration/bin'
[1.828s] Level 1:colcon.colcon_core.environment:checking '/opt/erc_ws/install/omni_base_controller_configuration/lib/pkgconfig/omni_base_controller_configuration.pc'
[1.828s] Level 1:colcon.colcon_core.environment:checking '/opt/erc_ws/install/omni_base_controller_configuration/lib/python3.10/site-packages'
[1.828s] Level 1:colcon.colcon_core.environment:checking '/opt/erc_ws/install/omni_base_controller_configuration/bin'
[1.829s] INFO:colcon.colcon_core.shell:Creating package script '/opt/erc_ws/install/omni_base_controller_configuration/share/omni_base_controller_configuration/package.ps1'
[1.829s] INFO:colcon.colcon_core.shell:Creating package descriptor '/opt/erc_ws/install/omni_base_controller_configuration/share/omni_base_controller_configuration/package.dsv'
[1.831s] INFO:colcon.colcon_core.shell:Creating package script '/opt/erc_ws/install/omni_base_controller_configuration/share/omni_base_controller_configuration/package.sh'
[1.832s] INFO:colcon.colcon_core.shell:Creating package script '/opt/erc_ws/install/omni_base_controller_configuration/share/omni_base_controller_configuration/package.bash'
[1.832s] INFO:colcon.colcon_core.shell:Creating package script '/opt/erc_ws/install/omni_base_controller_configuration/share/omni_base_controller_configuration/package.zsh'
[1.832s] Level 1:colcon.colcon_core.environment:create_file_with_runtime_dependencies(/opt/erc_ws/install/omni_base_controller_configuration/share/colcon-core/packages/omni_base_controller_configuration)
[1.833s] Level 1:colcon.colcon_core.environment:create_environment_scripts_only(pal_urdf_utils)
[1.833s] Level 1:colcon.colcon_core.environment:checking '/opt/erc_ws/install/pal_urdf_utils' for CMake module files
[1.835s] Level 1:colcon.colcon_core.environment:checking '/opt/erc_ws/install/pal_urdf_utils' for CMake config files
[1.837s] Level 1:colcon.colcon_core.shell:create_environment_hook('pal_urdf_utils', 'cmake_prefix_path')
[1.837s] INFO:colcon.colcon_core.shell:Creating environment hook '/opt/erc_ws/install/pal_urdf_utils/share/pal_urdf_utils/hook/cmake_prefix_path.ps1'
[1.839s] INFO:colcon.colcon_core.shell:Creating environment descriptor '/opt/erc_ws/install/pal_urdf_utils/share/pal_urdf_utils/hook/cmake_prefix_path.dsv'
[1.841s] DEBUG:colcon.colcon_core.event_handler.log_command:Invoked command in '/opt/erc_ws/build/pal_urdf_utils' returned '0': CMAKE_PREFIX_PATH=${CMAKE_PREFIX_PATH}:/opt/erc_ws/install/sensors:/opt/erc_ws/install/pal_pro_gripper_wrapper:/opt/erc_ws/install/launch_pal:/opt/erc_ws/install/erc_solution:/opt/ros/humble /usr/bin/cmake --install /opt/erc_ws/build/pal_urdf_utils
[1.841s] INFO:colcon.colcon_core.shell:Creating environment hook '/opt/erc_ws/install/pal_urdf_utils/share/pal_urdf_utils/hook/cmake_prefix_path.sh'
[1.842s] Level 1:colcon.colcon_core.environment:checking '/opt/erc_ws/install/pal_urdf_utils/bin'
[1.843s] Level 1:colcon.colcon_core.environment:checking '/opt/erc_ws/install/pal_urdf_utils/lib/pkgconfig/pal_urdf_utils.pc'
[1.843s] Level 1:colcon.colcon_core.environment:checking '/opt/erc_ws/install/pal_urdf_utils/lib/python3.10/site-packages'
[1.844s] Level 1:colcon.colcon_core.environment:checking '/opt/erc_ws/install/pal_urdf_utils/bin'
[1.844s] INFO:colcon.colcon_core.shell:Creating package script '/opt/erc_ws/install/pal_urdf_utils/share/pal_urdf_utils/package.ps1'
[1.845s] INFO:colcon.colcon_core.shell:Creating package descriptor '/opt/erc_ws/install/pal_urdf_utils/share/pal_urdf_utils/package.dsv'
[1.846s] INFO:colcon.colcon_core.shell:Creating package script '/opt/erc_ws/install/pal_urdf_utils/share/pal_urdf_utils/package.sh'
[1.847s] INFO:colcon.colcon_core.shell:Creating package script '/opt/erc_ws/install/pal_urdf_utils/share/pal_urdf_utils/package.bash'
[1.848s] INFO:colcon.colcon_core.shell:Creating package script '/opt/erc_ws/install/pal_urdf_utils/share/pal_urdf_utils/package.zsh'
[1.849s] Level 1:colcon.colcon_core.environment:create_file_with_runtime_dependencies(/opt/erc_ws/install/pal_urdf_utils/share/colcon-core/packages/pal_urdf_utils)
[1.850s] Level 1:colcon.colcon_core.environment:create_environment_scripts_only(pal_urdf_utils)
[1.850s] Level 1:colcon.colcon_core.environment:checking '/opt/erc_ws/install/pal_urdf_utils' for CMake module files
[1.851s] Level 1:colcon.colcon_core.environment:checking '/opt/erc_ws/install/pal_urdf_utils' for CMake config files
[1.852s] Level 1:colcon.colcon_core.shell:create_environment_hook('pal_urdf_utils', 'cmake_prefix_path')
[1.852s] INFO:colcon.colcon_core.shell:Creating environment hook '/opt/erc_ws/install/pal_urdf_utils/share/pal_urdf_utils/hook/cmake_prefix_path.ps1'
[1.852s] INFO:colcon.colcon_core.shell:Creating environment descriptor '/opt/erc_ws/install/pal_urdf_utils/share/pal_urdf_utils/hook/cmake_prefix_path.dsv'
[1.853s] INFO:colcon.colcon_core.shell:Creating environment hook '/opt/erc_ws/install/pal_urdf_utils/share/pal_urdf_utils/hook/cmake_prefix_path.sh'
[1.854s] Level 1:colcon.colcon_core.environment:checking '/opt/erc_ws/install/pal_urdf_utils/bin'
[1.854s] Level 1:colcon.colcon_core.environment:checking '/opt/erc_ws/install/pal_urdf_utils/lib/pkgconfig/pal_urdf_utils.pc'
[1.854s] Level 1:colcon.colcon_core.environment:checking '/opt/erc_ws/install/pal_urdf_utils/lib/python3.10/site-packages'
[1.855s] Level 1:colcon.colcon_core.environment:checking '/opt/erc_ws/install/pal_urdf_utils/bin'
[1.855s] INFO:colcon.colcon_core.shell:Creating package script '/opt/erc_ws/install/pal_urdf_utils/share/pal_urdf_utils/package.ps1'
[1.856s] INFO:colcon.colcon_core.shell:Creating package descriptor '/opt/erc_ws/install/pal_urdf_utils/share/pal_urdf_utils/package.dsv'
[1.856s] INFO:colcon.colcon_core.shell:Creating package script '/opt/erc_ws/install/pal_urdf_utils/share/pal_urdf_utils/package.sh'
[1.857s] INFO:colcon.colcon_core.shell:Creating package script '/opt/erc_ws/install/pal_urdf_utils/share/pal_urdf_utils/package.bash'
[1.857s] INFO:colcon.colcon_core.shell:Creating package script '/opt/erc_ws/install/pal_urdf_utils/share/pal_urdf_utils/package.zsh'
[1.858s] Level 1:colcon.colcon_core.environment:create_file_with_runtime_dependencies(/opt/erc_ws/install/pal_urdf_utils/share/colcon-core/packages/pal_urdf_utils)
[1.858s] Level 1:colcon.colcon_core.environment:create_environment_scripts_only(erc_description)
[1.859s] Level 1:colcon.colcon_core.environment:checking '/opt/erc_ws/install/erc_description' for CMake module files
[1.859s] Level 1:colcon.colcon_core.environment:checking '/opt/erc_ws/install/erc_description' for CMake config files
[1.859s] Level 1:colcon.colcon_core.shell:create_environment_hook('erc_description', 'cmake_prefix_path')
[1.860s] INFO:colcon.colcon_core.shell:Creating environment hook '/opt/erc_ws/install/erc_description/share/erc_description/hook/cmake_prefix_path.ps1'
[1.860s] INFO:colcon.colcon_core.shell:Creating environment descriptor '/opt/erc_ws/install/erc_description/share/erc_description/hook/cmake_prefix_path.dsv'
[1.861s] INFO:colcon.colcon_core.shell:Creating environment hook '/opt/erc_ws/install/erc_description/share/erc_description/hook/cmake_prefix_path.sh'
[1.861s] Level 1:colcon.colcon_core.environment:checking '/opt/erc_ws/install/erc_description/bin'
[1.862s] Level 1:colcon.colcon_core.environment:checking '/opt/erc_ws/install/erc_description/lib/pkgconfig/erc_description.pc'
[1.862s] Level 1:colcon.colcon_core.environment:checking '/opt/erc_ws/install/erc_description/lib/python3.10/site-packages'
[1.862s] Level 1:colcon.colcon_core.environment:checking '/opt/erc_ws/install/erc_description/bin'
[1.863s] INFO:colcon.colcon_core.shell:Creating package script '/opt/erc_ws/install/erc_description/share/erc_description/package.ps1'
[1.863s] INFO:colcon.colcon_core.shell:Creating package descriptor '/opt/erc_ws/install/erc_description/share/erc_description/package.dsv'
[1.864s] INFO:colcon.colcon_core.shell:Creating package script '/opt/erc_ws/install/erc_description/share/erc_description/package.sh'
[1.864s] INFO:colcon.colcon_core.shell:Creating package script '/opt/erc_ws/install/erc_description/share/erc_description/package.bash'
[1.865s] INFO:colcon.colcon_core.shell:Creating package script '/opt/erc_ws/install/erc_description/share/erc_description/package.zsh'
[1.865s] Level 1:colcon.colcon_core.environment:create_file_with_runtime_dependencies(/opt/erc_ws/install/erc_description/share/colcon-core/packages/erc_description)
[1.867s] DEBUG:colcon.colcon_core.event_handler.log_command:Invoked command in '/opt/erc_ws/build/erc_description' returned '0': CMAKE_PREFIX_PATH=${CMAKE_PREFIX_PATH}:/opt/erc_ws/install/sensors:/opt/erc_ws/install/pal_pro_gripper_wrapper:/opt/erc_ws/install/launch_pal:/opt/erc_ws/install/erc_solution:/opt/ros/humble /usr/bin/cmake --install /opt/erc_ws/build/erc_description
[1.867s] Level 1:colcon.colcon_core.environment:create_environment_scripts_only(erc_description)
[1.868s] Level 1:colcon.colcon_core.environment:checking '/opt/erc_ws/install/erc_description' for CMake module files
[1.869s] Level 1:colcon.colcon_core.environment:checking '/opt/erc_ws/install/erc_description' for CMake config files
[1.869s] Level 1:colcon.colcon_core.shell:create_environment_hook('erc_description', 'cmake_prefix_path')
[1.870s] INFO:colcon.colcon_core.shell:Creating environment hook '/opt/erc_ws/install/erc_description/share/erc_description/hook/cmake_prefix_path.ps1'
[1.871s] INFO:colcon.colcon_core.shell:Creating environment descriptor '/opt/erc_ws/install/erc_description/share/erc_description/hook/cmake_prefix_path.dsv'
[1.871s] INFO:colcon.colcon_core.shell:Creating environment hook '/opt/erc_ws/install/erc_description/share/erc_description/hook/cmake_prefix_path.sh'
[1.872s] Level 1:colcon.colcon_core.environment:checking '/opt/erc_ws/install/erc_description/bin'
[1.872s] Level 1:colcon.colcon_core.environment:checking '/opt/erc_ws/install/erc_description/lib/pkgconfig/erc_description.pc'
[1.872s] Level 1:colcon.colcon_core.environment:checking '/opt/erc_ws/install/erc_description/lib/python3.10/site-packages'
[1.873s] Level 1:colcon.colcon_core.environment:checking '/opt/erc_ws/install/erc_description/bin'
[1.873s] INFO:colcon.colcon_core.shell:Creating package script '/opt/erc_ws/install/erc_description/share/erc_description/package.ps1'
[1.874s] INFO:colcon.colcon_core.shell:Creating package descriptor '/opt/erc_ws/install/erc_description/share/erc_description/package.dsv'
[1.874s] INFO:colcon.colcon_core.shell:Creating package script '/opt/erc_ws/install/erc_description/share/erc_description/package.sh'
[1.875s] INFO:colcon.colcon_core.shell:Creating package script '/opt/erc_ws/install/erc_description/share/erc_description/package.bash'
[1.875s] INFO:colcon.colcon_core.shell:Creating package script '/opt/erc_ws/install/erc_description/share/erc_description/package.zsh'
[1.876s] Level 1:colcon.colcon_core.environment:create_file_with_runtime_dependencies(/opt/erc_ws/install/erc_description/share/colcon-core/packages/erc_description)
[1.878s] INFO:colcon.colcon_ros.task.ament_cmake.build:Building ROS package in '/opt/erc_ws/src/pal_pro_gripper/pal_pro_gripper_description' with build type 'ament_cmake'
[1.878s] INFO:colcon.colcon_cmake.task.cmake.build:Building CMake package in '/opt/erc_ws/src/pal_pro_gripper/pal_pro_gripper_description'
[1.878s] INFO:colcon.colcon_core.shell:Skip shell extension 'powershell' for command environment: Not usable outside of PowerShell
[1.878s] DEBUG:colcon.colcon_core.shell:Skip shell extension 'dsv' for command environment
[1.893s] INFO:colcon.colcon_ros.task.ament_cmake.build:Building ROS package in '/opt/erc_ws/src/pal_gripper/pal_gripper_description' with build type 'ament_cmake'
[1.894s] INFO:colcon.colcon_cmake.task.cmake.build:Building CMake package in '/opt/erc_ws/src/pal_gripper/pal_gripper_description'
[1.894s] INFO:colcon.colcon_core.shell:Skip shell extension 'powershell' for command environment: Not usable outside of PowerShell
[1.894s] DEBUG:colcon.colcon_core.shell:Skip shell extension 'dsv' for command environment
[1.911s] Level 1:colcon.colcon_core.environment:create_environment_scripts_only(pal_gripper_controller_configuration)
[1.912s] Level 1:colcon.colcon_core.environment:checking '/opt/erc_ws/install/pal_gripper_controller_configuration' for CMake module files
[1.912s] Level 1:colcon.colcon_core.environment:checking '/opt/erc_ws/install/pal_gripper_controller_configuration' for CMake config files
[1.913s] Level 1:colcon.colcon_core.shell:create_environment_hook('pal_gripper_controller_configuration', 'cmake_prefix_path')
[1.913s] INFO:colcon.colcon_core.shell:Creating environment hook '/opt/erc_ws/install/pal_gripper_controller_configuration/share/pal_gripper_controller_configuration/hook/cmake_prefix_path.ps1'
[1.914s] INFO:colcon.colcon_core.shell:Creating environment descriptor '/opt/erc_ws/install/pal_gripper_controller_configuration/share/pal_gripper_controller_configuration/hook/cmake_prefix_path.dsv'
[1.911s] DEBUG:colcon.colcon_core.event_handler.log_command:Invoked command in '/opt/erc_ws/build/pal_gripper_controller_configuration' returned '0': CMAKE_PREFIX_PATH=${CMAKE_PREFIX_PATH}:/opt/erc_ws/install/sensors:/opt/erc_ws/install/pal_pro_gripper_wrapper:/opt/erc_ws/install/launch_pal:/opt/erc_ws/install/erc_solution:/opt/ros/humble /usr/bin/cmake --install /opt/erc_ws/build/pal_gripper_controller_configuration
[1.915s] INFO:colcon.colcon_core.shell:Creating environment hook '/opt/erc_ws/install/pal_gripper_controller_configuration/share/pal_gripper_controller_configuration/hook/cmake_prefix_path.sh'
[1.915s] Level 1:colcon.colcon_core.environment:checking '/opt/erc_ws/install/pal_gripper_controller_configuration/bin'
[1.915s] Level 1:colcon.colcon_core.environment:checking '/opt/erc_ws/install/pal_gripper_controller_configuration/lib/pkgconfig/pal_gripper_controller_configuration.pc'
[1.916s] Level 1:colcon.colcon_core.environment:checking '/opt/erc_ws/install/pal_gripper_controller_configuration/lib/python3.10/site-packages'
[1.916s] Level 1:colcon.colcon_core.environment:checking '/opt/erc_ws/install/pal_gripper_controller_configuration/bin'
[1.916s] INFO:colcon.colcon_core.shell:Creating package script '/opt/erc_ws/install/pal_gripper_controller_configuration/share/pal_gripper_controller_configuration/package.ps1'
[1.917s] INFO:colcon.colcon_core.shell:Creating package descriptor '/opt/erc_ws/install/pal_gripper_controller_configuration/share/pal_gripper_controller_configuration/package.dsv'
[1.917s] INFO:colcon.colcon_core.shell:Creating package script '/opt/erc_ws/install/pal_gripper_controller_configuration/share/pal_gripper_controller_configuration/package.sh'
[1.918s] INFO:colcon.colcon_core.shell:Creating package script '/opt/erc_ws/install/pal_gripper_controller_configuration/share/pal_gripper_controller_configuration/package.bash'
[1.918s] INFO:colcon.colcon_core.shell:Creating package script '/opt/erc_ws/install/pal_gripper_controller_configuration/share/pal_gripper_controller_configuration/package.zsh'
[1.919s] Level 1:colcon.colcon_core.environment:create_file_with_runtime_dependencies(/opt/erc_ws/install/pal_gripper_controller_configuration/share/colcon-core/packages/pal_gripper_controller_configuration)
[1.919s] Level 1:colcon.colcon_core.environment:create_environment_scripts_only(pal_gripper_controller_configuration)
[1.920s] Level 1:colcon.colcon_core.environment:checking '/opt/erc_ws/install/pal_gripper_controller_configuration' for CMake module files
[1.920s] Level 1:colcon.colcon_core.environment:checking '/opt/erc_ws/install/pal_gripper_controller_configuration' for CMake config files
[1.920s] Level 1:colcon.colcon_core.shell:create_environment_hook('pal_gripper_controller_configuration', 'cmake_prefix_path')
[1.921s] INFO:colcon.colcon_core.shell:Creating environment hook '/opt/erc_ws/install/pal_gripper_controller_configuration/share/pal_gripper_controller_configuration/hook/cmake_prefix_path.ps1'
[1.921s] INFO:colcon.colcon_core.shell:Creating environment descriptor '/opt/erc_ws/install/pal_gripper_controller_configuration/share/pal_gripper_controller_configuration/hook/cmake_prefix_path.dsv'
[1.922s] INFO:colcon.colcon_core.shell:Creating environment hook '/opt/erc_ws/install/pal_gripper_controller_configuration/share/pal_gripper_controller_configuration/hook/cmake_prefix_path.sh'
[1.922s] Level 1:colcon.colcon_core.environment:checking '/opt/erc_ws/install/pal_gripper_controller_configuration/bin'
[1.922s] Level 1:colcon.colcon_core.environment:checking '/opt/erc_ws/install/pal_gripper_controller_configuration/lib/pkgconfig/pal_gripper_controller_configuration.pc'
[1.922s] Level 1:colcon.colcon_core.environment:checking '/opt/erc_ws/install/pal_gripper_controller_configuration/lib/python3.10/site-packages'
[1.923s] Level 1:colcon.colcon_core.environment:checking '/opt/erc_ws/install/pal_gripper_controller_configuration/bin'
[1.923s] INFO:colcon.colcon_core.shell:Creating package script '/opt/erc_ws/install/pal_gripper_controller_configuration/share/pal_gripper_controller_configuration/package.ps1'
[1.924s] INFO:colcon.colcon_core.shell:Creating package descriptor '/opt/erc_ws/install/pal_gripper_controller_configuration/share/pal_gripper_controller_configuration/package.dsv'
[1.924s] INFO:colcon.colcon_core.shell:Creating package script '/opt/erc_ws/install/pal_gripper_controller_configuration/share/pal_gripper_controller_configuration/package.sh'
[1.925s] INFO:colcon.colcon_core.shell:Creating package script '/opt/erc_ws/install/pal_gripper_controller_configuration/share/pal_gripper_controller_configuration/package.bash'
[1.925s] INFO:colcon.colcon_core.shell:Creating package script '/opt/erc_ws/install/pal_gripper_controller_configuration/share/pal_gripper_controller_configuration/package.zsh'
[1.926s] Level 1:colcon.colcon_core.environment:create_file_with_runtime_dependencies(/opt/erc_ws/install/pal_gripper_controller_configuration/share/colcon-core/packages/pal_gripper_controller_configuration)
[1.933s] DEBUG:colcon.colcon_core.event_handler.log_command:Invoking command in '/opt/erc_ws/build/pal_pro_gripper_description': CMAKE_PREFIX_PATH=/opt/erc_ws/install/pal_urdf_utils:/opt/erc_ws/install/tiago_pro_robot:/opt/erc_ws/install/tiago_pro_head_robot:/opt/erc_ws/install/tiago_pro_bringup:/opt/erc_ws/install/tiago_pro_head_bringup:/opt/erc_ws/install/erc_bringup:/opt/erc_ws/install/tiago_pro_description:/opt/erc_ws/install/tiago_pro_head_description:/opt/erc_ws/install/tiago_pro_controller_configuration:/opt/erc_ws/install/tiago_pro_head_controller_configuration:/opt/erc_ws/install/pal_sea_arm:/opt/erc_ws/install/pal_sea_arm_bringup:/opt/erc_ws/install/pal_sea_arm_description:/opt/erc_ws/install/pal_pro_gripper_simulation:/opt/erc_ws/install/pal_pro_gripper_bringup:/opt/erc_ws/install/pal_pro_gripper:/opt/erc_ws/install/pal_pro_gripper_description:/opt/erc_ws/install/pal_gripper_simulation:/opt/erc_ws/install/pal_gripper:/opt/erc_ws/install/pal_gripper_description:/opt/erc_ws/install/omni_base_robot:/opt/erc_ws/install/omni_base_bringup:/opt/erc_ws/install/omni_base_description:/opt/erc_ws/install/pal_sea_arm_controller_configuration:/opt/erc_ws/install/pal_pro_gripper_controller_configuration:/opt/erc_ws/install/pal_gripper_controller_configuration:/opt/erc_ws/install/omni_base_controller_configuration:/opt/erc_ws/install/gz_ros2_control:/opt/erc_ws/install/erc_description:/opt/erc_ws/install/sensors:/opt/erc_ws/install/pal_pro_gripper_wrapper:/opt/erc_ws/install/launch_pal:/opt/erc_ws/install/erc_solution:/opt/ros/humble /usr/bin/cmake --build /opt/erc_ws/build/pal_pro_gripper_description -- -j16 -l16
[1.943s] DEBUG:colcon.colcon_core.event_handler.log_command:Invoking command in '/opt/erc_ws/build/pal_gripper_description': CMAKE_PREFIX_PATH=/opt/erc_ws/install/pal_urdf_utils:/opt/erc_ws/install/tiago_pro_robot:/opt/erc_ws/install/tiago_pro_head_robot:/opt/erc_ws/install/tiago_pro_bringup:/opt/erc_ws/install/tiago_pro_head_bringup:/opt/erc_ws/install/erc_bringup:/opt/erc_ws/install/tiago_pro_description:/opt/erc_ws/install/tiago_pro_head_description:/opt/erc_ws/install/tiago_pro_controller_configuration:/opt/erc_ws/install/tiago_pro_head_controller_configuration:/opt/erc_ws/install/pal_sea_arm:/opt/erc_ws/install/pal_sea_arm_bringup:/opt/erc_ws/install/pal_sea_arm_description:/opt/erc_ws/install/pal_pro_gripper_simulation:/opt/erc_ws/install/pal_pro_gripper_bringup:/opt/erc_ws/install/pal_pro_gripper:/opt/erc_ws/install/pal_pro_gripper_description:/opt/erc_ws/install/pal_gripper_simulation:/opt/erc_ws/install/pal_gripper:/opt/erc_ws/install/pal_gripper_description:/opt/erc_ws/install/omni_base_robot:/opt/erc_ws/install/omni_base_bringup:/opt/erc_ws/install/omni_base_description:/opt/erc_ws/install/pal_sea_arm_controller_configuration:/opt/erc_ws/install/pal_pro_gripper_controller_configuration:/opt/erc_ws/install/pal_gripper_controller_configuration:/opt/erc_ws/install/omni_base_controller_configuration:/opt/erc_ws/install/gz_ros2_control:/opt/erc_ws/install/erc_description:/opt/erc_ws/install/sensors:/opt/erc_ws/install/pal_pro_gripper_wrapper:/opt/erc_ws/install/launch_pal:/opt/erc_ws/install/erc_solution:/opt/ros/humble /usr/bin/cmake --build /opt/erc_ws/build/pal_gripper_description -- -j16 -l16
[1.945s] Level 1:colcon.colcon_core.environment:create_environment_scripts_only(gz_ros2_control)
[1.945s] Level 1:colcon.colcon_core.environment:checking '/opt/erc_ws/install/gz_ros2_control' for CMake module files
[1.946s] DEBUG:colcon.colcon_core.event_handler.log_command:Invoked command in '/opt/erc_ws/build/gz_ros2_control' returned '0': CMAKE_PREFIX_PATH=${CMAKE_PREFIX_PATH}:/opt/erc_ws/install/sensors:/opt/erc_ws/install/pal_pro_gripper_wrapper:/opt/erc_ws/install/launch_pal:/opt/erc_ws/install/erc_solution:/opt/ros/humble /usr/bin/cmake --install /opt/erc_ws/build/gz_ros2_control
[1.948s] Level 1:colcon.colcon_core.environment:checking '/opt/erc_ws/install/gz_ros2_control' for CMake config files
[1.949s] Level 1:colcon.colcon_core.shell:create_environment_hook('gz_ros2_control', 'cmake_prefix_path')
[1.949s] INFO:colcon.colcon_core.shell:Creating environment hook '/opt/erc_ws/install/gz_ros2_control/share/gz_ros2_control/hook/cmake_prefix_path.ps1'
[1.950s] INFO:colcon.colcon_core.shell:Creating environment descriptor '/opt/erc_ws/install/gz_ros2_control/share/gz_ros2_control/hook/cmake_prefix_path.dsv'
[1.950s] INFO:colcon.colcon_core.shell:Creating environment hook '/opt/erc_ws/install/gz_ros2_control/share/gz_ros2_control/hook/cmake_prefix_path.sh'
[1.951s] Level 1:colcon.colcon_core.environment:checking '/opt/erc_ws/install/gz_ros2_control/lib'
[1.951s] Level 1:colcon.colcon_core.shell:create_environment_hook('gz_ros2_control', 'ld_library_path_lib')
[1.951s] INFO:colcon.colcon_core.shell:Creating environment hook '/opt/erc_ws/install/gz_ros2_control/share/gz_ros2_control/hook/ld_library_path_lib.ps1'
[1.952s] INFO:colcon.colcon_core.shell:Creating environment descriptor '/opt/erc_ws/install/gz_ros2_control/share/gz_ros2_control/hook/ld_library_path_lib.dsv'
[1.953s] INFO:colcon.colcon_core.shell:Creating environment hook '/opt/erc_ws/install/gz_ros2_control/share/gz_ros2_control/hook/ld_library_path_lib.sh'
[1.953s] Level 1:colcon.colcon_core.environment:checking '/opt/erc_ws/install/gz_ros2_control/bin'
[1.953s] Level 1:colcon.colcon_core.environment:checking '/opt/erc_ws/install/gz_ros2_control/lib/pkgconfig/gz_ros2_control.pc'
[1.954s] Level 1:colcon.colcon_core.environment:checking '/opt/erc_ws/install/gz_ros2_control/lib/python3.10/site-packages'
[1.954s] Level 1:colcon.colcon_core.environment:checking '/opt/erc_ws/install/gz_ros2_control/bin'
[1.954s] INFO:colcon.colcon_core.shell:Creating package script '/opt/erc_ws/install/gz_ros2_control/share/gz_ros2_control/package.ps1'
[1.955s] INFO:colcon.colcon_core.shell:Creating package descriptor '/opt/erc_ws/install/gz_ros2_control/share/gz_ros2_control/package.dsv'
[1.955s] INFO:colcon.colcon_core.shell:Creating package script '/opt/erc_ws/install/gz_ros2_control/share/gz_ros2_control/package.sh'
[1.956s] INFO:colcon.colcon_core.shell:Creating package script '/opt/erc_ws/install/gz_ros2_control/share/gz_ros2_control/package.bash'
[1.956s] INFO:colcon.colcon_core.shell:Creating package script '/opt/erc_ws/install/gz_ros2_control/share/gz_ros2_control/package.zsh'
[1.956s] Level 1:colcon.colcon_core.environment:create_file_with_runtime_dependencies(/opt/erc_ws/install/gz_ros2_control/share/colcon-core/packages/gz_ros2_control)
[1.957s] Level 1:colcon.colcon_core.environment:create_environment_scripts_only(gz_ros2_control)
[1.957s] Level 1:colcon.colcon_core.environment:checking '/opt/erc_ws/install/gz_ros2_control' for CMake module files
[1.958s] Level 1:colcon.colcon_core.environment:checking '/opt/erc_ws/install/gz_ros2_control' for CMake config files
[1.958s] Level 1:colcon.colcon_core.shell:create_environment_hook('gz_ros2_control', 'cmake_prefix_path')
[1.958s] INFO:colcon.colcon_core.shell:Creating environment hook '/opt/erc_ws/install/gz_ros2_control/share/gz_ros2_control/hook/cmake_prefix_path.ps1'
[1.959s] INFO:colcon.colcon_core.shell:Creating environment descriptor '/opt/erc_ws/install/gz_ros2_control/share/gz_ros2_control/hook/cmake_prefix_path.dsv'
[1.959s] INFO:colcon.colcon_core.shell:Creating environment hook '/opt/erc_ws/install/gz_ros2_control/share/gz_ros2_control/hook/cmake_prefix_path.sh'
[1.960s] Level 1:colcon.colcon_core.environment:checking '/opt/erc_ws/install/gz_ros2_control/lib'
[1.961s] Level 1:colcon.colcon_core.shell:create_environment_hook('gz_ros2_control', 'ld_library_path_lib')
[1.961s] INFO:colcon.colcon_core.shell:Creating environment hook '/opt/erc_ws/install/gz_ros2_control/share/gz_ros2_control/hook/ld_library_path_lib.ps1'
[1.962s] INFO:colcon.colcon_core.shell:Creating environment descriptor '/opt/erc_ws/install/gz_ros2_control/share/gz_ros2_control/hook/ld_library_path_lib.dsv'
[1.962s] INFO:colcon.colcon_core.shell:Creating environment hook '/opt/erc_ws/install/gz_ros2_control/share/gz_ros2_control/hook/ld_library_path_lib.sh'
[1.962s] Level 1:colcon.colcon_core.environment:checking '/opt/erc_ws/install/gz_ros2_control/bin'
[1.963s] Level 1:colcon.colcon_core.environment:checking '/opt/erc_ws/install/gz_ros2_control/lib/pkgconfig/gz_ros2_control.pc'
[1.963s] Level 1:colcon.colcon_core.environment:checking '/opt/erc_ws/install/gz_ros2_control/lib/python3.10/site-packages'
[1.964s] Level 1:colcon.colcon_core.environment:checking '/opt/erc_ws/install/gz_ros2_control/bin'
[1.964s] INFO:colcon.colcon_core.shell:Creating package script '/opt/erc_ws/install/gz_ros2_control/share/gz_ros2_control/package.ps1'
[1.965s] INFO:colcon.colcon_core.shell:Creating package descriptor '/opt/erc_ws/install/gz_ros2_control/share/gz_ros2_control/package.dsv'
[1.966s] INFO:colcon.colcon_core.shell:Creating package script '/opt/erc_ws/install/gz_ros2_control/share/gz_ros2_control/package.sh'
[1.966s] INFO:colcon.colcon_core.shell:Creating package script '/opt/erc_ws/install/gz_ros2_control/share/gz_ros2_control/package.bash'
[1.967s] INFO:colcon.colcon_core.shell:Creating package script '/opt/erc_ws/install/gz_ros2_control/share/gz_ros2_control/package.zsh'
[1.968s] Level 1:colcon.colcon_core.environment:create_file_with_runtime_dependencies(/opt/erc_ws/install/gz_ros2_control/share/colcon-core/packages/gz_ros2_control)
[2.007s] DEBUG:colcon.colcon_core.event_handler.log_command:Invoked command in '/opt/erc_ws/build/pal_gripper_description' returned '0': CMAKE_PREFIX_PATH=/opt/erc_ws/install/pal_urdf_utils:/opt/erc_ws/install/tiago_pro_robot:/opt/erc_ws/install/tiago_pro_head_robot:/opt/erc_ws/install/tiago_pro_bringup:/opt/erc_ws/install/tiago_pro_head_bringup:/opt/erc_ws/install/erc_bringup:/opt/erc_ws/install/tiago_pro_description:/opt/erc_ws/install/tiago_pro_head_description:/opt/erc_ws/install/tiago_pro_controller_configuration:/opt/erc_ws/install/tiago_pro_head_controller_configuration:/opt/erc_ws/install/pal_sea_arm:/opt/erc_ws/install/pal_sea_arm_bringup:/opt/erc_ws/install/pal_sea_arm_description:/opt/erc_ws/install/pal_pro_gripper_simulation:/opt/erc_ws/install/pal_pro_gripper_bringup:/opt/erc_ws/install/pal_pro_gripper:/opt/erc_ws/install/pal_pro_gripper_description:/opt/erc_ws/install/pal_gripper_simulation:/opt/erc_ws/install/pal_gripper:/opt/erc_ws/install/pal_gripper_description:/opt/erc_ws/install/omni_base_robot:/opt/erc_ws/install/omni_base_bringup:/opt/erc_ws/install/omni_base_description:/opt/erc_ws/install/pal_sea_arm_controller_configuration:/opt/erc_ws/install/pal_pro_gripper_controller_configuration:/opt/erc_ws/install/pal_gripper_controller_configuration:/opt/erc_ws/install/omni_base_controller_configuration:/opt/erc_ws/install/gz_ros2_control:/opt/erc_ws/install/erc_description:/opt/erc_ws/install/sensors:/opt/erc_ws/install/pal_pro_gripper_wrapper:/opt/erc_ws/install/launch_pal:/opt/erc_ws/install/erc_solution:/opt/ros/humble /usr/bin/cmake --build /opt/erc_ws/build/pal_gripper_description -- -j16 -l16
[2.009s] DEBUG:colcon.colcon_core.event_handler.log_command:Invoking command in '/opt/erc_ws/build/pal_gripper_description': CMAKE_PREFIX_PATH=/opt/erc_ws/install/pal_urdf_utils:/opt/erc_ws/install/tiago_pro_robot:/opt/erc_ws/install/tiago_pro_head_robot:/opt/erc_ws/install/tiago_pro_bringup:/opt/erc_ws/install/tiago_pro_head_bringup:/opt/erc_ws/install/erc_bringup:/opt/erc_ws/install/tiago_pro_description:/opt/erc_ws/install/tiago_pro_head_description:/opt/erc_ws/install/tiago_pro_controller_configuration:/opt/erc_ws/install/tiago_pro_head_controller_configuration:/opt/erc_ws/install/pal_sea_arm:/opt/erc_ws/install/pal_sea_arm_bringup:/opt/erc_ws/install/pal_sea_arm_description:/opt/erc_ws/install/pal_pro_gripper_simulation:/opt/erc_ws/install/pal_pro_gripper_bringup:/opt/erc_ws/install/pal_pro_gripper:/opt/erc_ws/install/pal_pro_gripper_description:/opt/erc_ws/install/pal_gripper_simulation:/opt/erc_ws/install/pal_gripper:/opt/erc_ws/install/pal_gripper_description:/opt/erc_ws/install/omni_base_robot:/opt/erc_ws/install/omni_base_bringup:/opt/erc_ws/install/omni_base_description:/opt/erc_ws/install/pal_sea_arm_controller_configuration:/opt/erc_ws/install/pal_pro_gripper_controller_configuration:/opt/erc_ws/install/pal_gripper_controller_configuration:/opt/erc_ws/install/omni_base_controller_configuration:/opt/erc_ws/install/gz_ros2_control:/opt/erc_ws/install/erc_description:/opt/erc_ws/install/sensors:/opt/erc_ws/install/pal_pro_gripper_wrapper:/opt/erc_ws/install/launch_pal:/opt/erc_ws/install/erc_solution:/opt/ros/humble /usr/bin/cmake --install /opt/erc_ws/build/pal_gripper_description
[2.041s] Level 1:colcon.colcon_core.environment:create_environment_scripts_only(pal_gripper_description)
[2.042s] Level 1:colcon.colcon_core.environment:checking '/opt/erc_ws/install/pal_gripper_description' for CMake module files
[2.043s] DEBUG:colcon.colcon_core.event_handler.log_command:Invoked command in '/opt/erc_ws/build/pal_gripper_description' returned '0': CMAKE_PREFIX_PATH=/opt/erc_ws/install/pal_urdf_utils:/opt/erc_ws/install/tiago_pro_robot:/opt/erc_ws/install/tiago_pro_head_robot:/opt/erc_ws/install/tiago_pro_bringup:/opt/erc_ws/install/tiago_pro_head_bringup:/opt/erc_ws/install/erc_bringup:/opt/erc_ws/install/tiago_pro_description:/opt/erc_ws/install/tiago_pro_head_description:/opt/erc_ws/install/tiago_pro_controller_configuration:/opt/erc_ws/install/tiago_pro_head_controller_configuration:/opt/erc_ws/install/pal_sea_arm:/opt/erc_ws/install/pal_sea_arm_bringup:/opt/erc_ws/install/pal_sea_arm_description:/opt/erc_ws/install/pal_pro_gripper_simulation:/opt/erc_ws/install/pal_pro_gripper_bringup:/opt/erc_ws/install/pal_pro_gripper:/opt/erc_ws/install/pal_pro_gripper_description:/opt/erc_ws/install/pal_gripper_simulation:/opt/erc_ws/install/pal_gripper:/opt/erc_ws/install/pal_gripper_description:/opt/erc_ws/install/omni_base_robot:/opt/erc_ws/install/omni_base_bringup:/opt/erc_ws/install/omni_base_description:/opt/erc_ws/install/pal_sea_arm_controller_configuration:/opt/erc_ws/install/pal_pro_gripper_controller_configuration:/opt/erc_ws/install/pal_gripper_controller_configuration:/opt/erc_ws/install/omni_base_controller_configuration:/opt/erc_ws/install/gz_ros2_control:/opt/erc_ws/install/erc_description:/opt/erc_ws/install/sensors:/opt/erc_ws/install/pal_pro_gripper_wrapper:/opt/erc_ws/install/launch_pal:/opt/erc_ws/install/erc_solution:/opt/ros/humble /usr/bin/cmake --install /opt/erc_ws/build/pal_gripper_description
[2.044s] Level 1:colcon.colcon_core.environment:checking '/opt/erc_ws/install/pal_gripper_description' for CMake config files
[2.045s] Level 1:colcon.colcon_core.shell:create_environment_hook('pal_gripper_description', 'cmake_prefix_path')
[2.045s] INFO:colcon.colcon_core.shell:Creating environment hook '/opt/erc_ws/install/pal_gripper_description/share/pal_gripper_description/hook/cmake_prefix_path.ps1'
[2.045s] INFO:colcon.colcon_core.shell:Creating environment descriptor '/opt/erc_ws/install/pal_gripper_description/share/pal_gripper_description/hook/cmake_prefix_path.dsv'
[2.046s] INFO:colcon.colcon_core.shell:Creating environment hook '/opt/erc_ws/install/pal_gripper_description/share/pal_gripper_description/hook/cmake_prefix_path.sh'
[2.047s] Level 1:colcon.colcon_core.environment:checking '/opt/erc_ws/install/pal_gripper_description/bin'
[2.047s] Level 1:colcon.colcon_core.environment:checking '/opt/erc_ws/install/pal_gripper_description/lib/pkgconfig/pal_gripper_description.pc'
[2.047s] Level 1:colcon.colcon_core.environment:checking '/opt/erc_ws/install/pal_gripper_description/lib/python3.10/site-packages'
[2.047s] Level 1:colcon.colcon_core.environment:checking '/opt/erc_ws/install/pal_gripper_description/bin'
[2.047s] INFO:colcon.colcon_core.shell:Creating package script '/opt/erc_ws/install/pal_gripper_description/share/pal_gripper_description/package.ps1'
[2.048s] INFO:colcon.colcon_core.shell:Creating package descriptor '/opt/erc_ws/install/pal_gripper_description/share/pal_gripper_description/package.dsv'
[2.048s] INFO:colcon.colcon_core.shell:Creating package script '/opt/erc_ws/install/pal_gripper_description/share/pal_gripper_description/package.sh'
[2.049s] INFO:colcon.colcon_core.shell:Creating package script '/opt/erc_ws/install/pal_gripper_description/share/pal_gripper_description/package.bash'
[2.050s] INFO:colcon.colcon_core.shell:Creating package script '/opt/erc_ws/install/pal_gripper_description/share/pal_gripper_description/package.zsh'
[2.050s] Level 1:colcon.colcon_core.environment:create_file_with_runtime_dependencies(/opt/erc_ws/install/pal_gripper_description/share/colcon-core/packages/pal_gripper_description)
[2.051s] Level 1:colcon.colcon_core.environment:create_environment_scripts_only(pal_gripper_description)
[2.051s] Level 1:colcon.colcon_core.environment:checking '/opt/erc_ws/install/pal_gripper_description' for CMake module files
[2.052s] Level 1:colcon.colcon_core.environment:checking '/opt/erc_ws/install/pal_gripper_description' for CMake config files
[2.052s] Level 1:colcon.colcon_core.shell:create_environment_hook('pal_gripper_description', 'cmake_prefix_path')
[2.053s] INFO:colcon.colcon_core.shell:Creating environment hook '/opt/erc_ws/install/pal_gripper_description/share/pal_gripper_description/hook/cmake_prefix_path.ps1'
[2.053s] INFO:colcon.colcon_core.shell:Creating environment descriptor '/opt/erc_ws/install/pal_gripper_description/share/pal_gripper_description/hook/cmake_prefix_path.dsv'
[2.054s] INFO:colcon.colcon_core.shell:Creating environment hook '/opt/erc_ws/install/pal_gripper_description/share/pal_gripper_description/hook/cmake_prefix_path.sh'
[2.054s] Level 1:colcon.colcon_core.environment:checking '/opt/erc_ws/install/pal_gripper_description/bin'
[2.054s] Level 1:colcon.colcon_core.environment:checking '/opt/erc_ws/install/pal_gripper_description/lib/pkgconfig/pal_gripper_description.pc'
[2.055s] Level 1:colcon.colcon_core.environment:checking '/opt/erc_ws/install/pal_gripper_description/lib/python3.10/site-packages'
[2.055s] Level 1:colcon.colcon_core.environment:checking '/opt/erc_ws/install/pal_gripper_description/bin'
[2.056s] INFO:colcon.colcon_core.shell:Creating package script '/opt/erc_ws/install/pal_gripper_description/share/pal_gripper_description/package.ps1'
[2.056s] INFO:colcon.colcon_core.shell:Creating package descriptor '/opt/erc_ws/install/pal_gripper_description/share/pal_gripper_description/package.dsv'
[2.057s] INFO:colcon.colcon_core.shell:Creating package script '/opt/erc_ws/install/pal_gripper_description/share/pal_gripper_description/package.sh'
[2.057s] INFO:colcon.colcon_core.shell:Creating package script '/opt/erc_ws/install/pal_gripper_description/share/pal_gripper_description/package.bash'
[2.058s] INFO:colcon.colcon_core.shell:Creating package script '/opt/erc_ws/install/pal_gripper_description/share/pal_gripper_description/package.zsh'
[2.058s] Level 1:colcon.colcon_core.environment:create_file_with_runtime_dependencies(/opt/erc_ws/install/pal_gripper_description/share/colcon-core/packages/pal_gripper_description)
[2.059s] INFO:colcon.colcon_ros.task.ament_cmake.build:Building ROS package in '/opt/erc_ws/src/pal_gripper/pal_gripper' with build type 'ament_cmake'
[2.059s] INFO:colcon.colcon_cmake.task.cmake.build:Building CMake package in '/opt/erc_ws/src/pal_gripper/pal_gripper'
[2.059s] INFO:colcon.colcon_core.shell:Skip shell extension 'powershell' for command environment: Not usable outside of PowerShell
[2.059s] DEBUG:colcon.colcon_core.shell:Skip shell extension 'dsv' for command environment
[2.069s] INFO:colcon.colcon_ros.task.ament_cmake.build:Building ROS package in '/opt/erc_ws/src/pal_gripper/pal_gripper_simulation' with build type 'ament_cmake'
[2.069s] INFO:colcon.colcon_cmake.task.cmake.build:Building CMake package in '/opt/erc_ws/src/pal_gripper/pal_gripper_simulation'
[2.070s] INFO:colcon.colcon_core.shell:Skip shell extension 'powershell' for command environment: Not usable outside of PowerShell
[2.070s] DEBUG:colcon.colcon_core.shell:Skip shell extension 'dsv' for command environment
[2.087s] DEBUG:colcon.colcon_core.event_handler.log_command:Invoking command in '/opt/erc_ws/build/pal_gripper': CMAKE_PREFIX_PATH=/opt/erc_ws/install/pal_gripper_description:/opt/erc_ws/install/pal_urdf_utils:/opt/erc_ws/install/pal_gripper_controller_configuration:/opt/erc_ws/install/tiago_pro_robot:/opt/erc_ws/install/tiago_pro_head_robot:/opt/erc_ws/install/tiago_pro_bringup:/opt/erc_ws/install/tiago_pro_head_bringup:/opt/erc_ws/install/erc_bringup:/opt/erc_ws/install/tiago_pro_description:/opt/erc_ws/install/tiago_pro_head_description:/opt/erc_ws/install/tiago_pro_controller_configuration:/opt/erc_ws/install/tiago_pro_head_controller_configuration:/opt/erc_ws/install/pal_sea_arm:/opt/erc_ws/install/pal_sea_arm_bringup:/opt/erc_ws/install/pal_sea_arm_description:/opt/erc_ws/install/pal_pro_gripper_simulation:/opt/erc_ws/install/pal_pro_gripper_bringup:/opt/erc_ws/install/pal_pro_gripper:/opt/erc_ws/install/pal_pro_gripper_description:/opt/erc_ws/install/pal_gripper_simulation:/opt/erc_ws/install/pal_gripper:/opt/erc_ws/install/omni_base_robot:/opt/erc_ws/install/omni_base_bringup:/opt/erc_ws/install/omni_base_description:/opt/erc_ws/install/pal_sea_arm_controller_configuration:/opt/erc_ws/install/pal_pro_gripper_controller_configuration:/opt/erc_ws/install/omni_base_controller_configuration:/opt/erc_ws/install/gz_ros2_control:/opt/erc_ws/install/erc_description:/opt/erc_ws/install/sensors:/opt/erc_ws/install/pal_pro_gripper_wrapper:/opt/erc_ws/install/launch_pal:/opt/erc_ws/install/erc_solution:/opt/ros/humble /usr/bin/cmake --build /opt/erc_ws/build/pal_gripper -- -j16 -l16
[2.093s] DEBUG:colcon.colcon_core.event_handler.log_command:Invoking command in '/opt/erc_ws/build/pal_gripper_simulation': CMAKE_PREFIX_PATH=/opt/erc_ws/install/pal_gripper_description:/opt/erc_ws/install/pal_urdf_utils:/opt/erc_ws/install/pal_gripper_controller_configuration:/opt/erc_ws/install/tiago_pro_robot:/opt/erc_ws/install/tiago_pro_head_robot:/opt/erc_ws/install/tiago_pro_bringup:/opt/erc_ws/install/tiago_pro_head_bringup:/opt/erc_ws/install/erc_bringup:/opt/erc_ws/install/tiago_pro_description:/opt/erc_ws/install/tiago_pro_head_description:/opt/erc_ws/install/tiago_pro_controller_configuration:/opt/erc_ws/install/tiago_pro_head_controller_configuration:/opt/erc_ws/install/pal_sea_arm:/opt/erc_ws/install/pal_sea_arm_bringup:/opt/erc_ws/install/pal_sea_arm_description:/opt/erc_ws/install/pal_pro_gripper_simulation:/opt/erc_ws/install/pal_pro_gripper_bringup:/opt/erc_ws/install/pal_pro_gripper:/opt/erc_ws/install/pal_pro_gripper_description:/opt/erc_ws/install/pal_gripper_simulation:/opt/erc_ws/install/pal_gripper:/opt/erc_ws/install/omni_base_robot:/opt/erc_ws/install/omni_base_bringup:/opt/erc_ws/install/omni_base_description:/opt/erc_ws/install/pal_sea_arm_controller_configuration:/opt/erc_ws/install/pal_pro_gripper_controller_configuration:/opt/erc_ws/install/omni_base_controller_configuration:/opt/erc_ws/install/gz_ros2_control:/opt/erc_ws/install/erc_description:/opt/erc_ws/install/sensors:/opt/erc_ws/install/pal_pro_gripper_wrapper:/opt/erc_ws/install/launch_pal:/opt/erc_ws/install/erc_solution:/opt/ros/humble /usr/bin/cmake --build /opt/erc_ws/build/pal_gripper_simulation -- -j16 -l16
[2.141s] DEBUG:colcon.colcon_core.event_handler.log_command:Invoked command in '/opt/erc_ws/build/pal_gripper' returned '0': CMAKE_PREFIX_PATH=/opt/erc_ws/install/pal_gripper_description:/opt/erc_ws/install/pal_urdf_utils:/opt/erc_ws/install/pal_gripper_controller_configuration:/opt/erc_ws/install/tiago_pro_robot:/opt/erc_ws/install/tiago_pro_head_robot:/opt/erc_ws/install/tiago_pro_bringup:/opt/erc_ws/install/tiago_pro_head_bringup:/opt/erc_ws/install/erc_bringup:/opt/erc_ws/install/tiago_pro_description:/opt/erc_ws/install/tiago_pro_head_description:/opt/erc_ws/install/tiago_pro_controller_configuration:/opt/erc_ws/install/tiago_pro_head_controller_configuration:/opt/erc_ws/install/pal_sea_arm:/opt/erc_ws/install/pal_sea_arm_bringup:/opt/erc_ws/install/pal_sea_arm_description:/opt/erc_ws/install/pal_pro_gripper_simulation:/opt/erc_ws/install/pal_pro_gripper_bringup:/opt/erc_ws/install/pal_pro_gripper:/opt/erc_ws/install/pal_pro_gripper_description:/opt/erc_ws/install/pal_gripper_simulation:/opt/erc_ws/install/pal_gripper:/opt/erc_ws/install/omni_base_robot:/opt/erc_ws/install/omni_base_bringup:/opt/erc_ws/install/omni_base_description:/opt/erc_ws/install/pal_sea_arm_controller_configuration:/opt/erc_ws/install/pal_pro_gripper_controller_configuration:/opt/erc_ws/install/omni_base_controller_configuration:/opt/erc_ws/install/gz_ros2_control:/opt/erc_ws/install/erc_description:/opt/erc_ws/install/sensors:/opt/erc_ws/install/pal_pro_gripper_wrapper:/opt/erc_ws/install/launch_pal:/opt/erc_ws/install/erc_solution:/opt/ros/humble /usr/bin/cmake --build /opt/erc_ws/build/pal_gripper -- -j16 -l16
[2.142s] DEBUG:colcon.colcon_core.event_handler.log_command:Invoking command in '/opt/erc_ws/build/pal_gripper': CMAKE_PREFIX_PATH=/opt/erc_ws/install/pal_gripper_description:/opt/erc_ws/install/pal_urdf_utils:/opt/erc_ws/install/pal_gripper_controller_configuration:/opt/erc_ws/install/tiago_pro_robot:/opt/erc_ws/install/tiago_pro_head_robot:/opt/erc_ws/install/tiago_pro_bringup:/opt/erc_ws/install/tiago_pro_head_bringup:/opt/erc_ws/install/erc_bringup:/opt/erc_ws/install/tiago_pro_description:/opt/erc_ws/install/tiago_pro_head_description:/opt/erc_ws/install/tiago_pro_controller_configuration:/opt/erc_ws/install/tiago_pro_head_controller_configuration:/opt/erc_ws/install/pal_sea_arm:/opt/erc_ws/install/pal_sea_arm_bringup:/opt/erc_ws/install/pal_sea_arm_description:/opt/erc_ws/install/pal_pro_gripper_simulation:/opt/erc_ws/install/pal_pro_gripper_bringup:/opt/erc_ws/install/pal_pro_gripper:/opt/erc_ws/install/pal_pro_gripper_description:/opt/erc_ws/install/pal_gripper_simulation:/opt/erc_ws/install/pal_gripper:/opt/erc_ws/install/omni_base_robot:/opt/erc_ws/install/omni_base_bringup:/opt/erc_ws/install/omni_base_description:/opt/erc_ws/install/pal_sea_arm_controller_configuration:/opt/erc_ws/install/pal_pro_gripper_controller_configuration:/opt/erc_ws/install/omni_base_controller_configuration:/opt/erc_ws/install/gz_ros2_control:/opt/erc_ws/install/erc_description:/opt/erc_ws/install/sensors:/opt/erc_ws/install/pal_pro_gripper_wrapper:/opt/erc_ws/install/launch_pal:/opt/erc_ws/install/erc_solution:/opt/ros/humble /usr/bin/cmake --install /opt/erc_ws/build/pal_gripper
[2.171s] Level 1:colcon.colcon_core.environment:create_environment_scripts_only(pal_gripper)
[2.171s] Level 1:colcon.colcon_core.environment:checking '/opt/erc_ws/install/pal_gripper' for CMake module files
[2.173s] DEBUG:colcon.colcon_core.event_handler.log_command:Invoked command in '/opt/erc_ws/build/pal_gripper' returned '0': CMAKE_PREFIX_PATH=/opt/erc_ws/install/pal_gripper_description:/opt/erc_ws/install/pal_urdf_utils:/opt/erc_ws/install/pal_gripper_controller_configuration:/opt/erc_ws/install/tiago_pro_robot:/opt/erc_ws/install/tiago_pro_head_robot:/opt/erc_ws/install/tiago_pro_bringup:/opt/erc_ws/install/tiago_pro_head_bringup:/opt/erc_ws/install/erc_bringup:/opt/erc_ws/install/tiago_pro_description:/opt/erc_ws/install/tiago_pro_head_description:/opt/erc_ws/install/tiago_pro_controller_configuration:/opt/erc_ws/install/tiago_pro_head_controller_configuration:/opt/erc_ws/install/pal_sea_arm:/opt/erc_ws/install/pal_sea_arm_bringup:/opt/erc_ws/install/pal_sea_arm_description:/opt/erc_ws/install/pal_pro_gripper_simulation:/opt/erc_ws/install/pal_pro_gripper_bringup:/opt/erc_ws/install/pal_pro_gripper:/opt/erc_ws/install/pal_pro_gripper_description:/opt/erc_ws/install/pal_gripper_simulation:/opt/erc_ws/install/pal_gripper:/opt/erc_ws/install/omni_base_robot:/opt/erc_ws/install/omni_base_bringup:/opt/erc_ws/install/omni_base_description:/opt/erc_ws/install/pal_sea_arm_controller_configuration:/opt/erc_ws/install/pal_pro_gripper_controller_configuration:/opt/erc_ws/install/omni_base_controller_configuration:/opt/erc_ws/install/gz_ros2_control:/opt/erc_ws/install/erc_description:/opt/erc_ws/install/sensors:/opt/erc_ws/install/pal_pro_gripper_wrapper:/opt/erc_ws/install/launch_pal:/opt/erc_ws/install/erc_solution:/opt/ros/humble /usr/bin/cmake --install /opt/erc_ws/build/pal_gripper
[2.173s] Level 1:colcon.colcon_core.environment:checking '/opt/erc_ws/install/pal_gripper' for CMake config files
[2.174s] Level 1:colcon.colcon_core.shell:create_environment_hook('pal_gripper', 'cmake_prefix_path')
[2.174s] INFO:colcon.colcon_core.shell:Creating environment hook '/opt/erc_ws/install/pal_gripper/share/pal_gripper/hook/cmake_prefix_path.ps1'
[2.175s] INFO:colcon.colcon_core.shell:Creating environment descriptor '/opt/erc_ws/install/pal_gripper/share/pal_gripper/hook/cmake_prefix_path.dsv'
[2.175s] INFO:colcon.colcon_core.shell:Creating environment hook '/opt/erc_ws/install/pal_gripper/share/pal_gripper/hook/cmake_prefix_path.sh'
[2.176s] Level 1:colcon.colcon_core.environment:checking '/opt/erc_ws/install/pal_gripper/bin'
[2.176s] Level 1:colcon.colcon_core.environment:checking '/opt/erc_ws/install/pal_gripper/lib/pkgconfig/pal_gripper.pc'
[2.176s] Level 1:colcon.colcon_core.environment:checking '/opt/erc_ws/install/pal_gripper/lib/python3.10/site-packages'
[2.177s] Level 1:colcon.colcon_core.environment:checking '/opt/erc_ws/install/pal_gripper/bin'
[2.177s] INFO:colcon.colcon_core.shell:Creating package script '/opt/erc_ws/install/pal_gripper/share/pal_gripper/package.ps1'
[2.178s] INFO:colcon.colcon_core.shell:Creating package descriptor '/opt/erc_ws/install/pal_gripper/share/pal_gripper/package.dsv'
[2.179s] INFO:colcon.colcon_core.shell:Creating package script '/opt/erc_ws/install/pal_gripper/share/pal_gripper/package.sh'
[2.179s] INFO:colcon.colcon_core.shell:Creating package script '/opt/erc_ws/install/pal_gripper/share/pal_gripper/package.bash'
[2.180s] INFO:colcon.colcon_core.shell:Creating package script '/opt/erc_ws/install/pal_gripper/share/pal_gripper/package.zsh'
[2.180s] Level 1:colcon.colcon_core.environment:create_file_with_runtime_dependencies(/opt/erc_ws/install/pal_gripper/share/colcon-core/packages/pal_gripper)
[2.181s] Level 1:colcon.colcon_core.environment:create_environment_scripts_only(pal_gripper)
[2.181s] Level 1:colcon.colcon_core.environment:checking '/opt/erc_ws/install/pal_gripper' for CMake module files
[2.181s] Level 1:colcon.colcon_core.environment:checking '/opt/erc_ws/install/pal_gripper' for CMake config files
[2.182s] Level 1:colcon.colcon_core.shell:create_environment_hook('pal_gripper', 'cmake_prefix_path')
[2.182s] INFO:colcon.colcon_core.shell:Creating environment hook '/opt/erc_ws/install/pal_gripper/share/pal_gripper/hook/cmake_prefix_path.ps1'
[2.183s] INFO:colcon.colcon_core.shell:Creating environment descriptor '/opt/erc_ws/install/pal_gripper/share/pal_gripper/hook/cmake_prefix_path.dsv'
[2.183s] INFO:colcon.colcon_core.shell:Creating environment hook '/opt/erc_ws/install/pal_gripper/share/pal_gripper/hook/cmake_prefix_path.sh'
[2.184s] Level 1:colcon.colcon_core.environment:checking '/opt/erc_ws/install/pal_gripper/bin'
[2.184s] Level 1:colcon.colcon_core.environment:checking '/opt/erc_ws/install/pal_gripper/lib/pkgconfig/pal_gripper.pc'
[2.184s] Level 1:colcon.colcon_core.environment:checking '/opt/erc_ws/install/pal_gripper/lib/python3.10/site-packages'
[2.185s] Level 1:colcon.colcon_core.environment:checking '/opt/erc_ws/install/pal_gripper/bin'
[2.185s] INFO:colcon.colcon_core.shell:Creating package script '/opt/erc_ws/install/pal_gripper/share/pal_gripper/package.ps1'
[2.186s] INFO:colcon.colcon_core.shell:Creating package descriptor '/opt/erc_ws/install/pal_gripper/share/pal_gripper/package.dsv'
[2.186s] INFO:colcon.colcon_core.shell:Creating package script '/opt/erc_ws/install/pal_gripper/share/pal_gripper/package.sh'
[2.187s] INFO:colcon.colcon_core.shell:Creating package script '/opt/erc_ws/install/pal_gripper/share/pal_gripper/package.bash'
[2.187s] INFO:colcon.colcon_core.shell:Creating package script '/opt/erc_ws/install/pal_gripper/share/pal_gripper/package.zsh'
[2.188s] Level 1:colcon.colcon_core.environment:create_file_with_runtime_dependencies(/opt/erc_ws/install/pal_gripper/share/colcon-core/packages/pal_gripper)
[2.190s] DEBUG:colcon.colcon_core.event_handler.log_command:Invoked command in '/opt/erc_ws/build/pal_gripper_simulation' returned '0': CMAKE_PREFIX_PATH=/opt/erc_ws/install/pal_gripper_description:/opt/erc_ws/install/pal_urdf_utils:/opt/erc_ws/install/pal_gripper_controller_configuration:/opt/erc_ws/install/tiago_pro_robot:/opt/erc_ws/install/tiago_pro_head_robot:/opt/erc_ws/install/tiago_pro_bringup:/opt/erc_ws/install/tiago_pro_head_bringup:/opt/erc_ws/install/erc_bringup:/opt/erc_ws/install/tiago_pro_description:/opt/erc_ws/install/tiago_pro_head_description:/opt/erc_ws/install/tiago_pro_controller_configuration:/opt/erc_ws/install/tiago_pro_head_controller_configuration:/opt/erc_ws/install/pal_sea_arm:/opt/erc_ws/install/pal_sea_arm_bringup:/opt/erc_ws/install/pal_sea_arm_description:/opt/erc_ws/install/pal_pro_gripper_simulation:/opt/erc_ws/install/pal_pro_gripper_bringup:/opt/erc_ws/install/pal_pro_gripper:/opt/erc_ws/install/pal_pro_gripper_description:/opt/erc_ws/install/pal_gripper_simulation:/opt/erc_ws/install/pal_gripper:/opt/erc_ws/install/omni_base_robot:/opt/erc_ws/install/omni_base_bringup:/opt/erc_ws/install/omni_base_description:/opt/erc_ws/install/pal_sea_arm_controller_configuration:/opt/erc_ws/install/pal_pro_gripper_controller_configuration:/opt/erc_ws/install/omni_base_controller_configuration:/opt/erc_ws/install/gz_ros2_control:/opt/erc_ws/install/erc_description:/opt/erc_ws/install/sensors:/opt/erc_ws/install/pal_pro_gripper_wrapper:/opt/erc_ws/install/launch_pal:/opt/erc_ws/install/erc_solution:/opt/ros/humble /usr/bin/cmake --build /opt/erc_ws/build/pal_gripper_simulation -- -j16 -l16
[2.193s] DEBUG:colcon.colcon_core.event_handler.log_command:Invoking command in '/opt/erc_ws/build/pal_gripper_simulation': CMAKE_PREFIX_PATH=/opt/erc_ws/install/pal_gripper_description:/opt/erc_ws/install/pal_urdf_utils:/opt/erc_ws/install/pal_gripper_controller_configuration:/opt/erc_ws/install/tiago_pro_robot:/opt/erc_ws/install/tiago_pro_head_robot:/opt/erc_ws/install/tiago_pro_bringup:/opt/erc_ws/install/tiago_pro_head_bringup:/opt/erc_ws/install/erc_bringup:/opt/erc_ws/install/tiago_pro_description:/opt/erc_ws/install/tiago_pro_head_description:/opt/erc_ws/install/tiago_pro_controller_configuration:/opt/erc_ws/install/tiago_pro_head_controller_configuration:/opt/erc_ws/install/pal_sea_arm:/opt/erc_ws/install/pal_sea_arm_bringup:/opt/erc_ws/install/pal_sea_arm_description:/opt/erc_ws/install/pal_pro_gripper_simulation:/opt/erc_ws/install/pal_pro_gripper_bringup:/opt/erc_ws/install/pal_pro_gripper:/opt/erc_ws/install/pal_pro_gripper_description:/opt/erc_ws/install/pal_gripper_simulation:/opt/erc_ws/install/pal_gripper:/opt/erc_ws/install/omni_base_robot:/opt/erc_ws/install/omni_base_bringup:/opt/erc_ws/install/omni_base_description:/opt/erc_ws/install/pal_sea_arm_controller_configuration:/opt/erc_ws/install/pal_pro_gripper_controller_configuration:/opt/erc_ws/install/omni_base_controller_configuration:/opt/erc_ws/install/gz_ros2_control:/opt/erc_ws/install/erc_description:/opt/erc_ws/install/sensors:/opt/erc_ws/install/pal_pro_gripper_wrapper:/opt/erc_ws/install/launch_pal:/opt/erc_ws/install/erc_solution:/opt/ros/humble /usr/bin/cmake --install /opt/erc_ws/build/pal_gripper_simulation
[2.222s] DEBUG:colcon.colcon_core.task.python.build:Available setuptools commands: bdist_wheel, install, upload_docs, build_scripts, bdist, build_clib, extract_messages, update_catalog, build, build_ext, install_lib, build_py, install_scripts, register, install_headers, upload, easy_install, clean, compile_catalog, symlink_data, install_egg_info, alias, bdist_egg, sdist, bdist_rpm, dist_info, develop, check, test, egg_info, saveopts, setopt, install_data, init_catalog, rotate, bdist_dumb
[2.230s] Level 1:colcon.colcon_core.environment:create_environment_scripts_only(pal_gripper_simulation)
[2.231s] Level 1:colcon.colcon_core.environment:checking '/opt/erc_ws/install/pal_gripper_simulation' for CMake module files
[2.232s] DEBUG:colcon.colcon_core.event_handler.log_command:Invoked command in '/opt/erc_ws/build/pal_gripper_simulation' returned '0': CMAKE_PREFIX_PATH=/opt/erc_ws/install/pal_gripper_description:/opt/erc_ws/install/pal_urdf_utils:/opt/erc_ws/install/pal_gripper_controller_configuration:/opt/erc_ws/install/tiago_pro_robot:/opt/erc_ws/install/tiago_pro_head_robot:/opt/erc_ws/install/tiago_pro_bringup:/opt/erc_ws/install/tiago_pro_head_bringup:/opt/erc_ws/install/erc_bringup:/opt/erc_ws/install/tiago_pro_description:/opt/erc_ws/install/tiago_pro_head_description:/opt/erc_ws/install/tiago_pro_controller_configuration:/opt/erc_ws/install/tiago_pro_head_controller_configuration:/opt/erc_ws/install/pal_sea_arm:/opt/erc_ws/install/pal_sea_arm_bringup:/opt/erc_ws/install/pal_sea_arm_description:/opt/erc_ws/install/pal_pro_gripper_simulation:/opt/erc_ws/install/pal_pro_gripper_bringup:/opt/erc_ws/install/pal_pro_gripper:/opt/erc_ws/install/pal_pro_gripper_description:/opt/erc_ws/install/pal_gripper_simulation:/opt/erc_ws/install/pal_gripper:/opt/erc_ws/install/omni_base_robot:/opt/erc_ws/install/omni_base_bringup:/opt/erc_ws/install/omni_base_description:/opt/erc_ws/install/pal_sea_arm_controller_configuration:/opt/erc_ws/install/pal_pro_gripper_controller_configuration:/opt/erc_ws/install/omni_base_controller_configuration:/opt/erc_ws/install/gz_ros2_control:/opt/erc_ws/install/erc_description:/opt/erc_ws/install/sensors:/opt/erc_ws/install/pal_pro_gripper_wrapper:/opt/erc_ws/install/launch_pal:/opt/erc_ws/install/erc_solution:/opt/ros/humble /usr/bin/cmake --install /opt/erc_ws/build/pal_gripper_simulation
[2.233s] Level 1:colcon.colcon_core.environment:checking '/opt/erc_ws/install/pal_gripper_simulation' for CMake config files
[2.234s] Level 1:colcon.colcon_core.shell:create_environment_hook('pal_gripper_simulation', 'cmake_prefix_path')
[2.235s] INFO:colcon.colcon_core.shell:Creating environment hook '/opt/erc_ws/install/pal_gripper_simulation/share/pal_gripper_simulation/hook/cmake_prefix_path.ps1'
[2.235s] INFO:colcon.colcon_core.shell:Creating environment descriptor '/opt/erc_ws/install/pal_gripper_simulation/share/pal_gripper_simulation/hook/cmake_prefix_path.dsv'
[2.236s] INFO:colcon.colcon_core.shell:Creating environment hook '/opt/erc_ws/install/pal_gripper_simulation/share/pal_gripper_simulation/hook/cmake_prefix_path.sh'
[2.237s] Level 1:colcon.colcon_core.environment:checking '/opt/erc_ws/install/pal_gripper_simulation/bin'
[2.237s] Level 1:colcon.colcon_core.environment:checking '/opt/erc_ws/install/pal_gripper_simulation/lib/pkgconfig/pal_gripper_simulation.pc'
[2.237s] Level 1:colcon.colcon_core.environment:checking '/opt/erc_ws/install/pal_gripper_simulation/lib/python3.10/site-packages'
[2.238s] Level 1:colcon.colcon_core.environment:checking '/opt/erc_ws/install/pal_gripper_simulation/bin'
[2.238s] INFO:colcon.colcon_core.shell:Creating package script '/opt/erc_ws/install/pal_gripper_simulation/share/pal_gripper_simulation/package.ps1'
[2.239s] INFO:colcon.colcon_core.shell:Creating package descriptor '/opt/erc_ws/install/pal_gripper_simulation/share/pal_gripper_simulation/package.dsv'
[2.240s] INFO:colcon.colcon_core.shell:Creating package script '/opt/erc_ws/install/pal_gripper_simulation/share/pal_gripper_simulation/package.sh'
[2.240s] INFO:colcon.colcon_core.shell:Creating package script '/opt/erc_ws/install/pal_gripper_simulation/share/pal_gripper_simulation/package.bash'
[2.240s] INFO:colcon.colcon_core.shell:Creating package script '/opt/erc_ws/install/pal_gripper_simulation/share/pal_gripper_simulation/package.zsh'
[2.241s] Level 1:colcon.colcon_core.environment:create_file_with_runtime_dependencies(/opt/erc_ws/install/pal_gripper_simulation/share/colcon-core/packages/pal_gripper_simulation)
[2.241s] Level 1:colcon.colcon_core.environment:create_environment_scripts_only(pal_gripper_simulation)
[2.242s] Level 1:colcon.colcon_core.environment:checking '/opt/erc_ws/install/pal_gripper_simulation' for CMake module files
[2.242s] Level 1:colcon.colcon_core.environment:checking '/opt/erc_ws/install/pal_gripper_simulation' for CMake config files
[2.243s] Level 1:colcon.colcon_core.shell:create_environment_hook('pal_gripper_simulation', 'cmake_prefix_path')
[2.243s] INFO:colcon.colcon_core.shell:Creating environment hook '/opt/erc_ws/install/pal_gripper_simulation/share/pal_gripper_simulation/hook/cmake_prefix_path.ps1'
[2.243s] INFO:colcon.colcon_core.shell:Creating environment descriptor '/opt/erc_ws/install/pal_gripper_simulation/share/pal_gripper_simulation/hook/cmake_prefix_path.dsv'
[2.244s] INFO:colcon.colcon_core.shell:Creating environment hook '/opt/erc_ws/install/pal_gripper_simulation/share/pal_gripper_simulation/hook/cmake_prefix_path.sh'
[2.245s] Level 1:colcon.colcon_core.environment:checking '/opt/erc_ws/install/pal_gripper_simulation/bin'
[2.245s] Level 1:colcon.colcon_core.environment:checking '/opt/erc_ws/install/pal_gripper_simulation/lib/pkgconfig/pal_gripper_simulation.pc'
[2.245s] Level 1:colcon.colcon_core.environment:checking '/opt/erc_ws/install/pal_gripper_simulation/lib/python3.10/site-packages'
[2.245s] Level 1:colcon.colcon_core.environment:checking '/opt/erc_ws/install/pal_gripper_simulation/bin'
[2.246s] INFO:colcon.colcon_core.shell:Creating package script '/opt/erc_ws/install/pal_gripper_simulation/share/pal_gripper_simulation/package.ps1'
[2.247s] INFO:colcon.colcon_core.shell:Creating package descriptor '/opt/erc_ws/install/pal_gripper_simulation/share/pal_gripper_simulation/package.dsv'
[2.247s] INFO:colcon.colcon_core.shell:Creating package script '/opt/erc_ws/install/pal_gripper_simulation/share/pal_gripper_simulation/package.sh'
[2.248s] INFO:colcon.colcon_core.shell:Creating package script '/opt/erc_ws/install/pal_gripper_simulation/share/pal_gripper_simulation/package.bash'
[2.248s] INFO:colcon.colcon_core.shell:Creating package script '/opt/erc_ws/install/pal_gripper_simulation/share/pal_gripper_simulation/package.zsh'
[2.248s] Level 1:colcon.colcon_core.environment:create_file_with_runtime_dependencies(/opt/erc_ws/install/pal_gripper_simulation/share/colcon-core/packages/pal_gripper_simulation)
[2.249s] DEBUG:colcon.colcon_core.task.python.build:Available setuptools commands: bdist_wheel, install, upload_docs, build_scripts, bdist, build_clib, extract_messages, update_catalog, build, build_ext, install_lib, build_py, install_scripts, register, install_headers, upload, easy_install, clean, compile_catalog, symlink_data, install_egg_info, alias, bdist_egg, sdist, bdist_rpm, dist_info, develop, check, test, egg_info, saveopts, setopt, install_data, init_catalog, rotate, bdist_dumb
[2.253s] DEBUG:colcon.colcon_core.task.python.build:Available setuptools commands: bdist_wheel, install, upload_docs, build_scripts, bdist, build_clib, extract_messages, update_catalog, build, build_ext, install_lib, build_py, install_scripts, register, install_headers, upload, easy_install, clean, compile_catalog, symlink_data, install_egg_info, alias, bdist_egg, sdist, bdist_rpm, dist_info, develop, check, test, egg_info, saveopts, setopt, install_data, init_catalog, rotate, bdist_dumb
[2.266s] DEBUG:colcon.colcon_core.task.python.build:Available setuptools commands: bdist_wheel, install, upload_docs, build_scripts, bdist, build_clib, extract_messages, update_catalog, build, build_ext, install_lib, build_py, install_scripts, register, install_headers, upload, easy_install, clean, compile_catalog, symlink_data, install_egg_info, alias, bdist_egg, sdist, bdist_rpm, dist_info, develop, check, test, egg_info, saveopts, setopt, install_data, init_catalog, rotate, bdist_dumb
[2.365s] DEBUG:colcon.colcon_core.event_handler.log_command:Invoked command in '/opt/erc_ws/build/pal_pro_gripper_description' returned '0': CMAKE_PREFIX_PATH=/opt/erc_ws/install/pal_urdf_utils:/opt/erc_ws/install/tiago_pro_robot:/opt/erc_ws/install/tiago_pro_head_robot:/opt/erc_ws/install/tiago_pro_bringup:/opt/erc_ws/install/tiago_pro_head_bringup:/opt/erc_ws/install/erc_bringup:/opt/erc_ws/install/tiago_pro_description:/opt/erc_ws/install/tiago_pro_head_description:/opt/erc_ws/install/tiago_pro_controller_configuration:/opt/erc_ws/install/tiago_pro_head_controller_configuration:/opt/erc_ws/install/pal_sea_arm:/opt/erc_ws/install/pal_sea_arm_bringup:/opt/erc_ws/install/pal_sea_arm_description:/opt/erc_ws/install/pal_pro_gripper_simulation:/opt/erc_ws/install/pal_pro_gripper_bringup:/opt/erc_ws/install/pal_pro_gripper:/opt/erc_ws/install/pal_pro_gripper_description:/opt/erc_ws/install/pal_gripper_simulation:/opt/erc_ws/install/pal_gripper:/opt/erc_ws/install/pal_gripper_description:/opt/erc_ws/install/omni_base_robot:/opt/erc_ws/install/omni_base_bringup:/opt/erc_ws/install/omni_base_description:/opt/erc_ws/install/pal_sea_arm_controller_configuration:/opt/erc_ws/install/pal_pro_gripper_controller_configuration:/opt/erc_ws/install/pal_gripper_controller_configuration:/opt/erc_ws/install/omni_base_controller_configuration:/opt/erc_ws/install/gz_ros2_control:/opt/erc_ws/install/erc_description:/opt/erc_ws/install/sensors:/opt/erc_ws/install/pal_pro_gripper_wrapper:/opt/erc_ws/install/launch_pal:/opt/erc_ws/install/erc_solution:/opt/ros/humble /usr/bin/cmake --build /opt/erc_ws/build/pal_pro_gripper_description -- -j16 -l16
[2.369s] DEBUG:colcon.colcon_core.event_handler.log_command:Invoking command in '/opt/erc_ws/build/pal_pro_gripper_description': CMAKE_PREFIX_PATH=/opt/erc_ws/install/pal_urdf_utils:/opt/erc_ws/install/tiago_pro_robot:/opt/erc_ws/install/tiago_pro_head_robot:/opt/erc_ws/install/tiago_pro_bringup:/opt/erc_ws/install/tiago_pro_head_bringup:/opt/erc_ws/install/erc_bringup:/opt/erc_ws/install/tiago_pro_description:/opt/erc_ws/install/tiago_pro_head_description:/opt/erc_ws/install/tiago_pro_controller_configuration:/opt/erc_ws/install/tiago_pro_head_controller_configuration:/opt/erc_ws/install/pal_sea_arm:/opt/erc_ws/install/pal_sea_arm_bringup:/opt/erc_ws/install/pal_sea_arm_description:/opt/erc_ws/install/pal_pro_gripper_simulation:/opt/erc_ws/install/pal_pro_gripper_bringup:/opt/erc_ws/install/pal_pro_gripper:/opt/erc_ws/install/pal_pro_gripper_description:/opt/erc_ws/install/pal_gripper_simulation:/opt/erc_ws/install/pal_gripper:/opt/erc_ws/install/pal_gripper_description:/opt/erc_ws/install/omni_base_robot:/opt/erc_ws/install/omni_base_bringup:/opt/erc_ws/install/omni_base_description:/opt/erc_ws/install/pal_sea_arm_controller_configuration:/opt/erc_ws/install/pal_pro_gripper_controller_configuration:/opt/erc_ws/install/pal_gripper_controller_configuration:/opt/erc_ws/install/omni_base_controller_configuration:/opt/erc_ws/install/gz_ros2_control:/opt/erc_ws/install/erc_description:/opt/erc_ws/install/sensors:/opt/erc_ws/install/pal_pro_gripper_wrapper:/opt/erc_ws/install/launch_pal:/opt/erc_ws/install/erc_solution:/opt/ros/humble /usr/bin/cmake --install /opt/erc_ws/build/pal_pro_gripper_description
[2.452s] Level 1:colcon.colcon_core.environment:create_environment_scripts_only(pal_pro_gripper_description)
[2.453s] Level 1:colcon.colcon_core.environment:checking '/opt/erc_ws/install/pal_pro_gripper_description' for CMake module files
[2.452s] DEBUG:colcon.colcon_core.event_handler.log_command:Invoked command in '/opt/erc_ws/build/pal_pro_gripper_description' returned '0': CMAKE_PREFIX_PATH=/opt/erc_ws/install/pal_urdf_utils:/opt/erc_ws/install/tiago_pro_robot:/opt/erc_ws/install/tiago_pro_head_robot:/opt/erc_ws/install/tiago_pro_bringup:/opt/erc_ws/install/tiago_pro_head_bringup:/opt/erc_ws/install/erc_bringup:/opt/erc_ws/install/tiago_pro_description:/opt/erc_ws/install/tiago_pro_head_description:/opt/erc_ws/install/tiago_pro_controller_configuration:/opt/erc_ws/install/tiago_pro_head_controller_configuration:/opt/erc_ws/install/pal_sea_arm:/opt/erc_ws/install/pal_sea_arm_bringup:/opt/erc_ws/install/pal_sea_arm_description:/opt/erc_ws/install/pal_pro_gripper_simulation:/opt/erc_ws/install/pal_pro_gripper_bringup:/opt/erc_ws/install/pal_pro_gripper:/opt/erc_ws/install/pal_pro_gripper_description:/opt/erc_ws/install/pal_gripper_simulation:/opt/erc_ws/install/pal_gripper:/opt/erc_ws/install/pal_gripper_description:/opt/erc_ws/install/omni_base_robot:/opt/erc_ws/install/omni_base_bringup:/opt/erc_ws/install/omni_base_description:/opt/erc_ws/install/pal_sea_arm_controller_configuration:/opt/erc_ws/install/pal_pro_gripper_controller_configuration:/opt/erc_ws/install/pal_gripper_controller_configuration:/opt/erc_ws/install/omni_base_controller_configuration:/opt/erc_ws/install/gz_ros2_control:/opt/erc_ws/install/erc_description:/opt/erc_ws/install/sensors:/opt/erc_ws/install/pal_pro_gripper_wrapper:/opt/erc_ws/install/launch_pal:/opt/erc_ws/install/erc_solution:/opt/ros/humble /usr/bin/cmake --install /opt/erc_ws/build/pal_pro_gripper_description
[2.453s] Level 1:colcon.colcon_core.environment:checking '/opt/erc_ws/install/pal_pro_gripper_description' for CMake config files
[2.454s] Level 1:colcon.colcon_core.shell:create_environment_hook('pal_pro_gripper_description', 'cmake_prefix_path')
[2.455s] INFO:colcon.colcon_core.shell:Creating environment hook '/opt/erc_ws/install/pal_pro_gripper_description/share/pal_pro_gripper_description/hook/cmake_prefix_path.ps1'
[2.456s] INFO:colcon.colcon_core.shell:Creating environment descriptor '/opt/erc_ws/install/pal_pro_gripper_description/share/pal_pro_gripper_description/hook/cmake_prefix_path.dsv'
[2.456s] INFO:colcon.colcon_core.shell:Creating environment hook '/opt/erc_ws/install/pal_pro_gripper_description/share/pal_pro_gripper_description/hook/cmake_prefix_path.sh'
[2.457s] Level 1:colcon.colcon_core.environment:checking '/opt/erc_ws/install/pal_pro_gripper_description/bin'
[2.457s] Level 1:colcon.colcon_core.environment:checking '/opt/erc_ws/install/pal_pro_gripper_description/lib/pkgconfig/pal_pro_gripper_description.pc'
[2.458s] Level 1:colcon.colcon_core.environment:checking '/opt/erc_ws/install/pal_pro_gripper_description/lib/python3.10/site-packages'
[2.458s] Level 1:colcon.colcon_core.environment:checking '/opt/erc_ws/install/pal_pro_gripper_description/bin'
[2.459s] INFO:colcon.colcon_core.shell:Creating package script '/opt/erc_ws/install/pal_pro_gripper_description/share/pal_pro_gripper_description/package.ps1'
[2.460s] INFO:colcon.colcon_core.shell:Creating package descriptor '/opt/erc_ws/install/pal_pro_gripper_description/share/pal_pro_gripper_description/package.dsv'
[2.461s] INFO:colcon.colcon_core.shell:Creating package script '/opt/erc_ws/install/pal_pro_gripper_description/share/pal_pro_gripper_description/package.sh'
[2.461s] INFO:colcon.colcon_core.shell:Creating package script '/opt/erc_ws/install/pal_pro_gripper_description/share/pal_pro_gripper_description/package.bash'
[2.462s] INFO:colcon.colcon_core.shell:Creating package script '/opt/erc_ws/install/pal_pro_gripper_description/share/pal_pro_gripper_description/package.zsh'
[2.462s] Level 1:colcon.colcon_core.environment:create_file_with_runtime_dependencies(/opt/erc_ws/install/pal_pro_gripper_description/share/colcon-core/packages/pal_pro_gripper_description)
[2.463s] Level 1:colcon.colcon_core.environment:create_environment_scripts_only(pal_pro_gripper_description)
[2.463s] Level 1:colcon.colcon_core.environment:checking '/opt/erc_ws/install/pal_pro_gripper_description' for CMake module files
[2.464s] Level 1:colcon.colcon_core.environment:checking '/opt/erc_ws/install/pal_pro_gripper_description' for CMake config files
[2.465s] Level 1:colcon.colcon_core.shell:create_environment_hook('pal_pro_gripper_description', 'cmake_prefix_path')
[2.465s] INFO:colcon.colcon_core.shell:Creating environment hook '/opt/erc_ws/install/pal_pro_gripper_description/share/pal_pro_gripper_description/hook/cmake_prefix_path.ps1'
[2.466s] INFO:colcon.colcon_core.shell:Creating environment descriptor '/opt/erc_ws/install/pal_pro_gripper_description/share/pal_pro_gripper_description/hook/cmake_prefix_path.dsv'
[2.467s] INFO:colcon.colcon_core.shell:Creating environment hook '/opt/erc_ws/install/pal_pro_gripper_description/share/pal_pro_gripper_description/hook/cmake_prefix_path.sh'
[2.468s] Level 1:colcon.colcon_core.environment:checking '/opt/erc_ws/install/pal_pro_gripper_description/bin'
[2.468s] Level 1:colcon.colcon_core.environment:checking '/opt/erc_ws/install/pal_pro_gripper_description/lib/pkgconfig/pal_pro_gripper_description.pc'
[2.468s] Level 1:colcon.colcon_core.environment:checking '/opt/erc_ws/install/pal_pro_gripper_description/lib/python3.10/site-packages'
[2.468s] Level 1:colcon.colcon_core.environment:checking '/opt/erc_ws/install/pal_pro_gripper_description/bin'
[2.469s] INFO:colcon.colcon_core.shell:Creating package script '/opt/erc_ws/install/pal_pro_gripper_description/share/pal_pro_gripper_description/package.ps1'
[2.470s] INFO:colcon.colcon_core.shell:Creating package descriptor '/opt/erc_ws/install/pal_pro_gripper_description/share/pal_pro_gripper_description/package.dsv'
[2.471s] INFO:colcon.colcon_core.shell:Creating package script '/opt/erc_ws/install/pal_pro_gripper_description/share/pal_pro_gripper_description/package.sh'
[2.471s] INFO:colcon.colcon_core.shell:Creating package script '/opt/erc_ws/install/pal_pro_gripper_description/share/pal_pro_gripper_description/package.bash'
[2.472s] INFO:colcon.colcon_core.shell:Creating package script '/opt/erc_ws/install/pal_pro_gripper_description/share/pal_pro_gripper_description/package.zsh'
[2.472s] Level 1:colcon.colcon_core.environment:create_file_with_runtime_dependencies(/opt/erc_ws/install/pal_pro_gripper_description/share/colcon-core/packages/pal_pro_gripper_description)
[2.537s] DEBUG:colcon.colcon_core.task.python.build:Available setuptools 'develop' options: --build-directory, --install-dir, --no-deps, --site-dirs, --multi-version, --uninstall, --local-snapshots-ok, --force-installation-into-system-dir, --user, --editable, --prefix, --exclude-scripts, --upgrade, --always-copy, --no-find-links, --help, --find-links, --verbose, --quiet, --optimize, --script-dir, --egg-path, --record, --dry-run, --index-url, --version, --always-unzip, --install-layout, --no-user-cfg, --allow-hosts, --zip-ok
[2.541s] DEBUG:colcon.colcon_core.event_handler.log_command:Invoking command in '/opt/erc_ws/build/pal_pro_gripper_wrapper': PYTHONPATH=/opt/erc_ws/build/pal_pro_gripper_wrapper/prefix_override:/usr/lib/python3/dist-packages/colcon_core/task/python/colcon_distutils_commands:/opt/erc_ws/install/pal_pro_gripper_wrapper/lib/python3.10/site-packages:${PYTHONPATH} /usr/bin/python3 -W ignore:setup.py install is deprecated -W ignore:easy_install command is deprecated setup.py develop --editable --build-directory /opt/erc_ws/build/pal_pro_gripper_wrapper/build --no-deps symlink_data
[2.597s] DEBUG:colcon.colcon_core.task.python.build:Available setuptools 'develop' options: --build-directory, --install-dir, --no-deps, --site-dirs, --multi-version, --uninstall, --local-snapshots-ok, --force-installation-into-system-dir, --user, --editable, --prefix, --exclude-scripts, --upgrade, --always-copy, --no-find-links, --help, --find-links, --verbose, --quiet, --optimize, --script-dir, --egg-path, --record, --dry-run, --index-url, --version, --always-unzip, --install-layout, --no-user-cfg, --allow-hosts, --zip-ok
[2.602s] DEBUG:colcon.colcon_core.task.python.build:Available setuptools 'develop' options: --build-directory, --install-dir, --no-deps, --site-dirs, --multi-version, --uninstall, --local-snapshots-ok, --force-installation-into-system-dir, --user, --editable, --prefix, --exclude-scripts, --upgrade, --always-copy, --no-find-links, --help, --find-links, --verbose, --quiet, --optimize, --script-dir, --egg-path, --record, --dry-run, --index-url, --version, --always-unzip, --install-layout, --no-user-cfg, --allow-hosts, --zip-ok
[2.604s] DEBUG:colcon.colcon_core.event_handler.log_command:Invoking command in '/opt/erc_ws/build/launch_pal': PYTHONPATH=/opt/erc_ws/build/launch_pal/prefix_override:/usr/lib/python3/dist-packages/colcon_core/task/python/colcon_distutils_commands:/opt/erc_ws/install/launch_pal/lib/python3.10/site-packages:${PYTHONPATH} /usr/bin/python3 -W ignore:setup.py install is deprecated -W ignore:easy_install command is deprecated setup.py develop --editable --build-directory /opt/erc_ws/build/launch_pal/build --no-deps symlink_data
[2.605s] DEBUG:colcon.colcon_core.task.python.build:Available setuptools 'develop' options: --build-directory, --install-dir, --no-deps, --site-dirs, --multi-version, --uninstall, --local-snapshots-ok, --force-installation-into-system-dir, --user, --editable, --prefix, --exclude-scripts, --upgrade, --always-copy, --no-find-links, --help, --find-links, --verbose, --quiet, --optimize, --script-dir, --egg-path, --record, --dry-run, --index-url, --version, --always-unzip, --install-layout, --no-user-cfg, --allow-hosts, --zip-ok
[2.610s] DEBUG:colcon.colcon_core.event_handler.log_command:Invoking command in '/opt/erc_ws/build/erc_solution': PYTHONPATH=/opt/erc_ws/build/erc_solution/prefix_override:/usr/lib/python3/dist-packages/colcon_core/task/python/colcon_distutils_commands:/opt/erc_ws/install/erc_solution/lib/python3.10/site-packages:${PYTHONPATH} /usr/bin/python3 -W ignore:setup.py install is deprecated -W ignore:easy_install command is deprecated setup.py develop --editable --build-directory /opt/erc_ws/build/erc_solution/build --no-deps symlink_data
[2.611s] DEBUG:colcon.colcon_core.event_handler.log_command:Invoking command in '/opt/erc_ws/build/sensors': PYTHONPATH=/opt/erc_ws/build/sensors/prefix_override:/usr/lib/python3/dist-packages/colcon_core/task/python/colcon_distutils_commands:/opt/erc_ws/install/sensors/lib/python3.10/site-packages:${PYTHONPATH} /usr/bin/python3 -W ignore:setup.py install is deprecated -W ignore:easy_install command is deprecated setup.py develop --editable --build-directory /opt/erc_ws/build/sensors/build --no-deps symlink_data
[3.047s] Level 1:colcon.colcon_core.shell:create_environment_hook('pal_pro_gripper_wrapper', 'pythonpath_develop')
[3.047s] INFO:colcon.colcon_core.shell:Creating environment hook '/opt/erc_ws/build/pal_pro_gripper_wrapper/share/pal_pro_gripper_wrapper/hook/pythonpath_develop.ps1'
[3.048s] INFO:colcon.colcon_core.shell:Creating environment descriptor '/opt/erc_ws/build/pal_pro_gripper_wrapper/share/pal_pro_gripper_wrapper/hook/pythonpath_develop.dsv'
[3.049s] INFO:colcon.colcon_core.shell:Creating environment hook '/opt/erc_ws/build/pal_pro_gripper_wrapper/share/pal_pro_gripper_wrapper/hook/pythonpath_develop.sh'
[3.050s] DEBUG:colcon.colcon_core.event_handler.log_command:Invoked command in '/opt/erc_ws/build/pal_pro_gripper_wrapper' returned '0': PYTHONPATH=/opt/erc_ws/build/pal_pro_gripper_wrapper/prefix_override:/usr/lib/python3/dist-packages/colcon_core/task/python/colcon_distutils_commands:/opt/erc_ws/install/pal_pro_gripper_wrapper/lib/python3.10/site-packages:${PYTHONPATH} /usr/bin/python3 -W ignore:setup.py install is deprecated -W ignore:easy_install command is deprecated setup.py develop --editable --build-directory /opt/erc_ws/build/pal_pro_gripper_wrapper/build --no-deps symlink_data
[3.051s] Level 1:colcon.colcon_core.environment:checking '/opt/erc_ws/install/pal_pro_gripper_wrapper' for CMake module files
[3.052s] Level 1:colcon.colcon_core.environment:checking '/opt/erc_ws/install/pal_pro_gripper_wrapper' for CMake config files
[3.053s] Level 1:colcon.colcon_core.environment:checking '/opt/erc_ws/install/pal_pro_gripper_wrapper/lib'
[3.053s] Level 1:colcon.colcon_core.environment:checking '/opt/erc_ws/install/pal_pro_gripper_wrapper/bin'
[3.053s] Level 1:colcon.colcon_core.environment:checking '/opt/erc_ws/install/pal_pro_gripper_wrapper/lib/pkgconfig/pal_pro_gripper_wrapper.pc'
[3.053s] Level 1:colcon.colcon_core.environment:checking '/opt/erc_ws/install/pal_pro_gripper_wrapper/lib/python3.10/site-packages'
[3.053s] Level 1:colcon.colcon_core.shell:create_environment_hook('pal_pro_gripper_wrapper', 'pythonpath')
[3.053s] INFO:colcon.colcon_core.shell:Creating environment hook '/opt/erc_ws/install/pal_pro_gripper_wrapper/share/pal_pro_gripper_wrapper/hook/pythonpath.ps1'
[3.054s] INFO:colcon.colcon_core.shell:Creating environment descriptor '/opt/erc_ws/install/pal_pro_gripper_wrapper/share/pal_pro_gripper_wrapper/hook/pythonpath.dsv'
[3.055s] INFO:colcon.colcon_core.shell:Creating environment hook '/opt/erc_ws/install/pal_pro_gripper_wrapper/share/pal_pro_gripper_wrapper/hook/pythonpath.sh'
[3.055s] Level 1:colcon.colcon_core.environment:checking '/opt/erc_ws/install/pal_pro_gripper_wrapper/bin'
[3.056s] Level 1:colcon.colcon_core.environment:create_environment_scripts_only(pal_pro_gripper_wrapper)
[3.056s] INFO:colcon.colcon_core.shell:Creating package script '/opt/erc_ws/install/pal_pro_gripper_wrapper/share/pal_pro_gripper_wrapper/package.ps1'
[3.057s] INFO:colcon.colcon_core.shell:Creating package descriptor '/opt/erc_ws/install/pal_pro_gripper_wrapper/share/pal_pro_gripper_wrapper/package.dsv'
[3.058s] INFO:colcon.colcon_core.shell:Creating package script '/opt/erc_ws/install/pal_pro_gripper_wrapper/share/pal_pro_gripper_wrapper/package.sh'
[3.059s] INFO:colcon.colcon_core.shell:Creating package script '/opt/erc_ws/install/pal_pro_gripper_wrapper/share/pal_pro_gripper_wrapper/package.bash'
[3.059s] INFO:colcon.colcon_core.shell:Creating package script '/opt/erc_ws/install/pal_pro_gripper_wrapper/share/pal_pro_gripper_wrapper/package.zsh'
[3.060s] Level 1:colcon.colcon_core.environment:create_file_with_runtime_dependencies(/opt/erc_ws/install/pal_pro_gripper_wrapper/share/colcon-core/packages/pal_pro_gripper_wrapper)
[3.079s] Level 1:colcon.colcon_core.shell:create_environment_hook('erc_solution', 'pythonpath_develop')
[3.080s] DEBUG:colcon.colcon_core.event_handler.log_command:Invoked command in '/opt/erc_ws/build/erc_solution' returned '0': PYTHONPATH=/opt/erc_ws/build/erc_solution/prefix_override:/usr/lib/python3/dist-packages/colcon_core/task/python/colcon_distutils_commands:/opt/erc_ws/install/erc_solution/lib/python3.10/site-packages:${PYTHONPATH} /usr/bin/python3 -W ignore:setup.py install is deprecated -W ignore:easy_install command is deprecated setup.py develop --editable --build-directory /opt/erc_ws/build/erc_solution/build --no-deps symlink_data
[3.080s] INFO:colcon.colcon_core.shell:Creating environment hook '/opt/erc_ws/build/erc_solution/share/erc_solution/hook/pythonpath_develop.ps1'
[3.081s] INFO:colcon.colcon_core.shell:Creating environment descriptor '/opt/erc_ws/build/erc_solution/share/erc_solution/hook/pythonpath_develop.dsv'
[3.082s] INFO:colcon.colcon_core.shell:Creating environment hook '/opt/erc_ws/build/erc_solution/share/erc_solution/hook/pythonpath_develop.sh'
[3.083s] Level 1:colcon.colcon_core.environment:checking '/opt/erc_ws/install/erc_solution' for CMake module files
[3.083s] Level 1:colcon.colcon_core.environment:checking '/opt/erc_ws/install/erc_solution' for CMake config files
[3.084s] Level 1:colcon.colcon_core.environment:checking '/opt/erc_ws/install/erc_solution/lib'
[3.084s] Level 1:colcon.colcon_core.environment:checking '/opt/erc_ws/install/erc_solution/bin'
[3.084s] Level 1:colcon.colcon_core.environment:checking '/opt/erc_ws/install/erc_solution/lib/pkgconfig/erc_solution.pc'
[3.084s] Level 1:colcon.colcon_core.environment:checking '/opt/erc_ws/install/erc_solution/lib/python3.10/site-packages'
[3.084s] Level 1:colcon.colcon_core.shell:create_environment_hook('erc_solution', 'pythonpath')
[3.085s] INFO:colcon.colcon_core.shell:Creating environment hook '/opt/erc_ws/install/erc_solution/share/erc_solution/hook/pythonpath.ps1'
[3.085s] INFO:colcon.colcon_core.shell:Creating environment descriptor '/opt/erc_ws/install/erc_solution/share/erc_solution/hook/pythonpath.dsv'
[3.085s] INFO:colcon.colcon_core.shell:Creating environment hook '/opt/erc_ws/install/erc_solution/share/erc_solution/hook/pythonpath.sh'
[3.086s] Level 1:colcon.colcon_core.environment:checking '/opt/erc_ws/install/erc_solution/bin'
[3.086s] Level 1:colcon.colcon_core.environment:create_environment_scripts_only(erc_solution)
[3.087s] INFO:colcon.colcon_core.shell:Creating package script '/opt/erc_ws/install/erc_solution/share/erc_solution/package.ps1'
[3.088s] INFO:colcon.colcon_core.shell:Creating package descriptor '/opt/erc_ws/install/erc_solution/share/erc_solution/package.dsv'
[3.088s] INFO:colcon.colcon_core.shell:Creating package script '/opt/erc_ws/install/erc_solution/share/erc_solution/package.sh'
[3.089s] INFO:colcon.colcon_core.shell:Creating package script '/opt/erc_ws/install/erc_solution/share/erc_solution/package.bash'
[3.090s] INFO:colcon.colcon_core.shell:Creating package script '/opt/erc_ws/install/erc_solution/share/erc_solution/package.zsh'
[3.090s] Level 1:colcon.colcon_core.environment:create_file_with_runtime_dependencies(/opt/erc_ws/install/erc_solution/share/colcon-core/packages/erc_solution)
[3.090s] Level 1:colcon.colcon_core.shell:create_environment_hook('sensors', 'pythonpath_develop')
[3.091s] INFO:colcon.colcon_core.shell:Creating environment hook '/opt/erc_ws/build/sensors/share/sensors/hook/pythonpath_develop.ps1'
[3.091s] INFO:colcon.colcon_core.shell:Creating environment descriptor '/opt/erc_ws/build/sensors/share/sensors/hook/pythonpath_develop.dsv'
[3.091s] INFO:colcon.colcon_core.shell:Creating environment hook '/opt/erc_ws/build/sensors/share/sensors/hook/pythonpath_develop.sh'
[3.092s] Level 1:colcon.colcon_core.environment:checking '/opt/erc_ws/install/sensors' for CMake module files
[3.093s] Level 1:colcon.colcon_core.environment:checking '/opt/erc_ws/install/sensors' for CMake config files
[3.094s] DEBUG:colcon.colcon_core.event_handler.log_command:Invoked command in '/opt/erc_ws/build/sensors' returned '0': PYTHONPATH=/opt/erc_ws/build/sensors/prefix_override:/usr/lib/python3/dist-packages/colcon_core/task/python/colcon_distutils_commands:/opt/erc_ws/install/sensors/lib/python3.10/site-packages:${PYTHONPATH} /usr/bin/python3 -W ignore:setup.py install is deprecated -W ignore:easy_install command is deprecated setup.py develop --editable --build-directory /opt/erc_ws/build/sensors/build --no-deps symlink_data
[3.094s] Level 1:colcon.colcon_core.environment:checking '/opt/erc_ws/install/sensors/lib'
[3.094s] Level 1:colcon.colcon_core.environment:checking '/opt/erc_ws/install/sensors/bin'
[3.094s] Level 1:colcon.colcon_core.environment:checking '/opt/erc_ws/install/sensors/lib/pkgconfig/sensors.pc'
[3.094s] Level 1:colcon.colcon_core.environment:checking '/opt/erc_ws/install/sensors/lib/python3.10/site-packages'
[3.094s] Level 1:colcon.colcon_core.shell:create_environment_hook('sensors', 'pythonpath')
[3.095s] INFO:colcon.colcon_core.shell:Creating environment hook '/opt/erc_ws/install/sensors/share/sensors/hook/pythonpath.ps1'
[3.095s] INFO:colcon.colcon_core.shell:Creating environment descriptor '/opt/erc_ws/install/sensors/share/sensors/hook/pythonpath.dsv'
[3.096s] INFO:colcon.colcon_core.shell:Creating environment hook '/opt/erc_ws/install/sensors/share/sensors/hook/pythonpath.sh'
[3.097s] Level 1:colcon.colcon_core.environment:checking '/opt/erc_ws/install/sensors/bin'
[3.097s] Level 1:colcon.colcon_core.environment:create_environment_scripts_only(sensors)
[3.097s] INFO:colcon.colcon_core.shell:Creating package script '/opt/erc_ws/install/sensors/share/sensors/package.ps1'
[3.098s] INFO:colcon.colcon_core.shell:Creating package descriptor '/opt/erc_ws/install/sensors/share/sensors/package.dsv'
[3.099s] INFO:colcon.colcon_core.shell:Creating package script '/opt/erc_ws/install/sensors/share/sensors/package.sh'
[3.099s] INFO:colcon.colcon_core.shell:Creating package script '/opt/erc_ws/install/sensors/share/sensors/package.bash'
[3.100s] INFO:colcon.colcon_core.shell:Creating package script '/opt/erc_ws/install/sensors/share/sensors/package.zsh'
[3.100s] Level 1:colcon.colcon_core.environment:create_file_with_runtime_dependencies(/opt/erc_ws/install/sensors/share/colcon-core/packages/sensors)
[3.102s] Level 1:colcon.colcon_core.shell:create_environment_hook('launch_pal', 'pythonpath_develop')
[3.103s] INFO:colcon.colcon_core.shell:Creating environment hook '/opt/erc_ws/build/launch_pal/share/launch_pal/hook/pythonpath_develop.ps1'
[3.103s] DEBUG:colcon.colcon_core.event_handler.log_command:Invoked command in '/opt/erc_ws/build/launch_pal' returned '0': PYTHONPATH=/opt/erc_ws/build/launch_pal/prefix_override:/usr/lib/python3/dist-packages/colcon_core/task/python/colcon_distutils_commands:/opt/erc_ws/install/launch_pal/lib/python3.10/site-packages:${PYTHONPATH} /usr/bin/python3 -W ignore:setup.py install is deprecated -W ignore:easy_install command is deprecated setup.py develop --editable --build-directory /opt/erc_ws/build/launch_pal/build --no-deps symlink_data
[3.104s] INFO:colcon.colcon_core.shell:Creating environment descriptor '/opt/erc_ws/build/launch_pal/share/launch_pal/hook/pythonpath_develop.dsv'
[3.105s] INFO:colcon.colcon_core.shell:Creating environment hook '/opt/erc_ws/build/launch_pal/share/launch_pal/hook/pythonpath_develop.sh'
[3.106s] Level 1:colcon.colcon_core.environment:checking '/opt/erc_ws/install/launch_pal' for CMake module files
[3.106s] Level 1:colcon.colcon_core.environment:checking '/opt/erc_ws/install/launch_pal' for CMake config files
[3.107s] Level 1:colcon.colcon_core.environment:checking '/opt/erc_ws/install/launch_pal/lib'
[3.107s] Level 1:colcon.colcon_core.environment:checking '/opt/erc_ws/install/launch_pal/bin'
[3.107s] Level 1:colcon.colcon_core.environment:checking '/opt/erc_ws/install/launch_pal/lib/pkgconfig/launch_pal.pc'
[3.107s] Level 1:colcon.colcon_core.environment:checking '/opt/erc_ws/install/launch_pal/lib/python3.10/site-packages'
[3.107s] Level 1:colcon.colcon_core.shell:create_environment_hook('launch_pal', 'pythonpath')
[3.107s] INFO:colcon.colcon_core.shell:Creating environment hook '/opt/erc_ws/install/launch_pal/share/launch_pal/hook/pythonpath.ps1'
[3.108s] INFO:colcon.colcon_core.shell:Creating environment descriptor '/opt/erc_ws/install/launch_pal/share/launch_pal/hook/pythonpath.dsv'
[3.109s] INFO:colcon.colcon_core.shell:Creating environment hook '/opt/erc_ws/install/launch_pal/share/launch_pal/hook/pythonpath.sh'
[3.110s] Level 1:colcon.colcon_core.environment:checking '/opt/erc_ws/install/launch_pal/bin'
[3.111s] Level 1:colcon.colcon_core.environment:create_environment_scripts_only(launch_pal)
[3.111s] INFO:colcon.colcon_core.shell:Creating package script '/opt/erc_ws/install/launch_pal/share/launch_pal/package.ps1'
[3.112s] INFO:colcon.colcon_core.shell:Creating package descriptor '/opt/erc_ws/install/launch_pal/share/launch_pal/package.dsv'
[3.113s] INFO:colcon.colcon_core.shell:Creating package script '/opt/erc_ws/install/launch_pal/share/launch_pal/package.sh'
[3.113s] INFO:colcon.colcon_core.shell:Creating package script '/opt/erc_ws/install/launch_pal/share/launch_pal/package.bash'
[3.114s] INFO:colcon.colcon_core.shell:Creating package script '/opt/erc_ws/install/launch_pal/share/launch_pal/package.zsh'
[3.114s] Level 1:colcon.colcon_core.environment:create_file_with_runtime_dependencies(/opt/erc_ws/install/launch_pal/share/colcon-core/packages/launch_pal)
[3.115s] INFO:colcon.colcon_ros.task.ament_cmake.build:Building ROS package in '/opt/erc_ws/src/pal_pro_gripper/pal_pro_gripper_controller_configuration' with build type 'ament_cmake'
[3.115s] INFO:colcon.colcon_cmake.task.cmake.build:Building CMake package in '/opt/erc_ws/src/pal_pro_gripper/pal_pro_gripper_controller_configuration'
[3.115s] INFO:colcon.colcon_core.shell:Skip shell extension 'powershell' for command environment: Not usable outside of PowerShell
[3.115s] DEBUG:colcon.colcon_core.shell:Skip shell extension 'dsv' for command environment
[3.124s] INFO:colcon.colcon_ros.task.ament_cmake.build:Building ROS package in '/opt/erc_ws/src/tiago_pro_head_robot/tiago_pro_head_controller_configuration' with build type 'ament_cmake'
[3.125s] INFO:colcon.colcon_cmake.task.cmake.build:Building CMake package in '/opt/erc_ws/src/tiago_pro_head_robot/tiago_pro_head_controller_configuration'
[3.126s] INFO:colcon.colcon_core.shell:Skip shell extension 'powershell' for command environment: Not usable outside of PowerShell
[3.126s] DEBUG:colcon.colcon_core.shell:Skip shell extension 'dsv' for command environment
[3.131s] INFO:colcon.colcon_ros.task.ament_cmake.build:Building ROS package in '/opt/erc_ws/src/omni_base_robot/omni_base_description' with build type 'ament_cmake'
[3.131s] INFO:colcon.colcon_cmake.task.cmake.build:Building CMake package in '/opt/erc_ws/src/omni_base_robot/omni_base_description'
[3.132s] INFO:colcon.colcon_core.shell:Skip shell extension 'powershell' for command environment: Not usable outside of PowerShell
[3.132s] DEBUG:colcon.colcon_core.shell:Skip shell extension 'dsv' for command environment
[3.144s] DEBUG:colcon.colcon_core.event_handler.log_command:Invoking command in '/opt/erc_ws/build/pal_pro_gripper_controller_configuration': AMENT_PREFIX_PATH=/opt/erc_ws/install/pal_pro_gripper_wrapper:/opt/erc_ws/install/launch_pal:/opt/erc_ws/install/tiago_pro_robot:/opt/erc_ws/install/tiago_pro_head_robot:/opt/erc_ws/install/tiago_pro_bringup:/opt/erc_ws/install/tiago_pro_head_bringup:/opt/erc_ws/install/erc_bringup:/opt/erc_ws/install/tiago_pro_description:/opt/erc_ws/install/tiago_pro_head_description:/opt/erc_ws/install/tiago_pro_controller_configuration:/opt/erc_ws/install/tiago_pro_head_controller_configuration:/opt/erc_ws/install/sensors:/opt/erc_ws/install/pal_sea_arm:/opt/erc_ws/install/pal_sea_arm_bringup:/opt/erc_ws/install/pal_sea_arm_description:/opt/erc_ws/install/pal_pro_gripper_simulation:/opt/erc_ws/install/pal_pro_gripper_bringup:/opt/erc_ws/install/pal_pro_gripper:/opt/erc_ws/install/pal_pro_gripper_description:/opt/erc_ws/install/pal_gripper_simulation:/opt/erc_ws/install/pal_gripper:/opt/erc_ws/install/pal_gripper_description:/opt/erc_ws/install/omni_base_robot:/opt/erc_ws/install/omni_base_bringup:/opt/erc_ws/install/omni_base_description:/opt/erc_ws/install/pal_urdf_utils:/opt/erc_ws/install/pal_sea_arm_controller_configuration:/opt/erc_ws/install/pal_pro_gripper_controller_configuration:/opt/erc_ws/install/pal_gripper_controller_configuration:/opt/erc_ws/install/omni_base_controller_configuration:/opt/erc_ws/install/gz_ros2_control:/opt/erc_ws/install/erc_solution:/opt/erc_ws/install/erc_description:/opt/ros/humble CMAKE_PREFIX_PATH=${CMAKE_PREFIX_PATH}:/opt/erc_ws/install/sensors:/opt/erc_ws/install/pal_pro_gripper_wrapper:/opt/erc_ws/install/launch_pal:/opt/erc_ws/install/erc_solution:/opt/ros/humble PYTHONPATH=/opt/erc_ws/build/pal_pro_gripper_wrapper:/opt/erc_ws/install/pal_pro_gripper_wrapper/lib/python3.10/site-packages:/opt/erc_ws/build/launch_pal:/opt/erc_ws/install/launch_pal/lib/python3.10/site-packages:/opt/erc_ws/install/tiago_pro_description/local/lib/python3.10/dist-packages:/opt/erc_ws/install/tiago_pro_head_description/local/lib/python3.10/dist-packages:/opt/erc_ws/build/sensors:/opt/erc_ws/install/sensors/lib/python3.10/site-packages:/opt/erc_ws/install/pal_sea_arm_description/local/lib/python3.10/dist-packages:/opt/erc_ws/install/pal_pro_gripper_description/local/lib/python3.10/dist-packages:/opt/erc_ws/install/omni_base_description/local/lib/python3.10/dist-packages:/opt/erc_ws/build/erc_solution:/opt/erc_ws/install/erc_solution/lib/python3.10/site-packages:/opt/ros/humble/lib/python3.10/site-packages:/opt/ros/humble/local/lib/python3.10/dist-packages /usr/bin/cmake --build /opt/erc_ws/build/pal_pro_gripper_controller_configuration -- -j16 -l16
[3.156s] DEBUG:colcon.colcon_core.event_handler.log_command:Invoking command in '/opt/erc_ws/build/tiago_pro_head_controller_configuration': AMENT_PREFIX_PATH=/opt/erc_ws/install/launch_pal:/opt/erc_ws/install/tiago_pro_robot:/opt/erc_ws/install/tiago_pro_head_robot:/opt/erc_ws/install/tiago_pro_bringup:/opt/erc_ws/install/tiago_pro_head_bringup:/opt/erc_ws/install/erc_bringup:/opt/erc_ws/install/tiago_pro_description:/opt/erc_ws/install/tiago_pro_head_description:/opt/erc_ws/install/tiago_pro_controller_configuration:/opt/erc_ws/install/tiago_pro_head_controller_configuration:/opt/erc_ws/install/sensors:/opt/erc_ws/install/pal_sea_arm:/opt/erc_ws/install/pal_sea_arm_bringup:/opt/erc_ws/install/pal_sea_arm_description:/opt/erc_ws/install/pal_pro_gripper_simulation:/opt/erc_ws/install/pal_pro_gripper_bringup:/opt/erc_ws/install/pal_pro_gripper:/opt/erc_ws/install/pal_pro_gripper_description:/opt/erc_ws/install/pal_gripper_simulation:/opt/erc_ws/install/pal_gripper:/opt/erc_ws/install/pal_gripper_description:/opt/erc_ws/install/omni_base_robot:/opt/erc_ws/install/omni_base_bringup:/opt/erc_ws/install/omni_base_description:/opt/erc_ws/install/pal_urdf_utils:/opt/erc_ws/install/pal_sea_arm_controller_configuration:/opt/erc_ws/install/pal_pro_gripper_controller_configuration:/opt/erc_ws/install/pal_pro_gripper_wrapper:/opt/erc_ws/install/pal_gripper_controller_configuration:/opt/erc_ws/install/omni_base_controller_configuration:/opt/erc_ws/install/gz_ros2_control:/opt/erc_ws/install/erc_solution:/opt/erc_ws/install/erc_description:/opt/ros/humble CMAKE_PREFIX_PATH=${CMAKE_PREFIX_PATH}:/opt/erc_ws/install/sensors:/opt/erc_ws/install/pal_pro_gripper_wrapper:/opt/erc_ws/install/launch_pal:/opt/erc_ws/install/erc_solution:/opt/ros/humble PYTHONPATH=/opt/erc_ws/build/launch_pal:/opt/erc_ws/install/launch_pal/lib/python3.10/site-packages:/opt/erc_ws/install/tiago_pro_description/local/lib/python3.10/dist-packages:/opt/erc_ws/install/tiago_pro_head_description/local/lib/python3.10/dist-packages:/opt/erc_ws/build/sensors:/opt/erc_ws/install/sensors/lib/python3.10/site-packages:/opt/erc_ws/install/pal_sea_arm_description/local/lib/python3.10/dist-packages:/opt/erc_ws/install/pal_pro_gripper_description/local/lib/python3.10/dist-packages:/opt/erc_ws/install/omni_base_description/local/lib/python3.10/dist-packages:/opt/erc_ws/build/pal_pro_gripper_wrapper:/opt/erc_ws/install/pal_pro_gripper_wrapper/lib/python3.10/site-packages:/opt/erc_ws/build/erc_solution:/opt/erc_ws/install/erc_solution/lib/python3.10/site-packages:/opt/ros/humble/lib/python3.10/site-packages:/opt/ros/humble/local/lib/python3.10/dist-packages /usr/bin/cmake --build /opt/erc_ws/build/tiago_pro_head_controller_configuration -- -j16 -l16
[3.158s] DEBUG:colcon.colcon_core.event_handler.log_command:Invoking command in '/opt/erc_ws/build/omni_base_description': AMENT_PREFIX_PATH=/opt/erc_ws/install/launch_pal:/opt/erc_ws/install/tiago_pro_robot:/opt/erc_ws/install/tiago_pro_head_robot:/opt/erc_ws/install/tiago_pro_bringup:/opt/erc_ws/install/tiago_pro_head_bringup:/opt/erc_ws/install/erc_bringup:/opt/erc_ws/install/tiago_pro_description:/opt/erc_ws/install/tiago_pro_head_description:/opt/erc_ws/install/tiago_pro_controller_configuration:/opt/erc_ws/install/tiago_pro_head_controller_configuration:/opt/erc_ws/install/sensors:/opt/erc_ws/install/pal_sea_arm:/opt/erc_ws/install/pal_sea_arm_bringup:/opt/erc_ws/install/pal_sea_arm_description:/opt/erc_ws/install/pal_pro_gripper_simulation:/opt/erc_ws/install/pal_pro_gripper_bringup:/opt/erc_ws/install/pal_pro_gripper:/opt/erc_ws/install/pal_pro_gripper_description:/opt/erc_ws/install/pal_gripper_simulation:/opt/erc_ws/install/pal_gripper:/opt/erc_ws/install/pal_gripper_description:/opt/erc_ws/install/omni_base_robot:/opt/erc_ws/install/omni_base_bringup:/opt/erc_ws/install/omni_base_description:/opt/erc_ws/install/pal_urdf_utils:/opt/erc_ws/install/pal_sea_arm_controller_configuration:/opt/erc_ws/install/pal_pro_gripper_controller_configuration:/opt/erc_ws/install/pal_pro_gripper_wrapper:/opt/erc_ws/install/pal_gripper_controller_configuration:/opt/erc_ws/install/omni_base_controller_configuration:/opt/erc_ws/install/gz_ros2_control:/opt/erc_ws/install/erc_solution:/opt/erc_ws/install/erc_description:/opt/ros/humble CMAKE_PREFIX_PATH=/opt/erc_ws/install/pal_urdf_utils:/opt/erc_ws/install/tiago_pro_robot:/opt/erc_ws/install/tiago_pro_head_robot:/opt/erc_ws/install/tiago_pro_bringup:/opt/erc_ws/install/tiago_pro_head_bringup:/opt/erc_ws/install/erc_bringup:/opt/erc_ws/install/tiago_pro_description:/opt/erc_ws/install/tiago_pro_head_description:/opt/erc_ws/install/tiago_pro_controller_configuration:/opt/erc_ws/install/tiago_pro_head_controller_configuration:/opt/erc_ws/install/pal_sea_arm:/opt/erc_ws/install/pal_sea_arm_bringup:/opt/erc_ws/install/pal_sea_arm_description:/opt/erc_ws/install/pal_pro_gripper_simulation:/opt/erc_ws/install/pal_pro_gripper_bringup:/opt/erc_ws/install/pal_pro_gripper:/opt/erc_ws/install/pal_pro_gripper_description:/opt/erc_ws/install/pal_gripper_simulation:/opt/erc_ws/install/pal_gripper:/opt/erc_ws/install/pal_gripper_description:/opt/erc_ws/install/omni_base_robot:/opt/erc_ws/install/omni_base_bringup:/opt/erc_ws/install/omni_base_description:/opt/erc_ws/install/pal_sea_arm_controller_configuration:/opt/erc_ws/install/pal_pro_gripper_controller_configuration:/opt/erc_ws/install/pal_gripper_controller_configuration:/opt/erc_ws/install/omni_base_controller_configuration:/opt/erc_ws/install/gz_ros2_control:/opt/erc_ws/install/erc_description:/opt/erc_ws/install/sensors:/opt/erc_ws/install/pal_pro_gripper_wrapper:/opt/erc_ws/install/launch_pal:/opt/erc_ws/install/erc_solution:/opt/ros/humble PYTHONPATH=/opt/erc_ws/build/launch_pal:/opt/erc_ws/install/launch_pal/lib/python3.10/site-packages:/opt/erc_ws/install/tiago_pro_description/local/lib/python3.10/dist-packages:/opt/erc_ws/install/tiago_pro_head_description/local/lib/python3.10/dist-packages:/opt/erc_ws/build/sensors:/opt/erc_ws/install/sensors/lib/python3.10/site-packages:/opt/erc_ws/install/pal_sea_arm_description/local/lib/python3.10/dist-packages:/opt/erc_ws/install/pal_pro_gripper_description/local/lib/python3.10/dist-packages:/opt/erc_ws/install/omni_base_description/local/lib/python3.10/dist-packages:/opt/erc_ws/build/pal_pro_gripper_wrapper:/opt/erc_ws/install/pal_pro_gripper_wrapper/lib/python3.10/site-packages:/opt/erc_ws/build/erc_solution:/opt/erc_ws/install/erc_solution/lib/python3.10/site-packages:/opt/ros/humble/lib/python3.10/site-packages:/opt/ros/humble/local/lib/python3.10/dist-packages /usr/bin/cmake --build /opt/erc_ws/build/omni_base_description -- -j16 -l16
[3.183s] DEBUG:colcon.colcon_core.event_handler.log_command:Invoked command in '/opt/erc_ws/build/pal_pro_gripper_controller_configuration' returned '0': AMENT_PREFIX_PATH=/opt/erc_ws/install/pal_pro_gripper_wrapper:/opt/erc_ws/install/launch_pal:/opt/erc_ws/install/tiago_pro_robot:/opt/erc_ws/install/tiago_pro_head_robot:/opt/erc_ws/install/tiago_pro_bringup:/opt/erc_ws/install/tiago_pro_head_bringup:/opt/erc_ws/install/erc_bringup:/opt/erc_ws/install/tiago_pro_description:/opt/erc_ws/install/tiago_pro_head_description:/opt/erc_ws/install/tiago_pro_controller_configuration:/opt/erc_ws/install/tiago_pro_head_controller_configuration:/opt/erc_ws/install/sensors:/opt/erc_ws/install/pal_sea_arm:/opt/erc_ws/install/pal_sea_arm_bringup:/opt/erc_ws/install/pal_sea_arm_description:/opt/erc_ws/install/pal_pro_gripper_simulation:/opt/erc_ws/install/pal_pro_gripper_bringup:/opt/erc_ws/install/pal_pro_gripper:/opt/erc_ws/install/pal_pro_gripper_description:/opt/erc_ws/install/pal_gripper_simulation:/opt/erc_ws/install/pal_gripper:/opt/erc_ws/install/pal_gripper_description:/opt/erc_ws/install/omni_base_robot:/opt/erc_ws/install/omni_base_bringup:/opt/erc_ws/install/omni_base_description:/opt/erc_ws/install/pal_urdf_utils:/opt/erc_ws/install/pal_sea_arm_controller_configuration:/opt/erc_ws/install/pal_pro_gripper_controller_configuration:/opt/erc_ws/install/pal_gripper_controller_configuration:/opt/erc_ws/install/omni_base_controller_configuration:/opt/erc_ws/install/gz_ros2_control:/opt/erc_ws/install/erc_solution:/opt/erc_ws/install/erc_description:/opt/ros/humble CMAKE_PREFIX_PATH=${CMAKE_PREFIX_PATH}:/opt/erc_ws/install/sensors:/opt/erc_ws/install/pal_pro_gripper_wrapper:/opt/erc_ws/install/launch_pal:/opt/erc_ws/install/erc_solution:/opt/ros/humble PYTHONPATH=/opt/erc_ws/build/pal_pro_gripper_wrapper:/opt/erc_ws/install/pal_pro_gripper_wrapper/lib/python3.10/site-packages:/opt/erc_ws/build/launch_pal:/opt/erc_ws/install/launch_pal/lib/python3.10/site-packages:/opt/erc_ws/install/tiago_pro_description/local/lib/python3.10/dist-packages:/opt/erc_ws/install/tiago_pro_head_description/local/lib/python3.10/dist-packages:/opt/erc_ws/build/sensors:/opt/erc_ws/install/sensors/lib/python3.10/site-packages:/opt/erc_ws/install/pal_sea_arm_description/local/lib/python3.10/dist-packages:/opt/erc_ws/install/pal_pro_gripper_description/local/lib/python3.10/dist-packages:/opt/erc_ws/install/omni_base_description/local/lib/python3.10/dist-packages:/opt/erc_ws/build/erc_solution:/opt/erc_ws/install/erc_solution/lib/python3.10/site-packages:/opt/ros/humble/lib/python3.10/site-packages:/opt/ros/humble/local/lib/python3.10/dist-packages /usr/bin/cmake --build /opt/erc_ws/build/pal_pro_gripper_controller_configuration -- -j16 -l16
[3.194s] DEBUG:colcon.colcon_core.event_handler.log_command:Invoking command in '/opt/erc_ws/build/pal_pro_gripper_controller_configuration': AMENT_PREFIX_PATH=/opt/erc_ws/install/pal_pro_gripper_wrapper:/opt/erc_ws/install/launch_pal:/opt/erc_ws/install/tiago_pro_robot:/opt/erc_ws/install/tiago_pro_head_robot:/opt/erc_ws/install/tiago_pro_bringup:/opt/erc_ws/install/tiago_pro_head_bringup:/opt/erc_ws/install/erc_bringup:/opt/erc_ws/install/tiago_pro_description:/opt/erc_ws/install/tiago_pro_head_description:/opt/erc_ws/install/tiago_pro_controller_configuration:/opt/erc_ws/install/tiago_pro_head_controller_configuration:/opt/erc_ws/install/sensors:/opt/erc_ws/install/pal_sea_arm:/opt/erc_ws/install/pal_sea_arm_bringup:/opt/erc_ws/install/pal_sea_arm_description:/opt/erc_ws/install/pal_pro_gripper_simulation:/opt/erc_ws/install/pal_pro_gripper_bringup:/opt/erc_ws/install/pal_pro_gripper:/opt/erc_ws/install/pal_pro_gripper_description:/opt/erc_ws/install/pal_gripper_simulation:/opt/erc_ws/install/pal_gripper:/opt/erc_ws/install/pal_gripper_description:/opt/erc_ws/install/omni_base_robot:/opt/erc_ws/install/omni_base_bringup:/opt/erc_ws/install/omni_base_description:/opt/erc_ws/install/pal_urdf_utils:/opt/erc_ws/install/pal_sea_arm_controller_configuration:/opt/erc_ws/install/pal_pro_gripper_controller_configuration:/opt/erc_ws/install/pal_gripper_controller_configuration:/opt/erc_ws/install/omni_base_controller_configuration:/opt/erc_ws/install/gz_ros2_control:/opt/erc_ws/install/erc_solution:/opt/erc_ws/install/erc_description:/opt/ros/humble CMAKE_PREFIX_PATH=${CMAKE_PREFIX_PATH}:/opt/erc_ws/install/sensors:/opt/erc_ws/install/pal_pro_gripper_wrapper:/opt/erc_ws/install/launch_pal:/opt/erc_ws/install/erc_solution:/opt/ros/humble PYTHONPATH=/opt/erc_ws/build/pal_pro_gripper_wrapper:/opt/erc_ws/install/pal_pro_gripper_wrapper/lib/python3.10/site-packages:/opt/erc_ws/build/launch_pal:/opt/erc_ws/install/launch_pal/lib/python3.10/site-packages:/opt/erc_ws/install/tiago_pro_description/local/lib/python3.10/dist-packages:/opt/erc_ws/install/tiago_pro_head_description/local/lib/python3.10/dist-packages:/opt/erc_ws/build/sensors:/opt/erc_ws/install/sensors/lib/python3.10/site-packages:/opt/erc_ws/install/pal_sea_arm_description/local/lib/python3.10/dist-packages:/opt/erc_ws/install/pal_pro_gripper_description/local/lib/python3.10/dist-packages:/opt/erc_ws/install/omni_base_description/local/lib/python3.10/dist-packages:/opt/erc_ws/build/erc_solution:/opt/erc_ws/install/erc_solution/lib/python3.10/site-packages:/opt/ros/humble/lib/python3.10/site-packages:/opt/ros/humble/local/lib/python3.10/dist-packages /usr/bin/cmake --install /opt/erc_ws/build/pal_pro_gripper_controller_configuration
[3.201s] DEBUG:colcon.colcon_core.event_handler.log_command:Invoked command in '/opt/erc_ws/build/tiago_pro_head_controller_configuration' returned '0': AMENT_PREFIX_PATH=/opt/erc_ws/install/launch_pal:/opt/erc_ws/install/tiago_pro_robot:/opt/erc_ws/install/tiago_pro_head_robot:/opt/erc_ws/install/tiago_pro_bringup:/opt/erc_ws/install/tiago_pro_head_bringup:/opt/erc_ws/install/erc_bringup:/opt/erc_ws/install/tiago_pro_description:/opt/erc_ws/install/tiago_pro_head_description:/opt/erc_ws/install/tiago_pro_controller_configuration:/opt/erc_ws/install/tiago_pro_head_controller_configuration:/opt/erc_ws/install/sensors:/opt/erc_ws/install/pal_sea_arm:/opt/erc_ws/install/pal_sea_arm_bringup:/opt/erc_ws/install/pal_sea_arm_description:/opt/erc_ws/install/pal_pro_gripper_simulation:/opt/erc_ws/install/pal_pro_gripper_bringup:/opt/erc_ws/install/pal_pro_gripper:/opt/erc_ws/install/pal_pro_gripper_description:/opt/erc_ws/install/pal_gripper_simulation:/opt/erc_ws/install/pal_gripper:/opt/erc_ws/install/pal_gripper_description:/opt/erc_ws/install/omni_base_robot:/opt/erc_ws/install/omni_base_bringup:/opt/erc_ws/install/omni_base_description:/opt/erc_ws/install/pal_urdf_utils:/opt/erc_ws/install/pal_sea_arm_controller_configuration:/opt/erc_ws/install/pal_pro_gripper_controller_configuration:/opt/erc_ws/install/pal_pro_gripper_wrapper:/opt/erc_ws/install/pal_gripper_controller_configuration:/opt/erc_ws/install/omni_base_controller_configuration:/opt/erc_ws/install/gz_ros2_control:/opt/erc_ws/install/erc_solution:/opt/erc_ws/install/erc_description:/opt/ros/humble CMAKE_PREFIX_PATH=${CMAKE_PREFIX_PATH}:/opt/erc_ws/install/sensors:/opt/erc_ws/install/pal_pro_gripper_wrapper:/opt/erc_ws/install/launch_pal:/opt/erc_ws/install/erc_solution:/opt/ros/humble PYTHONPATH=/opt/erc_ws/build/launch_pal:/opt/erc_ws/install/launch_pal/lib/python3.10/site-packages:/opt/erc_ws/install/tiago_pro_description/local/lib/python3.10/dist-packages:/opt/erc_ws/install/tiago_pro_head_description/local/lib/python3.10/dist-packages:/opt/erc_ws/build/sensors:/opt/erc_ws/install/sensors/lib/python3.10/site-packages:/opt/erc_ws/install/pal_sea_arm_description/local/lib/python3.10/dist-packages:/opt/erc_ws/install/pal_pro_gripper_description/local/lib/python3.10/dist-packages:/opt/erc_ws/install/omni_base_description/local/lib/python3.10/dist-packages:/opt/erc_ws/build/pal_pro_gripper_wrapper:/opt/erc_ws/install/pal_pro_gripper_wrapper/lib/python3.10/site-packages:/opt/erc_ws/build/erc_solution:/opt/erc_ws/install/erc_solution/lib/python3.10/site-packages:/opt/ros/humble/lib/python3.10/site-packages:/opt/ros/humble/local/lib/python3.10/dist-packages /usr/bin/cmake --build /opt/erc_ws/build/tiago_pro_head_controller_configuration -- -j16 -l16
[3.205s] DEBUG:colcon.colcon_core.event_handler.log_command:Invoking command in '/opt/erc_ws/build/tiago_pro_head_controller_configuration': AMENT_PREFIX_PATH=/opt/erc_ws/install/launch_pal:/opt/erc_ws/install/tiago_pro_robot:/opt/erc_ws/install/tiago_pro_head_robot:/opt/erc_ws/install/tiago_pro_bringup:/opt/erc_ws/install/tiago_pro_head_bringup:/opt/erc_ws/install/erc_bringup:/opt/erc_ws/install/tiago_pro_description:/opt/erc_ws/install/tiago_pro_head_description:/opt/erc_ws/install/tiago_pro_controller_configuration:/opt/erc_ws/install/tiago_pro_head_controller_configuration:/opt/erc_ws/install/sensors:/opt/erc_ws/install/pal_sea_arm:/opt/erc_ws/install/pal_sea_arm_bringup:/opt/erc_ws/install/pal_sea_arm_description:/opt/erc_ws/install/pal_pro_gripper_simulation:/opt/erc_ws/install/pal_pro_gripper_bringup:/opt/erc_ws/install/pal_pro_gripper:/opt/erc_ws/install/pal_pro_gripper_description:/opt/erc_ws/install/pal_gripper_simulation:/opt/erc_ws/install/pal_gripper:/opt/erc_ws/install/pal_gripper_description:/opt/erc_ws/install/omni_base_robot:/opt/erc_ws/install/omni_base_bringup:/opt/erc_ws/install/omni_base_description:/opt/erc_ws/install/pal_urdf_utils:/opt/erc_ws/install/pal_sea_arm_controller_configuration:/opt/erc_ws/install/pal_pro_gripper_controller_configuration:/opt/erc_ws/install/pal_pro_gripper_wrapper:/opt/erc_ws/install/pal_gripper_controller_configuration:/opt/erc_ws/install/omni_base_controller_configuration:/opt/erc_ws/install/gz_ros2_control:/opt/erc_ws/install/erc_solution:/opt/erc_ws/install/erc_description:/opt/ros/humble CMAKE_PREFIX_PATH=${CMAKE_PREFIX_PATH}:/opt/erc_ws/install/sensors:/opt/erc_ws/install/pal_pro_gripper_wrapper:/opt/erc_ws/install/launch_pal:/opt/erc_ws/install/erc_solution:/opt/ros/humble PYTHONPATH=/opt/erc_ws/build/launch_pal:/opt/erc_ws/install/launch_pal/lib/python3.10/site-packages:/opt/erc_ws/install/tiago_pro_description/local/lib/python3.10/dist-packages:/opt/erc_ws/install/tiago_pro_head_description/local/lib/python3.10/dist-packages:/opt/erc_ws/build/sensors:/opt/erc_ws/install/sensors/lib/python3.10/site-packages:/opt/erc_ws/install/pal_sea_arm_description/local/lib/python3.10/dist-packages:/opt/erc_ws/install/pal_pro_gripper_description/local/lib/python3.10/dist-packages:/opt/erc_ws/install/omni_base_description/local/lib/python3.10/dist-packages:/opt/erc_ws/build/pal_pro_gripper_wrapper:/opt/erc_ws/install/pal_pro_gripper_wrapper/lib/python3.10/site-packages:/opt/erc_ws/build/erc_solution:/opt/erc_ws/install/erc_solution/lib/python3.10/site-packages:/opt/ros/humble/lib/python3.10/site-packages:/opt/ros/humble/local/lib/python3.10/dist-packages /usr/bin/cmake --install /opt/erc_ws/build/tiago_pro_head_controller_configuration
[3.212s] Level 1:colcon.colcon_core.environment:create_environment_scripts_only(pal_pro_gripper_controller_configuration)
[3.213s] Level 1:colcon.colcon_core.environment:checking '/opt/erc_ws/install/pal_pro_gripper_controller_configuration' for CMake module files
[3.215s] DEBUG:colcon.colcon_core.event_handler.log_command:Invoked command in '/opt/erc_ws/build/pal_pro_gripper_controller_configuration' returned '0': AMENT_PREFIX_PATH=/opt/erc_ws/install/pal_pro_gripper_wrapper:/opt/erc_ws/install/launch_pal:/opt/erc_ws/install/tiago_pro_robot:/opt/erc_ws/install/tiago_pro_head_robot:/opt/erc_ws/install/tiago_pro_bringup:/opt/erc_ws/install/tiago_pro_head_bringup:/opt/erc_ws/install/erc_bringup:/opt/erc_ws/install/tiago_pro_description:/opt/erc_ws/install/tiago_pro_head_description:/opt/erc_ws/install/tiago_pro_controller_configuration:/opt/erc_ws/install/tiago_pro_head_controller_configuration:/opt/erc_ws/install/sensors:/opt/erc_ws/install/pal_sea_arm:/opt/erc_ws/install/pal_sea_arm_bringup:/opt/erc_ws/install/pal_sea_arm_description:/opt/erc_ws/install/pal_pro_gripper_simulation:/opt/erc_ws/install/pal_pro_gripper_bringup:/opt/erc_ws/install/pal_pro_gripper:/opt/erc_ws/install/pal_pro_gripper_description:/opt/erc_ws/install/pal_gripper_simulation:/opt/erc_ws/install/pal_gripper:/opt/erc_ws/install/pal_gripper_description:/opt/erc_ws/install/omni_base_robot:/opt/erc_ws/install/omni_base_bringup:/opt/erc_ws/install/omni_base_description:/opt/erc_ws/install/pal_urdf_utils:/opt/erc_ws/install/pal_sea_arm_controller_configuration:/opt/erc_ws/install/pal_pro_gripper_controller_configuration:/opt/erc_ws/install/pal_gripper_controller_configuration:/opt/erc_ws/install/omni_base_controller_configuration:/opt/erc_ws/install/gz_ros2_control:/opt/erc_ws/install/erc_solution:/opt/erc_ws/install/erc_description:/opt/ros/humble CMAKE_PREFIX_PATH=${CMAKE_PREFIX_PATH}:/opt/erc_ws/install/sensors:/opt/erc_ws/install/pal_pro_gripper_wrapper:/opt/erc_ws/install/launch_pal:/opt/erc_ws/install/erc_solution:/opt/ros/humble PYTHONPATH=/opt/erc_ws/build/pal_pro_gripper_wrapper:/opt/erc_ws/install/pal_pro_gripper_wrapper/lib/python3.10/site-packages:/opt/erc_ws/build/launch_pal:/opt/erc_ws/install/launch_pal/lib/python3.10/site-packages:/opt/erc_ws/install/tiago_pro_description/local/lib/python3.10/dist-packages:/opt/erc_ws/install/tiago_pro_head_description/local/lib/python3.10/dist-packages:/opt/erc_ws/build/sensors:/opt/erc_ws/install/sensors/lib/python3.10/site-packages:/opt/erc_ws/install/pal_sea_arm_description/local/lib/python3.10/dist-packages:/opt/erc_ws/install/pal_pro_gripper_description/local/lib/python3.10/dist-packages:/opt/erc_ws/install/omni_base_description/local/lib/python3.10/dist-packages:/opt/erc_ws/build/erc_solution:/opt/erc_ws/install/erc_solution/lib/python3.10/site-packages:/opt/ros/humble/lib/python3.10/site-packages:/opt/ros/humble/local/lib/python3.10/dist-packages /usr/bin/cmake --install /opt/erc_ws/build/pal_pro_gripper_controller_configuration
[3.219s] Level 1:colcon.colcon_core.environment:checking '/opt/erc_ws/install/pal_pro_gripper_controller_configuration' for CMake config files
[3.220s] Level 1:colcon.colcon_core.shell:create_environment_hook('pal_pro_gripper_controller_configuration', 'cmake_prefix_path')
[3.220s] INFO:colcon.colcon_core.shell:Creating environment hook '/opt/erc_ws/install/pal_pro_gripper_controller_configuration/share/pal_pro_gripper_controller_configuration/hook/cmake_prefix_path.ps1'
[3.221s] INFO:colcon.colcon_core.shell:Creating environment descriptor '/opt/erc_ws/install/pal_pro_gripper_controller_configuration/share/pal_pro_gripper_controller_configuration/hook/cmake_prefix_path.dsv'
[3.221s] INFO:colcon.colcon_core.shell:Creating environment hook '/opt/erc_ws/install/pal_pro_gripper_controller_configuration/share/pal_pro_gripper_controller_configuration/hook/cmake_prefix_path.sh'
[3.225s] Level 1:colcon.colcon_core.environment:checking '/opt/erc_ws/install/pal_pro_gripper_controller_configuration/bin'
[3.225s] Level 1:colcon.colcon_core.environment:checking '/opt/erc_ws/install/pal_pro_gripper_controller_configuration/lib/pkgconfig/pal_pro_gripper_controller_configuration.pc'
[3.225s] Level 1:colcon.colcon_core.environment:checking '/opt/erc_ws/install/pal_pro_gripper_controller_configuration/lib/python3.10/site-packages'
[3.226s] Level 1:colcon.colcon_core.environment:checking '/opt/erc_ws/install/pal_pro_gripper_controller_configuration/bin'
[3.226s] INFO:colcon.colcon_core.shell:Creating package script '/opt/erc_ws/install/pal_pro_gripper_controller_configuration/share/pal_pro_gripper_controller_configuration/package.ps1'
[3.227s] INFO:colcon.colcon_core.shell:Creating package descriptor '/opt/erc_ws/install/pal_pro_gripper_controller_configuration/share/pal_pro_gripper_controller_configuration/package.dsv'
[3.227s] INFO:colcon.colcon_core.shell:Creating package script '/opt/erc_ws/install/pal_pro_gripper_controller_configuration/share/pal_pro_gripper_controller_configuration/package.sh'
[3.228s] INFO:colcon.colcon_core.shell:Creating package script '/opt/erc_ws/install/pal_pro_gripper_controller_configuration/share/pal_pro_gripper_controller_configuration/package.bash'
[3.228s] INFO:colcon.colcon_core.shell:Creating package script '/opt/erc_ws/install/pal_pro_gripper_controller_configuration/share/pal_pro_gripper_controller_configuration/package.zsh'
[3.229s] Level 1:colcon.colcon_core.environment:create_file_with_runtime_dependencies(/opt/erc_ws/install/pal_pro_gripper_controller_configuration/share/colcon-core/packages/pal_pro_gripper_controller_configuration)
[3.232s] Level 1:colcon.colcon_core.environment:create_environment_scripts_only(pal_pro_gripper_controller_configuration)
[3.233s] Level 1:colcon.colcon_core.environment:checking '/opt/erc_ws/install/pal_pro_gripper_controller_configuration' for CMake module files
[3.234s] Level 1:colcon.colcon_core.environment:checking '/opt/erc_ws/install/pal_pro_gripper_controller_configuration' for CMake config files
[3.234s] Level 1:colcon.colcon_core.shell:create_environment_hook('pal_pro_gripper_controller_configuration', 'cmake_prefix_path')
[3.235s] INFO:colcon.colcon_core.shell:Creating environment hook '/opt/erc_ws/install/pal_pro_gripper_controller_configuration/share/pal_pro_gripper_controller_configuration/hook/cmake_prefix_path.ps1'
[3.235s] INFO:colcon.colcon_core.shell:Creating environment descriptor '/opt/erc_ws/install/pal_pro_gripper_controller_configuration/share/pal_pro_gripper_controller_configuration/hook/cmake_prefix_path.dsv'
[3.236s] INFO:colcon.colcon_core.shell:Creating environment hook '/opt/erc_ws/install/pal_pro_gripper_controller_configuration/share/pal_pro_gripper_controller_configuration/hook/cmake_prefix_path.sh'
[3.236s] Level 1:colcon.colcon_core.environment:checking '/opt/erc_ws/install/pal_pro_gripper_controller_configuration/bin'
[3.236s] Level 1:colcon.colcon_core.environment:checking '/opt/erc_ws/install/pal_pro_gripper_controller_configuration/lib/pkgconfig/pal_pro_gripper_controller_configuration.pc'
[3.237s] Level 1:colcon.colcon_core.environment:checking '/opt/erc_ws/install/pal_pro_gripper_controller_configuration/lib/python3.10/site-packages'
[3.237s] Level 1:colcon.colcon_core.environment:checking '/opt/erc_ws/install/pal_pro_gripper_controller_configuration/bin'
[3.237s] INFO:colcon.colcon_core.shell:Creating package script '/opt/erc_ws/install/pal_pro_gripper_controller_configuration/share/pal_pro_gripper_controller_configuration/package.ps1'
[3.238s] INFO:colcon.colcon_core.shell:Creating package descriptor '/opt/erc_ws/install/pal_pro_gripper_controller_configuration/share/pal_pro_gripper_controller_configuration/package.dsv'
[3.239s] INFO:colcon.colcon_core.shell:Creating package script '/opt/erc_ws/install/pal_pro_gripper_controller_configuration/share/pal_pro_gripper_controller_configuration/package.sh'
[3.239s] INFO:colcon.colcon_core.shell:Creating package script '/opt/erc_ws/install/pal_pro_gripper_controller_configuration/share/pal_pro_gripper_controller_configuration/package.bash'
[3.240s] INFO:colcon.colcon_core.shell:Creating package script '/opt/erc_ws/install/pal_pro_gripper_controller_configuration/share/pal_pro_gripper_controller_configuration/package.zsh'
[3.240s] Level 1:colcon.colcon_core.environment:create_file_with_runtime_dependencies(/opt/erc_ws/install/pal_pro_gripper_controller_configuration/share/colcon-core/packages/pal_pro_gripper_controller_configuration)
[3.241s] INFO:colcon.colcon_ros.task.ament_cmake.build:Building ROS package in '/opt/erc_ws/src/pal_sea_arm/pal_sea_arm_controller_configuration' with build type 'ament_cmake'
[3.241s] INFO:colcon.colcon_cmake.task.cmake.build:Building CMake package in '/opt/erc_ws/src/pal_sea_arm/pal_sea_arm_controller_configuration'
[3.242s] INFO:colcon.colcon_core.shell:Skip shell extension 'powershell' for command environment: Not usable outside of PowerShell
[3.242s] DEBUG:colcon.colcon_core.shell:Skip shell extension 'dsv' for command environment
[3.249s] INFO:colcon.colcon_ros.task.ament_cmake.build:Building ROS package in '/opt/erc_ws/src/pal_pro_gripper/pal_pro_gripper' with build type 'ament_cmake'
[3.249s] INFO:colcon.colcon_cmake.task.cmake.build:Building CMake package in '/opt/erc_ws/src/pal_pro_gripper/pal_pro_gripper'
[3.250s] INFO:colcon.colcon_core.shell:Skip shell extension 'powershell' for command environment: Not usable outside of PowerShell
[3.250s] DEBUG:colcon.colcon_core.shell:Skip shell extension 'dsv' for command environment
[3.255s] INFO:colcon.colcon_ros.task.ament_cmake.build:Building ROS package in '/opt/erc_ws/src/pal_pro_gripper/pal_pro_gripper_bringup' with build type 'ament_cmake'
[3.256s] INFO:colcon.colcon_cmake.task.cmake.build:Building CMake package in '/opt/erc_ws/src/pal_pro_gripper/pal_pro_gripper_bringup'
[3.256s] INFO:colcon.colcon_core.shell:Skip shell extension 'powershell' for command environment: Not usable outside of PowerShell
[3.256s] DEBUG:colcon.colcon_core.shell:Skip shell extension 'dsv' for command environment
[3.264s] INFO:colcon.colcon_ros.task.ament_cmake.build:Building ROS package in '/opt/erc_ws/src/pal_pro_gripper/pal_pro_gripper_simulation' with build type 'ament_cmake'
[3.264s] INFO:colcon.colcon_cmake.task.cmake.build:Building CMake package in '/opt/erc_ws/src/pal_pro_gripper/pal_pro_gripper_simulation'
[3.265s] INFO:colcon.colcon_core.shell:Skip shell extension 'powershell' for command environment: Not usable outside of PowerShell
[3.265s] DEBUG:colcon.colcon_core.shell:Skip shell extension 'dsv' for command environment
[3.285s] DEBUG:colcon.colcon_core.event_handler.log_command:Invoking command in '/opt/erc_ws/build/pal_sea_arm_controller_configuration': AMENT_PREFIX_PATH=/opt/erc_ws/install/pal_pro_gripper_wrapper:/opt/erc_ws/install/launch_pal:/opt/erc_ws/install/tiago_pro_robot:/opt/erc_ws/install/tiago_pro_head_robot:/opt/erc_ws/install/tiago_pro_bringup:/opt/erc_ws/install/tiago_pro_head_bringup:/opt/erc_ws/install/erc_bringup:/opt/erc_ws/install/tiago_pro_description:/opt/erc_ws/install/tiago_pro_head_description:/opt/erc_ws/install/tiago_pro_controller_configuration:/opt/erc_ws/install/tiago_pro_head_controller_configuration:/opt/erc_ws/install/sensors:/opt/erc_ws/install/pal_sea_arm:/opt/erc_ws/install/pal_sea_arm_bringup:/opt/erc_ws/install/pal_sea_arm_description:/opt/erc_ws/install/pal_pro_gripper_simulation:/opt/erc_ws/install/pal_pro_gripper_bringup:/opt/erc_ws/install/pal_pro_gripper:/opt/erc_ws/install/pal_pro_gripper_description:/opt/erc_ws/install/pal_gripper_simulation:/opt/erc_ws/install/pal_gripper:/opt/erc_ws/install/pal_gripper_description:/opt/erc_ws/install/omni_base_robot:/opt/erc_ws/install/omni_base_bringup:/opt/erc_ws/install/omni_base_description:/opt/erc_ws/install/pal_urdf_utils:/opt/erc_ws/install/pal_sea_arm_controller_configuration:/opt/erc_ws/install/pal_pro_gripper_controller_configuration:/opt/erc_ws/install/pal_gripper_controller_configuration:/opt/erc_ws/install/omni_base_controller_configuration:/opt/erc_ws/install/gz_ros2_control:/opt/erc_ws/install/erc_solution:/opt/erc_ws/install/erc_description:/opt/ros/humble CMAKE_PREFIX_PATH=/opt/erc_ws/install/pal_pro_gripper_controller_configuration:/opt/erc_ws/install/tiago_pro_robot:/opt/erc_ws/install/tiago_pro_head_robot:/opt/erc_ws/install/tiago_pro_bringup:/opt/erc_ws/install/tiago_pro_head_bringup:/opt/erc_ws/install/erc_bringup:/opt/erc_ws/install/tiago_pro_description:/opt/erc_ws/install/tiago_pro_head_description:/opt/erc_ws/install/tiago_pro_controller_configuration:/opt/erc_ws/install/tiago_pro_head_controller_configuration:/opt/erc_ws/install/pal_sea_arm:/opt/erc_ws/install/pal_sea_arm_bringup:/opt/erc_ws/install/pal_sea_arm_description:/opt/erc_ws/install/pal_pro_gripper_simulation:/opt/erc_ws/install/pal_pro_gripper_bringup:/opt/erc_ws/install/pal_pro_gripper:/opt/erc_ws/install/pal_pro_gripper_description:/opt/erc_ws/install/pal_gripper_simulation:/opt/erc_ws/install/pal_gripper:/opt/erc_ws/install/pal_gripper_description:/opt/erc_ws/install/omni_base_robot:/opt/erc_ws/install/omni_base_bringup:/opt/erc_ws/install/omni_base_description:/opt/erc_ws/install/pal_urdf_utils:/opt/erc_ws/install/pal_sea_arm_controller_configuration:/opt/erc_ws/install/pal_gripper_controller_configuration:/opt/erc_ws/install/omni_base_controller_configuration:/opt/erc_ws/install/gz_ros2_control:/opt/erc_ws/install/erc_description:/opt/erc_ws/install/sensors:/opt/erc_ws/install/pal_pro_gripper_wrapper:/opt/erc_ws/install/launch_pal:/opt/erc_ws/install/erc_solution:/opt/ros/humble PYTHONPATH=/opt/erc_ws/build/pal_pro_gripper_wrapper:/opt/erc_ws/install/pal_pro_gripper_wrapper/lib/python3.10/site-packages:/opt/erc_ws/build/launch_pal:/opt/erc_ws/install/launch_pal/lib/python3.10/site-packages:/opt/erc_ws/install/tiago_pro_description/local/lib/python3.10/dist-packages:/opt/erc_ws/install/tiago_pro_head_description/local/lib/python3.10/dist-packages:/opt/erc_ws/build/sensors:/opt/erc_ws/install/sensors/lib/python3.10/site-packages:/opt/erc_ws/install/pal_sea_arm_description/local/lib/python3.10/dist-packages:/opt/erc_ws/install/pal_pro_gripper_description/local/lib/python3.10/dist-packages:/opt/erc_ws/install/omni_base_description/local/lib/python3.10/dist-packages:/opt/erc_ws/build/erc_solution:/opt/erc_ws/install/erc_solution/lib/python3.10/site-packages:/opt/ros/humble/lib/python3.10/site-packages:/opt/ros/humble/local/lib/python3.10/dist-packages /usr/bin/cmake --build /opt/erc_ws/build/pal_sea_arm_controller_configuration -- -j16 -l16
[3.289s] Level 1:colcon.colcon_core.environment:create_environment_scripts_only(tiago_pro_head_controller_configuration)
[3.290s] Level 1:colcon.colcon_core.environment:checking '/opt/erc_ws/install/tiago_pro_head_controller_configuration' for CMake module files
[3.291s] DEBUG:colcon.colcon_core.event_handler.log_command:Invoking command in '/opt/erc_ws/build/pal_pro_gripper': AMENT_PREFIX_PATH=/opt/erc_ws/install/pal_pro_gripper_wrapper:/opt/erc_ws/install/launch_pal:/opt/erc_ws/install/tiago_pro_robot:/opt/erc_ws/install/tiago_pro_head_robot:/opt/erc_ws/install/tiago_pro_bringup:/opt/erc_ws/install/tiago_pro_head_bringup:/opt/erc_ws/install/erc_bringup:/opt/erc_ws/install/tiago_pro_description:/opt/erc_ws/install/tiago_pro_head_description:/opt/erc_ws/install/tiago_pro_controller_configuration:/opt/erc_ws/install/tiago_pro_head_controller_configuration:/opt/erc_ws/install/sensors:/opt/erc_ws/install/pal_sea_arm:/opt/erc_ws/install/pal_sea_arm_bringup:/opt/erc_ws/install/pal_sea_arm_description:/opt/erc_ws/install/pal_pro_gripper_simulation:/opt/erc_ws/install/pal_pro_gripper_bringup:/opt/erc_ws/install/pal_pro_gripper:/opt/erc_ws/install/pal_pro_gripper_description:/opt/erc_ws/install/pal_gripper_simulation:/opt/erc_ws/install/pal_gripper:/opt/erc_ws/install/pal_gripper_description:/opt/erc_ws/install/omni_base_robot:/opt/erc_ws/install/omni_base_bringup:/opt/erc_ws/install/omni_base_description:/opt/erc_ws/install/pal_urdf_utils:/opt/erc_ws/install/pal_sea_arm_controller_configuration:/opt/erc_ws/install/pal_pro_gripper_controller_configuration:/opt/erc_ws/install/pal_gripper_controller_configuration:/opt/erc_ws/install/omni_base_controller_configuration:/opt/erc_ws/install/gz_ros2_control:/opt/erc_ws/install/erc_solution:/opt/erc_ws/install/erc_description:/opt/ros/humble CMAKE_PREFIX_PATH=/opt/erc_ws/install/pal_pro_gripper_description:/opt/erc_ws/install/pal_pro_gripper_controller_configuration:/opt/erc_ws/install/pal_urdf_utils:/opt/erc_ws/install/tiago_pro_robot:/opt/erc_ws/install/tiago_pro_head_robot:/opt/erc_ws/install/tiago_pro_bringup:/opt/erc_ws/install/tiago_pro_head_bringup:/opt/erc_ws/install/erc_bringup:/opt/erc_ws/install/tiago_pro_description:/opt/erc_ws/install/tiago_pro_head_description:/opt/erc_ws/install/tiago_pro_controller_configuration:/opt/erc_ws/install/tiago_pro_head_controller_configuration:/opt/erc_ws/install/pal_sea_arm:/opt/erc_ws/install/pal_sea_arm_bringup:/opt/erc_ws/install/pal_sea_arm_description:/opt/erc_ws/install/pal_pro_gripper_simulation:/opt/erc_ws/install/pal_pro_gripper_bringup:/opt/erc_ws/install/pal_pro_gripper:/opt/erc_ws/install/pal_gripper_simulation:/opt/erc_ws/install/pal_gripper:/opt/erc_ws/install/pal_gripper_description:/opt/erc_ws/install/omni_base_robot:/opt/erc_ws/install/omni_base_bringup:/opt/erc_ws/install/omni_base_description:/opt/erc_ws/install/pal_sea_arm_controller_configuration:/opt/erc_ws/install/pal_gripper_controller_configuration:/opt/erc_ws/install/omni_base_controller_configuration:/opt/erc_ws/install/gz_ros2_control:/opt/erc_ws/install/erc_description:/opt/erc_ws/install/sensors:/opt/erc_ws/install/pal_pro_gripper_wrapper:/opt/erc_ws/install/launch_pal:/opt/erc_ws/install/erc_solution:/opt/ros/humble PYTHONPATH=/opt/erc_ws/build/pal_pro_gripper_wrapper:/opt/erc_ws/install/pal_pro_gripper_wrapper/lib/python3.10/site-packages:/opt/erc_ws/build/launch_pal:/opt/erc_ws/install/launch_pal/lib/python3.10/site-packages:/opt/erc_ws/install/tiago_pro_description/local/lib/python3.10/dist-packages:/opt/erc_ws/install/tiago_pro_head_description/local/lib/python3.10/dist-packages:/opt/erc_ws/build/sensors:/opt/erc_ws/install/sensors/lib/python3.10/site-packages:/opt/erc_ws/install/pal_sea_arm_description/local/lib/python3.10/dist-packages:/opt/erc_ws/install/pal_pro_gripper_description/local/lib/python3.10/dist-packages:/opt/erc_ws/install/omni_base_description/local/lib/python3.10/dist-packages:/opt/erc_ws/build/erc_solution:/opt/erc_ws/install/erc_solution/lib/python3.10/site-packages:/opt/ros/humble/lib/python3.10/site-packages:/opt/ros/humble/local/lib/python3.10/dist-packages /usr/bin/cmake --build /opt/erc_ws/build/pal_pro_gripper -- -j16 -l16
[3.291s] DEBUG:colcon.colcon_core.event_handler.log_command:Invoked command in '/opt/erc_ws/build/tiago_pro_head_controller_configuration' returned '0': AMENT_PREFIX_PATH=/opt/erc_ws/install/launch_pal:/opt/erc_ws/install/tiago_pro_robot:/opt/erc_ws/install/tiago_pro_head_robot:/opt/erc_ws/install/tiago_pro_bringup:/opt/erc_ws/install/tiago_pro_head_bringup:/opt/erc_ws/install/erc_bringup:/opt/erc_ws/install/tiago_pro_description:/opt/erc_ws/install/tiago_pro_head_description:/opt/erc_ws/install/tiago_pro_controller_configuration:/opt/erc_ws/install/tiago_pro_head_controller_configuration:/opt/erc_ws/install/sensors:/opt/erc_ws/install/pal_sea_arm:/opt/erc_ws/install/pal_sea_arm_bringup:/opt/erc_ws/install/pal_sea_arm_description:/opt/erc_ws/install/pal_pro_gripper_simulation:/opt/erc_ws/install/pal_pro_gripper_bringup:/opt/erc_ws/install/pal_pro_gripper:/opt/erc_ws/install/pal_pro_gripper_description:/opt/erc_ws/install/pal_gripper_simulation:/opt/erc_ws/install/pal_gripper:/opt/erc_ws/install/pal_gripper_description:/opt/erc_ws/install/omni_base_robot:/opt/erc_ws/install/omni_base_bringup:/opt/erc_ws/install/omni_base_description:/opt/erc_ws/install/pal_urdf_utils:/opt/erc_ws/install/pal_sea_arm_controller_configuration:/opt/erc_ws/install/pal_pro_gripper_controller_configuration:/opt/erc_ws/install/pal_pro_gripper_wrapper:/opt/erc_ws/install/pal_gripper_controller_configuration:/opt/erc_ws/install/omni_base_controller_configuration:/opt/erc_ws/install/gz_ros2_control:/opt/erc_ws/install/erc_solution:/opt/erc_ws/install/erc_description:/opt/ros/humble CMAKE_PREFIX_PATH=${CMAKE_PREFIX_PATH}:/opt/erc_ws/install/sensors:/opt/erc_ws/install/pal_pro_gripper_wrapper:/opt/erc_ws/install/launch_pal:/opt/erc_ws/install/erc_solution:/opt/ros/humble PYTHONPATH=/opt/erc_ws/build/launch_pal:/opt/erc_ws/install/launch_pal/lib/python3.10/site-packages:/opt/erc_ws/install/tiago_pro_description/local/lib/python3.10/dist-packages:/opt/erc_ws/install/tiago_pro_head_description/local/lib/python3.10/dist-packages:/opt/erc_ws/build/sensors:/opt/erc_ws/install/sensors/lib/python3.10/site-packages:/opt/erc_ws/install/pal_sea_arm_description/local/lib/python3.10/dist-packages:/opt/erc_ws/install/pal_pro_gripper_description/local/lib/python3.10/dist-packages:/opt/erc_ws/install/omni_base_description/local/lib/python3.10/dist-packages:/opt/erc_ws/build/pal_pro_gripper_wrapper:/opt/erc_ws/install/pal_pro_gripper_wrapper/lib/python3.10/site-packages:/opt/erc_ws/build/erc_solution:/opt/erc_ws/install/erc_solution/lib/python3.10/site-packages:/opt/ros/humble/lib/python3.10/site-packages:/opt/ros/humble/local/lib/python3.10/dist-packages /usr/bin/cmake --install /opt/erc_ws/build/tiago_pro_head_controller_configuration
[3.291s] Level 1:colcon.colcon_core.environment:checking '/opt/erc_ws/install/tiago_pro_head_controller_configuration' for CMake config files
[3.292s] Level 1:colcon.colcon_core.shell:create_environment_hook('tiago_pro_head_controller_configuration', 'cmake_prefix_path')
[3.292s] INFO:colcon.colcon_core.shell:Creating environment hook '/opt/erc_ws/install/tiago_pro_head_controller_configuration/share/tiago_pro_head_controller_configuration/hook/cmake_prefix_path.ps1'
[3.293s] INFO:colcon.colcon_core.shell:Creating environment descriptor '/opt/erc_ws/install/tiago_pro_head_controller_configuration/share/tiago_pro_head_controller_configuration/hook/cmake_prefix_path.dsv'
[3.293s] INFO:colcon.colcon_core.shell:Creating environment hook '/opt/erc_ws/install/tiago_pro_head_controller_configuration/share/tiago_pro_head_controller_configuration/hook/cmake_prefix_path.sh'
[3.296s] Level 1:colcon.colcon_core.environment:checking '/opt/erc_ws/install/tiago_pro_head_controller_configuration/bin'
[3.296s] Level 1:colcon.colcon_core.environment:checking '/opt/erc_ws/install/tiago_pro_head_controller_configuration/lib/pkgconfig/tiago_pro_head_controller_configuration.pc'
[3.296s] Level 1:colcon.colcon_core.environment:checking '/opt/erc_ws/install/tiago_pro_head_controller_configuration/lib/python3.10/site-packages'
[3.297s] Level 1:colcon.colcon_core.environment:checking '/opt/erc_ws/install/tiago_pro_head_controller_configuration/bin'
[3.297s] INFO:colcon.colcon_core.shell:Creating package script '/opt/erc_ws/install/tiago_pro_head_controller_configuration/share/tiago_pro_head_controller_configuration/package.ps1'
[3.298s] INFO:colcon.colcon_core.shell:Creating package descriptor '/opt/erc_ws/install/tiago_pro_head_controller_configuration/share/tiago_pro_head_controller_configuration/package.dsv'
[3.299s] INFO:colcon.colcon_core.shell:Creating package script '/opt/erc_ws/install/tiago_pro_head_controller_configuration/share/tiago_pro_head_controller_configuration/package.sh'
[3.299s] INFO:colcon.colcon_core.shell:Creating package script '/opt/erc_ws/install/tiago_pro_head_controller_configuration/share/tiago_pro_head_controller_configuration/package.bash'
[3.300s] INFO:colcon.colcon_core.shell:Creating package script '/opt/erc_ws/install/tiago_pro_head_controller_configuration/share/tiago_pro_head_controller_configuration/package.zsh'
[3.300s] Level 1:colcon.colcon_core.environment:create_file_with_runtime_dependencies(/opt/erc_ws/install/tiago_pro_head_controller_configuration/share/colcon-core/packages/tiago_pro_head_controller_configuration)
[3.301s] Level 1:colcon.colcon_core.environment:create_environment_scripts_only(tiago_pro_head_controller_configuration)
[3.301s] Level 1:colcon.colcon_core.environment:checking '/opt/erc_ws/install/tiago_pro_head_controller_configuration' for CMake module files
[3.302s] Level 1:colcon.colcon_core.environment:checking '/opt/erc_ws/install/tiago_pro_head_controller_configuration' for CMake config files
[3.303s] Level 1:colcon.colcon_core.shell:create_environment_hook('tiago_pro_head_controller_configuration', 'cmake_prefix_path')
[3.303s] INFO:colcon.colcon_core.shell:Creating environment hook '/opt/erc_ws/install/tiago_pro_head_controller_configuration/share/tiago_pro_head_controller_configuration/hook/cmake_prefix_path.ps1'
[3.304s] INFO:colcon.colcon_core.shell:Creating environment descriptor '/opt/erc_ws/install/tiago_pro_head_controller_configuration/share/tiago_pro_head_controller_configuration/hook/cmake_prefix_path.dsv'
[3.304s] INFO:colcon.colcon_core.shell:Creating environment hook '/opt/erc_ws/install/tiago_pro_head_controller_configuration/share/tiago_pro_head_controller_configuration/hook/cmake_prefix_path.sh'
[3.305s] Level 1:colcon.colcon_core.environment:checking '/opt/erc_ws/install/tiago_pro_head_controller_configuration/bin'
[3.305s] Level 1:colcon.colcon_core.environment:checking '/opt/erc_ws/install/tiago_pro_head_controller_configuration/lib/pkgconfig/tiago_pro_head_controller_configuration.pc'
[3.306s] Level 1:colcon.colcon_core.environment:checking '/opt/erc_ws/install/tiago_pro_head_controller_configuration/lib/python3.10/site-packages'
[3.306s] Level 1:colcon.colcon_core.environment:checking '/opt/erc_ws/install/tiago_pro_head_controller_configuration/bin'
[3.306s] INFO:colcon.colcon_core.shell:Creating package script '/opt/erc_ws/install/tiago_pro_head_controller_configuration/share/tiago_pro_head_controller_configuration/package.ps1'
[3.307s] INFO:colcon.colcon_core.shell:Creating package descriptor '/opt/erc_ws/install/tiago_pro_head_controller_configuration/share/tiago_pro_head_controller_configuration/package.dsv'
[3.308s] INFO:colcon.colcon_core.shell:Creating package script '/opt/erc_ws/install/tiago_pro_head_controller_configuration/share/tiago_pro_head_controller_configuration/package.sh'
[3.309s] INFO:colcon.colcon_core.shell:Creating package script '/opt/erc_ws/install/tiago_pro_head_controller_configuration/share/tiago_pro_head_controller_configuration/package.bash'
[3.310s] INFO:colcon.colcon_core.shell:Creating package script '/opt/erc_ws/install/tiago_pro_head_controller_configuration/share/tiago_pro_head_controller_configuration/package.zsh'
[3.311s] Level 1:colcon.colcon_core.environment:create_file_with_runtime_dependencies(/opt/erc_ws/install/tiago_pro_head_controller_configuration/share/colcon-core/packages/tiago_pro_head_controller_configuration)
[3.315s] INFO:colcon.colcon_ros.task.ament_cmake.build:Building ROS package in '/opt/erc_ws/src/tiago_pro_head_robot/tiago_pro_head_description' with build type 'ament_cmake'
[3.316s] INFO:colcon.colcon_cmake.task.cmake.build:Building CMake package in '/opt/erc_ws/src/tiago_pro_head_robot/tiago_pro_head_description'
[3.316s] INFO:colcon.colcon_core.shell:Skip shell extension 'powershell' for command environment: Not usable outside of PowerShell
[3.316s] DEBUG:colcon.colcon_core.shell:Skip shell extension 'dsv' for command environment
[3.320s] DEBUG:colcon.colcon_core.event_handler.log_command:Invoking command in '/opt/erc_ws/build/pal_pro_gripper_bringup': AMENT_PREFIX_PATH=/opt/erc_ws/install/pal_pro_gripper_wrapper:/opt/erc_ws/install/launch_pal:/opt/erc_ws/install/tiago_pro_robot:/opt/erc_ws/install/tiago_pro_head_robot:/opt/erc_ws/install/tiago_pro_bringup:/opt/erc_ws/install/tiago_pro_head_bringup:/opt/erc_ws/install/erc_bringup:/opt/erc_ws/install/tiago_pro_description:/opt/erc_ws/install/tiago_pro_head_description:/opt/erc_ws/install/tiago_pro_controller_configuration:/opt/erc_ws/install/tiago_pro_head_controller_configuration:/opt/erc_ws/install/sensors:/opt/erc_ws/install/pal_sea_arm:/opt/erc_ws/install/pal_sea_arm_bringup:/opt/erc_ws/install/pal_sea_arm_description:/opt/erc_ws/install/pal_pro_gripper_simulation:/opt/erc_ws/install/pal_pro_gripper_bringup:/opt/erc_ws/install/pal_pro_gripper:/opt/erc_ws/install/pal_pro_gripper_description:/opt/erc_ws/install/pal_gripper_simulation:/opt/erc_ws/install/pal_gripper:/opt/erc_ws/install/pal_gripper_description:/opt/erc_ws/install/omni_base_robot:/opt/erc_ws/install/omni_base_bringup:/opt/erc_ws/install/omni_base_description:/opt/erc_ws/install/pal_urdf_utils:/opt/erc_ws/install/pal_sea_arm_controller_configuration:/opt/erc_ws/install/pal_pro_gripper_controller_configuration:/opt/erc_ws/install/pal_gripper_controller_configuration:/opt/erc_ws/install/omni_base_controller_configuration:/opt/erc_ws/install/gz_ros2_control:/opt/erc_ws/install/erc_solution:/opt/erc_ws/install/erc_description:/opt/ros/humble CMAKE_PREFIX_PATH=/opt/erc_ws/install/pal_pro_gripper_description:/opt/erc_ws/install/pal_pro_gripper_controller_configuration:/opt/erc_ws/install/pal_urdf_utils:/opt/erc_ws/install/tiago_pro_robot:/opt/erc_ws/install/tiago_pro_head_robot:/opt/erc_ws/install/tiago_pro_bringup:/opt/erc_ws/install/tiago_pro_head_bringup:/opt/erc_ws/install/erc_bringup:/opt/erc_ws/install/tiago_pro_description:/opt/erc_ws/install/tiago_pro_head_description:/opt/erc_ws/install/tiago_pro_controller_configuration:/opt/erc_ws/install/tiago_pro_head_controller_configuration:/opt/erc_ws/install/pal_sea_arm:/opt/erc_ws/install/pal_sea_arm_bringup:/opt/erc_ws/install/pal_sea_arm_description:/opt/erc_ws/install/pal_pro_gripper_simulation:/opt/erc_ws/install/pal_pro_gripper_bringup:/opt/erc_ws/install/pal_pro_gripper:/opt/erc_ws/install/pal_gripper_simulation:/opt/erc_ws/install/pal_gripper:/opt/erc_ws/install/pal_gripper_description:/opt/erc_ws/install/omni_base_robot:/opt/erc_ws/install/omni_base_bringup:/opt/erc_ws/install/omni_base_description:/opt/erc_ws/install/pal_sea_arm_controller_configuration:/opt/erc_ws/install/pal_gripper_controller_configuration:/opt/erc_ws/install/omni_base_controller_configuration:/opt/erc_ws/install/gz_ros2_control:/opt/erc_ws/install/erc_description:/opt/erc_ws/install/sensors:/opt/erc_ws/install/pal_pro_gripper_wrapper:/opt/erc_ws/install/launch_pal:/opt/erc_ws/install/erc_solution:/opt/ros/humble PYTHONPATH=/opt/erc_ws/build/pal_pro_gripper_wrapper:/opt/erc_ws/install/pal_pro_gripper_wrapper/lib/python3.10/site-packages:/opt/erc_ws/build/launch_pal:/opt/erc_ws/install/launch_pal/lib/python3.10/site-packages:/opt/erc_ws/install/tiago_pro_description/local/lib/python3.10/dist-packages:/opt/erc_ws/install/tiago_pro_head_description/local/lib/python3.10/dist-packages:/opt/erc_ws/build/sensors:/opt/erc_ws/install/sensors/lib/python3.10/site-packages:/opt/erc_ws/install/pal_sea_arm_description/local/lib/python3.10/dist-packages:/opt/erc_ws/install/pal_pro_gripper_description/local/lib/python3.10/dist-packages:/opt/erc_ws/install/omni_base_description/local/lib/python3.10/dist-packages:/opt/erc_ws/build/erc_solution:/opt/erc_ws/install/erc_solution/lib/python3.10/site-packages:/opt/ros/humble/lib/python3.10/site-packages:/opt/ros/humble/local/lib/python3.10/dist-packages /usr/bin/cmake --build /opt/erc_ws/build/pal_pro_gripper_bringup -- -j16 -l16
[3.343s] DEBUG:colcon.colcon_core.event_handler.log_command:Invoking command in '/opt/erc_ws/build/pal_pro_gripper_simulation': AMENT_PREFIX_PATH=/opt/erc_ws/install/pal_pro_gripper_wrapper:/opt/erc_ws/install/launch_pal:/opt/erc_ws/install/tiago_pro_robot:/opt/erc_ws/install/tiago_pro_head_robot:/opt/erc_ws/install/tiago_pro_bringup:/opt/erc_ws/install/tiago_pro_head_bringup:/opt/erc_ws/install/erc_bringup:/opt/erc_ws/install/tiago_pro_description:/opt/erc_ws/install/tiago_pro_head_description:/opt/erc_ws/install/tiago_pro_controller_configuration:/opt/erc_ws/install/tiago_pro_head_controller_configuration:/opt/erc_ws/install/sensors:/opt/erc_ws/install/pal_sea_arm:/opt/erc_ws/install/pal_sea_arm_bringup:/opt/erc_ws/install/pal_sea_arm_description:/opt/erc_ws/install/pal_pro_gripper_simulation:/opt/erc_ws/install/pal_pro_gripper_bringup:/opt/erc_ws/install/pal_pro_gripper:/opt/erc_ws/install/pal_pro_gripper_description:/opt/erc_ws/install/pal_gripper_simulation:/opt/erc_ws/install/pal_gripper:/opt/erc_ws/install/pal_gripper_description:/opt/erc_ws/install/omni_base_robot:/opt/erc_ws/install/omni_base_bringup:/opt/erc_ws/install/omni_base_description:/opt/erc_ws/install/pal_urdf_utils:/opt/erc_ws/install/pal_sea_arm_controller_configuration:/opt/erc_ws/install/pal_pro_gripper_controller_configuration:/opt/erc_ws/install/pal_gripper_controller_configuration:/opt/erc_ws/install/omni_base_controller_configuration:/opt/erc_ws/install/gz_ros2_control:/opt/erc_ws/install/erc_solution:/opt/erc_ws/install/erc_description:/opt/ros/humble CMAKE_PREFIX_PATH=/opt/erc_ws/install/pal_pro_gripper_description:/opt/erc_ws/install/pal_pro_gripper_controller_configuration:/opt/erc_ws/install/pal_urdf_utils:/opt/erc_ws/install/tiago_pro_robot:/opt/erc_ws/install/tiago_pro_head_robot:/opt/erc_ws/install/tiago_pro_bringup:/opt/erc_ws/install/tiago_pro_head_bringup:/opt/erc_ws/install/erc_bringup:/opt/erc_ws/install/tiago_pro_description:/opt/erc_ws/install/tiago_pro_head_description:/opt/erc_ws/install/tiago_pro_controller_configuration:/opt/erc_ws/install/tiago_pro_head_controller_configuration:/opt/erc_ws/install/pal_sea_arm:/opt/erc_ws/install/pal_sea_arm_bringup:/opt/erc_ws/install/pal_sea_arm_description:/opt/erc_ws/install/pal_pro_gripper_simulation:/opt/erc_ws/install/pal_pro_gripper_bringup:/opt/erc_ws/install/pal_pro_gripper:/opt/erc_ws/install/pal_gripper_simulation:/opt/erc_ws/install/pal_gripper:/opt/erc_ws/install/pal_gripper_description:/opt/erc_ws/install/omni_base_robot:/opt/erc_ws/install/omni_base_bringup:/opt/erc_ws/install/omni_base_description:/opt/erc_ws/install/pal_sea_arm_controller_configuration:/opt/erc_ws/install/pal_gripper_controller_configuration:/opt/erc_ws/install/omni_base_controller_configuration:/opt/erc_ws/install/gz_ros2_control:/opt/erc_ws/install/erc_description:/opt/erc_ws/install/sensors:/opt/erc_ws/install/pal_pro_gripper_wrapper:/opt/erc_ws/install/launch_pal:/opt/erc_ws/install/erc_solution:/opt/ros/humble PYTHONPATH=/opt/erc_ws/build/pal_pro_gripper_wrapper:/opt/erc_ws/install/pal_pro_gripper_wrapper/lib/python3.10/site-packages:/opt/erc_ws/build/launch_pal:/opt/erc_ws/install/launch_pal/lib/python3.10/site-packages:/opt/erc_ws/install/tiago_pro_description/local/lib/python3.10/dist-packages:/opt/erc_ws/install/tiago_pro_head_description/local/lib/python3.10/dist-packages:/opt/erc_ws/build/sensors:/opt/erc_ws/install/sensors/lib/python3.10/site-packages:/opt/erc_ws/install/pal_sea_arm_description/local/lib/python3.10/dist-packages:/opt/erc_ws/install/pal_pro_gripper_description/local/lib/python3.10/dist-packages:/opt/erc_ws/install/omni_base_description/local/lib/python3.10/dist-packages:/opt/erc_ws/build/erc_solution:/opt/erc_ws/install/erc_solution/lib/python3.10/site-packages:/opt/ros/humble/lib/python3.10/site-packages:/opt/ros/humble/local/lib/python3.10/dist-packages /usr/bin/cmake --build /opt/erc_ws/build/pal_pro_gripper_simulation -- -j16 -l16
[3.352s] DEBUG:colcon.colcon_core.event_handler.log_command:Invoking command in '/opt/erc_ws/build/tiago_pro_head_description': AMENT_PREFIX_PATH=/opt/erc_ws/install/launch_pal:/opt/erc_ws/install/tiago_pro_robot:/opt/erc_ws/install/tiago_pro_head_robot:/opt/erc_ws/install/tiago_pro_bringup:/opt/erc_ws/install/tiago_pro_head_bringup:/opt/erc_ws/install/erc_bringup:/opt/erc_ws/install/tiago_pro_description:/opt/erc_ws/install/tiago_pro_head_description:/opt/erc_ws/install/tiago_pro_controller_configuration:/opt/erc_ws/install/tiago_pro_head_controller_configuration:/opt/erc_ws/install/sensors:/opt/erc_ws/install/pal_sea_arm:/opt/erc_ws/install/pal_sea_arm_bringup:/opt/erc_ws/install/pal_sea_arm_description:/opt/erc_ws/install/pal_pro_gripper_simulation:/opt/erc_ws/install/pal_pro_gripper_bringup:/opt/erc_ws/install/pal_pro_gripper:/opt/erc_ws/install/pal_pro_gripper_description:/opt/erc_ws/install/pal_gripper_simulation:/opt/erc_ws/install/pal_gripper:/opt/erc_ws/install/pal_gripper_description:/opt/erc_ws/install/omni_base_robot:/opt/erc_ws/install/omni_base_bringup:/opt/erc_ws/install/omni_base_description:/opt/erc_ws/install/pal_urdf_utils:/opt/erc_ws/install/pal_sea_arm_controller_configuration:/opt/erc_ws/install/pal_pro_gripper_controller_configuration:/opt/erc_ws/install/pal_pro_gripper_wrapper:/opt/erc_ws/install/pal_gripper_controller_configuration:/opt/erc_ws/install/omni_base_controller_configuration:/opt/erc_ws/install/gz_ros2_control:/opt/erc_ws/install/erc_solution:/opt/erc_ws/install/erc_description:/opt/ros/humble CMAKE_PREFIX_PATH=/opt/erc_ws/install/tiago_pro_head_controller_configuration:/opt/erc_ws/install/pal_urdf_utils:/opt/erc_ws/install/tiago_pro_robot:/opt/erc_ws/install/tiago_pro_head_robot:/opt/erc_ws/install/tiago_pro_bringup:/opt/erc_ws/install/tiago_pro_head_bringup:/opt/erc_ws/install/erc_bringup:/opt/erc_ws/install/tiago_pro_description:/opt/erc_ws/install/tiago_pro_head_description:/opt/erc_ws/install/tiago_pro_controller_configuration:/opt/erc_ws/install/pal_sea_arm:/opt/erc_ws/install/pal_sea_arm_bringup:/opt/erc_ws/install/pal_sea_arm_description:/opt/erc_ws/install/pal_pro_gripper_simulation:/opt/erc_ws/install/pal_pro_gripper_bringup:/opt/erc_ws/install/pal_pro_gripper:/opt/erc_ws/install/pal_pro_gripper_description:/opt/erc_ws/install/pal_gripper_simulation:/opt/erc_ws/install/pal_gripper:/opt/erc_ws/install/pal_gripper_description:/opt/erc_ws/install/omni_base_robot:/opt/erc_ws/install/omni_base_bringup:/opt/erc_ws/install/omni_base_description:/opt/erc_ws/install/pal_sea_arm_controller_configuration:/opt/erc_ws/install/pal_pro_gripper_controller_configuration:/opt/erc_ws/install/pal_gripper_controller_configuration:/opt/erc_ws/install/omni_base_controller_configuration:/opt/erc_ws/install/gz_ros2_control:/opt/erc_ws/install/erc_description:/opt/erc_ws/install/sensors:/opt/erc_ws/install/pal_pro_gripper_wrapper:/opt/erc_ws/install/launch_pal:/opt/erc_ws/install/erc_solution:/opt/ros/humble PYTHONPATH=/opt/erc_ws/build/launch_pal:/opt/erc_ws/install/launch_pal/lib/python3.10/site-packages:/opt/erc_ws/install/tiago_pro_description/local/lib/python3.10/dist-packages:/opt/erc_ws/install/tiago_pro_head_description/local/lib/python3.10/dist-packages:/opt/erc_ws/build/sensors:/opt/erc_ws/install/sensors/lib/python3.10/site-packages:/opt/erc_ws/install/pal_sea_arm_description/local/lib/python3.10/dist-packages:/opt/erc_ws/install/pal_pro_gripper_description/local/lib/python3.10/dist-packages:/opt/erc_ws/install/omni_base_description/local/lib/python3.10/dist-packages:/opt/erc_ws/build/pal_pro_gripper_wrapper:/opt/erc_ws/install/pal_pro_gripper_wrapper/lib/python3.10/site-packages:/opt/erc_ws/build/erc_solution:/opt/erc_ws/install/erc_solution/lib/python3.10/site-packages:/opt/ros/humble/lib/python3.10/site-packages:/opt/ros/humble/local/lib/python3.10/dist-packages /usr/bin/cmake --build /opt/erc_ws/build/tiago_pro_head_description -- -j16 -l16
[3.352s] DEBUG:colcon.colcon_core.event_handler.log_command:Invoked command in '/opt/erc_ws/build/pal_sea_arm_controller_configuration' returned '0': AMENT_PREFIX_PATH=/opt/erc_ws/install/pal_pro_gripper_wrapper:/opt/erc_ws/install/launch_pal:/opt/erc_ws/install/tiago_pro_robot:/opt/erc_ws/install/tiago_pro_head_robot:/opt/erc_ws/install/tiago_pro_bringup:/opt/erc_ws/install/tiago_pro_head_bringup:/opt/erc_ws/install/erc_bringup:/opt/erc_ws/install/tiago_pro_description:/opt/erc_ws/install/tiago_pro_head_description:/opt/erc_ws/install/tiago_pro_controller_configuration:/opt/erc_ws/install/tiago_pro_head_controller_configuration:/opt/erc_ws/install/sensors:/opt/erc_ws/install/pal_sea_arm:/opt/erc_ws/install/pal_sea_arm_bringup:/opt/erc_ws/install/pal_sea_arm_description:/opt/erc_ws/install/pal_pro_gripper_simulation:/opt/erc_ws/install/pal_pro_gripper_bringup:/opt/erc_ws/install/pal_pro_gripper:/opt/erc_ws/install/pal_pro_gripper_description:/opt/erc_ws/install/pal_gripper_simulation:/opt/erc_ws/install/pal_gripper:/opt/erc_ws/install/pal_gripper_description:/opt/erc_ws/install/omni_base_robot:/opt/erc_ws/install/omni_base_bringup:/opt/erc_ws/install/omni_base_description:/opt/erc_ws/install/pal_urdf_utils:/opt/erc_ws/install/pal_sea_arm_controller_configuration:/opt/erc_ws/install/pal_pro_gripper_controller_configuration:/opt/erc_ws/install/pal_gripper_controller_configuration:/opt/erc_ws/install/omni_base_controller_configuration:/opt/erc_ws/install/gz_ros2_control:/opt/erc_ws/install/erc_solution:/opt/erc_ws/install/erc_description:/opt/ros/humble CMAKE_PREFIX_PATH=/opt/erc_ws/install/pal_pro_gripper_controller_configuration:/opt/erc_ws/install/tiago_pro_robot:/opt/erc_ws/install/tiago_pro_head_robot:/opt/erc_ws/install/tiago_pro_bringup:/opt/erc_ws/install/tiago_pro_head_bringup:/opt/erc_ws/install/erc_bringup:/opt/erc_ws/install/tiago_pro_description:/opt/erc_ws/install/tiago_pro_head_description:/opt/erc_ws/install/tiago_pro_controller_configuration:/opt/erc_ws/install/tiago_pro_head_controller_configuration:/opt/erc_ws/install/pal_sea_arm:/opt/erc_ws/install/pal_sea_arm_bringup:/opt/erc_ws/install/pal_sea_arm_description:/opt/erc_ws/install/pal_pro_gripper_simulation:/opt/erc_ws/install/pal_pro_gripper_bringup:/opt/erc_ws/install/pal_pro_gripper:/opt/erc_ws/install/pal_pro_gripper_description:/opt/erc_ws/install/pal_gripper_simulation:/opt/erc_ws/install/pal_gripper:/opt/erc_ws/install/pal_gripper_description:/opt/erc_ws/install/omni_base_robot:/opt/erc_ws/install/omni_base_bringup:/opt/erc_ws/install/omni_base_description:/opt/erc_ws/install/pal_urdf_utils:/opt/erc_ws/install/pal_sea_arm_controller_configuration:/opt/erc_ws/install/pal_gripper_controller_configuration:/opt/erc_ws/install/omni_base_controller_configuration:/opt/erc_ws/install/gz_ros2_control:/opt/erc_ws/install/erc_description:/opt/erc_ws/install/sensors:/opt/erc_ws/install/pal_pro_gripper_wrapper:/opt/erc_ws/install/launch_pal:/opt/erc_ws/install/erc_solution:/opt/ros/humble PYTHONPATH=/opt/erc_ws/build/pal_pro_gripper_wrapper:/opt/erc_ws/install/pal_pro_gripper_wrapper/lib/python3.10/site-packages:/opt/erc_ws/build/launch_pal:/opt/erc_ws/install/launch_pal/lib/python3.10/site-packages:/opt/erc_ws/install/tiago_pro_description/local/lib/python3.10/dist-packages:/opt/erc_ws/install/tiago_pro_head_description/local/lib/python3.10/dist-packages:/opt/erc_ws/build/sensors:/opt/erc_ws/install/sensors/lib/python3.10/site-packages:/opt/erc_ws/install/pal_sea_arm_description/local/lib/python3.10/dist-packages:/opt/erc_ws/install/pal_pro_gripper_description/local/lib/python3.10/dist-packages:/opt/erc_ws/install/omni_base_description/local/lib/python3.10/dist-packages:/opt/erc_ws/build/erc_solution:/opt/erc_ws/install/erc_solution/lib/python3.10/site-packages:/opt/ros/humble/lib/python3.10/site-packages:/opt/ros/humble/local/lib/python3.10/dist-packages /usr/bin/cmake --build /opt/erc_ws/build/pal_sea_arm_controller_configuration -- -j16 -l16
[3.354s] DEBUG:colcon.colcon_core.event_handler.log_command:Invoking command in '/opt/erc_ws/build/pal_sea_arm_controller_configuration': AMENT_PREFIX_PATH=/opt/erc_ws/install/pal_pro_gripper_wrapper:/opt/erc_ws/install/launch_pal:/opt/erc_ws/install/tiago_pro_robot:/opt/erc_ws/install/tiago_pro_head_robot:/opt/erc_ws/install/tiago_pro_bringup:/opt/erc_ws/install/tiago_pro_head_bringup:/opt/erc_ws/install/erc_bringup:/opt/erc_ws/install/tiago_pro_description:/opt/erc_ws/install/tiago_pro_head_description:/opt/erc_ws/install/tiago_pro_controller_configuration:/opt/erc_ws/install/tiago_pro_head_controller_configuration:/opt/erc_ws/install/sensors:/opt/erc_ws/install/pal_sea_arm:/opt/erc_ws/install/pal_sea_arm_bringup:/opt/erc_ws/install/pal_sea_arm_description:/opt/erc_ws/install/pal_pro_gripper_simulation:/opt/erc_ws/install/pal_pro_gripper_bringup:/opt/erc_ws/install/pal_pro_gripper:/opt/erc_ws/install/pal_pro_gripper_description:/opt/erc_ws/install/pal_gripper_simulation:/opt/erc_ws/install/pal_gripper:/opt/erc_ws/install/pal_gripper_description:/opt/erc_ws/install/omni_base_robot:/opt/erc_ws/install/omni_base_bringup:/opt/erc_ws/install/omni_base_description:/opt/erc_ws/install/pal_urdf_utils:/opt/erc_ws/install/pal_sea_arm_controller_configuration:/opt/erc_ws/install/pal_pro_gripper_controller_configuration:/opt/erc_ws/install/pal_gripper_controller_configuration:/opt/erc_ws/install/omni_base_controller_configuration:/opt/erc_ws/install/gz_ros2_control:/opt/erc_ws/install/erc_solution:/opt/erc_ws/install/erc_description:/opt/ros/humble CMAKE_PREFIX_PATH=/opt/erc_ws/install/pal_pro_gripper_controller_configuration:/opt/erc_ws/install/tiago_pro_robot:/opt/erc_ws/install/tiago_pro_head_robot:/opt/erc_ws/install/tiago_pro_bringup:/opt/erc_ws/install/tiago_pro_head_bringup:/opt/erc_ws/install/erc_bringup:/opt/erc_ws/install/tiago_pro_description:/opt/erc_ws/install/tiago_pro_head_description:/opt/erc_ws/install/tiago_pro_controller_configuration:/opt/erc_ws/install/tiago_pro_head_controller_configuration:/opt/erc_ws/install/pal_sea_arm:/opt/erc_ws/install/pal_sea_arm_bringup:/opt/erc_ws/install/pal_sea_arm_description:/opt/erc_ws/install/pal_pro_gripper_simulation:/opt/erc_ws/install/pal_pro_gripper_bringup:/opt/erc_ws/install/pal_pro_gripper:/opt/erc_ws/install/pal_pro_gripper_description:/opt/erc_ws/install/pal_gripper_simulation:/opt/erc_ws/install/pal_gripper:/opt/erc_ws/install/pal_gripper_description:/opt/erc_ws/install/omni_base_robot:/opt/erc_ws/install/omni_base_bringup:/opt/erc_ws/install/omni_base_description:/opt/erc_ws/install/pal_urdf_utils:/opt/erc_ws/install/pal_sea_arm_controller_configuration:/opt/erc_ws/install/pal_gripper_controller_configuration:/opt/erc_ws/install/omni_base_controller_configuration:/opt/erc_ws/install/gz_ros2_control:/opt/erc_ws/install/erc_description:/opt/erc_ws/install/sensors:/opt/erc_ws/install/pal_pro_gripper_wrapper:/opt/erc_ws/install/launch_pal:/opt/erc_ws/install/erc_solution:/opt/ros/humble PYTHONPATH=/opt/erc_ws/build/pal_pro_gripper_wrapper:/opt/erc_ws/install/pal_pro_gripper_wrapper/lib/python3.10/site-packages:/opt/erc_ws/build/launch_pal:/opt/erc_ws/install/launch_pal/lib/python3.10/site-packages:/opt/erc_ws/install/tiago_pro_description/local/lib/python3.10/dist-packages:/opt/erc_ws/install/tiago_pro_head_description/local/lib/python3.10/dist-packages:/opt/erc_ws/build/sensors:/opt/erc_ws/install/sensors/lib/python3.10/site-packages:/opt/erc_ws/install/pal_sea_arm_description/local/lib/python3.10/dist-packages:/opt/erc_ws/install/pal_pro_gripper_description/local/lib/python3.10/dist-packages:/opt/erc_ws/install/omni_base_description/local/lib/python3.10/dist-packages:/opt/erc_ws/build/erc_solution:/opt/erc_ws/install/erc_solution/lib/python3.10/site-packages:/opt/ros/humble/lib/python3.10/site-packages:/opt/ros/humble/local/lib/python3.10/dist-packages /usr/bin/cmake --install /opt/erc_ws/build/pal_sea_arm_controller_configuration
[3.356s] DEBUG:colcon.colcon_core.event_handler.log_command:Invoked command in '/opt/erc_ws/build/pal_pro_gripper' returned '0': AMENT_PREFIX_PATH=/opt/erc_ws/install/pal_pro_gripper_wrapper:/opt/erc_ws/install/launch_pal:/opt/erc_ws/install/tiago_pro_robot:/opt/erc_ws/install/tiago_pro_head_robot:/opt/erc_ws/install/tiago_pro_bringup:/opt/erc_ws/install/tiago_pro_head_bringup:/opt/erc_ws/install/erc_bringup:/opt/erc_ws/install/tiago_pro_description:/opt/erc_ws/install/tiago_pro_head_description:/opt/erc_ws/install/tiago_pro_controller_configuration:/opt/erc_ws/install/tiago_pro_head_controller_configuration:/opt/erc_ws/install/sensors:/opt/erc_ws/install/pal_sea_arm:/opt/erc_ws/install/pal_sea_arm_bringup:/opt/erc_ws/install/pal_sea_arm_description:/opt/erc_ws/install/pal_pro_gripper_simulation:/opt/erc_ws/install/pal_pro_gripper_bringup:/opt/erc_ws/install/pal_pro_gripper:/opt/erc_ws/install/pal_pro_gripper_description:/opt/erc_ws/install/pal_gripper_simulation:/opt/erc_ws/install/pal_gripper:/opt/erc_ws/install/pal_gripper_description:/opt/erc_ws/install/omni_base_robot:/opt/erc_ws/install/omni_base_bringup:/opt/erc_ws/install/omni_base_description:/opt/erc_ws/install/pal_urdf_utils:/opt/erc_ws/install/pal_sea_arm_controller_configuration:/opt/erc_ws/install/pal_pro_gripper_controller_configuration:/opt/erc_ws/install/pal_gripper_controller_configuration:/opt/erc_ws/install/omni_base_controller_configuration:/opt/erc_ws/install/gz_ros2_control:/opt/erc_ws/install/erc_solution:/opt/erc_ws/install/erc_description:/opt/ros/humble CMAKE_PREFIX_PATH=/opt/erc_ws/install/pal_pro_gripper_description:/opt/erc_ws/install/pal_pro_gripper_controller_configuration:/opt/erc_ws/install/pal_urdf_utils:/opt/erc_ws/install/tiago_pro_robot:/opt/erc_ws/install/tiago_pro_head_robot:/opt/erc_ws/install/tiago_pro_bringup:/opt/erc_ws/install/tiago_pro_head_bringup:/opt/erc_ws/install/erc_bringup:/opt/erc_ws/install/tiago_pro_description:/opt/erc_ws/install/tiago_pro_head_description:/opt/erc_ws/install/tiago_pro_controller_configuration:/opt/erc_ws/install/tiago_pro_head_controller_configuration:/opt/erc_ws/install/pal_sea_arm:/opt/erc_ws/install/pal_sea_arm_bringup:/opt/erc_ws/install/pal_sea_arm_description:/opt/erc_ws/install/pal_pro_gripper_simulation:/opt/erc_ws/install/pal_pro_gripper_bringup:/opt/erc_ws/install/pal_pro_gripper:/opt/erc_ws/install/pal_gripper_simulation:/opt/erc_ws/install/pal_gripper:/opt/erc_ws/install/pal_gripper_description:/opt/erc_ws/install/omni_base_robot:/opt/erc_ws/install/omni_base_bringup:/opt/erc_ws/install/omni_base_description:/opt/erc_ws/install/pal_sea_arm_controller_configuration:/opt/erc_ws/install/pal_gripper_controller_configuration:/opt/erc_ws/install/omni_base_controller_configuration:/opt/erc_ws/install/gz_ros2_control:/opt/erc_ws/install/erc_description:/opt/erc_ws/install/sensors:/opt/erc_ws/install/pal_pro_gripper_wrapper:/opt/erc_ws/install/launch_pal:/opt/erc_ws/install/erc_solution:/opt/ros/humble PYTHONPATH=/opt/erc_ws/build/pal_pro_gripper_wrapper:/opt/erc_ws/install/pal_pro_gripper_wrapper/lib/python3.10/site-packages:/opt/erc_ws/build/launch_pal:/opt/erc_ws/install/launch_pal/lib/python3.10/site-packages:/opt/erc_ws/install/tiago_pro_description/local/lib/python3.10/dist-packages:/opt/erc_ws/install/tiago_pro_head_description/local/lib/python3.10/dist-packages:/opt/erc_ws/build/sensors:/opt/erc_ws/install/sensors/lib/python3.10/site-packages:/opt/erc_ws/install/pal_sea_arm_description/local/lib/python3.10/dist-packages:/opt/erc_ws/install/pal_pro_gripper_description/local/lib/python3.10/dist-packages:/opt/erc_ws/install/omni_base_description/local/lib/python3.10/dist-packages:/opt/erc_ws/build/erc_solution:/opt/erc_ws/install/erc_solution/lib/python3.10/site-packages:/opt/ros/humble/lib/python3.10/site-packages:/opt/ros/humble/local/lib/python3.10/dist-packages /usr/bin/cmake --build /opt/erc_ws/build/pal_pro_gripper -- -j16 -l16
[3.357s] DEBUG:colcon.colcon_core.event_handler.log_command:Invoking command in '/opt/erc_ws/build/pal_pro_gripper': AMENT_PREFIX_PATH=/opt/erc_ws/install/pal_pro_gripper_wrapper:/opt/erc_ws/install/launch_pal:/opt/erc_ws/install/tiago_pro_robot:/opt/erc_ws/install/tiago_pro_head_robot:/opt/erc_ws/install/tiago_pro_bringup:/opt/erc_ws/install/tiago_pro_head_bringup:/opt/erc_ws/install/erc_bringup:/opt/erc_ws/install/tiago_pro_description:/opt/erc_ws/install/tiago_pro_head_description:/opt/erc_ws/install/tiago_pro_controller_configuration:/opt/erc_ws/install/tiago_pro_head_controller_configuration:/opt/erc_ws/install/sensors:/opt/erc_ws/install/pal_sea_arm:/opt/erc_ws/install/pal_sea_arm_bringup:/opt/erc_ws/install/pal_sea_arm_description:/opt/erc_ws/install/pal_pro_gripper_simulation:/opt/erc_ws/install/pal_pro_gripper_bringup:/opt/erc_ws/install/pal_pro_gripper:/opt/erc_ws/install/pal_pro_gripper_description:/opt/erc_ws/install/pal_gripper_simulation:/opt/erc_ws/install/pal_gripper:/opt/erc_ws/install/pal_gripper_description:/opt/erc_ws/install/omni_base_robot:/opt/erc_ws/install/omni_base_bringup:/opt/erc_ws/install/omni_base_description:/opt/erc_ws/install/pal_urdf_utils:/opt/erc_ws/install/pal_sea_arm_controller_configuration:/opt/erc_ws/install/pal_pro_gripper_controller_configuration:/opt/erc_ws/install/pal_gripper_controller_configuration:/opt/erc_ws/install/omni_base_controller_configuration:/opt/erc_ws/install/gz_ros2_control:/opt/erc_ws/install/erc_solution:/opt/erc_ws/install/erc_description:/opt/ros/humble CMAKE_PREFIX_PATH=/opt/erc_ws/install/pal_pro_gripper_description:/opt/erc_ws/install/pal_pro_gripper_controller_configuration:/opt/erc_ws/install/pal_urdf_utils:/opt/erc_ws/install/tiago_pro_robot:/opt/erc_ws/install/tiago_pro_head_robot:/opt/erc_ws/install/tiago_pro_bringup:/opt/erc_ws/install/tiago_pro_head_bringup:/opt/erc_ws/install/erc_bringup:/opt/erc_ws/install/tiago_pro_description:/opt/erc_ws/install/tiago_pro_head_description:/opt/erc_ws/install/tiago_pro_controller_configuration:/opt/erc_ws/install/tiago_pro_head_controller_configuration:/opt/erc_ws/install/pal_sea_arm:/opt/erc_ws/install/pal_sea_arm_bringup:/opt/erc_ws/install/pal_sea_arm_description:/opt/erc_ws/install/pal_pro_gripper_simulation:/opt/erc_ws/install/pal_pro_gripper_bringup:/opt/erc_ws/install/pal_pro_gripper:/opt/erc_ws/install/pal_gripper_simulation:/opt/erc_ws/install/pal_gripper:/opt/erc_ws/install/pal_gripper_description:/opt/erc_ws/install/omni_base_robot:/opt/erc_ws/install/omni_base_bringup:/opt/erc_ws/install/omni_base_description:/opt/erc_ws/install/pal_sea_arm_controller_configuration:/opt/erc_ws/install/pal_gripper_controller_configuration:/opt/erc_ws/install/omni_base_controller_configuration:/opt/erc_ws/install/gz_ros2_control:/opt/erc_ws/install/erc_description:/opt/erc_ws/install/sensors:/opt/erc_ws/install/pal_pro_gripper_wrapper:/opt/erc_ws/install/launch_pal:/opt/erc_ws/install/erc_solution:/opt/ros/humble PYTHONPATH=/opt/erc_ws/build/pal_pro_gripper_wrapper:/opt/erc_ws/install/pal_pro_gripper_wrapper/lib/python3.10/site-packages:/opt/erc_ws/build/launch_pal:/opt/erc_ws/install/launch_pal/lib/python3.10/site-packages:/opt/erc_ws/install/tiago_pro_description/local/lib/python3.10/dist-packages:/opt/erc_ws/install/tiago_pro_head_description/local/lib/python3.10/dist-packages:/opt/erc_ws/build/sensors:/opt/erc_ws/install/sensors/lib/python3.10/site-packages:/opt/erc_ws/install/pal_sea_arm_description/local/lib/python3.10/dist-packages:/opt/erc_ws/install/pal_pro_gripper_description/local/lib/python3.10/dist-packages:/opt/erc_ws/install/omni_base_description/local/lib/python3.10/dist-packages:/opt/erc_ws/build/erc_solution:/opt/erc_ws/install/erc_solution/lib/python3.10/site-packages:/opt/ros/humble/lib/python3.10/site-packages:/opt/ros/humble/local/lib/python3.10/dist-packages /usr/bin/cmake --install /opt/erc_ws/build/pal_pro_gripper
[3.361s] DEBUG:colcon.colcon_core.event_handler.log_command:Invoked command in '/opt/erc_ws/build/pal_pro_gripper_bringup' returned '0': AMENT_PREFIX_PATH=/opt/erc_ws/install/pal_pro_gripper_wrapper:/opt/erc_ws/install/launch_pal:/opt/erc_ws/install/tiago_pro_robot:/opt/erc_ws/install/tiago_pro_head_robot:/opt/erc_ws/install/tiago_pro_bringup:/opt/erc_ws/install/tiago_pro_head_bringup:/opt/erc_ws/install/erc_bringup:/opt/erc_ws/install/tiago_pro_description:/opt/erc_ws/install/tiago_pro_head_description:/opt/erc_ws/install/tiago_pro_controller_configuration:/opt/erc_ws/install/tiago_pro_head_controller_configuration:/opt/erc_ws/install/sensors:/opt/erc_ws/install/pal_sea_arm:/opt/erc_ws/install/pal_sea_arm_bringup:/opt/erc_ws/install/pal_sea_arm_description:/opt/erc_ws/install/pal_pro_gripper_simulation:/opt/erc_ws/install/pal_pro_gripper_bringup:/opt/erc_ws/install/pal_pro_gripper:/opt/erc_ws/install/pal_pro_gripper_description:/opt/erc_ws/install/pal_gripper_simulation:/opt/erc_ws/install/pal_gripper:/opt/erc_ws/install/pal_gripper_description:/opt/erc_ws/install/omni_base_robot:/opt/erc_ws/install/omni_base_bringup:/opt/erc_ws/install/omni_base_description:/opt/erc_ws/install/pal_urdf_utils:/opt/erc_ws/install/pal_sea_arm_controller_configuration:/opt/erc_ws/install/pal_pro_gripper_controller_configuration:/opt/erc_ws/install/pal_gripper_controller_configuration:/opt/erc_ws/install/omni_base_controller_configuration:/opt/erc_ws/install/gz_ros2_control:/opt/erc_ws/install/erc_solution:/opt/erc_ws/install/erc_description:/opt/ros/humble CMAKE_PREFIX_PATH=/opt/erc_ws/install/pal_pro_gripper_description:/opt/erc_ws/install/pal_pro_gripper_controller_configuration:/opt/erc_ws/install/pal_urdf_utils:/opt/erc_ws/install/tiago_pro_robot:/opt/erc_ws/install/tiago_pro_head_robot:/opt/erc_ws/install/tiago_pro_bringup:/opt/erc_ws/install/tiago_pro_head_bringup:/opt/erc_ws/install/erc_bringup:/opt/erc_ws/install/tiago_pro_description:/opt/erc_ws/install/tiago_pro_head_description:/opt/erc_ws/install/tiago_pro_controller_configuration:/opt/erc_ws/install/tiago_pro_head_controller_configuration:/opt/erc_ws/install/pal_sea_arm:/opt/erc_ws/install/pal_sea_arm_bringup:/opt/erc_ws/install/pal_sea_arm_description:/opt/erc_ws/install/pal_pro_gripper_simulation:/opt/erc_ws/install/pal_pro_gripper_bringup:/opt/erc_ws/install/pal_pro_gripper:/opt/erc_ws/install/pal_gripper_simulation:/opt/erc_ws/install/pal_gripper:/opt/erc_ws/install/pal_gripper_description:/opt/erc_ws/install/omni_base_robot:/opt/erc_ws/install/omni_base_bringup:/opt/erc_ws/install/omni_base_description:/opt/erc_ws/install/pal_sea_arm_controller_configuration:/opt/erc_ws/install/pal_gripper_controller_configuration:/opt/erc_ws/install/omni_base_controller_configuration:/opt/erc_ws/install/gz_ros2_control:/opt/erc_ws/install/erc_description:/opt/erc_ws/install/sensors:/opt/erc_ws/install/pal_pro_gripper_wrapper:/opt/erc_ws/install/launch_pal:/opt/erc_ws/install/erc_solution:/opt/ros/humble PYTHONPATH=/opt/erc_ws/build/pal_pro_gripper_wrapper:/opt/erc_ws/install/pal_pro_gripper_wrapper/lib/python3.10/site-packages:/opt/erc_ws/build/launch_pal:/opt/erc_ws/install/launch_pal/lib/python3.10/site-packages:/opt/erc_ws/install/tiago_pro_description/local/lib/python3.10/dist-packages:/opt/erc_ws/install/tiago_pro_head_description/local/lib/python3.10/dist-packages:/opt/erc_ws/build/sensors:/opt/erc_ws/install/sensors/lib/python3.10/site-packages:/opt/erc_ws/install/pal_sea_arm_description/local/lib/python3.10/dist-packages:/opt/erc_ws/install/pal_pro_gripper_description/local/lib/python3.10/dist-packages:/opt/erc_ws/install/omni_base_description/local/lib/python3.10/dist-packages:/opt/erc_ws/build/erc_solution:/opt/erc_ws/install/erc_solution/lib/python3.10/site-packages:/opt/ros/humble/lib/python3.10/site-packages:/opt/ros/humble/local/lib/python3.10/dist-packages /usr/bin/cmake --build /opt/erc_ws/build/pal_pro_gripper_bringup -- -j16 -l16
[3.362s] DEBUG:colcon.colcon_core.event_handler.log_command:Invoking command in '/opt/erc_ws/build/pal_pro_gripper_bringup': AMENT_PREFIX_PATH=/opt/erc_ws/install/pal_pro_gripper_wrapper:/opt/erc_ws/install/launch_pal:/opt/erc_ws/install/tiago_pro_robot:/opt/erc_ws/install/tiago_pro_head_robot:/opt/erc_ws/install/tiago_pro_bringup:/opt/erc_ws/install/tiago_pro_head_bringup:/opt/erc_ws/install/erc_bringup:/opt/erc_ws/install/tiago_pro_description:/opt/erc_ws/install/tiago_pro_head_description:/opt/erc_ws/install/tiago_pro_controller_configuration:/opt/erc_ws/install/tiago_pro_head_controller_configuration:/opt/erc_ws/install/sensors:/opt/erc_ws/install/pal_sea_arm:/opt/erc_ws/install/pal_sea_arm_bringup:/opt/erc_ws/install/pal_sea_arm_description:/opt/erc_ws/install/pal_pro_gripper_simulation:/opt/erc_ws/install/pal_pro_gripper_bringup:/opt/erc_ws/install/pal_pro_gripper:/opt/erc_ws/install/pal_pro_gripper_description:/opt/erc_ws/install/pal_gripper_simulation:/opt/erc_ws/install/pal_gripper:/opt/erc_ws/install/pal_gripper_description:/opt/erc_ws/install/omni_base_robot:/opt/erc_ws/install/omni_base_bringup:/opt/erc_ws/install/omni_base_description:/opt/erc_ws/install/pal_urdf_utils:/opt/erc_ws/install/pal_sea_arm_controller_configuration:/opt/erc_ws/install/pal_pro_gripper_controller_configuration:/opt/erc_ws/install/pal_gripper_controller_configuration:/opt/erc_ws/install/omni_base_controller_configuration:/opt/erc_ws/install/gz_ros2_control:/opt/erc_ws/install/erc_solution:/opt/erc_ws/install/erc_description:/opt/ros/humble CMAKE_PREFIX_PATH=/opt/erc_ws/install/pal_pro_gripper_description:/opt/erc_ws/install/pal_pro_gripper_controller_configuration:/opt/erc_ws/install/pal_urdf_utils:/opt/erc_ws/install/tiago_pro_robot:/opt/erc_ws/install/tiago_pro_head_robot:/opt/erc_ws/install/tiago_pro_bringup:/opt/erc_ws/install/tiago_pro_head_bringup:/opt/erc_ws/install/erc_bringup:/opt/erc_ws/install/tiago_pro_description:/opt/erc_ws/install/tiago_pro_head_description:/opt/erc_ws/install/tiago_pro_controller_configuration:/opt/erc_ws/install/tiago_pro_head_controller_configuration:/opt/erc_ws/install/pal_sea_arm:/opt/erc_ws/install/pal_sea_arm_bringup:/opt/erc_ws/install/pal_sea_arm_description:/opt/erc_ws/install/pal_pro_gripper_simulation:/opt/erc_ws/install/pal_pro_gripper_bringup:/opt/erc_ws/install/pal_pro_gripper:/opt/erc_ws/install/pal_gripper_simulation:/opt/erc_ws/install/pal_gripper:/opt/erc_ws/install/pal_gripper_description:/opt/erc_ws/install/omni_base_robot:/opt/erc_ws/install/omni_base_bringup:/opt/erc_ws/install/omni_base_description:/opt/erc_ws/install/pal_sea_arm_controller_configuration:/opt/erc_ws/install/pal_gripper_controller_configuration:/opt/erc_ws/install/omni_base_controller_configuration:/opt/erc_ws/install/gz_ros2_control:/opt/erc_ws/install/erc_description:/opt/erc_ws/install/sensors:/opt/erc_ws/install/pal_pro_gripper_wrapper:/opt/erc_ws/install/launch_pal:/opt/erc_ws/install/erc_solution:/opt/ros/humble PYTHONPATH=/opt/erc_ws/build/pal_pro_gripper_wrapper:/opt/erc_ws/install/pal_pro_gripper_wrapper/lib/python3.10/site-packages:/opt/erc_ws/build/launch_pal:/opt/erc_ws/install/launch_pal/lib/python3.10/site-packages:/opt/erc_ws/install/tiago_pro_description/local/lib/python3.10/dist-packages:/opt/erc_ws/install/tiago_pro_head_description/local/lib/python3.10/dist-packages:/opt/erc_ws/build/sensors:/opt/erc_ws/install/sensors/lib/python3.10/site-packages:/opt/erc_ws/install/pal_sea_arm_description/local/lib/python3.10/dist-packages:/opt/erc_ws/install/pal_pro_gripper_description/local/lib/python3.10/dist-packages:/opt/erc_ws/install/omni_base_description/local/lib/python3.10/dist-packages:/opt/erc_ws/build/erc_solution:/opt/erc_ws/install/erc_solution/lib/python3.10/site-packages:/opt/ros/humble/lib/python3.10/site-packages:/opt/ros/humble/local/lib/python3.10/dist-packages /usr/bin/cmake --install /opt/erc_ws/build/pal_pro_gripper_bringup
[3.390s] Level 1:colcon.colcon_core.environment:create_environment_scripts_only(pal_pro_gripper)
[3.390s] Level 1:colcon.colcon_core.environment:checking '/opt/erc_ws/install/pal_pro_gripper' for CMake module files
[3.393s] DEBUG:colcon.colcon_core.event_handler.log_command:Invoked command in '/opt/erc_ws/build/pal_pro_gripper_simulation' returned '0': AMENT_PREFIX_PATH=/opt/erc_ws/install/pal_pro_gripper_wrapper:/opt/erc_ws/install/launch_pal:/opt/erc_ws/install/tiago_pro_robot:/opt/erc_ws/install/tiago_pro_head_robot:/opt/erc_ws/install/tiago_pro_bringup:/opt/erc_ws/install/tiago_pro_head_bringup:/opt/erc_ws/install/erc_bringup:/opt/erc_ws/install/tiago_pro_description:/opt/erc_ws/install/tiago_pro_head_description:/opt/erc_ws/install/tiago_pro_controller_configuration:/opt/erc_ws/install/tiago_pro_head_controller_configuration:/opt/erc_ws/install/sensors:/opt/erc_ws/install/pal_sea_arm:/opt/erc_ws/install/pal_sea_arm_bringup:/opt/erc_ws/install/pal_sea_arm_description:/opt/erc_ws/install/pal_pro_gripper_simulation:/opt/erc_ws/install/pal_pro_gripper_bringup:/opt/erc_ws/install/pal_pro_gripper:/opt/erc_ws/install/pal_pro_gripper_description:/opt/erc_ws/install/pal_gripper_simulation:/opt/erc_ws/install/pal_gripper:/opt/erc_ws/install/pal_gripper_description:/opt/erc_ws/install/omni_base_robot:/opt/erc_ws/install/omni_base_bringup:/opt/erc_ws/install/omni_base_description:/opt/erc_ws/install/pal_urdf_utils:/opt/erc_ws/install/pal_sea_arm_controller_configuration:/opt/erc_ws/install/pal_pro_gripper_controller_configuration:/opt/erc_ws/install/pal_gripper_controller_configuration:/opt/erc_ws/install/omni_base_controller_configuration:/opt/erc_ws/install/gz_ros2_control:/opt/erc_ws/install/erc_solution:/opt/erc_ws/install/erc_description:/opt/ros/humble CMAKE_PREFIX_PATH=/opt/erc_ws/install/pal_pro_gripper_description:/opt/erc_ws/install/pal_pro_gripper_controller_configuration:/opt/erc_ws/install/pal_urdf_utils:/opt/erc_ws/install/tiago_pro_robot:/opt/erc_ws/install/tiago_pro_head_robot:/opt/erc_ws/install/tiago_pro_bringup:/opt/erc_ws/install/tiago_pro_head_bringup:/opt/erc_ws/install/erc_bringup:/opt/erc_ws/install/tiago_pro_description:/opt/erc_ws/install/tiago_pro_head_description:/opt/erc_ws/install/tiago_pro_controller_configuration:/opt/erc_ws/install/tiago_pro_head_controller_configuration:/opt/erc_ws/install/pal_sea_arm:/opt/erc_ws/install/pal_sea_arm_bringup:/opt/erc_ws/install/pal_sea_arm_description:/opt/erc_ws/install/pal_pro_gripper_simulation:/opt/erc_ws/install/pal_pro_gripper_bringup:/opt/erc_ws/install/pal_pro_gripper:/opt/erc_ws/install/pal_gripper_simulation:/opt/erc_ws/install/pal_gripper:/opt/erc_ws/install/pal_gripper_description:/opt/erc_ws/install/omni_base_robot:/opt/erc_ws/install/omni_base_bringup:/opt/erc_ws/install/omni_base_description:/opt/erc_ws/install/pal_sea_arm_controller_configuration:/opt/erc_ws/install/pal_gripper_controller_configuration:/opt/erc_ws/install/omni_base_controller_configuration:/opt/erc_ws/install/gz_ros2_control:/opt/erc_ws/install/erc_description:/opt/erc_ws/install/sensors:/opt/erc_ws/install/pal_pro_gripper_wrapper:/opt/erc_ws/install/launch_pal:/opt/erc_ws/install/erc_solution:/opt/ros/humble PYTHONPATH=/opt/erc_ws/build/pal_pro_gripper_wrapper:/opt/erc_ws/install/pal_pro_gripper_wrapper/lib/python3.10/site-packages:/opt/erc_ws/build/launch_pal:/opt/erc_ws/install/launch_pal/lib/python3.10/site-packages:/opt/erc_ws/install/tiago_pro_description/local/lib/python3.10/dist-packages:/opt/erc_ws/install/tiago_pro_head_description/local/lib/python3.10/dist-packages:/opt/erc_ws/build/sensors:/opt/erc_ws/install/sensors/lib/python3.10/site-packages:/opt/erc_ws/install/pal_sea_arm_description/local/lib/python3.10/dist-packages:/opt/erc_ws/install/pal_pro_gripper_description/local/lib/python3.10/dist-packages:/opt/erc_ws/install/omni_base_description/local/lib/python3.10/dist-packages:/opt/erc_ws/build/erc_solution:/opt/erc_ws/install/erc_solution/lib/python3.10/site-packages:/opt/ros/humble/lib/python3.10/site-packages:/opt/ros/humble/local/lib/python3.10/dist-packages /usr/bin/cmake --build /opt/erc_ws/build/pal_pro_gripper_simulation -- -j16 -l16
[3.394s] DEBUG:colcon.colcon_core.event_handler.log_command:Invoking command in '/opt/erc_ws/build/pal_pro_gripper_simulation': AMENT_PREFIX_PATH=/opt/erc_ws/install/pal_pro_gripper_wrapper:/opt/erc_ws/install/launch_pal:/opt/erc_ws/install/tiago_pro_robot:/opt/erc_ws/install/tiago_pro_head_robot:/opt/erc_ws/install/tiago_pro_bringup:/opt/erc_ws/install/tiago_pro_head_bringup:/opt/erc_ws/install/erc_bringup:/opt/erc_ws/install/tiago_pro_description:/opt/erc_ws/install/tiago_pro_head_description:/opt/erc_ws/install/tiago_pro_controller_configuration:/opt/erc_ws/install/tiago_pro_head_controller_configuration:/opt/erc_ws/install/sensors:/opt/erc_ws/install/pal_sea_arm:/opt/erc_ws/install/pal_sea_arm_bringup:/opt/erc_ws/install/pal_sea_arm_description:/opt/erc_ws/install/pal_pro_gripper_simulation:/opt/erc_ws/install/pal_pro_gripper_bringup:/opt/erc_ws/install/pal_pro_gripper:/opt/erc_ws/install/pal_pro_gripper_description:/opt/erc_ws/install/pal_gripper_simulation:/opt/erc_ws/install/pal_gripper:/opt/erc_ws/install/pal_gripper_description:/opt/erc_ws/install/omni_base_robot:/opt/erc_ws/install/omni_base_bringup:/opt/erc_ws/install/omni_base_description:/opt/erc_ws/install/pal_urdf_utils:/opt/erc_ws/install/pal_sea_arm_controller_configuration:/opt/erc_ws/install/pal_pro_gripper_controller_configuration:/opt/erc_ws/install/pal_gripper_controller_configuration:/opt/erc_ws/install/omni_base_controller_configuration:/opt/erc_ws/install/gz_ros2_control:/opt/erc_ws/install/erc_solution:/opt/erc_ws/install/erc_description:/opt/ros/humble CMAKE_PREFIX_PATH=/opt/erc_ws/install/pal_pro_gripper_description:/opt/erc_ws/install/pal_pro_gripper_controller_configuration:/opt/erc_ws/install/pal_urdf_utils:/opt/erc_ws/install/tiago_pro_robot:/opt/erc_ws/install/tiago_pro_head_robot:/opt/erc_ws/install/tiago_pro_bringup:/opt/erc_ws/install/tiago_pro_head_bringup:/opt/erc_ws/install/erc_bringup:/opt/erc_ws/install/tiago_pro_description:/opt/erc_ws/install/tiago_pro_head_description:/opt/erc_ws/install/tiago_pro_controller_configuration:/opt/erc_ws/install/tiago_pro_head_controller_configuration:/opt/erc_ws/install/pal_sea_arm:/opt/erc_ws/install/pal_sea_arm_bringup:/opt/erc_ws/install/pal_sea_arm_description:/opt/erc_ws/install/pal_pro_gripper_simulation:/opt/erc_ws/install/pal_pro_gripper_bringup:/opt/erc_ws/install/pal_pro_gripper:/opt/erc_ws/install/pal_gripper_simulation:/opt/erc_ws/install/pal_gripper:/opt/erc_ws/install/pal_gripper_description:/opt/erc_ws/install/omni_base_robot:/opt/erc_ws/install/omni_base_bringup:/opt/erc_ws/install/omni_base_description:/opt/erc_ws/install/pal_sea_arm_controller_configuration:/opt/erc_ws/install/pal_gripper_controller_configuration:/opt/erc_ws/install/omni_base_controller_configuration:/opt/erc_ws/install/gz_ros2_control:/opt/erc_ws/install/erc_description:/opt/erc_ws/install/sensors:/opt/erc_ws/install/pal_pro_gripper_wrapper:/opt/erc_ws/install/launch_pal:/opt/erc_ws/install/erc_solution:/opt/ros/humble PYTHONPATH=/opt/erc_ws/build/pal_pro_gripper_wrapper:/opt/erc_ws/install/pal_pro_gripper_wrapper/lib/python3.10/site-packages:/opt/erc_ws/build/launch_pal:/opt/erc_ws/install/launch_pal/lib/python3.10/site-packages:/opt/erc_ws/install/tiago_pro_description/local/lib/python3.10/dist-packages:/opt/erc_ws/install/tiago_pro_head_description/local/lib/python3.10/dist-packages:/opt/erc_ws/build/sensors:/opt/erc_ws/install/sensors/lib/python3.10/site-packages:/opt/erc_ws/install/pal_sea_arm_description/local/lib/python3.10/dist-packages:/opt/erc_ws/install/pal_pro_gripper_description/local/lib/python3.10/dist-packages:/opt/erc_ws/install/omni_base_description/local/lib/python3.10/dist-packages:/opt/erc_ws/build/erc_solution:/opt/erc_ws/install/erc_solution/lib/python3.10/site-packages:/opt/ros/humble/lib/python3.10/site-packages:/opt/ros/humble/local/lib/python3.10/dist-packages /usr/bin/cmake --install /opt/erc_ws/build/pal_pro_gripper_simulation
[3.394s] DEBUG:colcon.colcon_core.event_handler.log_command:Invoked command in '/opt/erc_ws/build/pal_pro_gripper' returned '0': AMENT_PREFIX_PATH=/opt/erc_ws/install/pal_pro_gripper_wrapper:/opt/erc_ws/install/launch_pal:/opt/erc_ws/install/tiago_pro_robot:/opt/erc_ws/install/tiago_pro_head_robot:/opt/erc_ws/install/tiago_pro_bringup:/opt/erc_ws/install/tiago_pro_head_bringup:/opt/erc_ws/install/erc_bringup:/opt/erc_ws/install/tiago_pro_description:/opt/erc_ws/install/tiago_pro_head_description:/opt/erc_ws/install/tiago_pro_controller_configuration:/opt/erc_ws/install/tiago_pro_head_controller_configuration:/opt/erc_ws/install/sensors:/opt/erc_ws/install/pal_sea_arm:/opt/erc_ws/install/pal_sea_arm_bringup:/opt/erc_ws/install/pal_sea_arm_description:/opt/erc_ws/install/pal_pro_gripper_simulation:/opt/erc_ws/install/pal_pro_gripper_bringup:/opt/erc_ws/install/pal_pro_gripper:/opt/erc_ws/install/pal_pro_gripper_description:/opt/erc_ws/install/pal_gripper_simulation:/opt/erc_ws/install/pal_gripper:/opt/erc_ws/install/pal_gripper_description:/opt/erc_ws/install/omni_base_robot:/opt/erc_ws/install/omni_base_bringup:/opt/erc_ws/install/omni_base_description:/opt/erc_ws/install/pal_urdf_utils:/opt/erc_ws/install/pal_sea_arm_controller_configuration:/opt/erc_ws/install/pal_pro_gripper_controller_configuration:/opt/erc_ws/install/pal_gripper_controller_configuration:/opt/erc_ws/install/omni_base_controller_configuration:/opt/erc_ws/install/gz_ros2_control:/opt/erc_ws/install/erc_solution:/opt/erc_ws/install/erc_description:/opt/ros/humble CMAKE_PREFIX_PATH=/opt/erc_ws/install/pal_pro_gripper_description:/opt/erc_ws/install/pal_pro_gripper_controller_configuration:/opt/erc_ws/install/pal_urdf_utils:/opt/erc_ws/install/tiago_pro_robot:/opt/erc_ws/install/tiago_pro_head_robot:/opt/erc_ws/install/tiago_pro_bringup:/opt/erc_ws/install/tiago_pro_head_bringup:/opt/erc_ws/install/erc_bringup:/opt/erc_ws/install/tiago_pro_description:/opt/erc_ws/install/tiago_pro_head_description:/opt/erc_ws/install/tiago_pro_controller_configuration:/opt/erc_ws/install/tiago_pro_head_controller_configuration:/opt/erc_ws/install/pal_sea_arm:/opt/erc_ws/install/pal_sea_arm_bringup:/opt/erc_ws/install/pal_sea_arm_description:/opt/erc_ws/install/pal_pro_gripper_simulation:/opt/erc_ws/install/pal_pro_gripper_bringup:/opt/erc_ws/install/pal_pro_gripper:/opt/erc_ws/install/pal_gripper_simulation:/opt/erc_ws/install/pal_gripper:/opt/erc_ws/install/pal_gripper_description:/opt/erc_ws/install/omni_base_robot:/opt/erc_ws/install/omni_base_bringup:/opt/erc_ws/install/omni_base_description:/opt/erc_ws/install/pal_sea_arm_controller_configuration:/opt/erc_ws/install/pal_gripper_controller_configuration:/opt/erc_ws/install/omni_base_controller_configuration:/opt/erc_ws/install/gz_ros2_control:/opt/erc_ws/install/erc_description:/opt/erc_ws/install/sensors:/opt/erc_ws/install/pal_pro_gripper_wrapper:/opt/erc_ws/install/launch_pal:/opt/erc_ws/install/erc_solution:/opt/ros/humble PYTHONPATH=/opt/erc_ws/build/pal_pro_gripper_wrapper:/opt/erc_ws/install/pal_pro_gripper_wrapper/lib/python3.10/site-packages:/opt/erc_ws/build/launch_pal:/opt/erc_ws/install/launch_pal/lib/python3.10/site-packages:/opt/erc_ws/install/tiago_pro_description/local/lib/python3.10/dist-packages:/opt/erc_ws/install/tiago_pro_head_description/local/lib/python3.10/dist-packages:/opt/erc_ws/build/sensors:/opt/erc_ws/install/sensors/lib/python3.10/site-packages:/opt/erc_ws/install/pal_sea_arm_description/local/lib/python3.10/dist-packages:/opt/erc_ws/install/pal_pro_gripper_description/local/lib/python3.10/dist-packages:/opt/erc_ws/install/omni_base_description/local/lib/python3.10/dist-packages:/opt/erc_ws/build/erc_solution:/opt/erc_ws/install/erc_solution/lib/python3.10/site-packages:/opt/ros/humble/lib/python3.10/site-packages:/opt/ros/humble/local/lib/python3.10/dist-packages /usr/bin/cmake --install /opt/erc_ws/build/pal_pro_gripper
[3.396s] Level 1:colcon.colcon_core.environment:checking '/opt/erc_ws/install/pal_pro_gripper' for CMake config files
[3.397s] Level 1:colcon.colcon_core.shell:create_environment_hook('pal_pro_gripper', 'cmake_prefix_path')
[3.397s] INFO:colcon.colcon_core.shell:Creating environment hook '/opt/erc_ws/install/pal_pro_gripper/share/pal_pro_gripper/hook/cmake_prefix_path.ps1'
[3.398s] INFO:colcon.colcon_core.shell:Creating environment descriptor '/opt/erc_ws/install/pal_pro_gripper/share/pal_pro_gripper/hook/cmake_prefix_path.dsv'
[3.398s] INFO:colcon.colcon_core.shell:Creating environment hook '/opt/erc_ws/install/pal_pro_gripper/share/pal_pro_gripper/hook/cmake_prefix_path.sh'
[3.399s] Level 1:colcon.colcon_core.environment:checking '/opt/erc_ws/install/pal_pro_gripper/bin'
[3.399s] Level 1:colcon.colcon_core.environment:checking '/opt/erc_ws/install/pal_pro_gripper/lib/pkgconfig/pal_pro_gripper.pc'
[3.399s] Level 1:colcon.colcon_core.environment:checking '/opt/erc_ws/install/pal_pro_gripper/lib/python3.10/site-packages'
[3.400s] Level 1:colcon.colcon_core.environment:checking '/opt/erc_ws/install/pal_pro_gripper/bin'
[3.400s] INFO:colcon.colcon_core.shell:Creating package script '/opt/erc_ws/install/pal_pro_gripper/share/pal_pro_gripper/package.ps1'
[3.401s] INFO:colcon.colcon_core.shell:Creating package descriptor '/opt/erc_ws/install/pal_pro_gripper/share/pal_pro_gripper/package.dsv'
[3.402s] INFO:colcon.colcon_core.shell:Creating package script '/opt/erc_ws/install/pal_pro_gripper/share/pal_pro_gripper/package.sh'
[3.402s] INFO:colcon.colcon_core.shell:Creating package script '/opt/erc_ws/install/pal_pro_gripper/share/pal_pro_gripper/package.bash'
[3.403s] INFO:colcon.colcon_core.shell:Creating package script '/opt/erc_ws/install/pal_pro_gripper/share/pal_pro_gripper/package.zsh'
[3.403s] Level 1:colcon.colcon_core.environment:create_file_with_runtime_dependencies(/opt/erc_ws/install/pal_pro_gripper/share/colcon-core/packages/pal_pro_gripper)
[3.404s] Level 1:colcon.colcon_core.environment:create_environment_scripts_only(pal_pro_gripper)
[3.404s] Level 1:colcon.colcon_core.environment:checking '/opt/erc_ws/install/pal_pro_gripper' for CMake module files
[3.405s] Level 1:colcon.colcon_core.environment:checking '/opt/erc_ws/install/pal_pro_gripper' for CMake config files
[3.405s] Level 1:colcon.colcon_core.shell:create_environment_hook('pal_pro_gripper', 'cmake_prefix_path')
[3.405s] INFO:colcon.colcon_core.shell:Creating environment hook '/opt/erc_ws/install/pal_pro_gripper/share/pal_pro_gripper/hook/cmake_prefix_path.ps1'
[3.406s] INFO:colcon.colcon_core.shell:Creating environment descriptor '/opt/erc_ws/install/pal_pro_gripper/share/pal_pro_gripper/hook/cmake_prefix_path.dsv'
[3.406s] INFO:colcon.colcon_core.shell:Creating environment hook '/opt/erc_ws/install/pal_pro_gripper/share/pal_pro_gripper/hook/cmake_prefix_path.sh'
[3.407s] Level 1:colcon.colcon_core.environment:checking '/opt/erc_ws/install/pal_pro_gripper/bin'
[3.407s] Level 1:colcon.colcon_core.environment:checking '/opt/erc_ws/install/pal_pro_gripper/lib/pkgconfig/pal_pro_gripper.pc'
[3.407s] Level 1:colcon.colcon_core.environment:checking '/opt/erc_ws/install/pal_pro_gripper/lib/python3.10/site-packages'
[3.408s] Level 1:colcon.colcon_core.environment:checking '/opt/erc_ws/install/pal_pro_gripper/bin'
[3.408s] INFO:colcon.colcon_core.shell:Creating package script '/opt/erc_ws/install/pal_pro_gripper/share/pal_pro_gripper/package.ps1'
[3.409s] INFO:colcon.colcon_core.shell:Creating package descriptor '/opt/erc_ws/install/pal_pro_gripper/share/pal_pro_gripper/package.dsv'
[3.411s] INFO:colcon.colcon_core.shell:Creating package script '/opt/erc_ws/install/pal_pro_gripper/share/pal_pro_gripper/package.sh'
[3.411s] INFO:colcon.colcon_core.shell:Creating package script '/opt/erc_ws/install/pal_pro_gripper/share/pal_pro_gripper/package.bash'
[3.412s] INFO:colcon.colcon_core.shell:Creating package script '/opt/erc_ws/install/pal_pro_gripper/share/pal_pro_gripper/package.zsh'
[3.413s] Level 1:colcon.colcon_core.environment:create_file_with_runtime_dependencies(/opt/erc_ws/install/pal_pro_gripper/share/colcon-core/packages/pal_pro_gripper)
[3.417s] Level 1:colcon.colcon_core.environment:create_environment_scripts_only(pal_sea_arm_controller_configuration)
[3.417s] Level 1:colcon.colcon_core.environment:checking '/opt/erc_ws/install/pal_sea_arm_controller_configuration' for CMake module files
[3.421s] DEBUG:colcon.colcon_core.event_handler.log_command:Invoked command in '/opt/erc_ws/build/pal_sea_arm_controller_configuration' returned '0': AMENT_PREFIX_PATH=/opt/erc_ws/install/pal_pro_gripper_wrapper:/opt/erc_ws/install/launch_pal:/opt/erc_ws/install/tiago_pro_robot:/opt/erc_ws/install/tiago_pro_head_robot:/opt/erc_ws/install/tiago_pro_bringup:/opt/erc_ws/install/tiago_pro_head_bringup:/opt/erc_ws/install/erc_bringup:/opt/erc_ws/install/tiago_pro_description:/opt/erc_ws/install/tiago_pro_head_description:/opt/erc_ws/install/tiago_pro_controller_configuration:/opt/erc_ws/install/tiago_pro_head_controller_configuration:/opt/erc_ws/install/sensors:/opt/erc_ws/install/pal_sea_arm:/opt/erc_ws/install/pal_sea_arm_bringup:/opt/erc_ws/install/pal_sea_arm_description:/opt/erc_ws/install/pal_pro_gripper_simulation:/opt/erc_ws/install/pal_pro_gripper_bringup:/opt/erc_ws/install/pal_pro_gripper:/opt/erc_ws/install/pal_pro_gripper_description:/opt/erc_ws/install/pal_gripper_simulation:/opt/erc_ws/install/pal_gripper:/opt/erc_ws/install/pal_gripper_description:/opt/erc_ws/install/omni_base_robot:/opt/erc_ws/install/omni_base_bringup:/opt/erc_ws/install/omni_base_description:/opt/erc_ws/install/pal_urdf_utils:/opt/erc_ws/install/pal_sea_arm_controller_configuration:/opt/erc_ws/install/pal_pro_gripper_controller_configuration:/opt/erc_ws/install/pal_gripper_controller_configuration:/opt/erc_ws/install/omni_base_controller_configuration:/opt/erc_ws/install/gz_ros2_control:/opt/erc_ws/install/erc_solution:/opt/erc_ws/install/erc_description:/opt/ros/humble CMAKE_PREFIX_PATH=/opt/erc_ws/install/pal_pro_gripper_controller_configuration:/opt/erc_ws/install/tiago_pro_robot:/opt/erc_ws/install/tiago_pro_head_robot:/opt/erc_ws/install/tiago_pro_bringup:/opt/erc_ws/install/tiago_pro_head_bringup:/opt/erc_ws/install/erc_bringup:/opt/erc_ws/install/tiago_pro_description:/opt/erc_ws/install/tiago_pro_head_description:/opt/erc_ws/install/tiago_pro_controller_configuration:/opt/erc_ws/install/tiago_pro_head_controller_configuration:/opt/erc_ws/install/pal_sea_arm:/opt/erc_ws/install/pal_sea_arm_bringup:/opt/erc_ws/install/pal_sea_arm_description:/opt/erc_ws/install/pal_pro_gripper_simulation:/opt/erc_ws/install/pal_pro_gripper_bringup:/opt/erc_ws/install/pal_pro_gripper:/opt/erc_ws/install/pal_pro_gripper_description:/opt/erc_ws/install/pal_gripper_simulation:/opt/erc_ws/install/pal_gripper:/opt/erc_ws/install/pal_gripper_description:/opt/erc_ws/install/omni_base_robot:/opt/erc_ws/install/omni_base_bringup:/opt/erc_ws/install/omni_base_description:/opt/erc_ws/install/pal_urdf_utils:/opt/erc_ws/install/pal_sea_arm_controller_configuration:/opt/erc_ws/install/pal_gripper_controller_configuration:/opt/erc_ws/install/omni_base_controller_configuration:/opt/erc_ws/install/gz_ros2_control:/opt/erc_ws/install/erc_description:/opt/erc_ws/install/sensors:/opt/erc_ws/install/pal_pro_gripper_wrapper:/opt/erc_ws/install/launch_pal:/opt/erc_ws/install/erc_solution:/opt/ros/humble PYTHONPATH=/opt/erc_ws/build/pal_pro_gripper_wrapper:/opt/erc_ws/install/pal_pro_gripper_wrapper/lib/python3.10/site-packages:/opt/erc_ws/build/launch_pal:/opt/erc_ws/install/launch_pal/lib/python3.10/site-packages:/opt/erc_ws/install/tiago_pro_description/local/lib/python3.10/dist-packages:/opt/erc_ws/install/tiago_pro_head_description/local/lib/python3.10/dist-packages:/opt/erc_ws/build/sensors:/opt/erc_ws/install/sensors/lib/python3.10/site-packages:/opt/erc_ws/install/pal_sea_arm_description/local/lib/python3.10/dist-packages:/opt/erc_ws/install/pal_pro_gripper_description/local/lib/python3.10/dist-packages:/opt/erc_ws/install/omni_base_description/local/lib/python3.10/dist-packages:/opt/erc_ws/build/erc_solution:/opt/erc_ws/install/erc_solution/lib/python3.10/site-packages:/opt/ros/humble/lib/python3.10/site-packages:/opt/ros/humble/local/lib/python3.10/dist-packages /usr/bin/cmake --install /opt/erc_ws/build/pal_sea_arm_controller_configuration
[3.421s] Level 1:colcon.colcon_core.environment:checking '/opt/erc_ws/install/pal_sea_arm_controller_configuration' for CMake config files
[3.423s] Level 1:colcon.colcon_core.shell:create_environment_hook('pal_sea_arm_controller_configuration', 'cmake_prefix_path')
[3.423s] INFO:colcon.colcon_core.shell:Creating environment hook '/opt/erc_ws/install/pal_sea_arm_controller_configuration/share/pal_sea_arm_controller_configuration/hook/cmake_prefix_path.ps1'
[3.424s] INFO:colcon.colcon_core.shell:Creating environment descriptor '/opt/erc_ws/install/pal_sea_arm_controller_configuration/share/pal_sea_arm_controller_configuration/hook/cmake_prefix_path.dsv'
[3.424s] INFO:colcon.colcon_core.shell:Creating environment hook '/opt/erc_ws/install/pal_sea_arm_controller_configuration/share/pal_sea_arm_controller_configuration/hook/cmake_prefix_path.sh'
[3.425s] Level 1:colcon.colcon_core.environment:checking '/opt/erc_ws/install/pal_sea_arm_controller_configuration/bin'
[3.425s] Level 1:colcon.colcon_core.environment:checking '/opt/erc_ws/install/pal_sea_arm_controller_configuration/lib/pkgconfig/pal_sea_arm_controller_configuration.pc'
[3.425s] Level 1:colcon.colcon_core.environment:checking '/opt/erc_ws/install/pal_sea_arm_controller_configuration/lib/python3.10/site-packages'
[3.425s] Level 1:colcon.colcon_core.environment:checking '/opt/erc_ws/install/pal_sea_arm_controller_configuration/bin'
[3.426s] INFO:colcon.colcon_core.shell:Creating package script '/opt/erc_ws/install/pal_sea_arm_controller_configuration/share/pal_sea_arm_controller_configuration/package.ps1'
[3.427s] INFO:colcon.colcon_core.shell:Creating package descriptor '/opt/erc_ws/install/pal_sea_arm_controller_configuration/share/pal_sea_arm_controller_configuration/package.dsv'
[3.428s] INFO:colcon.colcon_core.shell:Creating package script '/opt/erc_ws/install/pal_sea_arm_controller_configuration/share/pal_sea_arm_controller_configuration/package.sh'
[3.428s] INFO:colcon.colcon_core.shell:Creating package script '/opt/erc_ws/install/pal_sea_arm_controller_configuration/share/pal_sea_arm_controller_configuration/package.bash'
[3.428s] INFO:colcon.colcon_core.shell:Creating package script '/opt/erc_ws/install/pal_sea_arm_controller_configuration/share/pal_sea_arm_controller_configuration/package.zsh'
[3.429s] Level 1:colcon.colcon_core.environment:create_file_with_runtime_dependencies(/opt/erc_ws/install/pal_sea_arm_controller_configuration/share/colcon-core/packages/pal_sea_arm_controller_configuration)
[3.430s] Level 1:colcon.colcon_core.environment:create_environment_scripts_only(pal_sea_arm_controller_configuration)
[3.430s] Level 1:colcon.colcon_core.environment:checking '/opt/erc_ws/install/pal_sea_arm_controller_configuration' for CMake module files
[3.430s] Level 1:colcon.colcon_core.environment:checking '/opt/erc_ws/install/pal_sea_arm_controller_configuration' for CMake config files
[3.431s] Level 1:colcon.colcon_core.shell:create_environment_hook('pal_sea_arm_controller_configuration', 'cmake_prefix_path')
[3.431s] INFO:colcon.colcon_core.shell:Creating environment hook '/opt/erc_ws/install/pal_sea_arm_controller_configuration/share/pal_sea_arm_controller_configuration/hook/cmake_prefix_path.ps1'
[3.431s] INFO:colcon.colcon_core.shell:Creating environment descriptor '/opt/erc_ws/install/pal_sea_arm_controller_configuration/share/pal_sea_arm_controller_configuration/hook/cmake_prefix_path.dsv'
[3.432s] INFO:colcon.colcon_core.shell:Creating environment hook '/opt/erc_ws/install/pal_sea_arm_controller_configuration/share/pal_sea_arm_controller_configuration/hook/cmake_prefix_path.sh'
[3.432s] Level 1:colcon.colcon_core.environment:checking '/opt/erc_ws/install/pal_sea_arm_controller_configuration/bin'
[3.432s] Level 1:colcon.colcon_core.environment:checking '/opt/erc_ws/install/pal_sea_arm_controller_configuration/lib/pkgconfig/pal_sea_arm_controller_configuration.pc'
[3.433s] Level 1:colcon.colcon_core.environment:checking '/opt/erc_ws/install/pal_sea_arm_controller_configuration/lib/python3.10/site-packages'
[3.433s] Level 1:colcon.colcon_core.environment:checking '/opt/erc_ws/install/pal_sea_arm_controller_configuration/bin'
[3.433s] INFO:colcon.colcon_core.shell:Creating package script '/opt/erc_ws/install/pal_sea_arm_controller_configuration/share/pal_sea_arm_controller_configuration/package.ps1'
[3.434s] INFO:colcon.colcon_core.shell:Creating package descriptor '/opt/erc_ws/install/pal_sea_arm_controller_configuration/share/pal_sea_arm_controller_configuration/package.dsv'
[3.435s] INFO:colcon.colcon_core.shell:Creating package script '/opt/erc_ws/install/pal_sea_arm_controller_configuration/share/pal_sea_arm_controller_configuration/package.sh'
[3.436s] INFO:colcon.colcon_core.shell:Creating package script '/opt/erc_ws/install/pal_sea_arm_controller_configuration/share/pal_sea_arm_controller_configuration/package.bash'
[3.436s] INFO:colcon.colcon_core.shell:Creating package script '/opt/erc_ws/install/pal_sea_arm_controller_configuration/share/pal_sea_arm_controller_configuration/package.zsh'
[3.437s] Level 1:colcon.colcon_core.environment:create_file_with_runtime_dependencies(/opt/erc_ws/install/pal_sea_arm_controller_configuration/share/colcon-core/packages/pal_sea_arm_controller_configuration)
[3.437s] Level 1:colcon.colcon_core.environment:create_environment_scripts_only(pal_pro_gripper_bringup)
[3.438s] Level 1:colcon.colcon_core.environment:checking '/opt/erc_ws/install/pal_pro_gripper_bringup' for CMake module files
[3.439s] Level 1:colcon.colcon_core.environment:checking '/opt/erc_ws/install/pal_pro_gripper_bringup' for CMake config files
[3.440s] DEBUG:colcon.colcon_core.event_handler.log_command:Invoked command in '/opt/erc_ws/build/pal_pro_gripper_bringup' returned '0': AMENT_PREFIX_PATH=/opt/erc_ws/install/pal_pro_gripper_wrapper:/opt/erc_ws/install/launch_pal:/opt/erc_ws/install/tiago_pro_robot:/opt/erc_ws/install/tiago_pro_head_robot:/opt/erc_ws/install/tiago_pro_bringup:/opt/erc_ws/install/tiago_pro_head_bringup:/opt/erc_ws/install/erc_bringup:/opt/erc_ws/install/tiago_pro_description:/opt/erc_ws/install/tiago_pro_head_description:/opt/erc_ws/install/tiago_pro_controller_configuration:/opt/erc_ws/install/tiago_pro_head_controller_configuration:/opt/erc_ws/install/sensors:/opt/erc_ws/install/pal_sea_arm:/opt/erc_ws/install/pal_sea_arm_bringup:/opt/erc_ws/install/pal_sea_arm_description:/opt/erc_ws/install/pal_pro_gripper_simulation:/opt/erc_ws/install/pal_pro_gripper_bringup:/opt/erc_ws/install/pal_pro_gripper:/opt/erc_ws/install/pal_pro_gripper_description:/opt/erc_ws/install/pal_gripper_simulation:/opt/erc_ws/install/pal_gripper:/opt/erc_ws/install/pal_gripper_description:/opt/erc_ws/install/omni_base_robot:/opt/erc_ws/install/omni_base_bringup:/opt/erc_ws/install/omni_base_description:/opt/erc_ws/install/pal_urdf_utils:/opt/erc_ws/install/pal_sea_arm_controller_configuration:/opt/erc_ws/install/pal_pro_gripper_controller_configuration:/opt/erc_ws/install/pal_gripper_controller_configuration:/opt/erc_ws/install/omni_base_controller_configuration:/opt/erc_ws/install/gz_ros2_control:/opt/erc_ws/install/erc_solution:/opt/erc_ws/install/erc_description:/opt/ros/humble CMAKE_PREFIX_PATH=/opt/erc_ws/install/pal_pro_gripper_description:/opt/erc_ws/install/pal_pro_gripper_controller_configuration:/opt/erc_ws/install/pal_urdf_utils:/opt/erc_ws/install/tiago_pro_robot:/opt/erc_ws/install/tiago_pro_head_robot:/opt/erc_ws/install/tiago_pro_bringup:/opt/erc_ws/install/tiago_pro_head_bringup:/opt/erc_ws/install/erc_bringup:/opt/erc_ws/install/tiago_pro_description:/opt/erc_ws/install/tiago_pro_head_description:/opt/erc_ws/install/tiago_pro_controller_configuration:/opt/erc_ws/install/tiago_pro_head_controller_configuration:/opt/erc_ws/install/pal_sea_arm:/opt/erc_ws/install/pal_sea_arm_bringup:/opt/erc_ws/install/pal_sea_arm_description:/opt/erc_ws/install/pal_pro_gripper_simulation:/opt/erc_ws/install/pal_pro_gripper_bringup:/opt/erc_ws/install/pal_pro_gripper:/opt/erc_ws/install/pal_gripper_simulation:/opt/erc_ws/install/pal_gripper:/opt/erc_ws/install/pal_gripper_description:/opt/erc_ws/install/omni_base_robot:/opt/erc_ws/install/omni_base_bringup:/opt/erc_ws/install/omni_base_description:/opt/erc_ws/install/pal_sea_arm_controller_configuration:/opt/erc_ws/install/pal_gripper_controller_configuration:/opt/erc_ws/install/omni_base_controller_configuration:/opt/erc_ws/install/gz_ros2_control:/opt/erc_ws/install/erc_description:/opt/erc_ws/install/sensors:/opt/erc_ws/install/pal_pro_gripper_wrapper:/opt/erc_ws/install/launch_pal:/opt/erc_ws/install/erc_solution:/opt/ros/humble PYTHONPATH=/opt/erc_ws/build/pal_pro_gripper_wrapper:/opt/erc_ws/install/pal_pro_gripper_wrapper/lib/python3.10/site-packages:/opt/erc_ws/build/launch_pal:/opt/erc_ws/install/launch_pal/lib/python3.10/site-packages:/opt/erc_ws/install/tiago_pro_description/local/lib/python3.10/dist-packages:/opt/erc_ws/install/tiago_pro_head_description/local/lib/python3.10/dist-packages:/opt/erc_ws/build/sensors:/opt/erc_ws/install/sensors/lib/python3.10/site-packages:/opt/erc_ws/install/pal_sea_arm_description/local/lib/python3.10/dist-packages:/opt/erc_ws/install/pal_pro_gripper_description/local/lib/python3.10/dist-packages:/opt/erc_ws/install/omni_base_description/local/lib/python3.10/dist-packages:/opt/erc_ws/build/erc_solution:/opt/erc_ws/install/erc_solution/lib/python3.10/site-packages:/opt/ros/humble/lib/python3.10/site-packages:/opt/ros/humble/local/lib/python3.10/dist-packages /usr/bin/cmake --install /opt/erc_ws/build/pal_pro_gripper_bringup
[3.441s] Level 1:colcon.colcon_core.shell:create_environment_hook('pal_pro_gripper_bringup', 'cmake_prefix_path')
[3.441s] INFO:colcon.colcon_core.shell:Creating environment hook '/opt/erc_ws/install/pal_pro_gripper_bringup/share/pal_pro_gripper_bringup/hook/cmake_prefix_path.ps1'
[3.442s] INFO:colcon.colcon_core.shell:Creating environment descriptor '/opt/erc_ws/install/pal_pro_gripper_bringup/share/pal_pro_gripper_bringup/hook/cmake_prefix_path.dsv'
[3.442s] INFO:colcon.colcon_core.shell:Creating environment hook '/opt/erc_ws/install/pal_pro_gripper_bringup/share/pal_pro_gripper_bringup/hook/cmake_prefix_path.sh'
[3.443s] Level 1:colcon.colcon_core.environment:checking '/opt/erc_ws/install/pal_pro_gripper_bringup/bin'
[3.443s] Level 1:colcon.colcon_core.environment:checking '/opt/erc_ws/install/pal_pro_gripper_bringup/lib/pkgconfig/pal_pro_gripper_bringup.pc'
[3.443s] Level 1:colcon.colcon_core.environment:checking '/opt/erc_ws/install/pal_pro_gripper_bringup/lib/python3.10/site-packages'
[3.444s] Level 1:colcon.colcon_core.environment:checking '/opt/erc_ws/install/pal_pro_gripper_bringup/bin'
[3.444s] INFO:colcon.colcon_core.shell:Creating package script '/opt/erc_ws/install/pal_pro_gripper_bringup/share/pal_pro_gripper_bringup/package.ps1'
[3.445s] INFO:colcon.colcon_core.shell:Creating package descriptor '/opt/erc_ws/install/pal_pro_gripper_bringup/share/pal_pro_gripper_bringup/package.dsv'
[3.445s] INFO:colcon.colcon_core.shell:Creating package script '/opt/erc_ws/install/pal_pro_gripper_bringup/share/pal_pro_gripper_bringup/package.sh'
[3.446s] INFO:colcon.colcon_core.shell:Creating package script '/opt/erc_ws/install/pal_pro_gripper_bringup/share/pal_pro_gripper_bringup/package.bash'
[3.446s] INFO:colcon.colcon_core.shell:Creating package script '/opt/erc_ws/install/pal_pro_gripper_bringup/share/pal_pro_gripper_bringup/package.zsh'
[3.447s] Level 1:colcon.colcon_core.environment:create_file_with_runtime_dependencies(/opt/erc_ws/install/pal_pro_gripper_bringup/share/colcon-core/packages/pal_pro_gripper_bringup)
[3.447s] Level 1:colcon.colcon_core.environment:create_environment_scripts_only(pal_pro_gripper_bringup)
[3.448s] Level 1:colcon.colcon_core.environment:checking '/opt/erc_ws/install/pal_pro_gripper_bringup' for CMake module files
[3.448s] Level 1:colcon.colcon_core.environment:checking '/opt/erc_ws/install/pal_pro_gripper_bringup' for CMake config files
[3.448s] Level 1:colcon.colcon_core.shell:create_environment_hook('pal_pro_gripper_bringup', 'cmake_prefix_path')
[3.448s] INFO:colcon.colcon_core.shell:Creating environment hook '/opt/erc_ws/install/pal_pro_gripper_bringup/share/pal_pro_gripper_bringup/hook/cmake_prefix_path.ps1'
[3.449s] INFO:colcon.colcon_core.shell:Creating environment descriptor '/opt/erc_ws/install/pal_pro_gripper_bringup/share/pal_pro_gripper_bringup/hook/cmake_prefix_path.dsv'
[3.449s] INFO:colcon.colcon_core.shell:Creating environment hook '/opt/erc_ws/install/pal_pro_gripper_bringup/share/pal_pro_gripper_bringup/hook/cmake_prefix_path.sh'
[3.450s] Level 1:colcon.colcon_core.environment:checking '/opt/erc_ws/install/pal_pro_gripper_bringup/bin'
[3.450s] Level 1:colcon.colcon_core.environment:checking '/opt/erc_ws/install/pal_pro_gripper_bringup/lib/pkgconfig/pal_pro_gripper_bringup.pc'
[3.450s] Level 1:colcon.colcon_core.environment:checking '/opt/erc_ws/install/pal_pro_gripper_bringup/lib/python3.10/site-packages'
[3.450s] Level 1:colcon.colcon_core.environment:checking '/opt/erc_ws/install/pal_pro_gripper_bringup/bin'
[3.451s] INFO:colcon.colcon_core.shell:Creating package script '/opt/erc_ws/install/pal_pro_gripper_bringup/share/pal_pro_gripper_bringup/package.ps1'
[3.451s] INFO:colcon.colcon_core.shell:Creating package descriptor '/opt/erc_ws/install/pal_pro_gripper_bringup/share/pal_pro_gripper_bringup/package.dsv'
[3.452s] INFO:colcon.colcon_core.shell:Creating package script '/opt/erc_ws/install/pal_pro_gripper_bringup/share/pal_pro_gripper_bringup/package.sh'
[3.452s] INFO:colcon.colcon_core.shell:Creating package script '/opt/erc_ws/install/pal_pro_gripper_bringup/share/pal_pro_gripper_bringup/package.bash'
[3.453s] INFO:colcon.colcon_core.shell:Creating package script '/opt/erc_ws/install/pal_pro_gripper_bringup/share/pal_pro_gripper_bringup/package.zsh'
[3.453s] Level 1:colcon.colcon_core.environment:create_file_with_runtime_dependencies(/opt/erc_ws/install/pal_pro_gripper_bringup/share/colcon-core/packages/pal_pro_gripper_bringup)
[3.454s] INFO:colcon.colcon_ros.task.ament_cmake.build:Building ROS package in '/opt/erc_ws/src/pal_sea_arm/pal_sea_arm_description' with build type 'ament_cmake'
[3.454s] INFO:colcon.colcon_cmake.task.cmake.build:Building CMake package in '/opt/erc_ws/src/pal_sea_arm/pal_sea_arm_description'
[3.454s] INFO:colcon.colcon_core.shell:Skip shell extension 'powershell' for command environment: Not usable outside of PowerShell
[3.454s] DEBUG:colcon.colcon_core.shell:Skip shell extension 'dsv' for command environment
[3.466s] INFO:colcon.colcon_ros.task.ament_cmake.build:Building ROS package in '/opt/erc_ws/src/tiago_pro_robot/tiago_pro_controller_configuration' with build type 'ament_cmake'
[3.466s] INFO:colcon.colcon_cmake.task.cmake.build:Building CMake package in '/opt/erc_ws/src/tiago_pro_robot/tiago_pro_controller_configuration'
[3.466s] INFO:colcon.colcon_core.shell:Skip shell extension 'powershell' for command environment: Not usable outside of PowerShell
[3.466s] DEBUG:colcon.colcon_core.shell:Skip shell extension 'dsv' for command environment
[3.474s] Level 1:colcon.colcon_core.environment:create_environment_scripts_only(pal_pro_gripper_simulation)
[3.474s] Level 1:colcon.colcon_core.environment:checking '/opt/erc_ws/install/pal_pro_gripper_simulation' for CMake module files
[3.475s] DEBUG:colcon.colcon_core.event_handler.log_command:Invoked command in '/opt/erc_ws/build/pal_pro_gripper_simulation' returned '0': AMENT_PREFIX_PATH=/opt/erc_ws/install/pal_pro_gripper_wrapper:/opt/erc_ws/install/launch_pal:/opt/erc_ws/install/tiago_pro_robot:/opt/erc_ws/install/tiago_pro_head_robot:/opt/erc_ws/install/tiago_pro_bringup:/opt/erc_ws/install/tiago_pro_head_bringup:/opt/erc_ws/install/erc_bringup:/opt/erc_ws/install/tiago_pro_description:/opt/erc_ws/install/tiago_pro_head_description:/opt/erc_ws/install/tiago_pro_controller_configuration:/opt/erc_ws/install/tiago_pro_head_controller_configuration:/opt/erc_ws/install/sensors:/opt/erc_ws/install/pal_sea_arm:/opt/erc_ws/install/pal_sea_arm_bringup:/opt/erc_ws/install/pal_sea_arm_description:/opt/erc_ws/install/pal_pro_gripper_simulation:/opt/erc_ws/install/pal_pro_gripper_bringup:/opt/erc_ws/install/pal_pro_gripper:/opt/erc_ws/install/pal_pro_gripper_description:/opt/erc_ws/install/pal_gripper_simulation:/opt/erc_ws/install/pal_gripper:/opt/erc_ws/install/pal_gripper_description:/opt/erc_ws/install/omni_base_robot:/opt/erc_ws/install/omni_base_bringup:/opt/erc_ws/install/omni_base_description:/opt/erc_ws/install/pal_urdf_utils:/opt/erc_ws/install/pal_sea_arm_controller_configuration:/opt/erc_ws/install/pal_pro_gripper_controller_configuration:/opt/erc_ws/install/pal_gripper_controller_configuration:/opt/erc_ws/install/omni_base_controller_configuration:/opt/erc_ws/install/gz_ros2_control:/opt/erc_ws/install/erc_solution:/opt/erc_ws/install/erc_description:/opt/ros/humble CMAKE_PREFIX_PATH=/opt/erc_ws/install/pal_pro_gripper_description:/opt/erc_ws/install/pal_pro_gripper_controller_configuration:/opt/erc_ws/install/pal_urdf_utils:/opt/erc_ws/install/tiago_pro_robot:/opt/erc_ws/install/tiago_pro_head_robot:/opt/erc_ws/install/tiago_pro_bringup:/opt/erc_ws/install/tiago_pro_head_bringup:/opt/erc_ws/install/erc_bringup:/opt/erc_ws/install/tiago_pro_description:/opt/erc_ws/install/tiago_pro_head_description:/opt/erc_ws/install/tiago_pro_controller_configuration:/opt/erc_ws/install/tiago_pro_head_controller_configuration:/opt/erc_ws/install/pal_sea_arm:/opt/erc_ws/install/pal_sea_arm_bringup:/opt/erc_ws/install/pal_sea_arm_description:/opt/erc_ws/install/pal_pro_gripper_simulation:/opt/erc_ws/install/pal_pro_gripper_bringup:/opt/erc_ws/install/pal_pro_gripper:/opt/erc_ws/install/pal_gripper_simulation:/opt/erc_ws/install/pal_gripper:/opt/erc_ws/install/pal_gripper_description:/opt/erc_ws/install/omni_base_robot:/opt/erc_ws/install/omni_base_bringup:/opt/erc_ws/install/omni_base_description:/opt/erc_ws/install/pal_sea_arm_controller_configuration:/opt/erc_ws/install/pal_gripper_controller_configuration:/opt/erc_ws/install/omni_base_controller_configuration:/opt/erc_ws/install/gz_ros2_control:/opt/erc_ws/install/erc_description:/opt/erc_ws/install/sensors:/opt/erc_ws/install/pal_pro_gripper_wrapper:/opt/erc_ws/install/launch_pal:/opt/erc_ws/install/erc_solution:/opt/ros/humble PYTHONPATH=/opt/erc_ws/build/pal_pro_gripper_wrapper:/opt/erc_ws/install/pal_pro_gripper_wrapper/lib/python3.10/site-packages:/opt/erc_ws/build/launch_pal:/opt/erc_ws/install/launch_pal/lib/python3.10/site-packages:/opt/erc_ws/install/tiago_pro_description/local/lib/python3.10/dist-packages:/opt/erc_ws/install/tiago_pro_head_description/local/lib/python3.10/dist-packages:/opt/erc_ws/build/sensors:/opt/erc_ws/install/sensors/lib/python3.10/site-packages:/opt/erc_ws/install/pal_sea_arm_description/local/lib/python3.10/dist-packages:/opt/erc_ws/install/pal_pro_gripper_description/local/lib/python3.10/dist-packages:/opt/erc_ws/install/omni_base_description/local/lib/python3.10/dist-packages:/opt/erc_ws/build/erc_solution:/opt/erc_ws/install/erc_solution/lib/python3.10/site-packages:/opt/ros/humble/lib/python3.10/site-packages:/opt/ros/humble/local/lib/python3.10/dist-packages /usr/bin/cmake --install /opt/erc_ws/build/pal_pro_gripper_simulation
[3.476s] Level 1:colcon.colcon_core.environment:checking '/opt/erc_ws/install/pal_pro_gripper_simulation' for CMake config files
[3.476s] Level 1:colcon.colcon_core.shell:create_environment_hook('pal_pro_gripper_simulation', 'cmake_prefix_path')
[3.476s] INFO:colcon.colcon_core.shell:Creating environment hook '/opt/erc_ws/install/pal_pro_gripper_simulation/share/pal_pro_gripper_simulation/hook/cmake_prefix_path.ps1'
[3.477s] INFO:colcon.colcon_core.shell:Creating environment descriptor '/opt/erc_ws/install/pal_pro_gripper_simulation/share/pal_pro_gripper_simulation/hook/cmake_prefix_path.dsv'
[3.477s] INFO:colcon.colcon_core.shell:Creating environment hook '/opt/erc_ws/install/pal_pro_gripper_simulation/share/pal_pro_gripper_simulation/hook/cmake_prefix_path.sh'
[3.478s] Level 1:colcon.colcon_core.environment:checking '/opt/erc_ws/install/pal_pro_gripper_simulation/bin'
[3.478s] Level 1:colcon.colcon_core.environment:checking '/opt/erc_ws/install/pal_pro_gripper_simulation/lib/pkgconfig/pal_pro_gripper_simulation.pc'
[3.478s] Level 1:colcon.colcon_core.environment:checking '/opt/erc_ws/install/pal_pro_gripper_simulation/lib/python3.10/site-packages'
[3.479s] Level 1:colcon.colcon_core.environment:checking '/opt/erc_ws/install/pal_pro_gripper_simulation/bin'
[3.479s] INFO:colcon.colcon_core.shell:Creating package script '/opt/erc_ws/install/pal_pro_gripper_simulation/share/pal_pro_gripper_simulation/package.ps1'
[3.480s] INFO:colcon.colcon_core.shell:Creating package descriptor '/opt/erc_ws/install/pal_pro_gripper_simulation/share/pal_pro_gripper_simulation/package.dsv'
[3.481s] INFO:colcon.colcon_core.shell:Creating package script '/opt/erc_ws/install/pal_pro_gripper_simulation/share/pal_pro_gripper_simulation/package.sh'
[3.482s] INFO:colcon.colcon_core.shell:Creating package script '/opt/erc_ws/install/pal_pro_gripper_simulation/share/pal_pro_gripper_simulation/package.bash'
[3.482s] INFO:colcon.colcon_core.shell:Creating package script '/opt/erc_ws/install/pal_pro_gripper_simulation/share/pal_pro_gripper_simulation/package.zsh'
[3.483s] Level 1:colcon.colcon_core.environment:create_file_with_runtime_dependencies(/opt/erc_ws/install/pal_pro_gripper_simulation/share/colcon-core/packages/pal_pro_gripper_simulation)
[3.483s] Level 1:colcon.colcon_core.environment:create_environment_scripts_only(pal_pro_gripper_simulation)
[3.484s] Level 1:colcon.colcon_core.environment:checking '/opt/erc_ws/install/pal_pro_gripper_simulation' for CMake module files
[3.484s] Level 1:colcon.colcon_core.environment:checking '/opt/erc_ws/install/pal_pro_gripper_simulation' for CMake config files
[3.484s] Level 1:colcon.colcon_core.shell:create_environment_hook('pal_pro_gripper_simulation', 'cmake_prefix_path')
[3.484s] INFO:colcon.colcon_core.shell:Creating environment hook '/opt/erc_ws/install/pal_pro_gripper_simulation/share/pal_pro_gripper_simulation/hook/cmake_prefix_path.ps1'
[3.485s] INFO:colcon.colcon_core.shell:Creating environment descriptor '/opt/erc_ws/install/pal_pro_gripper_simulation/share/pal_pro_gripper_simulation/hook/cmake_prefix_path.dsv'
[3.486s] INFO:colcon.colcon_core.shell:Creating environment hook '/opt/erc_ws/install/pal_pro_gripper_simulation/share/pal_pro_gripper_simulation/hook/cmake_prefix_path.sh'
[3.486s] Level 1:colcon.colcon_core.environment:checking '/opt/erc_ws/install/pal_pro_gripper_simulation/bin'
[3.486s] Level 1:colcon.colcon_core.environment:checking '/opt/erc_ws/install/pal_pro_gripper_simulation/lib/pkgconfig/pal_pro_gripper_simulation.pc'
[3.486s] Level 1:colcon.colcon_core.environment:checking '/opt/erc_ws/install/pal_pro_gripper_simulation/lib/python3.10/site-packages'
[3.487s] Level 1:colcon.colcon_core.environment:checking '/opt/erc_ws/install/pal_pro_gripper_simulation/bin'
[3.487s] INFO:colcon.colcon_core.shell:Creating package script '/opt/erc_ws/install/pal_pro_gripper_simulation/share/pal_pro_gripper_simulation/package.ps1'
[3.488s] INFO:colcon.colcon_core.shell:Creating package descriptor '/opt/erc_ws/install/pal_pro_gripper_simulation/share/pal_pro_gripper_simulation/package.dsv'
[3.490s] INFO:colcon.colcon_core.shell:Creating package script '/opt/erc_ws/install/pal_pro_gripper_simulation/share/pal_pro_gripper_simulation/package.sh'
[3.491s] INFO:colcon.colcon_core.shell:Creating package script '/opt/erc_ws/install/pal_pro_gripper_simulation/share/pal_pro_gripper_simulation/package.bash'
[3.492s] INFO:colcon.colcon_core.shell:Creating package script '/opt/erc_ws/install/pal_pro_gripper_simulation/share/pal_pro_gripper_simulation/package.zsh'
[3.493s] Level 1:colcon.colcon_core.environment:create_file_with_runtime_dependencies(/opt/erc_ws/install/pal_pro_gripper_simulation/share/colcon-core/packages/pal_pro_gripper_simulation)
[3.500s] DEBUG:colcon.colcon_core.event_handler.log_command:Invoking command in '/opt/erc_ws/build/pal_sea_arm_description': AMENT_PREFIX_PATH=/opt/erc_ws/install/pal_pro_gripper_wrapper:/opt/erc_ws/install/launch_pal:/opt/erc_ws/install/tiago_pro_robot:/opt/erc_ws/install/tiago_pro_head_robot:/opt/erc_ws/install/tiago_pro_bringup:/opt/erc_ws/install/tiago_pro_head_bringup:/opt/erc_ws/install/erc_bringup:/opt/erc_ws/install/tiago_pro_description:/opt/erc_ws/install/tiago_pro_head_description:/opt/erc_ws/install/tiago_pro_controller_configuration:/opt/erc_ws/install/tiago_pro_head_controller_configuration:/opt/erc_ws/install/sensors:/opt/erc_ws/install/pal_sea_arm:/opt/erc_ws/install/pal_sea_arm_bringup:/opt/erc_ws/install/pal_sea_arm_description:/opt/erc_ws/install/pal_pro_gripper_simulation:/opt/erc_ws/install/pal_pro_gripper_bringup:/opt/erc_ws/install/pal_pro_gripper:/opt/erc_ws/install/pal_pro_gripper_description:/opt/erc_ws/install/pal_gripper_simulation:/opt/erc_ws/install/pal_gripper:/opt/erc_ws/install/pal_gripper_description:/opt/erc_ws/install/omni_base_robot:/opt/erc_ws/install/omni_base_bringup:/opt/erc_ws/install/omni_base_description:/opt/erc_ws/install/pal_urdf_utils:/opt/erc_ws/install/pal_sea_arm_controller_configuration:/opt/erc_ws/install/pal_pro_gripper_controller_configuration:/opt/erc_ws/install/pal_gripper_controller_configuration:/opt/erc_ws/install/omni_base_controller_configuration:/opt/erc_ws/install/gz_ros2_control:/opt/erc_ws/install/erc_solution:/opt/erc_ws/install/erc_description:/opt/ros/humble CMAKE_PREFIX_PATH=/opt/erc_ws/install/pal_sea_arm_controller_configuration:/opt/erc_ws/install/pal_pro_gripper_description:/opt/erc_ws/install/pal_pro_gripper_controller_configuration:/opt/erc_ws/install/pal_urdf_utils:/opt/erc_ws/install/tiago_pro_robot:/opt/erc_ws/install/tiago_pro_head_robot:/opt/erc_ws/install/tiago_pro_bringup:/opt/erc_ws/install/tiago_pro_head_bringup:/opt/erc_ws/install/erc_bringup:/opt/erc_ws/install/tiago_pro_description:/opt/erc_ws/install/tiago_pro_head_description:/opt/erc_ws/install/tiago_pro_controller_configuration:/opt/erc_ws/install/tiago_pro_head_controller_configuration:/opt/erc_ws/install/pal_sea_arm:/opt/erc_ws/install/pal_sea_arm_bringup:/opt/erc_ws/install/pal_sea_arm_description:/opt/erc_ws/install/pal_pro_gripper_simulation:/opt/erc_ws/install/pal_pro_gripper_bringup:/opt/erc_ws/install/pal_pro_gripper:/opt/erc_ws/install/pal_gripper_simulation:/opt/erc_ws/install/pal_gripper:/opt/erc_ws/install/pal_gripper_description:/opt/erc_ws/install/omni_base_robot:/opt/erc_ws/install/omni_base_bringup:/opt/erc_ws/install/omni_base_description:/opt/erc_ws/install/pal_gripper_controller_configuration:/opt/erc_ws/install/omni_base_controller_configuration:/opt/erc_ws/install/gz_ros2_control:/opt/erc_ws/install/erc_description:/opt/erc_ws/install/sensors:/opt/erc_ws/install/pal_pro_gripper_wrapper:/opt/erc_ws/install/launch_pal:/opt/erc_ws/install/erc_solution:/opt/ros/humble PYTHONPATH=/opt/erc_ws/build/pal_pro_gripper_wrapper:/opt/erc_ws/install/pal_pro_gripper_wrapper/lib/python3.10/site-packages:/opt/erc_ws/build/launch_pal:/opt/erc_ws/install/launch_pal/lib/python3.10/site-packages:/opt/erc_ws/install/tiago_pro_description/local/lib/python3.10/dist-packages:/opt/erc_ws/install/tiago_pro_head_description/local/lib/python3.10/dist-packages:/opt/erc_ws/build/sensors:/opt/erc_ws/install/sensors/lib/python3.10/site-packages:/opt/erc_ws/install/pal_sea_arm_description/local/lib/python3.10/dist-packages:/opt/erc_ws/install/pal_pro_gripper_description/local/lib/python3.10/dist-packages:/opt/erc_ws/install/omni_base_description/local/lib/python3.10/dist-packages:/opt/erc_ws/build/erc_solution:/opt/erc_ws/install/erc_solution/lib/python3.10/site-packages:/opt/ros/humble/lib/python3.10/site-packages:/opt/ros/humble/local/lib/python3.10/dist-packages /usr/bin/cmake --build /opt/erc_ws/build/pal_sea_arm_description -- -j16 -l16
[3.507s] DEBUG:colcon.colcon_core.event_handler.log_command:Invoking command in '/opt/erc_ws/build/tiago_pro_controller_configuration': AMENT_PREFIX_PATH=/opt/erc_ws/install/pal_pro_gripper_wrapper:/opt/erc_ws/install/launch_pal:/opt/erc_ws/install/tiago_pro_robot:/opt/erc_ws/install/tiago_pro_head_robot:/opt/erc_ws/install/tiago_pro_bringup:/opt/erc_ws/install/tiago_pro_head_bringup:/opt/erc_ws/install/erc_bringup:/opt/erc_ws/install/tiago_pro_description:/opt/erc_ws/install/tiago_pro_head_description:/opt/erc_ws/install/tiago_pro_controller_configuration:/opt/erc_ws/install/tiago_pro_head_controller_configuration:/opt/erc_ws/install/sensors:/opt/erc_ws/install/pal_sea_arm:/opt/erc_ws/install/pal_sea_arm_bringup:/opt/erc_ws/install/pal_sea_arm_description:/opt/erc_ws/install/pal_pro_gripper_simulation:/opt/erc_ws/install/pal_pro_gripper_bringup:/opt/erc_ws/install/pal_pro_gripper:/opt/erc_ws/install/pal_pro_gripper_description:/opt/erc_ws/install/pal_gripper_simulation:/opt/erc_ws/install/pal_gripper:/opt/erc_ws/install/pal_gripper_description:/opt/erc_ws/install/omni_base_robot:/opt/erc_ws/install/omni_base_bringup:/opt/erc_ws/install/omni_base_description:/opt/erc_ws/install/pal_urdf_utils:/opt/erc_ws/install/pal_sea_arm_controller_configuration:/opt/erc_ws/install/pal_pro_gripper_controller_configuration:/opt/erc_ws/install/pal_gripper_controller_configuration:/opt/erc_ws/install/omni_base_controller_configuration:/opt/erc_ws/install/gz_ros2_control:/opt/erc_ws/install/erc_solution:/opt/erc_ws/install/erc_description:/opt/ros/humble CMAKE_PREFIX_PATH=/opt/erc_ws/install/pal_sea_arm_controller_configuration:/opt/erc_ws/install/tiago_pro_head_controller_configuration:/opt/erc_ws/install/pal_pro_gripper_controller_configuration:/opt/erc_ws/install/omni_base_controller_configuration:/opt/erc_ws/install/tiago_pro_robot:/opt/erc_ws/install/tiago_pro_head_robot:/opt/erc_ws/install/tiago_pro_bringup:/opt/erc_ws/install/tiago_pro_head_bringup:/opt/erc_ws/install/erc_bringup:/opt/erc_ws/install/tiago_pro_description:/opt/erc_ws/install/tiago_pro_head_description:/opt/erc_ws/install/tiago_pro_controller_configuration:/opt/erc_ws/install/pal_sea_arm:/opt/erc_ws/install/pal_sea_arm_bringup:/opt/erc_ws/install/pal_sea_arm_description:/opt/erc_ws/install/pal_pro_gripper_simulation:/opt/erc_ws/install/pal_pro_gripper_bringup:/opt/erc_ws/install/pal_pro_gripper:/opt/erc_ws/install/pal_pro_gripper_description:/opt/erc_ws/install/pal_gripper_simulation:/opt/erc_ws/install/pal_gripper:/opt/erc_ws/install/pal_gripper_description:/opt/erc_ws/install/omni_base_robot:/opt/erc_ws/install/omni_base_bringup:/opt/erc_ws/install/omni_base_description:/opt/erc_ws/install/pal_urdf_utils:/opt/erc_ws/install/pal_gripper_controller_configuration:/opt/erc_ws/install/gz_ros2_control:/opt/erc_ws/install/erc_description:/opt/erc_ws/install/sensors:/opt/erc_ws/install/pal_pro_gripper_wrapper:/opt/erc_ws/install/launch_pal:/opt/erc_ws/install/erc_solution:/opt/ros/humble PYTHONPATH=/opt/erc_ws/build/pal_pro_gripper_wrapper:/opt/erc_ws/install/pal_pro_gripper_wrapper/lib/python3.10/site-packages:/opt/erc_ws/build/launch_pal:/opt/erc_ws/install/launch_pal/lib/python3.10/site-packages:/opt/erc_ws/install/tiago_pro_description/local/lib/python3.10/dist-packages:/opt/erc_ws/install/tiago_pro_head_description/local/lib/python3.10/dist-packages:/opt/erc_ws/build/sensors:/opt/erc_ws/install/sensors/lib/python3.10/site-packages:/opt/erc_ws/install/pal_sea_arm_description/local/lib/python3.10/dist-packages:/opt/erc_ws/install/pal_pro_gripper_description/local/lib/python3.10/dist-packages:/opt/erc_ws/install/omni_base_description/local/lib/python3.10/dist-packages:/opt/erc_ws/build/erc_solution:/opt/erc_ws/install/erc_solution/lib/python3.10/site-packages:/opt/ros/humble/lib/python3.10/site-packages:/opt/ros/humble/local/lib/python3.10/dist-packages /usr/bin/cmake --build /opt/erc_ws/build/tiago_pro_controller_configuration -- -j16 -l16
[3.556s] DEBUG:colcon.colcon_core.event_handler.log_command:Invoked command in '/opt/erc_ws/build/tiago_pro_controller_configuration' returned '0': AMENT_PREFIX_PATH=/opt/erc_ws/install/pal_pro_gripper_wrapper:/opt/erc_ws/install/launch_pal:/opt/erc_ws/install/tiago_pro_robot:/opt/erc_ws/install/tiago_pro_head_robot:/opt/erc_ws/install/tiago_pro_bringup:/opt/erc_ws/install/tiago_pro_head_bringup:/opt/erc_ws/install/erc_bringup:/opt/erc_ws/install/tiago_pro_description:/opt/erc_ws/install/tiago_pro_head_description:/opt/erc_ws/install/tiago_pro_controller_configuration:/opt/erc_ws/install/tiago_pro_head_controller_configuration:/opt/erc_ws/install/sensors:/opt/erc_ws/install/pal_sea_arm:/opt/erc_ws/install/pal_sea_arm_bringup:/opt/erc_ws/install/pal_sea_arm_description:/opt/erc_ws/install/pal_pro_gripper_simulation:/opt/erc_ws/install/pal_pro_gripper_bringup:/opt/erc_ws/install/pal_pro_gripper:/opt/erc_ws/install/pal_pro_gripper_description:/opt/erc_ws/install/pal_gripper_simulation:/opt/erc_ws/install/pal_gripper:/opt/erc_ws/install/pal_gripper_description:/opt/erc_ws/install/omni_base_robot:/opt/erc_ws/install/omni_base_bringup:/opt/erc_ws/install/omni_base_description:/opt/erc_ws/install/pal_urdf_utils:/opt/erc_ws/install/pal_sea_arm_controller_configuration:/opt/erc_ws/install/pal_pro_gripper_controller_configuration:/opt/erc_ws/install/pal_gripper_controller_configuration:/opt/erc_ws/install/omni_base_controller_configuration:/opt/erc_ws/install/gz_ros2_control:/opt/erc_ws/install/erc_solution:/opt/erc_ws/install/erc_description:/opt/ros/humble CMAKE_PREFIX_PATH=/opt/erc_ws/install/pal_sea_arm_controller_configuration:/opt/erc_ws/install/tiago_pro_head_controller_configuration:/opt/erc_ws/install/pal_pro_gripper_controller_configuration:/opt/erc_ws/install/omni_base_controller_configuration:/opt/erc_ws/install/tiago_pro_robot:/opt/erc_ws/install/tiago_pro_head_robot:/opt/erc_ws/install/tiago_pro_bringup:/opt/erc_ws/install/tiago_pro_head_bringup:/opt/erc_ws/install/erc_bringup:/opt/erc_ws/install/tiago_pro_description:/opt/erc_ws/install/tiago_pro_head_description:/opt/erc_ws/install/tiago_pro_controller_configuration:/opt/erc_ws/install/pal_sea_arm:/opt/erc_ws/install/pal_sea_arm_bringup:/opt/erc_ws/install/pal_sea_arm_description:/opt/erc_ws/install/pal_pro_gripper_simulation:/opt/erc_ws/install/pal_pro_gripper_bringup:/opt/erc_ws/install/pal_pro_gripper:/opt/erc_ws/install/pal_pro_gripper_description:/opt/erc_ws/install/pal_gripper_simulation:/opt/erc_ws/install/pal_gripper:/opt/erc_ws/install/pal_gripper_description:/opt/erc_ws/install/omni_base_robot:/opt/erc_ws/install/omni_base_bringup:/opt/erc_ws/install/omni_base_description:/opt/erc_ws/install/pal_urdf_utils:/opt/erc_ws/install/pal_gripper_controller_configuration:/opt/erc_ws/install/gz_ros2_control:/opt/erc_ws/install/erc_description:/opt/erc_ws/install/sensors:/opt/erc_ws/install/pal_pro_gripper_wrapper:/opt/erc_ws/install/launch_pal:/opt/erc_ws/install/erc_solution:/opt/ros/humble PYTHONPATH=/opt/erc_ws/build/pal_pro_gripper_wrapper:/opt/erc_ws/install/pal_pro_gripper_wrapper/lib/python3.10/site-packages:/opt/erc_ws/build/launch_pal:/opt/erc_ws/install/launch_pal/lib/python3.10/site-packages:/opt/erc_ws/install/tiago_pro_description/local/lib/python3.10/dist-packages:/opt/erc_ws/install/tiago_pro_head_description/local/lib/python3.10/dist-packages:/opt/erc_ws/build/sensors:/opt/erc_ws/install/sensors/lib/python3.10/site-packages:/opt/erc_ws/install/pal_sea_arm_description/local/lib/python3.10/dist-packages:/opt/erc_ws/install/pal_pro_gripper_description/local/lib/python3.10/dist-packages:/opt/erc_ws/install/omni_base_description/local/lib/python3.10/dist-packages:/opt/erc_ws/build/erc_solution:/opt/erc_ws/install/erc_solution/lib/python3.10/site-packages:/opt/ros/humble/lib/python3.10/site-packages:/opt/ros/humble/local/lib/python3.10/dist-packages /usr/bin/cmake --build /opt/erc_ws/build/tiago_pro_controller_configuration -- -j16 -l16
[3.560s] DEBUG:colcon.colcon_core.event_handler.log_command:Invoking command in '/opt/erc_ws/build/tiago_pro_controller_configuration': AMENT_PREFIX_PATH=/opt/erc_ws/install/pal_pro_gripper_wrapper:/opt/erc_ws/install/launch_pal:/opt/erc_ws/install/tiago_pro_robot:/opt/erc_ws/install/tiago_pro_head_robot:/opt/erc_ws/install/tiago_pro_bringup:/opt/erc_ws/install/tiago_pro_head_bringup:/opt/erc_ws/install/erc_bringup:/opt/erc_ws/install/tiago_pro_description:/opt/erc_ws/install/tiago_pro_head_description:/opt/erc_ws/install/tiago_pro_controller_configuration:/opt/erc_ws/install/tiago_pro_head_controller_configuration:/opt/erc_ws/install/sensors:/opt/erc_ws/install/pal_sea_arm:/opt/erc_ws/install/pal_sea_arm_bringup:/opt/erc_ws/install/pal_sea_arm_description:/opt/erc_ws/install/pal_pro_gripper_simulation:/opt/erc_ws/install/pal_pro_gripper_bringup:/opt/erc_ws/install/pal_pro_gripper:/opt/erc_ws/install/pal_pro_gripper_description:/opt/erc_ws/install/pal_gripper_simulation:/opt/erc_ws/install/pal_gripper:/opt/erc_ws/install/pal_gripper_description:/opt/erc_ws/install/omni_base_robot:/opt/erc_ws/install/omni_base_bringup:/opt/erc_ws/install/omni_base_description:/opt/erc_ws/install/pal_urdf_utils:/opt/erc_ws/install/pal_sea_arm_controller_configuration:/opt/erc_ws/install/pal_pro_gripper_controller_configuration:/opt/erc_ws/install/pal_gripper_controller_configuration:/opt/erc_ws/install/omni_base_controller_configuration:/opt/erc_ws/install/gz_ros2_control:/opt/erc_ws/install/erc_solution:/opt/erc_ws/install/erc_description:/opt/ros/humble CMAKE_PREFIX_PATH=/opt/erc_ws/install/pal_sea_arm_controller_configuration:/opt/erc_ws/install/tiago_pro_head_controller_configuration:/opt/erc_ws/install/pal_pro_gripper_controller_configuration:/opt/erc_ws/install/omni_base_controller_configuration:/opt/erc_ws/install/tiago_pro_robot:/opt/erc_ws/install/tiago_pro_head_robot:/opt/erc_ws/install/tiago_pro_bringup:/opt/erc_ws/install/tiago_pro_head_bringup:/opt/erc_ws/install/erc_bringup:/opt/erc_ws/install/tiago_pro_description:/opt/erc_ws/install/tiago_pro_head_description:/opt/erc_ws/install/tiago_pro_controller_configuration:/opt/erc_ws/install/pal_sea_arm:/opt/erc_ws/install/pal_sea_arm_bringup:/opt/erc_ws/install/pal_sea_arm_description:/opt/erc_ws/install/pal_pro_gripper_simulation:/opt/erc_ws/install/pal_pro_gripper_bringup:/opt/erc_ws/install/pal_pro_gripper:/opt/erc_ws/install/pal_pro_gripper_description:/opt/erc_ws/install/pal_gripper_simulation:/opt/erc_ws/install/pal_gripper:/opt/erc_ws/install/pal_gripper_description:/opt/erc_ws/install/omni_base_robot:/opt/erc_ws/install/omni_base_bringup:/opt/erc_ws/install/omni_base_description:/opt/erc_ws/install/pal_urdf_utils:/opt/erc_ws/install/pal_gripper_controller_configuration:/opt/erc_ws/install/gz_ros2_control:/opt/erc_ws/install/erc_description:/opt/erc_ws/install/sensors:/opt/erc_ws/install/pal_pro_gripper_wrapper:/opt/erc_ws/install/launch_pal:/opt/erc_ws/install/erc_solution:/opt/ros/humble PYTHONPATH=/opt/erc_ws/build/pal_pro_gripper_wrapper:/opt/erc_ws/install/pal_pro_gripper_wrapper/lib/python3.10/site-packages:/opt/erc_ws/build/launch_pal:/opt/erc_ws/install/launch_pal/lib/python3.10/site-packages:/opt/erc_ws/install/tiago_pro_description/local/lib/python3.10/dist-packages:/opt/erc_ws/install/tiago_pro_head_description/local/lib/python3.10/dist-packages:/opt/erc_ws/build/sensors:/opt/erc_ws/install/sensors/lib/python3.10/site-packages:/opt/erc_ws/install/pal_sea_arm_description/local/lib/python3.10/dist-packages:/opt/erc_ws/install/pal_pro_gripper_description/local/lib/python3.10/dist-packages:/opt/erc_ws/install/omni_base_description/local/lib/python3.10/dist-packages:/opt/erc_ws/build/erc_solution:/opt/erc_ws/install/erc_solution/lib/python3.10/site-packages:/opt/ros/humble/lib/python3.10/site-packages:/opt/ros/humble/local/lib/python3.10/dist-packages /usr/bin/cmake --install /opt/erc_ws/build/tiago_pro_controller_configuration
[3.561s] DEBUG:colcon.colcon_core.event_handler.log_command:Invoked command in '/opt/erc_ws/build/omni_base_description' returned '0': AMENT_PREFIX_PATH=/opt/erc_ws/install/launch_pal:/opt/erc_ws/install/tiago_pro_robot:/opt/erc_ws/install/tiago_pro_head_robot:/opt/erc_ws/install/tiago_pro_bringup:/opt/erc_ws/install/tiago_pro_head_bringup:/opt/erc_ws/install/erc_bringup:/opt/erc_ws/install/tiago_pro_description:/opt/erc_ws/install/tiago_pro_head_description:/opt/erc_ws/install/tiago_pro_controller_configuration:/opt/erc_ws/install/tiago_pro_head_controller_configuration:/opt/erc_ws/install/sensors:/opt/erc_ws/install/pal_sea_arm:/opt/erc_ws/install/pal_sea_arm_bringup:/opt/erc_ws/install/pal_sea_arm_description:/opt/erc_ws/install/pal_pro_gripper_simulation:/opt/erc_ws/install/pal_pro_gripper_bringup:/opt/erc_ws/install/pal_pro_gripper:/opt/erc_ws/install/pal_pro_gripper_description:/opt/erc_ws/install/pal_gripper_simulation:/opt/erc_ws/install/pal_gripper:/opt/erc_ws/install/pal_gripper_description:/opt/erc_ws/install/omni_base_robot:/opt/erc_ws/install/omni_base_bringup:/opt/erc_ws/install/omni_base_description:/opt/erc_ws/install/pal_urdf_utils:/opt/erc_ws/install/pal_sea_arm_controller_configuration:/opt/erc_ws/install/pal_pro_gripper_controller_configuration:/opt/erc_ws/install/pal_pro_gripper_wrapper:/opt/erc_ws/install/pal_gripper_controller_configuration:/opt/erc_ws/install/omni_base_controller_configuration:/opt/erc_ws/install/gz_ros2_control:/opt/erc_ws/install/erc_solution:/opt/erc_ws/install/erc_description:/opt/ros/humble CMAKE_PREFIX_PATH=/opt/erc_ws/install/pal_urdf_utils:/opt/erc_ws/install/tiago_pro_robot:/opt/erc_ws/install/tiago_pro_head_robot:/opt/erc_ws/install/tiago_pro_bringup:/opt/erc_ws/install/tiago_pro_head_bringup:/opt/erc_ws/install/erc_bringup:/opt/erc_ws/install/tiago_pro_description:/opt/erc_ws/install/tiago_pro_head_description:/opt/erc_ws/install/tiago_pro_controller_configuration:/opt/erc_ws/install/tiago_pro_head_controller_configuration:/opt/erc_ws/install/pal_sea_arm:/opt/erc_ws/install/pal_sea_arm_bringup:/opt/erc_ws/install/pal_sea_arm_description:/opt/erc_ws/install/pal_pro_gripper_simulation:/opt/erc_ws/install/pal_pro_gripper_bringup:/opt/erc_ws/install/pal_pro_gripper:/opt/erc_ws/install/pal_pro_gripper_description:/opt/erc_ws/install/pal_gripper_simulation:/opt/erc_ws/install/pal_gripper:/opt/erc_ws/install/pal_gripper_description:/opt/erc_ws/install/omni_base_robot:/opt/erc_ws/install/omni_base_bringup:/opt/erc_ws/install/omni_base_description:/opt/erc_ws/install/pal_sea_arm_controller_configuration:/opt/erc_ws/install/pal_pro_gripper_controller_configuration:/opt/erc_ws/install/pal_gripper_controller_configuration:/opt/erc_ws/install/omni_base_controller_configuration:/opt/erc_ws/install/gz_ros2_control:/opt/erc_ws/install/erc_description:/opt/erc_ws/install/sensors:/opt/erc_ws/install/pal_pro_gripper_wrapper:/opt/erc_ws/install/launch_pal:/opt/erc_ws/install/erc_solution:/opt/ros/humble PYTHONPATH=/opt/erc_ws/build/launch_pal:/opt/erc_ws/install/launch_pal/lib/python3.10/site-packages:/opt/erc_ws/install/tiago_pro_description/local/lib/python3.10/dist-packages:/opt/erc_ws/install/tiago_pro_head_description/local/lib/python3.10/dist-packages:/opt/erc_ws/build/sensors:/opt/erc_ws/install/sensors/lib/python3.10/site-packages:/opt/erc_ws/install/pal_sea_arm_description/local/lib/python3.10/dist-packages:/opt/erc_ws/install/pal_pro_gripper_description/local/lib/python3.10/dist-packages:/opt/erc_ws/install/omni_base_description/local/lib/python3.10/dist-packages:/opt/erc_ws/build/pal_pro_gripper_wrapper:/opt/erc_ws/install/pal_pro_gripper_wrapper/lib/python3.10/site-packages:/opt/erc_ws/build/erc_solution:/opt/erc_ws/install/erc_solution/lib/python3.10/site-packages:/opt/ros/humble/lib/python3.10/site-packages:/opt/ros/humble/local/lib/python3.10/dist-packages /usr/bin/cmake --build /opt/erc_ws/build/omni_base_description -- -j16 -l16
[3.564s] DEBUG:colcon.colcon_core.event_handler.log_command:Invoking command in '/opt/erc_ws/build/omni_base_description': AMENT_PREFIX_PATH=/opt/erc_ws/install/launch_pal:/opt/erc_ws/install/tiago_pro_robot:/opt/erc_ws/install/tiago_pro_head_robot:/opt/erc_ws/install/tiago_pro_bringup:/opt/erc_ws/install/tiago_pro_head_bringup:/opt/erc_ws/install/erc_bringup:/opt/erc_ws/install/tiago_pro_description:/opt/erc_ws/install/tiago_pro_head_description:/opt/erc_ws/install/tiago_pro_controller_configuration:/opt/erc_ws/install/tiago_pro_head_controller_configuration:/opt/erc_ws/install/sensors:/opt/erc_ws/install/pal_sea_arm:/opt/erc_ws/install/pal_sea_arm_bringup:/opt/erc_ws/install/pal_sea_arm_description:/opt/erc_ws/install/pal_pro_gripper_simulation:/opt/erc_ws/install/pal_pro_gripper_bringup:/opt/erc_ws/install/pal_pro_gripper:/opt/erc_ws/install/pal_pro_gripper_description:/opt/erc_ws/install/pal_gripper_simulation:/opt/erc_ws/install/pal_gripper:/opt/erc_ws/install/pal_gripper_description:/opt/erc_ws/install/omni_base_robot:/opt/erc_ws/install/omni_base_bringup:/opt/erc_ws/install/omni_base_description:/opt/erc_ws/install/pal_urdf_utils:/opt/erc_ws/install/pal_sea_arm_controller_configuration:/opt/erc_ws/install/pal_pro_gripper_controller_configuration:/opt/erc_ws/install/pal_pro_gripper_wrapper:/opt/erc_ws/install/pal_gripper_controller_configuration:/opt/erc_ws/install/omni_base_controller_configuration:/opt/erc_ws/install/gz_ros2_control:/opt/erc_ws/install/erc_solution:/opt/erc_ws/install/erc_description:/opt/ros/humble CMAKE_PREFIX_PATH=/opt/erc_ws/install/pal_urdf_utils:/opt/erc_ws/install/tiago_pro_robot:/opt/erc_ws/install/tiago_pro_head_robot:/opt/erc_ws/install/tiago_pro_bringup:/opt/erc_ws/install/tiago_pro_head_bringup:/opt/erc_ws/install/erc_bringup:/opt/erc_ws/install/tiago_pro_description:/opt/erc_ws/install/tiago_pro_head_description:/opt/erc_ws/install/tiago_pro_controller_configuration:/opt/erc_ws/install/tiago_pro_head_controller_configuration:/opt/erc_ws/install/pal_sea_arm:/opt/erc_ws/install/pal_sea_arm_bringup:/opt/erc_ws/install/pal_sea_arm_description:/opt/erc_ws/install/pal_pro_gripper_simulation:/opt/erc_ws/install/pal_pro_gripper_bringup:/opt/erc_ws/install/pal_pro_gripper:/opt/erc_ws/install/pal_pro_gripper_description:/opt/erc_ws/install/pal_gripper_simulation:/opt/erc_ws/install/pal_gripper:/opt/erc_ws/install/pal_gripper_description:/opt/erc_ws/install/omni_base_robot:/opt/erc_ws/install/omni_base_bringup:/opt/erc_ws/install/omni_base_description:/opt/erc_ws/install/pal_sea_arm_controller_configuration:/opt/erc_ws/install/pal_pro_gripper_controller_configuration:/opt/erc_ws/install/pal_gripper_controller_configuration:/opt/erc_ws/install/omni_base_controller_configuration:/opt/erc_ws/install/gz_ros2_control:/opt/erc_ws/install/erc_description:/opt/erc_ws/install/sensors:/opt/erc_ws/install/pal_pro_gripper_wrapper:/opt/erc_ws/install/launch_pal:/opt/erc_ws/install/erc_solution:/opt/ros/humble PYTHONPATH=/opt/erc_ws/build/launch_pal:/opt/erc_ws/install/launch_pal/lib/python3.10/site-packages:/opt/erc_ws/install/tiago_pro_description/local/lib/python3.10/dist-packages:/opt/erc_ws/install/tiago_pro_head_description/local/lib/python3.10/dist-packages:/opt/erc_ws/build/sensors:/opt/erc_ws/install/sensors/lib/python3.10/site-packages:/opt/erc_ws/install/pal_sea_arm_description/local/lib/python3.10/dist-packages:/opt/erc_ws/install/pal_pro_gripper_description/local/lib/python3.10/dist-packages:/opt/erc_ws/install/omni_base_description/local/lib/python3.10/dist-packages:/opt/erc_ws/build/pal_pro_gripper_wrapper:/opt/erc_ws/install/pal_pro_gripper_wrapper/lib/python3.10/site-packages:/opt/erc_ws/build/erc_solution:/opt/erc_ws/install/erc_solution/lib/python3.10/site-packages:/opt/ros/humble/lib/python3.10/site-packages:/opt/ros/humble/local/lib/python3.10/dist-packages /usr/bin/cmake --install /opt/erc_ws/build/omni_base_description
[3.601s] Level 1:colcon.colcon_core.environment:create_environment_scripts_only(tiago_pro_controller_configuration)
[3.602s] Level 1:colcon.colcon_core.environment:checking '/opt/erc_ws/install/tiago_pro_controller_configuration' for CMake module files
[3.602s] DEBUG:colcon.colcon_core.event_handler.log_command:Invoked command in '/opt/erc_ws/build/tiago_pro_controller_configuration' returned '0': AMENT_PREFIX_PATH=/opt/erc_ws/install/pal_pro_gripper_wrapper:/opt/erc_ws/install/launch_pal:/opt/erc_ws/install/tiago_pro_robot:/opt/erc_ws/install/tiago_pro_head_robot:/opt/erc_ws/install/tiago_pro_bringup:/opt/erc_ws/install/tiago_pro_head_bringup:/opt/erc_ws/install/erc_bringup:/opt/erc_ws/install/tiago_pro_description:/opt/erc_ws/install/tiago_pro_head_description:/opt/erc_ws/install/tiago_pro_controller_configuration:/opt/erc_ws/install/tiago_pro_head_controller_configuration:/opt/erc_ws/install/sensors:/opt/erc_ws/install/pal_sea_arm:/opt/erc_ws/install/pal_sea_arm_bringup:/opt/erc_ws/install/pal_sea_arm_description:/opt/erc_ws/install/pal_pro_gripper_simulation:/opt/erc_ws/install/pal_pro_gripper_bringup:/opt/erc_ws/install/pal_pro_gripper:/opt/erc_ws/install/pal_pro_gripper_description:/opt/erc_ws/install/pal_gripper_simulation:/opt/erc_ws/install/pal_gripper:/opt/erc_ws/install/pal_gripper_description:/opt/erc_ws/install/omni_base_robot:/opt/erc_ws/install/omni_base_bringup:/opt/erc_ws/install/omni_base_description:/opt/erc_ws/install/pal_urdf_utils:/opt/erc_ws/install/pal_sea_arm_controller_configuration:/opt/erc_ws/install/pal_pro_gripper_controller_configuration:/opt/erc_ws/install/pal_gripper_controller_configuration:/opt/erc_ws/install/omni_base_controller_configuration:/opt/erc_ws/install/gz_ros2_control:/opt/erc_ws/install/erc_solution:/opt/erc_ws/install/erc_description:/opt/ros/humble CMAKE_PREFIX_PATH=/opt/erc_ws/install/pal_sea_arm_controller_configuration:/opt/erc_ws/install/tiago_pro_head_controller_configuration:/opt/erc_ws/install/pal_pro_gripper_controller_configuration:/opt/erc_ws/install/omni_base_controller_configuration:/opt/erc_ws/install/tiago_pro_robot:/opt/erc_ws/install/tiago_pro_head_robot:/opt/erc_ws/install/tiago_pro_bringup:/opt/erc_ws/install/tiago_pro_head_bringup:/opt/erc_ws/install/erc_bringup:/opt/erc_ws/install/tiago_pro_description:/opt/erc_ws/install/tiago_pro_head_description:/opt/erc_ws/install/tiago_pro_controller_configuration:/opt/erc_ws/install/pal_sea_arm:/opt/erc_ws/install/pal_sea_arm_bringup:/opt/erc_ws/install/pal_sea_arm_description:/opt/erc_ws/install/pal_pro_gripper_simulation:/opt/erc_ws/install/pal_pro_gripper_bringup:/opt/erc_ws/install/pal_pro_gripper:/opt/erc_ws/install/pal_pro_gripper_description:/opt/erc_ws/install/pal_gripper_simulation:/opt/erc_ws/install/pal_gripper:/opt/erc_ws/install/pal_gripper_description:/opt/erc_ws/install/omni_base_robot:/opt/erc_ws/install/omni_base_bringup:/opt/erc_ws/install/omni_base_description:/opt/erc_ws/install/pal_urdf_utils:/opt/erc_ws/install/pal_gripper_controller_configuration:/opt/erc_ws/install/gz_ros2_control:/opt/erc_ws/install/erc_description:/opt/erc_ws/install/sensors:/opt/erc_ws/install/pal_pro_gripper_wrapper:/opt/erc_ws/install/launch_pal:/opt/erc_ws/install/erc_solution:/opt/ros/humble PYTHONPATH=/opt/erc_ws/build/pal_pro_gripper_wrapper:/opt/erc_ws/install/pal_pro_gripper_wrapper/lib/python3.10/site-packages:/opt/erc_ws/build/launch_pal:/opt/erc_ws/install/launch_pal/lib/python3.10/site-packages:/opt/erc_ws/install/tiago_pro_description/local/lib/python3.10/dist-packages:/opt/erc_ws/install/tiago_pro_head_description/local/lib/python3.10/dist-packages:/opt/erc_ws/build/sensors:/opt/erc_ws/install/sensors/lib/python3.10/site-packages:/opt/erc_ws/install/pal_sea_arm_description/local/lib/python3.10/dist-packages:/opt/erc_ws/install/pal_pro_gripper_description/local/lib/python3.10/dist-packages:/opt/erc_ws/install/omni_base_description/local/lib/python3.10/dist-packages:/opt/erc_ws/build/erc_solution:/opt/erc_ws/install/erc_solution/lib/python3.10/site-packages:/opt/ros/humble/lib/python3.10/site-packages:/opt/ros/humble/local/lib/python3.10/dist-packages /usr/bin/cmake --install /opt/erc_ws/build/tiago_pro_controller_configuration
[3.603s] Level 1:colcon.colcon_core.environment:checking '/opt/erc_ws/install/tiago_pro_controller_configuration' for CMake config files
[3.604s] Level 1:colcon.colcon_core.shell:create_environment_hook('tiago_pro_controller_configuration', 'cmake_prefix_path')
[3.604s] INFO:colcon.colcon_core.shell:Creating environment hook '/opt/erc_ws/install/tiago_pro_controller_configuration/share/tiago_pro_controller_configuration/hook/cmake_prefix_path.ps1'
[3.605s] INFO:colcon.colcon_core.shell:Creating environment descriptor '/opt/erc_ws/install/tiago_pro_controller_configuration/share/tiago_pro_controller_configuration/hook/cmake_prefix_path.dsv'
[3.605s] INFO:colcon.colcon_core.shell:Creating environment hook '/opt/erc_ws/install/tiago_pro_controller_configuration/share/tiago_pro_controller_configuration/hook/cmake_prefix_path.sh'
[3.606s] Level 1:colcon.colcon_core.environment:checking '/opt/erc_ws/install/tiago_pro_controller_configuration/bin'
[3.606s] Level 1:colcon.colcon_core.environment:checking '/opt/erc_ws/install/tiago_pro_controller_configuration/lib/pkgconfig/tiago_pro_controller_configuration.pc'
[3.607s] Level 1:colcon.colcon_core.environment:checking '/opt/erc_ws/install/tiago_pro_controller_configuration/lib/python3.10/site-packages'
[3.607s] Level 1:colcon.colcon_core.environment:checking '/opt/erc_ws/install/tiago_pro_controller_configuration/bin'
[3.608s] INFO:colcon.colcon_core.shell:Creating package script '/opt/erc_ws/install/tiago_pro_controller_configuration/share/tiago_pro_controller_configuration/package.ps1'
[3.609s] INFO:colcon.colcon_core.shell:Creating package descriptor '/opt/erc_ws/install/tiago_pro_controller_configuration/share/tiago_pro_controller_configuration/package.dsv'
[3.610s] INFO:colcon.colcon_core.shell:Creating package script '/opt/erc_ws/install/tiago_pro_controller_configuration/share/tiago_pro_controller_configuration/package.sh'
[3.611s] INFO:colcon.colcon_core.shell:Creating package script '/opt/erc_ws/install/tiago_pro_controller_configuration/share/tiago_pro_controller_configuration/package.bash'
[3.611s] INFO:colcon.colcon_core.shell:Creating package script '/opt/erc_ws/install/tiago_pro_controller_configuration/share/tiago_pro_controller_configuration/package.zsh'
[3.613s] Level 1:colcon.colcon_core.environment:create_file_with_runtime_dependencies(/opt/erc_ws/install/tiago_pro_controller_configuration/share/colcon-core/packages/tiago_pro_controller_configuration)
[3.614s] Level 1:colcon.colcon_core.environment:create_environment_scripts_only(tiago_pro_controller_configuration)
[3.614s] Level 1:colcon.colcon_core.environment:checking '/opt/erc_ws/install/tiago_pro_controller_configuration' for CMake module files
[3.614s] Level 1:colcon.colcon_core.environment:checking '/opt/erc_ws/install/tiago_pro_controller_configuration' for CMake config files
[3.615s] Level 1:colcon.colcon_core.shell:create_environment_hook('tiago_pro_controller_configuration', 'cmake_prefix_path')
[3.616s] INFO:colcon.colcon_core.shell:Creating environment hook '/opt/erc_ws/install/tiago_pro_controller_configuration/share/tiago_pro_controller_configuration/hook/cmake_prefix_path.ps1'
[3.616s] INFO:colcon.colcon_core.shell:Creating environment descriptor '/opt/erc_ws/install/tiago_pro_controller_configuration/share/tiago_pro_controller_configuration/hook/cmake_prefix_path.dsv'
[3.617s] INFO:colcon.colcon_core.shell:Creating environment hook '/opt/erc_ws/install/tiago_pro_controller_configuration/share/tiago_pro_controller_configuration/hook/cmake_prefix_path.sh'
[3.617s] Level 1:colcon.colcon_core.environment:checking '/opt/erc_ws/install/tiago_pro_controller_configuration/bin'
[3.617s] Level 1:colcon.colcon_core.environment:checking '/opt/erc_ws/install/tiago_pro_controller_configuration/lib/pkgconfig/tiago_pro_controller_configuration.pc'
[3.618s] Level 1:colcon.colcon_core.environment:checking '/opt/erc_ws/install/tiago_pro_controller_configuration/lib/python3.10/site-packages'
[3.618s] Level 1:colcon.colcon_core.environment:checking '/opt/erc_ws/install/tiago_pro_controller_configuration/bin'
[3.618s] INFO:colcon.colcon_core.shell:Creating package script '/opt/erc_ws/install/tiago_pro_controller_configuration/share/tiago_pro_controller_configuration/package.ps1'
[3.619s] INFO:colcon.colcon_core.shell:Creating package descriptor '/opt/erc_ws/install/tiago_pro_controller_configuration/share/tiago_pro_controller_configuration/package.dsv'
[3.619s] INFO:colcon.colcon_core.shell:Creating package script '/opt/erc_ws/install/tiago_pro_controller_configuration/share/tiago_pro_controller_configuration/package.sh'
[3.620s] INFO:colcon.colcon_core.shell:Creating package script '/opt/erc_ws/install/tiago_pro_controller_configuration/share/tiago_pro_controller_configuration/package.bash'
[3.620s] INFO:colcon.colcon_core.shell:Creating package script '/opt/erc_ws/install/tiago_pro_controller_configuration/share/tiago_pro_controller_configuration/package.zsh'
[3.621s] Level 1:colcon.colcon_core.environment:create_file_with_runtime_dependencies(/opt/erc_ws/install/tiago_pro_controller_configuration/share/colcon-core/packages/tiago_pro_controller_configuration)
[3.648s] Level 1:colcon.colcon_core.environment:create_environment_scripts_only(omni_base_description)
[3.649s] Level 1:colcon.colcon_core.environment:checking '/opt/erc_ws/install/omni_base_description' for CMake module files
[3.650s] Level 1:colcon.colcon_core.environment:checking '/opt/erc_ws/install/omni_base_description' for CMake config files
[3.651s] Level 1:colcon.colcon_core.shell:create_environment_hook('omni_base_description', 'cmake_prefix_path')
[3.649s] DEBUG:colcon.colcon_core.event_handler.log_command:Invoked command in '/opt/erc_ws/build/omni_base_description' returned '0': AMENT_PREFIX_PATH=/opt/erc_ws/install/launch_pal:/opt/erc_ws/install/tiago_pro_robot:/opt/erc_ws/install/tiago_pro_head_robot:/opt/erc_ws/install/tiago_pro_bringup:/opt/erc_ws/install/tiago_pro_head_bringup:/opt/erc_ws/install/erc_bringup:/opt/erc_ws/install/tiago_pro_description:/opt/erc_ws/install/tiago_pro_head_description:/opt/erc_ws/install/tiago_pro_controller_configuration:/opt/erc_ws/install/tiago_pro_head_controller_configuration:/opt/erc_ws/install/sensors:/opt/erc_ws/install/pal_sea_arm:/opt/erc_ws/install/pal_sea_arm_bringup:/opt/erc_ws/install/pal_sea_arm_description:/opt/erc_ws/install/pal_pro_gripper_simulation:/opt/erc_ws/install/pal_pro_gripper_bringup:/opt/erc_ws/install/pal_pro_gripper:/opt/erc_ws/install/pal_pro_gripper_description:/opt/erc_ws/install/pal_gripper_simulation:/opt/erc_ws/install/pal_gripper:/opt/erc_ws/install/pal_gripper_description:/opt/erc_ws/install/omni_base_robot:/opt/erc_ws/install/omni_base_bringup:/opt/erc_ws/install/omni_base_description:/opt/erc_ws/install/pal_urdf_utils:/opt/erc_ws/install/pal_sea_arm_controller_configuration:/opt/erc_ws/install/pal_pro_gripper_controller_configuration:/opt/erc_ws/install/pal_pro_gripper_wrapper:/opt/erc_ws/install/pal_gripper_controller_configuration:/opt/erc_ws/install/omni_base_controller_configuration:/opt/erc_ws/install/gz_ros2_control:/opt/erc_ws/install/erc_solution:/opt/erc_ws/install/erc_description:/opt/ros/humble CMAKE_PREFIX_PATH=/opt/erc_ws/install/pal_urdf_utils:/opt/erc_ws/install/tiago_pro_robot:/opt/erc_ws/install/tiago_pro_head_robot:/opt/erc_ws/install/tiago_pro_bringup:/opt/erc_ws/install/tiago_pro_head_bringup:/opt/erc_ws/install/erc_bringup:/opt/erc_ws/install/tiago_pro_description:/opt/erc_ws/install/tiago_pro_head_description:/opt/erc_ws/install/tiago_pro_controller_configuration:/opt/erc_ws/install/tiago_pro_head_controller_configuration:/opt/erc_ws/install/pal_sea_arm:/opt/erc_ws/install/pal_sea_arm_bringup:/opt/erc_ws/install/pal_sea_arm_description:/opt/erc_ws/install/pal_pro_gripper_simulation:/opt/erc_ws/install/pal_pro_gripper_bringup:/opt/erc_ws/install/pal_pro_gripper:/opt/erc_ws/install/pal_pro_gripper_description:/opt/erc_ws/install/pal_gripper_simulation:/opt/erc_ws/install/pal_gripper:/opt/erc_ws/install/pal_gripper_description:/opt/erc_ws/install/omni_base_robot:/opt/erc_ws/install/omni_base_bringup:/opt/erc_ws/install/omni_base_description:/opt/erc_ws/install/pal_sea_arm_controller_configuration:/opt/erc_ws/install/pal_pro_gripper_controller_configuration:/opt/erc_ws/install/pal_gripper_controller_configuration:/opt/erc_ws/install/omni_base_controller_configuration:/opt/erc_ws/install/gz_ros2_control:/opt/erc_ws/install/erc_description:/opt/erc_ws/install/sensors:/opt/erc_ws/install/pal_pro_gripper_wrapper:/opt/erc_ws/install/launch_pal:/opt/erc_ws/install/erc_solution:/opt/ros/humble PYTHONPATH=/opt/erc_ws/build/launch_pal:/opt/erc_ws/install/launch_pal/lib/python3.10/site-packages:/opt/erc_ws/install/tiago_pro_description/local/lib/python3.10/dist-packages:/opt/erc_ws/install/tiago_pro_head_description/local/lib/python3.10/dist-packages:/opt/erc_ws/build/sensors:/opt/erc_ws/install/sensors/lib/python3.10/site-packages:/opt/erc_ws/install/pal_sea_arm_description/local/lib/python3.10/dist-packages:/opt/erc_ws/install/pal_pro_gripper_description/local/lib/python3.10/dist-packages:/opt/erc_ws/install/omni_base_description/local/lib/python3.10/dist-packages:/opt/erc_ws/build/pal_pro_gripper_wrapper:/opt/erc_ws/install/pal_pro_gripper_wrapper/lib/python3.10/site-packages:/opt/erc_ws/build/erc_solution:/opt/erc_ws/install/erc_solution/lib/python3.10/site-packages:/opt/ros/humble/lib/python3.10/site-packages:/opt/ros/humble/local/lib/python3.10/dist-packages /usr/bin/cmake --install /opt/erc_ws/build/omni_base_description
[3.651s] INFO:colcon.colcon_core.shell:Creating environment hook '/opt/erc_ws/install/omni_base_description/share/omni_base_description/hook/cmake_prefix_path.ps1'
[3.652s] INFO:colcon.colcon_core.shell:Creating environment descriptor '/opt/erc_ws/install/omni_base_description/share/omni_base_description/hook/cmake_prefix_path.dsv'
[3.652s] INFO:colcon.colcon_core.shell:Creating environment hook '/opt/erc_ws/install/omni_base_description/share/omni_base_description/hook/cmake_prefix_path.sh'
[3.653s] Level 1:colcon.colcon_core.environment:checking '/opt/erc_ws/install/omni_base_description/bin'
[3.653s] Level 1:colcon.colcon_core.environment:checking '/opt/erc_ws/install/omni_base_description/lib/pkgconfig/omni_base_description.pc'
[3.653s] Level 1:colcon.colcon_core.environment:checking '/opt/erc_ws/install/omni_base_description/lib/python3.10/site-packages'
[3.654s] Level 1:colcon.colcon_core.environment:checking '/opt/erc_ws/install/omni_base_description/bin'
[3.654s] INFO:colcon.colcon_core.shell:Creating package script '/opt/erc_ws/install/omni_base_description/share/omni_base_description/package.ps1'
[3.655s] INFO:colcon.colcon_core.shell:Creating package descriptor '/opt/erc_ws/install/omni_base_description/share/omni_base_description/package.dsv'
[3.655s] INFO:colcon.colcon_core.shell:Creating package script '/opt/erc_ws/install/omni_base_description/share/omni_base_description/package.sh'
[3.656s] INFO:colcon.colcon_core.shell:Creating package script '/opt/erc_ws/install/omni_base_description/share/omni_base_description/package.bash'
[3.656s] INFO:colcon.colcon_core.shell:Creating package script '/opt/erc_ws/install/omni_base_description/share/omni_base_description/package.zsh'
[3.656s] Level 1:colcon.colcon_core.environment:create_file_with_runtime_dependencies(/opt/erc_ws/install/omni_base_description/share/colcon-core/packages/omni_base_description)
[3.657s] Level 1:colcon.colcon_core.environment:create_environment_scripts_only(omni_base_description)
[3.658s] Level 1:colcon.colcon_core.environment:checking '/opt/erc_ws/install/omni_base_description' for CMake module files
[3.658s] Level 1:colcon.colcon_core.environment:checking '/opt/erc_ws/install/omni_base_description' for CMake config files
[3.659s] Level 1:colcon.colcon_core.shell:create_environment_hook('omni_base_description', 'cmake_prefix_path')
[3.660s] INFO:colcon.colcon_core.shell:Creating environment hook '/opt/erc_ws/install/omni_base_description/share/omni_base_description/hook/cmake_prefix_path.ps1'
[3.661s] INFO:colcon.colcon_core.shell:Creating environment descriptor '/opt/erc_ws/install/omni_base_description/share/omni_base_description/hook/cmake_prefix_path.dsv'
[3.661s] INFO:colcon.colcon_core.shell:Creating environment hook '/opt/erc_ws/install/omni_base_description/share/omni_base_description/hook/cmake_prefix_path.sh'
[3.662s] Level 1:colcon.colcon_core.environment:checking '/opt/erc_ws/install/omni_base_description/bin'
[3.662s] Level 1:colcon.colcon_core.environment:checking '/opt/erc_ws/install/omni_base_description/lib/pkgconfig/omni_base_description.pc'
[3.663s] Level 1:colcon.colcon_core.environment:checking '/opt/erc_ws/install/omni_base_description/lib/python3.10/site-packages'
[3.663s] Level 1:colcon.colcon_core.environment:checking '/opt/erc_ws/install/omni_base_description/bin'
[3.664s] INFO:colcon.colcon_core.shell:Creating package script '/opt/erc_ws/install/omni_base_description/share/omni_base_description/package.ps1'
[3.664s] INFO:colcon.colcon_core.shell:Creating package descriptor '/opt/erc_ws/install/omni_base_description/share/omni_base_description/package.dsv'
[3.665s] INFO:colcon.colcon_core.shell:Creating package script '/opt/erc_ws/install/omni_base_description/share/omni_base_description/package.sh'
[3.666s] INFO:colcon.colcon_core.shell:Creating package script '/opt/erc_ws/install/omni_base_description/share/omni_base_description/package.bash'
[3.666s] INFO:colcon.colcon_core.shell:Creating package script '/opt/erc_ws/install/omni_base_description/share/omni_base_description/package.zsh'
[3.667s] Level 1:colcon.colcon_core.environment:create_file_with_runtime_dependencies(/opt/erc_ws/install/omni_base_description/share/colcon-core/packages/omni_base_description)
[3.667s] INFO:colcon.colcon_ros.task.ament_cmake.build:Building ROS package in '/opt/erc_ws/src/omni_base_robot/omni_base_bringup' with build type 'ament_cmake'
[3.667s] INFO:colcon.colcon_cmake.task.cmake.build:Building CMake package in '/opt/erc_ws/src/omni_base_robot/omni_base_bringup'
[3.668s] INFO:colcon.colcon_core.shell:Skip shell extension 'powershell' for command environment: Not usable outside of PowerShell
[3.668s] DEBUG:colcon.colcon_core.shell:Skip shell extension 'dsv' for command environment
[3.697s] DEBUG:colcon.colcon_core.event_handler.log_command:Invoking command in '/opt/erc_ws/build/omni_base_bringup': AMENT_PREFIX_PATH=/opt/erc_ws/install/launch_pal:/opt/erc_ws/install/tiago_pro_robot:/opt/erc_ws/install/tiago_pro_head_robot:/opt/erc_ws/install/tiago_pro_bringup:/opt/erc_ws/install/tiago_pro_head_bringup:/opt/erc_ws/install/erc_bringup:/opt/erc_ws/install/tiago_pro_description:/opt/erc_ws/install/tiago_pro_head_description:/opt/erc_ws/install/tiago_pro_controller_configuration:/opt/erc_ws/install/tiago_pro_head_controller_configuration:/opt/erc_ws/install/sensors:/opt/erc_ws/install/pal_sea_arm:/opt/erc_ws/install/pal_sea_arm_bringup:/opt/erc_ws/install/pal_sea_arm_description:/opt/erc_ws/install/pal_pro_gripper_simulation:/opt/erc_ws/install/pal_pro_gripper_bringup:/opt/erc_ws/install/pal_pro_gripper:/opt/erc_ws/install/pal_pro_gripper_description:/opt/erc_ws/install/pal_gripper_simulation:/opt/erc_ws/install/pal_gripper:/opt/erc_ws/install/pal_gripper_description:/opt/erc_ws/install/omni_base_robot:/opt/erc_ws/install/omni_base_bringup:/opt/erc_ws/install/omni_base_description:/opt/erc_ws/install/pal_urdf_utils:/opt/erc_ws/install/pal_sea_arm_controller_configuration:/opt/erc_ws/install/pal_pro_gripper_controller_configuration:/opt/erc_ws/install/pal_pro_gripper_wrapper:/opt/erc_ws/install/pal_gripper_controller_configuration:/opt/erc_ws/install/omni_base_controller_configuration:/opt/erc_ws/install/gz_ros2_control:/opt/erc_ws/install/erc_solution:/opt/erc_ws/install/erc_description:/opt/ros/humble CMAKE_PREFIX_PATH=/opt/erc_ws/install/omni_base_description:/opt/erc_ws/install/pal_urdf_utils:/opt/erc_ws/install/omni_base_controller_configuration:/opt/erc_ws/install/tiago_pro_robot:/opt/erc_ws/install/tiago_pro_head_robot:/opt/erc_ws/install/tiago_pro_bringup:/opt/erc_ws/install/tiago_pro_head_bringup:/opt/erc_ws/install/erc_bringup:/opt/erc_ws/install/tiago_pro_description:/opt/erc_ws/install/tiago_pro_head_description:/opt/erc_ws/install/tiago_pro_controller_configuration:/opt/erc_ws/install/tiago_pro_head_controller_configuration:/opt/erc_ws/install/pal_sea_arm:/opt/erc_ws/install/pal_sea_arm_bringup:/opt/erc_ws/install/pal_sea_arm_description:/opt/erc_ws/install/pal_pro_gripper_simulation:/opt/erc_ws/install/pal_pro_gripper_bringup:/opt/erc_ws/install/pal_pro_gripper:/opt/erc_ws/install/pal_pro_gripper_description:/opt/erc_ws/install/pal_gripper_simulation:/opt/erc_ws/install/pal_gripper:/opt/erc_ws/install/pal_gripper_description:/opt/erc_ws/install/omni_base_robot:/opt/erc_ws/install/omni_base_bringup:/opt/erc_ws/install/pal_sea_arm_controller_configuration:/opt/erc_ws/install/pal_pro_gripper_controller_configuration:/opt/erc_ws/install/pal_gripper_controller_configuration:/opt/erc_ws/install/gz_ros2_control:/opt/erc_ws/install/erc_description:/opt/erc_ws/install/sensors:/opt/erc_ws/install/pal_pro_gripper_wrapper:/opt/erc_ws/install/launch_pal:/opt/erc_ws/install/erc_solution:/opt/ros/humble PYTHONPATH=/opt/erc_ws/build/launch_pal:/opt/erc_ws/install/launch_pal/lib/python3.10/site-packages:/opt/erc_ws/install/tiago_pro_description/local/lib/python3.10/dist-packages:/opt/erc_ws/install/tiago_pro_head_description/local/lib/python3.10/dist-packages:/opt/erc_ws/build/sensors:/opt/erc_ws/install/sensors/lib/python3.10/site-packages:/opt/erc_ws/install/pal_sea_arm_description/local/lib/python3.10/dist-packages:/opt/erc_ws/install/pal_pro_gripper_description/local/lib/python3.10/dist-packages:/opt/erc_ws/install/omni_base_description/local/lib/python3.10/dist-packages:/opt/erc_ws/build/pal_pro_gripper_wrapper:/opt/erc_ws/install/pal_pro_gripper_wrapper/lib/python3.10/site-packages:/opt/erc_ws/build/erc_solution:/opt/erc_ws/install/erc_solution/lib/python3.10/site-packages:/opt/ros/humble/lib/python3.10/site-packages:/opt/ros/humble/local/lib/python3.10/dist-packages /usr/bin/cmake --build /opt/erc_ws/build/omni_base_bringup -- -j16 -l16
[3.732s] DEBUG:colcon.colcon_core.event_handler.log_command:Invoked command in '/opt/erc_ws/build/omni_base_bringup' returned '0': AMENT_PREFIX_PATH=/opt/erc_ws/install/launch_pal:/opt/erc_ws/install/tiago_pro_robot:/opt/erc_ws/install/tiago_pro_head_robot:/opt/erc_ws/install/tiago_pro_bringup:/opt/erc_ws/install/tiago_pro_head_bringup:/opt/erc_ws/install/erc_bringup:/opt/erc_ws/install/tiago_pro_description:/opt/erc_ws/install/tiago_pro_head_description:/opt/erc_ws/install/tiago_pro_controller_configuration:/opt/erc_ws/install/tiago_pro_head_controller_configuration:/opt/erc_ws/install/sensors:/opt/erc_ws/install/pal_sea_arm:/opt/erc_ws/install/pal_sea_arm_bringup:/opt/erc_ws/install/pal_sea_arm_description:/opt/erc_ws/install/pal_pro_gripper_simulation:/opt/erc_ws/install/pal_pro_gripper_bringup:/opt/erc_ws/install/pal_pro_gripper:/opt/erc_ws/install/pal_pro_gripper_description:/opt/erc_ws/install/pal_gripper_simulation:/opt/erc_ws/install/pal_gripper:/opt/erc_ws/install/pal_gripper_description:/opt/erc_ws/install/omni_base_robot:/opt/erc_ws/install/omni_base_bringup:/opt/erc_ws/install/omni_base_description:/opt/erc_ws/install/pal_urdf_utils:/opt/erc_ws/install/pal_sea_arm_controller_configuration:/opt/erc_ws/install/pal_pro_gripper_controller_configuration:/opt/erc_ws/install/pal_pro_gripper_wrapper:/opt/erc_ws/install/pal_gripper_controller_configuration:/opt/erc_ws/install/omni_base_controller_configuration:/opt/erc_ws/install/gz_ros2_control:/opt/erc_ws/install/erc_solution:/opt/erc_ws/install/erc_description:/opt/ros/humble CMAKE_PREFIX_PATH=/opt/erc_ws/install/omni_base_description:/opt/erc_ws/install/pal_urdf_utils:/opt/erc_ws/install/omni_base_controller_configuration:/opt/erc_ws/install/tiago_pro_robot:/opt/erc_ws/install/tiago_pro_head_robot:/opt/erc_ws/install/tiago_pro_bringup:/opt/erc_ws/install/tiago_pro_head_bringup:/opt/erc_ws/install/erc_bringup:/opt/erc_ws/install/tiago_pro_description:/opt/erc_ws/install/tiago_pro_head_description:/opt/erc_ws/install/tiago_pro_controller_configuration:/opt/erc_ws/install/tiago_pro_head_controller_configuration:/opt/erc_ws/install/pal_sea_arm:/opt/erc_ws/install/pal_sea_arm_bringup:/opt/erc_ws/install/pal_sea_arm_description:/opt/erc_ws/install/pal_pro_gripper_simulation:/opt/erc_ws/install/pal_pro_gripper_bringup:/opt/erc_ws/install/pal_pro_gripper:/opt/erc_ws/install/pal_pro_gripper_description:/opt/erc_ws/install/pal_gripper_simulation:/opt/erc_ws/install/pal_gripper:/opt/erc_ws/install/pal_gripper_description:/opt/erc_ws/install/omni_base_robot:/opt/erc_ws/install/omni_base_bringup:/opt/erc_ws/install/pal_sea_arm_controller_configuration:/opt/erc_ws/install/pal_pro_gripper_controller_configuration:/opt/erc_ws/install/pal_gripper_controller_configuration:/opt/erc_ws/install/gz_ros2_control:/opt/erc_ws/install/erc_description:/opt/erc_ws/install/sensors:/opt/erc_ws/install/pal_pro_gripper_wrapper:/opt/erc_ws/install/launch_pal:/opt/erc_ws/install/erc_solution:/opt/ros/humble PYTHONPATH=/opt/erc_ws/build/launch_pal:/opt/erc_ws/install/launch_pal/lib/python3.10/site-packages:/opt/erc_ws/install/tiago_pro_description/local/lib/python3.10/dist-packages:/opt/erc_ws/install/tiago_pro_head_description/local/lib/python3.10/dist-packages:/opt/erc_ws/build/sensors:/opt/erc_ws/install/sensors/lib/python3.10/site-packages:/opt/erc_ws/install/pal_sea_arm_description/local/lib/python3.10/dist-packages:/opt/erc_ws/install/pal_pro_gripper_description/local/lib/python3.10/dist-packages:/opt/erc_ws/install/omni_base_description/local/lib/python3.10/dist-packages:/opt/erc_ws/build/pal_pro_gripper_wrapper:/opt/erc_ws/install/pal_pro_gripper_wrapper/lib/python3.10/site-packages:/opt/erc_ws/build/erc_solution:/opt/erc_ws/install/erc_solution/lib/python3.10/site-packages:/opt/ros/humble/lib/python3.10/site-packages:/opt/ros/humble/local/lib/python3.10/dist-packages /usr/bin/cmake --build /opt/erc_ws/build/omni_base_bringup -- -j16 -l16
[3.737s] DEBUG:colcon.colcon_core.event_handler.log_command:Invoking command in '/opt/erc_ws/build/omni_base_bringup': AMENT_PREFIX_PATH=/opt/erc_ws/install/launch_pal:/opt/erc_ws/install/tiago_pro_robot:/opt/erc_ws/install/tiago_pro_head_robot:/opt/erc_ws/install/tiago_pro_bringup:/opt/erc_ws/install/tiago_pro_head_bringup:/opt/erc_ws/install/erc_bringup:/opt/erc_ws/install/tiago_pro_description:/opt/erc_ws/install/tiago_pro_head_description:/opt/erc_ws/install/tiago_pro_controller_configuration:/opt/erc_ws/install/tiago_pro_head_controller_configuration:/opt/erc_ws/install/sensors:/opt/erc_ws/install/pal_sea_arm:/opt/erc_ws/install/pal_sea_arm_bringup:/opt/erc_ws/install/pal_sea_arm_description:/opt/erc_ws/install/pal_pro_gripper_simulation:/opt/erc_ws/install/pal_pro_gripper_bringup:/opt/erc_ws/install/pal_pro_gripper:/opt/erc_ws/install/pal_pro_gripper_description:/opt/erc_ws/install/pal_gripper_simulation:/opt/erc_ws/install/pal_gripper:/opt/erc_ws/install/pal_gripper_description:/opt/erc_ws/install/omni_base_robot:/opt/erc_ws/install/omni_base_bringup:/opt/erc_ws/install/omni_base_description:/opt/erc_ws/install/pal_urdf_utils:/opt/erc_ws/install/pal_sea_arm_controller_configuration:/opt/erc_ws/install/pal_pro_gripper_controller_configuration:/opt/erc_ws/install/pal_pro_gripper_wrapper:/opt/erc_ws/install/pal_gripper_controller_configuration:/opt/erc_ws/install/omni_base_controller_configuration:/opt/erc_ws/install/gz_ros2_control:/opt/erc_ws/install/erc_solution:/opt/erc_ws/install/erc_description:/opt/ros/humble CMAKE_PREFIX_PATH=/opt/erc_ws/install/omni_base_description:/opt/erc_ws/install/pal_urdf_utils:/opt/erc_ws/install/omni_base_controller_configuration:/opt/erc_ws/install/tiago_pro_robot:/opt/erc_ws/install/tiago_pro_head_robot:/opt/erc_ws/install/tiago_pro_bringup:/opt/erc_ws/install/tiago_pro_head_bringup:/opt/erc_ws/install/erc_bringup:/opt/erc_ws/install/tiago_pro_description:/opt/erc_ws/install/tiago_pro_head_description:/opt/erc_ws/install/tiago_pro_controller_configuration:/opt/erc_ws/install/tiago_pro_head_controller_configuration:/opt/erc_ws/install/pal_sea_arm:/opt/erc_ws/install/pal_sea_arm_bringup:/opt/erc_ws/install/pal_sea_arm_description:/opt/erc_ws/install/pal_pro_gripper_simulation:/opt/erc_ws/install/pal_pro_gripper_bringup:/opt/erc_ws/install/pal_pro_gripper:/opt/erc_ws/install/pal_pro_gripper_description:/opt/erc_ws/install/pal_gripper_simulation:/opt/erc_ws/install/pal_gripper:/opt/erc_ws/install/pal_gripper_description:/opt/erc_ws/install/omni_base_robot:/opt/erc_ws/install/omni_base_bringup:/opt/erc_ws/install/pal_sea_arm_controller_configuration:/opt/erc_ws/install/pal_pro_gripper_controller_configuration:/opt/erc_ws/install/pal_gripper_controller_configuration:/opt/erc_ws/install/gz_ros2_control:/opt/erc_ws/install/erc_description:/opt/erc_ws/install/sensors:/opt/erc_ws/install/pal_pro_gripper_wrapper:/opt/erc_ws/install/launch_pal:/opt/erc_ws/install/erc_solution:/opt/ros/humble PYTHONPATH=/opt/erc_ws/build/launch_pal:/opt/erc_ws/install/launch_pal/lib/python3.10/site-packages:/opt/erc_ws/install/tiago_pro_description/local/lib/python3.10/dist-packages:/opt/erc_ws/install/tiago_pro_head_description/local/lib/python3.10/dist-packages:/opt/erc_ws/build/sensors:/opt/erc_ws/install/sensors/lib/python3.10/site-packages:/opt/erc_ws/install/pal_sea_arm_description/local/lib/python3.10/dist-packages:/opt/erc_ws/install/pal_pro_gripper_description/local/lib/python3.10/dist-packages:/opt/erc_ws/install/omni_base_description/local/lib/python3.10/dist-packages:/opt/erc_ws/build/pal_pro_gripper_wrapper:/opt/erc_ws/install/pal_pro_gripper_wrapper/lib/python3.10/site-packages:/opt/erc_ws/build/erc_solution:/opt/erc_ws/install/erc_solution/lib/python3.10/site-packages:/opt/ros/humble/lib/python3.10/site-packages:/opt/ros/humble/local/lib/python3.10/dist-packages /usr/bin/cmake --install /opt/erc_ws/build/omni_base_bringup
[3.744s] DEBUG:colcon.colcon_core.event_handler.log_command:Invoked command in '/opt/erc_ws/build/tiago_pro_head_description' returned '0': AMENT_PREFIX_PATH=/opt/erc_ws/install/launch_pal:/opt/erc_ws/install/tiago_pro_robot:/opt/erc_ws/install/tiago_pro_head_robot:/opt/erc_ws/install/tiago_pro_bringup:/opt/erc_ws/install/tiago_pro_head_bringup:/opt/erc_ws/install/erc_bringup:/opt/erc_ws/install/tiago_pro_description:/opt/erc_ws/install/tiago_pro_head_description:/opt/erc_ws/install/tiago_pro_controller_configuration:/opt/erc_ws/install/tiago_pro_head_controller_configuration:/opt/erc_ws/install/sensors:/opt/erc_ws/install/pal_sea_arm:/opt/erc_ws/install/pal_sea_arm_bringup:/opt/erc_ws/install/pal_sea_arm_description:/opt/erc_ws/install/pal_pro_gripper_simulation:/opt/erc_ws/install/pal_pro_gripper_bringup:/opt/erc_ws/install/pal_pro_gripper:/opt/erc_ws/install/pal_pro_gripper_description:/opt/erc_ws/install/pal_gripper_simulation:/opt/erc_ws/install/pal_gripper:/opt/erc_ws/install/pal_gripper_description:/opt/erc_ws/install/omni_base_robot:/opt/erc_ws/install/omni_base_bringup:/opt/erc_ws/install/omni_base_description:/opt/erc_ws/install/pal_urdf_utils:/opt/erc_ws/install/pal_sea_arm_controller_configuration:/opt/erc_ws/install/pal_pro_gripper_controller_configuration:/opt/erc_ws/install/pal_pro_gripper_wrapper:/opt/erc_ws/install/pal_gripper_controller_configuration:/opt/erc_ws/install/omni_base_controller_configuration:/opt/erc_ws/install/gz_ros2_control:/opt/erc_ws/install/erc_solution:/opt/erc_ws/install/erc_description:/opt/ros/humble CMAKE_PREFIX_PATH=/opt/erc_ws/install/tiago_pro_head_controller_configuration:/opt/erc_ws/install/pal_urdf_utils:/opt/erc_ws/install/tiago_pro_robot:/opt/erc_ws/install/tiago_pro_head_robot:/opt/erc_ws/install/tiago_pro_bringup:/opt/erc_ws/install/tiago_pro_head_bringup:/opt/erc_ws/install/erc_bringup:/opt/erc_ws/install/tiago_pro_description:/opt/erc_ws/install/tiago_pro_head_description:/opt/erc_ws/install/tiago_pro_controller_configuration:/opt/erc_ws/install/pal_sea_arm:/opt/erc_ws/install/pal_sea_arm_bringup:/opt/erc_ws/install/pal_sea_arm_description:/opt/erc_ws/install/pal_pro_gripper_simulation:/opt/erc_ws/install/pal_pro_gripper_bringup:/opt/erc_ws/install/pal_pro_gripper:/opt/erc_ws/install/pal_pro_gripper_description:/opt/erc_ws/install/pal_gripper_simulation:/opt/erc_ws/install/pal_gripper:/opt/erc_ws/install/pal_gripper_description:/opt/erc_ws/install/omni_base_robot:/opt/erc_ws/install/omni_base_bringup:/opt/erc_ws/install/omni_base_description:/opt/erc_ws/install/pal_sea_arm_controller_configuration:/opt/erc_ws/install/pal_pro_gripper_controller_configuration:/opt/erc_ws/install/pal_gripper_controller_configuration:/opt/erc_ws/install/omni_base_controller_configuration:/opt/erc_ws/install/gz_ros2_control:/opt/erc_ws/install/erc_description:/opt/erc_ws/install/sensors:/opt/erc_ws/install/pal_pro_gripper_wrapper:/opt/erc_ws/install/launch_pal:/opt/erc_ws/install/erc_solution:/opt/ros/humble PYTHONPATH=/opt/erc_ws/build/launch_pal:/opt/erc_ws/install/launch_pal/lib/python3.10/site-packages:/opt/erc_ws/install/tiago_pro_description/local/lib/python3.10/dist-packages:/opt/erc_ws/install/tiago_pro_head_description/local/lib/python3.10/dist-packages:/opt/erc_ws/build/sensors:/opt/erc_ws/install/sensors/lib/python3.10/site-packages:/opt/erc_ws/install/pal_sea_arm_description/local/lib/python3.10/dist-packages:/opt/erc_ws/install/pal_pro_gripper_description/local/lib/python3.10/dist-packages:/opt/erc_ws/install/omni_base_description/local/lib/python3.10/dist-packages:/opt/erc_ws/build/pal_pro_gripper_wrapper:/opt/erc_ws/install/pal_pro_gripper_wrapper/lib/python3.10/site-packages:/opt/erc_ws/build/erc_solution:/opt/erc_ws/install/erc_solution/lib/python3.10/site-packages:/opt/ros/humble/lib/python3.10/site-packages:/opt/ros/humble/local/lib/python3.10/dist-packages /usr/bin/cmake --build /opt/erc_ws/build/tiago_pro_head_description -- -j16 -l16
[3.751s] DEBUG:colcon.colcon_core.event_handler.log_command:Invoking command in '/opt/erc_ws/build/tiago_pro_head_description': AMENT_PREFIX_PATH=/opt/erc_ws/install/launch_pal:/opt/erc_ws/install/tiago_pro_robot:/opt/erc_ws/install/tiago_pro_head_robot:/opt/erc_ws/install/tiago_pro_bringup:/opt/erc_ws/install/tiago_pro_head_bringup:/opt/erc_ws/install/erc_bringup:/opt/erc_ws/install/tiago_pro_description:/opt/erc_ws/install/tiago_pro_head_description:/opt/erc_ws/install/tiago_pro_controller_configuration:/opt/erc_ws/install/tiago_pro_head_controller_configuration:/opt/erc_ws/install/sensors:/opt/erc_ws/install/pal_sea_arm:/opt/erc_ws/install/pal_sea_arm_bringup:/opt/erc_ws/install/pal_sea_arm_description:/opt/erc_ws/install/pal_pro_gripper_simulation:/opt/erc_ws/install/pal_pro_gripper_bringup:/opt/erc_ws/install/pal_pro_gripper:/opt/erc_ws/install/pal_pro_gripper_description:/opt/erc_ws/install/pal_gripper_simulation:/opt/erc_ws/install/pal_gripper:/opt/erc_ws/install/pal_gripper_description:/opt/erc_ws/install/omni_base_robot:/opt/erc_ws/install/omni_base_bringup:/opt/erc_ws/install/omni_base_description:/opt/erc_ws/install/pal_urdf_utils:/opt/erc_ws/install/pal_sea_arm_controller_configuration:/opt/erc_ws/install/pal_pro_gripper_controller_configuration:/opt/erc_ws/install/pal_pro_gripper_wrapper:/opt/erc_ws/install/pal_gripper_controller_configuration:/opt/erc_ws/install/omni_base_controller_configuration:/opt/erc_ws/install/gz_ros2_control:/opt/erc_ws/install/erc_solution:/opt/erc_ws/install/erc_description:/opt/ros/humble CMAKE_PREFIX_PATH=/opt/erc_ws/install/tiago_pro_head_controller_configuration:/opt/erc_ws/install/pal_urdf_utils:/opt/erc_ws/install/tiago_pro_robot:/opt/erc_ws/install/tiago_pro_head_robot:/opt/erc_ws/install/tiago_pro_bringup:/opt/erc_ws/install/tiago_pro_head_bringup:/opt/erc_ws/install/erc_bringup:/opt/erc_ws/install/tiago_pro_description:/opt/erc_ws/install/tiago_pro_head_description:/opt/erc_ws/install/tiago_pro_controller_configuration:/opt/erc_ws/install/pal_sea_arm:/opt/erc_ws/install/pal_sea_arm_bringup:/opt/erc_ws/install/pal_sea_arm_description:/opt/erc_ws/install/pal_pro_gripper_simulation:/opt/erc_ws/install/pal_pro_gripper_bringup:/opt/erc_ws/install/pal_pro_gripper:/opt/erc_ws/install/pal_pro_gripper_description:/opt/erc_ws/install/pal_gripper_simulation:/opt/erc_ws/install/pal_gripper:/opt/erc_ws/install/pal_gripper_description:/opt/erc_ws/install/omni_base_robot:/opt/erc_ws/install/omni_base_bringup:/opt/erc_ws/install/omni_base_description:/opt/erc_ws/install/pal_sea_arm_controller_configuration:/opt/erc_ws/install/pal_pro_gripper_controller_configuration:/opt/erc_ws/install/pal_gripper_controller_configuration:/opt/erc_ws/install/omni_base_controller_configuration:/opt/erc_ws/install/gz_ros2_control:/opt/erc_ws/install/erc_description:/opt/erc_ws/install/sensors:/opt/erc_ws/install/pal_pro_gripper_wrapper:/opt/erc_ws/install/launch_pal:/opt/erc_ws/install/erc_solution:/opt/ros/humble PYTHONPATH=/opt/erc_ws/build/launch_pal:/opt/erc_ws/install/launch_pal/lib/python3.10/site-packages:/opt/erc_ws/install/tiago_pro_description/local/lib/python3.10/dist-packages:/opt/erc_ws/install/tiago_pro_head_description/local/lib/python3.10/dist-packages:/opt/erc_ws/build/sensors:/opt/erc_ws/install/sensors/lib/python3.10/site-packages:/opt/erc_ws/install/pal_sea_arm_description/local/lib/python3.10/dist-packages:/opt/erc_ws/install/pal_pro_gripper_description/local/lib/python3.10/dist-packages:/opt/erc_ws/install/omni_base_description/local/lib/python3.10/dist-packages:/opt/erc_ws/build/pal_pro_gripper_wrapper:/opt/erc_ws/install/pal_pro_gripper_wrapper/lib/python3.10/site-packages:/opt/erc_ws/build/erc_solution:/opt/erc_ws/install/erc_solution/lib/python3.10/site-packages:/opt/ros/humble/lib/python3.10/site-packages:/opt/ros/humble/local/lib/python3.10/dist-packages /usr/bin/cmake --install /opt/erc_ws/build/tiago_pro_head_description
[3.761s] Level 1:colcon.colcon_core.environment:create_environment_scripts_only(omni_base_bringup)
[3.762s] Level 1:colcon.colcon_core.environment:checking '/opt/erc_ws/install/omni_base_bringup' for CMake module files
[3.763s] Level 1:colcon.colcon_core.environment:checking '/opt/erc_ws/install/omni_base_bringup' for CMake config files
[3.763s] Level 1:colcon.colcon_core.shell:create_environment_hook('omni_base_bringup', 'cmake_prefix_path')
[3.764s] INFO:colcon.colcon_core.shell:Creating environment hook '/opt/erc_ws/install/omni_base_bringup/share/omni_base_bringup/hook/cmake_prefix_path.ps1'
[3.765s] INFO:colcon.colcon_core.shell:Creating environment descriptor '/opt/erc_ws/install/omni_base_bringup/share/omni_base_bringup/hook/cmake_prefix_path.dsv'
[3.765s] INFO:colcon.colcon_core.shell:Creating environment hook '/opt/erc_ws/install/omni_base_bringup/share/omni_base_bringup/hook/cmake_prefix_path.sh'
[3.766s] DEBUG:colcon.colcon_core.event_handler.log_command:Invoked command in '/opt/erc_ws/build/omni_base_bringup' returned '0': AMENT_PREFIX_PATH=/opt/erc_ws/install/launch_pal:/opt/erc_ws/install/tiago_pro_robot:/opt/erc_ws/install/tiago_pro_head_robot:/opt/erc_ws/install/tiago_pro_bringup:/opt/erc_ws/install/tiago_pro_head_bringup:/opt/erc_ws/install/erc_bringup:/opt/erc_ws/install/tiago_pro_description:/opt/erc_ws/install/tiago_pro_head_description:/opt/erc_ws/install/tiago_pro_controller_configuration:/opt/erc_ws/install/tiago_pro_head_controller_configuration:/opt/erc_ws/install/sensors:/opt/erc_ws/install/pal_sea_arm:/opt/erc_ws/install/pal_sea_arm_bringup:/opt/erc_ws/install/pal_sea_arm_description:/opt/erc_ws/install/pal_pro_gripper_simulation:/opt/erc_ws/install/pal_pro_gripper_bringup:/opt/erc_ws/install/pal_pro_gripper:/opt/erc_ws/install/pal_pro_gripper_description:/opt/erc_ws/install/pal_gripper_simulation:/opt/erc_ws/install/pal_gripper:/opt/erc_ws/install/pal_gripper_description:/opt/erc_ws/install/omni_base_robot:/opt/erc_ws/install/omni_base_bringup:/opt/erc_ws/install/omni_base_description:/opt/erc_ws/install/pal_urdf_utils:/opt/erc_ws/install/pal_sea_arm_controller_configuration:/opt/erc_ws/install/pal_pro_gripper_controller_configuration:/opt/erc_ws/install/pal_pro_gripper_wrapper:/opt/erc_ws/install/pal_gripper_controller_configuration:/opt/erc_ws/install/omni_base_controller_configuration:/opt/erc_ws/install/gz_ros2_control:/opt/erc_ws/install/erc_solution:/opt/erc_ws/install/erc_description:/opt/ros/humble CMAKE_PREFIX_PATH=/opt/erc_ws/install/omni_base_description:/opt/erc_ws/install/pal_urdf_utils:/opt/erc_ws/install/omni_base_controller_configuration:/opt/erc_ws/install/tiago_pro_robot:/opt/erc_ws/install/tiago_pro_head_robot:/opt/erc_ws/install/tiago_pro_bringup:/opt/erc_ws/install/tiago_pro_head_bringup:/opt/erc_ws/install/erc_bringup:/opt/erc_ws/install/tiago_pro_description:/opt/erc_ws/install/tiago_pro_head_description:/opt/erc_ws/install/tiago_pro_controller_configuration:/opt/erc_ws/install/tiago_pro_head_controller_configuration:/opt/erc_ws/install/pal_sea_arm:/opt/erc_ws/install/pal_sea_arm_bringup:/opt/erc_ws/install/pal_sea_arm_description:/opt/erc_ws/install/pal_pro_gripper_simulation:/opt/erc_ws/install/pal_pro_gripper_bringup:/opt/erc_ws/install/pal_pro_gripper:/opt/erc_ws/install/pal_pro_gripper_description:/opt/erc_ws/install/pal_gripper_simulation:/opt/erc_ws/install/pal_gripper:/opt/erc_ws/install/pal_gripper_description:/opt/erc_ws/install/omni_base_robot:/opt/erc_ws/install/omni_base_bringup:/opt/erc_ws/install/pal_sea_arm_controller_configuration:/opt/erc_ws/install/pal_pro_gripper_controller_configuration:/opt/erc_ws/install/pal_gripper_controller_configuration:/opt/erc_ws/install/gz_ros2_control:/opt/erc_ws/install/erc_description:/opt/erc_ws/install/sensors:/opt/erc_ws/install/pal_pro_gripper_wrapper:/opt/erc_ws/install/launch_pal:/opt/erc_ws/install/erc_solution:/opt/ros/humble PYTHONPATH=/opt/erc_ws/build/launch_pal:/opt/erc_ws/install/launch_pal/lib/python3.10/site-packages:/opt/erc_ws/install/tiago_pro_description/local/lib/python3.10/dist-packages:/opt/erc_ws/install/tiago_pro_head_description/local/lib/python3.10/dist-packages:/opt/erc_ws/build/sensors:/opt/erc_ws/install/sensors/lib/python3.10/site-packages:/opt/erc_ws/install/pal_sea_arm_description/local/lib/python3.10/dist-packages:/opt/erc_ws/install/pal_pro_gripper_description/local/lib/python3.10/dist-packages:/opt/erc_ws/install/omni_base_description/local/lib/python3.10/dist-packages:/opt/erc_ws/build/pal_pro_gripper_wrapper:/opt/erc_ws/install/pal_pro_gripper_wrapper/lib/python3.10/site-packages:/opt/erc_ws/build/erc_solution:/opt/erc_ws/install/erc_solution/lib/python3.10/site-packages:/opt/ros/humble/lib/python3.10/site-packages:/opt/ros/humble/local/lib/python3.10/dist-packages /usr/bin/cmake --install /opt/erc_ws/build/omni_base_bringup
[3.772s] Level 1:colcon.colcon_core.environment:checking '/opt/erc_ws/install/omni_base_bringup/bin'
[3.772s] Level 1:colcon.colcon_core.environment:checking '/opt/erc_ws/install/omni_base_bringup/lib/pkgconfig/omni_base_bringup.pc'
[3.772s] Level 1:colcon.colcon_core.environment:checking '/opt/erc_ws/install/omni_base_bringup/lib/python3.10/site-packages'
[3.772s] Level 1:colcon.colcon_core.environment:checking '/opt/erc_ws/install/omni_base_bringup/bin'
[3.773s] INFO:colcon.colcon_core.shell:Creating package script '/opt/erc_ws/install/omni_base_bringup/share/omni_base_bringup/package.ps1'
[3.774s] INFO:colcon.colcon_core.shell:Creating package descriptor '/opt/erc_ws/install/omni_base_bringup/share/omni_base_bringup/package.dsv'
[3.774s] INFO:colcon.colcon_core.shell:Creating package script '/opt/erc_ws/install/omni_base_bringup/share/omni_base_bringup/package.sh'
[3.775s] INFO:colcon.colcon_core.shell:Creating package script '/opt/erc_ws/install/omni_base_bringup/share/omni_base_bringup/package.bash'
[3.775s] INFO:colcon.colcon_core.shell:Creating package script '/opt/erc_ws/install/omni_base_bringup/share/omni_base_bringup/package.zsh'
[3.776s] Level 1:colcon.colcon_core.environment:create_file_with_runtime_dependencies(/opt/erc_ws/install/omni_base_bringup/share/colcon-core/packages/omni_base_bringup)
[3.776s] Level 1:colcon.colcon_core.environment:create_environment_scripts_only(omni_base_bringup)
[3.777s] Level 1:colcon.colcon_core.environment:checking '/opt/erc_ws/install/omni_base_bringup' for CMake module files
[3.777s] Level 1:colcon.colcon_core.environment:checking '/opt/erc_ws/install/omni_base_bringup' for CMake config files
[3.779s] Level 1:colcon.colcon_core.shell:create_environment_hook('omni_base_bringup', 'cmake_prefix_path')
[3.779s] INFO:colcon.colcon_core.shell:Creating environment hook '/opt/erc_ws/install/omni_base_bringup/share/omni_base_bringup/hook/cmake_prefix_path.ps1'
[3.780s] INFO:colcon.colcon_core.shell:Creating environment descriptor '/opt/erc_ws/install/omni_base_bringup/share/omni_base_bringup/hook/cmake_prefix_path.dsv'
[3.781s] INFO:colcon.colcon_core.shell:Creating environment hook '/opt/erc_ws/install/omni_base_bringup/share/omni_base_bringup/hook/cmake_prefix_path.sh'
[3.782s] Level 1:colcon.colcon_core.environment:checking '/opt/erc_ws/install/omni_base_bringup/bin'
[3.782s] Level 1:colcon.colcon_core.environment:checking '/opt/erc_ws/install/omni_base_bringup/lib/pkgconfig/omni_base_bringup.pc'
[3.782s] Level 1:colcon.colcon_core.environment:checking '/opt/erc_ws/install/omni_base_bringup/lib/python3.10/site-packages'
[3.782s] Level 1:colcon.colcon_core.environment:checking '/opt/erc_ws/install/omni_base_bringup/bin'
[3.783s] INFO:colcon.colcon_core.shell:Creating package script '/opt/erc_ws/install/omni_base_bringup/share/omni_base_bringup/package.ps1'
[3.783s] INFO:colcon.colcon_core.shell:Creating package descriptor '/opt/erc_ws/install/omni_base_bringup/share/omni_base_bringup/package.dsv'
[3.784s] INFO:colcon.colcon_core.shell:Creating package script '/opt/erc_ws/install/omni_base_bringup/share/omni_base_bringup/package.sh'
[3.784s] INFO:colcon.colcon_core.shell:Creating package script '/opt/erc_ws/install/omni_base_bringup/share/omni_base_bringup/package.bash'
[3.785s] INFO:colcon.colcon_core.shell:Creating package script '/opt/erc_ws/install/omni_base_bringup/share/omni_base_bringup/package.zsh'
[3.785s] Level 1:colcon.colcon_core.environment:create_file_with_runtime_dependencies(/opt/erc_ws/install/omni_base_bringup/share/colcon-core/packages/omni_base_bringup)
[3.786s] INFO:colcon.colcon_ros.task.ament_cmake.build:Building ROS package in '/opt/erc_ws/src/omni_base_robot/omni_base_robot' with build type 'ament_cmake'
[3.786s] INFO:colcon.colcon_cmake.task.cmake.build:Building CMake package in '/opt/erc_ws/src/omni_base_robot/omni_base_robot'
[3.787s] INFO:colcon.colcon_core.shell:Skip shell extension 'powershell' for command environment: Not usable outside of PowerShell
[3.787s] DEBUG:colcon.colcon_core.shell:Skip shell extension 'dsv' for command environment
[3.812s] DEBUG:colcon.colcon_core.event_handler.log_command:Invoking command in '/opt/erc_ws/build/omni_base_robot': AMENT_PREFIX_PATH=/opt/erc_ws/install/launch_pal:/opt/erc_ws/install/tiago_pro_robot:/opt/erc_ws/install/tiago_pro_head_robot:/opt/erc_ws/install/tiago_pro_bringup:/opt/erc_ws/install/tiago_pro_head_bringup:/opt/erc_ws/install/erc_bringup:/opt/erc_ws/install/tiago_pro_description:/opt/erc_ws/install/tiago_pro_head_description:/opt/erc_ws/install/tiago_pro_controller_configuration:/opt/erc_ws/install/tiago_pro_head_controller_configuration:/opt/erc_ws/install/sensors:/opt/erc_ws/install/pal_sea_arm:/opt/erc_ws/install/pal_sea_arm_bringup:/opt/erc_ws/install/pal_sea_arm_description:/opt/erc_ws/install/pal_pro_gripper_simulation:/opt/erc_ws/install/pal_pro_gripper_bringup:/opt/erc_ws/install/pal_pro_gripper:/opt/erc_ws/install/pal_pro_gripper_description:/opt/erc_ws/install/pal_gripper_simulation:/opt/erc_ws/install/pal_gripper:/opt/erc_ws/install/pal_gripper_description:/opt/erc_ws/install/omni_base_robot:/opt/erc_ws/install/omni_base_bringup:/opt/erc_ws/install/omni_base_description:/opt/erc_ws/install/pal_urdf_utils:/opt/erc_ws/install/pal_sea_arm_controller_configuration:/opt/erc_ws/install/pal_pro_gripper_controller_configuration:/opt/erc_ws/install/pal_pro_gripper_wrapper:/opt/erc_ws/install/pal_gripper_controller_configuration:/opt/erc_ws/install/omni_base_controller_configuration:/opt/erc_ws/install/gz_ros2_control:/opt/erc_ws/install/erc_solution:/opt/erc_ws/install/erc_description:/opt/ros/humble CMAKE_PREFIX_PATH=/opt/erc_ws/install/omni_base_bringup:/opt/erc_ws/install/omni_base_description:/opt/erc_ws/install/pal_urdf_utils:/opt/erc_ws/install/omni_base_controller_configuration:/opt/erc_ws/install/tiago_pro_robot:/opt/erc_ws/install/tiago_pro_head_robot:/opt/erc_ws/install/tiago_pro_bringup:/opt/erc_ws/install/tiago_pro_head_bringup:/opt/erc_ws/install/erc_bringup:/opt/erc_ws/install/tiago_pro_description:/opt/erc_ws/install/tiago_pro_head_description:/opt/erc_ws/install/tiago_pro_controller_configuration:/opt/erc_ws/install/tiago_pro_head_controller_configuration:/opt/erc_ws/install/pal_sea_arm:/opt/erc_ws/install/pal_sea_arm_bringup:/opt/erc_ws/install/pal_sea_arm_description:/opt/erc_ws/install/pal_pro_gripper_simulation:/opt/erc_ws/install/pal_pro_gripper_bringup:/opt/erc_ws/install/pal_pro_gripper:/opt/erc_ws/install/pal_pro_gripper_description:/opt/erc_ws/install/pal_gripper_simulation:/opt/erc_ws/install/pal_gripper:/opt/erc_ws/install/pal_gripper_description:/opt/erc_ws/install/omni_base_robot:/opt/erc_ws/install/pal_sea_arm_controller_configuration:/opt/erc_ws/install/pal_pro_gripper_controller_configuration:/opt/erc_ws/install/pal_gripper_controller_configuration:/opt/erc_ws/install/gz_ros2_control:/opt/erc_ws/install/erc_description:/opt/erc_ws/install/sensors:/opt/erc_ws/install/pal_pro_gripper_wrapper:/opt/erc_ws/install/launch_pal:/opt/erc_ws/install/erc_solution:/opt/ros/humble PYTHONPATH=/opt/erc_ws/build/launch_pal:/opt/erc_ws/install/launch_pal/lib/python3.10/site-packages:/opt/erc_ws/install/tiago_pro_description/local/lib/python3.10/dist-packages:/opt/erc_ws/install/tiago_pro_head_description/local/lib/python3.10/dist-packages:/opt/erc_ws/build/sensors:/opt/erc_ws/install/sensors/lib/python3.10/site-packages:/opt/erc_ws/install/pal_sea_arm_description/local/lib/python3.10/dist-packages:/opt/erc_ws/install/pal_pro_gripper_description/local/lib/python3.10/dist-packages:/opt/erc_ws/install/omni_base_description/local/lib/python3.10/dist-packages:/opt/erc_ws/build/pal_pro_gripper_wrapper:/opt/erc_ws/install/pal_pro_gripper_wrapper/lib/python3.10/site-packages:/opt/erc_ws/build/erc_solution:/opt/erc_ws/install/erc_solution/lib/python3.10/site-packages:/opt/ros/humble/lib/python3.10/site-packages:/opt/ros/humble/local/lib/python3.10/dist-packages /usr/bin/cmake --build /opt/erc_ws/build/omni_base_robot -- -j16 -l16
[3.828s] Level 1:colcon.colcon_core.environment:create_environment_scripts_only(tiago_pro_head_description)
[3.828s] Level 1:colcon.colcon_core.environment:checking '/opt/erc_ws/install/tiago_pro_head_description' for CMake module files
[3.829s] DEBUG:colcon.colcon_core.event_handler.log_command:Invoked command in '/opt/erc_ws/build/tiago_pro_head_description' returned '0': AMENT_PREFIX_PATH=/opt/erc_ws/install/launch_pal:/opt/erc_ws/install/tiago_pro_robot:/opt/erc_ws/install/tiago_pro_head_robot:/opt/erc_ws/install/tiago_pro_bringup:/opt/erc_ws/install/tiago_pro_head_bringup:/opt/erc_ws/install/erc_bringup:/opt/erc_ws/install/tiago_pro_description:/opt/erc_ws/install/tiago_pro_head_description:/opt/erc_ws/install/tiago_pro_controller_configuration:/opt/erc_ws/install/tiago_pro_head_controller_configuration:/opt/erc_ws/install/sensors:/opt/erc_ws/install/pal_sea_arm:/opt/erc_ws/install/pal_sea_arm_bringup:/opt/erc_ws/install/pal_sea_arm_description:/opt/erc_ws/install/pal_pro_gripper_simulation:/opt/erc_ws/install/pal_pro_gripper_bringup:/opt/erc_ws/install/pal_pro_gripper:/opt/erc_ws/install/pal_pro_gripper_description:/opt/erc_ws/install/pal_gripper_simulation:/opt/erc_ws/install/pal_gripper:/opt/erc_ws/install/pal_gripper_description:/opt/erc_ws/install/omni_base_robot:/opt/erc_ws/install/omni_base_bringup:/opt/erc_ws/install/omni_base_description:/opt/erc_ws/install/pal_urdf_utils:/opt/erc_ws/install/pal_sea_arm_controller_configuration:/opt/erc_ws/install/pal_pro_gripper_controller_configuration:/opt/erc_ws/install/pal_pro_gripper_wrapper:/opt/erc_ws/install/pal_gripper_controller_configuration:/opt/erc_ws/install/omni_base_controller_configuration:/opt/erc_ws/install/gz_ros2_control:/opt/erc_ws/install/erc_solution:/opt/erc_ws/install/erc_description:/opt/ros/humble CMAKE_PREFIX_PATH=/opt/erc_ws/install/tiago_pro_head_controller_configuration:/opt/erc_ws/install/pal_urdf_utils:/opt/erc_ws/install/tiago_pro_robot:/opt/erc_ws/install/tiago_pro_head_robot:/opt/erc_ws/install/tiago_pro_bringup:/opt/erc_ws/install/tiago_pro_head_bringup:/opt/erc_ws/install/erc_bringup:/opt/erc_ws/install/tiago_pro_description:/opt/erc_ws/install/tiago_pro_head_description:/opt/erc_ws/install/tiago_pro_controller_configuration:/opt/erc_ws/install/pal_sea_arm:/opt/erc_ws/install/pal_sea_arm_bringup:/opt/erc_ws/install/pal_sea_arm_description:/opt/erc_ws/install/pal_pro_gripper_simulation:/opt/erc_ws/install/pal_pro_gripper_bringup:/opt/erc_ws/install/pal_pro_gripper:/opt/erc_ws/install/pal_pro_gripper_description:/opt/erc_ws/install/pal_gripper_simulation:/opt/erc_ws/install/pal_gripper:/opt/erc_ws/install/pal_gripper_description:/opt/erc_ws/install/omni_base_robot:/opt/erc_ws/install/omni_base_bringup:/opt/erc_ws/install/omni_base_description:/opt/erc_ws/install/pal_sea_arm_controller_configuration:/opt/erc_ws/install/pal_pro_gripper_controller_configuration:/opt/erc_ws/install/pal_gripper_controller_configuration:/opt/erc_ws/install/omni_base_controller_configuration:/opt/erc_ws/install/gz_ros2_control:/opt/erc_ws/install/erc_description:/opt/erc_ws/install/sensors:/opt/erc_ws/install/pal_pro_gripper_wrapper:/opt/erc_ws/install/launch_pal:/opt/erc_ws/install/erc_solution:/opt/ros/humble PYTHONPATH=/opt/erc_ws/build/launch_pal:/opt/erc_ws/install/launch_pal/lib/python3.10/site-packages:/opt/erc_ws/install/tiago_pro_description/local/lib/python3.10/dist-packages:/opt/erc_ws/install/tiago_pro_head_description/local/lib/python3.10/dist-packages:/opt/erc_ws/build/sensors:/opt/erc_ws/install/sensors/lib/python3.10/site-packages:/opt/erc_ws/install/pal_sea_arm_description/local/lib/python3.10/dist-packages:/opt/erc_ws/install/pal_pro_gripper_description/local/lib/python3.10/dist-packages:/opt/erc_ws/install/omni_base_description/local/lib/python3.10/dist-packages:/opt/erc_ws/build/pal_pro_gripper_wrapper:/opt/erc_ws/install/pal_pro_gripper_wrapper/lib/python3.10/site-packages:/opt/erc_ws/build/erc_solution:/opt/erc_ws/install/erc_solution/lib/python3.10/site-packages:/opt/ros/humble/lib/python3.10/site-packages:/opt/ros/humble/local/lib/python3.10/dist-packages /usr/bin/cmake --install /opt/erc_ws/build/tiago_pro_head_description
[3.830s] Level 1:colcon.colcon_core.environment:checking '/opt/erc_ws/install/tiago_pro_head_description' for CMake config files
[3.830s] Level 1:colcon.colcon_core.shell:create_environment_hook('tiago_pro_head_description', 'cmake_prefix_path')
[3.830s] INFO:colcon.colcon_core.shell:Creating environment hook '/opt/erc_ws/install/tiago_pro_head_description/share/tiago_pro_head_description/hook/cmake_prefix_path.ps1'
[3.831s] INFO:colcon.colcon_core.shell:Creating environment descriptor '/opt/erc_ws/install/tiago_pro_head_description/share/tiago_pro_head_description/hook/cmake_prefix_path.dsv'
[3.831s] INFO:colcon.colcon_core.shell:Creating environment hook '/opt/erc_ws/install/tiago_pro_head_description/share/tiago_pro_head_description/hook/cmake_prefix_path.sh'
[3.832s] Level 1:colcon.colcon_core.environment:checking '/opt/erc_ws/install/tiago_pro_head_description/bin'
[3.832s] Level 1:colcon.colcon_core.environment:checking '/opt/erc_ws/install/tiago_pro_head_description/lib/pkgconfig/tiago_pro_head_description.pc'
[3.832s] Level 1:colcon.colcon_core.environment:checking '/opt/erc_ws/install/tiago_pro_head_description/lib/python3.10/site-packages'
[3.833s] Level 1:colcon.colcon_core.environment:checking '/opt/erc_ws/install/tiago_pro_head_description/bin'
[3.833s] INFO:colcon.colcon_core.shell:Creating package script '/opt/erc_ws/install/tiago_pro_head_description/share/tiago_pro_head_description/package.ps1'
[3.834s] INFO:colcon.colcon_core.shell:Creating package descriptor '/opt/erc_ws/install/tiago_pro_head_description/share/tiago_pro_head_description/package.dsv'
[3.834s] INFO:colcon.colcon_core.shell:Creating package script '/opt/erc_ws/install/tiago_pro_head_description/share/tiago_pro_head_description/package.sh'
[3.835s] INFO:colcon.colcon_core.shell:Creating package script '/opt/erc_ws/install/tiago_pro_head_description/share/tiago_pro_head_description/package.bash'
[3.835s] INFO:colcon.colcon_core.shell:Creating package script '/opt/erc_ws/install/tiago_pro_head_description/share/tiago_pro_head_description/package.zsh'
[3.836s] Level 1:colcon.colcon_core.environment:create_file_with_runtime_dependencies(/opt/erc_ws/install/tiago_pro_head_description/share/colcon-core/packages/tiago_pro_head_description)
[3.836s] Level 1:colcon.colcon_core.environment:create_environment_scripts_only(tiago_pro_head_description)
[3.837s] Level 1:colcon.colcon_core.environment:checking '/opt/erc_ws/install/tiago_pro_head_description' for CMake module files
[3.837s] Level 1:colcon.colcon_core.environment:checking '/opt/erc_ws/install/tiago_pro_head_description' for CMake config files
[3.838s] Level 1:colcon.colcon_core.shell:create_environment_hook('tiago_pro_head_description', 'cmake_prefix_path')
[3.838s] INFO:colcon.colcon_core.shell:Creating environment hook '/opt/erc_ws/install/tiago_pro_head_description/share/tiago_pro_head_description/hook/cmake_prefix_path.ps1'
[3.838s] INFO:colcon.colcon_core.shell:Creating environment descriptor '/opt/erc_ws/install/tiago_pro_head_description/share/tiago_pro_head_description/hook/cmake_prefix_path.dsv'
[3.839s] INFO:colcon.colcon_core.shell:Creating environment hook '/opt/erc_ws/install/tiago_pro_head_description/share/tiago_pro_head_description/hook/cmake_prefix_path.sh'
[3.839s] Level 1:colcon.colcon_core.environment:checking '/opt/erc_ws/install/tiago_pro_head_description/bin'
[3.839s] Level 1:colcon.colcon_core.environment:checking '/opt/erc_ws/install/tiago_pro_head_description/lib/pkgconfig/tiago_pro_head_description.pc'
[3.840s] Level 1:colcon.colcon_core.environment:checking '/opt/erc_ws/install/tiago_pro_head_description/lib/python3.10/site-packages'
[3.840s] Level 1:colcon.colcon_core.environment:checking '/opt/erc_ws/install/tiago_pro_head_description/bin'
[3.841s] INFO:colcon.colcon_core.shell:Creating package script '/opt/erc_ws/install/tiago_pro_head_description/share/tiago_pro_head_description/package.ps1'
[3.842s] INFO:colcon.colcon_core.shell:Creating package descriptor '/opt/erc_ws/install/tiago_pro_head_description/share/tiago_pro_head_description/package.dsv'
[3.843s] INFO:colcon.colcon_core.shell:Creating package script '/opt/erc_ws/install/tiago_pro_head_description/share/tiago_pro_head_description/package.sh'
[3.844s] INFO:colcon.colcon_core.shell:Creating package script '/opt/erc_ws/install/tiago_pro_head_description/share/tiago_pro_head_description/package.bash'
[3.845s] INFO:colcon.colcon_core.shell:Creating package script '/opt/erc_ws/install/tiago_pro_head_description/share/tiago_pro_head_description/package.zsh'
[3.846s] Level 1:colcon.colcon_core.environment:create_file_with_runtime_dependencies(/opt/erc_ws/install/tiago_pro_head_description/share/colcon-core/packages/tiago_pro_head_description)
[3.846s] INFO:colcon.colcon_ros.task.ament_cmake.build:Building ROS package in '/opt/erc_ws/src/tiago_pro_head_robot/tiago_pro_head_bringup' with build type 'ament_cmake'
[3.846s] INFO:colcon.colcon_cmake.task.cmake.build:Building CMake package in '/opt/erc_ws/src/tiago_pro_head_robot/tiago_pro_head_bringup'
[3.846s] INFO:colcon.colcon_core.shell:Skip shell extension 'powershell' for command environment: Not usable outside of PowerShell
[3.847s] DEBUG:colcon.colcon_core.shell:Skip shell extension 'dsv' for command environment
[3.860s] DEBUG:colcon.colcon_core.event_handler.log_command:Invoked command in '/opt/erc_ws/build/omni_base_robot' returned '0': AMENT_PREFIX_PATH=/opt/erc_ws/install/launch_pal:/opt/erc_ws/install/tiago_pro_robot:/opt/erc_ws/install/tiago_pro_head_robot:/opt/erc_ws/install/tiago_pro_bringup:/opt/erc_ws/install/tiago_pro_head_bringup:/opt/erc_ws/install/erc_bringup:/opt/erc_ws/install/tiago_pro_description:/opt/erc_ws/install/tiago_pro_head_description:/opt/erc_ws/install/tiago_pro_controller_configuration:/opt/erc_ws/install/tiago_pro_head_controller_configuration:/opt/erc_ws/install/sensors:/opt/erc_ws/install/pal_sea_arm:/opt/erc_ws/install/pal_sea_arm_bringup:/opt/erc_ws/install/pal_sea_arm_description:/opt/erc_ws/install/pal_pro_gripper_simulation:/opt/erc_ws/install/pal_pro_gripper_bringup:/opt/erc_ws/install/pal_pro_gripper:/opt/erc_ws/install/pal_pro_gripper_description:/opt/erc_ws/install/pal_gripper_simulation:/opt/erc_ws/install/pal_gripper:/opt/erc_ws/install/pal_gripper_description:/opt/erc_ws/install/omni_base_robot:/opt/erc_ws/install/omni_base_bringup:/opt/erc_ws/install/omni_base_description:/opt/erc_ws/install/pal_urdf_utils:/opt/erc_ws/install/pal_sea_arm_controller_configuration:/opt/erc_ws/install/pal_pro_gripper_controller_configuration:/opt/erc_ws/install/pal_pro_gripper_wrapper:/opt/erc_ws/install/pal_gripper_controller_configuration:/opt/erc_ws/install/omni_base_controller_configuration:/opt/erc_ws/install/gz_ros2_control:/opt/erc_ws/install/erc_solution:/opt/erc_ws/install/erc_description:/opt/ros/humble CMAKE_PREFIX_PATH=/opt/erc_ws/install/omni_base_bringup:/opt/erc_ws/install/omni_base_description:/opt/erc_ws/install/pal_urdf_utils:/opt/erc_ws/install/omni_base_controller_configuration:/opt/erc_ws/install/tiago_pro_robot:/opt/erc_ws/install/tiago_pro_head_robot:/opt/erc_ws/install/tiago_pro_bringup:/opt/erc_ws/install/tiago_pro_head_bringup:/opt/erc_ws/install/erc_bringup:/opt/erc_ws/install/tiago_pro_description:/opt/erc_ws/install/tiago_pro_head_description:/opt/erc_ws/install/tiago_pro_controller_configuration:/opt/erc_ws/install/tiago_pro_head_controller_configuration:/opt/erc_ws/install/pal_sea_arm:/opt/erc_ws/install/pal_sea_arm_bringup:/opt/erc_ws/install/pal_sea_arm_description:/opt/erc_ws/install/pal_pro_gripper_simulation:/opt/erc_ws/install/pal_pro_gripper_bringup:/opt/erc_ws/install/pal_pro_gripper:/opt/erc_ws/install/pal_pro_gripper_description:/opt/erc_ws/install/pal_gripper_simulation:/opt/erc_ws/install/pal_gripper:/opt/erc_ws/install/pal_gripper_description:/opt/erc_ws/install/omni_base_robot:/opt/erc_ws/install/pal_sea_arm_controller_configuration:/opt/erc_ws/install/pal_pro_gripper_controller_configuration:/opt/erc_ws/install/pal_gripper_controller_configuration:/opt/erc_ws/install/gz_ros2_control:/opt/erc_ws/install/erc_description:/opt/erc_ws/install/sensors:/opt/erc_ws/install/pal_pro_gripper_wrapper:/opt/erc_ws/install/launch_pal:/opt/erc_ws/install/erc_solution:/opt/ros/humble PYTHONPATH=/opt/erc_ws/build/launch_pal:/opt/erc_ws/install/launch_pal/lib/python3.10/site-packages:/opt/erc_ws/install/tiago_pro_description/local/lib/python3.10/dist-packages:/opt/erc_ws/install/tiago_pro_head_description/local/lib/python3.10/dist-packages:/opt/erc_ws/build/sensors:/opt/erc_ws/install/sensors/lib/python3.10/site-packages:/opt/erc_ws/install/pal_sea_arm_description/local/lib/python3.10/dist-packages:/opt/erc_ws/install/pal_pro_gripper_description/local/lib/python3.10/dist-packages:/opt/erc_ws/install/omni_base_description/local/lib/python3.10/dist-packages:/opt/erc_ws/build/pal_pro_gripper_wrapper:/opt/erc_ws/install/pal_pro_gripper_wrapper/lib/python3.10/site-packages:/opt/erc_ws/build/erc_solution:/opt/erc_ws/install/erc_solution/lib/python3.10/site-packages:/opt/ros/humble/lib/python3.10/site-packages:/opt/ros/humble/local/lib/python3.10/dist-packages /usr/bin/cmake --build /opt/erc_ws/build/omni_base_robot -- -j16 -l16
[3.863s] DEBUG:colcon.colcon_core.event_handler.log_command:Invoking command in '/opt/erc_ws/build/omni_base_robot': AMENT_PREFIX_PATH=/opt/erc_ws/install/launch_pal:/opt/erc_ws/install/tiago_pro_robot:/opt/erc_ws/install/tiago_pro_head_robot:/opt/erc_ws/install/tiago_pro_bringup:/opt/erc_ws/install/tiago_pro_head_bringup:/opt/erc_ws/install/erc_bringup:/opt/erc_ws/install/tiago_pro_description:/opt/erc_ws/install/tiago_pro_head_description:/opt/erc_ws/install/tiago_pro_controller_configuration:/opt/erc_ws/install/tiago_pro_head_controller_configuration:/opt/erc_ws/install/sensors:/opt/erc_ws/install/pal_sea_arm:/opt/erc_ws/install/pal_sea_arm_bringup:/opt/erc_ws/install/pal_sea_arm_description:/opt/erc_ws/install/pal_pro_gripper_simulation:/opt/erc_ws/install/pal_pro_gripper_bringup:/opt/erc_ws/install/pal_pro_gripper:/opt/erc_ws/install/pal_pro_gripper_description:/opt/erc_ws/install/pal_gripper_simulation:/opt/erc_ws/install/pal_gripper:/opt/erc_ws/install/pal_gripper_description:/opt/erc_ws/install/omni_base_robot:/opt/erc_ws/install/omni_base_bringup:/opt/erc_ws/install/omni_base_description:/opt/erc_ws/install/pal_urdf_utils:/opt/erc_ws/install/pal_sea_arm_controller_configuration:/opt/erc_ws/install/pal_pro_gripper_controller_configuration:/opt/erc_ws/install/pal_pro_gripper_wrapper:/opt/erc_ws/install/pal_gripper_controller_configuration:/opt/erc_ws/install/omni_base_controller_configuration:/opt/erc_ws/install/gz_ros2_control:/opt/erc_ws/install/erc_solution:/opt/erc_ws/install/erc_description:/opt/ros/humble CMAKE_PREFIX_PATH=/opt/erc_ws/install/omni_base_bringup:/opt/erc_ws/install/omni_base_description:/opt/erc_ws/install/pal_urdf_utils:/opt/erc_ws/install/omni_base_controller_configuration:/opt/erc_ws/install/tiago_pro_robot:/opt/erc_ws/install/tiago_pro_head_robot:/opt/erc_ws/install/tiago_pro_bringup:/opt/erc_ws/install/tiago_pro_head_bringup:/opt/erc_ws/install/erc_bringup:/opt/erc_ws/install/tiago_pro_description:/opt/erc_ws/install/tiago_pro_head_description:/opt/erc_ws/install/tiago_pro_controller_configuration:/opt/erc_ws/install/tiago_pro_head_controller_configuration:/opt/erc_ws/install/pal_sea_arm:/opt/erc_ws/install/pal_sea_arm_bringup:/opt/erc_ws/install/pal_sea_arm_description:/opt/erc_ws/install/pal_pro_gripper_simulation:/opt/erc_ws/install/pal_pro_gripper_bringup:/opt/erc_ws/install/pal_pro_gripper:/opt/erc_ws/install/pal_pro_gripper_description:/opt/erc_ws/install/pal_gripper_simulation:/opt/erc_ws/install/pal_gripper:/opt/erc_ws/install/pal_gripper_description:/opt/erc_ws/install/omni_base_robot:/opt/erc_ws/install/pal_sea_arm_controller_configuration:/opt/erc_ws/install/pal_pro_gripper_controller_configuration:/opt/erc_ws/install/pal_gripper_controller_configuration:/opt/erc_ws/install/gz_ros2_control:/opt/erc_ws/install/erc_description:/opt/erc_ws/install/sensors:/opt/erc_ws/install/pal_pro_gripper_wrapper:/opt/erc_ws/install/launch_pal:/opt/erc_ws/install/erc_solution:/opt/ros/humble PYTHONPATH=/opt/erc_ws/build/launch_pal:/opt/erc_ws/install/launch_pal/lib/python3.10/site-packages:/opt/erc_ws/install/tiago_pro_description/local/lib/python3.10/dist-packages:/opt/erc_ws/install/tiago_pro_head_description/local/lib/python3.10/dist-packages:/opt/erc_ws/build/sensors:/opt/erc_ws/install/sensors/lib/python3.10/site-packages:/opt/erc_ws/install/pal_sea_arm_description/local/lib/python3.10/dist-packages:/opt/erc_ws/install/pal_pro_gripper_description/local/lib/python3.10/dist-packages:/opt/erc_ws/install/omni_base_description/local/lib/python3.10/dist-packages:/opt/erc_ws/build/pal_pro_gripper_wrapper:/opt/erc_ws/install/pal_pro_gripper_wrapper/lib/python3.10/site-packages:/opt/erc_ws/build/erc_solution:/opt/erc_ws/install/erc_solution/lib/python3.10/site-packages:/opt/ros/humble/lib/python3.10/site-packages:/opt/ros/humble/local/lib/python3.10/dist-packages /usr/bin/cmake --install /opt/erc_ws/build/omni_base_robot
[3.880s] DEBUG:colcon.colcon_core.event_handler.log_command:Invoking command in '/opt/erc_ws/build/tiago_pro_head_bringup': AMENT_PREFIX_PATH=/opt/erc_ws/install/launch_pal:/opt/erc_ws/install/tiago_pro_robot:/opt/erc_ws/install/tiago_pro_head_robot:/opt/erc_ws/install/tiago_pro_bringup:/opt/erc_ws/install/tiago_pro_head_bringup:/opt/erc_ws/install/erc_bringup:/opt/erc_ws/install/tiago_pro_description:/opt/erc_ws/install/tiago_pro_head_description:/opt/erc_ws/install/tiago_pro_controller_configuration:/opt/erc_ws/install/tiago_pro_head_controller_configuration:/opt/erc_ws/install/sensors:/opt/erc_ws/install/pal_sea_arm:/opt/erc_ws/install/pal_sea_arm_bringup:/opt/erc_ws/install/pal_sea_arm_description:/opt/erc_ws/install/pal_pro_gripper_simulation:/opt/erc_ws/install/pal_pro_gripper_bringup:/opt/erc_ws/install/pal_pro_gripper:/opt/erc_ws/install/pal_pro_gripper_description:/opt/erc_ws/install/pal_gripper_simulation:/opt/erc_ws/install/pal_gripper:/opt/erc_ws/install/pal_gripper_description:/opt/erc_ws/install/omni_base_robot:/opt/erc_ws/install/omni_base_bringup:/opt/erc_ws/install/omni_base_description:/opt/erc_ws/install/pal_urdf_utils:/opt/erc_ws/install/pal_sea_arm_controller_configuration:/opt/erc_ws/install/pal_pro_gripper_controller_configuration:/opt/erc_ws/install/pal_pro_gripper_wrapper:/opt/erc_ws/install/pal_gripper_controller_configuration:/opt/erc_ws/install/omni_base_controller_configuration:/opt/erc_ws/install/gz_ros2_control:/opt/erc_ws/install/erc_solution:/opt/erc_ws/install/erc_description:/opt/ros/humble CMAKE_PREFIX_PATH=/opt/erc_ws/install/tiago_pro_head_description:/opt/erc_ws/install/tiago_pro_head_controller_configuration:/opt/erc_ws/install/pal_urdf_utils:/opt/erc_ws/install/tiago_pro_robot:/opt/erc_ws/install/tiago_pro_head_robot:/opt/erc_ws/install/tiago_pro_bringup:/opt/erc_ws/install/tiago_pro_head_bringup:/opt/erc_ws/install/erc_bringup:/opt/erc_ws/install/tiago_pro_description:/opt/erc_ws/install/tiago_pro_controller_configuration:/opt/erc_ws/install/pal_sea_arm:/opt/erc_ws/install/pal_sea_arm_bringup:/opt/erc_ws/install/pal_sea_arm_description:/opt/erc_ws/install/pal_pro_gripper_simulation:/opt/erc_ws/install/pal_pro_gripper_bringup:/opt/erc_ws/install/pal_pro_gripper:/opt/erc_ws/install/pal_pro_gripper_description:/opt/erc_ws/install/pal_gripper_simulation:/opt/erc_ws/install/pal_gripper:/opt/erc_ws/install/pal_gripper_description:/opt/erc_ws/install/omni_base_robot:/opt/erc_ws/install/omni_base_bringup:/opt/erc_ws/install/omni_base_description:/opt/erc_ws/install/pal_sea_arm_controller_configuration:/opt/erc_ws/install/pal_pro_gripper_controller_configuration:/opt/erc_ws/install/pal_gripper_controller_configuration:/opt/erc_ws/install/omni_base_controller_configuration:/opt/erc_ws/install/gz_ros2_control:/opt/erc_ws/install/erc_description:/opt/erc_ws/install/sensors:/opt/erc_ws/install/pal_pro_gripper_wrapper:/opt/erc_ws/install/launch_pal:/opt/erc_ws/install/erc_solution:/opt/ros/humble PYTHONPATH=/opt/erc_ws/build/launch_pal:/opt/erc_ws/install/launch_pal/lib/python3.10/site-packages:/opt/erc_ws/install/tiago_pro_description/local/lib/python3.10/dist-packages:/opt/erc_ws/install/tiago_pro_head_description/local/lib/python3.10/dist-packages:/opt/erc_ws/build/sensors:/opt/erc_ws/install/sensors/lib/python3.10/site-packages:/opt/erc_ws/install/pal_sea_arm_description/local/lib/python3.10/dist-packages:/opt/erc_ws/install/pal_pro_gripper_description/local/lib/python3.10/dist-packages:/opt/erc_ws/install/omni_base_description/local/lib/python3.10/dist-packages:/opt/erc_ws/build/pal_pro_gripper_wrapper:/opt/erc_ws/install/pal_pro_gripper_wrapper/lib/python3.10/site-packages:/opt/erc_ws/build/erc_solution:/opt/erc_ws/install/erc_solution/lib/python3.10/site-packages:/opt/ros/humble/lib/python3.10/site-packages:/opt/ros/humble/local/lib/python3.10/dist-packages /usr/bin/cmake --build /opt/erc_ws/build/tiago_pro_head_bringup -- -j16 -l16
[3.891s] Level 1:colcon.colcon_core.environment:create_environment_scripts_only(omni_base_robot)
[3.891s] Level 1:colcon.colcon_core.environment:checking '/opt/erc_ws/install/omni_base_robot' for CMake module files
[3.892s] DEBUG:colcon.colcon_core.event_handler.log_command:Invoked command in '/opt/erc_ws/build/omni_base_robot' returned '0': AMENT_PREFIX_PATH=/opt/erc_ws/install/launch_pal:/opt/erc_ws/install/tiago_pro_robot:/opt/erc_ws/install/tiago_pro_head_robot:/opt/erc_ws/install/tiago_pro_bringup:/opt/erc_ws/install/tiago_pro_head_bringup:/opt/erc_ws/install/erc_bringup:/opt/erc_ws/install/tiago_pro_description:/opt/erc_ws/install/tiago_pro_head_description:/opt/erc_ws/install/tiago_pro_controller_configuration:/opt/erc_ws/install/tiago_pro_head_controller_configuration:/opt/erc_ws/install/sensors:/opt/erc_ws/install/pal_sea_arm:/opt/erc_ws/install/pal_sea_arm_bringup:/opt/erc_ws/install/pal_sea_arm_description:/opt/erc_ws/install/pal_pro_gripper_simulation:/opt/erc_ws/install/pal_pro_gripper_bringup:/opt/erc_ws/install/pal_pro_gripper:/opt/erc_ws/install/pal_pro_gripper_description:/opt/erc_ws/install/pal_gripper_simulation:/opt/erc_ws/install/pal_gripper:/opt/erc_ws/install/pal_gripper_description:/opt/erc_ws/install/omni_base_robot:/opt/erc_ws/install/omni_base_bringup:/opt/erc_ws/install/omni_base_description:/opt/erc_ws/install/pal_urdf_utils:/opt/erc_ws/install/pal_sea_arm_controller_configuration:/opt/erc_ws/install/pal_pro_gripper_controller_configuration:/opt/erc_ws/install/pal_pro_gripper_wrapper:/opt/erc_ws/install/pal_gripper_controller_configuration:/opt/erc_ws/install/omni_base_controller_configuration:/opt/erc_ws/install/gz_ros2_control:/opt/erc_ws/install/erc_solution:/opt/erc_ws/install/erc_description:/opt/ros/humble CMAKE_PREFIX_PATH=/opt/erc_ws/install/omni_base_bringup:/opt/erc_ws/install/omni_base_description:/opt/erc_ws/install/pal_urdf_utils:/opt/erc_ws/install/omni_base_controller_configuration:/opt/erc_ws/install/tiago_pro_robot:/opt/erc_ws/install/tiago_pro_head_robot:/opt/erc_ws/install/tiago_pro_bringup:/opt/erc_ws/install/tiago_pro_head_bringup:/opt/erc_ws/install/erc_bringup:/opt/erc_ws/install/tiago_pro_description:/opt/erc_ws/install/tiago_pro_head_description:/opt/erc_ws/install/tiago_pro_controller_configuration:/opt/erc_ws/install/tiago_pro_head_controller_configuration:/opt/erc_ws/install/pal_sea_arm:/opt/erc_ws/install/pal_sea_arm_bringup:/opt/erc_ws/install/pal_sea_arm_description:/opt/erc_ws/install/pal_pro_gripper_simulation:/opt/erc_ws/install/pal_pro_gripper_bringup:/opt/erc_ws/install/pal_pro_gripper:/opt/erc_ws/install/pal_pro_gripper_description:/opt/erc_ws/install/pal_gripper_simulation:/opt/erc_ws/install/pal_gripper:/opt/erc_ws/install/pal_gripper_description:/opt/erc_ws/install/omni_base_robot:/opt/erc_ws/install/pal_sea_arm_controller_configuration:/opt/erc_ws/install/pal_pro_gripper_controller_configuration:/opt/erc_ws/install/pal_gripper_controller_configuration:/opt/erc_ws/install/gz_ros2_control:/opt/erc_ws/install/erc_description:/opt/erc_ws/install/sensors:/opt/erc_ws/install/pal_pro_gripper_wrapper:/opt/erc_ws/install/launch_pal:/opt/erc_ws/install/erc_solution:/opt/ros/humble PYTHONPATH=/opt/erc_ws/build/launch_pal:/opt/erc_ws/install/launch_pal/lib/python3.10/site-packages:/opt/erc_ws/install/tiago_pro_description/local/lib/python3.10/dist-packages:/opt/erc_ws/install/tiago_pro_head_description/local/lib/python3.10/dist-packages:/opt/erc_ws/build/sensors:/opt/erc_ws/install/sensors/lib/python3.10/site-packages:/opt/erc_ws/install/pal_sea_arm_description/local/lib/python3.10/dist-packages:/opt/erc_ws/install/pal_pro_gripper_description/local/lib/python3.10/dist-packages:/opt/erc_ws/install/omni_base_description/local/lib/python3.10/dist-packages:/opt/erc_ws/build/pal_pro_gripper_wrapper:/opt/erc_ws/install/pal_pro_gripper_wrapper/lib/python3.10/site-packages:/opt/erc_ws/build/erc_solution:/opt/erc_ws/install/erc_solution/lib/python3.10/site-packages:/opt/ros/humble/lib/python3.10/site-packages:/opt/ros/humble/local/lib/python3.10/dist-packages /usr/bin/cmake --install /opt/erc_ws/build/omni_base_robot
[3.892s] Level 1:colcon.colcon_core.environment:checking '/opt/erc_ws/install/omni_base_robot' for CMake config files
[3.893s] Level 1:colcon.colcon_core.shell:create_environment_hook('omni_base_robot', 'cmake_prefix_path')
[3.894s] INFO:colcon.colcon_core.shell:Creating environment hook '/opt/erc_ws/install/omni_base_robot/share/omni_base_robot/hook/cmake_prefix_path.ps1'
[3.895s] INFO:colcon.colcon_core.shell:Creating environment descriptor '/opt/erc_ws/install/omni_base_robot/share/omni_base_robot/hook/cmake_prefix_path.dsv'
[3.895s] INFO:colcon.colcon_core.shell:Creating environment hook '/opt/erc_ws/install/omni_base_robot/share/omni_base_robot/hook/cmake_prefix_path.sh'
[3.896s] Level 1:colcon.colcon_core.environment:checking '/opt/erc_ws/install/omni_base_robot/bin'
[3.896s] Level 1:colcon.colcon_core.environment:checking '/opt/erc_ws/install/omni_base_robot/lib/pkgconfig/omni_base_robot.pc'
[3.896s] Level 1:colcon.colcon_core.environment:checking '/opt/erc_ws/install/omni_base_robot/lib/python3.10/site-packages'
[3.897s] Level 1:colcon.colcon_core.environment:checking '/opt/erc_ws/install/omni_base_robot/bin'
[3.897s] INFO:colcon.colcon_core.shell:Creating package script '/opt/erc_ws/install/omni_base_robot/share/omni_base_robot/package.ps1'
[3.898s] INFO:colcon.colcon_core.shell:Creating package descriptor '/opt/erc_ws/install/omni_base_robot/share/omni_base_robot/package.dsv'
[3.899s] INFO:colcon.colcon_core.shell:Creating package script '/opt/erc_ws/install/omni_base_robot/share/omni_base_robot/package.sh'
[3.900s] INFO:colcon.colcon_core.shell:Creating package script '/opt/erc_ws/install/omni_base_robot/share/omni_base_robot/package.bash'
[3.900s] INFO:colcon.colcon_core.shell:Creating package script '/opt/erc_ws/install/omni_base_robot/share/omni_base_robot/package.zsh'
[3.900s] Level 1:colcon.colcon_core.environment:create_file_with_runtime_dependencies(/opt/erc_ws/install/omni_base_robot/share/colcon-core/packages/omni_base_robot)
[3.901s] Level 1:colcon.colcon_core.environment:create_environment_scripts_only(omni_base_robot)
[3.901s] Level 1:colcon.colcon_core.environment:checking '/opt/erc_ws/install/omni_base_robot' for CMake module files
[3.902s] Level 1:colcon.colcon_core.environment:checking '/opt/erc_ws/install/omni_base_robot' for CMake config files
[3.902s] Level 1:colcon.colcon_core.shell:create_environment_hook('omni_base_robot', 'cmake_prefix_path')
[3.902s] INFO:colcon.colcon_core.shell:Creating environment hook '/opt/erc_ws/install/omni_base_robot/share/omni_base_robot/hook/cmake_prefix_path.ps1'
[3.903s] INFO:colcon.colcon_core.shell:Creating environment descriptor '/opt/erc_ws/install/omni_base_robot/share/omni_base_robot/hook/cmake_prefix_path.dsv'
[3.903s] INFO:colcon.colcon_core.shell:Creating environment hook '/opt/erc_ws/install/omni_base_robot/share/omni_base_robot/hook/cmake_prefix_path.sh'
[3.904s] Level 1:colcon.colcon_core.environment:checking '/opt/erc_ws/install/omni_base_robot/bin'
[3.904s] Level 1:colcon.colcon_core.environment:checking '/opt/erc_ws/install/omni_base_robot/lib/pkgconfig/omni_base_robot.pc'
[3.904s] Level 1:colcon.colcon_core.environment:checking '/opt/erc_ws/install/omni_base_robot/lib/python3.10/site-packages'
[3.905s] Level 1:colcon.colcon_core.environment:checking '/opt/erc_ws/install/omni_base_robot/bin'
[3.905s] INFO:colcon.colcon_core.shell:Creating package script '/opt/erc_ws/install/omni_base_robot/share/omni_base_robot/package.ps1'
[3.906s] INFO:colcon.colcon_core.shell:Creating package descriptor '/opt/erc_ws/install/omni_base_robot/share/omni_base_robot/package.dsv'
[3.907s] INFO:colcon.colcon_core.shell:Creating package script '/opt/erc_ws/install/omni_base_robot/share/omni_base_robot/package.sh'
[3.907s] INFO:colcon.colcon_core.shell:Creating package script '/opt/erc_ws/install/omni_base_robot/share/omni_base_robot/package.bash'
[3.907s] INFO:colcon.colcon_core.shell:Creating package script '/opt/erc_ws/install/omni_base_robot/share/omni_base_robot/package.zsh'
[3.908s] Level 1:colcon.colcon_core.environment:create_file_with_runtime_dependencies(/opt/erc_ws/install/omni_base_robot/share/colcon-core/packages/omni_base_robot)
[3.910s] DEBUG:colcon.colcon_core.event_handler.log_command:Invoked command in '/opt/erc_ws/build/pal_sea_arm_description' returned '0': AMENT_PREFIX_PATH=/opt/erc_ws/install/pal_pro_gripper_wrapper:/opt/erc_ws/install/launch_pal:/opt/erc_ws/install/tiago_pro_robot:/opt/erc_ws/install/tiago_pro_head_robot:/opt/erc_ws/install/tiago_pro_bringup:/opt/erc_ws/install/tiago_pro_head_bringup:/opt/erc_ws/install/erc_bringup:/opt/erc_ws/install/tiago_pro_description:/opt/erc_ws/install/tiago_pro_head_description:/opt/erc_ws/install/tiago_pro_controller_configuration:/opt/erc_ws/install/tiago_pro_head_controller_configuration:/opt/erc_ws/install/sensors:/opt/erc_ws/install/pal_sea_arm:/opt/erc_ws/install/pal_sea_arm_bringup:/opt/erc_ws/install/pal_sea_arm_description:/opt/erc_ws/install/pal_pro_gripper_simulation:/opt/erc_ws/install/pal_pro_gripper_bringup:/opt/erc_ws/install/pal_pro_gripper:/opt/erc_ws/install/pal_pro_gripper_description:/opt/erc_ws/install/pal_gripper_simulation:/opt/erc_ws/install/pal_gripper:/opt/erc_ws/install/pal_gripper_description:/opt/erc_ws/install/omni_base_robot:/opt/erc_ws/install/omni_base_bringup:/opt/erc_ws/install/omni_base_description:/opt/erc_ws/install/pal_urdf_utils:/opt/erc_ws/install/pal_sea_arm_controller_configuration:/opt/erc_ws/install/pal_pro_gripper_controller_configuration:/opt/erc_ws/install/pal_gripper_controller_configuration:/opt/erc_ws/install/omni_base_controller_configuration:/opt/erc_ws/install/gz_ros2_control:/opt/erc_ws/install/erc_solution:/opt/erc_ws/install/erc_description:/opt/ros/humble CMAKE_PREFIX_PATH=/opt/erc_ws/install/pal_sea_arm_controller_configuration:/opt/erc_ws/install/pal_pro_gripper_description:/opt/erc_ws/install/pal_pro_gripper_controller_configuration:/opt/erc_ws/install/pal_urdf_utils:/opt/erc_ws/install/tiago_pro_robot:/opt/erc_ws/install/tiago_pro_head_robot:/opt/erc_ws/install/tiago_pro_bringup:/opt/erc_ws/install/tiago_pro_head_bringup:/opt/erc_ws/install/erc_bringup:/opt/erc_ws/install/tiago_pro_description:/opt/erc_ws/install/tiago_pro_head_description:/opt/erc_ws/install/tiago_pro_controller_configuration:/opt/erc_ws/install/tiago_pro_head_controller_configuration:/opt/erc_ws/install/pal_sea_arm:/opt/erc_ws/install/pal_sea_arm_bringup:/opt/erc_ws/install/pal_sea_arm_description:/opt/erc_ws/install/pal_pro_gripper_simulation:/opt/erc_ws/install/pal_pro_gripper_bringup:/opt/erc_ws/install/pal_pro_gripper:/opt/erc_ws/install/pal_gripper_simulation:/opt/erc_ws/install/pal_gripper:/opt/erc_ws/install/pal_gripper_description:/opt/erc_ws/install/omni_base_robot:/opt/erc_ws/install/omni_base_bringup:/opt/erc_ws/install/omni_base_description:/opt/erc_ws/install/pal_gripper_controller_configuration:/opt/erc_ws/install/omni_base_controller_configuration:/opt/erc_ws/install/gz_ros2_control:/opt/erc_ws/install/erc_description:/opt/erc_ws/install/sensors:/opt/erc_ws/install/pal_pro_gripper_wrapper:/opt/erc_ws/install/launch_pal:/opt/erc_ws/install/erc_solution:/opt/ros/humble PYTHONPATH=/opt/erc_ws/build/pal_pro_gripper_wrapper:/opt/erc_ws/install/pal_pro_gripper_wrapper/lib/python3.10/site-packages:/opt/erc_ws/build/launch_pal:/opt/erc_ws/install/launch_pal/lib/python3.10/site-packages:/opt/erc_ws/install/tiago_pro_description/local/lib/python3.10/dist-packages:/opt/erc_ws/install/tiago_pro_head_description/local/lib/python3.10/dist-packages:/opt/erc_ws/build/sensors:/opt/erc_ws/install/sensors/lib/python3.10/site-packages:/opt/erc_ws/install/pal_sea_arm_description/local/lib/python3.10/dist-packages:/opt/erc_ws/install/pal_pro_gripper_description/local/lib/python3.10/dist-packages:/opt/erc_ws/install/omni_base_description/local/lib/python3.10/dist-packages:/opt/erc_ws/build/erc_solution:/opt/erc_ws/install/erc_solution/lib/python3.10/site-packages:/opt/ros/humble/lib/python3.10/site-packages:/opt/ros/humble/local/lib/python3.10/dist-packages /usr/bin/cmake --build /opt/erc_ws/build/pal_sea_arm_description -- -j16 -l16
[3.916s] DEBUG:colcon.colcon_core.event_handler.log_command:Invoking command in '/opt/erc_ws/build/pal_sea_arm_description': AMENT_PREFIX_PATH=/opt/erc_ws/install/pal_pro_gripper_wrapper:/opt/erc_ws/install/launch_pal:/opt/erc_ws/install/tiago_pro_robot:/opt/erc_ws/install/tiago_pro_head_robot:/opt/erc_ws/install/tiago_pro_bringup:/opt/erc_ws/install/tiago_pro_head_bringup:/opt/erc_ws/install/erc_bringup:/opt/erc_ws/install/tiago_pro_description:/opt/erc_ws/install/tiago_pro_head_description:/opt/erc_ws/install/tiago_pro_controller_configuration:/opt/erc_ws/install/tiago_pro_head_controller_configuration:/opt/erc_ws/install/sensors:/opt/erc_ws/install/pal_sea_arm:/opt/erc_ws/install/pal_sea_arm_bringup:/opt/erc_ws/install/pal_sea_arm_description:/opt/erc_ws/install/pal_pro_gripper_simulation:/opt/erc_ws/install/pal_pro_gripper_bringup:/opt/erc_ws/install/pal_pro_gripper:/opt/erc_ws/install/pal_pro_gripper_description:/opt/erc_ws/install/pal_gripper_simulation:/opt/erc_ws/install/pal_gripper:/opt/erc_ws/install/pal_gripper_description:/opt/erc_ws/install/omni_base_robot:/opt/erc_ws/install/omni_base_bringup:/opt/erc_ws/install/omni_base_description:/opt/erc_ws/install/pal_urdf_utils:/opt/erc_ws/install/pal_sea_arm_controller_configuration:/opt/erc_ws/install/pal_pro_gripper_controller_configuration:/opt/erc_ws/install/pal_gripper_controller_configuration:/opt/erc_ws/install/omni_base_controller_configuration:/opt/erc_ws/install/gz_ros2_control:/opt/erc_ws/install/erc_solution:/opt/erc_ws/install/erc_description:/opt/ros/humble CMAKE_PREFIX_PATH=/opt/erc_ws/install/pal_sea_arm_controller_configuration:/opt/erc_ws/install/pal_pro_gripper_description:/opt/erc_ws/install/pal_pro_gripper_controller_configuration:/opt/erc_ws/install/pal_urdf_utils:/opt/erc_ws/install/tiago_pro_robot:/opt/erc_ws/install/tiago_pro_head_robot:/opt/erc_ws/install/tiago_pro_bringup:/opt/erc_ws/install/tiago_pro_head_bringup:/opt/erc_ws/install/erc_bringup:/opt/erc_ws/install/tiago_pro_description:/opt/erc_ws/install/tiago_pro_head_description:/opt/erc_ws/install/tiago_pro_controller_configuration:/opt/erc_ws/install/tiago_pro_head_controller_configuration:/opt/erc_ws/install/pal_sea_arm:/opt/erc_ws/install/pal_sea_arm_bringup:/opt/erc_ws/install/pal_sea_arm_description:/opt/erc_ws/install/pal_pro_gripper_simulation:/opt/erc_ws/install/pal_pro_gripper_bringup:/opt/erc_ws/install/pal_pro_gripper:/opt/erc_ws/install/pal_gripper_simulation:/opt/erc_ws/install/pal_gripper:/opt/erc_ws/install/pal_gripper_description:/opt/erc_ws/install/omni_base_robot:/opt/erc_ws/install/omni_base_bringup:/opt/erc_ws/install/omni_base_description:/opt/erc_ws/install/pal_gripper_controller_configuration:/opt/erc_ws/install/omni_base_controller_configuration:/opt/erc_ws/install/gz_ros2_control:/opt/erc_ws/install/erc_description:/opt/erc_ws/install/sensors:/opt/erc_ws/install/pal_pro_gripper_wrapper:/opt/erc_ws/install/launch_pal:/opt/erc_ws/install/erc_solution:/opt/ros/humble PYTHONPATH=/opt/erc_ws/build/pal_pro_gripper_wrapper:/opt/erc_ws/install/pal_pro_gripper_wrapper/lib/python3.10/site-packages:/opt/erc_ws/build/launch_pal:/opt/erc_ws/install/launch_pal/lib/python3.10/site-packages:/opt/erc_ws/install/tiago_pro_description/local/lib/python3.10/dist-packages:/opt/erc_ws/install/tiago_pro_head_description/local/lib/python3.10/dist-packages:/opt/erc_ws/build/sensors:/opt/erc_ws/install/sensors/lib/python3.10/site-packages:/opt/erc_ws/install/pal_sea_arm_description/local/lib/python3.10/dist-packages:/opt/erc_ws/install/pal_pro_gripper_description/local/lib/python3.10/dist-packages:/opt/erc_ws/install/omni_base_description/local/lib/python3.10/dist-packages:/opt/erc_ws/build/erc_solution:/opt/erc_ws/install/erc_solution/lib/python3.10/site-packages:/opt/ros/humble/lib/python3.10/site-packages:/opt/ros/humble/local/lib/python3.10/dist-packages /usr/bin/cmake --install /opt/erc_ws/build/pal_sea_arm_description
[3.923s] DEBUG:colcon.colcon_core.event_handler.log_command:Invoked command in '/opt/erc_ws/build/tiago_pro_head_bringup' returned '0': AMENT_PREFIX_PATH=/opt/erc_ws/install/launch_pal:/opt/erc_ws/install/tiago_pro_robot:/opt/erc_ws/install/tiago_pro_head_robot:/opt/erc_ws/install/tiago_pro_bringup:/opt/erc_ws/install/tiago_pro_head_bringup:/opt/erc_ws/install/erc_bringup:/opt/erc_ws/install/tiago_pro_description:/opt/erc_ws/install/tiago_pro_head_description:/opt/erc_ws/install/tiago_pro_controller_configuration:/opt/erc_ws/install/tiago_pro_head_controller_configuration:/opt/erc_ws/install/sensors:/opt/erc_ws/install/pal_sea_arm:/opt/erc_ws/install/pal_sea_arm_bringup:/opt/erc_ws/install/pal_sea_arm_description:/opt/erc_ws/install/pal_pro_gripper_simulation:/opt/erc_ws/install/pal_pro_gripper_bringup:/opt/erc_ws/install/pal_pro_gripper:/opt/erc_ws/install/pal_pro_gripper_description:/opt/erc_ws/install/pal_gripper_simulation:/opt/erc_ws/install/pal_gripper:/opt/erc_ws/install/pal_gripper_description:/opt/erc_ws/install/omni_base_robot:/opt/erc_ws/install/omni_base_bringup:/opt/erc_ws/install/omni_base_description:/opt/erc_ws/install/pal_urdf_utils:/opt/erc_ws/install/pal_sea_arm_controller_configuration:/opt/erc_ws/install/pal_pro_gripper_controller_configuration:/opt/erc_ws/install/pal_pro_gripper_wrapper:/opt/erc_ws/install/pal_gripper_controller_configuration:/opt/erc_ws/install/omni_base_controller_configuration:/opt/erc_ws/install/gz_ros2_control:/opt/erc_ws/install/erc_solution:/opt/erc_ws/install/erc_description:/opt/ros/humble CMAKE_PREFIX_PATH=/opt/erc_ws/install/tiago_pro_head_description:/opt/erc_ws/install/tiago_pro_head_controller_configuration:/opt/erc_ws/install/pal_urdf_utils:/opt/erc_ws/install/tiago_pro_robot:/opt/erc_ws/install/tiago_pro_head_robot:/opt/erc_ws/install/tiago_pro_bringup:/opt/erc_ws/install/tiago_pro_head_bringup:/opt/erc_ws/install/erc_bringup:/opt/erc_ws/install/tiago_pro_description:/opt/erc_ws/install/tiago_pro_controller_configuration:/opt/erc_ws/install/pal_sea_arm:/opt/erc_ws/install/pal_sea_arm_bringup:/opt/erc_ws/install/pal_sea_arm_description:/opt/erc_ws/install/pal_pro_gripper_simulation:/opt/erc_ws/install/pal_pro_gripper_bringup:/opt/erc_ws/install/pal_pro_gripper:/opt/erc_ws/install/pal_pro_gripper_description:/opt/erc_ws/install/pal_gripper_simulation:/opt/erc_ws/install/pal_gripper:/opt/erc_ws/install/pal_gripper_description:/opt/erc_ws/install/omni_base_robot:/opt/erc_ws/install/omni_base_bringup:/opt/erc_ws/install/omni_base_description:/opt/erc_ws/install/pal_sea_arm_controller_configuration:/opt/erc_ws/install/pal_pro_gripper_controller_configuration:/opt/erc_ws/install/pal_gripper_controller_configuration:/opt/erc_ws/install/omni_base_controller_configuration:/opt/erc_ws/install/gz_ros2_control:/opt/erc_ws/install/erc_description:/opt/erc_ws/install/sensors:/opt/erc_ws/install/pal_pro_gripper_wrapper:/opt/erc_ws/install/launch_pal:/opt/erc_ws/install/erc_solution:/opt/ros/humble PYTHONPATH=/opt/erc_ws/build/launch_pal:/opt/erc_ws/install/launch_pal/lib/python3.10/site-packages:/opt/erc_ws/install/tiago_pro_description/local/lib/python3.10/dist-packages:/opt/erc_ws/install/tiago_pro_head_description/local/lib/python3.10/dist-packages:/opt/erc_ws/build/sensors:/opt/erc_ws/install/sensors/lib/python3.10/site-packages:/opt/erc_ws/install/pal_sea_arm_description/local/lib/python3.10/dist-packages:/opt/erc_ws/install/pal_pro_gripper_description/local/lib/python3.10/dist-packages:/opt/erc_ws/install/omni_base_description/local/lib/python3.10/dist-packages:/opt/erc_ws/build/pal_pro_gripper_wrapper:/opt/erc_ws/install/pal_pro_gripper_wrapper/lib/python3.10/site-packages:/opt/erc_ws/build/erc_solution:/opt/erc_ws/install/erc_solution/lib/python3.10/site-packages:/opt/ros/humble/lib/python3.10/site-packages:/opt/ros/humble/local/lib/python3.10/dist-packages /usr/bin/cmake --build /opt/erc_ws/build/tiago_pro_head_bringup -- -j16 -l16
[3.933s] DEBUG:colcon.colcon_core.event_handler.log_command:Invoking command in '/opt/erc_ws/build/tiago_pro_head_bringup': AMENT_PREFIX_PATH=/opt/erc_ws/install/launch_pal:/opt/erc_ws/install/tiago_pro_robot:/opt/erc_ws/install/tiago_pro_head_robot:/opt/erc_ws/install/tiago_pro_bringup:/opt/erc_ws/install/tiago_pro_head_bringup:/opt/erc_ws/install/erc_bringup:/opt/erc_ws/install/tiago_pro_description:/opt/erc_ws/install/tiago_pro_head_description:/opt/erc_ws/install/tiago_pro_controller_configuration:/opt/erc_ws/install/tiago_pro_head_controller_configuration:/opt/erc_ws/install/sensors:/opt/erc_ws/install/pal_sea_arm:/opt/erc_ws/install/pal_sea_arm_bringup:/opt/erc_ws/install/pal_sea_arm_description:/opt/erc_ws/install/pal_pro_gripper_simulation:/opt/erc_ws/install/pal_pro_gripper_bringup:/opt/erc_ws/install/pal_pro_gripper:/opt/erc_ws/install/pal_pro_gripper_description:/opt/erc_ws/install/pal_gripper_simulation:/opt/erc_ws/install/pal_gripper:/opt/erc_ws/install/pal_gripper_description:/opt/erc_ws/install/omni_base_robot:/opt/erc_ws/install/omni_base_bringup:/opt/erc_ws/install/omni_base_description:/opt/erc_ws/install/pal_urdf_utils:/opt/erc_ws/install/pal_sea_arm_controller_configuration:/opt/erc_ws/install/pal_pro_gripper_controller_configuration:/opt/erc_ws/install/pal_pro_gripper_wrapper:/opt/erc_ws/install/pal_gripper_controller_configuration:/opt/erc_ws/install/omni_base_controller_configuration:/opt/erc_ws/install/gz_ros2_control:/opt/erc_ws/install/erc_solution:/opt/erc_ws/install/erc_description:/opt/ros/humble CMAKE_PREFIX_PATH=/opt/erc_ws/install/tiago_pro_head_description:/opt/erc_ws/install/tiago_pro_head_controller_configuration:/opt/erc_ws/install/pal_urdf_utils:/opt/erc_ws/install/tiago_pro_robot:/opt/erc_ws/install/tiago_pro_head_robot:/opt/erc_ws/install/tiago_pro_bringup:/opt/erc_ws/install/tiago_pro_head_bringup:/opt/erc_ws/install/erc_bringup:/opt/erc_ws/install/tiago_pro_description:/opt/erc_ws/install/tiago_pro_controller_configuration:/opt/erc_ws/install/pal_sea_arm:/opt/erc_ws/install/pal_sea_arm_bringup:/opt/erc_ws/install/pal_sea_arm_description:/opt/erc_ws/install/pal_pro_gripper_simulation:/opt/erc_ws/install/pal_pro_gripper_bringup:/opt/erc_ws/install/pal_pro_gripper:/opt/erc_ws/install/pal_pro_gripper_description:/opt/erc_ws/install/pal_gripper_simulation:/opt/erc_ws/install/pal_gripper:/opt/erc_ws/install/pal_gripper_description:/opt/erc_ws/install/omni_base_robot:/opt/erc_ws/install/omni_base_bringup:/opt/erc_ws/install/omni_base_description:/opt/erc_ws/install/pal_sea_arm_controller_configuration:/opt/erc_ws/install/pal_pro_gripper_controller_configuration:/opt/erc_ws/install/pal_gripper_controller_configuration:/opt/erc_ws/install/omni_base_controller_configuration:/opt/erc_ws/install/gz_ros2_control:/opt/erc_ws/install/erc_description:/opt/erc_ws/install/sensors:/opt/erc_ws/install/pal_pro_gripper_wrapper:/opt/erc_ws/install/launch_pal:/opt/erc_ws/install/erc_solution:/opt/ros/humble PYTHONPATH=/opt/erc_ws/build/launch_pal:/opt/erc_ws/install/launch_pal/lib/python3.10/site-packages:/opt/erc_ws/install/tiago_pro_description/local/lib/python3.10/dist-packages:/opt/erc_ws/install/tiago_pro_head_description/local/lib/python3.10/dist-packages:/opt/erc_ws/build/sensors:/opt/erc_ws/install/sensors/lib/python3.10/site-packages:/opt/erc_ws/install/pal_sea_arm_description/local/lib/python3.10/dist-packages:/opt/erc_ws/install/pal_pro_gripper_description/local/lib/python3.10/dist-packages:/opt/erc_ws/install/omni_base_description/local/lib/python3.10/dist-packages:/opt/erc_ws/build/pal_pro_gripper_wrapper:/opt/erc_ws/install/pal_pro_gripper_wrapper/lib/python3.10/site-packages:/opt/erc_ws/build/erc_solution:/opt/erc_ws/install/erc_solution/lib/python3.10/site-packages:/opt/ros/humble/lib/python3.10/site-packages:/opt/ros/humble/local/lib/python3.10/dist-packages /usr/bin/cmake --install /opt/erc_ws/build/tiago_pro_head_bringup
[3.957s] Level 1:colcon.colcon_core.environment:create_environment_scripts_only(tiago_pro_head_bringup)
[3.957s] Level 1:colcon.colcon_core.environment:checking '/opt/erc_ws/install/tiago_pro_head_bringup' for CMake module files
[3.958s] Level 1:colcon.colcon_core.environment:checking '/opt/erc_ws/install/tiago_pro_head_bringup' for CMake config files
[3.958s] Level 1:colcon.colcon_core.shell:create_environment_hook('tiago_pro_head_bringup', 'cmake_prefix_path')
[3.959s] INFO:colcon.colcon_core.shell:Creating environment hook '/opt/erc_ws/install/tiago_pro_head_bringup/share/tiago_pro_head_bringup/hook/cmake_prefix_path.ps1'
[3.959s] INFO:colcon.colcon_core.shell:Creating environment descriptor '/opt/erc_ws/install/tiago_pro_head_bringup/share/tiago_pro_head_bringup/hook/cmake_prefix_path.dsv'
[3.959s] INFO:colcon.colcon_core.shell:Creating environment hook '/opt/erc_ws/install/tiago_pro_head_bringup/share/tiago_pro_head_bringup/hook/cmake_prefix_path.sh'
[3.960s] Level 1:colcon.colcon_core.environment:checking '/opt/erc_ws/install/tiago_pro_head_bringup/bin'
[3.960s] Level 1:colcon.colcon_core.environment:checking '/opt/erc_ws/install/tiago_pro_head_bringup/lib/pkgconfig/tiago_pro_head_bringup.pc'
[3.960s] Level 1:colcon.colcon_core.environment:checking '/opt/erc_ws/install/tiago_pro_head_bringup/lib/python3.10/site-packages'
[3.961s] Level 1:colcon.colcon_core.environment:checking '/opt/erc_ws/install/tiago_pro_head_bringup/bin'
[3.961s] INFO:colcon.colcon_core.shell:Creating package script '/opt/erc_ws/install/tiago_pro_head_bringup/share/tiago_pro_head_bringup/package.ps1'
[3.964s] DEBUG:colcon.colcon_core.event_handler.log_command:Invoked command in '/opt/erc_ws/build/tiago_pro_head_bringup' returned '0': AMENT_PREFIX_PATH=/opt/erc_ws/install/launch_pal:/opt/erc_ws/install/tiago_pro_robot:/opt/erc_ws/install/tiago_pro_head_robot:/opt/erc_ws/install/tiago_pro_bringup:/opt/erc_ws/install/tiago_pro_head_bringup:/opt/erc_ws/install/erc_bringup:/opt/erc_ws/install/tiago_pro_description:/opt/erc_ws/install/tiago_pro_head_description:/opt/erc_ws/install/tiago_pro_controller_configuration:/opt/erc_ws/install/tiago_pro_head_controller_configuration:/opt/erc_ws/install/sensors:/opt/erc_ws/install/pal_sea_arm:/opt/erc_ws/install/pal_sea_arm_bringup:/opt/erc_ws/install/pal_sea_arm_description:/opt/erc_ws/install/pal_pro_gripper_simulation:/opt/erc_ws/install/pal_pro_gripper_bringup:/opt/erc_ws/install/pal_pro_gripper:/opt/erc_ws/install/pal_pro_gripper_description:/opt/erc_ws/install/pal_gripper_simulation:/opt/erc_ws/install/pal_gripper:/opt/erc_ws/install/pal_gripper_description:/opt/erc_ws/install/omni_base_robot:/opt/erc_ws/install/omni_base_bringup:/opt/erc_ws/install/omni_base_description:/opt/erc_ws/install/pal_urdf_utils:/opt/erc_ws/install/pal_sea_arm_controller_configuration:/opt/erc_ws/install/pal_pro_gripper_controller_configuration:/opt/erc_ws/install/pal_pro_gripper_wrapper:/opt/erc_ws/install/pal_gripper_controller_configuration:/opt/erc_ws/install/omni_base_controller_configuration:/opt/erc_ws/install/gz_ros2_control:/opt/erc_ws/install/erc_solution:/opt/erc_ws/install/erc_description:/opt/ros/humble CMAKE_PREFIX_PATH=/opt/erc_ws/install/tiago_pro_head_description:/opt/erc_ws/install/tiago_pro_head_controller_configuration:/opt/erc_ws/install/pal_urdf_utils:/opt/erc_ws/install/tiago_pro_robot:/opt/erc_ws/install/tiago_pro_head_robot:/opt/erc_ws/install/tiago_pro_bringup:/opt/erc_ws/install/tiago_pro_head_bringup:/opt/erc_ws/install/erc_bringup:/opt/erc_ws/install/tiago_pro_description:/opt/erc_ws/install/tiago_pro_controller_configuration:/opt/erc_ws/install/pal_sea_arm:/opt/erc_ws/install/pal_sea_arm_bringup:/opt/erc_ws/install/pal_sea_arm_description:/opt/erc_ws/install/pal_pro_gripper_simulation:/opt/erc_ws/install/pal_pro_gripper_bringup:/opt/erc_ws/install/pal_pro_gripper:/opt/erc_ws/install/pal_pro_gripper_description:/opt/erc_ws/install/pal_gripper_simulation:/opt/erc_ws/install/pal_gripper:/opt/erc_ws/install/pal_gripper_description:/opt/erc_ws/install/omni_base_robot:/opt/erc_ws/install/omni_base_bringup:/opt/erc_ws/install/omni_base_description:/opt/erc_ws/install/pal_sea_arm_controller_configuration:/opt/erc_ws/install/pal_pro_gripper_controller_configuration:/opt/erc_ws/install/pal_gripper_controller_configuration:/opt/erc_ws/install/omni_base_controller_configuration:/opt/erc_ws/install/gz_ros2_control:/opt/erc_ws/install/erc_description:/opt/erc_ws/install/sensors:/opt/erc_ws/install/pal_pro_gripper_wrapper:/opt/erc_ws/install/launch_pal:/opt/erc_ws/install/erc_solution:/opt/ros/humble PYTHONPATH=/opt/erc_ws/build/launch_pal:/opt/erc_ws/install/launch_pal/lib/python3.10/site-packages:/opt/erc_ws/install/tiago_pro_description/local/lib/python3.10/dist-packages:/opt/erc_ws/install/tiago_pro_head_description/local/lib/python3.10/dist-packages:/opt/erc_ws/build/sensors:/opt/erc_ws/install/sensors/lib/python3.10/site-packages:/opt/erc_ws/install/pal_sea_arm_description/local/lib/python3.10/dist-packages:/opt/erc_ws/install/pal_pro_gripper_description/local/lib/python3.10/dist-packages:/opt/erc_ws/install/omni_base_description/local/lib/python3.10/dist-packages:/opt/erc_ws/build/pal_pro_gripper_wrapper:/opt/erc_ws/install/pal_pro_gripper_wrapper/lib/python3.10/site-packages:/opt/erc_ws/build/erc_solution:/opt/erc_ws/install/erc_solution/lib/python3.10/site-packages:/opt/ros/humble/lib/python3.10/site-packages:/opt/ros/humble/local/lib/python3.10/dist-packages /usr/bin/cmake --install /opt/erc_ws/build/tiago_pro_head_bringup
[3.964s] INFO:colcon.colcon_core.shell:Creating package descriptor '/opt/erc_ws/install/tiago_pro_head_bringup/share/tiago_pro_head_bringup/package.dsv'
[3.965s] INFO:colcon.colcon_core.shell:Creating package script '/opt/erc_ws/install/tiago_pro_head_bringup/share/tiago_pro_head_bringup/package.sh'
[3.966s] INFO:colcon.colcon_core.shell:Creating package script '/opt/erc_ws/install/tiago_pro_head_bringup/share/tiago_pro_head_bringup/package.bash'
[3.966s] INFO:colcon.colcon_core.shell:Creating package script '/opt/erc_ws/install/tiago_pro_head_bringup/share/tiago_pro_head_bringup/package.zsh'
[3.967s] Level 1:colcon.colcon_core.environment:create_file_with_runtime_dependencies(/opt/erc_ws/install/tiago_pro_head_bringup/share/colcon-core/packages/tiago_pro_head_bringup)
[3.967s] Level 1:colcon.colcon_core.environment:create_environment_scripts_only(tiago_pro_head_bringup)
[3.967s] Level 1:colcon.colcon_core.environment:checking '/opt/erc_ws/install/tiago_pro_head_bringup' for CMake module files
[3.968s] Level 1:colcon.colcon_core.environment:checking '/opt/erc_ws/install/tiago_pro_head_bringup' for CMake config files
[3.968s] Level 1:colcon.colcon_core.shell:create_environment_hook('tiago_pro_head_bringup', 'cmake_prefix_path')
[3.968s] INFO:colcon.colcon_core.shell:Creating environment hook '/opt/erc_ws/install/tiago_pro_head_bringup/share/tiago_pro_head_bringup/hook/cmake_prefix_path.ps1'
[3.969s] INFO:colcon.colcon_core.shell:Creating environment descriptor '/opt/erc_ws/install/tiago_pro_head_bringup/share/tiago_pro_head_bringup/hook/cmake_prefix_path.dsv'
[3.969s] INFO:colcon.colcon_core.shell:Creating environment hook '/opt/erc_ws/install/tiago_pro_head_bringup/share/tiago_pro_head_bringup/hook/cmake_prefix_path.sh'
[3.970s] Level 1:colcon.colcon_core.environment:checking '/opt/erc_ws/install/tiago_pro_head_bringup/bin'
[3.970s] Level 1:colcon.colcon_core.environment:checking '/opt/erc_ws/install/tiago_pro_head_bringup/lib/pkgconfig/tiago_pro_head_bringup.pc'
[3.970s] Level 1:colcon.colcon_core.environment:checking '/opt/erc_ws/install/tiago_pro_head_bringup/lib/python3.10/site-packages'
[3.971s] Level 1:colcon.colcon_core.environment:checking '/opt/erc_ws/install/tiago_pro_head_bringup/bin'
[3.971s] INFO:colcon.colcon_core.shell:Creating package script '/opt/erc_ws/install/tiago_pro_head_bringup/share/tiago_pro_head_bringup/package.ps1'
[3.972s] INFO:colcon.colcon_core.shell:Creating package descriptor '/opt/erc_ws/install/tiago_pro_head_bringup/share/tiago_pro_head_bringup/package.dsv'
[3.973s] INFO:colcon.colcon_core.shell:Creating package script '/opt/erc_ws/install/tiago_pro_head_bringup/share/tiago_pro_head_bringup/package.sh'
[3.973s] INFO:colcon.colcon_core.shell:Creating package script '/opt/erc_ws/install/tiago_pro_head_bringup/share/tiago_pro_head_bringup/package.bash'
[3.974s] INFO:colcon.colcon_core.shell:Creating package script '/opt/erc_ws/install/tiago_pro_head_bringup/share/tiago_pro_head_bringup/package.zsh'
[3.975s] Level 1:colcon.colcon_core.environment:create_file_with_runtime_dependencies(/opt/erc_ws/install/tiago_pro_head_bringup/share/colcon-core/packages/tiago_pro_head_bringup)
[3.975s] INFO:colcon.colcon_ros.task.ament_cmake.build:Building ROS package in '/opt/erc_ws/src/tiago_pro_robot/tiago_pro_bringup' with build type 'ament_cmake'
[3.976s] INFO:colcon.colcon_cmake.task.cmake.build:Building CMake package in '/opt/erc_ws/src/tiago_pro_robot/tiago_pro_bringup'
[3.976s] INFO:colcon.colcon_core.shell:Skip shell extension 'powershell' for command environment: Not usable outside of PowerShell
[3.976s] DEBUG:colcon.colcon_core.shell:Skip shell extension 'dsv' for command environment
[3.986s] INFO:colcon.colcon_ros.task.ament_cmake.build:Building ROS package in '/opt/erc_ws/src/tiago_pro_head_robot/tiago_pro_head_robot' with build type 'ament_cmake'
[3.986s] INFO:colcon.colcon_cmake.task.cmake.build:Building CMake package in '/opt/erc_ws/src/tiago_pro_head_robot/tiago_pro_head_robot'
[3.986s] INFO:colcon.colcon_core.shell:Skip shell extension 'powershell' for command environment: Not usable outside of PowerShell
[3.986s] DEBUG:colcon.colcon_core.shell:Skip shell extension 'dsv' for command environment
[4.009s] DEBUG:colcon.colcon_core.event_handler.log_command:Invoking command in '/opt/erc_ws/build/tiago_pro_bringup': AMENT_PREFIX_PATH=/opt/erc_ws/install/pal_pro_gripper_wrapper:/opt/erc_ws/install/launch_pal:/opt/erc_ws/install/tiago_pro_robot:/opt/erc_ws/install/tiago_pro_head_robot:/opt/erc_ws/install/tiago_pro_bringup:/opt/erc_ws/install/tiago_pro_head_bringup:/opt/erc_ws/install/erc_bringup:/opt/erc_ws/install/tiago_pro_description:/opt/erc_ws/install/tiago_pro_head_description:/opt/erc_ws/install/tiago_pro_controller_configuration:/opt/erc_ws/install/tiago_pro_head_controller_configuration:/opt/erc_ws/install/sensors:/opt/erc_ws/install/pal_sea_arm:/opt/erc_ws/install/pal_sea_arm_bringup:/opt/erc_ws/install/pal_sea_arm_description:/opt/erc_ws/install/pal_pro_gripper_simulation:/opt/erc_ws/install/pal_pro_gripper_bringup:/opt/erc_ws/install/pal_pro_gripper:/opt/erc_ws/install/pal_pro_gripper_description:/opt/erc_ws/install/pal_gripper_simulation:/opt/erc_ws/install/pal_gripper:/opt/erc_ws/install/pal_gripper_description:/opt/erc_ws/install/omni_base_robot:/opt/erc_ws/install/omni_base_bringup:/opt/erc_ws/install/omni_base_description:/opt/erc_ws/install/pal_urdf_utils:/opt/erc_ws/install/pal_sea_arm_controller_configuration:/opt/erc_ws/install/pal_pro_gripper_controller_configuration:/opt/erc_ws/install/pal_gripper_controller_configuration:/opt/erc_ws/install/omni_base_controller_configuration:/opt/erc_ws/install/gz_ros2_control:/opt/erc_ws/install/erc_solution:/opt/erc_ws/install/erc_description:/opt/ros/humble CMAKE_PREFIX_PATH=/opt/erc_ws/install/tiago_pro_head_bringup:/opt/erc_ws/install/tiago_pro_controller_configuration:/opt/erc_ws/install/tiago_pro_head_description:/opt/erc_ws/install/pal_sea_arm_controller_configuration:/opt/erc_ws/install/tiago_pro_head_controller_configuration:/opt/erc_ws/install/pal_pro_gripper_controller_configuration:/opt/erc_ws/install/pal_urdf_utils:/opt/erc_ws/install/omni_base_controller_configuration:/opt/erc_ws/install/tiago_pro_robot:/opt/erc_ws/install/tiago_pro_head_robot:/opt/erc_ws/install/tiago_pro_bringup:/opt/erc_ws/install/erc_bringup:/opt/erc_ws/install/tiago_pro_description:/opt/erc_ws/install/pal_sea_arm:/opt/erc_ws/install/pal_sea_arm_bringup:/opt/erc_ws/install/pal_sea_arm_description:/opt/erc_ws/install/pal_pro_gripper_simulation:/opt/erc_ws/install/pal_pro_gripper_bringup:/opt/erc_ws/install/pal_pro_gripper:/opt/erc_ws/install/pal_pro_gripper_description:/opt/erc_ws/install/pal_gripper_simulation:/opt/erc_ws/install/pal_gripper:/opt/erc_ws/install/pal_gripper_description:/opt/erc_ws/install/omni_base_robot:/opt/erc_ws/install/omni_base_bringup:/opt/erc_ws/install/omni_base_description:/opt/erc_ws/install/pal_gripper_controller_configuration:/opt/erc_ws/install/gz_ros2_control:/opt/erc_ws/install/erc_description:/opt/erc_ws/install/sensors:/opt/erc_ws/install/pal_pro_gripper_wrapper:/opt/erc_ws/install/launch_pal:/opt/erc_ws/install/erc_solution:/opt/ros/humble PYTHONPATH=/opt/erc_ws/build/pal_pro_gripper_wrapper:/opt/erc_ws/install/pal_pro_gripper_wrapper/lib/python3.10/site-packages:/opt/erc_ws/build/launch_pal:/opt/erc_ws/install/launch_pal/lib/python3.10/site-packages:/opt/erc_ws/install/tiago_pro_description/local/lib/python3.10/dist-packages:/opt/erc_ws/install/tiago_pro_head_description/local/lib/python3.10/dist-packages:/opt/erc_ws/build/sensors:/opt/erc_ws/install/sensors/lib/python3.10/site-packages:/opt/erc_ws/install/pal_sea_arm_description/local/lib/python3.10/dist-packages:/opt/erc_ws/install/pal_pro_gripper_description/local/lib/python3.10/dist-packages:/opt/erc_ws/install/omni_base_description/local/lib/python3.10/dist-packages:/opt/erc_ws/build/erc_solution:/opt/erc_ws/install/erc_solution/lib/python3.10/site-packages:/opt/ros/humble/lib/python3.10/site-packages:/opt/ros/humble/local/lib/python3.10/dist-packages /usr/bin/cmake --build /opt/erc_ws/build/tiago_pro_bringup -- -j16 -l16
[4.014s] Level 1:colcon.colcon_core.environment:create_environment_scripts_only(pal_sea_arm_description)
[4.014s] Level 1:colcon.colcon_core.environment:checking '/opt/erc_ws/install/pal_sea_arm_description' for CMake module files
[4.016s] DEBUG:colcon.colcon_core.event_handler.log_command:Invoking command in '/opt/erc_ws/build/tiago_pro_head_robot': AMENT_PREFIX_PATH=/opt/erc_ws/install/launch_pal:/opt/erc_ws/install/tiago_pro_robot:/opt/erc_ws/install/tiago_pro_head_robot:/opt/erc_ws/install/tiago_pro_bringup:/opt/erc_ws/install/tiago_pro_head_bringup:/opt/erc_ws/install/erc_bringup:/opt/erc_ws/install/tiago_pro_description:/opt/erc_ws/install/tiago_pro_head_description:/opt/erc_ws/install/tiago_pro_controller_configuration:/opt/erc_ws/install/tiago_pro_head_controller_configuration:/opt/erc_ws/install/sensors:/opt/erc_ws/install/pal_sea_arm:/opt/erc_ws/install/pal_sea_arm_bringup:/opt/erc_ws/install/pal_sea_arm_description:/opt/erc_ws/install/pal_pro_gripper_simulation:/opt/erc_ws/install/pal_pro_gripper_bringup:/opt/erc_ws/install/pal_pro_gripper:/opt/erc_ws/install/pal_pro_gripper_description:/opt/erc_ws/install/pal_gripper_simulation:/opt/erc_ws/install/pal_gripper:/opt/erc_ws/install/pal_gripper_description:/opt/erc_ws/install/omni_base_robot:/opt/erc_ws/install/omni_base_bringup:/opt/erc_ws/install/omni_base_description:/opt/erc_ws/install/pal_urdf_utils:/opt/erc_ws/install/pal_sea_arm_controller_configuration:/opt/erc_ws/install/pal_pro_gripper_controller_configuration:/opt/erc_ws/install/pal_pro_gripper_wrapper:/opt/erc_ws/install/pal_gripper_controller_configuration:/opt/erc_ws/install/omni_base_controller_configuration:/opt/erc_ws/install/gz_ros2_control:/opt/erc_ws/install/erc_solution:/opt/erc_ws/install/erc_description:/opt/ros/humble CMAKE_PREFIX_PATH=/opt/erc_ws/install/tiago_pro_head_bringup:/opt/erc_ws/install/tiago_pro_head_description:/opt/erc_ws/install/tiago_pro_head_controller_configuration:/opt/erc_ws/install/pal_urdf_utils:/opt/erc_ws/install/tiago_pro_robot:/opt/erc_ws/install/tiago_pro_head_robot:/opt/erc_ws/install/tiago_pro_bringup:/opt/erc_ws/install/erc_bringup:/opt/erc_ws/install/tiago_pro_description:/opt/erc_ws/install/tiago_pro_controller_configuration:/opt/erc_ws/install/pal_sea_arm:/opt/erc_ws/install/pal_sea_arm_bringup:/opt/erc_ws/install/pal_sea_arm_description:/opt/erc_ws/install/pal_pro_gripper_simulation:/opt/erc_ws/install/pal_pro_gripper_bringup:/opt/erc_ws/install/pal_pro_gripper:/opt/erc_ws/install/pal_pro_gripper_description:/opt/erc_ws/install/pal_gripper_simulation:/opt/erc_ws/install/pal_gripper:/opt/erc_ws/install/pal_gripper_description:/opt/erc_ws/install/omni_base_robot:/opt/erc_ws/install/omni_base_bringup:/opt/erc_ws/install/omni_base_description:/opt/erc_ws/install/pal_sea_arm_controller_configuration:/opt/erc_ws/install/pal_pro_gripper_controller_configuration:/opt/erc_ws/install/pal_gripper_controller_configuration:/opt/erc_ws/install/omni_base_controller_configuration:/opt/erc_ws/install/gz_ros2_control:/opt/erc_ws/install/erc_description:/opt/erc_ws/install/sensors:/opt/erc_ws/install/pal_pro_gripper_wrapper:/opt/erc_ws/install/launch_pal:/opt/erc_ws/install/erc_solution:/opt/ros/humble PYTHONPATH=/opt/erc_ws/build/launch_pal:/opt/erc_ws/install/launch_pal/lib/python3.10/site-packages:/opt/erc_ws/install/tiago_pro_description/local/lib/python3.10/dist-packages:/opt/erc_ws/install/tiago_pro_head_description/local/lib/python3.10/dist-packages:/opt/erc_ws/build/sensors:/opt/erc_ws/install/sensors/lib/python3.10/site-packages:/opt/erc_ws/install/pal_sea_arm_description/local/lib/python3.10/dist-packages:/opt/erc_ws/install/pal_pro_gripper_description/local/lib/python3.10/dist-packages:/opt/erc_ws/install/omni_base_description/local/lib/python3.10/dist-packages:/opt/erc_ws/build/pal_pro_gripper_wrapper:/opt/erc_ws/install/pal_pro_gripper_wrapper/lib/python3.10/site-packages:/opt/erc_ws/build/erc_solution:/opt/erc_ws/install/erc_solution/lib/python3.10/site-packages:/opt/ros/humble/lib/python3.10/site-packages:/opt/ros/humble/local/lib/python3.10/dist-packages /usr/bin/cmake --build /opt/erc_ws/build/tiago_pro_head_robot -- -j16 -l16
[4.017s] DEBUG:colcon.colcon_core.event_handler.log_command:Invoked command in '/opt/erc_ws/build/pal_sea_arm_description' returned '0': AMENT_PREFIX_PATH=/opt/erc_ws/install/pal_pro_gripper_wrapper:/opt/erc_ws/install/launch_pal:/opt/erc_ws/install/tiago_pro_robot:/opt/erc_ws/install/tiago_pro_head_robot:/opt/erc_ws/install/tiago_pro_bringup:/opt/erc_ws/install/tiago_pro_head_bringup:/opt/erc_ws/install/erc_bringup:/opt/erc_ws/install/tiago_pro_description:/opt/erc_ws/install/tiago_pro_head_description:/opt/erc_ws/install/tiago_pro_controller_configuration:/opt/erc_ws/install/tiago_pro_head_controller_configuration:/opt/erc_ws/install/sensors:/opt/erc_ws/install/pal_sea_arm:/opt/erc_ws/install/pal_sea_arm_bringup:/opt/erc_ws/install/pal_sea_arm_description:/opt/erc_ws/install/pal_pro_gripper_simulation:/opt/erc_ws/install/pal_pro_gripper_bringup:/opt/erc_ws/install/pal_pro_gripper:/opt/erc_ws/install/pal_pro_gripper_description:/opt/erc_ws/install/pal_gripper_simulation:/opt/erc_ws/install/pal_gripper:/opt/erc_ws/install/pal_gripper_description:/opt/erc_ws/install/omni_base_robot:/opt/erc_ws/install/omni_base_bringup:/opt/erc_ws/install/omni_base_description:/opt/erc_ws/install/pal_urdf_utils:/opt/erc_ws/install/pal_sea_arm_controller_configuration:/opt/erc_ws/install/pal_pro_gripper_controller_configuration:/opt/erc_ws/install/pal_gripper_controller_configuration:/opt/erc_ws/install/omni_base_controller_configuration:/opt/erc_ws/install/gz_ros2_control:/opt/erc_ws/install/erc_solution:/opt/erc_ws/install/erc_description:/opt/ros/humble CMAKE_PREFIX_PATH=/opt/erc_ws/install/pal_sea_arm_controller_configuration:/opt/erc_ws/install/pal_pro_gripper_description:/opt/erc_ws/install/pal_pro_gripper_controller_configuration:/opt/erc_ws/install/pal_urdf_utils:/opt/erc_ws/install/tiago_pro_robot:/opt/erc_ws/install/tiago_pro_head_robot:/opt/erc_ws/install/tiago_pro_bringup:/opt/erc_ws/install/tiago_pro_head_bringup:/opt/erc_ws/install/erc_bringup:/opt/erc_ws/install/tiago_pro_description:/opt/erc_ws/install/tiago_pro_head_description:/opt/erc_ws/install/tiago_pro_controller_configuration:/opt/erc_ws/install/tiago_pro_head_controller_configuration:/opt/erc_ws/install/pal_sea_arm:/opt/erc_ws/install/pal_sea_arm_bringup:/opt/erc_ws/install/pal_sea_arm_description:/opt/erc_ws/install/pal_pro_gripper_simulation:/opt/erc_ws/install/pal_pro_gripper_bringup:/opt/erc_ws/install/pal_pro_gripper:/opt/erc_ws/install/pal_gripper_simulation:/opt/erc_ws/install/pal_gripper:/opt/erc_ws/install/pal_gripper_description:/opt/erc_ws/install/omni_base_robot:/opt/erc_ws/install/omni_base_bringup:/opt/erc_ws/install/omni_base_description:/opt/erc_ws/install/pal_gripper_controller_configuration:/opt/erc_ws/install/omni_base_controller_configuration:/opt/erc_ws/install/gz_ros2_control:/opt/erc_ws/install/erc_description:/opt/erc_ws/install/sensors:/opt/erc_ws/install/pal_pro_gripper_wrapper:/opt/erc_ws/install/launch_pal:/opt/erc_ws/install/erc_solution:/opt/ros/humble PYTHONPATH=/opt/erc_ws/build/pal_pro_gripper_wrapper:/opt/erc_ws/install/pal_pro_gripper_wrapper/lib/python3.10/site-packages:/opt/erc_ws/build/launch_pal:/opt/erc_ws/install/launch_pal/lib/python3.10/site-packages:/opt/erc_ws/install/tiago_pro_description/local/lib/python3.10/dist-packages:/opt/erc_ws/install/tiago_pro_head_description/local/lib/python3.10/dist-packages:/opt/erc_ws/build/sensors:/opt/erc_ws/install/sensors/lib/python3.10/site-packages:/opt/erc_ws/install/pal_sea_arm_description/local/lib/python3.10/dist-packages:/opt/erc_ws/install/pal_pro_gripper_description/local/lib/python3.10/dist-packages:/opt/erc_ws/install/omni_base_description/local/lib/python3.10/dist-packages:/opt/erc_ws/build/erc_solution:/opt/erc_ws/install/erc_solution/lib/python3.10/site-packages:/opt/ros/humble/lib/python3.10/site-packages:/opt/ros/humble/local/lib/python3.10/dist-packages /usr/bin/cmake --install /opt/erc_ws/build/pal_sea_arm_description
[4.017s] Level 1:colcon.colcon_core.environment:checking '/opt/erc_ws/install/pal_sea_arm_description' for CMake config files
[4.018s] Level 1:colcon.colcon_core.shell:create_environment_hook('pal_sea_arm_description', 'cmake_prefix_path')
[4.019s] INFO:colcon.colcon_core.shell:Creating environment hook '/opt/erc_ws/install/pal_sea_arm_description/share/pal_sea_arm_description/hook/cmake_prefix_path.ps1'
[4.020s] INFO:colcon.colcon_core.shell:Creating environment descriptor '/opt/erc_ws/install/pal_sea_arm_description/share/pal_sea_arm_description/hook/cmake_prefix_path.dsv'
[4.020s] INFO:colcon.colcon_core.shell:Creating environment hook '/opt/erc_ws/install/pal_sea_arm_description/share/pal_sea_arm_description/hook/cmake_prefix_path.sh'
[4.021s] Level 1:colcon.colcon_core.environment:checking '/opt/erc_ws/install/pal_sea_arm_description/bin'
[4.021s] Level 1:colcon.colcon_core.environment:checking '/opt/erc_ws/install/pal_sea_arm_description/lib/pkgconfig/pal_sea_arm_description.pc'
[4.021s] Level 1:colcon.colcon_core.environment:checking '/opt/erc_ws/install/pal_sea_arm_description/lib/python3.10/site-packages'
[4.022s] Level 1:colcon.colcon_core.environment:checking '/opt/erc_ws/install/pal_sea_arm_description/bin'
[4.022s] INFO:colcon.colcon_core.shell:Creating package script '/opt/erc_ws/install/pal_sea_arm_description/share/pal_sea_arm_description/package.ps1'
[4.023s] INFO:colcon.colcon_core.shell:Creating package descriptor '/opt/erc_ws/install/pal_sea_arm_description/share/pal_sea_arm_description/package.dsv'
[4.024s] INFO:colcon.colcon_core.shell:Creating package script '/opt/erc_ws/install/pal_sea_arm_description/share/pal_sea_arm_description/package.sh'
[4.024s] INFO:colcon.colcon_core.shell:Creating package script '/opt/erc_ws/install/pal_sea_arm_description/share/pal_sea_arm_description/package.bash'
[4.025s] INFO:colcon.colcon_core.shell:Creating package script '/opt/erc_ws/install/pal_sea_arm_description/share/pal_sea_arm_description/package.zsh'
[4.025s] Level 1:colcon.colcon_core.environment:create_file_with_runtime_dependencies(/opt/erc_ws/install/pal_sea_arm_description/share/colcon-core/packages/pal_sea_arm_description)
[4.026s] Level 1:colcon.colcon_core.environment:create_environment_scripts_only(pal_sea_arm_description)
[4.026s] Level 1:colcon.colcon_core.environment:checking '/opt/erc_ws/install/pal_sea_arm_description' for CMake module files
[4.027s] Level 1:colcon.colcon_core.environment:checking '/opt/erc_ws/install/pal_sea_arm_description' for CMake config files
[4.028s] Level 1:colcon.colcon_core.shell:create_environment_hook('pal_sea_arm_description', 'cmake_prefix_path')
[4.028s] INFO:colcon.colcon_core.shell:Creating environment hook '/opt/erc_ws/install/pal_sea_arm_description/share/pal_sea_arm_description/hook/cmake_prefix_path.ps1'
[4.029s] INFO:colcon.colcon_core.shell:Creating environment descriptor '/opt/erc_ws/install/pal_sea_arm_description/share/pal_sea_arm_description/hook/cmake_prefix_path.dsv'
[4.029s] INFO:colcon.colcon_core.shell:Creating environment hook '/opt/erc_ws/install/pal_sea_arm_description/share/pal_sea_arm_description/hook/cmake_prefix_path.sh'
[4.030s] Level 1:colcon.colcon_core.environment:checking '/opt/erc_ws/install/pal_sea_arm_description/bin'
[4.030s] Level 1:colcon.colcon_core.environment:checking '/opt/erc_ws/install/pal_sea_arm_description/lib/pkgconfig/pal_sea_arm_description.pc'
[4.030s] Level 1:colcon.colcon_core.environment:checking '/opt/erc_ws/install/pal_sea_arm_description/lib/python3.10/site-packages'
[4.030s] Level 1:colcon.colcon_core.environment:checking '/opt/erc_ws/install/pal_sea_arm_description/bin'
[4.031s] INFO:colcon.colcon_core.shell:Creating package script '/opt/erc_ws/install/pal_sea_arm_description/share/pal_sea_arm_description/package.ps1'
[4.031s] INFO:colcon.colcon_core.shell:Creating package descriptor '/opt/erc_ws/install/pal_sea_arm_description/share/pal_sea_arm_description/package.dsv'
[4.032s] INFO:colcon.colcon_core.shell:Creating package script '/opt/erc_ws/install/pal_sea_arm_description/share/pal_sea_arm_description/package.sh'
[4.032s] INFO:colcon.colcon_core.shell:Creating package script '/opt/erc_ws/install/pal_sea_arm_description/share/pal_sea_arm_description/package.bash'
[4.033s] INFO:colcon.colcon_core.shell:Creating package script '/opt/erc_ws/install/pal_sea_arm_description/share/pal_sea_arm_description/package.zsh'
[4.034s] Level 1:colcon.colcon_core.environment:create_file_with_runtime_dependencies(/opt/erc_ws/install/pal_sea_arm_description/share/colcon-core/packages/pal_sea_arm_description)
[4.035s] INFO:colcon.colcon_ros.task.ament_cmake.build:Building ROS package in '/opt/erc_ws/src/tiago_pro_robot/tiago_pro_description' with build type 'ament_cmake'
[4.035s] INFO:colcon.colcon_cmake.task.cmake.build:Building CMake package in '/opt/erc_ws/src/tiago_pro_robot/tiago_pro_description'
[4.035s] INFO:colcon.colcon_core.shell:Skip shell extension 'powershell' for command environment: Not usable outside of PowerShell
[4.035s] DEBUG:colcon.colcon_core.shell:Skip shell extension 'dsv' for command environment
[4.045s] INFO:colcon.colcon_ros.task.ament_cmake.build:Building ROS package in '/opt/erc_ws/src/pal_sea_arm/pal_sea_arm_bringup' with build type 'ament_cmake'
[4.045s] INFO:colcon.colcon_cmake.task.cmake.build:Building CMake package in '/opt/erc_ws/src/pal_sea_arm/pal_sea_arm_bringup'
[4.046s] INFO:colcon.colcon_core.shell:Skip shell extension 'powershell' for command environment: Not usable outside of PowerShell
[4.046s] DEBUG:colcon.colcon_core.shell:Skip shell extension 'dsv' for command environment
[4.063s] DEBUG:colcon.colcon_core.event_handler.log_command:Invoked command in '/opt/erc_ws/build/tiago_pro_bringup' returned '0': AMENT_PREFIX_PATH=/opt/erc_ws/install/pal_pro_gripper_wrapper:/opt/erc_ws/install/launch_pal:/opt/erc_ws/install/tiago_pro_robot:/opt/erc_ws/install/tiago_pro_head_robot:/opt/erc_ws/install/tiago_pro_bringup:/opt/erc_ws/install/tiago_pro_head_bringup:/opt/erc_ws/install/erc_bringup:/opt/erc_ws/install/tiago_pro_description:/opt/erc_ws/install/tiago_pro_head_description:/opt/erc_ws/install/tiago_pro_controller_configuration:/opt/erc_ws/install/tiago_pro_head_controller_configuration:/opt/erc_ws/install/sensors:/opt/erc_ws/install/pal_sea_arm:/opt/erc_ws/install/pal_sea_arm_bringup:/opt/erc_ws/install/pal_sea_arm_description:/opt/erc_ws/install/pal_pro_gripper_simulation:/opt/erc_ws/install/pal_pro_gripper_bringup:/opt/erc_ws/install/pal_pro_gripper:/opt/erc_ws/install/pal_pro_gripper_description:/opt/erc_ws/install/pal_gripper_simulation:/opt/erc_ws/install/pal_gripper:/opt/erc_ws/install/pal_gripper_description:/opt/erc_ws/install/omni_base_robot:/opt/erc_ws/install/omni_base_bringup:/opt/erc_ws/install/omni_base_description:/opt/erc_ws/install/pal_urdf_utils:/opt/erc_ws/install/pal_sea_arm_controller_configuration:/opt/erc_ws/install/pal_pro_gripper_controller_configuration:/opt/erc_ws/install/pal_gripper_controller_configuration:/opt/erc_ws/install/omni_base_controller_configuration:/opt/erc_ws/install/gz_ros2_control:/opt/erc_ws/install/erc_solution:/opt/erc_ws/install/erc_description:/opt/ros/humble CMAKE_PREFIX_PATH=/opt/erc_ws/install/tiago_pro_head_bringup:/opt/erc_ws/install/tiago_pro_controller_configuration:/opt/erc_ws/install/tiago_pro_head_description:/opt/erc_ws/install/pal_sea_arm_controller_configuration:/opt/erc_ws/install/tiago_pro_head_controller_configuration:/opt/erc_ws/install/pal_pro_gripper_controller_configuration:/opt/erc_ws/install/pal_urdf_utils:/opt/erc_ws/install/omni_base_controller_configuration:/opt/erc_ws/install/tiago_pro_robot:/opt/erc_ws/install/tiago_pro_head_robot:/opt/erc_ws/install/tiago_pro_bringup:/opt/erc_ws/install/erc_bringup:/opt/erc_ws/install/tiago_pro_description:/opt/erc_ws/install/pal_sea_arm:/opt/erc_ws/install/pal_sea_arm_bringup:/opt/erc_ws/install/pal_sea_arm_description:/opt/erc_ws/install/pal_pro_gripper_simulation:/opt/erc_ws/install/pal_pro_gripper_bringup:/opt/erc_ws/install/pal_pro_gripper:/opt/erc_ws/install/pal_pro_gripper_description:/opt/erc_ws/install/pal_gripper_simulation:/opt/erc_ws/install/pal_gripper:/opt/erc_ws/install/pal_gripper_description:/opt/erc_ws/install/omni_base_robot:/opt/erc_ws/install/omni_base_bringup:/opt/erc_ws/install/omni_base_description:/opt/erc_ws/install/pal_gripper_controller_configuration:/opt/erc_ws/install/gz_ros2_control:/opt/erc_ws/install/erc_description:/opt/erc_ws/install/sensors:/opt/erc_ws/install/pal_pro_gripper_wrapper:/opt/erc_ws/install/launch_pal:/opt/erc_ws/install/erc_solution:/opt/ros/humble PYTHONPATH=/opt/erc_ws/build/pal_pro_gripper_wrapper:/opt/erc_ws/install/pal_pro_gripper_wrapper/lib/python3.10/site-packages:/opt/erc_ws/build/launch_pal:/opt/erc_ws/install/launch_pal/lib/python3.10/site-packages:/opt/erc_ws/install/tiago_pro_description/local/lib/python3.10/dist-packages:/opt/erc_ws/install/tiago_pro_head_description/local/lib/python3.10/dist-packages:/opt/erc_ws/build/sensors:/opt/erc_ws/install/sensors/lib/python3.10/site-packages:/opt/erc_ws/install/pal_sea_arm_description/local/lib/python3.10/dist-packages:/opt/erc_ws/install/pal_pro_gripper_description/local/lib/python3.10/dist-packages:/opt/erc_ws/install/omni_base_description/local/lib/python3.10/dist-packages:/opt/erc_ws/build/erc_solution:/opt/erc_ws/install/erc_solution/lib/python3.10/site-packages:/opt/ros/humble/lib/python3.10/site-packages:/opt/ros/humble/local/lib/python3.10/dist-packages /usr/bin/cmake --build /opt/erc_ws/build/tiago_pro_bringup -- -j16 -l16
[4.067s] DEBUG:colcon.colcon_core.event_handler.log_command:Invoking command in '/opt/erc_ws/build/tiago_pro_bringup': AMENT_PREFIX_PATH=/opt/erc_ws/install/pal_pro_gripper_wrapper:/opt/erc_ws/install/launch_pal:/opt/erc_ws/install/tiago_pro_robot:/opt/erc_ws/install/tiago_pro_head_robot:/opt/erc_ws/install/tiago_pro_bringup:/opt/erc_ws/install/tiago_pro_head_bringup:/opt/erc_ws/install/erc_bringup:/opt/erc_ws/install/tiago_pro_description:/opt/erc_ws/install/tiago_pro_head_description:/opt/erc_ws/install/tiago_pro_controller_configuration:/opt/erc_ws/install/tiago_pro_head_controller_configuration:/opt/erc_ws/install/sensors:/opt/erc_ws/install/pal_sea_arm:/opt/erc_ws/install/pal_sea_arm_bringup:/opt/erc_ws/install/pal_sea_arm_description:/opt/erc_ws/install/pal_pro_gripper_simulation:/opt/erc_ws/install/pal_pro_gripper_bringup:/opt/erc_ws/install/pal_pro_gripper:/opt/erc_ws/install/pal_pro_gripper_description:/opt/erc_ws/install/pal_gripper_simulation:/opt/erc_ws/install/pal_gripper:/opt/erc_ws/install/pal_gripper_description:/opt/erc_ws/install/omni_base_robot:/opt/erc_ws/install/omni_base_bringup:/opt/erc_ws/install/omni_base_description:/opt/erc_ws/install/pal_urdf_utils:/opt/erc_ws/install/pal_sea_arm_controller_configuration:/opt/erc_ws/install/pal_pro_gripper_controller_configuration:/opt/erc_ws/install/pal_gripper_controller_configuration:/opt/erc_ws/install/omni_base_controller_configuration:/opt/erc_ws/install/gz_ros2_control:/opt/erc_ws/install/erc_solution:/opt/erc_ws/install/erc_description:/opt/ros/humble CMAKE_PREFIX_PATH=/opt/erc_ws/install/tiago_pro_head_bringup:/opt/erc_ws/install/tiago_pro_controller_configuration:/opt/erc_ws/install/tiago_pro_head_description:/opt/erc_ws/install/pal_sea_arm_controller_configuration:/opt/erc_ws/install/tiago_pro_head_controller_configuration:/opt/erc_ws/install/pal_pro_gripper_controller_configuration:/opt/erc_ws/install/pal_urdf_utils:/opt/erc_ws/install/omni_base_controller_configuration:/opt/erc_ws/install/tiago_pro_robot:/opt/erc_ws/install/tiago_pro_head_robot:/opt/erc_ws/install/tiago_pro_bringup:/opt/erc_ws/install/erc_bringup:/opt/erc_ws/install/tiago_pro_description:/opt/erc_ws/install/pal_sea_arm:/opt/erc_ws/install/pal_sea_arm_bringup:/opt/erc_ws/install/pal_sea_arm_description:/opt/erc_ws/install/pal_pro_gripper_simulation:/opt/erc_ws/install/pal_pro_gripper_bringup:/opt/erc_ws/install/pal_pro_gripper:/opt/erc_ws/install/pal_pro_gripper_description:/opt/erc_ws/install/pal_gripper_simulation:/opt/erc_ws/install/pal_gripper:/opt/erc_ws/install/pal_gripper_description:/opt/erc_ws/install/omni_base_robot:/opt/erc_ws/install/omni_base_bringup:/opt/erc_ws/install/omni_base_description:/opt/erc_ws/install/pal_gripper_controller_configuration:/opt/erc_ws/install/gz_ros2_control:/opt/erc_ws/install/erc_description:/opt/erc_ws/install/sensors:/opt/erc_ws/install/pal_pro_gripper_wrapper:/opt/erc_ws/install/launch_pal:/opt/erc_ws/install/erc_solution:/opt/ros/humble PYTHONPATH=/opt/erc_ws/build/pal_pro_gripper_wrapper:/opt/erc_ws/install/pal_pro_gripper_wrapper/lib/python3.10/site-packages:/opt/erc_ws/build/launch_pal:/opt/erc_ws/install/launch_pal/lib/python3.10/site-packages:/opt/erc_ws/install/tiago_pro_description/local/lib/python3.10/dist-packages:/opt/erc_ws/install/tiago_pro_head_description/local/lib/python3.10/dist-packages:/opt/erc_ws/build/sensors:/opt/erc_ws/install/sensors/lib/python3.10/site-packages:/opt/erc_ws/install/pal_sea_arm_description/local/lib/python3.10/dist-packages:/opt/erc_ws/install/pal_pro_gripper_description/local/lib/python3.10/dist-packages:/opt/erc_ws/install/omni_base_description/local/lib/python3.10/dist-packages:/opt/erc_ws/build/erc_solution:/opt/erc_ws/install/erc_solution/lib/python3.10/site-packages:/opt/ros/humble/lib/python3.10/site-packages:/opt/ros/humble/local/lib/python3.10/dist-packages /usr/bin/cmake --install /opt/erc_ws/build/tiago_pro_bringup
[4.068s] DEBUG:colcon.colcon_core.event_handler.log_command:Invoked command in '/opt/erc_ws/build/tiago_pro_head_robot' returned '0': AMENT_PREFIX_PATH=/opt/erc_ws/install/launch_pal:/opt/erc_ws/install/tiago_pro_robot:/opt/erc_ws/install/tiago_pro_head_robot:/opt/erc_ws/install/tiago_pro_bringup:/opt/erc_ws/install/tiago_pro_head_bringup:/opt/erc_ws/install/erc_bringup:/opt/erc_ws/install/tiago_pro_description:/opt/erc_ws/install/tiago_pro_head_description:/opt/erc_ws/install/tiago_pro_controller_configuration:/opt/erc_ws/install/tiago_pro_head_controller_configuration:/opt/erc_ws/install/sensors:/opt/erc_ws/install/pal_sea_arm:/opt/erc_ws/install/pal_sea_arm_bringup:/opt/erc_ws/install/pal_sea_arm_description:/opt/erc_ws/install/pal_pro_gripper_simulation:/opt/erc_ws/install/pal_pro_gripper_bringup:/opt/erc_ws/install/pal_pro_gripper:/opt/erc_ws/install/pal_pro_gripper_description:/opt/erc_ws/install/pal_gripper_simulation:/opt/erc_ws/install/pal_gripper:/opt/erc_ws/install/pal_gripper_description:/opt/erc_ws/install/omni_base_robot:/opt/erc_ws/install/omni_base_bringup:/opt/erc_ws/install/omni_base_description:/opt/erc_ws/install/pal_urdf_utils:/opt/erc_ws/install/pal_sea_arm_controller_configuration:/opt/erc_ws/install/pal_pro_gripper_controller_configuration:/opt/erc_ws/install/pal_pro_gripper_wrapper:/opt/erc_ws/install/pal_gripper_controller_configuration:/opt/erc_ws/install/omni_base_controller_configuration:/opt/erc_ws/install/gz_ros2_control:/opt/erc_ws/install/erc_solution:/opt/erc_ws/install/erc_description:/opt/ros/humble CMAKE_PREFIX_PATH=/opt/erc_ws/install/tiago_pro_head_bringup:/opt/erc_ws/install/tiago_pro_head_description:/opt/erc_ws/install/tiago_pro_head_controller_configuration:/opt/erc_ws/install/pal_urdf_utils:/opt/erc_ws/install/tiago_pro_robot:/opt/erc_ws/install/tiago_pro_head_robot:/opt/erc_ws/install/tiago_pro_bringup:/opt/erc_ws/install/erc_bringup:/opt/erc_ws/install/tiago_pro_description:/opt/erc_ws/install/tiago_pro_controller_configuration:/opt/erc_ws/install/pal_sea_arm:/opt/erc_ws/install/pal_sea_arm_bringup:/opt/erc_ws/install/pal_sea_arm_description:/opt/erc_ws/install/pal_pro_gripper_simulation:/opt/erc_ws/install/pal_pro_gripper_bringup:/opt/erc_ws/install/pal_pro_gripper:/opt/erc_ws/install/pal_pro_gripper_description:/opt/erc_ws/install/pal_gripper_simulation:/opt/erc_ws/install/pal_gripper:/opt/erc_ws/install/pal_gripper_description:/opt/erc_ws/install/omni_base_robot:/opt/erc_ws/install/omni_base_bringup:/opt/erc_ws/install/omni_base_description:/opt/erc_ws/install/pal_sea_arm_controller_configuration:/opt/erc_ws/install/pal_pro_gripper_controller_configuration:/opt/erc_ws/install/pal_gripper_controller_configuration:/opt/erc_ws/install/omni_base_controller_configuration:/opt/erc_ws/install/gz_ros2_control:/opt/erc_ws/install/erc_description:/opt/erc_ws/install/sensors:/opt/erc_ws/install/pal_pro_gripper_wrapper:/opt/erc_ws/install/launch_pal:/opt/erc_ws/install/erc_solution:/opt/ros/humble PYTHONPATH=/opt/erc_ws/build/launch_pal:/opt/erc_ws/install/launch_pal/lib/python3.10/site-packages:/opt/erc_ws/install/tiago_pro_description/local/lib/python3.10/dist-packages:/opt/erc_ws/install/tiago_pro_head_description/local/lib/python3.10/dist-packages:/opt/erc_ws/build/sensors:/opt/erc_ws/install/sensors/lib/python3.10/site-packages:/opt/erc_ws/install/pal_sea_arm_description/local/lib/python3.10/dist-packages:/opt/erc_ws/install/pal_pro_gripper_description/local/lib/python3.10/dist-packages:/opt/erc_ws/install/omni_base_description/local/lib/python3.10/dist-packages:/opt/erc_ws/build/pal_pro_gripper_wrapper:/opt/erc_ws/install/pal_pro_gripper_wrapper/lib/python3.10/site-packages:/opt/erc_ws/build/erc_solution:/opt/erc_ws/install/erc_solution/lib/python3.10/site-packages:/opt/ros/humble/lib/python3.10/site-packages:/opt/ros/humble/local/lib/python3.10/dist-packages /usr/bin/cmake --build /opt/erc_ws/build/tiago_pro_head_robot -- -j16 -l16
[4.071s] DEBUG:colcon.colcon_core.event_handler.log_command:Invoking command in '/opt/erc_ws/build/tiago_pro_head_robot': AMENT_PREFIX_PATH=/opt/erc_ws/install/launch_pal:/opt/erc_ws/install/tiago_pro_robot:/opt/erc_ws/install/tiago_pro_head_robot:/opt/erc_ws/install/tiago_pro_bringup:/opt/erc_ws/install/tiago_pro_head_bringup:/opt/erc_ws/install/erc_bringup:/opt/erc_ws/install/tiago_pro_description:/opt/erc_ws/install/tiago_pro_head_description:/opt/erc_ws/install/tiago_pro_controller_configuration:/opt/erc_ws/install/tiago_pro_head_controller_configuration:/opt/erc_ws/install/sensors:/opt/erc_ws/install/pal_sea_arm:/opt/erc_ws/install/pal_sea_arm_bringup:/opt/erc_ws/install/pal_sea_arm_description:/opt/erc_ws/install/pal_pro_gripper_simulation:/opt/erc_ws/install/pal_pro_gripper_bringup:/opt/erc_ws/install/pal_pro_gripper:/opt/erc_ws/install/pal_pro_gripper_description:/opt/erc_ws/install/pal_gripper_simulation:/opt/erc_ws/install/pal_gripper:/opt/erc_ws/install/pal_gripper_description:/opt/erc_ws/install/omni_base_robot:/opt/erc_ws/install/omni_base_bringup:/opt/erc_ws/install/omni_base_description:/opt/erc_ws/install/pal_urdf_utils:/opt/erc_ws/install/pal_sea_arm_controller_configuration:/opt/erc_ws/install/pal_pro_gripper_controller_configuration:/opt/erc_ws/install/pal_pro_gripper_wrapper:/opt/erc_ws/install/pal_gripper_controller_configuration:/opt/erc_ws/install/omni_base_controller_configuration:/opt/erc_ws/install/gz_ros2_control:/opt/erc_ws/install/erc_solution:/opt/erc_ws/install/erc_description:/opt/ros/humble CMAKE_PREFIX_PATH=/opt/erc_ws/install/tiago_pro_head_bringup:/opt/erc_ws/install/tiago_pro_head_description:/opt/erc_ws/install/tiago_pro_head_controller_configuration:/opt/erc_ws/install/pal_urdf_utils:/opt/erc_ws/install/tiago_pro_robot:/opt/erc_ws/install/tiago_pro_head_robot:/opt/erc_ws/install/tiago_pro_bringup:/opt/erc_ws/install/erc_bringup:/opt/erc_ws/install/tiago_pro_description:/opt/erc_ws/install/tiago_pro_controller_configuration:/opt/erc_ws/install/pal_sea_arm:/opt/erc_ws/install/pal_sea_arm_bringup:/opt/erc_ws/install/pal_sea_arm_description:/opt/erc_ws/install/pal_pro_gripper_simulation:/opt/erc_ws/install/pal_pro_gripper_bringup:/opt/erc_ws/install/pal_pro_gripper:/opt/erc_ws/install/pal_pro_gripper_description:/opt/erc_ws/install/pal_gripper_simulation:/opt/erc_ws/install/pal_gripper:/opt/erc_ws/install/pal_gripper_description:/opt/erc_ws/install/omni_base_robot:/opt/erc_ws/install/omni_base_bringup:/opt/erc_ws/install/omni_base_description:/opt/erc_ws/install/pal_sea_arm_controller_configuration:/opt/erc_ws/install/pal_pro_gripper_controller_configuration:/opt/erc_ws/install/pal_gripper_controller_configuration:/opt/erc_ws/install/omni_base_controller_configuration:/opt/erc_ws/install/gz_ros2_control:/opt/erc_ws/install/erc_description:/opt/erc_ws/install/sensors:/opt/erc_ws/install/pal_pro_gripper_wrapper:/opt/erc_ws/install/launch_pal:/opt/erc_ws/install/erc_solution:/opt/ros/humble PYTHONPATH=/opt/erc_ws/build/launch_pal:/opt/erc_ws/install/launch_pal/lib/python3.10/site-packages:/opt/erc_ws/install/tiago_pro_description/local/lib/python3.10/dist-packages:/opt/erc_ws/install/tiago_pro_head_description/local/lib/python3.10/dist-packages:/opt/erc_ws/build/sensors:/opt/erc_ws/install/sensors/lib/python3.10/site-packages:/opt/erc_ws/install/pal_sea_arm_description/local/lib/python3.10/dist-packages:/opt/erc_ws/install/pal_pro_gripper_description/local/lib/python3.10/dist-packages:/opt/erc_ws/install/omni_base_description/local/lib/python3.10/dist-packages:/opt/erc_ws/build/pal_pro_gripper_wrapper:/opt/erc_ws/install/pal_pro_gripper_wrapper/lib/python3.10/site-packages:/opt/erc_ws/build/erc_solution:/opt/erc_ws/install/erc_solution/lib/python3.10/site-packages:/opt/ros/humble/lib/python3.10/site-packages:/opt/ros/humble/local/lib/python3.10/dist-packages /usr/bin/cmake --install /opt/erc_ws/build/tiago_pro_head_robot
[4.102s] Level 1:colcon.colcon_core.environment:create_environment_scripts_only(tiago_pro_head_robot)
[4.102s] Level 1:colcon.colcon_core.environment:checking '/opt/erc_ws/install/tiago_pro_head_robot' for CMake module files
[4.103s] Level 1:colcon.colcon_core.environment:checking '/opt/erc_ws/install/tiago_pro_head_robot' for CMake config files
[4.103s] Level 1:colcon.colcon_core.shell:create_environment_hook('tiago_pro_head_robot', 'cmake_prefix_path')
[4.104s] INFO:colcon.colcon_core.shell:Creating environment hook '/opt/erc_ws/install/tiago_pro_head_robot/share/tiago_pro_head_robot/hook/cmake_prefix_path.ps1'
[4.105s] DEBUG:colcon.colcon_core.event_handler.log_command:Invoking command in '/opt/erc_ws/build/tiago_pro_description': AMENT_PREFIX_PATH=/opt/erc_ws/install/pal_pro_gripper_wrapper:/opt/erc_ws/install/launch_pal:/opt/erc_ws/install/tiago_pro_robot:/opt/erc_ws/install/tiago_pro_head_robot:/opt/erc_ws/install/tiago_pro_bringup:/opt/erc_ws/install/tiago_pro_head_bringup:/opt/erc_ws/install/erc_bringup:/opt/erc_ws/install/tiago_pro_description:/opt/erc_ws/install/tiago_pro_head_description:/opt/erc_ws/install/tiago_pro_controller_configuration:/opt/erc_ws/install/tiago_pro_head_controller_configuration:/opt/erc_ws/install/sensors:/opt/erc_ws/install/pal_sea_arm:/opt/erc_ws/install/pal_sea_arm_bringup:/opt/erc_ws/install/pal_sea_arm_description:/opt/erc_ws/install/pal_pro_gripper_simulation:/opt/erc_ws/install/pal_pro_gripper_bringup:/opt/erc_ws/install/pal_pro_gripper:/opt/erc_ws/install/pal_pro_gripper_description:/opt/erc_ws/install/pal_gripper_simulation:/opt/erc_ws/install/pal_gripper:/opt/erc_ws/install/pal_gripper_description:/opt/erc_ws/install/omni_base_robot:/opt/erc_ws/install/omni_base_bringup:/opt/erc_ws/install/omni_base_description:/opt/erc_ws/install/pal_urdf_utils:/opt/erc_ws/install/pal_sea_arm_controller_configuration:/opt/erc_ws/install/pal_pro_gripper_controller_configuration:/opt/erc_ws/install/pal_gripper_controller_configuration:/opt/erc_ws/install/omni_base_controller_configuration:/opt/erc_ws/install/gz_ros2_control:/opt/erc_ws/install/erc_solution:/opt/erc_ws/install/erc_description:/opt/ros/humble CMAKE_PREFIX_PATH=/opt/erc_ws/install/pal_sea_arm_description:/opt/erc_ws/install/tiago_pro_head_description:/opt/erc_ws/install/pal_sea_arm_controller_configuration:/opt/erc_ws/install/tiago_pro_head_controller_configuration:/opt/erc_ws/install/pal_pro_gripper_description:/opt/erc_ws/install/pal_pro_gripper_controller_configuration:/opt/erc_ws/install/omni_base_description:/opt/erc_ws/install/pal_urdf_utils:/opt/erc_ws/install/tiago_pro_robot:/opt/erc_ws/install/tiago_pro_head_robot:/opt/erc_ws/install/tiago_pro_bringup:/opt/erc_ws/install/tiago_pro_head_bringup:/opt/erc_ws/install/erc_bringup:/opt/erc_ws/install/tiago_pro_description:/opt/erc_ws/install/tiago_pro_controller_configuration:/opt/erc_ws/install/pal_sea_arm:/opt/erc_ws/install/pal_sea_arm_bringup:/opt/erc_ws/install/pal_pro_gripper_simulation:/opt/erc_ws/install/pal_pro_gripper_bringup:/opt/erc_ws/install/pal_pro_gripper:/opt/erc_ws/install/pal_gripper_simulation:/opt/erc_ws/install/pal_gripper:/opt/erc_ws/install/pal_gripper_description:/opt/erc_ws/install/omni_base_robot:/opt/erc_ws/install/omni_base_bringup:/opt/erc_ws/install/pal_gripper_controller_configuration:/opt/erc_ws/install/omni_base_controller_configuration:/opt/erc_ws/install/gz_ros2_control:/opt/erc_ws/install/erc_description:/opt/erc_ws/install/sensors:/opt/erc_ws/install/pal_pro_gripper_wrapper:/opt/erc_ws/install/launch_pal:/opt/erc_ws/install/erc_solution:/opt/ros/humble PYTHONPATH=/opt/erc_ws/build/pal_pro_gripper_wrapper:/opt/erc_ws/install/pal_pro_gripper_wrapper/lib/python3.10/site-packages:/opt/erc_ws/build/launch_pal:/opt/erc_ws/install/launch_pal/lib/python3.10/site-packages:/opt/erc_ws/install/tiago_pro_description/local/lib/python3.10/dist-packages:/opt/erc_ws/install/tiago_pro_head_description/local/lib/python3.10/dist-packages:/opt/erc_ws/build/sensors:/opt/erc_ws/install/sensors/lib/python3.10/site-packages:/opt/erc_ws/install/pal_sea_arm_description/local/lib/python3.10/dist-packages:/opt/erc_ws/install/pal_pro_gripper_description/local/lib/python3.10/dist-packages:/opt/erc_ws/install/omni_base_description/local/lib/python3.10/dist-packages:/opt/erc_ws/build/erc_solution:/opt/erc_ws/install/erc_solution/lib/python3.10/site-packages:/opt/ros/humble/lib/python3.10/site-packages:/opt/ros/humble/local/lib/python3.10/dist-packages /usr/bin/cmake --build /opt/erc_ws/build/tiago_pro_description -- -j16 -l16
[4.105s] INFO:colcon.colcon_core.shell:Creating environment descriptor '/opt/erc_ws/install/tiago_pro_head_robot/share/tiago_pro_head_robot/hook/cmake_prefix_path.dsv'
[4.109s] INFO:colcon.colcon_core.shell:Creating environment hook '/opt/erc_ws/install/tiago_pro_head_robot/share/tiago_pro_head_robot/hook/cmake_prefix_path.sh'
[4.114s] Level 1:colcon.colcon_core.environment:checking '/opt/erc_ws/install/tiago_pro_head_robot/bin'
[4.115s] Level 1:colcon.colcon_core.environment:checking '/opt/erc_ws/install/tiago_pro_head_robot/lib/pkgconfig/tiago_pro_head_robot.pc'
[4.115s] Level 1:colcon.colcon_core.environment:checking '/opt/erc_ws/install/tiago_pro_head_robot/lib/python3.10/site-packages'
[4.115s] Level 1:colcon.colcon_core.environment:checking '/opt/erc_ws/install/tiago_pro_head_robot/bin'
[4.116s] INFO:colcon.colcon_core.shell:Creating package script '/opt/erc_ws/install/tiago_pro_head_robot/share/tiago_pro_head_robot/package.ps1'
[4.117s] INFO:colcon.colcon_core.shell:Creating package descriptor '/opt/erc_ws/install/tiago_pro_head_robot/share/tiago_pro_head_robot/package.dsv'
[4.117s] INFO:colcon.colcon_core.shell:Creating package script '/opt/erc_ws/install/tiago_pro_head_robot/share/tiago_pro_head_robot/package.sh'
[4.118s] INFO:colcon.colcon_core.shell:Creating package script '/opt/erc_ws/install/tiago_pro_head_robot/share/tiago_pro_head_robot/package.bash'
[4.118s] INFO:colcon.colcon_core.shell:Creating package script '/opt/erc_ws/install/tiago_pro_head_robot/share/tiago_pro_head_robot/package.zsh'
[4.119s] Level 1:colcon.colcon_core.environment:create_file_with_runtime_dependencies(/opt/erc_ws/install/tiago_pro_head_robot/share/colcon-core/packages/tiago_pro_head_robot)
[4.119s] Level 1:colcon.colcon_core.environment:create_environment_scripts_only(tiago_pro_head_robot)
[4.120s] Level 1:colcon.colcon_core.environment:checking '/opt/erc_ws/install/tiago_pro_head_robot' for CMake module files
[4.120s] Level 1:colcon.colcon_core.environment:checking '/opt/erc_ws/install/tiago_pro_head_robot' for CMake config files
[4.120s] Level 1:colcon.colcon_core.shell:create_environment_hook('tiago_pro_head_robot', 'cmake_prefix_path')
[4.121s] INFO:colcon.colcon_core.shell:Creating environment hook '/opt/erc_ws/install/tiago_pro_head_robot/share/tiago_pro_head_robot/hook/cmake_prefix_path.ps1'
[4.121s] INFO:colcon.colcon_core.shell:Creating environment descriptor '/opt/erc_ws/install/tiago_pro_head_robot/share/tiago_pro_head_robot/hook/cmake_prefix_path.dsv'
[4.122s] DEBUG:colcon.colcon_core.event_handler.log_command:Invoking command in '/opt/erc_ws/build/pal_sea_arm_bringup': AMENT_PREFIX_PATH=/opt/erc_ws/install/pal_pro_gripper_wrapper:/opt/erc_ws/install/launch_pal:/opt/erc_ws/install/tiago_pro_robot:/opt/erc_ws/install/tiago_pro_head_robot:/opt/erc_ws/install/tiago_pro_bringup:/opt/erc_ws/install/tiago_pro_head_bringup:/opt/erc_ws/install/erc_bringup:/opt/erc_ws/install/tiago_pro_description:/opt/erc_ws/install/tiago_pro_head_description:/opt/erc_ws/install/tiago_pro_controller_configuration:/opt/erc_ws/install/tiago_pro_head_controller_configuration:/opt/erc_ws/install/sensors:/opt/erc_ws/install/pal_sea_arm:/opt/erc_ws/install/pal_sea_arm_bringup:/opt/erc_ws/install/pal_sea_arm_description:/opt/erc_ws/install/pal_pro_gripper_simulation:/opt/erc_ws/install/pal_pro_gripper_bringup:/opt/erc_ws/install/pal_pro_gripper:/opt/erc_ws/install/pal_pro_gripper_description:/opt/erc_ws/install/pal_gripper_simulation:/opt/erc_ws/install/pal_gripper:/opt/erc_ws/install/pal_gripper_description:/opt/erc_ws/install/omni_base_robot:/opt/erc_ws/install/omni_base_bringup:/opt/erc_ws/install/omni_base_description:/opt/erc_ws/install/pal_urdf_utils:/opt/erc_ws/install/pal_sea_arm_controller_configuration:/opt/erc_ws/install/pal_pro_gripper_controller_configuration:/opt/erc_ws/install/pal_gripper_controller_configuration:/opt/erc_ws/install/omni_base_controller_configuration:/opt/erc_ws/install/gz_ros2_control:/opt/erc_ws/install/erc_solution:/opt/erc_ws/install/erc_description:/opt/ros/humble CMAKE_PREFIX_PATH=/opt/erc_ws/install/pal_sea_arm_description:/opt/erc_ws/install/pal_sea_arm_controller_configuration:/opt/erc_ws/install/pal_pro_gripper_description:/opt/erc_ws/install/pal_pro_gripper_controller_configuration:/opt/erc_ws/install/pal_urdf_utils:/opt/erc_ws/install/tiago_pro_robot:/opt/erc_ws/install/tiago_pro_head_robot:/opt/erc_ws/install/tiago_pro_bringup:/opt/erc_ws/install/tiago_pro_head_bringup:/opt/erc_ws/install/erc_bringup:/opt/erc_ws/install/tiago_pro_description:/opt/erc_ws/install/tiago_pro_head_description:/opt/erc_ws/install/tiago_pro_controller_configuration:/opt/erc_ws/install/tiago_pro_head_controller_configuration:/opt/erc_ws/install/pal_sea_arm:/opt/erc_ws/install/pal_sea_arm_bringup:/opt/erc_ws/install/pal_pro_gripper_simulation:/opt/erc_ws/install/pal_pro_gripper_bringup:/opt/erc_ws/install/pal_pro_gripper:/opt/erc_ws/install/pal_gripper_simulation:/opt/erc_ws/install/pal_gripper:/opt/erc_ws/install/pal_gripper_description:/opt/erc_ws/install/omni_base_robot:/opt/erc_ws/install/omni_base_bringup:/opt/erc_ws/install/omni_base_description:/opt/erc_ws/install/pal_gripper_controller_configuration:/opt/erc_ws/install/omni_base_controller_configuration:/opt/erc_ws/install/gz_ros2_control:/opt/erc_ws/install/erc_description:/opt/erc_ws/install/sensors:/opt/erc_ws/install/pal_pro_gripper_wrapper:/opt/erc_ws/install/launch_pal:/opt/erc_ws/install/erc_solution:/opt/ros/humble PYTHONPATH=/opt/erc_ws/build/pal_pro_gripper_wrapper:/opt/erc_ws/install/pal_pro_gripper_wrapper/lib/python3.10/site-packages:/opt/erc_ws/build/launch_pal:/opt/erc_ws/install/launch_pal/lib/python3.10/site-packages:/opt/erc_ws/install/tiago_pro_description/local/lib/python3.10/dist-packages:/opt/erc_ws/install/tiago_pro_head_description/local/lib/python3.10/dist-packages:/opt/erc_ws/build/sensors:/opt/erc_ws/install/sensors/lib/python3.10/site-packages:/opt/erc_ws/install/pal_sea_arm_description/local/lib/python3.10/dist-packages:/opt/erc_ws/install/pal_pro_gripper_description/local/lib/python3.10/dist-packages:/opt/erc_ws/install/omni_base_description/local/lib/python3.10/dist-packages:/opt/erc_ws/build/erc_solution:/opt/erc_ws/install/erc_solution/lib/python3.10/site-packages:/opt/ros/humble/lib/python3.10/site-packages:/opt/ros/humble/local/lib/python3.10/dist-packages /usr/bin/cmake --build /opt/erc_ws/build/pal_sea_arm_bringup -- -j16 -l16
[4.123s] DEBUG:colcon.colcon_core.event_handler.log_command:Invoked command in '/opt/erc_ws/build/tiago_pro_head_robot' returned '0': AMENT_PREFIX_PATH=/opt/erc_ws/install/launch_pal:/opt/erc_ws/install/tiago_pro_robot:/opt/erc_ws/install/tiago_pro_head_robot:/opt/erc_ws/install/tiago_pro_bringup:/opt/erc_ws/install/tiago_pro_head_bringup:/opt/erc_ws/install/erc_bringup:/opt/erc_ws/install/tiago_pro_description:/opt/erc_ws/install/tiago_pro_head_description:/opt/erc_ws/install/tiago_pro_controller_configuration:/opt/erc_ws/install/tiago_pro_head_controller_configuration:/opt/erc_ws/install/sensors:/opt/erc_ws/install/pal_sea_arm:/opt/erc_ws/install/pal_sea_arm_bringup:/opt/erc_ws/install/pal_sea_arm_description:/opt/erc_ws/install/pal_pro_gripper_simulation:/opt/erc_ws/install/pal_pro_gripper_bringup:/opt/erc_ws/install/pal_pro_gripper:/opt/erc_ws/install/pal_pro_gripper_description:/opt/erc_ws/install/pal_gripper_simulation:/opt/erc_ws/install/pal_gripper:/opt/erc_ws/install/pal_gripper_description:/opt/erc_ws/install/omni_base_robot:/opt/erc_ws/install/omni_base_bringup:/opt/erc_ws/install/omni_base_description:/opt/erc_ws/install/pal_urdf_utils:/opt/erc_ws/install/pal_sea_arm_controller_configuration:/opt/erc_ws/install/pal_pro_gripper_controller_configuration:/opt/erc_ws/install/pal_pro_gripper_wrapper:/opt/erc_ws/install/pal_gripper_controller_configuration:/opt/erc_ws/install/omni_base_controller_configuration:/opt/erc_ws/install/gz_ros2_control:/opt/erc_ws/install/erc_solution:/opt/erc_ws/install/erc_description:/opt/ros/humble CMAKE_PREFIX_PATH=/opt/erc_ws/install/tiago_pro_head_bringup:/opt/erc_ws/install/tiago_pro_head_description:/opt/erc_ws/install/tiago_pro_head_controller_configuration:/opt/erc_ws/install/pal_urdf_utils:/opt/erc_ws/install/tiago_pro_robot:/opt/erc_ws/install/tiago_pro_head_robot:/opt/erc_ws/install/tiago_pro_bringup:/opt/erc_ws/install/erc_bringup:/opt/erc_ws/install/tiago_pro_description:/opt/erc_ws/install/tiago_pro_controller_configuration:/opt/erc_ws/install/pal_sea_arm:/opt/erc_ws/install/pal_sea_arm_bringup:/opt/erc_ws/install/pal_sea_arm_description:/opt/erc_ws/install/pal_pro_gripper_simulation:/opt/erc_ws/install/pal_pro_gripper_bringup:/opt/erc_ws/install/pal_pro_gripper:/opt/erc_ws/install/pal_pro_gripper_description:/opt/erc_ws/install/pal_gripper_simulation:/opt/erc_ws/install/pal_gripper:/opt/erc_ws/install/pal_gripper_description:/opt/erc_ws/install/omni_base_robot:/opt/erc_ws/install/omni_base_bringup:/opt/erc_ws/install/omni_base_description:/opt/erc_ws/install/pal_sea_arm_controller_configuration:/opt/erc_ws/install/pal_pro_gripper_controller_configuration:/opt/erc_ws/install/pal_gripper_controller_configuration:/opt/erc_ws/install/omni_base_controller_configuration:/opt/erc_ws/install/gz_ros2_control:/opt/erc_ws/install/erc_description:/opt/erc_ws/install/sensors:/opt/erc_ws/install/pal_pro_gripper_wrapper:/opt/erc_ws/install/launch_pal:/opt/erc_ws/install/erc_solution:/opt/ros/humble PYTHONPATH=/opt/erc_ws/build/launch_pal:/opt/erc_ws/install/launch_pal/lib/python3.10/site-packages:/opt/erc_ws/install/tiago_pro_description/local/lib/python3.10/dist-packages:/opt/erc_ws/install/tiago_pro_head_description/local/lib/python3.10/dist-packages:/opt/erc_ws/build/sensors:/opt/erc_ws/install/sensors/lib/python3.10/site-packages:/opt/erc_ws/install/pal_sea_arm_description/local/lib/python3.10/dist-packages:/opt/erc_ws/install/pal_pro_gripper_description/local/lib/python3.10/dist-packages:/opt/erc_ws/install/omni_base_description/local/lib/python3.10/dist-packages:/opt/erc_ws/build/pal_pro_gripper_wrapper:/opt/erc_ws/install/pal_pro_gripper_wrapper/lib/python3.10/site-packages:/opt/erc_ws/build/erc_solution:/opt/erc_ws/install/erc_solution/lib/python3.10/site-packages:/opt/ros/humble/lib/python3.10/site-packages:/opt/ros/humble/local/lib/python3.10/dist-packages /usr/bin/cmake --install /opt/erc_ws/build/tiago_pro_head_robot
[4.123s] INFO:colcon.colcon_core.shell:Creating environment hook '/opt/erc_ws/install/tiago_pro_head_robot/share/tiago_pro_head_robot/hook/cmake_prefix_path.sh'
[4.124s] Level 1:colcon.colcon_core.environment:checking '/opt/erc_ws/install/tiago_pro_head_robot/bin'
[4.124s] Level 1:colcon.colcon_core.environment:checking '/opt/erc_ws/install/tiago_pro_head_robot/lib/pkgconfig/tiago_pro_head_robot.pc'
[4.124s] Level 1:colcon.colcon_core.environment:checking '/opt/erc_ws/install/tiago_pro_head_robot/lib/python3.10/site-packages'
[4.124s] Level 1:colcon.colcon_core.environment:checking '/opt/erc_ws/install/tiago_pro_head_robot/bin'
[4.124s] INFO:colcon.colcon_core.shell:Creating package script '/opt/erc_ws/install/tiago_pro_head_robot/share/tiago_pro_head_robot/package.ps1'
[4.125s] INFO:colcon.colcon_core.shell:Creating package descriptor '/opt/erc_ws/install/tiago_pro_head_robot/share/tiago_pro_head_robot/package.dsv'
[4.126s] INFO:colcon.colcon_core.shell:Creating package script '/opt/erc_ws/install/tiago_pro_head_robot/share/tiago_pro_head_robot/package.sh'
[4.126s] INFO:colcon.colcon_core.shell:Creating package script '/opt/erc_ws/install/tiago_pro_head_robot/share/tiago_pro_head_robot/package.bash'
[4.126s] INFO:colcon.colcon_core.shell:Creating package script '/opt/erc_ws/install/tiago_pro_head_robot/share/tiago_pro_head_robot/package.zsh'
[4.127s] Level 1:colcon.colcon_core.environment:create_file_with_runtime_dependencies(/opt/erc_ws/install/tiago_pro_head_robot/share/colcon-core/packages/tiago_pro_head_robot)
[4.130s] Level 1:colcon.colcon_core.environment:create_environment_scripts_only(tiago_pro_bringup)
[4.130s] Level 1:colcon.colcon_core.environment:checking '/opt/erc_ws/install/tiago_pro_bringup' for CMake module files
[4.131s] DEBUG:colcon.colcon_core.event_handler.log_command:Invoked command in '/opt/erc_ws/build/tiago_pro_bringup' returned '0': AMENT_PREFIX_PATH=/opt/erc_ws/install/pal_pro_gripper_wrapper:/opt/erc_ws/install/launch_pal:/opt/erc_ws/install/tiago_pro_robot:/opt/erc_ws/install/tiago_pro_head_robot:/opt/erc_ws/install/tiago_pro_bringup:/opt/erc_ws/install/tiago_pro_head_bringup:/opt/erc_ws/install/erc_bringup:/opt/erc_ws/install/tiago_pro_description:/opt/erc_ws/install/tiago_pro_head_description:/opt/erc_ws/install/tiago_pro_controller_configuration:/opt/erc_ws/install/tiago_pro_head_controller_configuration:/opt/erc_ws/install/sensors:/opt/erc_ws/install/pal_sea_arm:/opt/erc_ws/install/pal_sea_arm_bringup:/opt/erc_ws/install/pal_sea_arm_description:/opt/erc_ws/install/pal_pro_gripper_simulation:/opt/erc_ws/install/pal_pro_gripper_bringup:/opt/erc_ws/install/pal_pro_gripper:/opt/erc_ws/install/pal_pro_gripper_description:/opt/erc_ws/install/pal_gripper_simulation:/opt/erc_ws/install/pal_gripper:/opt/erc_ws/install/pal_gripper_description:/opt/erc_ws/install/omni_base_robot:/opt/erc_ws/install/omni_base_bringup:/opt/erc_ws/install/omni_base_description:/opt/erc_ws/install/pal_urdf_utils:/opt/erc_ws/install/pal_sea_arm_controller_configuration:/opt/erc_ws/install/pal_pro_gripper_controller_configuration:/opt/erc_ws/install/pal_gripper_controller_configuration:/opt/erc_ws/install/omni_base_controller_configuration:/opt/erc_ws/install/gz_ros2_control:/opt/erc_ws/install/erc_solution:/opt/erc_ws/install/erc_description:/opt/ros/humble CMAKE_PREFIX_PATH=/opt/erc_ws/install/tiago_pro_head_bringup:/opt/erc_ws/install/tiago_pro_controller_configuration:/opt/erc_ws/install/tiago_pro_head_description:/opt/erc_ws/install/pal_sea_arm_controller_configuration:/opt/erc_ws/install/tiago_pro_head_controller_configuration:/opt/erc_ws/install/pal_pro_gripper_controller_configuration:/opt/erc_ws/install/pal_urdf_utils:/opt/erc_ws/install/omni_base_controller_configuration:/opt/erc_ws/install/tiago_pro_robot:/opt/erc_ws/install/tiago_pro_head_robot:/opt/erc_ws/install/tiago_pro_bringup:/opt/erc_ws/install/erc_bringup:/opt/erc_ws/install/tiago_pro_description:/opt/erc_ws/install/pal_sea_arm:/opt/erc_ws/install/pal_sea_arm_bringup:/opt/erc_ws/install/pal_sea_arm_description:/opt/erc_ws/install/pal_pro_gripper_simulation:/opt/erc_ws/install/pal_pro_gripper_bringup:/opt/erc_ws/install/pal_pro_gripper:/opt/erc_ws/install/pal_pro_gripper_description:/opt/erc_ws/install/pal_gripper_simulation:/opt/erc_ws/install/pal_gripper:/opt/erc_ws/install/pal_gripper_description:/opt/erc_ws/install/omni_base_robot:/opt/erc_ws/install/omni_base_bringup:/opt/erc_ws/install/omni_base_description:/opt/erc_ws/install/pal_gripper_controller_configuration:/opt/erc_ws/install/gz_ros2_control:/opt/erc_ws/install/erc_description:/opt/erc_ws/install/sensors:/opt/erc_ws/install/pal_pro_gripper_wrapper:/opt/erc_ws/install/launch_pal:/opt/erc_ws/install/erc_solution:/opt/ros/humble PYTHONPATH=/opt/erc_ws/build/pal_pro_gripper_wrapper:/opt/erc_ws/install/pal_pro_gripper_wrapper/lib/python3.10/site-packages:/opt/erc_ws/build/launch_pal:/opt/erc_ws/install/launch_pal/lib/python3.10/site-packages:/opt/erc_ws/install/tiago_pro_description/local/lib/python3.10/dist-packages:/opt/erc_ws/install/tiago_pro_head_description/local/lib/python3.10/dist-packages:/opt/erc_ws/build/sensors:/opt/erc_ws/install/sensors/lib/python3.10/site-packages:/opt/erc_ws/install/pal_sea_arm_description/local/lib/python3.10/dist-packages:/opt/erc_ws/install/pal_pro_gripper_description/local/lib/python3.10/dist-packages:/opt/erc_ws/install/omni_base_description/local/lib/python3.10/dist-packages:/opt/erc_ws/build/erc_solution:/opt/erc_ws/install/erc_solution/lib/python3.10/site-packages:/opt/ros/humble/lib/python3.10/site-packages:/opt/ros/humble/local/lib/python3.10/dist-packages /usr/bin/cmake --install /opt/erc_ws/build/tiago_pro_bringup
[4.131s] Level 1:colcon.colcon_core.environment:checking '/opt/erc_ws/install/tiago_pro_bringup' for CMake config files
[4.131s] Level 1:colcon.colcon_core.shell:create_environment_hook('tiago_pro_bringup', 'cmake_prefix_path')
[4.132s] INFO:colcon.colcon_core.shell:Creating environment hook '/opt/erc_ws/install/tiago_pro_bringup/share/tiago_pro_bringup/hook/cmake_prefix_path.ps1'
[4.132s] INFO:colcon.colcon_core.shell:Creating environment descriptor '/opt/erc_ws/install/tiago_pro_bringup/share/tiago_pro_bringup/hook/cmake_prefix_path.dsv'
[4.132s] INFO:colcon.colcon_core.shell:Creating environment hook '/opt/erc_ws/install/tiago_pro_bringup/share/tiago_pro_bringup/hook/cmake_prefix_path.sh'
[4.133s] Level 1:colcon.colcon_core.environment:checking '/opt/erc_ws/install/tiago_pro_bringup/lib'
[4.133s] Level 1:colcon.colcon_core.environment:checking '/opt/erc_ws/install/tiago_pro_bringup/bin'
[4.133s] Level 1:colcon.colcon_core.environment:checking '/opt/erc_ws/install/tiago_pro_bringup/lib/pkgconfig/tiago_pro_bringup.pc'
[4.133s] Level 1:colcon.colcon_core.environment:checking '/opt/erc_ws/install/tiago_pro_bringup/lib/python3.10/site-packages'
[4.134s] Level 1:colcon.colcon_core.environment:checking '/opt/erc_ws/install/tiago_pro_bringup/bin'
[4.134s] INFO:colcon.colcon_core.shell:Creating package script '/opt/erc_ws/install/tiago_pro_bringup/share/tiago_pro_bringup/package.ps1'
[4.135s] INFO:colcon.colcon_core.shell:Creating package descriptor '/opt/erc_ws/install/tiago_pro_bringup/share/tiago_pro_bringup/package.dsv'
[4.135s] INFO:colcon.colcon_core.shell:Creating package script '/opt/erc_ws/install/tiago_pro_bringup/share/tiago_pro_bringup/package.sh'
[4.137s] INFO:colcon.colcon_core.shell:Creating package script '/opt/erc_ws/install/tiago_pro_bringup/share/tiago_pro_bringup/package.bash'
[4.138s] INFO:colcon.colcon_core.shell:Creating package script '/opt/erc_ws/install/tiago_pro_bringup/share/tiago_pro_bringup/package.zsh'
[4.138s] Level 1:colcon.colcon_core.environment:create_file_with_runtime_dependencies(/opt/erc_ws/install/tiago_pro_bringup/share/colcon-core/packages/tiago_pro_bringup)
[4.139s] Level 1:colcon.colcon_core.environment:create_environment_scripts_only(tiago_pro_bringup)
[4.139s] Level 1:colcon.colcon_core.environment:checking '/opt/erc_ws/install/tiago_pro_bringup' for CMake module files
[4.140s] Level 1:colcon.colcon_core.environment:checking '/opt/erc_ws/install/tiago_pro_bringup' for CMake config files
[4.140s] Level 1:colcon.colcon_core.shell:create_environment_hook('tiago_pro_bringup', 'cmake_prefix_path')
[4.140s] INFO:colcon.colcon_core.shell:Creating environment hook '/opt/erc_ws/install/tiago_pro_bringup/share/tiago_pro_bringup/hook/cmake_prefix_path.ps1'
[4.141s] INFO:colcon.colcon_core.shell:Creating environment descriptor '/opt/erc_ws/install/tiago_pro_bringup/share/tiago_pro_bringup/hook/cmake_prefix_path.dsv'
[4.141s] INFO:colcon.colcon_core.shell:Creating environment hook '/opt/erc_ws/install/tiago_pro_bringup/share/tiago_pro_bringup/hook/cmake_prefix_path.sh'
[4.142s] Level 1:colcon.colcon_core.environment:checking '/opt/erc_ws/install/tiago_pro_bringup/lib'
[4.142s] Level 1:colcon.colcon_core.environment:checking '/opt/erc_ws/install/tiago_pro_bringup/bin'
[4.142s] Level 1:colcon.colcon_core.environment:checking '/opt/erc_ws/install/tiago_pro_bringup/lib/pkgconfig/tiago_pro_bringup.pc'
[4.142s] Level 1:colcon.colcon_core.environment:checking '/opt/erc_ws/install/tiago_pro_bringup/lib/python3.10/site-packages'
[4.142s] Level 1:colcon.colcon_core.environment:checking '/opt/erc_ws/install/tiago_pro_bringup/bin'
[4.143s] INFO:colcon.colcon_core.shell:Creating package script '/opt/erc_ws/install/tiago_pro_bringup/share/tiago_pro_bringup/package.ps1'
[4.143s] INFO:colcon.colcon_core.shell:Creating package descriptor '/opt/erc_ws/install/tiago_pro_bringup/share/tiago_pro_bringup/package.dsv'
[4.144s] INFO:colcon.colcon_core.shell:Creating package script '/opt/erc_ws/install/tiago_pro_bringup/share/tiago_pro_bringup/package.sh'
[4.145s] INFO:colcon.colcon_core.shell:Creating package script '/opt/erc_ws/install/tiago_pro_bringup/share/tiago_pro_bringup/package.bash'
[4.145s] INFO:colcon.colcon_core.shell:Creating package script '/opt/erc_ws/install/tiago_pro_bringup/share/tiago_pro_bringup/package.zsh'
[4.146s] Level 1:colcon.colcon_core.environment:create_file_with_runtime_dependencies(/opt/erc_ws/install/tiago_pro_bringup/share/colcon-core/packages/tiago_pro_bringup)
[4.150s] DEBUG:colcon.colcon_core.event_handler.log_command:Invoked command in '/opt/erc_ws/build/pal_sea_arm_bringup' returned '0': AMENT_PREFIX_PATH=/opt/erc_ws/install/pal_pro_gripper_wrapper:/opt/erc_ws/install/launch_pal:/opt/erc_ws/install/tiago_pro_robot:/opt/erc_ws/install/tiago_pro_head_robot:/opt/erc_ws/install/tiago_pro_bringup:/opt/erc_ws/install/tiago_pro_head_bringup:/opt/erc_ws/install/erc_bringup:/opt/erc_ws/install/tiago_pro_description:/opt/erc_ws/install/tiago_pro_head_description:/opt/erc_ws/install/tiago_pro_controller_configuration:/opt/erc_ws/install/tiago_pro_head_controller_configuration:/opt/erc_ws/install/sensors:/opt/erc_ws/install/pal_sea_arm:/opt/erc_ws/install/pal_sea_arm_bringup:/opt/erc_ws/install/pal_sea_arm_description:/opt/erc_ws/install/pal_pro_gripper_simulation:/opt/erc_ws/install/pal_pro_gripper_bringup:/opt/erc_ws/install/pal_pro_gripper:/opt/erc_ws/install/pal_pro_gripper_description:/opt/erc_ws/install/pal_gripper_simulation:/opt/erc_ws/install/pal_gripper:/opt/erc_ws/install/pal_gripper_description:/opt/erc_ws/install/omni_base_robot:/opt/erc_ws/install/omni_base_bringup:/opt/erc_ws/install/omni_base_description:/opt/erc_ws/install/pal_urdf_utils:/opt/erc_ws/install/pal_sea_arm_controller_configuration:/opt/erc_ws/install/pal_pro_gripper_controller_configuration:/opt/erc_ws/install/pal_gripper_controller_configuration:/opt/erc_ws/install/omni_base_controller_configuration:/opt/erc_ws/install/gz_ros2_control:/opt/erc_ws/install/erc_solution:/opt/erc_ws/install/erc_description:/opt/ros/humble CMAKE_PREFIX_PATH=/opt/erc_ws/install/pal_sea_arm_description:/opt/erc_ws/install/pal_sea_arm_controller_configuration:/opt/erc_ws/install/pal_pro_gripper_description:/opt/erc_ws/install/pal_pro_gripper_controller_configuration:/opt/erc_ws/install/pal_urdf_utils:/opt/erc_ws/install/tiago_pro_robot:/opt/erc_ws/install/tiago_pro_head_robot:/opt/erc_ws/install/tiago_pro_bringup:/opt/erc_ws/install/tiago_pro_head_bringup:/opt/erc_ws/install/erc_bringup:/opt/erc_ws/install/tiago_pro_description:/opt/erc_ws/install/tiago_pro_head_description:/opt/erc_ws/install/tiago_pro_controller_configuration:/opt/erc_ws/install/tiago_pro_head_controller_configuration:/opt/erc_ws/install/pal_sea_arm:/opt/erc_ws/install/pal_sea_arm_bringup:/opt/erc_ws/install/pal_pro_gripper_simulation:/opt/erc_ws/install/pal_pro_gripper_bringup:/opt/erc_ws/install/pal_pro_gripper:/opt/erc_ws/install/pal_gripper_simulation:/opt/erc_ws/install/pal_gripper:/opt/erc_ws/install/pal_gripper_description:/opt/erc_ws/install/omni_base_robot:/opt/erc_ws/install/omni_base_bringup:/opt/erc_ws/install/omni_base_description:/opt/erc_ws/install/pal_gripper_controller_configuration:/opt/erc_ws/install/omni_base_controller_configuration:/opt/erc_ws/install/gz_ros2_control:/opt/erc_ws/install/erc_description:/opt/erc_ws/install/sensors:/opt/erc_ws/install/pal_pro_gripper_wrapper:/opt/erc_ws/install/launch_pal:/opt/erc_ws/install/erc_solution:/opt/ros/humble PYTHONPATH=/opt/erc_ws/build/pal_pro_gripper_wrapper:/opt/erc_ws/install/pal_pro_gripper_wrapper/lib/python3.10/site-packages:/opt/erc_ws/build/launch_pal:/opt/erc_ws/install/launch_pal/lib/python3.10/site-packages:/opt/erc_ws/install/tiago_pro_description/local/lib/python3.10/dist-packages:/opt/erc_ws/install/tiago_pro_head_description/local/lib/python3.10/dist-packages:/opt/erc_ws/build/sensors:/opt/erc_ws/install/sensors/lib/python3.10/site-packages:/opt/erc_ws/install/pal_sea_arm_description/local/lib/python3.10/dist-packages:/opt/erc_ws/install/pal_pro_gripper_description/local/lib/python3.10/dist-packages:/opt/erc_ws/install/omni_base_description/local/lib/python3.10/dist-packages:/opt/erc_ws/build/erc_solution:/opt/erc_ws/install/erc_solution/lib/python3.10/site-packages:/opt/ros/humble/lib/python3.10/site-packages:/opt/ros/humble/local/lib/python3.10/dist-packages /usr/bin/cmake --build /opt/erc_ws/build/pal_sea_arm_bringup -- -j16 -l16
[4.153s] DEBUG:colcon.colcon_core.event_handler.log_command:Invoking command in '/opt/erc_ws/build/pal_sea_arm_bringup': AMENT_PREFIX_PATH=/opt/erc_ws/install/pal_pro_gripper_wrapper:/opt/erc_ws/install/launch_pal:/opt/erc_ws/install/tiago_pro_robot:/opt/erc_ws/install/tiago_pro_head_robot:/opt/erc_ws/install/tiago_pro_bringup:/opt/erc_ws/install/tiago_pro_head_bringup:/opt/erc_ws/install/erc_bringup:/opt/erc_ws/install/tiago_pro_description:/opt/erc_ws/install/tiago_pro_head_description:/opt/erc_ws/install/tiago_pro_controller_configuration:/opt/erc_ws/install/tiago_pro_head_controller_configuration:/opt/erc_ws/install/sensors:/opt/erc_ws/install/pal_sea_arm:/opt/erc_ws/install/pal_sea_arm_bringup:/opt/erc_ws/install/pal_sea_arm_description:/opt/erc_ws/install/pal_pro_gripper_simulation:/opt/erc_ws/install/pal_pro_gripper_bringup:/opt/erc_ws/install/pal_pro_gripper:/opt/erc_ws/install/pal_pro_gripper_description:/opt/erc_ws/install/pal_gripper_simulation:/opt/erc_ws/install/pal_gripper:/opt/erc_ws/install/pal_gripper_description:/opt/erc_ws/install/omni_base_robot:/opt/erc_ws/install/omni_base_bringup:/opt/erc_ws/install/omni_base_description:/opt/erc_ws/install/pal_urdf_utils:/opt/erc_ws/install/pal_sea_arm_controller_configuration:/opt/erc_ws/install/pal_pro_gripper_controller_configuration:/opt/erc_ws/install/pal_gripper_controller_configuration:/opt/erc_ws/install/omni_base_controller_configuration:/opt/erc_ws/install/gz_ros2_control:/opt/erc_ws/install/erc_solution:/opt/erc_ws/install/erc_description:/opt/ros/humble CMAKE_PREFIX_PATH=/opt/erc_ws/install/pal_sea_arm_description:/opt/erc_ws/install/pal_sea_arm_controller_configuration:/opt/erc_ws/install/pal_pro_gripper_description:/opt/erc_ws/install/pal_pro_gripper_controller_configuration:/opt/erc_ws/install/pal_urdf_utils:/opt/erc_ws/install/tiago_pro_robot:/opt/erc_ws/install/tiago_pro_head_robot:/opt/erc_ws/install/tiago_pro_bringup:/opt/erc_ws/install/tiago_pro_head_bringup:/opt/erc_ws/install/erc_bringup:/opt/erc_ws/install/tiago_pro_description:/opt/erc_ws/install/tiago_pro_head_description:/opt/erc_ws/install/tiago_pro_controller_configuration:/opt/erc_ws/install/tiago_pro_head_controller_configuration:/opt/erc_ws/install/pal_sea_arm:/opt/erc_ws/install/pal_sea_arm_bringup:/opt/erc_ws/install/pal_pro_gripper_simulation:/opt/erc_ws/install/pal_pro_gripper_bringup:/opt/erc_ws/install/pal_pro_gripper:/opt/erc_ws/install/pal_gripper_simulation:/opt/erc_ws/install/pal_gripper:/opt/erc_ws/install/pal_gripper_description:/opt/erc_ws/install/omni_base_robot:/opt/erc_ws/install/omni_base_bringup:/opt/erc_ws/install/omni_base_description:/opt/erc_ws/install/pal_gripper_controller_configuration:/opt/erc_ws/install/omni_base_controller_configuration:/opt/erc_ws/install/gz_ros2_control:/opt/erc_ws/install/erc_description:/opt/erc_ws/install/sensors:/opt/erc_ws/install/pal_pro_gripper_wrapper:/opt/erc_ws/install/launch_pal:/opt/erc_ws/install/erc_solution:/opt/ros/humble PYTHONPATH=/opt/erc_ws/build/pal_pro_gripper_wrapper:/opt/erc_ws/install/pal_pro_gripper_wrapper/lib/python3.10/site-packages:/opt/erc_ws/build/launch_pal:/opt/erc_ws/install/launch_pal/lib/python3.10/site-packages:/opt/erc_ws/install/tiago_pro_description/local/lib/python3.10/dist-packages:/opt/erc_ws/install/tiago_pro_head_description/local/lib/python3.10/dist-packages:/opt/erc_ws/build/sensors:/opt/erc_ws/install/sensors/lib/python3.10/site-packages:/opt/erc_ws/install/pal_sea_arm_description/local/lib/python3.10/dist-packages:/opt/erc_ws/install/pal_pro_gripper_description/local/lib/python3.10/dist-packages:/opt/erc_ws/install/omni_base_description/local/lib/python3.10/dist-packages:/opt/erc_ws/build/erc_solution:/opt/erc_ws/install/erc_solution/lib/python3.10/site-packages:/opt/ros/humble/lib/python3.10/site-packages:/opt/ros/humble/local/lib/python3.10/dist-packages /usr/bin/cmake --install /opt/erc_ws/build/pal_sea_arm_bringup
[4.182s] Level 1:colcon.colcon_core.environment:create_environment_scripts_only(pal_sea_arm_bringup)
[4.183s] DEBUG:colcon.colcon_core.event_handler.log_command:Invoked command in '/opt/erc_ws/build/pal_sea_arm_bringup' returned '0': AMENT_PREFIX_PATH=/opt/erc_ws/install/pal_pro_gripper_wrapper:/opt/erc_ws/install/launch_pal:/opt/erc_ws/install/tiago_pro_robot:/opt/erc_ws/install/tiago_pro_head_robot:/opt/erc_ws/install/tiago_pro_bringup:/opt/erc_ws/install/tiago_pro_head_bringup:/opt/erc_ws/install/erc_bringup:/opt/erc_ws/install/tiago_pro_description:/opt/erc_ws/install/tiago_pro_head_description:/opt/erc_ws/install/tiago_pro_controller_configuration:/opt/erc_ws/install/tiago_pro_head_controller_configuration:/opt/erc_ws/install/sensors:/opt/erc_ws/install/pal_sea_arm:/opt/erc_ws/install/pal_sea_arm_bringup:/opt/erc_ws/install/pal_sea_arm_description:/opt/erc_ws/install/pal_pro_gripper_simulation:/opt/erc_ws/install/pal_pro_gripper_bringup:/opt/erc_ws/install/pal_pro_gripper:/opt/erc_ws/install/pal_pro_gripper_description:/opt/erc_ws/install/pal_gripper_simulation:/opt/erc_ws/install/pal_gripper:/opt/erc_ws/install/pal_gripper_description:/opt/erc_ws/install/omni_base_robot:/opt/erc_ws/install/omni_base_bringup:/opt/erc_ws/install/omni_base_description:/opt/erc_ws/install/pal_urdf_utils:/opt/erc_ws/install/pal_sea_arm_controller_configuration:/opt/erc_ws/install/pal_pro_gripper_controller_configuration:/opt/erc_ws/install/pal_gripper_controller_configuration:/opt/erc_ws/install/omni_base_controller_configuration:/opt/erc_ws/install/gz_ros2_control:/opt/erc_ws/install/erc_solution:/opt/erc_ws/install/erc_description:/opt/ros/humble CMAKE_PREFIX_PATH=/opt/erc_ws/install/pal_sea_arm_description:/opt/erc_ws/install/pal_sea_arm_controller_configuration:/opt/erc_ws/install/pal_pro_gripper_description:/opt/erc_ws/install/pal_pro_gripper_controller_configuration:/opt/erc_ws/install/pal_urdf_utils:/opt/erc_ws/install/tiago_pro_robot:/opt/erc_ws/install/tiago_pro_head_robot:/opt/erc_ws/install/tiago_pro_bringup:/opt/erc_ws/install/tiago_pro_head_bringup:/opt/erc_ws/install/erc_bringup:/opt/erc_ws/install/tiago_pro_description:/opt/erc_ws/install/tiago_pro_head_description:/opt/erc_ws/install/tiago_pro_controller_configuration:/opt/erc_ws/install/tiago_pro_head_controller_configuration:/opt/erc_ws/install/pal_sea_arm:/opt/erc_ws/install/pal_sea_arm_bringup:/opt/erc_ws/install/pal_pro_gripper_simulation:/opt/erc_ws/install/pal_pro_gripper_bringup:/opt/erc_ws/install/pal_pro_gripper:/opt/erc_ws/install/pal_gripper_simulation:/opt/erc_ws/install/pal_gripper:/opt/erc_ws/install/pal_gripper_description:/opt/erc_ws/install/omni_base_robot:/opt/erc_ws/install/omni_base_bringup:/opt/erc_ws/install/omni_base_description:/opt/erc_ws/install/pal_gripper_controller_configuration:/opt/erc_ws/install/omni_base_controller_configuration:/opt/erc_ws/install/gz_ros2_control:/opt/erc_ws/install/erc_description:/opt/erc_ws/install/sensors:/opt/erc_ws/install/pal_pro_gripper_wrapper:/opt/erc_ws/install/launch_pal:/opt/erc_ws/install/erc_solution:/opt/ros/humble PYTHONPATH=/opt/erc_ws/build/pal_pro_gripper_wrapper:/opt/erc_ws/install/pal_pro_gripper_wrapper/lib/python3.10/site-packages:/opt/erc_ws/build/launch_pal:/opt/erc_ws/install/launch_pal/lib/python3.10/site-packages:/opt/erc_ws/install/tiago_pro_description/local/lib/python3.10/dist-packages:/opt/erc_ws/install/tiago_pro_head_description/local/lib/python3.10/dist-packages:/opt/erc_ws/build/sensors:/opt/erc_ws/install/sensors/lib/python3.10/site-packages:/opt/erc_ws/install/pal_sea_arm_description/local/lib/python3.10/dist-packages:/opt/erc_ws/install/pal_pro_gripper_description/local/lib/python3.10/dist-packages:/opt/erc_ws/install/omni_base_description/local/lib/python3.10/dist-packages:/opt/erc_ws/build/erc_solution:/opt/erc_ws/install/erc_solution/lib/python3.10/site-packages:/opt/ros/humble/lib/python3.10/site-packages:/opt/ros/humble/local/lib/python3.10/dist-packages /usr/bin/cmake --install /opt/erc_ws/build/pal_sea_arm_bringup
[4.183s] Level 1:colcon.colcon_core.environment:checking '/opt/erc_ws/install/pal_sea_arm_bringup' for CMake module files
[4.184s] Level 1:colcon.colcon_core.environment:checking '/opt/erc_ws/install/pal_sea_arm_bringup' for CMake config files
[4.184s] Level 1:colcon.colcon_core.shell:create_environment_hook('pal_sea_arm_bringup', 'cmake_prefix_path')
[4.184s] INFO:colcon.colcon_core.shell:Creating environment hook '/opt/erc_ws/install/pal_sea_arm_bringup/share/pal_sea_arm_bringup/hook/cmake_prefix_path.ps1'
[4.185s] INFO:colcon.colcon_core.shell:Creating environment descriptor '/opt/erc_ws/install/pal_sea_arm_bringup/share/pal_sea_arm_bringup/hook/cmake_prefix_path.dsv'
[4.185s] INFO:colcon.colcon_core.shell:Creating environment hook '/opt/erc_ws/install/pal_sea_arm_bringup/share/pal_sea_arm_bringup/hook/cmake_prefix_path.sh'
[4.185s] Level 1:colcon.colcon_core.environment:checking '/opt/erc_ws/install/pal_sea_arm_bringup/lib'
[4.186s] Level 1:colcon.colcon_core.environment:checking '/opt/erc_ws/install/pal_sea_arm_bringup/bin'
[4.186s] Level 1:colcon.colcon_core.environment:checking '/opt/erc_ws/install/pal_sea_arm_bringup/lib/pkgconfig/pal_sea_arm_bringup.pc'
[4.186s] Level 1:colcon.colcon_core.environment:checking '/opt/erc_ws/install/pal_sea_arm_bringup/lib/python3.10/site-packages'
[4.186s] Level 1:colcon.colcon_core.environment:checking '/opt/erc_ws/install/pal_sea_arm_bringup/bin'
[4.186s] INFO:colcon.colcon_core.shell:Creating package script '/opt/erc_ws/install/pal_sea_arm_bringup/share/pal_sea_arm_bringup/package.ps1'
[4.187s] INFO:colcon.colcon_core.shell:Creating package descriptor '/opt/erc_ws/install/pal_sea_arm_bringup/share/pal_sea_arm_bringup/package.dsv'
[4.187s] INFO:colcon.colcon_core.shell:Creating package script '/opt/erc_ws/install/pal_sea_arm_bringup/share/pal_sea_arm_bringup/package.sh'
[4.188s] INFO:colcon.colcon_core.shell:Creating package script '/opt/erc_ws/install/pal_sea_arm_bringup/share/pal_sea_arm_bringup/package.bash'
[4.188s] INFO:colcon.colcon_core.shell:Creating package script '/opt/erc_ws/install/pal_sea_arm_bringup/share/pal_sea_arm_bringup/package.zsh'
[4.189s] Level 1:colcon.colcon_core.environment:create_file_with_runtime_dependencies(/opt/erc_ws/install/pal_sea_arm_bringup/share/colcon-core/packages/pal_sea_arm_bringup)
[4.190s] Level 1:colcon.colcon_core.environment:create_environment_scripts_only(pal_sea_arm_bringup)
[4.190s] Level 1:colcon.colcon_core.environment:checking '/opt/erc_ws/install/pal_sea_arm_bringup' for CMake module files
[4.190s] Level 1:colcon.colcon_core.environment:checking '/opt/erc_ws/install/pal_sea_arm_bringup' for CMake config files
[4.191s] Level 1:colcon.colcon_core.shell:create_environment_hook('pal_sea_arm_bringup', 'cmake_prefix_path')
[4.191s] INFO:colcon.colcon_core.shell:Creating environment hook '/opt/erc_ws/install/pal_sea_arm_bringup/share/pal_sea_arm_bringup/hook/cmake_prefix_path.ps1'
[4.191s] INFO:colcon.colcon_core.shell:Creating environment descriptor '/opt/erc_ws/install/pal_sea_arm_bringup/share/pal_sea_arm_bringup/hook/cmake_prefix_path.dsv'
[4.192s] INFO:colcon.colcon_core.shell:Creating environment hook '/opt/erc_ws/install/pal_sea_arm_bringup/share/pal_sea_arm_bringup/hook/cmake_prefix_path.sh'
[4.192s] Level 1:colcon.colcon_core.environment:checking '/opt/erc_ws/install/pal_sea_arm_bringup/lib'
[4.192s] Level 1:colcon.colcon_core.environment:checking '/opt/erc_ws/install/pal_sea_arm_bringup/bin'
[4.192s] Level 1:colcon.colcon_core.environment:checking '/opt/erc_ws/install/pal_sea_arm_bringup/lib/pkgconfig/pal_sea_arm_bringup.pc'
[4.192s] Level 1:colcon.colcon_core.environment:checking '/opt/erc_ws/install/pal_sea_arm_bringup/lib/python3.10/site-packages'
[4.193s] Level 1:colcon.colcon_core.environment:checking '/opt/erc_ws/install/pal_sea_arm_bringup/bin'
[4.193s] INFO:colcon.colcon_core.shell:Creating package script '/opt/erc_ws/install/pal_sea_arm_bringup/share/pal_sea_arm_bringup/package.ps1'
[4.193s] INFO:colcon.colcon_core.shell:Creating package descriptor '/opt/erc_ws/install/pal_sea_arm_bringup/share/pal_sea_arm_bringup/package.dsv'
[4.194s] INFO:colcon.colcon_core.shell:Creating package script '/opt/erc_ws/install/pal_sea_arm_bringup/share/pal_sea_arm_bringup/package.sh'
[4.194s] INFO:colcon.colcon_core.shell:Creating package script '/opt/erc_ws/install/pal_sea_arm_bringup/share/pal_sea_arm_bringup/package.bash'
[4.194s] INFO:colcon.colcon_core.shell:Creating package script '/opt/erc_ws/install/pal_sea_arm_bringup/share/pal_sea_arm_bringup/package.zsh'
[4.195s] Level 1:colcon.colcon_core.environment:create_file_with_runtime_dependencies(/opt/erc_ws/install/pal_sea_arm_bringup/share/colcon-core/packages/pal_sea_arm_bringup)
[4.195s] INFO:colcon.colcon_ros.task.ament_cmake.build:Building ROS package in '/opt/erc_ws/src/pal_sea_arm/pal_sea_arm' with build type 'ament_cmake'
[4.196s] INFO:colcon.colcon_cmake.task.cmake.build:Building CMake package in '/opt/erc_ws/src/pal_sea_arm/pal_sea_arm'
[4.196s] INFO:colcon.colcon_core.shell:Skip shell extension 'powershell' for command environment: Not usable outside of PowerShell
[4.197s] DEBUG:colcon.colcon_core.shell:Skip shell extension 'dsv' for command environment
[4.224s] DEBUG:colcon.colcon_core.event_handler.log_command:Invoking command in '/opt/erc_ws/build/pal_sea_arm': AMENT_PREFIX_PATH=/opt/erc_ws/install/pal_pro_gripper_wrapper:/opt/erc_ws/install/launch_pal:/opt/erc_ws/install/tiago_pro_robot:/opt/erc_ws/install/tiago_pro_head_robot:/opt/erc_ws/install/tiago_pro_bringup:/opt/erc_ws/install/tiago_pro_head_bringup:/opt/erc_ws/install/erc_bringup:/opt/erc_ws/install/tiago_pro_description:/opt/erc_ws/install/tiago_pro_head_description:/opt/erc_ws/install/tiago_pro_controller_configuration:/opt/erc_ws/install/tiago_pro_head_controller_configuration:/opt/erc_ws/install/sensors:/opt/erc_ws/install/pal_sea_arm:/opt/erc_ws/install/pal_sea_arm_bringup:/opt/erc_ws/install/pal_sea_arm_description:/opt/erc_ws/install/pal_pro_gripper_simulation:/opt/erc_ws/install/pal_pro_gripper_bringup:/opt/erc_ws/install/pal_pro_gripper:/opt/erc_ws/install/pal_pro_gripper_description:/opt/erc_ws/install/pal_gripper_simulation:/opt/erc_ws/install/pal_gripper:/opt/erc_ws/install/pal_gripper_description:/opt/erc_ws/install/omni_base_robot:/opt/erc_ws/install/omni_base_bringup:/opt/erc_ws/install/omni_base_description:/opt/erc_ws/install/pal_urdf_utils:/opt/erc_ws/install/pal_sea_arm_controller_configuration:/opt/erc_ws/install/pal_pro_gripper_controller_configuration:/opt/erc_ws/install/pal_gripper_controller_configuration:/opt/erc_ws/install/omni_base_controller_configuration:/opt/erc_ws/install/gz_ros2_control:/opt/erc_ws/install/erc_solution:/opt/erc_ws/install/erc_description:/opt/ros/humble CMAKE_PREFIX_PATH=/opt/erc_ws/install/pal_sea_arm_bringup:/opt/erc_ws/install/pal_sea_arm_description:/opt/erc_ws/install/pal_sea_arm_controller_configuration:/opt/erc_ws/install/pal_pro_gripper_description:/opt/erc_ws/install/pal_pro_gripper_controller_configuration:/opt/erc_ws/install/pal_urdf_utils:/opt/erc_ws/install/tiago_pro_robot:/opt/erc_ws/install/tiago_pro_head_robot:/opt/erc_ws/install/tiago_pro_bringup:/opt/erc_ws/install/tiago_pro_head_bringup:/opt/erc_ws/install/erc_bringup:/opt/erc_ws/install/tiago_pro_description:/opt/erc_ws/install/tiago_pro_head_description:/opt/erc_ws/install/tiago_pro_controller_configuration:/opt/erc_ws/install/tiago_pro_head_controller_configuration:/opt/erc_ws/install/pal_sea_arm:/opt/erc_ws/install/pal_pro_gripper_simulation:/opt/erc_ws/install/pal_pro_gripper_bringup:/opt/erc_ws/install/pal_pro_gripper:/opt/erc_ws/install/pal_gripper_simulation:/opt/erc_ws/install/pal_gripper:/opt/erc_ws/install/pal_gripper_description:/opt/erc_ws/install/omni_base_robot:/opt/erc_ws/install/omni_base_bringup:/opt/erc_ws/install/omni_base_description:/opt/erc_ws/install/pal_gripper_controller_configuration:/opt/erc_ws/install/omni_base_controller_configuration:/opt/erc_ws/install/gz_ros2_control:/opt/erc_ws/install/erc_description:/opt/erc_ws/install/sensors:/opt/erc_ws/install/pal_pro_gripper_wrapper:/opt/erc_ws/install/launch_pal:/opt/erc_ws/install/erc_solution:/opt/ros/humble PYTHONPATH=/opt/erc_ws/build/pal_pro_gripper_wrapper:/opt/erc_ws/install/pal_pro_gripper_wrapper/lib/python3.10/site-packages:/opt/erc_ws/build/launch_pal:/opt/erc_ws/install/launch_pal/lib/python3.10/site-packages:/opt/erc_ws/install/tiago_pro_description/local/lib/python3.10/dist-packages:/opt/erc_ws/install/tiago_pro_head_description/local/lib/python3.10/dist-packages:/opt/erc_ws/build/sensors:/opt/erc_ws/install/sensors/lib/python3.10/site-packages:/opt/erc_ws/install/pal_sea_arm_description/local/lib/python3.10/dist-packages:/opt/erc_ws/install/pal_pro_gripper_description/local/lib/python3.10/dist-packages:/opt/erc_ws/install/omni_base_description/local/lib/python3.10/dist-packages:/opt/erc_ws/build/erc_solution:/opt/erc_ws/install/erc_solution/lib/python3.10/site-packages:/opt/ros/humble/lib/python3.10/site-packages:/opt/ros/humble/local/lib/python3.10/dist-packages /usr/bin/cmake --build /opt/erc_ws/build/pal_sea_arm -- -j16 -l16
[4.264s] DEBUG:colcon.colcon_core.event_handler.log_command:Invoked command in '/opt/erc_ws/build/pal_sea_arm' returned '0': AMENT_PREFIX_PATH=/opt/erc_ws/install/pal_pro_gripper_wrapper:/opt/erc_ws/install/launch_pal:/opt/erc_ws/install/tiago_pro_robot:/opt/erc_ws/install/tiago_pro_head_robot:/opt/erc_ws/install/tiago_pro_bringup:/opt/erc_ws/install/tiago_pro_head_bringup:/opt/erc_ws/install/erc_bringup:/opt/erc_ws/install/tiago_pro_description:/opt/erc_ws/install/tiago_pro_head_description:/opt/erc_ws/install/tiago_pro_controller_configuration:/opt/erc_ws/install/tiago_pro_head_controller_configuration:/opt/erc_ws/install/sensors:/opt/erc_ws/install/pal_sea_arm:/opt/erc_ws/install/pal_sea_arm_bringup:/opt/erc_ws/install/pal_sea_arm_description:/opt/erc_ws/install/pal_pro_gripper_simulation:/opt/erc_ws/install/pal_pro_gripper_bringup:/opt/erc_ws/install/pal_pro_gripper:/opt/erc_ws/install/pal_pro_gripper_description:/opt/erc_ws/install/pal_gripper_simulation:/opt/erc_ws/install/pal_gripper:/opt/erc_ws/install/pal_gripper_description:/opt/erc_ws/install/omni_base_robot:/opt/erc_ws/install/omni_base_bringup:/opt/erc_ws/install/omni_base_description:/opt/erc_ws/install/pal_urdf_utils:/opt/erc_ws/install/pal_sea_arm_controller_configuration:/opt/erc_ws/install/pal_pro_gripper_controller_configuration:/opt/erc_ws/install/pal_gripper_controller_configuration:/opt/erc_ws/install/omni_base_controller_configuration:/opt/erc_ws/install/gz_ros2_control:/opt/erc_ws/install/erc_solution:/opt/erc_ws/install/erc_description:/opt/ros/humble CMAKE_PREFIX_PATH=/opt/erc_ws/install/pal_sea_arm_bringup:/opt/erc_ws/install/pal_sea_arm_description:/opt/erc_ws/install/pal_sea_arm_controller_configuration:/opt/erc_ws/install/pal_pro_gripper_description:/opt/erc_ws/install/pal_pro_gripper_controller_configuration:/opt/erc_ws/install/pal_urdf_utils:/opt/erc_ws/install/tiago_pro_robot:/opt/erc_ws/install/tiago_pro_head_robot:/opt/erc_ws/install/tiago_pro_bringup:/opt/erc_ws/install/tiago_pro_head_bringup:/opt/erc_ws/install/erc_bringup:/opt/erc_ws/install/tiago_pro_description:/opt/erc_ws/install/tiago_pro_head_description:/opt/erc_ws/install/tiago_pro_controller_configuration:/opt/erc_ws/install/tiago_pro_head_controller_configuration:/opt/erc_ws/install/pal_sea_arm:/opt/erc_ws/install/pal_pro_gripper_simulation:/opt/erc_ws/install/pal_pro_gripper_bringup:/opt/erc_ws/install/pal_pro_gripper:/opt/erc_ws/install/pal_gripper_simulation:/opt/erc_ws/install/pal_gripper:/opt/erc_ws/install/pal_gripper_description:/opt/erc_ws/install/omni_base_robot:/opt/erc_ws/install/omni_base_bringup:/opt/erc_ws/install/omni_base_description:/opt/erc_ws/install/pal_gripper_controller_configuration:/opt/erc_ws/install/omni_base_controller_configuration:/opt/erc_ws/install/gz_ros2_control:/opt/erc_ws/install/erc_description:/opt/erc_ws/install/sensors:/opt/erc_ws/install/pal_pro_gripper_wrapper:/opt/erc_ws/install/launch_pal:/opt/erc_ws/install/erc_solution:/opt/ros/humble PYTHONPATH=/opt/erc_ws/build/pal_pro_gripper_wrapper:/opt/erc_ws/install/pal_pro_gripper_wrapper/lib/python3.10/site-packages:/opt/erc_ws/build/launch_pal:/opt/erc_ws/install/launch_pal/lib/python3.10/site-packages:/opt/erc_ws/install/tiago_pro_description/local/lib/python3.10/dist-packages:/opt/erc_ws/install/tiago_pro_head_description/local/lib/python3.10/dist-packages:/opt/erc_ws/build/sensors:/opt/erc_ws/install/sensors/lib/python3.10/site-packages:/opt/erc_ws/install/pal_sea_arm_description/local/lib/python3.10/dist-packages:/opt/erc_ws/install/pal_pro_gripper_description/local/lib/python3.10/dist-packages:/opt/erc_ws/install/omni_base_description/local/lib/python3.10/dist-packages:/opt/erc_ws/build/erc_solution:/opt/erc_ws/install/erc_solution/lib/python3.10/site-packages:/opt/ros/humble/lib/python3.10/site-packages:/opt/ros/humble/local/lib/python3.10/dist-packages /usr/bin/cmake --build /opt/erc_ws/build/pal_sea_arm -- -j16 -l16
[4.270s] DEBUG:colcon.colcon_core.event_handler.log_command:Invoking command in '/opt/erc_ws/build/pal_sea_arm': AMENT_PREFIX_PATH=/opt/erc_ws/install/pal_pro_gripper_wrapper:/opt/erc_ws/install/launch_pal:/opt/erc_ws/install/tiago_pro_robot:/opt/erc_ws/install/tiago_pro_head_robot:/opt/erc_ws/install/tiago_pro_bringup:/opt/erc_ws/install/tiago_pro_head_bringup:/opt/erc_ws/install/erc_bringup:/opt/erc_ws/install/tiago_pro_description:/opt/erc_ws/install/tiago_pro_head_description:/opt/erc_ws/install/tiago_pro_controller_configuration:/opt/erc_ws/install/tiago_pro_head_controller_configuration:/opt/erc_ws/install/sensors:/opt/erc_ws/install/pal_sea_arm:/opt/erc_ws/install/pal_sea_arm_bringup:/opt/erc_ws/install/pal_sea_arm_description:/opt/erc_ws/install/pal_pro_gripper_simulation:/opt/erc_ws/install/pal_pro_gripper_bringup:/opt/erc_ws/install/pal_pro_gripper:/opt/erc_ws/install/pal_pro_gripper_description:/opt/erc_ws/install/pal_gripper_simulation:/opt/erc_ws/install/pal_gripper:/opt/erc_ws/install/pal_gripper_description:/opt/erc_ws/install/omni_base_robot:/opt/erc_ws/install/omni_base_bringup:/opt/erc_ws/install/omni_base_description:/opt/erc_ws/install/pal_urdf_utils:/opt/erc_ws/install/pal_sea_arm_controller_configuration:/opt/erc_ws/install/pal_pro_gripper_controller_configuration:/opt/erc_ws/install/pal_gripper_controller_configuration:/opt/erc_ws/install/omni_base_controller_configuration:/opt/erc_ws/install/gz_ros2_control:/opt/erc_ws/install/erc_solution:/opt/erc_ws/install/erc_description:/opt/ros/humble CMAKE_PREFIX_PATH=/opt/erc_ws/install/pal_sea_arm_bringup:/opt/erc_ws/install/pal_sea_arm_description:/opt/erc_ws/install/pal_sea_arm_controller_configuration:/opt/erc_ws/install/pal_pro_gripper_description:/opt/erc_ws/install/pal_pro_gripper_controller_configuration:/opt/erc_ws/install/pal_urdf_utils:/opt/erc_ws/install/tiago_pro_robot:/opt/erc_ws/install/tiago_pro_head_robot:/opt/erc_ws/install/tiago_pro_bringup:/opt/erc_ws/install/tiago_pro_head_bringup:/opt/erc_ws/install/erc_bringup:/opt/erc_ws/install/tiago_pro_description:/opt/erc_ws/install/tiago_pro_head_description:/opt/erc_ws/install/tiago_pro_controller_configuration:/opt/erc_ws/install/tiago_pro_head_controller_configuration:/opt/erc_ws/install/pal_sea_arm:/opt/erc_ws/install/pal_pro_gripper_simulation:/opt/erc_ws/install/pal_pro_gripper_bringup:/opt/erc_ws/install/pal_pro_gripper:/opt/erc_ws/install/pal_gripper_simulation:/opt/erc_ws/install/pal_gripper:/opt/erc_ws/install/pal_gripper_description:/opt/erc_ws/install/omni_base_robot:/opt/erc_ws/install/omni_base_bringup:/opt/erc_ws/install/omni_base_description:/opt/erc_ws/install/pal_gripper_controller_configuration:/opt/erc_ws/install/omni_base_controller_configuration:/opt/erc_ws/install/gz_ros2_control:/opt/erc_ws/install/erc_description:/opt/erc_ws/install/sensors:/opt/erc_ws/install/pal_pro_gripper_wrapper:/opt/erc_ws/install/launch_pal:/opt/erc_ws/install/erc_solution:/opt/ros/humble PYTHONPATH=/opt/erc_ws/build/pal_pro_gripper_wrapper:/opt/erc_ws/install/pal_pro_gripper_wrapper/lib/python3.10/site-packages:/opt/erc_ws/build/launch_pal:/opt/erc_ws/install/launch_pal/lib/python3.10/site-packages:/opt/erc_ws/install/tiago_pro_description/local/lib/python3.10/dist-packages:/opt/erc_ws/install/tiago_pro_head_description/local/lib/python3.10/dist-packages:/opt/erc_ws/build/sensors:/opt/erc_ws/install/sensors/lib/python3.10/site-packages:/opt/erc_ws/install/pal_sea_arm_description/local/lib/python3.10/dist-packages:/opt/erc_ws/install/pal_pro_gripper_description/local/lib/python3.10/dist-packages:/opt/erc_ws/install/omni_base_description/local/lib/python3.10/dist-packages:/opt/erc_ws/build/erc_solution:/opt/erc_ws/install/erc_solution/lib/python3.10/site-packages:/opt/ros/humble/lib/python3.10/site-packages:/opt/ros/humble/local/lib/python3.10/dist-packages /usr/bin/cmake --install /opt/erc_ws/build/pal_sea_arm
[4.288s] Level 1:colcon.colcon_core.environment:create_environment_scripts_only(pal_sea_arm)
[4.288s] Level 1:colcon.colcon_core.environment:checking '/opt/erc_ws/install/pal_sea_arm' for CMake module files
[4.289s] DEBUG:colcon.colcon_core.event_handler.log_command:Invoked command in '/opt/erc_ws/build/pal_sea_arm' returned '0': AMENT_PREFIX_PATH=/opt/erc_ws/install/pal_pro_gripper_wrapper:/opt/erc_ws/install/launch_pal:/opt/erc_ws/install/tiago_pro_robot:/opt/erc_ws/install/tiago_pro_head_robot:/opt/erc_ws/install/tiago_pro_bringup:/opt/erc_ws/install/tiago_pro_head_bringup:/opt/erc_ws/install/erc_bringup:/opt/erc_ws/install/tiago_pro_description:/opt/erc_ws/install/tiago_pro_head_description:/opt/erc_ws/install/tiago_pro_controller_configuration:/opt/erc_ws/install/tiago_pro_head_controller_configuration:/opt/erc_ws/install/sensors:/opt/erc_ws/install/pal_sea_arm:/opt/erc_ws/install/pal_sea_arm_bringup:/opt/erc_ws/install/pal_sea_arm_description:/opt/erc_ws/install/pal_pro_gripper_simulation:/opt/erc_ws/install/pal_pro_gripper_bringup:/opt/erc_ws/install/pal_pro_gripper:/opt/erc_ws/install/pal_pro_gripper_description:/opt/erc_ws/install/pal_gripper_simulation:/opt/erc_ws/install/pal_gripper:/opt/erc_ws/install/pal_gripper_description:/opt/erc_ws/install/omni_base_robot:/opt/erc_ws/install/omni_base_bringup:/opt/erc_ws/install/omni_base_description:/opt/erc_ws/install/pal_urdf_utils:/opt/erc_ws/install/pal_sea_arm_controller_configuration:/opt/erc_ws/install/pal_pro_gripper_controller_configuration:/opt/erc_ws/install/pal_gripper_controller_configuration:/opt/erc_ws/install/omni_base_controller_configuration:/opt/erc_ws/install/gz_ros2_control:/opt/erc_ws/install/erc_solution:/opt/erc_ws/install/erc_description:/opt/ros/humble CMAKE_PREFIX_PATH=/opt/erc_ws/install/pal_sea_arm_bringup:/opt/erc_ws/install/pal_sea_arm_description:/opt/erc_ws/install/pal_sea_arm_controller_configuration:/opt/erc_ws/install/pal_pro_gripper_description:/opt/erc_ws/install/pal_pro_gripper_controller_configuration:/opt/erc_ws/install/pal_urdf_utils:/opt/erc_ws/install/tiago_pro_robot:/opt/erc_ws/install/tiago_pro_head_robot:/opt/erc_ws/install/tiago_pro_bringup:/opt/erc_ws/install/tiago_pro_head_bringup:/opt/erc_ws/install/erc_bringup:/opt/erc_ws/install/tiago_pro_description:/opt/erc_ws/install/tiago_pro_head_description:/opt/erc_ws/install/tiago_pro_controller_configuration:/opt/erc_ws/install/tiago_pro_head_controller_configuration:/opt/erc_ws/install/pal_sea_arm:/opt/erc_ws/install/pal_pro_gripper_simulation:/opt/erc_ws/install/pal_pro_gripper_bringup:/opt/erc_ws/install/pal_pro_gripper:/opt/erc_ws/install/pal_gripper_simulation:/opt/erc_ws/install/pal_gripper:/opt/erc_ws/install/pal_gripper_description:/opt/erc_ws/install/omni_base_robot:/opt/erc_ws/install/omni_base_bringup:/opt/erc_ws/install/omni_base_description:/opt/erc_ws/install/pal_gripper_controller_configuration:/opt/erc_ws/install/omni_base_controller_configuration:/opt/erc_ws/install/gz_ros2_control:/opt/erc_ws/install/erc_description:/opt/erc_ws/install/sensors:/opt/erc_ws/install/pal_pro_gripper_wrapper:/opt/erc_ws/install/launch_pal:/opt/erc_ws/install/erc_solution:/opt/ros/humble PYTHONPATH=/opt/erc_ws/build/pal_pro_gripper_wrapper:/opt/erc_ws/install/pal_pro_gripper_wrapper/lib/python3.10/site-packages:/opt/erc_ws/build/launch_pal:/opt/erc_ws/install/launch_pal/lib/python3.10/site-packages:/opt/erc_ws/install/tiago_pro_description/local/lib/python3.10/dist-packages:/opt/erc_ws/install/tiago_pro_head_description/local/lib/python3.10/dist-packages:/opt/erc_ws/build/sensors:/opt/erc_ws/install/sensors/lib/python3.10/site-packages:/opt/erc_ws/install/pal_sea_arm_description/local/lib/python3.10/dist-packages:/opt/erc_ws/install/pal_pro_gripper_description/local/lib/python3.10/dist-packages:/opt/erc_ws/install/omni_base_description/local/lib/python3.10/dist-packages:/opt/erc_ws/build/erc_solution:/opt/erc_ws/install/erc_solution/lib/python3.10/site-packages:/opt/ros/humble/lib/python3.10/site-packages:/opt/ros/humble/local/lib/python3.10/dist-packages /usr/bin/cmake --install /opt/erc_ws/build/pal_sea_arm
[4.290s] Level 1:colcon.colcon_core.environment:checking '/opt/erc_ws/install/pal_sea_arm' for CMake config files
[4.290s] Level 1:colcon.colcon_core.shell:create_environment_hook('pal_sea_arm', 'cmake_prefix_path')
[4.291s] INFO:colcon.colcon_core.shell:Creating environment hook '/opt/erc_ws/install/pal_sea_arm/share/pal_sea_arm/hook/cmake_prefix_path.ps1'
[4.291s] INFO:colcon.colcon_core.shell:Creating environment descriptor '/opt/erc_ws/install/pal_sea_arm/share/pal_sea_arm/hook/cmake_prefix_path.dsv'
[4.291s] INFO:colcon.colcon_core.shell:Creating environment hook '/opt/erc_ws/install/pal_sea_arm/share/pal_sea_arm/hook/cmake_prefix_path.sh'
[4.292s] Level 1:colcon.colcon_core.environment:checking '/opt/erc_ws/install/pal_sea_arm/bin'
[4.292s] Level 1:colcon.colcon_core.environment:checking '/opt/erc_ws/install/pal_sea_arm/lib/pkgconfig/pal_sea_arm.pc'
[4.292s] Level 1:colcon.colcon_core.environment:checking '/opt/erc_ws/install/pal_sea_arm/lib/python3.10/site-packages'
[4.293s] Level 1:colcon.colcon_core.environment:checking '/opt/erc_ws/install/pal_sea_arm/bin'
[4.293s] INFO:colcon.colcon_core.shell:Creating package script '/opt/erc_ws/install/pal_sea_arm/share/pal_sea_arm/package.ps1'
[4.294s] INFO:colcon.colcon_core.shell:Creating package descriptor '/opt/erc_ws/install/pal_sea_arm/share/pal_sea_arm/package.dsv'
[4.294s] INFO:colcon.colcon_core.shell:Creating package script '/opt/erc_ws/install/pal_sea_arm/share/pal_sea_arm/package.sh'
[4.294s] INFO:colcon.colcon_core.shell:Creating package script '/opt/erc_ws/install/pal_sea_arm/share/pal_sea_arm/package.bash'
[4.295s] INFO:colcon.colcon_core.shell:Creating package script '/opt/erc_ws/install/pal_sea_arm/share/pal_sea_arm/package.zsh'
[4.295s] Level 1:colcon.colcon_core.environment:create_file_with_runtime_dependencies(/opt/erc_ws/install/pal_sea_arm/share/colcon-core/packages/pal_sea_arm)
[4.296s] Level 1:colcon.colcon_core.environment:create_environment_scripts_only(pal_sea_arm)
[4.296s] Level 1:colcon.colcon_core.environment:checking '/opt/erc_ws/install/pal_sea_arm' for CMake module files
[4.296s] Level 1:colcon.colcon_core.environment:checking '/opt/erc_ws/install/pal_sea_arm' for CMake config files
[4.297s] Level 1:colcon.colcon_core.shell:create_environment_hook('pal_sea_arm', 'cmake_prefix_path')
[4.297s] INFO:colcon.colcon_core.shell:Creating environment hook '/opt/erc_ws/install/pal_sea_arm/share/pal_sea_arm/hook/cmake_prefix_path.ps1'
[4.297s] INFO:colcon.colcon_core.shell:Creating environment descriptor '/opt/erc_ws/install/pal_sea_arm/share/pal_sea_arm/hook/cmake_prefix_path.dsv'
[4.298s] INFO:colcon.colcon_core.shell:Creating environment hook '/opt/erc_ws/install/pal_sea_arm/share/pal_sea_arm/hook/cmake_prefix_path.sh'
[4.299s] Level 1:colcon.colcon_core.environment:checking '/opt/erc_ws/install/pal_sea_arm/bin'
[4.299s] Level 1:colcon.colcon_core.environment:checking '/opt/erc_ws/install/pal_sea_arm/lib/pkgconfig/pal_sea_arm.pc'
[4.299s] Level 1:colcon.colcon_core.environment:checking '/opt/erc_ws/install/pal_sea_arm/lib/python3.10/site-packages'
[4.299s] Level 1:colcon.colcon_core.environment:checking '/opt/erc_ws/install/pal_sea_arm/bin'
[4.299s] INFO:colcon.colcon_core.shell:Creating package script '/opt/erc_ws/install/pal_sea_arm/share/pal_sea_arm/package.ps1'
[4.300s] INFO:colcon.colcon_core.shell:Creating package descriptor '/opt/erc_ws/install/pal_sea_arm/share/pal_sea_arm/package.dsv'
[4.301s] INFO:colcon.colcon_core.shell:Creating package script '/opt/erc_ws/install/pal_sea_arm/share/pal_sea_arm/package.sh'
[4.301s] INFO:colcon.colcon_core.shell:Creating package script '/opt/erc_ws/install/pal_sea_arm/share/pal_sea_arm/package.bash'
[4.302s] INFO:colcon.colcon_core.shell:Creating package script '/opt/erc_ws/install/pal_sea_arm/share/pal_sea_arm/package.zsh'
[4.302s] Level 1:colcon.colcon_core.environment:create_file_with_runtime_dependencies(/opt/erc_ws/install/pal_sea_arm/share/colcon-core/packages/pal_sea_arm)
[4.453s] DEBUG:colcon.colcon_core.event_handler.log_command:Invoked command in '/opt/erc_ws/build/tiago_pro_description' returned '0': AMENT_PREFIX_PATH=/opt/erc_ws/install/pal_pro_gripper_wrapper:/opt/erc_ws/install/launch_pal:/opt/erc_ws/install/tiago_pro_robot:/opt/erc_ws/install/tiago_pro_head_robot:/opt/erc_ws/install/tiago_pro_bringup:/opt/erc_ws/install/tiago_pro_head_bringup:/opt/erc_ws/install/erc_bringup:/opt/erc_ws/install/tiago_pro_description:/opt/erc_ws/install/tiago_pro_head_description:/opt/erc_ws/install/tiago_pro_controller_configuration:/opt/erc_ws/install/tiago_pro_head_controller_configuration:/opt/erc_ws/install/sensors:/opt/erc_ws/install/pal_sea_arm:/opt/erc_ws/install/pal_sea_arm_bringup:/opt/erc_ws/install/pal_sea_arm_description:/opt/erc_ws/install/pal_pro_gripper_simulation:/opt/erc_ws/install/pal_pro_gripper_bringup:/opt/erc_ws/install/pal_pro_gripper:/opt/erc_ws/install/pal_pro_gripper_description:/opt/erc_ws/install/pal_gripper_simulation:/opt/erc_ws/install/pal_gripper:/opt/erc_ws/install/pal_gripper_description:/opt/erc_ws/install/omni_base_robot:/opt/erc_ws/install/omni_base_bringup:/opt/erc_ws/install/omni_base_description:/opt/erc_ws/install/pal_urdf_utils:/opt/erc_ws/install/pal_sea_arm_controller_configuration:/opt/erc_ws/install/pal_pro_gripper_controller_configuration:/opt/erc_ws/install/pal_gripper_controller_configuration:/opt/erc_ws/install/omni_base_controller_configuration:/opt/erc_ws/install/gz_ros2_control:/opt/erc_ws/install/erc_solution:/opt/erc_ws/install/erc_description:/opt/ros/humble CMAKE_PREFIX_PATH=/opt/erc_ws/install/pal_sea_arm_description:/opt/erc_ws/install/tiago_pro_head_description:/opt/erc_ws/install/pal_sea_arm_controller_configuration:/opt/erc_ws/install/tiago_pro_head_controller_configuration:/opt/erc_ws/install/pal_pro_gripper_description:/opt/erc_ws/install/pal_pro_gripper_controller_configuration:/opt/erc_ws/install/omni_base_description:/opt/erc_ws/install/pal_urdf_utils:/opt/erc_ws/install/tiago_pro_robot:/opt/erc_ws/install/tiago_pro_head_robot:/opt/erc_ws/install/tiago_pro_bringup:/opt/erc_ws/install/tiago_pro_head_bringup:/opt/erc_ws/install/erc_bringup:/opt/erc_ws/install/tiago_pro_description:/opt/erc_ws/install/tiago_pro_controller_configuration:/opt/erc_ws/install/pal_sea_arm:/opt/erc_ws/install/pal_sea_arm_bringup:/opt/erc_ws/install/pal_pro_gripper_simulation:/opt/erc_ws/install/pal_pro_gripper_bringup:/opt/erc_ws/install/pal_pro_gripper:/opt/erc_ws/install/pal_gripper_simulation:/opt/erc_ws/install/pal_gripper:/opt/erc_ws/install/pal_gripper_description:/opt/erc_ws/install/omni_base_robot:/opt/erc_ws/install/omni_base_bringup:/opt/erc_ws/install/pal_gripper_controller_configuration:/opt/erc_ws/install/omni_base_controller_configuration:/opt/erc_ws/install/gz_ros2_control:/opt/erc_ws/install/erc_description:/opt/erc_ws/install/sensors:/opt/erc_ws/install/pal_pro_gripper_wrapper:/opt/erc_ws/install/launch_pal:/opt/erc_ws/install/erc_solution:/opt/ros/humble PYTHONPATH=/opt/erc_ws/build/pal_pro_gripper_wrapper:/opt/erc_ws/install/pal_pro_gripper_wrapper/lib/python3.10/site-packages:/opt/erc_ws/build/launch_pal:/opt/erc_ws/install/launch_pal/lib/python3.10/site-packages:/opt/erc_ws/install/tiago_pro_description/local/lib/python3.10/dist-packages:/opt/erc_ws/install/tiago_pro_head_description/local/lib/python3.10/dist-packages:/opt/erc_ws/build/sensors:/opt/erc_ws/install/sensors/lib/python3.10/site-packages:/opt/erc_ws/install/pal_sea_arm_description/local/lib/python3.10/dist-packages:/opt/erc_ws/install/pal_pro_gripper_description/local/lib/python3.10/dist-packages:/opt/erc_ws/install/omni_base_description/local/lib/python3.10/dist-packages:/opt/erc_ws/build/erc_solution:/opt/erc_ws/install/erc_solution/lib/python3.10/site-packages:/opt/ros/humble/lib/python3.10/site-packages:/opt/ros/humble/local/lib/python3.10/dist-packages /usr/bin/cmake --build /opt/erc_ws/build/tiago_pro_description -- -j16 -l16
[4.455s] DEBUG:colcon.colcon_core.event_handler.log_command:Invoking command in '/opt/erc_ws/build/tiago_pro_description': AMENT_PREFIX_PATH=/opt/erc_ws/install/pal_pro_gripper_wrapper:/opt/erc_ws/install/launch_pal:/opt/erc_ws/install/tiago_pro_robot:/opt/erc_ws/install/tiago_pro_head_robot:/opt/erc_ws/install/tiago_pro_bringup:/opt/erc_ws/install/tiago_pro_head_bringup:/opt/erc_ws/install/erc_bringup:/opt/erc_ws/install/tiago_pro_description:/opt/erc_ws/install/tiago_pro_head_description:/opt/erc_ws/install/tiago_pro_controller_configuration:/opt/erc_ws/install/tiago_pro_head_controller_configuration:/opt/erc_ws/install/sensors:/opt/erc_ws/install/pal_sea_arm:/opt/erc_ws/install/pal_sea_arm_bringup:/opt/erc_ws/install/pal_sea_arm_description:/opt/erc_ws/install/pal_pro_gripper_simulation:/opt/erc_ws/install/pal_pro_gripper_bringup:/opt/erc_ws/install/pal_pro_gripper:/opt/erc_ws/install/pal_pro_gripper_description:/opt/erc_ws/install/pal_gripper_simulation:/opt/erc_ws/install/pal_gripper:/opt/erc_ws/install/pal_gripper_description:/opt/erc_ws/install/omni_base_robot:/opt/erc_ws/install/omni_base_bringup:/opt/erc_ws/install/omni_base_description:/opt/erc_ws/install/pal_urdf_utils:/opt/erc_ws/install/pal_sea_arm_controller_configuration:/opt/erc_ws/install/pal_pro_gripper_controller_configuration:/opt/erc_ws/install/pal_gripper_controller_configuration:/opt/erc_ws/install/omni_base_controller_configuration:/opt/erc_ws/install/gz_ros2_control:/opt/erc_ws/install/erc_solution:/opt/erc_ws/install/erc_description:/opt/ros/humble CMAKE_PREFIX_PATH=/opt/erc_ws/install/pal_sea_arm_description:/opt/erc_ws/install/tiago_pro_head_description:/opt/erc_ws/install/pal_sea_arm_controller_configuration:/opt/erc_ws/install/tiago_pro_head_controller_configuration:/opt/erc_ws/install/pal_pro_gripper_description:/opt/erc_ws/install/pal_pro_gripper_controller_configuration:/opt/erc_ws/install/omni_base_description:/opt/erc_ws/install/pal_urdf_utils:/opt/erc_ws/install/tiago_pro_robot:/opt/erc_ws/install/tiago_pro_head_robot:/opt/erc_ws/install/tiago_pro_bringup:/opt/erc_ws/install/tiago_pro_head_bringup:/opt/erc_ws/install/erc_bringup:/opt/erc_ws/install/tiago_pro_description:/opt/erc_ws/install/tiago_pro_controller_configuration:/opt/erc_ws/install/pal_sea_arm:/opt/erc_ws/install/pal_sea_arm_bringup:/opt/erc_ws/install/pal_pro_gripper_simulation:/opt/erc_ws/install/pal_pro_gripper_bringup:/opt/erc_ws/install/pal_pro_gripper:/opt/erc_ws/install/pal_gripper_simulation:/opt/erc_ws/install/pal_gripper:/opt/erc_ws/install/pal_gripper_description:/opt/erc_ws/install/omni_base_robot:/opt/erc_ws/install/omni_base_bringup:/opt/erc_ws/install/pal_gripper_controller_configuration:/opt/erc_ws/install/omni_base_controller_configuration:/opt/erc_ws/install/gz_ros2_control:/opt/erc_ws/install/erc_description:/opt/erc_ws/install/sensors:/opt/erc_ws/install/pal_pro_gripper_wrapper:/opt/erc_ws/install/launch_pal:/opt/erc_ws/install/erc_solution:/opt/ros/humble PYTHONPATH=/opt/erc_ws/build/pal_pro_gripper_wrapper:/opt/erc_ws/install/pal_pro_gripper_wrapper/lib/python3.10/site-packages:/opt/erc_ws/build/launch_pal:/opt/erc_ws/install/launch_pal/lib/python3.10/site-packages:/opt/erc_ws/install/tiago_pro_description/local/lib/python3.10/dist-packages:/opt/erc_ws/install/tiago_pro_head_description/local/lib/python3.10/dist-packages:/opt/erc_ws/build/sensors:/opt/erc_ws/install/sensors/lib/python3.10/site-packages:/opt/erc_ws/install/pal_sea_arm_description/local/lib/python3.10/dist-packages:/opt/erc_ws/install/pal_pro_gripper_description/local/lib/python3.10/dist-packages:/opt/erc_ws/install/omni_base_description/local/lib/python3.10/dist-packages:/opt/erc_ws/build/erc_solution:/opt/erc_ws/install/erc_solution/lib/python3.10/site-packages:/opt/ros/humble/lib/python3.10/site-packages:/opt/ros/humble/local/lib/python3.10/dist-packages /usr/bin/cmake --install /opt/erc_ws/build/tiago_pro_description
[4.528s] Level 1:colcon.colcon_core.environment:create_environment_scripts_only(tiago_pro_description)
[4.528s] Level 1:colcon.colcon_core.environment:checking '/opt/erc_ws/install/tiago_pro_description' for CMake module files
[4.529s] DEBUG:colcon.colcon_core.event_handler.log_command:Invoked command in '/opt/erc_ws/build/tiago_pro_description' returned '0': AMENT_PREFIX_PATH=/opt/erc_ws/install/pal_pro_gripper_wrapper:/opt/erc_ws/install/launch_pal:/opt/erc_ws/install/tiago_pro_robot:/opt/erc_ws/install/tiago_pro_head_robot:/opt/erc_ws/install/tiago_pro_bringup:/opt/erc_ws/install/tiago_pro_head_bringup:/opt/erc_ws/install/erc_bringup:/opt/erc_ws/install/tiago_pro_description:/opt/erc_ws/install/tiago_pro_head_description:/opt/erc_ws/install/tiago_pro_controller_configuration:/opt/erc_ws/install/tiago_pro_head_controller_configuration:/opt/erc_ws/install/sensors:/opt/erc_ws/install/pal_sea_arm:/opt/erc_ws/install/pal_sea_arm_bringup:/opt/erc_ws/install/pal_sea_arm_description:/opt/erc_ws/install/pal_pro_gripper_simulation:/opt/erc_ws/install/pal_pro_gripper_bringup:/opt/erc_ws/install/pal_pro_gripper:/opt/erc_ws/install/pal_pro_gripper_description:/opt/erc_ws/install/pal_gripper_simulation:/opt/erc_ws/install/pal_gripper:/opt/erc_ws/install/pal_gripper_description:/opt/erc_ws/install/omni_base_robot:/opt/erc_ws/install/omni_base_bringup:/opt/erc_ws/install/omni_base_description:/opt/erc_ws/install/pal_urdf_utils:/opt/erc_ws/install/pal_sea_arm_controller_configuration:/opt/erc_ws/install/pal_pro_gripper_controller_configuration:/opt/erc_ws/install/pal_gripper_controller_configuration:/opt/erc_ws/install/omni_base_controller_configuration:/opt/erc_ws/install/gz_ros2_control:/opt/erc_ws/install/erc_solution:/opt/erc_ws/install/erc_description:/opt/ros/humble CMAKE_PREFIX_PATH=/opt/erc_ws/install/pal_sea_arm_description:/opt/erc_ws/install/tiago_pro_head_description:/opt/erc_ws/install/pal_sea_arm_controller_configuration:/opt/erc_ws/install/tiago_pro_head_controller_configuration:/opt/erc_ws/install/pal_pro_gripper_description:/opt/erc_ws/install/pal_pro_gripper_controller_configuration:/opt/erc_ws/install/omni_base_description:/opt/erc_ws/install/pal_urdf_utils:/opt/erc_ws/install/tiago_pro_robot:/opt/erc_ws/install/tiago_pro_head_robot:/opt/erc_ws/install/tiago_pro_bringup:/opt/erc_ws/install/tiago_pro_head_bringup:/opt/erc_ws/install/erc_bringup:/opt/erc_ws/install/tiago_pro_description:/opt/erc_ws/install/tiago_pro_controller_configuration:/opt/erc_ws/install/pal_sea_arm:/opt/erc_ws/install/pal_sea_arm_bringup:/opt/erc_ws/install/pal_pro_gripper_simulation:/opt/erc_ws/install/pal_pro_gripper_bringup:/opt/erc_ws/install/pal_pro_gripper:/opt/erc_ws/install/pal_gripper_simulation:/opt/erc_ws/install/pal_gripper:/opt/erc_ws/install/pal_gripper_description:/opt/erc_ws/install/omni_base_robot:/opt/erc_ws/install/omni_base_bringup:/opt/erc_ws/install/pal_gripper_controller_configuration:/opt/erc_ws/install/omni_base_controller_configuration:/opt/erc_ws/install/gz_ros2_control:/opt/erc_ws/install/erc_description:/opt/erc_ws/install/sensors:/opt/erc_ws/install/pal_pro_gripper_wrapper:/opt/erc_ws/install/launch_pal:/opt/erc_ws/install/erc_solution:/opt/ros/humble PYTHONPATH=/opt/erc_ws/build/pal_pro_gripper_wrapper:/opt/erc_ws/install/pal_pro_gripper_wrapper/lib/python3.10/site-packages:/opt/erc_ws/build/launch_pal:/opt/erc_ws/install/launch_pal/lib/python3.10/site-packages:/opt/erc_ws/install/tiago_pro_description/local/lib/python3.10/dist-packages:/opt/erc_ws/install/tiago_pro_head_description/local/lib/python3.10/dist-packages:/opt/erc_ws/build/sensors:/opt/erc_ws/install/sensors/lib/python3.10/site-packages:/opt/erc_ws/install/pal_sea_arm_description/local/lib/python3.10/dist-packages:/opt/erc_ws/install/pal_pro_gripper_description/local/lib/python3.10/dist-packages:/opt/erc_ws/install/omni_base_description/local/lib/python3.10/dist-packages:/opt/erc_ws/build/erc_solution:/opt/erc_ws/install/erc_solution/lib/python3.10/site-packages:/opt/ros/humble/lib/python3.10/site-packages:/opt/ros/humble/local/lib/python3.10/dist-packages /usr/bin/cmake --install /opt/erc_ws/build/tiago_pro_description
[4.530s] Level 1:colcon.colcon_core.environment:checking '/opt/erc_ws/install/tiago_pro_description' for CMake config files
[4.530s] Level 1:colcon.colcon_core.shell:create_environment_hook('tiago_pro_description', 'cmake_prefix_path')
[4.530s] INFO:colcon.colcon_core.shell:Creating environment hook '/opt/erc_ws/install/tiago_pro_description/share/tiago_pro_description/hook/cmake_prefix_path.ps1'
[4.531s] INFO:colcon.colcon_core.shell:Creating environment descriptor '/opt/erc_ws/install/tiago_pro_description/share/tiago_pro_description/hook/cmake_prefix_path.dsv'
[4.532s] INFO:colcon.colcon_core.shell:Creating environment hook '/opt/erc_ws/install/tiago_pro_description/share/tiago_pro_description/hook/cmake_prefix_path.sh'
[4.532s] Level 1:colcon.colcon_core.environment:checking '/opt/erc_ws/install/tiago_pro_description/bin'
[4.533s] Level 1:colcon.colcon_core.environment:checking '/opt/erc_ws/install/tiago_pro_description/lib/pkgconfig/tiago_pro_description.pc'
[4.533s] Level 1:colcon.colcon_core.environment:checking '/opt/erc_ws/install/tiago_pro_description/lib/python3.10/site-packages'
[4.533s] Level 1:colcon.colcon_core.environment:checking '/opt/erc_ws/install/tiago_pro_description/bin'
[4.534s] INFO:colcon.colcon_core.shell:Creating package script '/opt/erc_ws/install/tiago_pro_description/share/tiago_pro_description/package.ps1'
[4.534s] INFO:colcon.colcon_core.shell:Creating package descriptor '/opt/erc_ws/install/tiago_pro_description/share/tiago_pro_description/package.dsv'
[4.534s] INFO:colcon.colcon_core.shell:Creating package script '/opt/erc_ws/install/tiago_pro_description/share/tiago_pro_description/package.sh'
[4.535s] INFO:colcon.colcon_core.shell:Creating package script '/opt/erc_ws/install/tiago_pro_description/share/tiago_pro_description/package.bash'
[4.535s] INFO:colcon.colcon_core.shell:Creating package script '/opt/erc_ws/install/tiago_pro_description/share/tiago_pro_description/package.zsh'
[4.535s] Level 1:colcon.colcon_core.environment:create_file_with_runtime_dependencies(/opt/erc_ws/install/tiago_pro_description/share/colcon-core/packages/tiago_pro_description)
[4.536s] Level 1:colcon.colcon_core.environment:create_environment_scripts_only(tiago_pro_description)
[4.536s] Level 1:colcon.colcon_core.environment:checking '/opt/erc_ws/install/tiago_pro_description' for CMake module files
[4.537s] Level 1:colcon.colcon_core.environment:checking '/opt/erc_ws/install/tiago_pro_description' for CMake config files
[4.537s] Level 1:colcon.colcon_core.shell:create_environment_hook('tiago_pro_description', 'cmake_prefix_path')
[4.537s] INFO:colcon.colcon_core.shell:Creating environment hook '/opt/erc_ws/install/tiago_pro_description/share/tiago_pro_description/hook/cmake_prefix_path.ps1'
[4.538s] INFO:colcon.colcon_core.shell:Creating environment descriptor '/opt/erc_ws/install/tiago_pro_description/share/tiago_pro_description/hook/cmake_prefix_path.dsv'
[4.538s] INFO:colcon.colcon_core.shell:Creating environment hook '/opt/erc_ws/install/tiago_pro_description/share/tiago_pro_description/hook/cmake_prefix_path.sh'
[4.538s] Level 1:colcon.colcon_core.environment:checking '/opt/erc_ws/install/tiago_pro_description/bin'
[4.539s] Level 1:colcon.colcon_core.environment:checking '/opt/erc_ws/install/tiago_pro_description/lib/pkgconfig/tiago_pro_description.pc'
[4.539s] Level 1:colcon.colcon_core.environment:checking '/opt/erc_ws/install/tiago_pro_description/lib/python3.10/site-packages'
[4.539s] Level 1:colcon.colcon_core.environment:checking '/opt/erc_ws/install/tiago_pro_description/bin'
[4.539s] INFO:colcon.colcon_core.shell:Creating package script '/opt/erc_ws/install/tiago_pro_description/share/tiago_pro_description/package.ps1'
[4.540s] INFO:colcon.colcon_core.shell:Creating package descriptor '/opt/erc_ws/install/tiago_pro_description/share/tiago_pro_description/package.dsv'
[4.540s] INFO:colcon.colcon_core.shell:Creating package script '/opt/erc_ws/install/tiago_pro_description/share/tiago_pro_description/package.sh'
[4.541s] INFO:colcon.colcon_core.shell:Creating package script '/opt/erc_ws/install/tiago_pro_description/share/tiago_pro_description/package.bash'
[4.541s] INFO:colcon.colcon_core.shell:Creating package script '/opt/erc_ws/install/tiago_pro_description/share/tiago_pro_description/package.zsh'
[4.541s] Level 1:colcon.colcon_core.environment:create_file_with_runtime_dependencies(/opt/erc_ws/install/tiago_pro_description/share/colcon-core/packages/tiago_pro_description)
[4.542s] INFO:colcon.colcon_ros.task.ament_cmake.build:Building ROS package in '/opt/erc_ws/src/erc_bringup' with build type 'ament_cmake'
[4.542s] INFO:colcon.colcon_cmake.task.cmake.build:Building CMake package in '/opt/erc_ws/src/erc_bringup'
[4.542s] INFO:colcon.colcon_core.shell:Skip shell extension 'powershell' for command environment: Not usable outside of PowerShell
[4.542s] DEBUG:colcon.colcon_core.shell:Skip shell extension 'dsv' for command environment
[4.552s] INFO:colcon.colcon_ros.task.ament_cmake.build:Building ROS package in '/opt/erc_ws/src/tiago_pro_robot/tiago_pro_robot' with build type 'ament_cmake'
[4.552s] INFO:colcon.colcon_cmake.task.cmake.build:Building CMake package in '/opt/erc_ws/src/tiago_pro_robot/tiago_pro_robot'
[4.552s] INFO:colcon.colcon_core.shell:Skip shell extension 'powershell' for command environment: Not usable outside of PowerShell
[4.552s] DEBUG:colcon.colcon_core.shell:Skip shell extension 'dsv' for command environment
[4.570s] DEBUG:colcon.colcon_core.event_handler.log_command:Invoking command in '/opt/erc_ws/build/erc_bringup': AMENT_PREFIX_PATH=/opt/erc_ws/install/pal_pro_gripper_wrapper:/opt/erc_ws/install/launch_pal:/opt/erc_ws/install/tiago_pro_robot:/opt/erc_ws/install/tiago_pro_head_robot:/opt/erc_ws/install/tiago_pro_bringup:/opt/erc_ws/install/tiago_pro_head_bringup:/opt/erc_ws/install/erc_bringup:/opt/erc_ws/install/tiago_pro_description:/opt/erc_ws/install/tiago_pro_head_description:/opt/erc_ws/install/tiago_pro_controller_configuration:/opt/erc_ws/install/tiago_pro_head_controller_configuration:/opt/erc_ws/install/sensors:/opt/erc_ws/install/pal_sea_arm:/opt/erc_ws/install/pal_sea_arm_bringup:/opt/erc_ws/install/pal_sea_arm_description:/opt/erc_ws/install/pal_pro_gripper_simulation:/opt/erc_ws/install/pal_pro_gripper_bringup:/opt/erc_ws/install/pal_pro_gripper:/opt/erc_ws/install/pal_pro_gripper_description:/opt/erc_ws/install/pal_gripper_simulation:/opt/erc_ws/install/pal_gripper:/opt/erc_ws/install/pal_gripper_description:/opt/erc_ws/install/omni_base_robot:/opt/erc_ws/install/omni_base_bringup:/opt/erc_ws/install/omni_base_description:/opt/erc_ws/install/pal_urdf_utils:/opt/erc_ws/install/pal_sea_arm_controller_configuration:/opt/erc_ws/install/pal_pro_gripper_controller_configuration:/opt/erc_ws/install/pal_gripper_controller_configuration:/opt/erc_ws/install/omni_base_controller_configuration:/opt/erc_ws/install/gz_ros2_control:/opt/erc_ws/install/erc_solution:/opt/erc_ws/install/erc_description:/opt/ros/humble CMAKE_PREFIX_PATH=/opt/erc_ws/install/tiago_pro_description:/opt/erc_ws/install/pal_sea_arm_description:/opt/erc_ws/install/tiago_pro_head_description:/opt/erc_ws/install/pal_sea_arm_controller_configuration:/opt/erc_ws/install/tiago_pro_head_controller_configuration:/opt/erc_ws/install/pal_pro_gripper_description:/opt/erc_ws/install/pal_pro_gripper_controller_configuration:/opt/erc_ws/install/omni_base_description:/opt/erc_ws/install/pal_urdf_utils:/opt/erc_ws/install/tiago_pro_robot:/opt/erc_ws/install/tiago_pro_head_robot:/opt/erc_ws/install/tiago_pro_bringup:/opt/erc_ws/install/tiago_pro_head_bringup:/opt/erc_ws/install/erc_bringup:/opt/erc_ws/install/tiago_pro_controller_configuration:/opt/erc_ws/install/pal_sea_arm:/opt/erc_ws/install/pal_sea_arm_bringup:/opt/erc_ws/install/pal_pro_gripper_simulation:/opt/erc_ws/install/pal_pro_gripper_bringup:/opt/erc_ws/install/pal_pro_gripper:/opt/erc_ws/install/pal_gripper_simulation:/opt/erc_ws/install/pal_gripper:/opt/erc_ws/install/pal_gripper_description:/opt/erc_ws/install/omni_base_robot:/opt/erc_ws/install/omni_base_bringup:/opt/erc_ws/install/pal_gripper_controller_configuration:/opt/erc_ws/install/omni_base_controller_configuration:/opt/erc_ws/install/gz_ros2_control:/opt/erc_ws/install/erc_description:/opt/erc_ws/install/sensors:/opt/erc_ws/install/pal_pro_gripper_wrapper:/opt/erc_ws/install/launch_pal:/opt/erc_ws/install/erc_solution:/opt/ros/humble PYTHONPATH=/opt/erc_ws/build/pal_pro_gripper_wrapper:/opt/erc_ws/install/pal_pro_gripper_wrapper/lib/python3.10/site-packages:/opt/erc_ws/build/launch_pal:/opt/erc_ws/install/launch_pal/lib/python3.10/site-packages:/opt/erc_ws/install/tiago_pro_description/local/lib/python3.10/dist-packages:/opt/erc_ws/install/tiago_pro_head_description/local/lib/python3.10/dist-packages:/opt/erc_ws/build/sensors:/opt/erc_ws/install/sensors/lib/python3.10/site-packages:/opt/erc_ws/install/pal_sea_arm_description/local/lib/python3.10/dist-packages:/opt/erc_ws/install/pal_pro_gripper_description/local/lib/python3.10/dist-packages:/opt/erc_ws/install/omni_base_description/local/lib/python3.10/dist-packages:/opt/erc_ws/build/erc_solution:/opt/erc_ws/install/erc_solution/lib/python3.10/site-packages:/opt/ros/humble/lib/python3.10/site-packages:/opt/ros/humble/local/lib/python3.10/dist-packages /usr/bin/cmake --build /opt/erc_ws/build/erc_bringup -- -j16 -l16
[4.582s] DEBUG:colcon.colcon_core.event_handler.log_command:Invoking command in '/opt/erc_ws/build/tiago_pro_robot': AMENT_PREFIX_PATH=/opt/erc_ws/install/pal_pro_gripper_wrapper:/opt/erc_ws/install/launch_pal:/opt/erc_ws/install/tiago_pro_robot:/opt/erc_ws/install/tiago_pro_head_robot:/opt/erc_ws/install/tiago_pro_bringup:/opt/erc_ws/install/tiago_pro_head_bringup:/opt/erc_ws/install/erc_bringup:/opt/erc_ws/install/tiago_pro_description:/opt/erc_ws/install/tiago_pro_head_description:/opt/erc_ws/install/tiago_pro_controller_configuration:/opt/erc_ws/install/tiago_pro_head_controller_configuration:/opt/erc_ws/install/sensors:/opt/erc_ws/install/pal_sea_arm:/opt/erc_ws/install/pal_sea_arm_bringup:/opt/erc_ws/install/pal_sea_arm_description:/opt/erc_ws/install/pal_pro_gripper_simulation:/opt/erc_ws/install/pal_pro_gripper_bringup:/opt/erc_ws/install/pal_pro_gripper:/opt/erc_ws/install/pal_pro_gripper_description:/opt/erc_ws/install/pal_gripper_simulation:/opt/erc_ws/install/pal_gripper:/opt/erc_ws/install/pal_gripper_description:/opt/erc_ws/install/omni_base_robot:/opt/erc_ws/install/omni_base_bringup:/opt/erc_ws/install/omni_base_description:/opt/erc_ws/install/pal_urdf_utils:/opt/erc_ws/install/pal_sea_arm_controller_configuration:/opt/erc_ws/install/pal_pro_gripper_controller_configuration:/opt/erc_ws/install/pal_gripper_controller_configuration:/opt/erc_ws/install/omni_base_controller_configuration:/opt/erc_ws/install/gz_ros2_control:/opt/erc_ws/install/erc_solution:/opt/erc_ws/install/erc_description:/opt/ros/humble CMAKE_PREFIX_PATH=/opt/erc_ws/install/tiago_pro_description:/opt/erc_ws/install/tiago_pro_bringup:/opt/erc_ws/install/tiago_pro_head_bringup:/opt/erc_ws/install/tiago_pro_controller_configuration:/opt/erc_ws/install/pal_sea_arm_description:/opt/erc_ws/install/tiago_pro_head_description:/opt/erc_ws/install/pal_sea_arm_controller_configuration:/opt/erc_ws/install/tiago_pro_head_controller_configuration:/opt/erc_ws/install/pal_pro_gripper_description:/opt/erc_ws/install/pal_pro_gripper_controller_configuration:/opt/erc_ws/install/omni_base_description:/opt/erc_ws/install/pal_urdf_utils:/opt/erc_ws/install/omni_base_controller_configuration:/opt/erc_ws/install/tiago_pro_robot:/opt/erc_ws/install/tiago_pro_head_robot:/opt/erc_ws/install/erc_bringup:/opt/erc_ws/install/pal_sea_arm:/opt/erc_ws/install/pal_sea_arm_bringup:/opt/erc_ws/install/pal_pro_gripper_simulation:/opt/erc_ws/install/pal_pro_gripper_bringup:/opt/erc_ws/install/pal_pro_gripper:/opt/erc_ws/install/pal_gripper_simulation:/opt/erc_ws/install/pal_gripper:/opt/erc_ws/install/pal_gripper_description:/opt/erc_ws/install/omni_base_robot:/opt/erc_ws/install/omni_base_bringup:/opt/erc_ws/install/pal_gripper_controller_configuration:/opt/erc_ws/install/gz_ros2_control:/opt/erc_ws/install/erc_description:/opt/erc_ws/install/sensors:/opt/erc_ws/install/pal_pro_gripper_wrapper:/opt/erc_ws/install/launch_pal:/opt/erc_ws/install/erc_solution:/opt/ros/humble PYTHONPATH=/opt/erc_ws/build/pal_pro_gripper_wrapper:/opt/erc_ws/install/pal_pro_gripper_wrapper/lib/python3.10/site-packages:/opt/erc_ws/build/launch_pal:/opt/erc_ws/install/launch_pal/lib/python3.10/site-packages:/opt/erc_ws/install/tiago_pro_description/local/lib/python3.10/dist-packages:/opt/erc_ws/install/tiago_pro_head_description/local/lib/python3.10/dist-packages:/opt/erc_ws/build/sensors:/opt/erc_ws/install/sensors/lib/python3.10/site-packages:/opt/erc_ws/install/pal_sea_arm_description/local/lib/python3.10/dist-packages:/opt/erc_ws/install/pal_pro_gripper_description/local/lib/python3.10/dist-packages:/opt/erc_ws/install/omni_base_description/local/lib/python3.10/dist-packages:/opt/erc_ws/build/erc_solution:/opt/erc_ws/install/erc_solution/lib/python3.10/site-packages:/opt/ros/humble/lib/python3.10/site-packages:/opt/ros/humble/local/lib/python3.10/dist-packages /usr/bin/cmake --build /opt/erc_ws/build/tiago_pro_robot -- -j16 -l16
[4.607s] DEBUG:colcon.colcon_core.event_handler.log_command:Invoked command in '/opt/erc_ws/build/erc_bringup' returned '0': AMENT_PREFIX_PATH=/opt/erc_ws/install/pal_pro_gripper_wrapper:/opt/erc_ws/install/launch_pal:/opt/erc_ws/install/tiago_pro_robot:/opt/erc_ws/install/tiago_pro_head_robot:/opt/erc_ws/install/tiago_pro_bringup:/opt/erc_ws/install/tiago_pro_head_bringup:/opt/erc_ws/install/erc_bringup:/opt/erc_ws/install/tiago_pro_description:/opt/erc_ws/install/tiago_pro_head_description:/opt/erc_ws/install/tiago_pro_controller_configuration:/opt/erc_ws/install/tiago_pro_head_controller_configuration:/opt/erc_ws/install/sensors:/opt/erc_ws/install/pal_sea_arm:/opt/erc_ws/install/pal_sea_arm_bringup:/opt/erc_ws/install/pal_sea_arm_description:/opt/erc_ws/install/pal_pro_gripper_simulation:/opt/erc_ws/install/pal_pro_gripper_bringup:/opt/erc_ws/install/pal_pro_gripper:/opt/erc_ws/install/pal_pro_gripper_description:/opt/erc_ws/install/pal_gripper_simulation:/opt/erc_ws/install/pal_gripper:/opt/erc_ws/install/pal_gripper_description:/opt/erc_ws/install/omni_base_robot:/opt/erc_ws/install/omni_base_bringup:/opt/erc_ws/install/omni_base_description:/opt/erc_ws/install/pal_urdf_utils:/opt/erc_ws/install/pal_sea_arm_controller_configuration:/opt/erc_ws/install/pal_pro_gripper_controller_configuration:/opt/erc_ws/install/pal_gripper_controller_configuration:/opt/erc_ws/install/omni_base_controller_configuration:/opt/erc_ws/install/gz_ros2_control:/opt/erc_ws/install/erc_solution:/opt/erc_ws/install/erc_description:/opt/ros/humble CMAKE_PREFIX_PATH=/opt/erc_ws/install/tiago_pro_description:/opt/erc_ws/install/pal_sea_arm_description:/opt/erc_ws/install/tiago_pro_head_description:/opt/erc_ws/install/pal_sea_arm_controller_configuration:/opt/erc_ws/install/tiago_pro_head_controller_configuration:/opt/erc_ws/install/pal_pro_gripper_description:/opt/erc_ws/install/pal_pro_gripper_controller_configuration:/opt/erc_ws/install/omni_base_description:/opt/erc_ws/install/pal_urdf_utils:/opt/erc_ws/install/tiago_pro_robot:/opt/erc_ws/install/tiago_pro_head_robot:/opt/erc_ws/install/tiago_pro_bringup:/opt/erc_ws/install/tiago_pro_head_bringup:/opt/erc_ws/install/erc_bringup:/opt/erc_ws/install/tiago_pro_controller_configuration:/opt/erc_ws/install/pal_sea_arm:/opt/erc_ws/install/pal_sea_arm_bringup:/opt/erc_ws/install/pal_pro_gripper_simulation:/opt/erc_ws/install/pal_pro_gripper_bringup:/opt/erc_ws/install/pal_pro_gripper:/opt/erc_ws/install/pal_gripper_simulation:/opt/erc_ws/install/pal_gripper:/opt/erc_ws/install/pal_gripper_description:/opt/erc_ws/install/omni_base_robot:/opt/erc_ws/install/omni_base_bringup:/opt/erc_ws/install/pal_gripper_controller_configuration:/opt/erc_ws/install/omni_base_controller_configuration:/opt/erc_ws/install/gz_ros2_control:/opt/erc_ws/install/erc_description:/opt/erc_ws/install/sensors:/opt/erc_ws/install/pal_pro_gripper_wrapper:/opt/erc_ws/install/launch_pal:/opt/erc_ws/install/erc_solution:/opt/ros/humble PYTHONPATH=/opt/erc_ws/build/pal_pro_gripper_wrapper:/opt/erc_ws/install/pal_pro_gripper_wrapper/lib/python3.10/site-packages:/opt/erc_ws/build/launch_pal:/opt/erc_ws/install/launch_pal/lib/python3.10/site-packages:/opt/erc_ws/install/tiago_pro_description/local/lib/python3.10/dist-packages:/opt/erc_ws/install/tiago_pro_head_description/local/lib/python3.10/dist-packages:/opt/erc_ws/build/sensors:/opt/erc_ws/install/sensors/lib/python3.10/site-packages:/opt/erc_ws/install/pal_sea_arm_description/local/lib/python3.10/dist-packages:/opt/erc_ws/install/pal_pro_gripper_description/local/lib/python3.10/dist-packages:/opt/erc_ws/install/omni_base_description/local/lib/python3.10/dist-packages:/opt/erc_ws/build/erc_solution:/opt/erc_ws/install/erc_solution/lib/python3.10/site-packages:/opt/ros/humble/lib/python3.10/site-packages:/opt/ros/humble/local/lib/python3.10/dist-packages /usr/bin/cmake --build /opt/erc_ws/build/erc_bringup -- -j16 -l16
[4.608s] DEBUG:colcon.colcon_core.event_handler.log_command:Invoking command in '/opt/erc_ws/build/erc_bringup': AMENT_PREFIX_PATH=/opt/erc_ws/install/pal_pro_gripper_wrapper:/opt/erc_ws/install/launch_pal:/opt/erc_ws/install/tiago_pro_robot:/opt/erc_ws/install/tiago_pro_head_robot:/opt/erc_ws/install/tiago_pro_bringup:/opt/erc_ws/install/tiago_pro_head_bringup:/opt/erc_ws/install/erc_bringup:/opt/erc_ws/install/tiago_pro_description:/opt/erc_ws/install/tiago_pro_head_description:/opt/erc_ws/install/tiago_pro_controller_configuration:/opt/erc_ws/install/tiago_pro_head_controller_configuration:/opt/erc_ws/install/sensors:/opt/erc_ws/install/pal_sea_arm:/opt/erc_ws/install/pal_sea_arm_bringup:/opt/erc_ws/install/pal_sea_arm_description:/opt/erc_ws/install/pal_pro_gripper_simulation:/opt/erc_ws/install/pal_pro_gripper_bringup:/opt/erc_ws/install/pal_pro_gripper:/opt/erc_ws/install/pal_pro_gripper_description:/opt/erc_ws/install/pal_gripper_simulation:/opt/erc_ws/install/pal_gripper:/opt/erc_ws/install/pal_gripper_description:/opt/erc_ws/install/omni_base_robot:/opt/erc_ws/install/omni_base_bringup:/opt/erc_ws/install/omni_base_description:/opt/erc_ws/install/pal_urdf_utils:/opt/erc_ws/install/pal_sea_arm_controller_configuration:/opt/erc_ws/install/pal_pro_gripper_controller_configuration:/opt/erc_ws/install/pal_gripper_controller_configuration:/opt/erc_ws/install/omni_base_controller_configuration:/opt/erc_ws/install/gz_ros2_control:/opt/erc_ws/install/erc_solution:/opt/erc_ws/install/erc_description:/opt/ros/humble CMAKE_PREFIX_PATH=/opt/erc_ws/install/tiago_pro_description:/opt/erc_ws/install/pal_sea_arm_description:/opt/erc_ws/install/tiago_pro_head_description:/opt/erc_ws/install/pal_sea_arm_controller_configuration:/opt/erc_ws/install/tiago_pro_head_controller_configuration:/opt/erc_ws/install/pal_pro_gripper_description:/opt/erc_ws/install/pal_pro_gripper_controller_configuration:/opt/erc_ws/install/omni_base_description:/opt/erc_ws/install/pal_urdf_utils:/opt/erc_ws/install/tiago_pro_robot:/opt/erc_ws/install/tiago_pro_head_robot:/opt/erc_ws/install/tiago_pro_bringup:/opt/erc_ws/install/tiago_pro_head_bringup:/opt/erc_ws/install/erc_bringup:/opt/erc_ws/install/tiago_pro_controller_configuration:/opt/erc_ws/install/pal_sea_arm:/opt/erc_ws/install/pal_sea_arm_bringup:/opt/erc_ws/install/pal_pro_gripper_simulation:/opt/erc_ws/install/pal_pro_gripper_bringup:/opt/erc_ws/install/pal_pro_gripper:/opt/erc_ws/install/pal_gripper_simulation:/opt/erc_ws/install/pal_gripper:/opt/erc_ws/install/pal_gripper_description:/opt/erc_ws/install/omni_base_robot:/opt/erc_ws/install/omni_base_bringup:/opt/erc_ws/install/pal_gripper_controller_configuration:/opt/erc_ws/install/omni_base_controller_configuration:/opt/erc_ws/install/gz_ros2_control:/opt/erc_ws/install/erc_description:/opt/erc_ws/install/sensors:/opt/erc_ws/install/pal_pro_gripper_wrapper:/opt/erc_ws/install/launch_pal:/opt/erc_ws/install/erc_solution:/opt/ros/humble PYTHONPATH=/opt/erc_ws/build/pal_pro_gripper_wrapper:/opt/erc_ws/install/pal_pro_gripper_wrapper/lib/python3.10/site-packages:/opt/erc_ws/build/launch_pal:/opt/erc_ws/install/launch_pal/lib/python3.10/site-packages:/opt/erc_ws/install/tiago_pro_description/local/lib/python3.10/dist-packages:/opt/erc_ws/install/tiago_pro_head_description/local/lib/python3.10/dist-packages:/opt/erc_ws/build/sensors:/opt/erc_ws/install/sensors/lib/python3.10/site-packages:/opt/erc_ws/install/pal_sea_arm_description/local/lib/python3.10/dist-packages:/opt/erc_ws/install/pal_pro_gripper_description/local/lib/python3.10/dist-packages:/opt/erc_ws/install/omni_base_description/local/lib/python3.10/dist-packages:/opt/erc_ws/build/erc_solution:/opt/erc_ws/install/erc_solution/lib/python3.10/site-packages:/opt/ros/humble/lib/python3.10/site-packages:/opt/ros/humble/local/lib/python3.10/dist-packages /usr/bin/cmake --install /opt/erc_ws/build/erc_bringup
[4.632s] DEBUG:colcon.colcon_core.event_handler.log_command:Invoked command in '/opt/erc_ws/build/tiago_pro_robot' returned '0': AMENT_PREFIX_PATH=/opt/erc_ws/install/pal_pro_gripper_wrapper:/opt/erc_ws/install/launch_pal:/opt/erc_ws/install/tiago_pro_robot:/opt/erc_ws/install/tiago_pro_head_robot:/opt/erc_ws/install/tiago_pro_bringup:/opt/erc_ws/install/tiago_pro_head_bringup:/opt/erc_ws/install/erc_bringup:/opt/erc_ws/install/tiago_pro_description:/opt/erc_ws/install/tiago_pro_head_description:/opt/erc_ws/install/tiago_pro_controller_configuration:/opt/erc_ws/install/tiago_pro_head_controller_configuration:/opt/erc_ws/install/sensors:/opt/erc_ws/install/pal_sea_arm:/opt/erc_ws/install/pal_sea_arm_bringup:/opt/erc_ws/install/pal_sea_arm_description:/opt/erc_ws/install/pal_pro_gripper_simulation:/opt/erc_ws/install/pal_pro_gripper_bringup:/opt/erc_ws/install/pal_pro_gripper:/opt/erc_ws/install/pal_pro_gripper_description:/opt/erc_ws/install/pal_gripper_simulation:/opt/erc_ws/install/pal_gripper:/opt/erc_ws/install/pal_gripper_description:/opt/erc_ws/install/omni_base_robot:/opt/erc_ws/install/omni_base_bringup:/opt/erc_ws/install/omni_base_description:/opt/erc_ws/install/pal_urdf_utils:/opt/erc_ws/install/pal_sea_arm_controller_configuration:/opt/erc_ws/install/pal_pro_gripper_controller_configuration:/opt/erc_ws/install/pal_gripper_controller_configuration:/opt/erc_ws/install/omni_base_controller_configuration:/opt/erc_ws/install/gz_ros2_control:/opt/erc_ws/install/erc_solution:/opt/erc_ws/install/erc_description:/opt/ros/humble CMAKE_PREFIX_PATH=/opt/erc_ws/install/tiago_pro_description:/opt/erc_ws/install/tiago_pro_bringup:/opt/erc_ws/install/tiago_pro_head_bringup:/opt/erc_ws/install/tiago_pro_controller_configuration:/opt/erc_ws/install/pal_sea_arm_description:/opt/erc_ws/install/tiago_pro_head_description:/opt/erc_ws/install/pal_sea_arm_controller_configuration:/opt/erc_ws/install/tiago_pro_head_controller_configuration:/opt/erc_ws/install/pal_pro_gripper_description:/opt/erc_ws/install/pal_pro_gripper_controller_configuration:/opt/erc_ws/install/omni_base_description:/opt/erc_ws/install/pal_urdf_utils:/opt/erc_ws/install/omni_base_controller_configuration:/opt/erc_ws/install/tiago_pro_robot:/opt/erc_ws/install/tiago_pro_head_robot:/opt/erc_ws/install/erc_bringup:/opt/erc_ws/install/pal_sea_arm:/opt/erc_ws/install/pal_sea_arm_bringup:/opt/erc_ws/install/pal_pro_gripper_simulation:/opt/erc_ws/install/pal_pro_gripper_bringup:/opt/erc_ws/install/pal_pro_gripper:/opt/erc_ws/install/pal_gripper_simulation:/opt/erc_ws/install/pal_gripper:/opt/erc_ws/install/pal_gripper_description:/opt/erc_ws/install/omni_base_robot:/opt/erc_ws/install/omni_base_bringup:/opt/erc_ws/install/pal_gripper_controller_configuration:/opt/erc_ws/install/gz_ros2_control:/opt/erc_ws/install/erc_description:/opt/erc_ws/install/sensors:/opt/erc_ws/install/pal_pro_gripper_wrapper:/opt/erc_ws/install/launch_pal:/opt/erc_ws/install/erc_solution:/opt/ros/humble PYTHONPATH=/opt/erc_ws/build/pal_pro_gripper_wrapper:/opt/erc_ws/install/pal_pro_gripper_wrapper/lib/python3.10/site-packages:/opt/erc_ws/build/launch_pal:/opt/erc_ws/install/launch_pal/lib/python3.10/site-packages:/opt/erc_ws/install/tiago_pro_description/local/lib/python3.10/dist-packages:/opt/erc_ws/install/tiago_pro_head_description/local/lib/python3.10/dist-packages:/opt/erc_ws/build/sensors:/opt/erc_ws/install/sensors/lib/python3.10/site-packages:/opt/erc_ws/install/pal_sea_arm_description/local/lib/python3.10/dist-packages:/opt/erc_ws/install/pal_pro_gripper_description/local/lib/python3.10/dist-packages:/opt/erc_ws/install/omni_base_description/local/lib/python3.10/dist-packages:/opt/erc_ws/build/erc_solution:/opt/erc_ws/install/erc_solution/lib/python3.10/site-packages:/opt/ros/humble/lib/python3.10/site-packages:/opt/ros/humble/local/lib/python3.10/dist-packages /usr/bin/cmake --build /opt/erc_ws/build/tiago_pro_robot -- -j16 -l16
[4.632s] DEBUG:colcon.colcon_core.event_handler.log_command:Invoking command in '/opt/erc_ws/build/tiago_pro_robot': AMENT_PREFIX_PATH=/opt/erc_ws/install/pal_pro_gripper_wrapper:/opt/erc_ws/install/launch_pal:/opt/erc_ws/install/tiago_pro_robot:/opt/erc_ws/install/tiago_pro_head_robot:/opt/erc_ws/install/tiago_pro_bringup:/opt/erc_ws/install/tiago_pro_head_bringup:/opt/erc_ws/install/erc_bringup:/opt/erc_ws/install/tiago_pro_description:/opt/erc_ws/install/tiago_pro_head_description:/opt/erc_ws/install/tiago_pro_controller_configuration:/opt/erc_ws/install/tiago_pro_head_controller_configuration:/opt/erc_ws/install/sensors:/opt/erc_ws/install/pal_sea_arm:/opt/erc_ws/install/pal_sea_arm_bringup:/opt/erc_ws/install/pal_sea_arm_description:/opt/erc_ws/install/pal_pro_gripper_simulation:/opt/erc_ws/install/pal_pro_gripper_bringup:/opt/erc_ws/install/pal_pro_gripper:/opt/erc_ws/install/pal_pro_gripper_description:/opt/erc_ws/install/pal_gripper_simulation:/opt/erc_ws/install/pal_gripper:/opt/erc_ws/install/pal_gripper_description:/opt/erc_ws/install/omni_base_robot:/opt/erc_ws/install/omni_base_bringup:/opt/erc_ws/install/omni_base_description:/opt/erc_ws/install/pal_urdf_utils:/opt/erc_ws/install/pal_sea_arm_controller_configuration:/opt/erc_ws/install/pal_pro_gripper_controller_configuration:/opt/erc_ws/install/pal_gripper_controller_configuration:/opt/erc_ws/install/omni_base_controller_configuration:/opt/erc_ws/install/gz_ros2_control:/opt/erc_ws/install/erc_solution:/opt/erc_ws/install/erc_description:/opt/ros/humble CMAKE_PREFIX_PATH=/opt/erc_ws/install/tiago_pro_description:/opt/erc_ws/install/tiago_pro_bringup:/opt/erc_ws/install/tiago_pro_head_bringup:/opt/erc_ws/install/tiago_pro_controller_configuration:/opt/erc_ws/install/pal_sea_arm_description:/opt/erc_ws/install/tiago_pro_head_description:/opt/erc_ws/install/pal_sea_arm_controller_configuration:/opt/erc_ws/install/tiago_pro_head_controller_configuration:/opt/erc_ws/install/pal_pro_gripper_description:/opt/erc_ws/install/pal_pro_gripper_controller_configuration:/opt/erc_ws/install/omni_base_description:/opt/erc_ws/install/pal_urdf_utils:/opt/erc_ws/install/omni_base_controller_configuration:/opt/erc_ws/install/tiago_pro_robot:/opt/erc_ws/install/tiago_pro_head_robot:/opt/erc_ws/install/erc_bringup:/opt/erc_ws/install/pal_sea_arm:/opt/erc_ws/install/pal_sea_arm_bringup:/opt/erc_ws/install/pal_pro_gripper_simulation:/opt/erc_ws/install/pal_pro_gripper_bringup:/opt/erc_ws/install/pal_pro_gripper:/opt/erc_ws/install/pal_gripper_simulation:/opt/erc_ws/install/pal_gripper:/opt/erc_ws/install/pal_gripper_description:/opt/erc_ws/install/omni_base_robot:/opt/erc_ws/install/omni_base_bringup:/opt/erc_ws/install/pal_gripper_controller_configuration:/opt/erc_ws/install/gz_ros2_control:/opt/erc_ws/install/erc_description:/opt/erc_ws/install/sensors:/opt/erc_ws/install/pal_pro_gripper_wrapper:/opt/erc_ws/install/launch_pal:/opt/erc_ws/install/erc_solution:/opt/ros/humble PYTHONPATH=/opt/erc_ws/build/pal_pro_gripper_wrapper:/opt/erc_ws/install/pal_pro_gripper_wrapper/lib/python3.10/site-packages:/opt/erc_ws/build/launch_pal:/opt/erc_ws/install/launch_pal/lib/python3.10/site-packages:/opt/erc_ws/install/tiago_pro_description/local/lib/python3.10/dist-packages:/opt/erc_ws/install/tiago_pro_head_description/local/lib/python3.10/dist-packages:/opt/erc_ws/build/sensors:/opt/erc_ws/install/sensors/lib/python3.10/site-packages:/opt/erc_ws/install/pal_sea_arm_description/local/lib/python3.10/dist-packages:/opt/erc_ws/install/pal_pro_gripper_description/local/lib/python3.10/dist-packages:/opt/erc_ws/install/omni_base_description/local/lib/python3.10/dist-packages:/opt/erc_ws/build/erc_solution:/opt/erc_ws/install/erc_solution/lib/python3.10/site-packages:/opt/ros/humble/lib/python3.10/site-packages:/opt/ros/humble/local/lib/python3.10/dist-packages /usr/bin/cmake --install /opt/erc_ws/build/tiago_pro_robot
[4.634s] Level 1:colcon.colcon_core.environment:create_environment_scripts_only(erc_bringup)
[4.634s] Level 1:colcon.colcon_core.environment:checking '/opt/erc_ws/install/erc_bringup' for CMake module files
[4.635s] DEBUG:colcon.colcon_core.event_handler.log_command:Invoked command in '/opt/erc_ws/build/erc_bringup' returned '0': AMENT_PREFIX_PATH=/opt/erc_ws/install/pal_pro_gripper_wrapper:/opt/erc_ws/install/launch_pal:/opt/erc_ws/install/tiago_pro_robot:/opt/erc_ws/install/tiago_pro_head_robot:/opt/erc_ws/install/tiago_pro_bringup:/opt/erc_ws/install/tiago_pro_head_bringup:/opt/erc_ws/install/erc_bringup:/opt/erc_ws/install/tiago_pro_description:/opt/erc_ws/install/tiago_pro_head_description:/opt/erc_ws/install/tiago_pro_controller_configuration:/opt/erc_ws/install/tiago_pro_head_controller_configuration:/opt/erc_ws/install/sensors:/opt/erc_ws/install/pal_sea_arm:/opt/erc_ws/install/pal_sea_arm_bringup:/opt/erc_ws/install/pal_sea_arm_description:/opt/erc_ws/install/pal_pro_gripper_simulation:/opt/erc_ws/install/pal_pro_gripper_bringup:/opt/erc_ws/install/pal_pro_gripper:/opt/erc_ws/install/pal_pro_gripper_description:/opt/erc_ws/install/pal_gripper_simulation:/opt/erc_ws/install/pal_gripper:/opt/erc_ws/install/pal_gripper_description:/opt/erc_ws/install/omni_base_robot:/opt/erc_ws/install/omni_base_bringup:/opt/erc_ws/install/omni_base_description:/opt/erc_ws/install/pal_urdf_utils:/opt/erc_ws/install/pal_sea_arm_controller_configuration:/opt/erc_ws/install/pal_pro_gripper_controller_configuration:/opt/erc_ws/install/pal_gripper_controller_configuration:/opt/erc_ws/install/omni_base_controller_configuration:/opt/erc_ws/install/gz_ros2_control:/opt/erc_ws/install/erc_solution:/opt/erc_ws/install/erc_description:/opt/ros/humble CMAKE_PREFIX_PATH=/opt/erc_ws/install/tiago_pro_description:/opt/erc_ws/install/pal_sea_arm_description:/opt/erc_ws/install/tiago_pro_head_description:/opt/erc_ws/install/pal_sea_arm_controller_configuration:/opt/erc_ws/install/tiago_pro_head_controller_configuration:/opt/erc_ws/install/pal_pro_gripper_description:/opt/erc_ws/install/pal_pro_gripper_controller_configuration:/opt/erc_ws/install/omni_base_description:/opt/erc_ws/install/pal_urdf_utils:/opt/erc_ws/install/tiago_pro_robot:/opt/erc_ws/install/tiago_pro_head_robot:/opt/erc_ws/install/tiago_pro_bringup:/opt/erc_ws/install/tiago_pro_head_bringup:/opt/erc_ws/install/erc_bringup:/opt/erc_ws/install/tiago_pro_controller_configuration:/opt/erc_ws/install/pal_sea_arm:/opt/erc_ws/install/pal_sea_arm_bringup:/opt/erc_ws/install/pal_pro_gripper_simulation:/opt/erc_ws/install/pal_pro_gripper_bringup:/opt/erc_ws/install/pal_pro_gripper:/opt/erc_ws/install/pal_gripper_simulation:/opt/erc_ws/install/pal_gripper:/opt/erc_ws/install/pal_gripper_description:/opt/erc_ws/install/omni_base_robot:/opt/erc_ws/install/omni_base_bringup:/opt/erc_ws/install/pal_gripper_controller_configuration:/opt/erc_ws/install/omni_base_controller_configuration:/opt/erc_ws/install/gz_ros2_control:/opt/erc_ws/install/erc_description:/opt/erc_ws/install/sensors:/opt/erc_ws/install/pal_pro_gripper_wrapper:/opt/erc_ws/install/launch_pal:/opt/erc_ws/install/erc_solution:/opt/ros/humble PYTHONPATH=/opt/erc_ws/build/pal_pro_gripper_wrapper:/opt/erc_ws/install/pal_pro_gripper_wrapper/lib/python3.10/site-packages:/opt/erc_ws/build/launch_pal:/opt/erc_ws/install/launch_pal/lib/python3.10/site-packages:/opt/erc_ws/install/tiago_pro_description/local/lib/python3.10/dist-packages:/opt/erc_ws/install/tiago_pro_head_description/local/lib/python3.10/dist-packages:/opt/erc_ws/build/sensors:/opt/erc_ws/install/sensors/lib/python3.10/site-packages:/opt/erc_ws/install/pal_sea_arm_description/local/lib/python3.10/dist-packages:/opt/erc_ws/install/pal_pro_gripper_description/local/lib/python3.10/dist-packages:/opt/erc_ws/install/omni_base_description/local/lib/python3.10/dist-packages:/opt/erc_ws/build/erc_solution:/opt/erc_ws/install/erc_solution/lib/python3.10/site-packages:/opt/ros/humble/lib/python3.10/site-packages:/opt/ros/humble/local/lib/python3.10/dist-packages /usr/bin/cmake --install /opt/erc_ws/build/erc_bringup
[4.635s] Level 1:colcon.colcon_core.environment:checking '/opt/erc_ws/install/erc_bringup' for CMake config files
[4.635s] Level 1:colcon.colcon_core.shell:create_environment_hook('erc_bringup', 'cmake_prefix_path')
[4.636s] INFO:colcon.colcon_core.shell:Creating environment hook '/opt/erc_ws/install/erc_bringup/share/erc_bringup/hook/cmake_prefix_path.ps1'
[4.637s] INFO:colcon.colcon_core.shell:Creating environment descriptor '/opt/erc_ws/install/erc_bringup/share/erc_bringup/hook/cmake_prefix_path.dsv'
[4.637s] INFO:colcon.colcon_core.shell:Creating environment hook '/opt/erc_ws/install/erc_bringup/share/erc_bringup/hook/cmake_prefix_path.sh'
[4.639s] Level 1:colcon.colcon_core.environment:checking '/opt/erc_ws/install/erc_bringup/lib'
[4.639s] Level 1:colcon.colcon_core.environment:checking '/opt/erc_ws/install/erc_bringup/bin'
[4.639s] Level 1:colcon.colcon_core.environment:checking '/opt/erc_ws/install/erc_bringup/lib/pkgconfig/erc_bringup.pc'
[4.640s] Level 1:colcon.colcon_core.environment:checking '/opt/erc_ws/install/erc_bringup/lib/python3.10/site-packages'
[4.640s] Level 1:colcon.colcon_core.environment:checking '/opt/erc_ws/install/erc_bringup/bin'
[4.641s] INFO:colcon.colcon_core.shell:Creating package script '/opt/erc_ws/install/erc_bringup/share/erc_bringup/package.ps1'
[4.644s] INFO:colcon.colcon_core.shell:Creating package descriptor '/opt/erc_ws/install/erc_bringup/share/erc_bringup/package.dsv'
[4.644s] INFO:colcon.colcon_core.shell:Creating package script '/opt/erc_ws/install/erc_bringup/share/erc_bringup/package.sh'
[4.645s] INFO:colcon.colcon_core.shell:Creating package script '/opt/erc_ws/install/erc_bringup/share/erc_bringup/package.bash'
[4.646s] INFO:colcon.colcon_core.shell:Creating package script '/opt/erc_ws/install/erc_bringup/share/erc_bringup/package.zsh'
[4.647s] Level 1:colcon.colcon_core.environment:create_file_with_runtime_dependencies(/opt/erc_ws/install/erc_bringup/share/colcon-core/packages/erc_bringup)
[4.648s] Level 1:colcon.colcon_core.environment:create_environment_scripts_only(erc_bringup)
[4.648s] Level 1:colcon.colcon_core.environment:checking '/opt/erc_ws/install/erc_bringup' for CMake module files
[4.649s] Level 1:colcon.colcon_core.environment:checking '/opt/erc_ws/install/erc_bringup' for CMake config files
[4.649s] Level 1:colcon.colcon_core.shell:create_environment_hook('erc_bringup', 'cmake_prefix_path')
[4.650s] INFO:colcon.colcon_core.shell:Creating environment hook '/opt/erc_ws/install/erc_bringup/share/erc_bringup/hook/cmake_prefix_path.ps1'
[4.651s] INFO:colcon.colcon_core.shell:Creating environment descriptor '/opt/erc_ws/install/erc_bringup/share/erc_bringup/hook/cmake_prefix_path.dsv'
[4.651s] INFO:colcon.colcon_core.shell:Creating environment hook '/opt/erc_ws/install/erc_bringup/share/erc_bringup/hook/cmake_prefix_path.sh'
[4.654s] Level 1:colcon.colcon_core.environment:checking '/opt/erc_ws/install/erc_bringup/lib'
[4.654s] Level 1:colcon.colcon_core.environment:checking '/opt/erc_ws/install/erc_bringup/bin'
[4.654s] Level 1:colcon.colcon_core.environment:checking '/opt/erc_ws/install/erc_bringup/lib/pkgconfig/erc_bringup.pc'
[4.655s] Level 1:colcon.colcon_core.environment:checking '/opt/erc_ws/install/erc_bringup/lib/python3.10/site-packages'
[4.655s] Level 1:colcon.colcon_core.environment:checking '/opt/erc_ws/install/erc_bringup/bin'
[4.655s] INFO:colcon.colcon_core.shell:Creating package script '/opt/erc_ws/install/erc_bringup/share/erc_bringup/package.ps1'
[4.657s] INFO:colcon.colcon_core.shell:Creating package descriptor '/opt/erc_ws/install/erc_bringup/share/erc_bringup/package.dsv'
[4.657s] INFO:colcon.colcon_core.shell:Creating package script '/opt/erc_ws/install/erc_bringup/share/erc_bringup/package.sh'
[4.658s] INFO:colcon.colcon_core.shell:Creating package script '/opt/erc_ws/install/erc_bringup/share/erc_bringup/package.bash'
[4.659s] INFO:colcon.colcon_core.shell:Creating package script '/opt/erc_ws/install/erc_bringup/share/erc_bringup/package.zsh'
[4.659s] Level 1:colcon.colcon_core.environment:create_file_with_runtime_dependencies(/opt/erc_ws/install/erc_bringup/share/colcon-core/packages/erc_bringup)
[4.662s] Level 1:colcon.colcon_core.environment:create_environment_scripts_only(tiago_pro_robot)
[4.662s] Level 1:colcon.colcon_core.environment:checking '/opt/erc_ws/install/tiago_pro_robot' for CMake module files
[4.663s] Level 1:colcon.colcon_core.environment:checking '/opt/erc_ws/install/tiago_pro_robot' for CMake config files
[4.663s] Level 1:colcon.colcon_core.shell:create_environment_hook('tiago_pro_robot', 'cmake_prefix_path')
[4.664s] INFO:colcon.colcon_core.shell:Creating environment hook '/opt/erc_ws/install/tiago_pro_robot/share/tiago_pro_robot/hook/cmake_prefix_path.ps1'
[4.664s] INFO:colcon.colcon_core.shell:Creating environment descriptor '/opt/erc_ws/install/tiago_pro_robot/share/tiago_pro_robot/hook/cmake_prefix_path.dsv'
[4.664s] INFO:colcon.colcon_core.shell:Creating environment hook '/opt/erc_ws/install/tiago_pro_robot/share/tiago_pro_robot/hook/cmake_prefix_path.sh'
[4.662s] DEBUG:colcon.colcon_core.event_handler.log_command:Invoked command in '/opt/erc_ws/build/tiago_pro_robot' returned '0': AMENT_PREFIX_PATH=/opt/erc_ws/install/pal_pro_gripper_wrapper:/opt/erc_ws/install/launch_pal:/opt/erc_ws/install/tiago_pro_robot:/opt/erc_ws/install/tiago_pro_head_robot:/opt/erc_ws/install/tiago_pro_bringup:/opt/erc_ws/install/tiago_pro_head_bringup:/opt/erc_ws/install/erc_bringup:/opt/erc_ws/install/tiago_pro_description:/opt/erc_ws/install/tiago_pro_head_description:/opt/erc_ws/install/tiago_pro_controller_configuration:/opt/erc_ws/install/tiago_pro_head_controller_configuration:/opt/erc_ws/install/sensors:/opt/erc_ws/install/pal_sea_arm:/opt/erc_ws/install/pal_sea_arm_bringup:/opt/erc_ws/install/pal_sea_arm_description:/opt/erc_ws/install/pal_pro_gripper_simulation:/opt/erc_ws/install/pal_pro_gripper_bringup:/opt/erc_ws/install/pal_pro_gripper:/opt/erc_ws/install/pal_pro_gripper_description:/opt/erc_ws/install/pal_gripper_simulation:/opt/erc_ws/install/pal_gripper:/opt/erc_ws/install/pal_gripper_description:/opt/erc_ws/install/omni_base_robot:/opt/erc_ws/install/omni_base_bringup:/opt/erc_ws/install/omni_base_description:/opt/erc_ws/install/pal_urdf_utils:/opt/erc_ws/install/pal_sea_arm_controller_configuration:/opt/erc_ws/install/pal_pro_gripper_controller_configuration:/opt/erc_ws/install/pal_gripper_controller_configuration:/opt/erc_ws/install/omni_base_controller_configuration:/opt/erc_ws/install/gz_ros2_control:/opt/erc_ws/install/erc_solution:/opt/erc_ws/install/erc_description:/opt/ros/humble CMAKE_PREFIX_PATH=/opt/erc_ws/install/tiago_pro_description:/opt/erc_ws/install/tiago_pro_bringup:/opt/erc_ws/install/tiago_pro_head_bringup:/opt/erc_ws/install/tiago_pro_controller_configuration:/opt/erc_ws/install/pal_sea_arm_description:/opt/erc_ws/install/tiago_pro_head_description:/opt/erc_ws/install/pal_sea_arm_controller_configuration:/opt/erc_ws/install/tiago_pro_head_controller_configuration:/opt/erc_ws/install/pal_pro_gripper_description:/opt/erc_ws/install/pal_pro_gripper_controller_configuration:/opt/erc_ws/install/omni_base_description:/opt/erc_ws/install/pal_urdf_utils:/opt/erc_ws/install/omni_base_controller_configuration:/opt/erc_ws/install/tiago_pro_robot:/opt/erc_ws/install/tiago_pro_head_robot:/opt/erc_ws/install/erc_bringup:/opt/erc_ws/install/pal_sea_arm:/opt/erc_ws/install/pal_sea_arm_bringup:/opt/erc_ws/install/pal_pro_gripper_simulation:/opt/erc_ws/install/pal_pro_gripper_bringup:/opt/erc_ws/install/pal_pro_gripper:/opt/erc_ws/install/pal_gripper_simulation:/opt/erc_ws/install/pal_gripper:/opt/erc_ws/install/pal_gripper_description:/opt/erc_ws/install/omni_base_robot:/opt/erc_ws/install/omni_base_bringup:/opt/erc_ws/install/pal_gripper_controller_configuration:/opt/erc_ws/install/gz_ros2_control:/opt/erc_ws/install/erc_description:/opt/erc_ws/install/sensors:/opt/erc_ws/install/pal_pro_gripper_wrapper:/opt/erc_ws/install/launch_pal:/opt/erc_ws/install/erc_solution:/opt/ros/humble PYTHONPATH=/opt/erc_ws/build/pal_pro_gripper_wrapper:/opt/erc_ws/install/pal_pro_gripper_wrapper/lib/python3.10/site-packages:/opt/erc_ws/build/launch_pal:/opt/erc_ws/install/launch_pal/lib/python3.10/site-packages:/opt/erc_ws/install/tiago_pro_description/local/lib/python3.10/dist-packages:/opt/erc_ws/install/tiago_pro_head_description/local/lib/python3.10/dist-packages:/opt/erc_ws/build/sensors:/opt/erc_ws/install/sensors/lib/python3.10/site-packages:/opt/erc_ws/install/pal_sea_arm_description/local/lib/python3.10/dist-packages:/opt/erc_ws/install/pal_pro_gripper_description/local/lib/python3.10/dist-packages:/opt/erc_ws/install/omni_base_description/local/lib/python3.10/dist-packages:/opt/erc_ws/build/erc_solution:/opt/erc_ws/install/erc_solution/lib/python3.10/site-packages:/opt/ros/humble/lib/python3.10/site-packages:/opt/ros/humble/local/lib/python3.10/dist-packages /usr/bin/cmake --install /opt/erc_ws/build/tiago_pro_robot
[4.665s] Level 1:colcon.colcon_core.environment:checking '/opt/erc_ws/install/tiago_pro_robot/bin'
[4.665s] Level 1:colcon.colcon_core.environment:checking '/opt/erc_ws/install/tiago_pro_robot/lib/pkgconfig/tiago_pro_robot.pc'
[4.666s] Level 1:colcon.colcon_core.environment:checking '/opt/erc_ws/install/tiago_pro_robot/lib/python3.10/site-packages'
[4.666s] Level 1:colcon.colcon_core.environment:checking '/opt/erc_ws/install/tiago_pro_robot/bin'
[4.667s] INFO:colcon.colcon_core.shell:Creating package script '/opt/erc_ws/install/tiago_pro_robot/share/tiago_pro_robot/package.ps1'
[4.667s] INFO:colcon.colcon_core.shell:Creating package descriptor '/opt/erc_ws/install/tiago_pro_robot/share/tiago_pro_robot/package.dsv'
[4.668s] INFO:colcon.colcon_core.shell:Creating package script '/opt/erc_ws/install/tiago_pro_robot/share/tiago_pro_robot/package.sh'
[4.668s] INFO:colcon.colcon_core.shell:Creating package script '/opt/erc_ws/install/tiago_pro_robot/share/tiago_pro_robot/package.bash'
[4.668s] INFO:colcon.colcon_core.shell:Creating package script '/opt/erc_ws/install/tiago_pro_robot/share/tiago_pro_robot/package.zsh'
[4.669s] Level 1:colcon.colcon_core.environment:create_file_with_runtime_dependencies(/opt/erc_ws/install/tiago_pro_robot/share/colcon-core/packages/tiago_pro_robot)
[4.669s] Level 1:colcon.colcon_core.environment:create_environment_scripts_only(tiago_pro_robot)
[4.670s] Level 1:colcon.colcon_core.environment:checking '/opt/erc_ws/install/tiago_pro_robot' for CMake module files
[4.671s] Level 1:colcon.colcon_core.environment:checking '/opt/erc_ws/install/tiago_pro_robot' for CMake config files
[4.671s] Level 1:colcon.colcon_core.shell:create_environment_hook('tiago_pro_robot', 'cmake_prefix_path')
[4.671s] INFO:colcon.colcon_core.shell:Creating environment hook '/opt/erc_ws/install/tiago_pro_robot/share/tiago_pro_robot/hook/cmake_prefix_path.ps1'
[4.672s] INFO:colcon.colcon_core.shell:Creating environment descriptor '/opt/erc_ws/install/tiago_pro_robot/share/tiago_pro_robot/hook/cmake_prefix_path.dsv'
[4.672s] INFO:colcon.colcon_core.shell:Creating environment hook '/opt/erc_ws/install/tiago_pro_robot/share/tiago_pro_robot/hook/cmake_prefix_path.sh'
[4.673s] Level 1:colcon.colcon_core.environment:checking '/opt/erc_ws/install/tiago_pro_robot/bin'
[4.673s] Level 1:colcon.colcon_core.environment:checking '/opt/erc_ws/install/tiago_pro_robot/lib/pkgconfig/tiago_pro_robot.pc'
[4.673s] Level 1:colcon.colcon_core.environment:checking '/opt/erc_ws/install/tiago_pro_robot/lib/python3.10/site-packages'
[4.673s] Level 1:colcon.colcon_core.environment:checking '/opt/erc_ws/install/tiago_pro_robot/bin'
[4.674s] INFO:colcon.colcon_core.shell:Creating package script '/opt/erc_ws/install/tiago_pro_robot/share/tiago_pro_robot/package.ps1'
[4.674s] INFO:colcon.colcon_core.shell:Creating package descriptor '/opt/erc_ws/install/tiago_pro_robot/share/tiago_pro_robot/package.dsv'
[4.675s] INFO:colcon.colcon_core.shell:Creating package script '/opt/erc_ws/install/tiago_pro_robot/share/tiago_pro_robot/package.sh'
[4.675s] INFO:colcon.colcon_core.shell:Creating package script '/opt/erc_ws/install/tiago_pro_robot/share/tiago_pro_robot/package.bash'
[4.676s] INFO:colcon.colcon_core.shell:Creating package script '/opt/erc_ws/install/tiago_pro_robot/share/tiago_pro_robot/package.zsh'
[4.676s] Level 1:colcon.colcon_core.environment:create_file_with_runtime_dependencies(/opt/erc_ws/install/tiago_pro_robot/share/colcon-core/packages/tiago_pro_robot)
[4.676s] DEBUG:colcon.colcon_parallel_executor.executor.parallel:closing loop
[4.677s] DEBUG:colcon.colcon_parallel_executor.executor.parallel:loop closed
[4.677s] DEBUG:colcon.colcon_parallel_executor.executor.parallel:run_until_complete finished with '0'
[4.677s] DEBUG:colcon.colcon_core.event_reactor:joining thread
[4.684s] INFO:colcon.colcon_core.plugin_system:Skipping extension 'colcon_notification.desktop_notification.notify_send': Could not find 'notify-send'
[4.684s] INFO:colcon.colcon_core.plugin_system:Skipping extension 'colcon_notification.desktop_notification.terminal_notifier': Not used on non-Darwin systems
[4.685s] INFO:colcon.colcon_core.plugin_system:Skipping extension 'colcon_notification.desktop_notification.win32': Not used on non-Windows systems
[4.685s] INFO:colcon.colcon_notification.desktop_notification:Sending desktop notification using 'notify2'
[4.689s] DEBUG:colcon.colcon_notification.desktop_notification.notify2:Failed to initialize notify2: org.freedesktop.DBus.Error.Spawn.ExecFailed: /usr/bin/dbus-launch terminated abnormally without any error message
[4.689s] DEBUG:colcon.colcon_core.event_reactor:joined thread
[4.691s] INFO:colcon.colcon_core.shell:Creating prefix script '/opt/erc_ws/install/local_setup.ps1'
[4.693s] INFO:colcon.colcon_core.shell:Creating prefix util module '/opt/erc_ws/install/_local_setup_util_ps1.py'
[4.695s] INFO:colcon.colcon_core.shell:Creating prefix chain script '/opt/erc_ws/install/setup.ps1'
[4.698s] INFO:colcon.colcon_core.shell:Creating prefix script '/opt/erc_ws/install/local_setup.sh'
[4.699s] INFO:colcon.colcon_core.shell:Creating prefix util module '/opt/erc_ws/install/_local_setup_util_sh.py'
[4.699s] INFO:colcon.colcon_core.shell:Creating prefix chain script '/opt/erc_ws/install/setup.sh'
[4.702s] INFO:colcon.colcon_core.shell:Creating prefix script '/opt/erc_ws/install/local_setup.bash'
[4.702s] INFO:colcon.colcon_core.shell:Creating prefix chain script '/opt/erc_ws/install/setup.bash'
[4.704s] INFO:colcon.colcon_core.shell:Creating prefix script '/opt/erc_ws/install/local_setup.zsh'
[4.706s] INFO:colcon.colcon_core.shell:Creating prefix chain script '/opt/erc_ws/install/setup.zsh'
