[0.133s] DEBUG:colcon:Command line arguments: ['/usr/bin/colcon', 'build', '--symlink-install']
[0.133s] DEBUG:colcon:Parsed command line arguments: Namespace(log_base=None, log_level=None, verb_name='build', build_base='build', install_base='install', merge_install=False, symlink_install=True, test_result_base=None, continue_on_error=False, executor='parallel', parallel_workers=16, event_handlers=None, ignore_user_meta=False, metas=['./colcon.meta'], base_paths=['.'], packages_ignore=None, packages_ignore_regex=None, paths=None, packages_up_to=None, packages_up_to_regex=None, packages_above=None, packages_above_and_dependencies=None, packages_above_depth=None, packages_select_by_dep=None, packages_skip_by_dep=None, packages_skip_up_to=None, packages_select_build_failed=False, packages_skip_build_finished=False, packages_select_test_failures=False, packages_skip_test_passed=False, packages_select=None, packages_skip=None, packages_select_regex=None, packages_skip_regex=None, packages_start=None, packages_end=None, cmake_args=None, cmake_target=None, cmake_target_skip_unavailable=False, cmake_clean_cache=False, cmake_clean_first=False, cmake_force_configure=False, ament_cmake_args=None, catkin_cmake_args=None, catkin_skip_building_tests=False, mixin_files=None, mixin=None, verb_parser=<colcon_mixin.mixin.mixin_argument.MixinArgumentDecorator object at 0x75e58d902d40>, verb_extension=<colcon_core.verb.build.BuildVerb object at 0x75e58da0ffa0>, main=<bound method BuildVerb.main of <colcon_core.verb.build.BuildVerb object at 0x75e58da0ffa0>>, mixin_verb=('build',))
[0.276s] Level 1:colcon.colcon_core.package_discovery:discover_packages(colcon_meta) check parameters
[0.277s] INFO:colcon.colcon_metadata.package_discovery.colcon_meta:Using configuration from '/root/.colcon/metadata/default/Gazebo.meta'
[0.277s] INFO:colcon.colcon_metadata.package_discovery.colcon_meta:Using configuration from '/root/.colcon/metadata/default/fastdds.meta'
[0.278s] INFO:colcon.colcon_metadata.package_discovery.colcon_meta:Using configuration from '/root/.colcon/metadata/default/fastrtps.meta'
[0.278s] Level 1:colcon.colcon_core.package_discovery:discover_packages(recursive) check parameters
[0.278s] Level 1:colcon.colcon_core.package_discovery:discover_packages(ignore) check parameters
[0.278s] Level 1:colcon.colcon_core.package_discovery:discover_packages(path) check parameters
[0.278s] Level 1:colcon.colcon_core.package_discovery:discover_packages(colcon_meta) discover
[0.278s] Level 1:colcon.colcon_core.package_discovery:discover_packages(recursive) discover
[0.278s] INFO:colcon.colcon_core.package_discovery:Crawling recursively for packages in '/opt/erc_ws'
[0.278s] Level 1:colcon.colcon_core.package_identification:_identify(.) by extensions ['ignore', 'ignore_ament_install']
[0.278s] Level 1:colcon.colcon_core.package_identification:_identify(.) by extension 'ignore'
[0.279s] Level 1:colcon.colcon_core.package_identification:_identify(.) by extension 'ignore_ament_install'
[0.279s] Level 1:colcon.colcon_core.package_identification:_identify(.) by extensions ['colcon_pkg']
[0.279s] Level 1:colcon.colcon_core.package_identification:_identify(.) by extension 'colcon_pkg'
[0.279s] Level 1:colcon.colcon_core.package_identification:_identify(.) by extensions ['colcon_meta']
[0.279s] Level 1:colcon.colcon_core.package_identification:_identify(.) by extension 'colcon_meta'
[0.279s] Level 1:colcon.colcon_core.package_identification:_identify(.) by extensions ['ros']
[0.279s] Level 1:colcon.colcon_core.package_identification:_identify(.) by extension 'ros'
[0.291s] Level 1:colcon.colcon_core.package_identification:_identify(.) by extensions ['cmake', 'python']
[0.291s] Level 1:colcon.colcon_core.package_identification:_identify(.) by extension 'cmake'
[0.291s] Level 1:colcon.colcon_core.package_identification:_identify(.) by extension 'python'
[0.291s] Level 1:colcon.colcon_core.package_identification:_identify(.) by extensions ['python_setup_py']
[0.291s] Level 1:colcon.colcon_core.package_identification:_identify(.) by extension 'python_setup_py'
[0.291s] Level 1:colcon.colcon_core.package_identification:_identify(build) by extensions ['ignore', 'ignore_ament_install']
[0.291s] Level 1:colcon.colcon_core.package_identification:_identify(build) by extension 'ignore'
[0.291s] Level 1:colcon.colcon_core.package_identification:_identify(build) ignored
[0.294s] Level 1:colcon.colcon_core.package_identification:_identify(erc_images) by extensions ['ignore', 'ignore_ament_install']
[0.294s] Level 1:colcon.colcon_core.package_identification:_identify(erc_images) by extension 'ignore'
[0.294s] Level 1:colcon.colcon_core.package_identification:_identify(erc_images) by extension 'ignore_ament_install'
[0.294s] Level 1:colcon.colcon_core.package_identification:_identify(erc_images) by extensions ['colcon_pkg']
[0.294s] Level 1:colcon.colcon_core.package_identification:_identify(erc_images) by extension 'colcon_pkg'
[0.294s] Level 1:colcon.colcon_core.package_identification:_identify(erc_images) by extensions ['colcon_meta']
[0.294s] Level 1:colcon.colcon_core.package_identification:_identify(erc_images) by extension 'colcon_meta'
[0.294s] Level 1:colcon.colcon_core.package_identification:_identify(erc_images) by extensions ['ros']
[0.294s] Level 1:colcon.colcon_core.package_identification:_identify(erc_images) by extension 'ros'
[0.294s] Level 1:colcon.colcon_core.package_identification:_identify(erc_images) by extensions ['cmake', 'python']
[0.294s] Level 1:colcon.colcon_core.package_identification:_identify(erc_images) by extension 'cmake'
[0.294s] Level 1:colcon.colcon_core.package_identification:_identify(erc_images) by extension 'python'
[0.294s] Level 1:colcon.colcon_core.package_identification:_identify(erc_images) by extensions ['python_setup_py']
[0.294s] Level 1:colcon.colcon_core.package_identification:_identify(erc_images) by extension 'python_setup_py'
[0.295s] Level 1:colcon.colcon_core.package_identification:_identify(install) by extensions ['ignore', 'ignore_ament_install']
[0.295s] Level 1:colcon.colcon_core.package_identification:_identify(install) by extension 'ignore'
[0.295s] Level 1:colcon.colcon_core.package_identification:_identify(install) ignored
[0.295s] Level 1:colcon.colcon_core.package_identification:_identify(log) by extensions ['ignore', 'ignore_ament_install']
[0.295s] Level 1:colcon.colcon_core.package_identification:_identify(log) by extension 'ignore'
[0.295s] Level 1:colcon.colcon_core.package_identification:_identify(log) ignored
[0.295s] Level 1:colcon.colcon_core.package_identification:_identify(src) by extensions ['ignore', 'ignore_ament_install']
[0.295s] Level 1:colcon.colcon_core.package_identification:_identify(src) by extension 'ignore'
[0.295s] Level 1:colcon.colcon_core.package_identification:_identify(src) by extension 'ignore_ament_install'
[0.295s] Level 1:colcon.colcon_core.package_identification:_identify(src) by extensions ['colcon_pkg']
[0.295s] Level 1:colcon.colcon_core.package_identification:_identify(src) by extension 'colcon_pkg'
[0.295s] Level 1:colcon.colcon_core.package_identification:_identify(src) by extensions ['colcon_meta']
[0.295s] Level 1:colcon.colcon_core.package_identification:_identify(src) by extension 'colcon_meta'
[0.295s] Level 1:colcon.colcon_core.package_identification:_identify(src) by extensions ['ros']
[0.295s] Level 1:colcon.colcon_core.package_identification:_identify(src) by extension 'ros'
[0.295s] Level 1:colcon.colcon_core.package_identification:_identify(src) by extensions ['cmake', 'python']
[0.295s] Level 1:colcon.colcon_core.package_identification:_identify(src) by extension 'cmake'
[0.295s] Level 1:colcon.colcon_core.package_identification:_identify(src) by extension 'python'
[0.295s] Level 1:colcon.colcon_core.package_identification:_identify(src) by extensions ['python_setup_py']
[0.295s] Level 1:colcon.colcon_core.package_identification:_identify(src) by extension 'python_setup_py'
[0.296s] Level 1:colcon.colcon_core.package_identification:_identify(src/erc_bringup) by extensions ['ignore', 'ignore_ament_install']
[0.296s] Level 1:colcon.colcon_core.package_identification:_identify(src/erc_bringup) by extension 'ignore'
[0.296s] Level 1:colcon.colcon_core.package_identification:_identify(src/erc_bringup) by extension 'ignore_ament_install'
[0.296s] Level 1:colcon.colcon_core.package_identification:_identify(src/erc_bringup) by extensions ['colcon_pkg']
[0.296s] Level 1:colcon.colcon_core.package_identification:_identify(src/erc_bringup) by extension 'colcon_pkg'
[0.296s] Level 1:colcon.colcon_core.package_identification:_identify(src/erc_bringup) by extensions ['colcon_meta']
[0.296s] Level 1:colcon.colcon_core.package_identification:_identify(src/erc_bringup) by extension 'colcon_meta'
[0.296s] Level 1:colcon.colcon_core.package_identification:_identify(src/erc_bringup) by extensions ['ros']
[0.296s] Level 1:colcon.colcon_core.package_identification:_identify(src/erc_bringup) by extension 'ros'
[0.298s] DEBUG:colcon.colcon_core.package_identification:Package 'src/erc_bringup' with type 'ros.ament_cmake' and name 'erc_bringup'
[0.298s] Level 1:colcon.colcon_core.package_identification:_identify(src/erc_description) by extensions ['ignore', 'ignore_ament_install']
[0.299s] Level 1:colcon.colcon_core.package_identification:_identify(src/erc_description) by extension 'ignore'
[0.299s] Level 1:colcon.colcon_core.package_identification:_identify(src/erc_description) by extension 'ignore_ament_install'
[0.299s] Level 1:colcon.colcon_core.package_identification:_identify(src/erc_description) by extensions ['colcon_pkg']
[0.299s] Level 1:colcon.colcon_core.package_identification:_identify(src/erc_description) by extension 'colcon_pkg'
[0.299s] Level 1:colcon.colcon_core.package_identification:_identify(src/erc_description) by extensions ['colcon_meta']
[0.299s] Level 1:colcon.colcon_core.package_identification:_identify(src/erc_description) by extension 'colcon_meta'
[0.299s] Level 1:colcon.colcon_core.package_identification:_identify(src/erc_description) by extensions ['ros']
[0.299s] Level 1:colcon.colcon_core.package_identification:_identify(src/erc_description) by extension 'ros'
[0.299s] DEBUG:colcon.colcon_core.package_identification:Package 'src/erc_description' with type 'ros.ament_cmake' and name 'erc_description'
[0.299s] Level 1:colcon.colcon_core.package_identification:_identify(src/erc_solution) by extensions ['ignore', 'ignore_ament_install']
[0.299s] Level 1:colcon.colcon_core.package_identification:_identify(src/erc_solution) by extension 'ignore'
[0.299s] Level 1:colcon.colcon_core.package_identification:_identify(src/erc_solution) by extension 'ignore_ament_install'
[0.299s] Level 1:colcon.colcon_core.package_identification:_identify(src/erc_solution) by extensions ['colcon_pkg']
[0.299s] Level 1:colcon.colcon_core.package_identification:_identify(src/erc_solution) by extension 'colcon_pkg'
[0.299s] Level 1:colcon.colcon_core.package_identification:_identify(src/erc_solution) by extensions ['colcon_meta']
[0.299s] Level 1:colcon.colcon_core.package_identification:_identify(src/erc_solution) by extension 'colcon_meta'
[0.299s] Level 1:colcon.colcon_core.package_identification:_identify(src/erc_solution) by extensions ['ros']
[0.299s] Level 1:colcon.colcon_core.package_identification:_identify(src/erc_solution) by extension 'ros'
[0.300s] DEBUG:colcon.colcon_core.package_identification:Package 'src/erc_solution' with type 'ros.ament_python' and name 'erc_solution'
[0.300s] Level 1:colcon.colcon_core.package_identification:_identify(src/gz_ros2_control) by extensions ['ignore', 'ignore_ament_install']
[0.300s] Level 1:colcon.colcon_core.package_identification:_identify(src/gz_ros2_control) by extension 'ignore'
[0.300s] Level 1:colcon.colcon_core.package_identification:_identify(src/gz_ros2_control) by extension 'ignore_ament_install'
[0.300s] Level 1:colcon.colcon_core.package_identification:_identify(src/gz_ros2_control) by extensions ['colcon_pkg']
[0.300s] Level 1:colcon.colcon_core.package_identification:_identify(src/gz_ros2_control) by extension 'colcon_pkg'
[0.300s] Level 1:colcon.colcon_core.package_identification:_identify(src/gz_ros2_control) by extensions ['colcon_meta']
[0.300s] Level 1:colcon.colcon_core.package_identification:_identify(src/gz_ros2_control) by extension 'colcon_meta'
[0.301s] Level 1:colcon.colcon_core.package_identification:_identify(src/gz_ros2_control) by extensions ['ros']
[0.301s] Level 1:colcon.colcon_core.package_identification:_identify(src/gz_ros2_control) by extension 'ros'
[0.301s] Level 1:colcon.colcon_core.package_identification:_identify(src/gz_ros2_control) by extensions ['cmake', 'python']
[0.301s] Level 1:colcon.colcon_core.package_identification:_identify(src/gz_ros2_control) by extension 'cmake'
[0.301s] Level 1:colcon.colcon_core.package_identification:_identify(src/gz_ros2_control) by extension 'python'
[0.301s] Level 1:colcon.colcon_core.package_identification:_identify(src/gz_ros2_control) by extensions ['python_setup_py']
[0.301s] Level 1:colcon.colcon_core.package_identification:_identify(src/gz_ros2_control) by extension 'python_setup_py'
[0.301s] Level 1:colcon.colcon_core.package_identification:_identify(src/gz_ros2_control/Dockerfile) by extensions ['ignore', 'ignore_ament_install']
[0.301s] Level 1:colcon.colcon_core.package_identification:_identify(src/gz_ros2_control/Dockerfile) by extension 'ignore'
[0.301s] Level 1:colcon.colcon_core.package_identification:_identify(src/gz_ros2_control/Dockerfile) by extension 'ignore_ament_install'
[0.301s] Level 1:colcon.colcon_core.package_identification:_identify(src/gz_ros2_control/Dockerfile) by extensions ['colcon_pkg']
[0.301s] Level 1:colcon.colcon_core.package_identification:_identify(src/gz_ros2_control/Dockerfile) by extension 'colcon_pkg'
[0.301s] Level 1:colcon.colcon_core.package_identification:_identify(src/gz_ros2_control/Dockerfile) by extensions ['colcon_meta']
[0.301s] Level 1:colcon.colcon_core.package_identification:_identify(src/gz_ros2_control/Dockerfile) by extension 'colcon_meta'
[0.301s] Level 1:colcon.colcon_core.package_identification:_identify(src/gz_ros2_control/Dockerfile) by extensions ['ros']
[0.301s] Level 1:colcon.colcon_core.package_identification:_identify(src/gz_ros2_control/Dockerfile) by extension 'ros'
[0.301s] Level 1:colcon.colcon_core.package_identification:_identify(src/gz_ros2_control/Dockerfile) by extensions ['cmake', 'python']
[0.301s] Level 1:colcon.colcon_core.package_identification:_identify(src/gz_ros2_control/Dockerfile) by extension 'cmake'
[0.301s] Level 1:colcon.colcon_core.package_identification:_identify(src/gz_ros2_control/Dockerfile) by extension 'python'
[0.301s] Level 1:colcon.colcon_core.package_identification:_identify(src/gz_ros2_control/Dockerfile) by extensions ['python_setup_py']
[0.301s] Level 1:colcon.colcon_core.package_identification:_identify(src/gz_ros2_control/Dockerfile) by extension 'python_setup_py'
[0.301s] Level 1:colcon.colcon_core.package_identification:_identify(src/gz_ros2_control/doc) by extensions ['ignore', 'ignore_ament_install']
[0.302s] Level 1:colcon.colcon_core.package_identification:_identify(src/gz_ros2_control/doc) by extension 'ignore'
[0.302s] Level 1:colcon.colcon_core.package_identification:_identify(src/gz_ros2_control/doc) by extension 'ignore_ament_install'
[0.302s] Level 1:colcon.colcon_core.package_identification:_identify(src/gz_ros2_control/doc) by extensions ['colcon_pkg']
[0.302s] Level 1:colcon.colcon_core.package_identification:_identify(src/gz_ros2_control/doc) by extension 'colcon_pkg'
[0.302s] Level 1:colcon.colcon_core.package_identification:_identify(src/gz_ros2_control/doc) by extensions ['colcon_meta']
[0.302s] Level 1:colcon.colcon_core.package_identification:_identify(src/gz_ros2_control/doc) by extension 'colcon_meta'
[0.302s] Level 1:colcon.colcon_core.package_identification:_identify(src/gz_ros2_control/doc) by extensions ['ros']
[0.302s] Level 1:colcon.colcon_core.package_identification:_identify(src/gz_ros2_control/doc) by extension 'ros'
[0.302s] Level 1:colcon.colcon_core.package_identification:_identify(src/gz_ros2_control/doc) by extensions ['cmake', 'python']
[0.302s] Level 1:colcon.colcon_core.package_identification:_identify(src/gz_ros2_control/doc) by extension 'cmake'
[0.302s] Level 1:colcon.colcon_core.package_identification:_identify(src/gz_ros2_control/doc) by extension 'python'
[0.302s] Level 1:colcon.colcon_core.package_identification:_identify(src/gz_ros2_control/doc) by extensions ['python_setup_py']
[0.302s] Level 1:colcon.colcon_core.package_identification:_identify(src/gz_ros2_control/doc) by extension 'python_setup_py'
[0.302s] Level 1:colcon.colcon_core.package_identification:_identify(src/gz_ros2_control/doc/img) by extensions ['ignore', 'ignore_ament_install']
[0.302s] Level 1:colcon.colcon_core.package_identification:_identify(src/gz_ros2_control/doc/img) by extension 'ignore'
[0.302s] Level 1:colcon.colcon_core.package_identification:_identify(src/gz_ros2_control/doc/img) by extension 'ignore_ament_install'
[0.302s] Level 1:colcon.colcon_core.package_identification:_identify(src/gz_ros2_control/doc/img) by extensions ['colcon_pkg']
[0.302s] Level 1:colcon.colcon_core.package_identification:_identify(src/gz_ros2_control/doc/img) by extension 'colcon_pkg'
[0.302s] Level 1:colcon.colcon_core.package_identification:_identify(src/gz_ros2_control/doc/img) by extensions ['colcon_meta']
[0.302s] Level 1:colcon.colcon_core.package_identification:_identify(src/gz_ros2_control/doc/img) by extension 'colcon_meta'
[0.302s] Level 1:colcon.colcon_core.package_identification:_identify(src/gz_ros2_control/doc/img) by extensions ['ros']
[0.302s] Level 1:colcon.colcon_core.package_identification:_identify(src/gz_ros2_control/doc/img) by extension 'ros'
[0.302s] Level 1:colcon.colcon_core.package_identification:_identify(src/gz_ros2_control/doc/img) by extensions ['cmake', 'python']
[0.302s] Level 1:colcon.colcon_core.package_identification:_identify(src/gz_ros2_control/doc/img) by extension 'cmake'
[0.302s] Level 1:colcon.colcon_core.package_identification:_identify(src/gz_ros2_control/doc/img) by extension 'python'
[0.302s] Level 1:colcon.colcon_core.package_identification:_identify(src/gz_ros2_control/doc/img) by extensions ['python_setup_py']
[0.302s] Level 1:colcon.colcon_core.package_identification:_identify(src/gz_ros2_control/doc/img) by extension 'python_setup_py'
[0.302s] Level 1:colcon.colcon_core.package_identification:_identify(src/gz_ros2_control/gz_ros2_control) by extensions ['ignore', 'ignore_ament_install']
[0.302s] Level 1:colcon.colcon_core.package_identification:_identify(src/gz_ros2_control/gz_ros2_control) by extension 'ignore'
[0.302s] Level 1:colcon.colcon_core.package_identification:_identify(src/gz_ros2_control/gz_ros2_control) by extension 'ignore_ament_install'
[0.303s] Level 1:colcon.colcon_core.package_identification:_identify(src/gz_ros2_control/gz_ros2_control) by extensions ['colcon_pkg']
[0.303s] Level 1:colcon.colcon_core.package_identification:_identify(src/gz_ros2_control/gz_ros2_control) by extension 'colcon_pkg'
[0.303s] Level 1:colcon.colcon_core.package_identification:_identify(src/gz_ros2_control/gz_ros2_control) by extensions ['colcon_meta']
[0.303s] Level 1:colcon.colcon_core.package_identification:_identify(src/gz_ros2_control/gz_ros2_control) by extension 'colcon_meta'
[0.303s] Level 1:colcon.colcon_core.package_identification:_identify(src/gz_ros2_control/gz_ros2_control) by extensions ['ros']
[0.303s] Level 1:colcon.colcon_core.package_identification:_identify(src/gz_ros2_control/gz_ros2_control) by extension 'ros'
[0.310s] DEBUG:colcon.colcon_core.package_identification:Package 'src/gz_ros2_control/gz_ros2_control' with type 'ros.ament_cmake' and name 'gz_ros2_control'
[0.310s] Level 1:colcon.colcon_core.package_identification:_identify(src/launch_pal) by extensions ['ignore', 'ignore_ament_install']
[0.310s] Level 1:colcon.colcon_core.package_identification:_identify(src/launch_pal) by extension 'ignore'
[0.311s] Level 1:colcon.colcon_core.package_identification:_identify(src/launch_pal) by extension 'ignore_ament_install'
[0.311s] Level 1:colcon.colcon_core.package_identification:_identify(src/launch_pal) by extensions ['colcon_pkg']
[0.311s] Level 1:colcon.colcon_core.package_identification:_identify(src/launch_pal) by extension 'colcon_pkg'
[0.311s] Level 1:colcon.colcon_core.package_identification:_identify(src/launch_pal) by extensions ['colcon_meta']
[0.311s] Level 1:colcon.colcon_core.package_identification:_identify(src/launch_pal) by extension 'colcon_meta'
[0.311s] Level 1:colcon.colcon_core.package_identification:_identify(src/launch_pal) by extensions ['ros']
[0.311s] Level 1:colcon.colcon_core.package_identification:_identify(src/launch_pal) by extension 'ros'
[0.312s] DEBUG:colcon.colcon_core.package_identification:Package 'src/launch_pal' with type 'ros.ament_python' and name 'launch_pal'
[0.312s] Level 1:colcon.colcon_core.package_identification:_identify(src/omni_base_robot) by extensions ['ignore', 'ignore_ament_install']
[0.312s] Level 1:colcon.colcon_core.package_identification:_identify(src/omni_base_robot) by extension 'ignore'
[0.312s] Level 1:colcon.colcon_core.package_identification:_identify(src/omni_base_robot) by extension 'ignore_ament_install'
[0.312s] Level 1:colcon.colcon_core.package_identification:_identify(src/omni_base_robot) by extensions ['colcon_pkg']
[0.312s] Level 1:colcon.colcon_core.package_identification:_identify(src/omni_base_robot) by extension 'colcon_pkg'
[0.312s] Level 1:colcon.colcon_core.package_identification:_identify(src/omni_base_robot) by extensions ['colcon_meta']
[0.312s] Level 1:colcon.colcon_core.package_identification:_identify(src/omni_base_robot) by extension 'colcon_meta'
[0.313s] Level 1:colcon.colcon_core.package_identification:_identify(src/omni_base_robot) by extensions ['ros']
[0.313s] Level 1:colcon.colcon_core.package_identification:_identify(src/omni_base_robot) by extension 'ros'
[0.313s] Level 1:colcon.colcon_core.package_identification:_identify(src/omni_base_robot) by extensions ['cmake', 'python']
[0.313s] Level 1:colcon.colcon_core.package_identification:_identify(src/omni_base_robot) by extension 'cmake'
[0.313s] Level 1:colcon.colcon_core.package_identification:_identify(src/omni_base_robot) by extension 'python'
[0.313s] Level 1:colcon.colcon_core.package_identification:_identify(src/omni_base_robot) by extensions ['python_setup_py']
[0.313s] Level 1:colcon.colcon_core.package_identification:_identify(src/omni_base_robot) by extension 'python_setup_py'
[0.313s] Level 1:colcon.colcon_core.package_identification:_identify(src/omni_base_robot/omni_base_bringup) by extensions ['ignore', 'ignore_ament_install']
[0.313s] Level 1:colcon.colcon_core.package_identification:_identify(src/omni_base_robot/omni_base_bringup) by extension 'ignore'
[0.313s] Level 1:colcon.colcon_core.package_identification:_identify(src/omni_base_robot/omni_base_bringup) by extension 'ignore_ament_install'
[0.313s] Level 1:colcon.colcon_core.package_identification:_identify(src/omni_base_robot/omni_base_bringup) by extensions ['colcon_pkg']
[0.313s] Level 1:colcon.colcon_core.package_identification:_identify(src/omni_base_robot/omni_base_bringup) by extension 'colcon_pkg'
[0.313s] Level 1:colcon.colcon_core.package_identification:_identify(src/omni_base_robot/omni_base_bringup) by extensions ['colcon_meta']
[0.313s] Level 1:colcon.colcon_core.package_identification:_identify(src/omni_base_robot/omni_base_bringup) by extension 'colcon_meta'
[0.313s] Level 1:colcon.colcon_core.package_identification:_identify(src/omni_base_robot/omni_base_bringup) by extensions ['ros']
[0.313s] Level 1:colcon.colcon_core.package_identification:_identify(src/omni_base_robot/omni_base_bringup) by extension 'ros'
[0.315s] DEBUG:colcon.colcon_core.package_identification:Package 'src/omni_base_robot/omni_base_bringup' with type 'ros.ament_cmake' and name 'omni_base_bringup'
[0.315s] Level 1:colcon.colcon_core.package_identification:_identify(src/omni_base_robot/omni_base_controller_configuration) by extensions ['ignore', 'ignore_ament_install']
[0.315s] Level 1:colcon.colcon_core.package_identification:_identify(src/omni_base_robot/omni_base_controller_configuration) by extension 'ignore'
[0.315s] Level 1:colcon.colcon_core.package_identification:_identify(src/omni_base_robot/omni_base_controller_configuration) by extension 'ignore_ament_install'
[0.315s] Level 1:colcon.colcon_core.package_identification:_identify(src/omni_base_robot/omni_base_controller_configuration) by extensions ['colcon_pkg']
[0.315s] Level 1:colcon.colcon_core.package_identification:_identify(src/omni_base_robot/omni_base_controller_configuration) by extension 'colcon_pkg'
[0.315s] Level 1:colcon.colcon_core.package_identification:_identify(src/omni_base_robot/omni_base_controller_configuration) by extensions ['colcon_meta']
[0.315s] Level 1:colcon.colcon_core.package_identification:_identify(src/omni_base_robot/omni_base_controller_configuration) by extension 'colcon_meta'
[0.315s] Level 1:colcon.colcon_core.package_identification:_identify(src/omni_base_robot/omni_base_controller_configuration) by extensions ['ros']
[0.315s] Level 1:colcon.colcon_core.package_identification:_identify(src/omni_base_robot/omni_base_controller_configuration) by extension 'ros'
[0.317s] DEBUG:colcon.colcon_core.package_identification:Package 'src/omni_base_robot/omni_base_controller_configuration' with type 'ros.ament_cmake' and name 'omni_base_controller_configuration'
[0.317s] Level 1:colcon.colcon_core.package_identification:_identify(src/omni_base_robot/omni_base_description) by extensions ['ignore', 'ignore_ament_install']
[0.318s] Level 1:colcon.colcon_core.package_identification:_identify(src/omni_base_robot/omni_base_description) by extension 'ignore'
[0.318s] Level 1:colcon.colcon_core.package_identification:_identify(src/omni_base_robot/omni_base_description) by extension 'ignore_ament_install'
[0.318s] Level 1:colcon.colcon_core.package_identification:_identify(src/omni_base_robot/omni_base_description) by extensions ['colcon_pkg']
[0.318s] Level 1:colcon.colcon_core.package_identification:_identify(src/omni_base_robot/omni_base_description) by extension 'colcon_pkg'
[0.318s] Level 1:colcon.colcon_core.package_identification:_identify(src/omni_base_robot/omni_base_description) by extensions ['colcon_meta']
[0.318s] Level 1:colcon.colcon_core.package_identification:_identify(src/omni_base_robot/omni_base_description) by extension 'colcon_meta'
[0.318s] Level 1:colcon.colcon_core.package_identification:_identify(src/omni_base_robot/omni_base_description) by extensions ['ros']
[0.318s] Level 1:colcon.colcon_core.package_identification:_identify(src/omni_base_robot/omni_base_description) by extension 'ros'
[0.319s] DEBUG:colcon.colcon_core.package_identification:Package 'src/omni_base_robot/omni_base_description' with type 'ros.ament_cmake' and name 'omni_base_description'
[0.319s] Level 1:colcon.colcon_core.package_identification:_identify(src/omni_base_robot/omni_base_robot) by extensions ['ignore', 'ignore_ament_install']
[0.319s] Level 1:colcon.colcon_core.package_identification:_identify(src/omni_base_robot/omni_base_robot) by extension 'ignore'
[0.319s] Level 1:colcon.colcon_core.package_identification:_identify(src/omni_base_robot/omni_base_robot) by extension 'ignore_ament_install'
[0.319s] Level 1:colcon.colcon_core.package_identification:_identify(src/omni_base_robot/omni_base_robot) by extensions ['colcon_pkg']
[0.319s] Level 1:colcon.colcon_core.package_identification:_identify(src/omni_base_robot/omni_base_robot) by extension 'colcon_pkg'
[0.319s] Level 1:colcon.colcon_core.package_identification:_identify(src/omni_base_robot/omni_base_robot) by extensions ['colcon_meta']
[0.319s] Level 1:colcon.colcon_core.package_identification:_identify(src/omni_base_robot/omni_base_robot) by extension 'colcon_meta'
[0.319s] Level 1:colcon.colcon_core.package_identification:_identify(src/omni_base_robot/omni_base_robot) by extensions ['ros']
[0.319s] Level 1:colcon.colcon_core.package_identification:_identify(src/omni_base_robot/omni_base_robot) by extension 'ros'
[0.333s] DEBUG:colcon.colcon_core.package_identification:Package 'src/omni_base_robot/omni_base_robot' with type 'ros.ament_cmake' and name 'omni_base_robot'
[0.333s] Level 1:colcon.colcon_core.package_identification:_identify(src/pal_gripper) by extensions ['ignore', 'ignore_ament_install']
[0.333s] Level 1:colcon.colcon_core.package_identification:_identify(src/pal_gripper) by extension 'ignore'
[0.333s] Level 1:colcon.colcon_core.package_identification:_identify(src/pal_gripper) by extension 'ignore_ament_install'
[0.333s] Level 1:colcon.colcon_core.package_identification:_identify(src/pal_gripper) by extensions ['colcon_pkg']
[0.333s] Level 1:colcon.colcon_core.package_identification:_identify(src/pal_gripper) by extension 'colcon_pkg'
[0.333s] Level 1:colcon.colcon_core.package_identification:_identify(src/pal_gripper) by extensions ['colcon_meta']
[0.333s] Level 1:colcon.colcon_core.package_identification:_identify(src/pal_gripper) by extension 'colcon_meta'
[0.333s] Level 1:colcon.colcon_core.package_identification:_identify(src/pal_gripper) by extensions ['ros']
[0.333s] Level 1:colcon.colcon_core.package_identification:_identify(src/pal_gripper) by extension 'ros'
[0.334s] Level 1:colcon.colcon_core.package_identification:_identify(src/pal_gripper) by extensions ['cmake', 'python']
[0.334s] Level 1:colcon.colcon_core.package_identification:_identify(src/pal_gripper) by extension 'cmake'
[0.334s] Level 1:colcon.colcon_core.package_identification:_identify(src/pal_gripper) by extension 'python'
[0.334s] Level 1:colcon.colcon_core.package_identification:_identify(src/pal_gripper) by extensions ['python_setup_py']
[0.334s] Level 1:colcon.colcon_core.package_identification:_identify(src/pal_gripper) by extension 'python_setup_py'
[0.334s] Level 1:colcon.colcon_core.package_identification:_identify(src/pal_gripper/pal_gripper) by extensions ['ignore', 'ignore_ament_install']
[0.334s] Level 1:colcon.colcon_core.package_identification:_identify(src/pal_gripper/pal_gripper) by extension 'ignore'
[0.334s] Level 1:colcon.colcon_core.package_identification:_identify(src/pal_gripper/pal_gripper) by extension 'ignore_ament_install'
[0.334s] Level 1:colcon.colcon_core.package_identification:_identify(src/pal_gripper/pal_gripper) by extensions ['colcon_pkg']
[0.334s] Level 1:colcon.colcon_core.package_identification:_identify(src/pal_gripper/pal_gripper) by extension 'colcon_pkg'
[0.334s] Level 1:colcon.colcon_core.package_identification:_identify(src/pal_gripper/pal_gripper) by extensions ['colcon_meta']
[0.334s] Level 1:colcon.colcon_core.package_identification:_identify(src/pal_gripper/pal_gripper) by extension 'colcon_meta'
[0.334s] Level 1:colcon.colcon_core.package_identification:_identify(src/pal_gripper/pal_gripper) by extensions ['ros']
[0.334s] Level 1:colcon.colcon_core.package_identification:_identify(src/pal_gripper/pal_gripper) by extension 'ros'
[0.335s] DEBUG:colcon.colcon_core.package_identification:Package 'src/pal_gripper/pal_gripper' with type 'ros.ament_cmake' and name 'pal_gripper'
[0.335s] Level 1:colcon.colcon_core.package_identification:_identify(src/pal_gripper/pal_gripper_controller_configuration) by extensions ['ignore', 'ignore_ament_install']
[0.335s] Level 1:colcon.colcon_core.package_identification:_identify(src/pal_gripper/pal_gripper_controller_configuration) by extension 'ignore'
[0.335s] Level 1:colcon.colcon_core.package_identification:_identify(src/pal_gripper/pal_gripper_controller_configuration) by extension 'ignore_ament_install'
[0.335s] Level 1:colcon.colcon_core.package_identification:_identify(src/pal_gripper/pal_gripper_controller_configuration) by extensions ['colcon_pkg']
[0.335s] Level 1:colcon.colcon_core.package_identification:_identify(src/pal_gripper/pal_gripper_controller_configuration) by extension 'colcon_pkg'
[0.335s] Level 1:colcon.colcon_core.package_identification:_identify(src/pal_gripper/pal_gripper_controller_configuration) by extensions ['colcon_meta']
[0.335s] Level 1:colcon.colcon_core.package_identification:_identify(src/pal_gripper/pal_gripper_controller_configuration) by extension 'colcon_meta'
[0.335s] Level 1:colcon.colcon_core.package_identification:_identify(src/pal_gripper/pal_gripper_controller_configuration) by extensions ['ros']
[0.336s] Level 1:colcon.colcon_core.package_identification:_identify(src/pal_gripper/pal_gripper_controller_configuration) by extension 'ros'
[0.336s] DEBUG:colcon.colcon_core.package_identification:Package 'src/pal_gripper/pal_gripper_controller_configuration' with type 'ros.ament_cmake' and name 'pal_gripper_controller_configuration'
[0.336s] Level 1:colcon.colcon_core.package_identification:_identify(src/pal_gripper/pal_gripper_description) by extensions ['ignore', 'ignore_ament_install']
[0.336s] Level 1:colcon.colcon_core.package_identification:_identify(src/pal_gripper/pal_gripper_description) by extension 'ignore'
[0.336s] Level 1:colcon.colcon_core.package_identification:_identify(src/pal_gripper/pal_gripper_description) by extension 'ignore_ament_install'
[0.336s] Level 1:colcon.colcon_core.package_identification:_identify(src/pal_gripper/pal_gripper_description) by extensions ['colcon_pkg']
[0.336s] Level 1:colcon.colcon_core.package_identification:_identify(src/pal_gripper/pal_gripper_description) by extension 'colcon_pkg'
[0.336s] Level 1:colcon.colcon_core.package_identification:_identify(src/pal_gripper/pal_gripper_description) by extensions ['colcon_meta']
[0.336s] Level 1:colcon.colcon_core.package_identification:_identify(src/pal_gripper/pal_gripper_description) by extension 'colcon_meta'
[0.336s] Level 1:colcon.colcon_core.package_identification:_identify(src/pal_gripper/pal_gripper_description) by extensions ['ros']
[0.336s] Level 1:colcon.colcon_core.package_identification:_identify(src/pal_gripper/pal_gripper_description) by extension 'ros'
[0.337s] DEBUG:colcon.colcon_core.package_identification:Package 'src/pal_gripper/pal_gripper_description' with type 'ros.ament_cmake' and name 'pal_gripper_description'
[0.337s] Level 1:colcon.colcon_core.package_identification:_identify(src/pal_gripper/pal_gripper_simulation) by extensions ['ignore', 'ignore_ament_install']
[0.337s] Level 1:colcon.colcon_core.package_identification:_identify(src/pal_gripper/pal_gripper_simulation) by extension 'ignore'
[0.337s] Level 1:colcon.colcon_core.package_identification:_identify(src/pal_gripper/pal_gripper_simulation) by extension 'ignore_ament_install'
[0.337s] Level 1:colcon.colcon_core.package_identification:_identify(src/pal_gripper/pal_gripper_simulation) by extensions ['colcon_pkg']
[0.337s] Level 1:colcon.colcon_core.package_identification:_identify(src/pal_gripper/pal_gripper_simulation) by extension 'colcon_pkg'
[0.337s] Level 1:colcon.colcon_core.package_identification:_identify(src/pal_gripper/pal_gripper_simulation) by extensions ['colcon_meta']
[0.337s] Level 1:colcon.colcon_core.package_identification:_identify(src/pal_gripper/pal_gripper_simulation) by extension 'colcon_meta'
[0.337s] Level 1:colcon.colcon_core.package_identification:_identify(src/pal_gripper/pal_gripper_simulation) by extensions ['ros']
[0.337s] Level 1:colcon.colcon_core.package_identification:_identify(src/pal_gripper/pal_gripper_simulation) by extension 'ros'
[0.338s] DEBUG:colcon.colcon_core.package_identification:Package 'src/pal_gripper/pal_gripper_simulation' with type 'ros.ament_cmake' and name 'pal_gripper_simulation'
[0.338s] Level 1:colcon.colcon_core.package_identification:_identify(src/pal_pro_gripper) by extensions ['ignore', 'ignore_ament_install']
[0.338s] Level 1:colcon.colcon_core.package_identification:_identify(src/pal_pro_gripper) by extension 'ignore'
[0.338s] Level 1:colcon.colcon_core.package_identification:_identify(src/pal_pro_gripper) by extension 'ignore_ament_install'
[0.338s] Level 1:colcon.colcon_core.package_identification:_identify(src/pal_pro_gripper) by extensions ['colcon_pkg']
[0.338s] Level 1:colcon.colcon_core.package_identification:_identify(src/pal_pro_gripper) by extension 'colcon_pkg'
[0.338s] Level 1:colcon.colcon_core.package_identification:_identify(src/pal_pro_gripper) by extensions ['colcon_meta']
[0.338s] Level 1:colcon.colcon_core.package_identification:_identify(src/pal_pro_gripper) by extension 'colcon_meta'
[0.338s] Level 1:colcon.colcon_core.package_identification:_identify(src/pal_pro_gripper) by extensions ['ros']
[0.338s] Level 1:colcon.colcon_core.package_identification:_identify(src/pal_pro_gripper) by extension 'ros'
[0.338s] Level 1:colcon.colcon_core.package_identification:_identify(src/pal_pro_gripper) by extensions ['cmake', 'python']
[0.338s] Level 1:colcon.colcon_core.package_identification:_identify(src/pal_pro_gripper) by extension 'cmake'
[0.338s] Level 1:colcon.colcon_core.package_identification:_identify(src/pal_pro_gripper) by extension 'python'
[0.338s] Level 1:colcon.colcon_core.package_identification:_identify(src/pal_pro_gripper) by extensions ['python_setup_py']
[0.338s] Level 1:colcon.colcon_core.package_identification:_identify(src/pal_pro_gripper) by extension 'python_setup_py'
[0.339s] Level 1:colcon.colcon_core.package_identification:_identify(src/pal_pro_gripper/pal_pro_gripper) by extensions ['ignore', 'ignore_ament_install']
[0.339s] Level 1:colcon.colcon_core.package_identification:_identify(src/pal_pro_gripper/pal_pro_gripper) by extension 'ignore'
[0.339s] Level 1:colcon.colcon_core.package_identification:_identify(src/pal_pro_gripper/pal_pro_gripper) by extension 'ignore_ament_install'
[0.339s] Level 1:colcon.colcon_core.package_identification:_identify(src/pal_pro_gripper/pal_pro_gripper) by extensions ['colcon_pkg']
[0.339s] Level 1:colcon.colcon_core.package_identification:_identify(src/pal_pro_gripper/pal_pro_gripper) by extension 'colcon_pkg'
[0.339s] Level 1:colcon.colcon_core.package_identification:_identify(src/pal_pro_gripper/pal_pro_gripper) by extensions ['colcon_meta']
[0.339s] Level 1:colcon.colcon_core.package_identification:_identify(src/pal_pro_gripper/pal_pro_gripper) by extension 'colcon_meta'
[0.339s] Level 1:colcon.colcon_core.package_identification:_identify(src/pal_pro_gripper/pal_pro_gripper) by extensions ['ros']
[0.339s] Level 1:colcon.colcon_core.package_identification:_identify(src/pal_pro_gripper/pal_pro_gripper) by extension 'ros'
[0.339s] DEBUG:colcon.colcon_core.package_identification:Package 'src/pal_pro_gripper/pal_pro_gripper' with type 'ros.ament_cmake' and name 'pal_pro_gripper'
[0.340s] Level 1:colcon.colcon_core.package_identification:_identify(src/pal_pro_gripper/pal_pro_gripper_bringup) by extensions ['ignore', 'ignore_ament_install']
[0.340s] Level 1:colcon.colcon_core.package_identification:_identify(src/pal_pro_gripper/pal_pro_gripper_bringup) by extension 'ignore'
[0.340s] Level 1:colcon.colcon_core.package_identification:_identify(src/pal_pro_gripper/pal_pro_gripper_bringup) by extension 'ignore_ament_install'
[0.340s] Level 1:colcon.colcon_core.package_identification:_identify(src/pal_pro_gripper/pal_pro_gripper_bringup) by extensions ['colcon_pkg']
[0.340s] Level 1:colcon.colcon_core.package_identification:_identify(src/pal_pro_gripper/pal_pro_gripper_bringup) by extension 'colcon_pkg'
[0.340s] Level 1:colcon.colcon_core.package_identification:_identify(src/pal_pro_gripper/pal_pro_gripper_bringup) by extensions ['colcon_meta']
[0.340s] Level 1:colcon.colcon_core.package_identification:_identify(src/pal_pro_gripper/pal_pro_gripper_bringup) by extension 'colcon_meta'
[0.340s] Level 1:colcon.colcon_core.package_identification:_identify(src/pal_pro_gripper/pal_pro_gripper_bringup) by extensions ['ros']
[0.340s] Level 1:colcon.colcon_core.package_identification:_identify(src/pal_pro_gripper/pal_pro_gripper_bringup) by extension 'ros'
[0.340s] DEBUG:colcon.colcon_core.package_identification:Package 'src/pal_pro_gripper/pal_pro_gripper_bringup' with type 'ros.ament_cmake' and name 'pal_pro_gripper_bringup'
[0.341s] Level 1:colcon.colcon_core.package_identification:_identify(src/pal_pro_gripper/pal_pro_gripper_controller_configuration) by extensions ['ignore', 'ignore_ament_install']
[0.341s] Level 1:colcon.colcon_core.package_identification:_identify(src/pal_pro_gripper/pal_pro_gripper_controller_configuration) by extension 'ignore'
[0.341s] Level 1:colcon.colcon_core.package_identification:_identify(src/pal_pro_gripper/pal_pro_gripper_controller_configuration) by extension 'ignore_ament_install'
[0.341s] Level 1:colcon.colcon_core.package_identification:_identify(src/pal_pro_gripper/pal_pro_gripper_controller_configuration) by extensions ['colcon_pkg']
[0.341s] Level 1:colcon.colcon_core.package_identification:_identify(src/pal_pro_gripper/pal_pro_gripper_controller_configuration) by extension 'colcon_pkg'
[0.341s] Level 1:colcon.colcon_core.package_identification:_identify(src/pal_pro_gripper/pal_pro_gripper_controller_configuration) by extensions ['colcon_meta']
[0.341s] Level 1:colcon.colcon_core.package_identification:_identify(src/pal_pro_gripper/pal_pro_gripper_controller_configuration) by extension 'colcon_meta'
[0.341s] Level 1:colcon.colcon_core.package_identification:_identify(src/pal_pro_gripper/pal_pro_gripper_controller_configuration) by extensions ['ros']
[0.341s] Level 1:colcon.colcon_core.package_identification:_identify(src/pal_pro_gripper/pal_pro_gripper_controller_configuration) by extension 'ros'
[0.341s] DEBUG:colcon.colcon_core.package_identification:Package 'src/pal_pro_gripper/pal_pro_gripper_controller_configuration' with type 'ros.ament_cmake' and name 'pal_pro_gripper_controller_configuration'
[0.342s] Level 1:colcon.colcon_core.package_identification:_identify(src/pal_pro_gripper/pal_pro_gripper_description) by extensions ['ignore', 'ignore_ament_install']
[0.342s] Level 1:colcon.colcon_core.package_identification:_identify(src/pal_pro_gripper/pal_pro_gripper_description) by extension 'ignore'
[0.342s] Level 1:colcon.colcon_core.package_identification:_identify(src/pal_pro_gripper/pal_pro_gripper_description) by extension 'ignore_ament_install'
[0.342s] Level 1:colcon.colcon_core.package_identification:_identify(src/pal_pro_gripper/pal_pro_gripper_description) by extensions ['colcon_pkg']
[0.342s] Level 1:colcon.colcon_core.package_identification:_identify(src/pal_pro_gripper/pal_pro_gripper_description) by extension 'colcon_pkg'
[0.342s] Level 1:colcon.colcon_core.package_identification:_identify(src/pal_pro_gripper/pal_pro_gripper_description) by extensions ['colcon_meta']
[0.342s] Level 1:colcon.colcon_core.package_identification:_identify(src/pal_pro_gripper/pal_pro_gripper_description) by extension 'colcon_meta'
[0.342s] Level 1:colcon.colcon_core.package_identification:_identify(src/pal_pro_gripper/pal_pro_gripper_description) by extensions ['ros']
[0.342s] Level 1:colcon.colcon_core.package_identification:_identify(src/pal_pro_gripper/pal_pro_gripper_description) by extension 'ros'
[0.343s] DEBUG:colcon.colcon_core.package_identification:Package 'src/pal_pro_gripper/pal_pro_gripper_description' with type 'ros.ament_cmake' and name 'pal_pro_gripper_description'
[0.343s] Level 1:colcon.colcon_core.package_identification:_identify(src/pal_pro_gripper/pal_pro_gripper_simulation) by extensions ['ignore', 'ignore_ament_install']
[0.343s] Level 1:colcon.colcon_core.package_identification:_identify(src/pal_pro_gripper/pal_pro_gripper_simulation) by extension 'ignore'
[0.343s] Level 1:colcon.colcon_core.package_identification:_identify(src/pal_pro_gripper/pal_pro_gripper_simulation) by extension 'ignore_ament_install'
[0.343s] Level 1:colcon.colcon_core.package_identification:_identify(src/pal_pro_gripper/pal_pro_gripper_simulation) by extensions ['colcon_pkg']
[0.343s] Level 1:colcon.colcon_core.package_identification:_identify(src/pal_pro_gripper/pal_pro_gripper_simulation) by extension 'colcon_pkg'
[0.343s] Level 1:colcon.colcon_core.package_identification:_identify(src/pal_pro_gripper/pal_pro_gripper_simulation) by extensions ['colcon_meta']
[0.343s] Level 1:colcon.colcon_core.package_identification:_identify(src/pal_pro_gripper/pal_pro_gripper_simulation) by extension 'colcon_meta'
[0.344s] Level 1:colcon.colcon_core.package_identification:_identify(src/pal_pro_gripper/pal_pro_gripper_simulation) by extensions ['ros']
[0.344s] Level 1:colcon.colcon_core.package_identification:_identify(src/pal_pro_gripper/pal_pro_gripper_simulation) by extension 'ros'
[0.344s] DEBUG:colcon.colcon_core.package_identification:Package 'src/pal_pro_gripper/pal_pro_gripper_simulation' with type 'ros.ament_cmake' and name 'pal_pro_gripper_simulation'
[0.344s] Level 1:colcon.colcon_core.package_identification:_identify(src/pal_pro_gripper/pal_pro_gripper_wrapper) by extensions ['ignore', 'ignore_ament_install']
[0.344s] Level 1:colcon.colcon_core.package_identification:_identify(src/pal_pro_gripper/pal_pro_gripper_wrapper) by extension 'ignore'
[0.344s] Level 1:colcon.colcon_core.package_identification:_identify(src/pal_pro_gripper/pal_pro_gripper_wrapper) by extension 'ignore_ament_install'
[0.344s] Level 1:colcon.colcon_core.package_identification:_identify(src/pal_pro_gripper/pal_pro_gripper_wrapper) by extensions ['colcon_pkg']
[0.344s] Level 1:colcon.colcon_core.package_identification:_identify(src/pal_pro_gripper/pal_pro_gripper_wrapper) by extension 'colcon_pkg'
[0.344s] Level 1:colcon.colcon_core.package_identification:_identify(src/pal_pro_gripper/pal_pro_gripper_wrapper) by extensions ['colcon_meta']
[0.345s] Level 1:colcon.colcon_core.package_identification:_identify(src/pal_pro_gripper/pal_pro_gripper_wrapper) by extension 'colcon_meta'
[0.345s] Level 1:colcon.colcon_core.package_identification:_identify(src/pal_pro_gripper/pal_pro_gripper_wrapper) by extensions ['ros']
[0.345s] Level 1:colcon.colcon_core.package_identification:_identify(src/pal_pro_gripper/pal_pro_gripper_wrapper) by extension 'ros'
[0.345s] DEBUG:colcon.colcon_core.package_identification:Package 'src/pal_pro_gripper/pal_pro_gripper_wrapper' with type 'ros.ament_python' and name 'pal_pro_gripper_wrapper'
[0.345s] Level 1:colcon.colcon_core.package_identification:_identify(src/pal_sea_arm) by extensions ['ignore', 'ignore_ament_install']
[0.345s] Level 1:colcon.colcon_core.package_identification:_identify(src/pal_sea_arm) by extension 'ignore'
[0.345s] Level 1:colcon.colcon_core.package_identification:_identify(src/pal_sea_arm) by extension 'ignore_ament_install'
[0.346s] Level 1:colcon.colcon_core.package_identification:_identify(src/pal_sea_arm) by extensions ['colcon_pkg']
[0.346s] Level 1:colcon.colcon_core.package_identification:_identify(src/pal_sea_arm) by extension 'colcon_pkg'
[0.346s] Level 1:colcon.colcon_core.package_identification:_identify(src/pal_sea_arm) by extensions ['colcon_meta']
[0.346s] Level 1:colcon.colcon_core.package_identification:_identify(src/pal_sea_arm) by extension 'colcon_meta'
[0.346s] Level 1:colcon.colcon_core.package_identification:_identify(src/pal_sea_arm) by extensions ['ros']
[0.346s] Level 1:colcon.colcon_core.package_identification:_identify(src/pal_sea_arm) by extension 'ros'
[0.346s] Level 1:colcon.colcon_core.package_identification:_identify(src/pal_sea_arm) by extensions ['cmake', 'python']
[0.346s] Level 1:colcon.colcon_core.package_identification:_identify(src/pal_sea_arm) by extension 'cmake'
[0.346s] Level 1:colcon.colcon_core.package_identification:_identify(src/pal_sea_arm) by extension 'python'
[0.346s] Level 1:colcon.colcon_core.package_identification:_identify(src/pal_sea_arm) by extensions ['python_setup_py']
[0.346s] Level 1:colcon.colcon_core.package_identification:_identify(src/pal_sea_arm) by extension 'python_setup_py'
[0.346s] Level 1:colcon.colcon_core.package_identification:_identify(src/pal_sea_arm/pal_sea_arm) by extensions ['ignore', 'ignore_ament_install']
[0.346s] Level 1:colcon.colcon_core.package_identification:_identify(src/pal_sea_arm/pal_sea_arm) by extension 'ignore'
[0.346s] Level 1:colcon.colcon_core.package_identification:_identify(src/pal_sea_arm/pal_sea_arm) by extension 'ignore_ament_install'
[0.346s] Level 1:colcon.colcon_core.package_identification:_identify(src/pal_sea_arm/pal_sea_arm) by extensions ['colcon_pkg']
[0.346s] Level 1:colcon.colcon_core.package_identification:_identify(src/pal_sea_arm/pal_sea_arm) by extension 'colcon_pkg'
[0.346s] Level 1:colcon.colcon_core.package_identification:_identify(src/pal_sea_arm/pal_sea_arm) by extensions ['colcon_meta']
[0.346s] Level 1:colcon.colcon_core.package_identification:_identify(src/pal_sea_arm/pal_sea_arm) by extension 'colcon_meta'
[0.346s] Level 1:colcon.colcon_core.package_identification:_identify(src/pal_sea_arm/pal_sea_arm) by extensions ['ros']
[0.346s] Level 1:colcon.colcon_core.package_identification:_identify(src/pal_sea_arm/pal_sea_arm) by extension 'ros'
[0.347s] DEBUG:colcon.colcon_core.package_identification:Package 'src/pal_sea_arm/pal_sea_arm' with type 'ros.ament_cmake' and name 'pal_sea_arm'
[0.347s] Level 1:colcon.colcon_core.package_identification:_identify(src/pal_sea_arm/pal_sea_arm_bringup) by extensions ['ignore', 'ignore_ament_install']
[0.347s] Level 1:colcon.colcon_core.package_identification:_identify(src/pal_sea_arm/pal_sea_arm_bringup) by extension 'ignore'
[0.347s] Level 1:colcon.colcon_core.package_identification:_identify(src/pal_sea_arm/pal_sea_arm_bringup) by extension 'ignore_ament_install'
[0.347s] Level 1:colcon.colcon_core.package_identification:_identify(src/pal_sea_arm/pal_sea_arm_bringup) by extensions ['colcon_pkg']
[0.347s] Level 1:colcon.colcon_core.package_identification:_identify(src/pal_sea_arm/pal_sea_arm_bringup) by extension 'colcon_pkg'
[0.347s] Level 1:colcon.colcon_core.package_identification:_identify(src/pal_sea_arm/pal_sea_arm_bringup) by extensions ['colcon_meta']
[0.347s] Level 1:colcon.colcon_core.package_identification:_identify(src/pal_sea_arm/pal_sea_arm_bringup) by extension 'colcon_meta'
[0.347s] Level 1:colcon.colcon_core.package_identification:_identify(src/pal_sea_arm/pal_sea_arm_bringup) by extensions ['ros']
[0.347s] Level 1:colcon.colcon_core.package_identification:_identify(src/pal_sea_arm/pal_sea_arm_bringup) by extension 'ros'
[0.349s] DEBUG:colcon.colcon_core.package_identification:Package 'src/pal_sea_arm/pal_sea_arm_bringup' with type 'ros.ament_cmake' and name 'pal_sea_arm_bringup'
[0.350s] Level 1:colcon.colcon_core.package_identification:_identify(src/pal_sea_arm/pal_sea_arm_controller_configuration) by extensions ['ignore', 'ignore_ament_install']
[0.350s] Level 1:colcon.colcon_core.package_identification:_identify(src/pal_sea_arm/pal_sea_arm_controller_configuration) by extension 'ignore'
[0.350s] Level 1:colcon.colcon_core.package_identification:_identify(src/pal_sea_arm/pal_sea_arm_controller_configuration) by extension 'ignore_ament_install'
[0.350s] Level 1:colcon.colcon_core.package_identification:_identify(src/pal_sea_arm/pal_sea_arm_controller_configuration) by extensions ['colcon_pkg']
[0.350s] Level 1:colcon.colcon_core.package_identification:_identify(src/pal_sea_arm/pal_sea_arm_controller_configuration) by extension 'colcon_pkg'
[0.350s] Level 1:colcon.colcon_core.package_identification:_identify(src/pal_sea_arm/pal_sea_arm_controller_configuration) by extensions ['colcon_meta']
[0.350s] Level 1:colcon.colcon_core.package_identification:_identify(src/pal_sea_arm/pal_sea_arm_controller_configuration) by extension 'colcon_meta'
[0.350s] Level 1:colcon.colcon_core.package_identification:_identify(src/pal_sea_arm/pal_sea_arm_controller_configuration) by extensions ['ros']
[0.350s] Level 1:colcon.colcon_core.package_identification:_identify(src/pal_sea_arm/pal_sea_arm_controller_configuration) by extension 'ros'
[0.352s] DEBUG:colcon.colcon_core.package_identification:Package 'src/pal_sea_arm/pal_sea_arm_controller_configuration' with type 'ros.ament_cmake' and name 'pal_sea_arm_controller_configuration'
[0.352s] Level 1:colcon.colcon_core.package_identification:_identify(src/pal_sea_arm/pal_sea_arm_description) by extensions ['ignore', 'ignore_ament_install']
[0.352s] Level 1:colcon.colcon_core.package_identification:_identify(src/pal_sea_arm/pal_sea_arm_description) by extension 'ignore'
[0.352s] Level 1:colcon.colcon_core.package_identification:_identify(src/pal_sea_arm/pal_sea_arm_description) by extension 'ignore_ament_install'
[0.352s] Level 1:colcon.colcon_core.package_identification:_identify(src/pal_sea_arm/pal_sea_arm_description) by extensions ['colcon_pkg']
[0.353s] Level 1:colcon.colcon_core.package_identification:_identify(src/pal_sea_arm/pal_sea_arm_description) by extension 'colcon_pkg'
[0.353s] Level 1:colcon.colcon_core.package_identification:_identify(src/pal_sea_arm/pal_sea_arm_description) by extensions ['colcon_meta']
[0.353s] Level 1:colcon.colcon_core.package_identification:_identify(src/pal_sea_arm/pal_sea_arm_description) by extension 'colcon_meta'
[0.353s] Level 1:colcon.colcon_core.package_identification:_identify(src/pal_sea_arm/pal_sea_arm_description) by extensions ['ros']
[0.353s] Level 1:colcon.colcon_core.package_identification:_identify(src/pal_sea_arm/pal_sea_arm_description) by extension 'ros'
[0.355s] DEBUG:colcon.colcon_core.package_identification:Package 'src/pal_sea_arm/pal_sea_arm_description' with type 'ros.ament_cmake' and name 'pal_sea_arm_description'
[0.355s] Level 1:colcon.colcon_core.package_identification:_identify(src/pal_urdf_utils) by extensions ['ignore', 'ignore_ament_install']
[0.355s] Level 1:colcon.colcon_core.package_identification:_identify(src/pal_urdf_utils) by extension 'ignore'
[0.355s] Level 1:colcon.colcon_core.package_identification:_identify(src/pal_urdf_utils) by extension 'ignore_ament_install'
[0.355s] Level 1:colcon.colcon_core.package_identification:_identify(src/pal_urdf_utils) by extensions ['colcon_pkg']
[0.355s] Level 1:colcon.colcon_core.package_identification:_identify(src/pal_urdf_utils) by extension 'colcon_pkg'
[0.355s] Level 1:colcon.colcon_core.package_identification:_identify(src/pal_urdf_utils) by extensions ['colcon_meta']
[0.355s] Level 1:colcon.colcon_core.package_identification:_identify(src/pal_urdf_utils) by extension 'colcon_meta'
[0.355s] Level 1:colcon.colcon_core.package_identification:_identify(src/pal_urdf_utils) by extensions ['ros']
[0.355s] Level 1:colcon.colcon_core.package_identification:_identify(src/pal_urdf_utils) by extension 'ros'
[0.356s] DEBUG:colcon.colcon_core.package_identification:Package 'src/pal_urdf_utils' with type 'ros.ament_cmake' and name 'pal_urdf_utils'
[0.356s] Level 1:colcon.colcon_core.package_identification:_identify(src/sensors) by extensions ['ignore', 'ignore_ament_install']
[0.357s] Level 1:colcon.colcon_core.package_identification:_identify(src/sensors) by extension 'ignore'
[0.357s] Level 1:colcon.colcon_core.package_identification:_identify(src/sensors) by extension 'ignore_ament_install'
[0.357s] Level 1:colcon.colcon_core.package_identification:_identify(src/sensors) by extensions ['colcon_pkg']
[0.357s] Level 1:colcon.colcon_core.package_identification:_identify(src/sensors) by extension 'colcon_pkg'
[0.357s] Level 1:colcon.colcon_core.package_identification:_identify(src/sensors) by extensions ['colcon_meta']
[0.357s] Level 1:colcon.colcon_core.package_identification:_identify(src/sensors) by extension 'colcon_meta'
[0.357s] Level 1:colcon.colcon_core.package_identification:_identify(src/sensors) by extensions ['ros']
[0.357s] Level 1:colcon.colcon_core.package_identification:_identify(src/sensors) by extension 'ros'
[0.357s] DEBUG:colcon.colcon_core.package_identification:Package 'src/sensors' with type 'ros.ament_python' and name 'sensors'
[0.357s] Level 1:colcon.colcon_core.package_identification:_identify(src/tiago_pro_head_robot) by extensions ['ignore', 'ignore_ament_install']
[0.358s] Level 1:colcon.colcon_core.package_identification:_identify(src/tiago_pro_head_robot) by extension 'ignore'
[0.358s] Level 1:colcon.colcon_core.package_identification:_identify(src/tiago_pro_head_robot) by extension 'ignore_ament_install'
[0.358s] Level 1:colcon.colcon_core.package_identification:_identify(src/tiago_pro_head_robot) by extensions ['colcon_pkg']
[0.358s] Level 1:colcon.colcon_core.package_identification:_identify(src/tiago_pro_head_robot) by extension 'colcon_pkg'
[0.358s] Level 1:colcon.colcon_core.package_identification:_identify(src/tiago_pro_head_robot) by extensions ['colcon_meta']
[0.358s] Level 1:colcon.colcon_core.package_identification:_identify(src/tiago_pro_head_robot) by extension 'colcon_meta'
[0.358s] Level 1:colcon.colcon_core.package_identification:_identify(src/tiago_pro_head_robot) by extensions ['ros']
[0.358s] Level 1:colcon.colcon_core.package_identification:_identify(src/tiago_pro_head_robot) by extension 'ros'
[0.358s] Level 1:colcon.colcon_core.package_identification:_identify(src/tiago_pro_head_robot) by extensions ['cmake', 'python']
[0.358s] Level 1:colcon.colcon_core.package_identification:_identify(src/tiago_pro_head_robot) by extension 'cmake'
[0.358s] Level 1:colcon.colcon_core.package_identification:_identify(src/tiago_pro_head_robot) by extension 'python'
[0.358s] Level 1:colcon.colcon_core.package_identification:_identify(src/tiago_pro_head_robot) by extensions ['python_setup_py']
[0.358s] Level 1:colcon.colcon_core.package_identification:_identify(src/tiago_pro_head_robot) by extension 'python_setup_py'
[0.358s] Level 1:colcon.colcon_core.package_identification:_identify(src/tiago_pro_head_robot/tiago_pro_head_bringup) by extensions ['ignore', 'ignore_ament_install']
[0.358s] Level 1:colcon.colcon_core.package_identification:_identify(src/tiago_pro_head_robot/tiago_pro_head_bringup) by extension 'ignore'
[0.358s] Level 1:colcon.colcon_core.package_identification:_identify(src/tiago_pro_head_robot/tiago_pro_head_bringup) by extension 'ignore_ament_install'
[0.358s] Level 1:colcon.colcon_core.package_identification:_identify(src/tiago_pro_head_robot/tiago_pro_head_bringup) by extensions ['colcon_pkg']
[0.358s] Level 1:colcon.colcon_core.package_identification:_identify(src/tiago_pro_head_robot/tiago_pro_head_bringup) by extension 'colcon_pkg'
[0.358s] Level 1:colcon.colcon_core.package_identification:_identify(src/tiago_pro_head_robot/tiago_pro_head_bringup) by extensions ['colcon_meta']
[0.358s] Level 1:colcon.colcon_core.package_identification:_identify(src/tiago_pro_head_robot/tiago_pro_head_bringup) by extension 'colcon_meta'
[0.358s] Level 1:colcon.colcon_core.package_identification:_identify(src/tiago_pro_head_robot/tiago_pro_head_bringup) by extensions ['ros']
[0.358s] Level 1:colcon.colcon_core.package_identification:_identify(src/tiago_pro_head_robot/tiago_pro_head_bringup) by extension 'ros'
[0.359s] DEBUG:colcon.colcon_core.package_identification:Package 'src/tiago_pro_head_robot/tiago_pro_head_bringup' with type 'ros.ament_cmake' and name 'tiago_pro_head_bringup'
[0.359s] Level 1:colcon.colcon_core.package_identification:_identify(src/tiago_pro_head_robot/tiago_pro_head_controller_configuration) by extensions ['ignore', 'ignore_ament_install']
[0.359s] Level 1:colcon.colcon_core.package_identification:_identify(src/tiago_pro_head_robot/tiago_pro_head_controller_configuration) by extension 'ignore'
[0.359s] Level 1:colcon.colcon_core.package_identification:_identify(src/tiago_pro_head_robot/tiago_pro_head_controller_configuration) by extension 'ignore_ament_install'
[0.359s] Level 1:colcon.colcon_core.package_identification:_identify(src/tiago_pro_head_robot/tiago_pro_head_controller_configuration) by extensions ['colcon_pkg']
[0.359s] Level 1:colcon.colcon_core.package_identification:_identify(src/tiago_pro_head_robot/tiago_pro_head_controller_configuration) by extension 'colcon_pkg'
[0.359s] Level 1:colcon.colcon_core.package_identification:_identify(src/tiago_pro_head_robot/tiago_pro_head_controller_configuration) by extensions ['colcon_meta']
[0.359s] Level 1:colcon.colcon_core.package_identification:_identify(src/tiago_pro_head_robot/tiago_pro_head_controller_configuration) by extension 'colcon_meta'
[0.359s] Level 1:colcon.colcon_core.package_identification:_identify(src/tiago_pro_head_robot/tiago_pro_head_controller_configuration) by extensions ['ros']
[0.359s] Level 1:colcon.colcon_core.package_identification:_identify(src/tiago_pro_head_robot/tiago_pro_head_controller_configuration) by extension 'ros'
[0.360s] DEBUG:colcon.colcon_core.package_identification:Package 'src/tiago_pro_head_robot/tiago_pro_head_controller_configuration' with type 'ros.ament_cmake' and name 'tiago_pro_head_controller_configuration'
[0.360s] Level 1:colcon.colcon_core.package_identification:_identify(src/tiago_pro_head_robot/tiago_pro_head_description) by extensions ['ignore', 'ignore_ament_install']
[0.360s] Level 1:colcon.colcon_core.package_identification:_identify(src/tiago_pro_head_robot/tiago_pro_head_description) by extension 'ignore'
[0.360s] Level 1:colcon.colcon_core.package_identification:_identify(src/tiago_pro_head_robot/tiago_pro_head_description) by extension 'ignore_ament_install'
[0.360s] Level 1:colcon.colcon_core.package_identification:_identify(src/tiago_pro_head_robot/tiago_pro_head_description) by extensions ['colcon_pkg']
[0.360s] Level 1:colcon.colcon_core.package_identification:_identify(src/tiago_pro_head_robot/tiago_pro_head_description) by extension 'colcon_pkg'
[0.360s] Level 1:colcon.colcon_core.package_identification:_identify(src/tiago_pro_head_robot/tiago_pro_head_description) by extensions ['colcon_meta']
[0.360s] Level 1:colcon.colcon_core.package_identification:_identify(src/tiago_pro_head_robot/tiago_pro_head_description) by extension 'colcon_meta'
[0.360s] Level 1:colcon.colcon_core.package_identification:_identify(src/tiago_pro_head_robot/tiago_pro_head_description) by extensions ['ros']
[0.360s] Level 1:colcon.colcon_core.package_identification:_identify(src/tiago_pro_head_robot/tiago_pro_head_description) by extension 'ros'
[0.361s] DEBUG:colcon.colcon_core.package_identification:Package 'src/tiago_pro_head_robot/tiago_pro_head_description' with type 'ros.ament_cmake' and name 'tiago_pro_head_description'
[0.361s] Level 1:colcon.colcon_core.package_identification:_identify(src/tiago_pro_head_robot/tiago_pro_head_robot) by extensions ['ignore', 'ignore_ament_install']
[0.361s] Level 1:colcon.colcon_core.package_identification:_identify(src/tiago_pro_head_robot/tiago_pro_head_robot) by extension 'ignore'
[0.361s] Level 1:colcon.colcon_core.package_identification:_identify(src/tiago_pro_head_robot/tiago_pro_head_robot) by extension 'ignore_ament_install'
[0.361s] Level 1:colcon.colcon_core.package_identification:_identify(src/tiago_pro_head_robot/tiago_pro_head_robot) by extensions ['colcon_pkg']
[0.362s] Level 1:colcon.colcon_core.package_identification:_identify(src/tiago_pro_head_robot/tiago_pro_head_robot) by extension 'colcon_pkg'
[0.362s] Level 1:colcon.colcon_core.package_identification:_identify(src/tiago_pro_head_robot/tiago_pro_head_robot) by extensions ['colcon_meta']
[0.362s] Level 1:colcon.colcon_core.package_identification:_identify(src/tiago_pro_head_robot/tiago_pro_head_robot) by extension 'colcon_meta'
[0.362s] Level 1:colcon.colcon_core.package_identification:_identify(src/tiago_pro_head_robot/tiago_pro_head_robot) by extensions ['ros']
[0.362s] Level 1:colcon.colcon_core.package_identification:_identify(src/tiago_pro_head_robot/tiago_pro_head_robot) by extension 'ros'
[0.362s] DEBUG:colcon.colcon_core.package_identification:Package 'src/tiago_pro_head_robot/tiago_pro_head_robot' with type 'ros.ament_cmake' and name 'tiago_pro_head_robot'
[0.362s] Level 1:colcon.colcon_core.package_identification:_identify(src/tiago_pro_robot) by extensions ['ignore', 'ignore_ament_install']
[0.362s] Level 1:colcon.colcon_core.package_identification:_identify(src/tiago_pro_robot) by extension 'ignore'
[0.362s] Level 1:colcon.colcon_core.package_identification:_identify(src/tiago_pro_robot) by extension 'ignore_ament_install'
[0.362s] Level 1:colcon.colcon_core.package_identification:_identify(src/tiago_pro_robot) by extensions ['colcon_pkg']
[0.362s] Level 1:colcon.colcon_core.package_identification:_identify(src/tiago_pro_robot) by extension 'colcon_pkg'
[0.362s] Level 1:colcon.colcon_core.package_identification:_identify(src/tiago_pro_robot) by extensions ['colcon_meta']
[0.362s] Level 1:colcon.colcon_core.package_identification:_identify(src/tiago_pro_robot) by extension 'colcon_meta'
[0.362s] Level 1:colcon.colcon_core.package_identification:_identify(src/tiago_pro_robot) by extensions ['ros']
[0.362s] Level 1:colcon.colcon_core.package_identification:_identify(src/tiago_pro_robot) by extension 'ros'
[0.362s] Level 1:colcon.colcon_core.package_identification:_identify(src/tiago_pro_robot) by extensions ['cmake', 'python']
[0.362s] Level 1:colcon.colcon_core.package_identification:_identify(src/tiago_pro_robot) by extension 'cmake'
[0.363s] Level 1:colcon.colcon_core.package_identification:_identify(src/tiago_pro_robot) by extension 'python'
[0.363s] Level 1:colcon.colcon_core.package_identification:_identify(src/tiago_pro_robot) by extensions ['python_setup_py']
[0.363s] Level 1:colcon.colcon_core.package_identification:_identify(src/tiago_pro_robot) by extension 'python_setup_py'
[0.363s] Level 1:colcon.colcon_core.package_identification:_identify(src/tiago_pro_robot/tiago_pro_bringup) by extensions ['ignore', 'ignore_ament_install']
[0.363s] Level 1:colcon.colcon_core.package_identification:_identify(src/tiago_pro_robot/tiago_pro_bringup) by extension 'ignore'
[0.363s] Level 1:colcon.colcon_core.package_identification:_identify(src/tiago_pro_robot/tiago_pro_bringup) by extension 'ignore_ament_install'
[0.363s] Level 1:colcon.colcon_core.package_identification:_identify(src/tiago_pro_robot/tiago_pro_bringup) by extensions ['colcon_pkg']
[0.363s] Level 1:colcon.colcon_core.package_identification:_identify(src/tiago_pro_robot/tiago_pro_bringup) by extension 'colcon_pkg'
[0.363s] Level 1:colcon.colcon_core.package_identification:_identify(src/tiago_pro_robot/tiago_pro_bringup) by extensions ['colcon_meta']
[0.363s] Level 1:colcon.colcon_core.package_identification:_identify(src/tiago_pro_robot/tiago_pro_bringup) by extension 'colcon_meta'
[0.363s] Level 1:colcon.colcon_core.package_identification:_identify(src/tiago_pro_robot/tiago_pro_bringup) by extensions ['ros']
[0.363s] Level 1:colcon.colcon_core.package_identification:_identify(src/tiago_pro_robot/tiago_pro_bringup) by extension 'ros'
[0.364s] DEBUG:colcon.colcon_core.package_identification:Package 'src/tiago_pro_robot/tiago_pro_bringup' with type 'ros.ament_cmake' and name 'tiago_pro_bringup'
[0.364s] Level 1:colcon.colcon_core.package_identification:_identify(src/tiago_pro_robot/tiago_pro_controller_configuration) by extensions ['ignore', 'ignore_ament_install']
[0.364s] Level 1:colcon.colcon_core.package_identification:_identify(src/tiago_pro_robot/tiago_pro_controller_configuration) by extension 'ignore'
[0.364s] Level 1:colcon.colcon_core.package_identification:_identify(src/tiago_pro_robot/tiago_pro_controller_configuration) by extension 'ignore_ament_install'
[0.365s] Level 1:colcon.colcon_core.package_identification:_identify(src/tiago_pro_robot/tiago_pro_controller_configuration) by extensions ['colcon_pkg']
[0.365s] Level 1:colcon.colcon_core.package_identification:_identify(src/tiago_pro_robot/tiago_pro_controller_configuration) by extension 'colcon_pkg'
[0.365s] Level 1:colcon.colcon_core.package_identification:_identify(src/tiago_pro_robot/tiago_pro_controller_configuration) by extensions ['colcon_meta']
[0.365s] Level 1:colcon.colcon_core.package_identification:_identify(src/tiago_pro_robot/tiago_pro_controller_configuration) by extension 'colcon_meta'
[0.365s] Level 1:colcon.colcon_core.package_identification:_identify(src/tiago_pro_robot/tiago_pro_controller_configuration) by extensions ['ros']
[0.365s] Level 1:colcon.colcon_core.package_identification:_identify(src/tiago_pro_robot/tiago_pro_controller_configuration) by extension 'ros'
[0.367s] DEBUG:colcon.colcon_core.package_identification:Package 'src/tiago_pro_robot/tiago_pro_controller_configuration' with type 'ros.ament_cmake' and name 'tiago_pro_controller_configuration'
[0.367s] Level 1:colcon.colcon_core.package_identification:_identify(src/tiago_pro_robot/tiago_pro_description) by extensions ['ignore', 'ignore_ament_install']
[0.367s] Level 1:colcon.colcon_core.package_identification:_identify(src/tiago_pro_robot/tiago_pro_description) by extension 'ignore'
[0.367s] Level 1:colcon.colcon_core.package_identification:_identify(src/tiago_pro_robot/tiago_pro_description) by extension 'ignore_ament_install'
[0.367s] Level 1:colcon.colcon_core.package_identification:_identify(src/tiago_pro_robot/tiago_pro_description) by extensions ['colcon_pkg']
[0.367s] Level 1:colcon.colcon_core.package_identification:_identify(src/tiago_pro_robot/tiago_pro_description) by extension 'colcon_pkg'
[0.367s] Level 1:colcon.colcon_core.package_identification:_identify(src/tiago_pro_robot/tiago_pro_description) by extensions ['colcon_meta']
[0.367s] Level 1:colcon.colcon_core.package_identification:_identify(src/tiago_pro_robot/tiago_pro_description) by extension 'colcon_meta'
[0.368s] Level 1:colcon.colcon_core.package_identification:_identify(src/tiago_pro_robot/tiago_pro_description) by extensions ['ros']
[0.368s] Level 1:colcon.colcon_core.package_identification:_identify(src/tiago_pro_robot/tiago_pro_description) by extension 'ros'
[0.369s] DEBUG:colcon.colcon_core.package_identification:Package 'src/tiago_pro_robot/tiago_pro_description' with type 'ros.ament_cmake' and name 'tiago_pro_description'
[0.369s] Level 1:colcon.colcon_core.package_identification:_identify(src/tiago_pro_robot/tiago_pro_robot) by extensions ['ignore', 'ignore_ament_install']
[0.369s] Level 1:colcon.colcon_core.package_identification:_identify(src/tiago_pro_robot/tiago_pro_robot) by extension 'ignore'
[0.369s] Level 1:colcon.colcon_core.package_identification:_identify(src/tiago_pro_robot/tiago_pro_robot) by extension 'ignore_ament_install'
[0.369s] Level 1:colcon.colcon_core.package_identification:_identify(src/tiago_pro_robot/tiago_pro_robot) by extensions ['colcon_pkg']
[0.369s] Level 1:colcon.colcon_core.package_identification:_identify(src/tiago_pro_robot/tiago_pro_robot) by extension 'colcon_pkg'
[0.369s] Level 1:colcon.colcon_core.package_identification:_identify(src/tiago_pro_robot/tiago_pro_robot) by extensions ['colcon_meta']
[0.369s] Level 1:colcon.colcon_core.package_identification:_identify(src/tiago_pro_robot/tiago_pro_robot) by extension 'colcon_meta'
[0.369s] Level 1:colcon.colcon_core.package_identification:_identify(src/tiago_pro_robot/tiago_pro_robot) by extensions ['ros']
[0.369s] Level 1:colcon.colcon_core.package_identification:_identify(src/tiago_pro_robot/tiago_pro_robot) by extension 'ros'
[0.370s] DEBUG:colcon.colcon_core.package_identification:Package 'src/tiago_pro_robot/tiago_pro_robot' with type 'ros.ament_cmake' and name 'tiago_pro_robot'
[0.370s] Level 1:colcon.colcon_core.package_discovery:discover_packages(recursive) using defaults
[0.370s] Level 1:colcon.colcon_core.package_discovery:discover_packages(ignore) discover
[0.370s] Level 1:colcon.colcon_core.package_discovery:discover_packages(ignore) using defaults
[0.370s] Level 1:colcon.colcon_core.package_discovery:discover_packages(path) discover
[0.370s] Level 1:colcon.colcon_core.package_discovery:discover_packages(path) using defaults
[0.406s] Level 5:colcon.colcon_core.verb:set package 'erc_description' build argument 'cmake_args' from command line to 'None'
[0.406s] Level 5:colcon.colcon_core.verb:set package 'erc_description' build argument 'cmake_target' from command line to 'None'
[0.406s] Level 5:colcon.colcon_core.verb:set package 'erc_description' build argument 'cmake_target_skip_unavailable' from command line to 'False'
[0.406s] Level 5:colcon.colcon_core.verb:set package 'erc_description' build argument 'cmake_clean_cache' from command line to 'False'
[0.406s] Level 5:colcon.colcon_core.verb:set package 'erc_description' build argument 'cmake_clean_first' from command line to 'False'
[0.406s] Level 5:colcon.colcon_core.verb:set package 'erc_description' build argument 'cmake_force_configure' from command line to 'False'
[0.406s] Level 5:colcon.colcon_core.verb:set package 'erc_description' build argument 'ament_cmake_args' from command line to 'None'
[0.406s] Level 5:colcon.colcon_core.verb:set package 'erc_description' build argument 'catkin_cmake_args' from command line to 'None'
[0.407s] Level 5:colcon.colcon_core.verb:set package 'erc_description' build argument 'catkin_skip_building_tests' from command line to 'False'
[0.407s] DEBUG:colcon.colcon_core.verb:Building package 'erc_description' with the following arguments: {'ament_cmake_args': None, 'build_base': '/opt/erc_ws/build/erc_description', 'catkin_cmake_args': None, 'catkin_skip_building_tests': False, 'cmake_args': None, 'cmake_clean_cache': False, 'cmake_clean_first': False, 'cmake_force_configure': False, 'cmake_target': None, 'cmake_target_skip_unavailable': False, 'install_base': '/opt/erc_ws/install/erc_description', 'merge_install': False, 'path': '/opt/erc_ws/src/erc_description', 'symlink_install': True, 'test_result_base': None}
[0.407s] Level 5:colcon.colcon_core.verb:set package 'erc_solution' build argument 'cmake_args' from command line to 'None'
[0.407s] Level 5:colcon.colcon_core.verb:set package 'erc_solution' build argument 'cmake_target' from command line to 'None'
[0.407s] Level 5:colcon.colcon_core.verb:set package 'erc_solution' build argument 'cmake_target_skip_unavailable' from command line to 'False'
[0.407s] Level 5:colcon.colcon_core.verb:set package 'erc_solution' build argument 'cmake_clean_cache' from command line to 'False'
[0.407s] Level 5:colcon.colcon_core.verb:set package 'erc_solution' build argument 'cmake_clean_first' from command line to 'False'
[0.407s] Level 5:colcon.colcon_core.verb:set package 'erc_solution' build argument 'cmake_force_configure' from command line to 'False'
[0.407s] Level 5:colcon.colcon_core.verb:set package 'erc_solution' build argument 'ament_cmake_args' from command line to 'None'
[0.407s] Level 5:colcon.colcon_core.verb:set package 'erc_solution' build argument 'catkin_cmake_args' from command line to 'None'
[0.407s] Level 5:colcon.colcon_core.verb:set package 'erc_solution' build argument 'catkin_skip_building_tests' from command line to 'False'
[0.407s] DEBUG:colcon.colcon_core.verb:Building package 'erc_solution' with the following arguments: {'ament_cmake_args': None, 'build_base': '/opt/erc_ws/build/erc_solution', 'catkin_cmake_args': None, 'catkin_skip_building_tests': False, 'cmake_args': None, 'cmake_clean_cache': False, 'cmake_clean_first': False, 'cmake_force_configure': False, 'cmake_target': None, 'cmake_target_skip_unavailable': False, 'install_base': '/opt/erc_ws/install/erc_solution', 'merge_install': False, 'path': '/opt/erc_ws/src/erc_solution', 'symlink_install': True, 'test_result_base': None}
[0.408s] Level 5:colcon.colcon_core.verb:set package 'gz_ros2_control' build argument 'cmake_args' from command line to 'None'
[0.408s] Level 5:colcon.colcon_core.verb:set package 'gz_ros2_control' build argument 'cmake_target' from command line to 'None'
[0.408s] Level 5:colcon.colcon_core.verb:set package 'gz_ros2_control' build argument 'cmake_target_skip_unavailable' from command line to 'False'
[0.408s] Level 5:colcon.colcon_core.verb:set package 'gz_ros2_control' build argument 'cmake_clean_cache' from command line to 'False'
[0.408s] Level 5:colcon.colcon_core.verb:set package 'gz_ros2_control' build argument 'cmake_clean_first' from command line to 'False'
[0.408s] Level 5:colcon.colcon_core.verb:set package 'gz_ros2_control' build argument 'cmake_force_configure' from command line to 'False'
[0.408s] Level 5:colcon.colcon_core.verb:set package 'gz_ros2_control' build argument 'ament_cmake_args' from command line to 'None'
[0.408s] Level 5:colcon.colcon_core.verb:set package 'gz_ros2_control' build argument 'catkin_cmake_args' from command line to 'None'
[0.408s] Level 5:colcon.colcon_core.verb:set package 'gz_ros2_control' build argument 'catkin_skip_building_tests' from command line to 'False'
[0.408s] DEBUG:colcon.colcon_core.verb:Building package 'gz_ros2_control' with the following arguments: {'ament_cmake_args': None, 'build_base': '/opt/erc_ws/build/gz_ros2_control', 'catkin_cmake_args': None, 'catkin_skip_building_tests': False, 'cmake_args': None, 'cmake_clean_cache': False, 'cmake_clean_first': False, 'cmake_force_configure': False, 'cmake_target': None, 'cmake_target_skip_unavailable': False, 'install_base': '/opt/erc_ws/install/gz_ros2_control', 'merge_install': False, 'path': '/opt/erc_ws/src/gz_ros2_control/gz_ros2_control', 'symlink_install': True, 'test_result_base': None}
[0.409s] Level 5:colcon.colcon_core.verb:set package 'launch_pal' build argument 'cmake_args' from command line to 'None'
[0.409s] Level 5:colcon.colcon_core.verb:set package 'launch_pal' build argument 'cmake_target' from command line to 'None'
[0.409s] Level 5:colcon.colcon_core.verb:set package 'launch_pal' build argument 'cmake_target_skip_unavailable' from command line to 'False'
[0.409s] Level 5:colcon.colcon_core.verb:set package 'launch_pal' build argument 'cmake_clean_cache' from command line to 'False'
[0.409s] Level 5:colcon.colcon_core.verb:set package 'launch_pal' build argument 'cmake_clean_first' from command line to 'False'
[0.409s] Level 5:colcon.colcon_core.verb:set package 'launch_pal' build argument 'cmake_force_configure' from command line to 'False'
[0.409s] Level 5:colcon.colcon_core.verb:set package 'launch_pal' build argument 'ament_cmake_args' from command line to 'None'
[0.409s] Level 5:colcon.colcon_core.verb:set package 'launch_pal' build argument 'catkin_cmake_args' from command line to 'None'
[0.409s] Level 5:colcon.colcon_core.verb:set package 'launch_pal' build argument 'catkin_skip_building_tests' from command line to 'False'
[0.409s] DEBUG:colcon.colcon_core.verb:Building package 'launch_pal' with the following arguments: {'ament_cmake_args': None, 'build_base': '/opt/erc_ws/build/launch_pal', 'catkin_cmake_args': None, 'catkin_skip_building_tests': False, 'cmake_args': None, 'cmake_clean_cache': False, 'cmake_clean_first': False, 'cmake_force_configure': False, 'cmake_target': None, 'cmake_target_skip_unavailable': False, 'install_base': '/opt/erc_ws/install/launch_pal', 'merge_install': False, 'path': '/opt/erc_ws/src/launch_pal', 'symlink_install': True, 'test_result_base': None}
[0.409s] Level 5:colcon.colcon_core.verb:set package 'omni_base_controller_configuration' build argument 'cmake_args' from command line to 'None'
[0.409s] Level 5:colcon.colcon_core.verb:set package 'omni_base_controller_configuration' build argument 'cmake_target' from command line to 'None'
[0.409s] Level 5:colcon.colcon_core.verb:set package 'omni_base_controller_configuration' build argument 'cmake_target_skip_unavailable' from command line to 'False'
[0.409s] Level 5:colcon.colcon_core.verb:set package 'omni_base_controller_configuration' build argument 'cmake_clean_cache' from command line to 'False'
[0.409s] Level 5:colcon.colcon_core.verb:set package 'omni_base_controller_configuration' build argument 'cmake_clean_first' from command line to 'False'
[0.409s] Level 5:colcon.colcon_core.verb:set package 'omni_base_controller_configuration' build argument 'cmake_force_configure' from command line to 'False'
[0.409s] Level 5:colcon.colcon_core.verb:set package 'omni_base_controller_configuration' build argument 'ament_cmake_args' from command line to 'None'
[0.409s] Level 5:colcon.colcon_core.verb:set package 'omni_base_controller_configuration' build argument 'catkin_cmake_args' from command line to 'None'
[0.409s] Level 5:colcon.colcon_core.verb:set package 'omni_base_controller_configuration' build argument 'catkin_skip_building_tests' from command line to 'False'
[0.409s] DEBUG:colcon.colcon_core.verb:Building package 'omni_base_controller_configuration' with the following arguments: {'ament_cmake_args': None, 'build_base': '/opt/erc_ws/build/omni_base_controller_configuration', 'catkin_cmake_args': None, 'catkin_skip_building_tests': False, 'cmake_args': None, 'cmake_clean_cache': False, 'cmake_clean_first': False, 'cmake_force_configure': False, 'cmake_target': None, 'cmake_target_skip_unavailable': False, 'install_base': '/opt/erc_ws/install/omni_base_controller_configuration', 'merge_install': False, 'path': '/opt/erc_ws/src/omni_base_robot/omni_base_controller_configuration', 'symlink_install': True, 'test_result_base': None}
[0.410s] Level 5:colcon.colcon_core.verb:set package 'pal_gripper_controller_configuration' build argument 'cmake_args' from command line to 'None'
[0.410s] Level 5:colcon.colcon_core.verb:set package 'pal_gripper_controller_configuration' build argument 'cmake_target' from command line to 'None'
[0.410s] Level 5:colcon.colcon_core.verb:set package 'pal_gripper_controller_configuration' build argument 'cmake_target_skip_unavailable' from command line to 'False'
[0.410s] Level 5:colcon.colcon_core.verb:set package 'pal_gripper_controller_configuration' build argument 'cmake_clean_cache' from command line to 'False'
[0.410s] Level 5:colcon.colcon_core.verb:set package 'pal_gripper_controller_configuration' build argument 'cmake_clean_first' from command line to 'False'
[0.410s] Level 5:colcon.colcon_core.verb:set package 'pal_gripper_controller_configuration' build argument 'cmake_force_configure' from command line to 'False'
[0.410s] Level 5:colcon.colcon_core.verb:set package 'pal_gripper_controller_configuration' build argument 'ament_cmake_args' from command line to 'None'
[0.410s] Level 5:colcon.colcon_core.verb:set package 'pal_gripper_controller_configuration' build argument 'catkin_cmake_args' from command line to 'None'
[0.410s] Level 5:colcon.colcon_core.verb:set package 'pal_gripper_controller_configuration' build argument 'catkin_skip_building_tests' from command line to 'False'
[0.410s] DEBUG:colcon.colcon_core.verb:Building package 'pal_gripper_controller_configuration' with the following arguments: {'ament_cmake_args': None, 'build_base': '/opt/erc_ws/build/pal_gripper_controller_configuration', 'catkin_cmake_args': None, 'catkin_skip_building_tests': False, 'cmake_args': None, 'cmake_clean_cache': False, 'cmake_clean_first': False, 'cmake_force_configure': False, 'cmake_target': None, 'cmake_target_skip_unavailable': False, 'install_base': '/opt/erc_ws/install/pal_gripper_controller_configuration', 'merge_install': False, 'path': '/opt/erc_ws/src/pal_gripper/pal_gripper_controller_configuration', 'symlink_install': True, 'test_result_base': None}
[0.410s] Level 5:colcon.colcon_core.verb:set package 'pal_pro_gripper_wrapper' build argument 'cmake_args' from command line to 'None'
[0.410s] Level 5:colcon.colcon_core.verb:set package 'pal_pro_gripper_wrapper' build argument 'cmake_target' from command line to 'None'
[0.410s] Level 5:colcon.colcon_core.verb:set package 'pal_pro_gripper_wrapper' build argument 'cmake_target_skip_unavailable' from command line to 'False'
[0.410s] Level 5:colcon.colcon_core.verb:set package 'pal_pro_gripper_wrapper' build argument 'cmake_clean_cache' from command line to 'False'
[0.410s] Level 5:colcon.colcon_core.verb:set package 'pal_pro_gripper_wrapper' build argument 'cmake_clean_first' from command line to 'False'
[0.410s] Level 5:colcon.colcon_core.verb:set package 'pal_pro_gripper_wrapper' build argument 'cmake_force_configure' from command line to 'False'
[0.410s] Level 5:colcon.colcon_core.verb:set package 'pal_pro_gripper_wrapper' build argument 'ament_cmake_args' from command line to 'None'
[0.410s] Level 5:colcon.colcon_core.verb:set package 'pal_pro_gripper_wrapper' build argument 'catkin_cmake_args' from command line to 'None'
[0.410s] Level 5:colcon.colcon_core.verb:set package 'pal_pro_gripper_wrapper' build argument 'catkin_skip_building_tests' from command line to 'False'
[0.410s] DEBUG:colcon.colcon_core.verb:Building package 'pal_pro_gripper_wrapper' with the following arguments: {'ament_cmake_args': None, 'build_base': '/opt/erc_ws/build/pal_pro_gripper_wrapper', 'catkin_cmake_args': None, 'catkin_skip_building_tests': False, 'cmake_args': None, 'cmake_clean_cache': False, 'cmake_clean_first': False, 'cmake_force_configure': False, 'cmake_target': None, 'cmake_target_skip_unavailable': False, 'install_base': '/opt/erc_ws/install/pal_pro_gripper_wrapper', 'merge_install': False, 'path': '/opt/erc_ws/src/pal_pro_gripper/pal_pro_gripper_wrapper', 'symlink_install': True, 'test_result_base': None}
[0.411s] Level 5:colcon.colcon_core.verb:set package 'pal_urdf_utils' build argument 'cmake_args' from command line to 'None'
[0.411s] Level 5:colcon.colcon_core.verb:set package 'pal_urdf_utils' build argument 'cmake_target' from command line to 'None'
[0.411s] Level 5:colcon.colcon_core.verb:set package 'pal_urdf_utils' build argument 'cmake_target_skip_unavailable' from command line to 'False'
[0.411s] Level 5:colcon.colcon_core.verb:set package 'pal_urdf_utils' build argument 'cmake_clean_cache' from command line to 'False'
[0.411s] Level 5:colcon.colcon_core.verb:set package 'pal_urdf_utils' build argument 'cmake_clean_first' from command line to 'False'
[0.411s] Level 5:colcon.colcon_core.verb:set package 'pal_urdf_utils' build argument 'cmake_force_configure' from command line to 'False'
[0.411s] Level 5:colcon.colcon_core.verb:set package 'pal_urdf_utils' build argument 'ament_cmake_args' from command line to 'None'
[0.411s] Level 5:colcon.colcon_core.verb:set package 'pal_urdf_utils' build argument 'catkin_cmake_args' from command line to 'None'
[0.411s] Level 5:colcon.colcon_core.verb:set package 'pal_urdf_utils' build argument 'catkin_skip_building_tests' from command line to 'False'
[0.411s] DEBUG:colcon.colcon_core.verb:Building package 'pal_urdf_utils' with the following arguments: {'ament_cmake_args': None, 'build_base': '/opt/erc_ws/build/pal_urdf_utils', 'catkin_cmake_args': None, 'catkin_skip_building_tests': False, 'cmake_args': None, 'cmake_clean_cache': False, 'cmake_clean_first': False, 'cmake_force_configure': False, 'cmake_target': None, 'cmake_target_skip_unavailable': False, 'install_base': '/opt/erc_ws/install/pal_urdf_utils', 'merge_install': False, 'path': '/opt/erc_ws/src/pal_urdf_utils', 'symlink_install': True, 'test_result_base': None}
[0.411s] Level 5:colcon.colcon_core.verb:set package 'sensors' build argument 'cmake_args' from command line to 'None'
[0.411s] Level 5:colcon.colcon_core.verb:set package 'sensors' build argument 'cmake_target' from command line to 'None'
[0.411s] Level 5:colcon.colcon_core.verb:set package 'sensors' build argument 'cmake_target_skip_unavailable' from command line to 'False'
[0.411s] Level 5:colcon.colcon_core.verb:set package 'sensors' build argument 'cmake_clean_cache' from command line to 'False'
[0.411s] Level 5:colcon.colcon_core.verb:set package 'sensors' build argument 'cmake_clean_first' from command line to 'False'
[0.411s] Level 5:colcon.colcon_core.verb:set package 'sensors' build argument 'cmake_force_configure' from command line to 'False'
[0.411s] Level 5:colcon.colcon_core.verb:set package 'sensors' build argument 'ament_cmake_args' from command line to 'None'
[0.412s] Level 5:colcon.colcon_core.verb:set package 'sensors' build argument 'catkin_cmake_args' from command line to 'None'
[0.412s] Level 5:colcon.colcon_core.verb:set package 'sensors' build argument 'catkin_skip_building_tests' from command line to 'False'
[0.412s] DEBUG:colcon.colcon_core.verb:Building package 'sensors' with the following arguments: {'ament_cmake_args': None, 'build_base': '/opt/erc_ws/build/sensors', 'catkin_cmake_args': None, 'catkin_skip_building_tests': False, 'cmake_args': None, 'cmake_clean_cache': False, 'cmake_clean_first': False, 'cmake_force_configure': False, 'cmake_target': None, 'cmake_target_skip_unavailable': False, 'install_base': '/opt/erc_ws/install/sensors', 'merge_install': False, 'path': '/opt/erc_ws/src/sensors', 'symlink_install': True, 'test_result_base': None}
[0.412s] Level 5:colcon.colcon_core.verb:set package 'omni_base_description' build argument 'cmake_args' from command line to 'None'
[0.412s] Level 5:colcon.colcon_core.verb:set package 'omni_base_description' build argument 'cmake_target' from command line to 'None'
[0.412s] Level 5:colcon.colcon_core.verb:set package 'omni_base_description' build argument 'cmake_target_skip_unavailable' from command line to 'False'
[0.412s] Level 5:colcon.colcon_core.verb:set package 'omni_base_description' build argument 'cmake_clean_cache' from command line to 'False'
[0.412s] Level 5:colcon.colcon_core.verb:set package 'omni_base_description' build argument 'cmake_clean_first' from command line to 'False'
[0.412s] Level 5:colcon.colcon_core.verb:set package 'omni_base_description' build argument 'cmake_force_configure' from command line to 'False'
[0.412s] Level 5:colcon.colcon_core.verb:set package 'omni_base_description' build argument 'ament_cmake_args' from command line to 'None'
[0.412s] Level 5:colcon.colcon_core.verb:set package 'omni_base_description' build argument 'catkin_cmake_args' from command line to 'None'
[0.412s] Level 5:colcon.colcon_core.verb:set package 'omni_base_description' build argument 'catkin_skip_building_tests' from command line to 'False'
[0.412s] DEBUG:colcon.colcon_core.verb:Building package 'omni_base_description' with the following arguments: {'ament_cmake_args': None, 'build_base': '/opt/erc_ws/build/omni_base_description', 'catkin_cmake_args': None, 'catkin_skip_building_tests': False, 'cmake_args': None, 'cmake_clean_cache': False, 'cmake_clean_first': False, 'cmake_force_configure': False, 'cmake_target': None, 'cmake_target_skip_unavailable': False, 'install_base': '/opt/erc_ws/install/omni_base_description', 'merge_install': False, 'path': '/opt/erc_ws/src/omni_base_robot/omni_base_description', 'symlink_install': True, 'test_result_base': None}
[0.413s] Level 5:colcon.colcon_core.verb:set package 'pal_gripper_description' build argument 'cmake_args' from command line to 'None'
[0.413s] Level 5:colcon.colcon_core.verb:set package 'pal_gripper_description' build argument 'cmake_target' from command line to 'None'
[0.413s] Level 5:colcon.colcon_core.verb:set package 'pal_gripper_description' build argument 'cmake_target_skip_unavailable' from command line to 'False'
[0.413s] Level 5:colcon.colcon_core.verb:set package 'pal_gripper_description' build argument 'cmake_clean_cache' from command line to 'False'
[0.413s] Level 5:colcon.colcon_core.verb:set package 'pal_gripper_description' build argument 'cmake_clean_first' from command line to 'False'
[0.413s] Level 5:colcon.colcon_core.verb:set package 'pal_gripper_description' build argument 'cmake_force_configure' from command line to 'False'
[0.413s] Level 5:colcon.colcon_core.verb:set package 'pal_gripper_description' build argument 'ament_cmake_args' from command line to 'None'
[0.413s] Level 5:colcon.colcon_core.verb:set package 'pal_gripper_description' build argument 'catkin_cmake_args' from command line to 'None'
[0.413s] Level 5:colcon.colcon_core.verb:set package 'pal_gripper_description' build argument 'catkin_skip_building_tests' from command line to 'False'
[0.413s] DEBUG:colcon.colcon_core.verb:Building package 'pal_gripper_description' with the following arguments: {'ament_cmake_args': None, 'build_base': '/opt/erc_ws/build/pal_gripper_description', 'catkin_cmake_args': None, 'catkin_skip_building_tests': False, 'cmake_args': None, 'cmake_clean_cache': False, 'cmake_clean_first': False, 'cmake_force_configure': False, 'cmake_target': None, 'cmake_target_skip_unavailable': False, 'install_base': '/opt/erc_ws/install/pal_gripper_description', 'merge_install': False, 'path': '/opt/erc_ws/src/pal_gripper/pal_gripper_description', 'symlink_install': True, 'test_result_base': None}
[0.413s] Level 5:colcon.colcon_core.verb:set package 'pal_pro_gripper_controller_configuration' build argument 'cmake_args' from command line to 'None'
[0.413s] Level 5:colcon.colcon_core.verb:set package 'pal_pro_gripper_controller_configuration' build argument 'cmake_target' from command line to 'None'
[0.413s] Level 5:colcon.colcon_core.verb:set package 'pal_pro_gripper_controller_configuration' build argument 'cmake_target_skip_unavailable' from command line to 'False'
[0.413s] Level 5:colcon.colcon_core.verb:set package 'pal_pro_gripper_controller_configuration' build argument 'cmake_clean_cache' from command line to 'False'
[0.414s] Level 5:colcon.colcon_core.verb:set package 'pal_pro_gripper_controller_configuration' build argument 'cmake_clean_first' from command line to 'False'
[0.414s] Level 5:colcon.colcon_core.verb:set package 'pal_pro_gripper_controller_configuration' build argument 'cmake_force_configure' from command line to 'False'
[0.414s] Level 5:colcon.colcon_core.verb:set package 'pal_pro_gripper_controller_configuration' build argument 'ament_cmake_args' from command line to 'None'
[0.414s] Level 5:colcon.colcon_core.verb:set package 'pal_pro_gripper_controller_configuration' build argument 'catkin_cmake_args' from command line to 'None'
[0.414s] Level 5:colcon.colcon_core.verb:set package 'pal_pro_gripper_controller_configuration' build argument 'catkin_skip_building_tests' from command line to 'False'
[0.414s] DEBUG:colcon.colcon_core.verb:Building package 'pal_pro_gripper_controller_configuration' with the following arguments: {'ament_cmake_args': None, 'build_base': '/opt/erc_ws/build/pal_pro_gripper_controller_configuration', 'catkin_cmake_args': None, 'catkin_skip_building_tests': False, 'cmake_args': None, 'cmake_clean_cache': False, 'cmake_clean_first': False, 'cmake_force_configure': False, 'cmake_target': None, 'cmake_target_skip_unavailable': False, 'install_base': '/opt/erc_ws/install/pal_pro_gripper_controller_configuration', 'merge_install': False, 'path': '/opt/erc_ws/src/pal_pro_gripper/pal_pro_gripper_controller_configuration', 'symlink_install': True, 'test_result_base': None}
[0.414s] Level 5:colcon.colcon_core.verb:set package 'pal_pro_gripper_description' build argument 'cmake_args' from command line to 'None'
[0.414s] Level 5:colcon.colcon_core.verb:set package 'pal_pro_gripper_description' build argument 'cmake_target' from command line to 'None'
[0.414s] Level 5:colcon.colcon_core.verb:set package 'pal_pro_gripper_description' build argument 'cmake_target_skip_unavailable' from command line to 'False'
[0.414s] Level 5:colcon.colcon_core.verb:set package 'pal_pro_gripper_description' build argument 'cmake_clean_cache' from command line to 'False'
[0.414s] Level 5:colcon.colcon_core.verb:set package 'pal_pro_gripper_description' build argument 'cmake_clean_first' from command line to 'False'
[0.414s] Level 5:colcon.colcon_core.verb:set package 'pal_pro_gripper_description' build argument 'cmake_force_configure' from command line to 'False'
[0.414s] Level 5:colcon.colcon_core.verb:set package 'pal_pro_gripper_description' build argument 'ament_cmake_args' from command line to 'None'
[0.414s] Level 5:colcon.colcon_core.verb:set package 'pal_pro_gripper_description' build argument 'catkin_cmake_args' from command line to 'None'
[0.414s] Level 5:colcon.colcon_core.verb:set package 'pal_pro_gripper_description' build argument 'catkin_skip_building_tests' from command line to 'False'
[0.414s] DEBUG:colcon.colcon_core.verb:Building package 'pal_pro_gripper_description' with the following arguments: {'ament_cmake_args': None, 'build_base': '/opt/erc_ws/build/pal_pro_gripper_description', 'catkin_cmake_args': None, 'catkin_skip_building_tests': False, 'cmake_args': None, 'cmake_clean_cache': False, 'cmake_clean_first': False, 'cmake_force_configure': False, 'cmake_target': None, 'cmake_target_skip_unavailable': False, 'install_base': '/opt/erc_ws/install/pal_pro_gripper_description', 'merge_install': False, 'path': '/opt/erc_ws/src/pal_pro_gripper/pal_pro_gripper_description', 'symlink_install': True, 'test_result_base': None}
[0.415s] Level 5:colcon.colcon_core.verb:set package 'tiago_pro_head_controller_configuration' build argument 'cmake_args' from command line to 'None'
[0.415s] Level 5:colcon.colcon_core.verb:set package 'tiago_pro_head_controller_configuration' build argument 'cmake_target' from command line to 'None'
[0.415s] Level 5:colcon.colcon_core.verb:set package 'tiago_pro_head_controller_configuration' build argument 'cmake_target_skip_unavailable' from command line to 'False'
[0.415s] Level 5:colcon.colcon_core.verb:set package 'tiago_pro_head_controller_configuration' build argument 'cmake_clean_cache' from command line to 'False'
[0.415s] Level 5:colcon.colcon_core.verb:set package 'tiago_pro_head_controller_configuration' build argument 'cmake_clean_first' from command line to 'False'
[0.415s] Level 5:colcon.colcon_core.verb:set package 'tiago_pro_head_controller_configuration' build argument 'cmake_force_configure' from command line to 'False'
[0.415s] Level 5:colcon.colcon_core.verb:set package 'tiago_pro_head_controller_configuration' build argument 'ament_cmake_args' from command line to 'None'
[0.415s] Level 5:colcon.colcon_core.verb:set package 'tiago_pro_head_controller_configuration' build argument 'catkin_cmake_args' from command line to 'None'
[0.415s] Level 5:colcon.colcon_core.verb:set package 'tiago_pro_head_controller_configuration' build argument 'catkin_skip_building_tests' from command line to 'False'
[0.415s] DEBUG:colcon.colcon_core.verb:Building package 'tiago_pro_head_controller_configuration' with the following arguments: {'ament_cmake_args': None, 'build_base': '/opt/erc_ws/build/tiago_pro_head_controller_configuration', 'catkin_cmake_args': None, 'catkin_skip_building_tests': False, 'cmake_args': None, 'cmake_clean_cache': False, 'cmake_clean_first': False, 'cmake_force_configure': False, 'cmake_target': None, 'cmake_target_skip_unavailable': False, 'install_base': '/opt/erc_ws/install/tiago_pro_head_controller_configuration', 'merge_install': False, 'path': '/opt/erc_ws/src/tiago_pro_head_robot/tiago_pro_head_controller_configuration', 'symlink_install': True, 'test_result_base': None}
[0.415s] Level 5:colcon.colcon_core.verb:set package 'omni_base_bringup' build argument 'cmake_args' from command line to 'None'
[0.415s] Level 5:colcon.colcon_core.verb:set package 'omni_base_bringup' build argument 'cmake_target' from command line to 'None'
[0.415s] Level 5:colcon.colcon_core.verb:set package 'omni_base_bringup' build argument 'cmake_target_skip_unavailable' from command line to 'False'
[0.415s] Level 5:colcon.colcon_core.verb:set package 'omni_base_bringup' build argument 'cmake_clean_cache' from command line to 'False'
[0.415s] Level 5:colcon.colcon_core.verb:set package 'omni_base_bringup' build argument 'cmake_clean_first' from command line to 'False'
[0.415s] Level 5:colcon.colcon_core.verb:set package 'omni_base_bringup' build argument 'cmake_force_configure' from command line to 'False'
[0.415s] Level 5:colcon.colcon_core.verb:set package 'omni_base_bringup' build argument 'ament_cmake_args' from command line to 'None'
[0.415s] Level 5:colcon.colcon_core.verb:set package 'omni_base_bringup' build argument 'catkin_cmake_args' from command line to 'None'
[0.415s] Level 5:colcon.colcon_core.verb:set package 'omni_base_bringup' build argument 'catkin_skip_building_tests' from command line to 'False'
[0.415s] DEBUG:colcon.colcon_core.verb:Building package 'omni_base_bringup' with the following arguments: {'ament_cmake_args': None, 'build_base': '/opt/erc_ws/build/omni_base_bringup', 'catkin_cmake_args': None, 'catkin_skip_building_tests': False, 'cmake_args': None, 'cmake_clean_cache': False, 'cmake_clean_first': False, 'cmake_force_configure': False, 'cmake_target': None, 'cmake_target_skip_unavailable': False, 'install_base': '/opt/erc_ws/install/omni_base_bringup', 'merge_install': False, 'path': '/opt/erc_ws/src/omni_base_robot/omni_base_bringup', 'symlink_install': True, 'test_result_base': None}
[0.416s] Level 5:colcon.colcon_core.verb:set package 'pal_gripper' build argument 'cmake_args' from command line to 'None'
[0.416s] Level 5:colcon.colcon_core.verb:set package 'pal_gripper' build argument 'cmake_target' from command line to 'None'
[0.416s] Level 5:colcon.colcon_core.verb:set package 'pal_gripper' build argument 'cmake_target_skip_unavailable' from command line to 'False'
[0.416s] Level 5:colcon.colcon_core.verb:set package 'pal_gripper' build argument 'cmake_clean_cache' from command line to 'False'
[0.416s] Level 5:colcon.colcon_core.verb:set package 'pal_gripper' build argument 'cmake_clean_first' from command line to 'False'
[0.416s] Level 5:colcon.colcon_core.verb:set package 'pal_gripper' build argument 'cmake_force_configure' from command line to 'False'
[0.416s] Level 5:colcon.colcon_core.verb:set package 'pal_gripper' build argument 'ament_cmake_args' from command line to 'None'
[0.416s] Level 5:colcon.colcon_core.verb:set package 'pal_gripper' build argument 'catkin_cmake_args' from command line to 'None'
[0.416s] Level 5:colcon.colcon_core.verb:set package 'pal_gripper' build argument 'catkin_skip_building_tests' from command line to 'False'
[0.416s] DEBUG:colcon.colcon_core.verb:Building package 'pal_gripper' with the following arguments: {'ament_cmake_args': None, 'build_base': '/opt/erc_ws/build/pal_gripper', 'catkin_cmake_args': None, 'catkin_skip_building_tests': False, 'cmake_args': None, 'cmake_clean_cache': False, 'cmake_clean_first': False, 'cmake_force_configure': False, 'cmake_target': None, 'cmake_target_skip_unavailable': False, 'install_base': '/opt/erc_ws/install/pal_gripper', 'merge_install': False, 'path': '/opt/erc_ws/src/pal_gripper/pal_gripper', 'symlink_install': True, 'test_result_base': None}
[0.416s] Level 5:colcon.colcon_core.verb:set package 'pal_gripper_simulation' build argument 'cmake_args' from command line to 'None'
[0.416s] Level 5:colcon.colcon_core.verb:set package 'pal_gripper_simulation' build argument 'cmake_target' from command line to 'None'
[0.416s] Level 5:colcon.colcon_core.verb:set package 'pal_gripper_simulation' build argument 'cmake_target_skip_unavailable' from command line to 'False'
[0.416s] Level 5:colcon.colcon_core.verb:set package 'pal_gripper_simulation' build argument 'cmake_clean_cache' from command line to 'False'
[0.416s] Level 5:colcon.colcon_core.verb:set package 'pal_gripper_simulation' build argument 'cmake_clean_first' from command line to 'False'
[0.416s] Level 5:colcon.colcon_core.verb:set package 'pal_gripper_simulation' build argument 'cmake_force_configure' from command line to 'False'
[0.416s] Level 5:colcon.colcon_core.verb:set package 'pal_gripper_simulation' build argument 'ament_cmake_args' from command line to 'None'
[0.416s] Level 5:colcon.colcon_core.verb:set package 'pal_gripper_simulation' build argument 'catkin_cmake_args' from command line to 'None'
[0.416s] Level 5:colcon.colcon_core.verb:set package 'pal_gripper_simulation' build argument 'catkin_skip_building_tests' from command line to 'False'
[0.416s] DEBUG:colcon.colcon_core.verb:Building package 'pal_gripper_simulation' with the following arguments: {'ament_cmake_args': None, 'build_base': '/opt/erc_ws/build/pal_gripper_simulation', 'catkin_cmake_args': None, 'catkin_skip_building_tests': False, 'cmake_args': None, 'cmake_clean_cache': False, 'cmake_clean_first': False, 'cmake_force_configure': False, 'cmake_target': None, 'cmake_target_skip_unavailable': False, 'install_base': '/opt/erc_ws/install/pal_gripper_simulation', 'merge_install': False, 'path': '/opt/erc_ws/src/pal_gripper/pal_gripper_simulation', 'symlink_install': True, 'test_result_base': None}
[0.417s] Level 5:colcon.colcon_core.verb:set package 'pal_pro_gripper' build argument 'cmake_args' from command line to 'None'
[0.417s] Level 5:colcon.colcon_core.verb:set package 'pal_pro_gripper' build argument 'cmake_target' from command line to 'None'
[0.417s] Level 5:colcon.colcon_core.verb:set package 'pal_pro_gripper' build argument 'cmake_target_skip_unavailable' from command line to 'False'
[0.417s] Level 5:colcon.colcon_core.verb:set package 'pal_pro_gripper' build argument 'cmake_clean_cache' from command line to 'False'
[0.417s] Level 5:colcon.colcon_core.verb:set package 'pal_pro_gripper' build argument 'cmake_clean_first' from command line to 'False'
[0.417s] Level 5:colcon.colcon_core.verb:set package 'pal_pro_gripper' build argument 'cmake_force_configure' from command line to 'False'
[0.417s] Level 5:colcon.colcon_core.verb:set package 'pal_pro_gripper' build argument 'ament_cmake_args' from command line to 'None'
[0.417s] Level 5:colcon.colcon_core.verb:set package 'pal_pro_gripper' build argument 'catkin_cmake_args' from command line to 'None'
[0.417s] Level 5:colcon.colcon_core.verb:set package 'pal_pro_gripper' build argument 'catkin_skip_building_tests' from command line to 'False'
[0.417s] DEBUG:colcon.colcon_core.verb:Building package 'pal_pro_gripper' with the following arguments: {'ament_cmake_args': None, 'build_base': '/opt/erc_ws/build/pal_pro_gripper', 'catkin_cmake_args': None, 'catkin_skip_building_tests': False, 'cmake_args': None, 'cmake_clean_cache': False, 'cmake_clean_first': False, 'cmake_force_configure': False, 'cmake_target': None, 'cmake_target_skip_unavailable': False, 'install_base': '/opt/erc_ws/install/pal_pro_gripper', 'merge_install': False, 'path': '/opt/erc_ws/src/pal_pro_gripper/pal_pro_gripper', 'symlink_install': True, 'test_result_base': None}
[0.418s] Level 5:colcon.colcon_core.verb:set package 'pal_pro_gripper_bringup' build argument 'cmake_args' from command line to 'None'
[0.418s] Level 5:colcon.colcon_core.verb:set package 'pal_pro_gripper_bringup' build argument 'cmake_target' from command line to 'None'
[0.418s] Level 5:colcon.colcon_core.verb:set package 'pal_pro_gripper_bringup' build argument 'cmake_target_skip_unavailable' from command line to 'False'
[0.418s] Level 5:colcon.colcon_core.verb:set package 'pal_pro_gripper_bringup' build argument 'cmake_clean_cache' from command line to 'False'
[0.418s] Level 5:colcon.colcon_core.verb:set package 'pal_pro_gripper_bringup' build argument 'cmake_clean_first' from command line to 'False'
[0.418s] Level 5:colcon.colcon_core.verb:set package 'pal_pro_gripper_bringup' build argument 'cmake_force_configure' from command line to 'False'
[0.418s] Level 5:colcon.colcon_core.verb:set package 'pal_pro_gripper_bringup' build argument 'ament_cmake_args' from command line to 'None'
[0.418s] Level 5:colcon.colcon_core.verb:set package 'pal_pro_gripper_bringup' build argument 'catkin_cmake_args' from command line to 'None'
[0.418s] Level 5:colcon.colcon_core.verb:set package 'pal_pro_gripper_bringup' build argument 'catkin_skip_building_tests' from command line to 'False'
[0.418s] DEBUG:colcon.colcon_core.verb:Building package 'pal_pro_gripper_bringup' with the following arguments: {'ament_cmake_args': None, 'build_base': '/opt/erc_ws/build/pal_pro_gripper_bringup', 'catkin_cmake_args': None, 'catkin_skip_building_tests': False, 'cmake_args': None, 'cmake_clean_cache': False, 'cmake_clean_first': False, 'cmake_force_configure': False, 'cmake_target': None, 'cmake_target_skip_unavailable': False, 'install_base': '/opt/erc_ws/install/pal_pro_gripper_bringup', 'merge_install': False, 'path': '/opt/erc_ws/src/pal_pro_gripper/pal_pro_gripper_bringup', 'symlink_install': True, 'test_result_base': None}
[0.418s] Level 5:colcon.colcon_core.verb:set package 'pal_pro_gripper_simulation' build argument 'cmake_args' from command line to 'None'
[0.418s] Level 5:colcon.colcon_core.verb:set package 'pal_pro_gripper_simulation' build argument 'cmake_target' from command line to 'None'
[0.418s] Level 5:colcon.colcon_core.verb:set package 'pal_pro_gripper_simulation' build argument 'cmake_target_skip_unavailable' from command line to 'False'
[0.418s] Level 5:colcon.colcon_core.verb:set package 'pal_pro_gripper_simulation' build argument 'cmake_clean_cache' from command line to 'False'
[0.418s] Level 5:colcon.colcon_core.verb:set package 'pal_pro_gripper_simulation' build argument 'cmake_clean_first' from command line to 'False'
[0.418s] Level 5:colcon.colcon_core.verb:set package 'pal_pro_gripper_simulation' build argument 'cmake_force_configure' from command line to 'False'
[0.418s] Level 5:colcon.colcon_core.verb:set package 'pal_pro_gripper_simulation' build argument 'ament_cmake_args' from command line to 'None'
[0.418s] Level 5:colcon.colcon_core.verb:set package 'pal_pro_gripper_simulation' build argument 'catkin_cmake_args' from command line to 'None'
[0.418s] Level 5:colcon.colcon_core.verb:set package 'pal_pro_gripper_simulation' build argument 'catkin_skip_building_tests' from command line to 'False'
[0.418s] DEBUG:colcon.colcon_core.verb:Building package 'pal_pro_gripper_simulation' with the following arguments: {'ament_cmake_args': None, 'build_base': '/opt/erc_ws/build/pal_pro_gripper_simulation', 'catkin_cmake_args': None, 'catkin_skip_building_tests': False, 'cmake_args': None, 'cmake_clean_cache': False, 'cmake_clean_first': False, 'cmake_force_configure': False, 'cmake_target': None, 'cmake_target_skip_unavailable': False, 'install_base': '/opt/erc_ws/install/pal_pro_gripper_simulation', 'merge_install': False, 'path': '/opt/erc_ws/src/pal_pro_gripper/pal_pro_gripper_simulation', 'symlink_install': True, 'test_result_base': None}
[0.419s] Level 5:colcon.colcon_core.verb:set package 'pal_sea_arm_controller_configuration' build argument 'cmake_args' from command line to 'None'
[0.419s] Level 5:colcon.colcon_core.verb:set package 'pal_sea_arm_controller_configuration' build argument 'cmake_target' from command line to 'None'
[0.419s] Level 5:colcon.colcon_core.verb:set package 'pal_sea_arm_controller_configuration' build argument 'cmake_target_skip_unavailable' from command line to 'False'
[0.419s] Level 5:colcon.colcon_core.verb:set package 'pal_sea_arm_controller_configuration' build argument 'cmake_clean_cache' from command line to 'False'
[0.419s] Level 5:colcon.colcon_core.verb:set package 'pal_sea_arm_controller_configuration' build argument 'cmake_clean_first' from command line to 'False'
[0.419s] Level 5:colcon.colcon_core.verb:set package 'pal_sea_arm_controller_configuration' build argument 'cmake_force_configure' from command line to 'False'
[0.419s] Level 5:colcon.colcon_core.verb:set package 'pal_sea_arm_controller_configuration' build argument 'ament_cmake_args' from command line to 'None'
[0.419s] Level 5:colcon.colcon_core.verb:set package 'pal_sea_arm_controller_configuration' build argument 'catkin_cmake_args' from command line to 'None'
[0.419s] Level 5:colcon.colcon_core.verb:set package 'pal_sea_arm_controller_configuration' build argument 'catkin_skip_building_tests' from command line to 'False'
[0.419s] DEBUG:colcon.colcon_core.verb:Building package 'pal_sea_arm_controller_configuration' with the following arguments: {'ament_cmake_args': None, 'build_base': '/opt/erc_ws/build/pal_sea_arm_controller_configuration', 'catkin_cmake_args': None, 'catkin_skip_building_tests': False, 'cmake_args': None, 'cmake_clean_cache': False, 'cmake_clean_first': False, 'cmake_force_configure': False, 'cmake_target': None, 'cmake_target_skip_unavailable': False, 'install_base': '/opt/erc_ws/install/pal_sea_arm_controller_configuration', 'merge_install': False, 'path': '/opt/erc_ws/src/pal_sea_arm/pal_sea_arm_controller_configuration', 'symlink_install': True, 'test_result_base': None}
[0.419s] Level 5:colcon.colcon_core.verb:set package 'tiago_pro_head_description' build argument 'cmake_args' from command line to 'None'
[0.419s] Level 5:colcon.colcon_core.verb:set package 'tiago_pro_head_description' build argument 'cmake_target' from command line to 'None'
[0.419s] Level 5:colcon.colcon_core.verb:set package 'tiago_pro_head_description' build argument 'cmake_target_skip_unavailable' from command line to 'False'
[0.419s] Level 5:colcon.colcon_core.verb:set package 'tiago_pro_head_description' build argument 'cmake_clean_cache' from command line to 'False'
[0.419s] Level 5:colcon.colcon_core.verb:set package 'tiago_pro_head_description' build argument 'cmake_clean_first' from command line to 'False'
[0.419s] Level 5:colcon.colcon_core.verb:set package 'tiago_pro_head_description' build argument 'cmake_force_configure' from command line to 'False'
[0.419s] Level 5:colcon.colcon_core.verb:set package 'tiago_pro_head_description' build argument 'ament_cmake_args' from command line to 'None'
[0.419s] Level 5:colcon.colcon_core.verb:set package 'tiago_pro_head_description' build argument 'catkin_cmake_args' from command line to 'None'
[0.419s] Level 5:colcon.colcon_core.verb:set package 'tiago_pro_head_description' build argument 'catkin_skip_building_tests' from command line to 'False'
[0.419s] DEBUG:colcon.colcon_core.verb:Building package 'tiago_pro_head_description' with the following arguments: {'ament_cmake_args': None, 'build_base': '/opt/erc_ws/build/tiago_pro_head_description', 'catkin_cmake_args': None, 'catkin_skip_building_tests': False, 'cmake_args': None, 'cmake_clean_cache': False, 'cmake_clean_first': False, 'cmake_force_configure': False, 'cmake_target': None, 'cmake_target_skip_unavailable': False, 'install_base': '/opt/erc_ws/install/tiago_pro_head_description', 'merge_install': False, 'path': '/opt/erc_ws/src/tiago_pro_head_robot/tiago_pro_head_description', 'symlink_install': True, 'test_result_base': None}
[0.420s] Level 5:colcon.colcon_core.verb:set package 'omni_base_robot' build argument 'cmake_args' from command line to 'None'
[0.420s] Level 5:colcon.colcon_core.verb:set package 'omni_base_robot' build argument 'cmake_target' from command line to 'None'
[0.420s] Level 5:colcon.colcon_core.verb:set package 'omni_base_robot' build argument 'cmake_target_skip_unavailable' from command line to 'False'
[0.420s] Level 5:colcon.colcon_core.verb:set package 'omni_base_robot' build argument 'cmake_clean_cache' from command line to 'False'
[0.420s] Level 5:colcon.colcon_core.verb:set package 'omni_base_robot' build argument 'cmake_clean_first' from command line to 'False'
[0.420s] Level 5:colcon.colcon_core.verb:set package 'omni_base_robot' build argument 'cmake_force_configure' from command line to 'False'
[0.420s] Level 5:colcon.colcon_core.verb:set package 'omni_base_robot' build argument 'ament_cmake_args' from command line to 'None'
[0.420s] Level 5:colcon.colcon_core.verb:set package 'omni_base_robot' build argument 'catkin_cmake_args' from command line to 'None'
[0.420s] Level 5:colcon.colcon_core.verb:set package 'omni_base_robot' build argument 'catkin_skip_building_tests' from command line to 'False'
[0.420s] DEBUG:colcon.colcon_core.verb:Building package 'omni_base_robot' with the following arguments: {'ament_cmake_args': None, 'build_base': '/opt/erc_ws/build/omni_base_robot', 'catkin_cmake_args': None, 'catkin_skip_building_tests': False, 'cmake_args': None, 'cmake_clean_cache': False, 'cmake_clean_first': False, 'cmake_force_configure': False, 'cmake_target': None, 'cmake_target_skip_unavailable': False, 'install_base': '/opt/erc_ws/install/omni_base_robot', 'merge_install': False, 'path': '/opt/erc_ws/src/omni_base_robot/omni_base_robot', 'symlink_install': True, 'test_result_base': None}
[0.420s] Level 5:colcon.colcon_core.verb:set package 'pal_sea_arm_description' build argument 'cmake_args' from command line to 'None'
[0.420s] Level 5:colcon.colcon_core.verb:set package 'pal_sea_arm_description' build argument 'cmake_target' from command line to 'None'
[0.420s] Level 5:colcon.colcon_core.verb:set package 'pal_sea_arm_description' build argument 'cmake_target_skip_unavailable' from command line to 'False'
[0.420s] Level 5:colcon.colcon_core.verb:set package 'pal_sea_arm_description' build argument 'cmake_clean_cache' from command line to 'False'
[0.420s] Level 5:colcon.colcon_core.verb:set package 'pal_sea_arm_description' build argument 'cmake_clean_first' from command line to 'False'
[0.420s] Level 5:colcon.colcon_core.verb:set package 'pal_sea_arm_description' build argument 'cmake_force_configure' from command line to 'False'
[0.420s] Level 5:colcon.colcon_core.verb:set package 'pal_sea_arm_description' build argument 'ament_cmake_args' from command line to 'None'
[0.420s] Level 5:colcon.colcon_core.verb:set package 'pal_sea_arm_description' build argument 'catkin_cmake_args' from command line to 'None'
[0.420s] Level 5:colcon.colcon_core.verb:set package 'pal_sea_arm_description' build argument 'catkin_skip_building_tests' from command line to 'False'
[0.420s] DEBUG:colcon.colcon_core.verb:Building package 'pal_sea_arm_description' with the following arguments: {'ament_cmake_args': None, 'build_base': '/opt/erc_ws/build/pal_sea_arm_description', 'catkin_cmake_args': None, 'catkin_skip_building_tests': False, 'cmake_args': None, 'cmake_clean_cache': False, 'cmake_clean_first': False, 'cmake_force_configure': False, 'cmake_target': None, 'cmake_target_skip_unavailable': False, 'install_base': '/opt/erc_ws/install/pal_sea_arm_description', 'merge_install': False, 'path': '/opt/erc_ws/src/pal_sea_arm/pal_sea_arm_description', 'symlink_install': True, 'test_result_base': None}
[0.420s] Level 5:colcon.colcon_core.verb:set package 'tiago_pro_controller_configuration' build argument 'cmake_args' from command line to 'None'
[0.420s] Level 5:colcon.colcon_core.verb:set package 'tiago_pro_controller_configuration' build argument 'cmake_target' from command line to 'None'
[0.420s] Level 5:colcon.colcon_core.verb:set package 'tiago_pro_controller_configuration' build argument 'cmake_target_skip_unavailable' from command line to 'False'
[0.420s] Level 5:colcon.colcon_core.verb:set package 'tiago_pro_controller_configuration' build argument 'cmake_clean_cache' from command line to 'False'
[0.420s] Level 5:colcon.colcon_core.verb:set package 'tiago_pro_controller_configuration' build argument 'cmake_clean_first' from command line to 'False'
[0.420s] Level 5:colcon.colcon_core.verb:set package 'tiago_pro_controller_configuration' build argument 'cmake_force_configure' from command line to 'False'
[0.420s] Level 5:colcon.colcon_core.verb:set package 'tiago_pro_controller_configuration' build argument 'ament_cmake_args' from command line to 'None'
[0.420s] Level 5:colcon.colcon_core.verb:set package 'tiago_pro_controller_configuration' build argument 'catkin_cmake_args' from command line to 'None'
[0.420s] Level 5:colcon.colcon_core.verb:set package 'tiago_pro_controller_configuration' build argument 'catkin_skip_building_tests' from command line to 'False'
[0.420s] DEBUG:colcon.colcon_core.verb:Building package 'tiago_pro_controller_configuration' with the following arguments: {'ament_cmake_args': None, 'build_base': '/opt/erc_ws/build/tiago_pro_controller_configuration', 'catkin_cmake_args': None, 'catkin_skip_building_tests': False, 'cmake_args': None, 'cmake_clean_cache': False, 'cmake_clean_first': False, 'cmake_force_configure': False, 'cmake_target': None, 'cmake_target_skip_unavailable': False, 'install_base': '/opt/erc_ws/install/tiago_pro_controller_configuration', 'merge_install': False, 'path': '/opt/erc_ws/src/tiago_pro_robot/tiago_pro_controller_configuration', 'symlink_install': True, 'test_result_base': None}
[0.421s] Level 5:colcon.colcon_core.verb:set package 'tiago_pro_head_bringup' build argument 'cmake_args' from command line to 'None'
[0.421s] Level 5:colcon.colcon_core.verb:set package 'tiago_pro_head_bringup' build argument 'cmake_target' from command line to 'None'
[0.421s] Level 5:colcon.colcon_core.verb:set package 'tiago_pro_head_bringup' build argument 'cmake_target_skip_unavailable' from command line to 'False'
[0.421s] Level 5:colcon.colcon_core.verb:set package 'tiago_pro_head_bringup' build argument 'cmake_clean_cache' from command line to 'False'
[0.421s] Level 5:colcon.colcon_core.verb:set package 'tiago_pro_head_bringup' build argument 'cmake_clean_first' from command line to 'False'
[0.421s] Level 5:colcon.colcon_core.verb:set package 'tiago_pro_head_bringup' build argument 'cmake_force_configure' from command line to 'False'
[0.421s] Level 5:colcon.colcon_core.verb:set package 'tiago_pro_head_bringup' build argument 'ament_cmake_args' from command line to 'None'
[0.421s] Level 5:colcon.colcon_core.verb:set package 'tiago_pro_head_bringup' build argument 'catkin_cmake_args' from command line to 'None'
[0.421s] Level 5:colcon.colcon_core.verb:set package 'tiago_pro_head_bringup' build argument 'catkin_skip_building_tests' from command line to 'False'
[0.421s] DEBUG:colcon.colcon_core.verb:Building package 'tiago_pro_head_bringup' with the following arguments: {'ament_cmake_args': None, 'build_base': '/opt/erc_ws/build/tiago_pro_head_bringup', 'catkin_cmake_args': None, 'catkin_skip_building_tests': False, 'cmake_args': None, 'cmake_clean_cache': False, 'cmake_clean_first': False, 'cmake_force_configure': False, 'cmake_target': None, 'cmake_target_skip_unavailable': False, 'install_base': '/opt/erc_ws/install/tiago_pro_head_bringup', 'merge_install': False, 'path': '/opt/erc_ws/src/tiago_pro_head_robot/tiago_pro_head_bringup', 'symlink_install': True, 'test_result_base': None}
[0.421s] Level 5:colcon.colcon_core.verb:set package 'pal_sea_arm_bringup' build argument 'cmake_args' from command line to 'None'
[0.421s] Level 5:colcon.colcon_core.verb:set package 'pal_sea_arm_bringup' build argument 'cmake_target' from command line to 'None'
[0.421s] Level 5:colcon.colcon_core.verb:set package 'pal_sea_arm_bringup' build argument 'cmake_target_skip_unavailable' from command line to 'False'
[0.421s] Level 5:colcon.colcon_core.verb:set package 'pal_sea_arm_bringup' build argument 'cmake_clean_cache' from command line to 'False'
[0.421s] Level 5:colcon.colcon_core.verb:set package 'pal_sea_arm_bringup' build argument 'cmake_clean_first' from command line to 'False'
[0.421s] Level 5:colcon.colcon_core.verb:set package 'pal_sea_arm_bringup' build argument 'cmake_force_configure' from command line to 'False'
[0.421s] Level 5:colcon.colcon_core.verb:set package 'pal_sea_arm_bringup' build argument 'ament_cmake_args' from command line to 'None'
[0.421s] Level 5:colcon.colcon_core.verb:set package 'pal_sea_arm_bringup' build argument 'catkin_cmake_args' from command line to 'None'
[0.421s] Level 5:colcon.colcon_core.verb:set package 'pal_sea_arm_bringup' build argument 'catkin_skip_building_tests' from command line to 'False'
[0.421s] DEBUG:colcon.colcon_core.verb:Building package 'pal_sea_arm_bringup' with the following arguments: {'ament_cmake_args': None, 'build_base': '/opt/erc_ws/build/pal_sea_arm_bringup', 'catkin_cmake_args': None, 'catkin_skip_building_tests': False, 'cmake_args': None, 'cmake_clean_cache': False, 'cmake_clean_first': False, 'cmake_force_configure': False, 'cmake_target': None, 'cmake_target_skip_unavailable': False, 'install_base': '/opt/erc_ws/install/pal_sea_arm_bringup', 'merge_install': False, 'path': '/opt/erc_ws/src/pal_sea_arm/pal_sea_arm_bringup', 'symlink_install': True, 'test_result_base': None}
[0.421s] Level 5:colcon.colcon_core.verb:set package 'tiago_pro_bringup' build argument 'cmake_args' from command line to 'None'
[0.422s] Level 5:colcon.colcon_core.verb:set package 'tiago_pro_bringup' build argument 'cmake_target' from command line to 'None'
[0.422s] Level 5:colcon.colcon_core.verb:set package 'tiago_pro_bringup' build argument 'cmake_target_skip_unavailable' from command line to 'False'
[0.422s] Level 5:colcon.colcon_core.verb:set package 'tiago_pro_bringup' build argument 'cmake_clean_cache' from command line to 'False'
[0.422s] Level 5:colcon.colcon_core.verb:set package 'tiago_pro_bringup' build argument 'cmake_clean_first' from command line to 'False'
[0.422s] Level 5:colcon.colcon_core.verb:set package 'tiago_pro_bringup' build argument 'cmake_force_configure' from command line to 'False'
[0.422s] Level 5:colcon.colcon_core.verb:set package 'tiago_pro_bringup' build argument 'ament_cmake_args' from command line to 'None'
[0.422s] Level 5:colcon.colcon_core.verb:set package 'tiago_pro_bringup' build argument 'catkin_cmake_args' from command line to 'None'
[0.422s] Level 5:colcon.colcon_core.verb:set package 'tiago_pro_bringup' build argument 'catkin_skip_building_tests' from command line to 'False'
[0.422s] DEBUG:colcon.colcon_core.verb:Building package 'tiago_pro_bringup' with the following arguments: {'ament_cmake_args': None, 'build_base': '/opt/erc_ws/build/tiago_pro_bringup', 'catkin_cmake_args': None, 'catkin_skip_building_tests': False, 'cmake_args': None, 'cmake_clean_cache': False, 'cmake_clean_first': False, 'cmake_force_configure': False, 'cmake_target': None, 'cmake_target_skip_unavailable': False, 'install_base': '/opt/erc_ws/install/tiago_pro_bringup', 'merge_install': False, 'path': '/opt/erc_ws/src/tiago_pro_robot/tiago_pro_bringup', 'symlink_install': True, 'test_result_base': None}
[0.422s] Level 5:colcon.colcon_core.verb:set package 'tiago_pro_description' build argument 'cmake_args' from command line to 'None'
[0.422s] Level 5:colcon.colcon_core.verb:set package 'tiago_pro_description' build argument 'cmake_target' from command line to 'None'
[0.422s] Level 5:colcon.colcon_core.verb:set package 'tiago_pro_description' build argument 'cmake_target_skip_unavailable' from command line to 'False'
[0.422s] Level 5:colcon.colcon_core.verb:set package 'tiago_pro_description' build argument 'cmake_clean_cache' from command line to 'False'
[0.422s] Level 5:colcon.colcon_core.verb:set package 'tiago_pro_description' build argument 'cmake_clean_first' from command line to 'False'
[0.422s] Level 5:colcon.colcon_core.verb:set package 'tiago_pro_description' build argument 'cmake_force_configure' from command line to 'False'
[0.422s] Level 5:colcon.colcon_core.verb:set package 'tiago_pro_description' build argument 'ament_cmake_args' from command line to 'None'
[0.422s] Level 5:colcon.colcon_core.verb:set package 'tiago_pro_description' build argument 'catkin_cmake_args' from command line to 'None'
[0.422s] Level 5:colcon.colcon_core.verb:set package 'tiago_pro_description' build argument 'catkin_skip_building_tests' from command line to 'False'
[0.422s] DEBUG:colcon.colcon_core.verb:Building package 'tiago_pro_description' with the following arguments: {'ament_cmake_args': None, 'build_base': '/opt/erc_ws/build/tiago_pro_description', 'catkin_cmake_args': None, 'catkin_skip_building_tests': False, 'cmake_args': None, 'cmake_clean_cache': False, 'cmake_clean_first': False, 'cmake_force_configure': False, 'cmake_target': None, 'cmake_target_skip_unavailable': False, 'install_base': '/opt/erc_ws/install/tiago_pro_description', 'merge_install': False, 'path': '/opt/erc_ws/src/tiago_pro_robot/tiago_pro_description', 'symlink_install': True, 'test_result_base': None}
[0.422s] Level 5:colcon.colcon_core.verb:set package 'tiago_pro_head_robot' build argument 'cmake_args' from command line to 'None'
[0.422s] Level 5:colcon.colcon_core.verb:set package 'tiago_pro_head_robot' build argument 'cmake_target' from command line to 'None'
[0.422s] Level 5:colcon.colcon_core.verb:set package 'tiago_pro_head_robot' build argument 'cmake_target_skip_unavailable' from command line to 'False'
[0.422s] Level 5:colcon.colcon_core.verb:set package 'tiago_pro_head_robot' build argument 'cmake_clean_cache' from command line to 'False'
[0.422s] Level 5:colcon.colcon_core.verb:set package 'tiago_pro_head_robot' build argument 'cmake_clean_first' from command line to 'False'
[0.422s] Level 5:colcon.colcon_core.verb:set package 'tiago_pro_head_robot' build argument 'cmake_force_configure' from command line to 'False'
[0.422s] Level 5:colcon.colcon_core.verb:set package 'tiago_pro_head_robot' build argument 'ament_cmake_args' from command line to 'None'
[0.422s] Level 5:colcon.colcon_core.verb:set package 'tiago_pro_head_robot' build argument 'catkin_cmake_args' from command line to 'None'
[0.422s] Level 5:colcon.colcon_core.verb:set package 'tiago_pro_head_robot' build argument 'catkin_skip_building_tests' from command line to 'False'
[0.422s] DEBUG:colcon.colcon_core.verb:Building package 'tiago_pro_head_robot' with the following arguments: {'ament_cmake_args': None, 'build_base': '/opt/erc_ws/build/tiago_pro_head_robot', 'catkin_cmake_args': None, 'catkin_skip_building_tests': False, 'cmake_args': None, 'cmake_clean_cache': False, 'cmake_clean_first': False, 'cmake_force_configure': False, 'cmake_target': None, 'cmake_target_skip_unavailable': False, 'install_base': '/opt/erc_ws/install/tiago_pro_head_robot', 'merge_install': False, 'path': '/opt/erc_ws/src/tiago_pro_head_robot/tiago_pro_head_robot', 'symlink_install': True, 'test_result_base': None}
[0.423s] Level 5:colcon.colcon_core.verb:set package 'erc_bringup' build argument 'cmake_args' from command line to 'None'
[0.423s] Level 5:colcon.colcon_core.verb:set package 'erc_bringup' build argument 'cmake_target' from command line to 'None'
[0.423s] Level 5:colcon.colcon_core.verb:set package 'erc_bringup' build argument 'cmake_target_skip_unavailable' from command line to 'False'
[0.423s] Level 5:colcon.colcon_core.verb:set package 'erc_bringup' build argument 'cmake_clean_cache' from command line to 'False'
[0.423s] Level 5:colcon.colcon_core.verb:set package 'erc_bringup' build argument 'cmake_clean_first' from command line to 'False'
[0.423s] Level 5:colcon.colcon_core.verb:set package 'erc_bringup' build argument 'cmake_force_configure' from command line to 'False'
[0.423s] Level 5:colcon.colcon_core.verb:set package 'erc_bringup' build argument 'ament_cmake_args' from command line to 'None'
[0.423s] Level 5:colcon.colcon_core.verb:set package 'erc_bringup' build argument 'catkin_cmake_args' from command line to 'None'
[0.423s] Level 5:colcon.colcon_core.verb:set package 'erc_bringup' build argument 'catkin_skip_building_tests' from command line to 'False'
[0.423s] DEBUG:colcon.colcon_core.verb:Building package 'erc_bringup' with the following arguments: {'ament_cmake_args': None, 'build_base': '/opt/erc_ws/build/erc_bringup', 'catkin_cmake_args': None, 'catkin_skip_building_tests': False, 'cmake_args': None, 'cmake_clean_cache': False, 'cmake_clean_first': False, 'cmake_force_configure': False, 'cmake_target': None, 'cmake_target_skip_unavailable': False, 'install_base': '/opt/erc_ws/install/erc_bringup', 'merge_install': False, 'path': '/opt/erc_ws/src/erc_bringup', 'symlink_install': True, 'test_result_base': None}
[0.423s] Level 5:colcon.colcon_core.verb:set package 'pal_sea_arm' build argument 'cmake_args' from command line to 'None'
[0.423s] Level 5:colcon.colcon_core.verb:set package 'pal_sea_arm' build argument 'cmake_target' from command line to 'None'
[0.423s] Level 5:colcon.colcon_core.verb:set package 'pal_sea_arm' build argument 'cmake_target_skip_unavailable' from command line to 'False'
[0.423s] Level 5:colcon.colcon_core.verb:set package 'pal_sea_arm' build argument 'cmake_clean_cache' from command line to 'False'
[0.423s] Level 5:colcon.colcon_core.verb:set package 'pal_sea_arm' build argument 'cmake_clean_first' from command line to 'False'
[0.423s] Level 5:colcon.colcon_core.verb:set package 'pal_sea_arm' build argument 'cmake_force_configure' from command line to 'False'
[0.423s] Level 5:colcon.colcon_core.verb:set package 'pal_sea_arm' build argument 'ament_cmake_args' from command line to 'None'
[0.423s] Level 5:colcon.colcon_core.verb:set package 'pal_sea_arm' build argument 'catkin_cmake_args' from command line to 'None'
[0.423s] Level 5:colcon.colcon_core.verb:set package 'pal_sea_arm' build argument 'catkin_skip_building_tests' from command line to 'False'
[0.423s] DEBUG:colcon.colcon_core.verb:Building package 'pal_sea_arm' with the following arguments: {'ament_cmake_args': None, 'build_base': '/opt/erc_ws/build/pal_sea_arm', 'catkin_cmake_args': None, 'catkin_skip_building_tests': False, 'cmake_args': None, 'cmake_clean_cache': False, 'cmake_clean_first': False, 'cmake_force_configure': False, 'cmake_target': None, 'cmake_target_skip_unavailable': False, 'install_base': '/opt/erc_ws/install/pal_sea_arm', 'merge_install': False, 'path': '/opt/erc_ws/src/pal_sea_arm/pal_sea_arm', 'symlink_install': True, 'test_result_base': None}
[0.423s] Level 5:colcon.colcon_core.verb:set package 'tiago_pro_robot' build argument 'cmake_args' from command line to 'None'
[0.423s] Level 5:colcon.colcon_core.verb:set package 'tiago_pro_robot' build argument 'cmake_target' from command line to 'None'
[0.423s] Level 5:colcon.colcon_core.verb:set package 'tiago_pro_robot' build argument 'cmake_target_skip_unavailable' from command line to 'False'
[0.423s] Level 5:colcon.colcon_core.verb:set package 'tiago_pro_robot' build argument 'cmake_clean_cache' from command line to 'False'
[0.424s] Level 5:colcon.colcon_core.verb:set package 'tiago_pro_robot' build argument 'cmake_clean_first' from command line to 'False'
[0.424s] Level 5:colcon.colcon_core.verb:set package 'tiago_pro_robot' build argument 'cmake_force_configure' from command line to 'False'
[0.424s] Level 5:colcon.colcon_core.verb:set package 'tiago_pro_robot' build argument 'ament_cmake_args' from command line to 'None'
[0.424s] Level 5:colcon.colcon_core.verb:set package 'tiago_pro_robot' build argument 'catkin_cmake_args' from command line to 'None'
[0.424s] Level 5:colcon.colcon_core.verb:set package 'tiago_pro_robot' build argument 'catkin_skip_building_tests' from command line to 'False'
[0.424s] DEBUG:colcon.colcon_core.verb:Building package 'tiago_pro_robot' with the following arguments: {'ament_cmake_args': None, 'build_base': '/opt/erc_ws/build/tiago_pro_robot', 'catkin_cmake_args': None, 'catkin_skip_building_tests': False, 'cmake_args': None, 'cmake_clean_cache': False, 'cmake_clean_first': False, 'cmake_force_configure': False, 'cmake_target': None, 'cmake_target_skip_unavailable': False, 'install_base': '/opt/erc_ws/install/tiago_pro_robot', 'merge_install': False, 'path': '/opt/erc_ws/src/tiago_pro_robot/tiago_pro_robot', 'symlink_install': True, 'test_result_base': None}
[0.424s] INFO:colcon.colcon_core.executor:Executing jobs using 'parallel' executor
[0.427s] DEBUG:colcon.colcon_parallel_executor.executor.parallel:run_until_complete
[0.427s] INFO:colcon.colcon_ros.task.ament_python.build:Building ROS package in '/opt/erc_ws/src/launch_pal' with build type 'ament_python'
[0.427s] Level 1:colcon.colcon_core.shell:create_environment_hook('launch_pal', 'ament_prefix_path')
[0.430s] INFO:colcon.colcon_core.plugin_system:Skipping extension 'colcon_core.shell.bat': Not used on non-Windows systems
[0.430s] INFO:colcon.colcon_core.shell:Creating environment hook '/opt/erc_ws/install/launch_pal/share/launch_pal/hook/ament_prefix_path.ps1'
[0.431s] INFO:colcon.colcon_core.shell:Creating environment descriptor '/opt/erc_ws/install/launch_pal/share/launch_pal/hook/ament_prefix_path.dsv'
[0.432s] INFO:colcon.colcon_core.shell:Creating environment hook '/opt/erc_ws/install/launch_pal/share/launch_pal/hook/ament_prefix_path.sh'
[0.433s] INFO:colcon.colcon_core.shell:Skip shell extension 'powershell' for command environment: Not usable outside of PowerShell
[0.433s] DEBUG:colcon.colcon_core.shell:Skip shell extension 'dsv' for command environment
[0.439s] INFO:colcon.colcon_ros.task.ament_cmake.build:Building ROS package in '/opt/erc_ws/src/pal_urdf_utils' with build type 'ament_cmake'
[0.440s] INFO:colcon.colcon_cmake.task.cmake.build:Building CMake package in '/opt/erc_ws/src/pal_urdf_utils'
[0.440s] INFO:colcon.colcon_core.shell:Skip shell extension 'powershell' for command environment: Not usable outside of PowerShell
[0.440s] DEBUG:colcon.colcon_core.shell:Skip shell extension 'dsv' for command environment
[0.449s] INFO:colcon.colcon_ros.task.ament_python.build:Building ROS package in '/opt/erc_ws/src/pal_pro_gripper/pal_pro_gripper_wrapper' with build type 'ament_python'
[0.450s] Level 1:colcon.colcon_core.shell:create_environment_hook('pal_pro_gripper_wrapper', 'ament_prefix_path')
[0.450s] INFO:colcon.colcon_core.shell:Creating environment hook '/opt/erc_ws/install/pal_pro_gripper_wrapper/share/pal_pro_gripper_wrapper/hook/ament_prefix_path.ps1'
[0.451s] INFO:colcon.colcon_core.shell:Creating environment descriptor '/opt/erc_ws/install/pal_pro_gripper_wrapper/share/pal_pro_gripper_wrapper/hook/ament_prefix_path.dsv'
[0.452s] INFO:colcon.colcon_core.shell:Creating environment hook '/opt/erc_ws/install/pal_pro_gripper_wrapper/share/pal_pro_gripper_wrapper/hook/ament_prefix_path.sh'
[0.452s] INFO:colcon.colcon_core.shell:Skip shell extension 'powershell' for command environment: Not usable outside of PowerShell
[0.452s] DEBUG:colcon.colcon_core.shell:Skip shell extension 'dsv' for command environment
[0.459s] INFO:colcon.colcon_ros.task.ament_cmake.build:Building ROS package in '/opt/erc_ws/src/omni_base_robot/omni_base_controller_configuration' with build type 'ament_cmake'
[0.459s] INFO:colcon.colcon_cmake.task.cmake.build:Building CMake package in '/opt/erc_ws/src/omni_base_robot/omni_base_controller_configuration'
[0.459s] INFO:colcon.colcon_core.shell:Skip shell extension 'powershell' for command environment: Not usable outside of PowerShell
[0.460s] DEBUG:colcon.colcon_core.shell:Skip shell extension 'dsv' for command environment
[0.469s] INFO:colcon.colcon_ros.task.ament_cmake.build:Building ROS package in '/opt/erc_ws/src/pal_gripper/pal_gripper_controller_configuration' with build type 'ament_cmake'
[0.470s] INFO:colcon.colcon_cmake.task.cmake.build:Building CMake package in '/opt/erc_ws/src/pal_gripper/pal_gripper_controller_configuration'
[0.470s] INFO:colcon.colcon_core.shell:Skip shell extension 'powershell' for command environment: Not usable outside of PowerShell
[0.470s] DEBUG:colcon.colcon_core.shell:Skip shell extension 'dsv' for command environment
[0.478s] INFO:colcon.colcon_ros.task.ament_cmake.build:Building ROS package in '/opt/erc_ws/src/erc_description' with build type 'ament_cmake'
[0.481s] INFO:colcon.colcon_cmake.task.cmake.build:Building CMake package in '/opt/erc_ws/src/erc_description'
[0.482s] INFO:colcon.colcon_core.shell:Skip shell extension 'powershell' for command environment: Not usable outside of PowerShell
[0.482s] DEBUG:colcon.colcon_core.shell:Skip shell extension 'dsv' for command environment
[0.490s] INFO:colcon.colcon_ros.task.ament_python.build:Building ROS package in '/opt/erc_ws/src/erc_solution' with build type 'ament_python'
[0.491s] Level 1:colcon.colcon_core.shell:create_environment_hook('erc_solution', 'ament_prefix_path')
[0.491s] INFO:colcon.colcon_core.shell:Creating environment hook '/opt/erc_ws/install/erc_solution/share/erc_solution/hook/ament_prefix_path.ps1'
[0.492s] INFO:colcon.colcon_core.shell:Creating environment descriptor '/opt/erc_ws/install/erc_solution/share/erc_solution/hook/ament_prefix_path.dsv'
[0.492s] INFO:colcon.colcon_core.shell:Creating environment hook '/opt/erc_ws/install/erc_solution/share/erc_solution/hook/ament_prefix_path.sh'
[0.493s] INFO:colcon.colcon_core.shell:Skip shell extension 'powershell' for command environment: Not usable outside of PowerShell
[0.493s] DEBUG:colcon.colcon_core.shell:Skip shell extension 'dsv' for command environment
[0.500s] INFO:colcon.colcon_ros.task.ament_cmake.build:Building ROS package in '/opt/erc_ws/src/gz_ros2_control/gz_ros2_control' with build type 'ament_cmake'
[0.500s] INFO:colcon.colcon_cmake.task.cmake.build:Building CMake package in '/opt/erc_ws/src/gz_ros2_control/gz_ros2_control'
[0.500s] INFO:colcon.colcon_core.shell:Skip shell extension 'powershell' for command environment: Not usable outside of PowerShell
[0.500s] DEBUG:colcon.colcon_core.shell:Skip shell extension 'dsv' for command environment
[0.509s] INFO:colcon.colcon_ros.task.ament_python.build:Building ROS package in '/opt/erc_ws/src/sensors' with build type 'ament_python'
[0.509s] Level 1:colcon.colcon_core.shell:create_environment_hook('sensors', 'ament_prefix_path')
[0.510s] INFO:colcon.colcon_core.shell:Creating environment hook '/opt/erc_ws/install/sensors/share/sensors/hook/ament_prefix_path.ps1'
[0.510s] INFO:colcon.colcon_core.shell:Creating environment descriptor '/opt/erc_ws/install/sensors/share/sensors/hook/ament_prefix_path.dsv'
[0.511s] INFO:colcon.colcon_core.shell:Creating environment hook '/opt/erc_ws/install/sensors/share/sensors/hook/ament_prefix_path.sh'
[0.512s] INFO:colcon.colcon_core.shell:Skip shell extension 'powershell' for command environment: Not usable outside of PowerShell
[0.512s] DEBUG:colcon.colcon_core.shell:Skip shell extension 'dsv' for command environment
[0.791s] INFO:colcon.colcon_core.task.python.build:Building Python package in '/opt/erc_ws/src/launch_pal'
[0.791s] INFO:colcon.colcon_core.shell:Skip shell extension 'powershell' for command environment: Not usable outside of PowerShell
[0.792s] DEBUG:colcon.colcon_core.shell:Skip shell extension 'dsv' for command environment
[0.805s] DEBUG:colcon.colcon_core.event_handler.log_command:Invoking command in '/opt/erc_ws/build/pal_urdf_utils': CMAKE_PREFIX_PATH=${CMAKE_PREFIX_PATH}:/opt/erc_ws/install/sensors:/opt/erc_ws/install/pal_pro_gripper_wrapper:/opt/erc_ws/install/launch_pal:/opt/erc_ws/install/erc_solution:/opt/ros/humble /usr/bin/cmake --build /opt/erc_ws/build/pal_urdf_utils -- -j16 -l16
[1.057s] INFO:colcon.colcon_core.task.python.build:Building Python package in '/opt/erc_ws/src/pal_pro_gripper/pal_pro_gripper_wrapper'
[1.058s] INFO:colcon.colcon_core.shell:Skip shell extension 'powershell' for command environment: Not usable outside of PowerShell
[1.058s] DEBUG:colcon.colcon_core.shell:Skip shell extension 'dsv' for command environment
[1.069s] DEBUG:colcon.colcon_core.event_handler.log_command:Invoking command in '/opt/erc_ws/build/omni_base_controller_configuration': CMAKE_PREFIX_PATH=${CMAKE_PREFIX_PATH}:/opt/erc_ws/install/sensors:/opt/erc_ws/install/pal_pro_gripper_wrapper:/opt/erc_ws/install/launch_pal:/opt/erc_ws/install/erc_solution:/opt/ros/humble /usr/bin/cmake --build /opt/erc_ws/build/omni_base_controller_configuration -- -j16 -l16
[1.071s] DEBUG:colcon.colcon_core.event_handler.log_command:Invoking command in '/opt/erc_ws/build/pal_gripper_controller_configuration': CMAKE_PREFIX_PATH=${CMAKE_PREFIX_PATH}:/opt/erc_ws/install/sensors:/opt/erc_ws/install/pal_pro_gripper_wrapper:/opt/erc_ws/install/launch_pal:/opt/erc_ws/install/erc_solution:/opt/ros/humble /usr/bin/cmake --build /opt/erc_ws/build/pal_gripper_controller_configuration -- -j16 -l16
[1.074s] DEBUG:colcon.colcon_core.event_handler.log_command:Invoking command in '/opt/erc_ws/build/erc_description': CMAKE_PREFIX_PATH=${CMAKE_PREFIX_PATH}:/opt/erc_ws/install/sensors:/opt/erc_ws/install/pal_pro_gripper_wrapper:/opt/erc_ws/install/launch_pal:/opt/erc_ws/install/erc_solution:/opt/ros/humble /usr/bin/cmake --build /opt/erc_ws/build/erc_description -- -j16 -l16
[1.360s] INFO:colcon.colcon_core.task.python.build:Building Python package in '/opt/erc_ws/src/erc_solution'
[1.360s] INFO:colcon.colcon_core.shell:Skip shell extension 'powershell' for command environment: Not usable outside of PowerShell
[1.360s] DEBUG:colcon.colcon_core.shell:Skip shell extension 'dsv' for command environment
[1.374s] DEBUG:colcon.colcon_core.event_handler.log_command:Invoking command in '/opt/erc_ws/build/gz_ros2_control': CMAKE_PREFIX_PATH=${CMAKE_PREFIX_PATH}:/opt/erc_ws/install/sensors:/opt/erc_ws/install/pal_pro_gripper_wrapper:/opt/erc_ws/install/launch_pal:/opt/erc_ws/install/erc_solution:/opt/ros/humble /usr/bin/cmake --build /opt/erc_ws/build/gz_ros2_control -- -j16 -l16
[1.672s] INFO:colcon.colcon_core.task.python.build:Building Python package in '/opt/erc_ws/src/sensors'
[1.672s] INFO:colcon.colcon_core.shell:Skip shell extension 'powershell' for command environment: Not usable outside of PowerShell
[1.672s] DEBUG:colcon.colcon_core.shell:Skip shell extension 'dsv' for command environment
[1.682s] DEBUG:colcon.colcon_core.event_handler.log_command:Invoked command in '/opt/erc_ws/build/pal_urdf_utils' returned '0': CMAKE_PREFIX_PATH=${CMAKE_PREFIX_PATH}:/opt/erc_ws/install/sensors:/opt/erc_ws/install/pal_pro_gripper_wrapper:/opt/erc_ws/install/launch_pal:/opt/erc_ws/install/erc_solution:/opt/ros/humble /usr/bin/cmake --build /opt/erc_ws/build/pal_urdf_utils -- -j16 -l16
[1.696s] DEBUG:colcon.colcon_core.event_handler.log_command:Invoking command in '/opt/erc_ws/build/pal_urdf_utils': CMAKE_PREFIX_PATH=${CMAKE_PREFIX_PATH}:/opt/erc_ws/install/sensors:/opt/erc_ws/install/pal_pro_gripper_wrapper:/opt/erc_ws/install/launch_pal:/opt/erc_ws/install/erc_solution:/opt/ros/humble /usr/bin/cmake --install /opt/erc_ws/build/pal_urdf_utils
[1.703s] DEBUG:colcon.colcon_core.event_handler.log_command:Invoked command in '/opt/erc_ws/build/omni_base_controller_configuration' returned '0': CMAKE_PREFIX_PATH=${CMAKE_PREFIX_PATH}:/opt/erc_ws/install/sensors:/opt/erc_ws/install/pal_pro_gripper_wrapper:/opt/erc_ws/install/launch_pal:/opt/erc_ws/install/erc_solution:/opt/ros/humble /usr/bin/cmake --build /opt/erc_ws/build/omni_base_controller_configuration -- -j16 -l16
[1.704s] DEBUG:colcon.colcon_core.event_handler.log_command:Invoking command in '/opt/erc_ws/build/omni_base_controller_configuration': CMAKE_PREFIX_PATH=${CMAKE_PREFIX_PATH}:/opt/erc_ws/install/sensors:/opt/erc_ws/install/pal_pro_gripper_wrapper:/opt/erc_ws/install/launch_pal:/opt/erc_ws/install/erc_solution:/opt/ros/humble /usr/bin/cmake --install /opt/erc_ws/build/omni_base_controller_configuration
[1.705s] DEBUG:colcon.colcon_core.event_handler.log_command:Invoked command in '/opt/erc_ws/build/pal_gripper_controller_configuration' returned '0': CMAKE_PREFIX_PATH=${CMAKE_PREFIX_PATH}:/opt/erc_ws/install/sensors:/opt/erc_ws/install/pal_pro_gripper_wrapper:/opt/erc_ws/install/launch_pal:/opt/erc_ws/install/erc_solution:/opt/ros/humble /usr/bin/cmake --build /opt/erc_ws/build/pal_gripper_controller_configuration -- -j16 -l16
[1.706s] DEBUG:colcon.colcon_core.event_handler.log_command:Invoking command in '/opt/erc_ws/build/pal_gripper_controller_configuration': CMAKE_PREFIX_PATH=${CMAKE_PREFIX_PATH}:/opt/erc_ws/install/sensors:/opt/erc_ws/install/pal_pro_gripper_wrapper:/opt/erc_ws/install/launch_pal:/opt/erc_ws/install/erc_solution:/opt/ros/humble /usr/bin/cmake --install /opt/erc_ws/build/pal_gripper_controller_configuration
[1.713s] DEBUG:colcon.colcon_core.event_handler.log_command:Invoked command in '/opt/erc_ws/build/erc_description' returned '0': CMAKE_PREFIX_PATH=${CMAKE_PREFIX_PATH}:/opt/erc_ws/install/sensors:/opt/erc_ws/install/pal_pro_gripper_wrapper:/opt/erc_ws/install/launch_pal:/opt/erc_ws/install/erc_solution:/opt/ros/humble /usr/bin/cmake --build /opt/erc_ws/build/erc_description -- -j16 -l16
[1.714s] DEBUG:colcon.colcon_core.event_handler.log_command:Invoking command in '/opt/erc_ws/build/erc_description': CMAKE_PREFIX_PATH=${CMAKE_PREFIX_PATH}:/opt/erc_ws/install/sensors:/opt/erc_ws/install/pal_pro_gripper_wrapper:/opt/erc_ws/install/launch_pal:/opt/erc_ws/install/erc_solution:/opt/ros/humble /usr/bin/cmake --install /opt/erc_ws/build/erc_description
[1.780s] DEBUG:colcon.colcon_core.event_handler.log_command:Invoked command in '/opt/erc_ws/build/gz_ros2_control' returned '0': CMAKE_PREFIX_PATH=${CMAKE_PREFIX_PATH}:/opt/erc_ws/install/sensors:/opt/erc_ws/install/pal_pro_gripper_wrapper:/opt/erc_ws/install/launch_pal:/opt/erc_ws/install/erc_solution:/opt/ros/humble /usr/bin/cmake --build /opt/erc_ws/build/gz_ros2_control -- -j16 -l16
[1.780s] DEBUG:colcon.colcon_core.event_handler.log_command:Invoking command in '/opt/erc_ws/build/gz_ros2_control': CMAKE_PREFIX_PATH=${CMAKE_PREFIX_PATH}:/opt/erc_ws/install/sensors:/opt/erc_ws/install/pal_pro_gripper_wrapper:/opt/erc_ws/install/launch_pal:/opt/erc_ws/install/erc_solution:/opt/ros/humble /usr/bin/cmake --install /opt/erc_ws/build/gz_ros2_control
[1.781s] Level 1:colcon.colcon_core.environment:create_environment_scripts_only(pal_gripper_controller_configuration)
[1.782s] DEBUG:colcon.colcon_core.event_handler.log_command:Invoked command in '/opt/erc_ws/build/pal_gripper_controller_configuration' returned '0': CMAKE_PREFIX_PATH=${CMAKE_PREFIX_PATH}:/opt/erc_ws/install/sensors:/opt/erc_ws/install/pal_pro_gripper_wrapper:/opt/erc_ws/install/launch_pal:/opt/erc_ws/install/erc_solution:/opt/ros/humble /usr/bin/cmake --install /opt/erc_ws/build/pal_gripper_controller_configuration
[1.790s] Level 1:colcon.colcon_core.environment:checking '/opt/erc_ws/install/pal_gripper_controller_configuration' for CMake module files
[1.790s] Level 1:colcon.colcon_core.environment:checking '/opt/erc_ws/install/pal_gripper_controller_configuration' for CMake config files
[1.791s] Level 1:colcon.colcon_core.shell:create_environment_hook('pal_gripper_controller_configuration', 'cmake_prefix_path')
[1.792s] INFO:colcon.colcon_core.shell:Creating environment hook '/opt/erc_ws/install/pal_gripper_controller_configuration/share/pal_gripper_controller_configuration/hook/cmake_prefix_path.ps1'
[1.793s] INFO:colcon.colcon_core.shell:Creating environment descriptor '/opt/erc_ws/install/pal_gripper_controller_configuration/share/pal_gripper_controller_configuration/hook/cmake_prefix_path.dsv'
[1.793s] INFO:colcon.colcon_core.shell:Creating environment hook '/opt/erc_ws/install/pal_gripper_controller_configuration/share/pal_gripper_controller_configuration/hook/cmake_prefix_path.sh'
[1.794s] Level 1:colcon.colcon_core.environment:checking '/opt/erc_ws/install/pal_gripper_controller_configuration/bin'
[1.794s] Level 1:colcon.colcon_core.environment:checking '/opt/erc_ws/install/pal_gripper_controller_configuration/lib/pkgconfig/pal_gripper_controller_configuration.pc'
[1.794s] Level 1:colcon.colcon_core.environment:checking '/opt/erc_ws/install/pal_gripper_controller_configuration/lib/python3.10/site-packages'
[1.795s] Level 1:colcon.colcon_core.environment:checking '/opt/erc_ws/install/pal_gripper_controller_configuration/bin'
[1.796s] INFO:colcon.colcon_core.shell:Creating package script '/opt/erc_ws/install/pal_gripper_controller_configuration/share/pal_gripper_controller_configuration/package.ps1'
[1.800s] INFO:colcon.colcon_core.shell:Creating package descriptor '/opt/erc_ws/install/pal_gripper_controller_configuration/share/pal_gripper_controller_configuration/package.dsv'
[1.803s] INFO:colcon.colcon_core.shell:Creating package script '/opt/erc_ws/install/pal_gripper_controller_configuration/share/pal_gripper_controller_configuration/package.sh'
[1.805s] INFO:colcon.colcon_core.shell:Creating package script '/opt/erc_ws/install/pal_gripper_controller_configuration/share/pal_gripper_controller_configuration/package.bash'
[1.806s] INFO:colcon.colcon_core.shell:Creating package script '/opt/erc_ws/install/pal_gripper_controller_configuration/share/pal_gripper_controller_configuration/package.zsh'
[1.807s] Level 1:colcon.colcon_core.environment:create_file_with_runtime_dependencies(/opt/erc_ws/install/pal_gripper_controller_configuration/share/colcon-core/packages/pal_gripper_controller_configuration)
[1.808s] Level 1:colcon.colcon_core.environment:create_environment_scripts_only(pal_gripper_controller_configuration)
[1.808s] Level 1:colcon.colcon_core.environment:checking '/opt/erc_ws/install/pal_gripper_controller_configuration' for CMake module files
[1.809s] Level 1:colcon.colcon_core.environment:checking '/opt/erc_ws/install/pal_gripper_controller_configuration' for CMake config files
[1.809s] Level 1:colcon.colcon_core.shell:create_environment_hook('pal_gripper_controller_configuration', 'cmake_prefix_path')
[1.809s] INFO:colcon.colcon_core.shell:Creating environment hook '/opt/erc_ws/install/pal_gripper_controller_configuration/share/pal_gripper_controller_configuration/hook/cmake_prefix_path.ps1'
[1.810s] INFO:colcon.colcon_core.shell:Creating environment descriptor '/opt/erc_ws/install/pal_gripper_controller_configuration/share/pal_gripper_controller_configuration/hook/cmake_prefix_path.dsv'
[1.810s] INFO:colcon.colcon_core.shell:Creating environment hook '/opt/erc_ws/install/pal_gripper_controller_configuration/share/pal_gripper_controller_configuration/hook/cmake_prefix_path.sh'
[1.811s] Level 1:colcon.colcon_core.environment:checking '/opt/erc_ws/install/pal_gripper_controller_configuration/bin'
[1.811s] Level 1:colcon.colcon_core.environment:checking '/opt/erc_ws/install/pal_gripper_controller_configuration/lib/pkgconfig/pal_gripper_controller_configuration.pc'
[1.811s] Level 1:colcon.colcon_core.environment:checking '/opt/erc_ws/install/pal_gripper_controller_configuration/lib/python3.10/site-packages'
[1.811s] Level 1:colcon.colcon_core.environment:checking '/opt/erc_ws/install/pal_gripper_controller_configuration/bin'
[1.812s] INFO:colcon.colcon_core.shell:Creating package script '/opt/erc_ws/install/pal_gripper_controller_configuration/share/pal_gripper_controller_configuration/package.ps1'
[1.812s] INFO:colcon.colcon_core.shell:Creating package descriptor '/opt/erc_ws/install/pal_gripper_controller_configuration/share/pal_gripper_controller_configuration/package.dsv'
[1.813s] INFO:colcon.colcon_core.shell:Creating package script '/opt/erc_ws/install/pal_gripper_controller_configuration/share/pal_gripper_controller_configuration/package.sh'
[1.813s] INFO:colcon.colcon_core.shell:Creating package script '/opt/erc_ws/install/pal_gripper_controller_configuration/share/pal_gripper_controller_configuration/package.bash'
[1.814s] INFO:colcon.colcon_core.shell:Creating package script '/opt/erc_ws/install/pal_gripper_controller_configuration/share/pal_gripper_controller_configuration/package.zsh'
[1.814s] Level 1:colcon.colcon_core.environment:create_file_with_runtime_dependencies(/opt/erc_ws/install/pal_gripper_controller_configuration/share/colcon-core/packages/pal_gripper_controller_configuration)
[1.814s] Level 1:colcon.colcon_core.environment:create_environment_scripts_only(omni_base_controller_configuration)
[1.815s] Level 1:colcon.colcon_core.environment:checking '/opt/erc_ws/install/omni_base_controller_configuration' for CMake module files
[1.815s] Level 1:colcon.colcon_core.environment:checking '/opt/erc_ws/install/omni_base_controller_configuration' for CMake config files
[1.817s] DEBUG:colcon.colcon_core.event_handler.log_command:Invoked command in '/opt/erc_ws/build/omni_base_controller_configuration' returned '0': CMAKE_PREFIX_PATH=${CMAKE_PREFIX_PATH}:/opt/erc_ws/install/sensors:/opt/erc_ws/install/pal_pro_gripper_wrapper:/opt/erc_ws/install/launch_pal:/opt/erc_ws/install/erc_solution:/opt/ros/humble /usr/bin/cmake --install /opt/erc_ws/build/omni_base_controller_configuration
[1.818s] Level 1:colcon.colcon_core.shell:create_environment_hook('omni_base_controller_configuration', 'cmake_prefix_path')
[1.819s] INFO:colcon.colcon_core.shell:Creating environment hook '/opt/erc_ws/install/omni_base_controller_configuration/share/omni_base_controller_configuration/hook/cmake_prefix_path.ps1'
[1.819s] INFO:colcon.colcon_core.shell:Creating environment descriptor '/opt/erc_ws/install/omni_base_controller_configuration/share/omni_base_controller_configuration/hook/cmake_prefix_path.dsv'
[1.820s] INFO:colcon.colcon_core.shell:Creating environment hook '/opt/erc_ws/install/omni_base_controller_configuration/share/omni_base_controller_configuration/hook/cmake_prefix_path.sh'
[1.821s] Level 1:colcon.colcon_core.environment:checking '/opt/erc_ws/install/omni_base_controller_configuration/bin'
[1.821s] Level 1:colcon.colcon_core.environment:checking '/opt/erc_ws/install/omni_base_controller_configuration/lib/pkgconfig/omni_base_controller_configuration.pc'
[1.821s] Level 1:colcon.colcon_core.environment:checking '/opt/erc_ws/install/omni_base_controller_configuration/lib/python3.10/site-packages'
[1.822s] Level 1:colcon.colcon_core.environment:checking '/opt/erc_ws/install/omni_base_controller_configuration/bin'
[1.822s] INFO:colcon.colcon_core.shell:Creating package script '/opt/erc_ws/install/omni_base_controller_configuration/share/omni_base_controller_configuration/package.ps1'
[1.823s] INFO:colcon.colcon_core.shell:Creating package descriptor '/opt/erc_ws/install/omni_base_controller_configuration/share/omni_base_controller_configuration/package.dsv'
[1.823s] INFO:colcon.colcon_core.shell:Creating package script '/opt/erc_ws/install/omni_base_controller_configuration/share/omni_base_controller_configuration/package.sh'
[1.824s] INFO:colcon.colcon_core.shell:Creating package script '/opt/erc_ws/install/omni_base_controller_configuration/share/omni_base_controller_configuration/package.bash'
[1.825s] INFO:colcon.colcon_core.shell:Creating package script '/opt/erc_ws/install/omni_base_controller_configuration/share/omni_base_controller_configuration/package.zsh'
[1.825s] Level 1:colcon.colcon_core.environment:create_file_with_runtime_dependencies(/opt/erc_ws/install/omni_base_controller_configuration/share/colcon-core/packages/omni_base_controller_configuration)
[1.827s] Level 1:colcon.colcon_core.environment:create_environment_scripts_only(omni_base_controller_configuration)
[1.827s] Level 1:colcon.colcon_core.environment:checking '/opt/erc_ws/install/omni_base_controller_configuration' for CMake module files
[1.828s] Level 1:colcon.colcon_core.environment:checking '/opt/erc_ws/install/omni_base_controller_configuration' for CMake config files
[1.828s] Level 1:colcon.colcon_core.shell:create_environment_hook('omni_base_controller_configuration', 'cmake_prefix_path')
[1.829s] INFO:colcon.colcon_core.shell:Creating environment hook '/opt/erc_ws/install/omni_base_controller_configuration/share/omni_base_controller_configuration/hook/cmake_prefix_path.ps1'
[1.829s] INFO:colcon.colcon_core.shell:Creating environment descriptor '/opt/erc_ws/install/omni_base_controller_configuration/share/omni_base_controller_configuration/hook/cmake_prefix_path.dsv'
[1.830s] INFO:colcon.colcon_core.shell:Creating environment hook '/opt/erc_ws/install/omni_base_controller_configuration/share/omni_base_controller_configuration/hook/cmake_prefix_path.sh'
[1.831s] Level 1:colcon.colcon_core.environment:checking '/opt/erc_ws/install/omni_base_controller_configuration/bin'
[1.831s] Level 1:colcon.colcon_core.environment:checking '/opt/erc_ws/install/omni_base_controller_configuration/lib/pkgconfig/omni_base_controller_configuration.pc'
[1.831s] Level 1:colcon.colcon_core.environment:checking '/opt/erc_ws/install/omni_base_controller_configuration/lib/python3.10/site-packages'
[1.831s] Level 1:colcon.colcon_core.environment:checking '/opt/erc_ws/install/omni_base_controller_configuration/bin'
[1.832s] INFO:colcon.colcon_core.shell:Creating package script '/opt/erc_ws/install/omni_base_controller_configuration/share/omni_base_controller_configuration/package.ps1'
[1.833s] INFO:colcon.colcon_core.shell:Creating package descriptor '/opt/erc_ws/install/omni_base_controller_configuration/share/omni_base_controller_configuration/package.dsv'
[1.834s] INFO:colcon.colcon_core.shell:Creating package script '/opt/erc_ws/install/omni_base_controller_configuration/share/omni_base_controller_configuration/package.sh'
[1.834s] INFO:colcon.colcon_core.shell:Creating package script '/opt/erc_ws/install/omni_base_controller_configuration/share/omni_base_controller_configuration/package.bash'
[1.834s] INFO:colcon.colcon_core.shell:Creating package script '/opt/erc_ws/install/omni_base_controller_configuration/share/omni_base_controller_configuration/package.zsh'
[1.835s] Level 1:colcon.colcon_core.environment:create_file_with_runtime_dependencies(/opt/erc_ws/install/omni_base_controller_configuration/share/colcon-core/packages/omni_base_controller_configuration)
[1.835s] Level 1:colcon.colcon_core.environment:create_environment_scripts_only(pal_urdf_utils)
[1.835s] Level 1:colcon.colcon_core.environment:checking '/opt/erc_ws/install/pal_urdf_utils' for CMake module files
[1.836s] Level 1:colcon.colcon_core.environment:checking '/opt/erc_ws/install/pal_urdf_utils' for CMake config files
[1.836s] Level 1:colcon.colcon_core.shell:create_environment_hook('pal_urdf_utils', 'cmake_prefix_path')
[1.837s] INFO:colcon.colcon_core.shell:Creating environment hook '/opt/erc_ws/install/pal_urdf_utils/share/pal_urdf_utils/hook/cmake_prefix_path.ps1'
[1.838s] DEBUG:colcon.colcon_core.event_handler.log_command:Invoked command in '/opt/erc_ws/build/pal_urdf_utils' returned '0': CMAKE_PREFIX_PATH=${CMAKE_PREFIX_PATH}:/opt/erc_ws/install/sensors:/opt/erc_ws/install/pal_pro_gripper_wrapper:/opt/erc_ws/install/launch_pal:/opt/erc_ws/install/erc_solution:/opt/ros/humble /usr/bin/cmake --install /opt/erc_ws/build/pal_urdf_utils
[1.841s] INFO:colcon.colcon_core.shell:Creating environment descriptor '/opt/erc_ws/install/pal_urdf_utils/share/pal_urdf_utils/hook/cmake_prefix_path.dsv'
[1.841s] INFO:colcon.colcon_core.shell:Creating environment hook '/opt/erc_ws/install/pal_urdf_utils/share/pal_urdf_utils/hook/cmake_prefix_path.sh'
[1.843s] Level 1:colcon.colcon_core.environment:checking '/opt/erc_ws/install/pal_urdf_utils/bin'
[1.843s] Level 1:colcon.colcon_core.environment:checking '/opt/erc_ws/install/pal_urdf_utils/lib/pkgconfig/pal_urdf_utils.pc'
[1.844s] Level 1:colcon.colcon_core.environment:checking '/opt/erc_ws/install/pal_urdf_utils/lib/python3.10/site-packages'
[1.844s] Level 1:colcon.colcon_core.environment:checking '/opt/erc_ws/install/pal_urdf_utils/bin'
[1.844s] INFO:colcon.colcon_core.shell:Creating package script '/opt/erc_ws/install/pal_urdf_utils/share/pal_urdf_utils/package.ps1'
[1.850s] INFO:colcon.colcon_core.shell:Creating package descriptor '/opt/erc_ws/install/pal_urdf_utils/share/pal_urdf_utils/package.dsv'
[1.851s] INFO:colcon.colcon_core.shell:Creating package script '/opt/erc_ws/install/pal_urdf_utils/share/pal_urdf_utils/package.sh'
[1.851s] INFO:colcon.colcon_core.shell:Creating package script '/opt/erc_ws/install/pal_urdf_utils/share/pal_urdf_utils/package.bash'
[1.852s] INFO:colcon.colcon_core.shell:Creating package script '/opt/erc_ws/install/pal_urdf_utils/share/pal_urdf_utils/package.zsh'
[1.852s] Level 1:colcon.colcon_core.environment:create_file_with_runtime_dependencies(/opt/erc_ws/install/pal_urdf_utils/share/colcon-core/packages/pal_urdf_utils)
[1.853s] Level 1:colcon.colcon_core.environment:create_environment_scripts_only(pal_urdf_utils)
[1.853s] Level 1:colcon.colcon_core.environment:checking '/opt/erc_ws/install/pal_urdf_utils' for CMake module files
[1.856s] Level 1:colcon.colcon_core.environment:checking '/opt/erc_ws/install/pal_urdf_utils' for CMake config files
[1.857s] Level 1:colcon.colcon_core.shell:create_environment_hook('pal_urdf_utils', 'cmake_prefix_path')
[1.857s] INFO:colcon.colcon_core.shell:Creating environment hook '/opt/erc_ws/install/pal_urdf_utils/share/pal_urdf_utils/hook/cmake_prefix_path.ps1'
[1.857s] INFO:colcon.colcon_core.shell:Creating environment descriptor '/opt/erc_ws/install/pal_urdf_utils/share/pal_urdf_utils/hook/cmake_prefix_path.dsv'
[1.858s] INFO:colcon.colcon_core.shell:Creating environment hook '/opt/erc_ws/install/pal_urdf_utils/share/pal_urdf_utils/hook/cmake_prefix_path.sh'
[1.859s] Level 1:colcon.colcon_core.environment:checking '/opt/erc_ws/install/pal_urdf_utils/bin'
[1.859s] Level 1:colcon.colcon_core.environment:checking '/opt/erc_ws/install/pal_urdf_utils/lib/pkgconfig/pal_urdf_utils.pc'
[1.860s] Level 1:colcon.colcon_core.environment:checking '/opt/erc_ws/install/pal_urdf_utils/lib/python3.10/site-packages'
[1.861s] Level 1:colcon.colcon_core.environment:checking '/opt/erc_ws/install/pal_urdf_utils/bin'
[1.862s] INFO:colcon.colcon_core.shell:Creating package script '/opt/erc_ws/install/pal_urdf_utils/share/pal_urdf_utils/package.ps1'
[1.863s] INFO:colcon.colcon_core.shell:Creating package descriptor '/opt/erc_ws/install/pal_urdf_utils/share/pal_urdf_utils/package.dsv'
[1.864s] INFO:colcon.colcon_core.shell:Creating package script '/opt/erc_ws/install/pal_urdf_utils/share/pal_urdf_utils/package.sh'
[1.865s] INFO:colcon.colcon_core.shell:Creating package script '/opt/erc_ws/install/pal_urdf_utils/share/pal_urdf_utils/package.bash'
[1.865s] INFO:colcon.colcon_core.shell:Creating package script '/opt/erc_ws/install/pal_urdf_utils/share/pal_urdf_utils/package.zsh'
[1.866s] Level 1:colcon.colcon_core.environment:create_file_with_runtime_dependencies(/opt/erc_ws/install/pal_urdf_utils/share/colcon-core/packages/pal_urdf_utils)
[1.867s] Level 1:colcon.colcon_core.environment:create_environment_scripts_only(erc_description)
[1.868s] DEBUG:colcon.colcon_core.event_handler.log_command:Invoked command in '/opt/erc_ws/build/erc_description' returned '0': CMAKE_PREFIX_PATH=${CMAKE_PREFIX_PATH}:/opt/erc_ws/install/sensors:/opt/erc_ws/install/pal_pro_gripper_wrapper:/opt/erc_ws/install/launch_pal:/opt/erc_ws/install/erc_solution:/opt/ros/humble /usr/bin/cmake --install /opt/erc_ws/build/erc_description
[1.868s] Level 1:colcon.colcon_core.environment:checking '/opt/erc_ws/install/erc_description' for CMake module files
[1.869s] Level 1:colcon.colcon_core.environment:checking '/opt/erc_ws/install/erc_description' for CMake config files
[1.869s] Level 1:colcon.colcon_core.shell:create_environment_hook('erc_description', 'cmake_prefix_path')
[1.870s] INFO:colcon.colcon_core.shell:Creating environment hook '/opt/erc_ws/install/erc_description/share/erc_description/hook/cmake_prefix_path.ps1'
[1.871s] INFO:colcon.colcon_core.shell:Creating environment descriptor '/opt/erc_ws/install/erc_description/share/erc_description/hook/cmake_prefix_path.dsv'
[1.871s] INFO:colcon.colcon_core.shell:Creating environment hook '/opt/erc_ws/install/erc_description/share/erc_description/hook/cmake_prefix_path.sh'
[1.872s] Level 1:colcon.colcon_core.environment:checking '/opt/erc_ws/install/erc_description/bin'
[1.872s] Level 1:colcon.colcon_core.environment:checking '/opt/erc_ws/install/erc_description/lib/pkgconfig/erc_description.pc'
[1.872s] Level 1:colcon.colcon_core.environment:checking '/opt/erc_ws/install/erc_description/lib/python3.10/site-packages'
[1.873s] Level 1:colcon.colcon_core.environment:checking '/opt/erc_ws/install/erc_description/bin'
[1.873s] INFO:colcon.colcon_core.shell:Creating package script '/opt/erc_ws/install/erc_description/share/erc_description/package.ps1'
[1.874s] INFO:colcon.colcon_core.shell:Creating package descriptor '/opt/erc_ws/install/erc_description/share/erc_description/package.dsv'
[1.874s] INFO:colcon.colcon_core.shell:Creating package script '/opt/erc_ws/install/erc_description/share/erc_description/package.sh'
[1.875s] INFO:colcon.colcon_core.shell:Creating package script '/opt/erc_ws/install/erc_description/share/erc_description/package.bash'
[1.875s] INFO:colcon.colcon_core.shell:Creating package script '/opt/erc_ws/install/erc_description/share/erc_description/package.zsh'
[1.876s] Level 1:colcon.colcon_core.environment:create_file_with_runtime_dependencies(/opt/erc_ws/install/erc_description/share/colcon-core/packages/erc_description)
[1.877s] Level 1:colcon.colcon_core.environment:create_environment_scripts_only(erc_description)
[1.878s] Level 1:colcon.colcon_core.environment:checking '/opt/erc_ws/install/erc_description' for CMake module files
[1.879s] Level 1:colcon.colcon_core.environment:checking '/opt/erc_ws/install/erc_description' for CMake config files
[1.879s] Level 1:colcon.colcon_core.shell:create_environment_hook('erc_description', 'cmake_prefix_path')
[1.880s] INFO:colcon.colcon_core.shell:Creating environment hook '/opt/erc_ws/install/erc_description/share/erc_description/hook/cmake_prefix_path.ps1'
[1.880s] INFO:colcon.colcon_core.shell:Creating environment descriptor '/opt/erc_ws/install/erc_description/share/erc_description/hook/cmake_prefix_path.dsv'
[1.880s] INFO:colcon.colcon_core.shell:Creating environment hook '/opt/erc_ws/install/erc_description/share/erc_description/hook/cmake_prefix_path.sh'
[1.881s] Level 1:colcon.colcon_core.environment:checking '/opt/erc_ws/install/erc_description/bin'
[1.881s] Level 1:colcon.colcon_core.environment:checking '/opt/erc_ws/install/erc_description/lib/pkgconfig/erc_description.pc'
[1.882s] Level 1:colcon.colcon_core.environment:checking '/opt/erc_ws/install/erc_description/lib/python3.10/site-packages'
[1.882s] Level 1:colcon.colcon_core.environment:checking '/opt/erc_ws/install/erc_description/bin'
[1.882s] INFO:colcon.colcon_core.shell:Creating package script '/opt/erc_ws/install/erc_description/share/erc_description/package.ps1'
[1.883s] INFO:colcon.colcon_core.shell:Creating package descriptor '/opt/erc_ws/install/erc_description/share/erc_description/package.dsv'
[1.884s] INFO:colcon.colcon_core.shell:Creating package script '/opt/erc_ws/install/erc_description/share/erc_description/package.sh'
[1.884s] INFO:colcon.colcon_core.shell:Creating package script '/opt/erc_ws/install/erc_description/share/erc_description/package.bash'
[1.885s] INFO:colcon.colcon_core.shell:Creating package script '/opt/erc_ws/install/erc_description/share/erc_description/package.zsh'
[1.886s] Level 1:colcon.colcon_core.environment:create_file_with_runtime_dependencies(/opt/erc_ws/install/erc_description/share/colcon-core/packages/erc_description)
[1.886s] INFO:colcon.colcon_ros.task.ament_cmake.build:Building ROS package in '/opt/erc_ws/src/pal_pro_gripper/pal_pro_gripper_description' with build type 'ament_cmake'
[1.886s] INFO:colcon.colcon_cmake.task.cmake.build:Building CMake package in '/opt/erc_ws/src/pal_pro_gripper/pal_pro_gripper_description'
[1.887s] INFO:colcon.colcon_core.shell:Skip shell extension 'powershell' for command environment: Not usable outside of PowerShell
[1.887s] DEBUG:colcon.colcon_core.shell:Skip shell extension 'dsv' for command environment
[1.896s] INFO:colcon.colcon_ros.task.ament_cmake.build:Building ROS package in '/opt/erc_ws/src/pal_gripper/pal_gripper_description' with build type 'ament_cmake'
[1.896s] INFO:colcon.colcon_cmake.task.cmake.build:Building CMake package in '/opt/erc_ws/src/pal_gripper/pal_gripper_description'
[1.897s] INFO:colcon.colcon_core.shell:Skip shell extension 'powershell' for command environment: Not usable outside of PowerShell
[1.897s] DEBUG:colcon.colcon_core.shell:Skip shell extension 'dsv' for command environment
[1.915s] Level 1:colcon.colcon_core.environment:create_environment_scripts_only(gz_ros2_control)
[1.916s] Level 1:colcon.colcon_core.environment:checking '/opt/erc_ws/install/gz_ros2_control' for CMake module files
[1.919s] DEBUG:colcon.colcon_core.event_handler.log_command:Invoking command in '/opt/erc_ws/build/pal_pro_gripper_description': CMAKE_PREFIX_PATH=/opt/erc_ws/install/pal_urdf_utils:/opt/erc_ws/install/tiago_pro_robot:/opt/erc_ws/install/tiago_pro_head_robot:/opt/erc_ws/install/tiago_pro_bringup:/opt/erc_ws/install/tiago_pro_head_bringup:/opt/erc_ws/install/erc_bringup:/opt/erc_ws/install/tiago_pro_description:/opt/erc_ws/install/tiago_pro_head_description:/opt/erc_ws/install/tiago_pro_controller_configuration:/opt/erc_ws/install/tiago_pro_head_controller_configuration:/opt/erc_ws/install/pal_sea_arm:/opt/erc_ws/install/pal_sea_arm_bringup:/opt/erc_ws/install/pal_sea_arm_description:/opt/erc_ws/install/pal_pro_gripper_simulation:/opt/erc_ws/install/pal_pro_gripper_bringup:/opt/erc_ws/install/pal_pro_gripper:/opt/erc_ws/install/pal_pro_gripper_description:/opt/erc_ws/install/pal_gripper_simulation:/opt/erc_ws/install/pal_gripper:/opt/erc_ws/install/pal_gripper_description:/opt/erc_ws/install/omni_base_robot:/opt/erc_ws/install/omni_base_bringup:/opt/erc_ws/install/omni_base_description:/opt/erc_ws/install/pal_sea_arm_controller_configuration:/opt/erc_ws/install/pal_pro_gripper_controller_configuration:/opt/erc_ws/install/pal_gripper_controller_configuration:/opt/erc_ws/install/omni_base_controller_configuration:/opt/erc_ws/install/gz_ros2_control:/opt/erc_ws/install/erc_description:/opt/erc_ws/install/sensors:/opt/erc_ws/install/pal_pro_gripper_wrapper:/opt/erc_ws/install/launch_pal:/opt/erc_ws/install/erc_solution:/opt/ros/humble /usr/bin/cmake --build /opt/erc_ws/build/pal_pro_gripper_description -- -j16 -l16
[1.920s] DEBUG:colcon.colcon_core.event_handler.log_command:Invoked command in '/opt/erc_ws/build/gz_ros2_control' returned '0': CMAKE_PREFIX_PATH=${CMAKE_PREFIX_PATH}:/opt/erc_ws/install/sensors:/opt/erc_ws/install/pal_pro_gripper_wrapper:/opt/erc_ws/install/launch_pal:/opt/erc_ws/install/erc_solution:/opt/ros/humble /usr/bin/cmake --install /opt/erc_ws/build/gz_ros2_control
[1.920s] Level 1:colcon.colcon_core.environment:checking '/opt/erc_ws/install/gz_ros2_control' for CMake config files
[1.920s] Level 1:colcon.colcon_core.shell:create_environment_hook('gz_ros2_control', 'cmake_prefix_path')
[1.921s] INFO:colcon.colcon_core.shell:Creating environment hook '/opt/erc_ws/install/gz_ros2_control/share/gz_ros2_control/hook/cmake_prefix_path.ps1'
[1.921s] INFO:colcon.colcon_core.shell:Creating environment descriptor '/opt/erc_ws/install/gz_ros2_control/share/gz_ros2_control/hook/cmake_prefix_path.dsv'
[1.922s] INFO:colcon.colcon_core.shell:Creating environment hook '/opt/erc_ws/install/gz_ros2_control/share/gz_ros2_control/hook/cmake_prefix_path.sh'
[1.922s] Level 1:colcon.colcon_core.environment:checking '/opt/erc_ws/install/gz_ros2_control/lib'
[1.923s] Level 1:colcon.colcon_core.shell:create_environment_hook('gz_ros2_control', 'ld_library_path_lib')
[1.923s] INFO:colcon.colcon_core.shell:Creating environment hook '/opt/erc_ws/install/gz_ros2_control/share/gz_ros2_control/hook/ld_library_path_lib.ps1'
[1.924s] INFO:colcon.colcon_core.shell:Creating environment descriptor '/opt/erc_ws/install/gz_ros2_control/share/gz_ros2_control/hook/ld_library_path_lib.dsv'
[1.924s] INFO:colcon.colcon_core.shell:Creating environment hook '/opt/erc_ws/install/gz_ros2_control/share/gz_ros2_control/hook/ld_library_path_lib.sh'
[1.925s] Level 1:colcon.colcon_core.environment:checking '/opt/erc_ws/install/gz_ros2_control/bin'
[1.925s] Level 1:colcon.colcon_core.environment:checking '/opt/erc_ws/install/gz_ros2_control/lib/pkgconfig/gz_ros2_control.pc'
[1.925s] Level 1:colcon.colcon_core.environment:checking '/opt/erc_ws/install/gz_ros2_control/lib/python3.10/site-packages'
[1.926s] Level 1:colcon.colcon_core.environment:checking '/opt/erc_ws/install/gz_ros2_control/bin'
[1.926s] INFO:colcon.colcon_core.shell:Creating package script '/opt/erc_ws/install/gz_ros2_control/share/gz_ros2_control/package.ps1'
[1.927s] INFO:colcon.colcon_core.shell:Creating package descriptor '/opt/erc_ws/install/gz_ros2_control/share/gz_ros2_control/package.dsv'
[1.928s] INFO:colcon.colcon_core.shell:Creating package script '/opt/erc_ws/install/gz_ros2_control/share/gz_ros2_control/package.sh'
[1.930s] INFO:colcon.colcon_core.shell:Creating package script '/opt/erc_ws/install/gz_ros2_control/share/gz_ros2_control/package.bash'
[1.930s] INFO:colcon.colcon_core.shell:Creating package script '/opt/erc_ws/install/gz_ros2_control/share/gz_ros2_control/package.zsh'
[1.930s] Level 1:colcon.colcon_core.environment:create_file_with_runtime_dependencies(/opt/erc_ws/install/gz_ros2_control/share/colcon-core/packages/gz_ros2_control)
[1.931s] Level 1:colcon.colcon_core.environment:create_environment_scripts_only(gz_ros2_control)
[1.931s] Level 1:colcon.colcon_core.environment:checking '/opt/erc_ws/install/gz_ros2_control' for CMake module files
[1.932s] Level 1:colcon.colcon_core.environment:checking '/opt/erc_ws/install/gz_ros2_control' for CMake config files
[1.932s] Level 1:colcon.colcon_core.shell:create_environment_hook('gz_ros2_control', 'cmake_prefix_path')
[1.932s] INFO:colcon.colcon_core.shell:Creating environment hook '/opt/erc_ws/install/gz_ros2_control/share/gz_ros2_control/hook/cmake_prefix_path.ps1'
[1.933s] INFO:colcon.colcon_core.shell:Creating environment descriptor '/opt/erc_ws/install/gz_ros2_control/share/gz_ros2_control/hook/cmake_prefix_path.dsv'
[1.933s] INFO:colcon.colcon_core.shell:Creating environment hook '/opt/erc_ws/install/gz_ros2_control/share/gz_ros2_control/hook/cmake_prefix_path.sh'
[1.934s] Level 1:colcon.colcon_core.environment:checking '/opt/erc_ws/install/gz_ros2_control/lib'
[1.934s] Level 1:colcon.colcon_core.shell:create_environment_hook('gz_ros2_control', 'ld_library_path_lib')
[1.934s] INFO:colcon.colcon_core.shell:Creating environment hook '/opt/erc_ws/install/gz_ros2_control/share/gz_ros2_control/hook/ld_library_path_lib.ps1'
[1.935s] INFO:colcon.colcon_core.shell:Creating environment descriptor '/opt/erc_ws/install/gz_ros2_control/share/gz_ros2_control/hook/ld_library_path_lib.dsv'
[1.935s] INFO:colcon.colcon_core.shell:Creating environment hook '/opt/erc_ws/install/gz_ros2_control/share/gz_ros2_control/hook/ld_library_path_lib.sh'
[1.936s] Level 1:colcon.colcon_core.environment:checking '/opt/erc_ws/install/gz_ros2_control/bin'
[1.936s] Level 1:colcon.colcon_core.environment:checking '/opt/erc_ws/install/gz_ros2_control/lib/pkgconfig/gz_ros2_control.pc'
[1.936s] Level 1:colcon.colcon_core.environment:checking '/opt/erc_ws/install/gz_ros2_control/lib/python3.10/site-packages'
[1.936s] Level 1:colcon.colcon_core.environment:checking '/opt/erc_ws/install/gz_ros2_control/bin'
[1.937s] INFO:colcon.colcon_core.shell:Creating package script '/opt/erc_ws/install/gz_ros2_control/share/gz_ros2_control/package.ps1'
[1.937s] INFO:colcon.colcon_core.shell:Creating package descriptor '/opt/erc_ws/install/gz_ros2_control/share/gz_ros2_control/package.dsv'
[1.938s] INFO:colcon.colcon_core.shell:Creating package script '/opt/erc_ws/install/gz_ros2_control/share/gz_ros2_control/package.sh'
[1.939s] INFO:colcon.colcon_core.shell:Creating package script '/opt/erc_ws/install/gz_ros2_control/share/gz_ros2_control/package.bash'
[1.939s] INFO:colcon.colcon_core.shell:Creating package script '/opt/erc_ws/install/gz_ros2_control/share/gz_ros2_control/package.zsh'
[1.940s] Level 1:colcon.colcon_core.environment:create_file_with_runtime_dependencies(/opt/erc_ws/install/gz_ros2_control/share/colcon-core/packages/gz_ros2_control)
[1.947s] DEBUG:colcon.colcon_core.event_handler.log_command:Invoking command in '/opt/erc_ws/build/pal_gripper_description': CMAKE_PREFIX_PATH=/opt/erc_ws/install/pal_urdf_utils:/opt/erc_ws/install/tiago_pro_robot:/opt/erc_ws/install/tiago_pro_head_robot:/opt/erc_ws/install/tiago_pro_bringup:/opt/erc_ws/install/tiago_pro_head_bringup:/opt/erc_ws/install/erc_bringup:/opt/erc_ws/install/tiago_pro_description:/opt/erc_ws/install/tiago_pro_head_description:/opt/erc_ws/install/tiago_pro_controller_configuration:/opt/erc_ws/install/tiago_pro_head_controller_configuration:/opt/erc_ws/install/pal_sea_arm:/opt/erc_ws/install/pal_sea_arm_bringup:/opt/erc_ws/install/pal_sea_arm_description:/opt/erc_ws/install/pal_pro_gripper_simulation:/opt/erc_ws/install/pal_pro_gripper_bringup:/opt/erc_ws/install/pal_pro_gripper:/opt/erc_ws/install/pal_pro_gripper_description:/opt/erc_ws/install/pal_gripper_simulation:/opt/erc_ws/install/pal_gripper:/opt/erc_ws/install/pal_gripper_description:/opt/erc_ws/install/omni_base_robot:/opt/erc_ws/install/omni_base_bringup:/opt/erc_ws/install/omni_base_description:/opt/erc_ws/install/pal_sea_arm_controller_configuration:/opt/erc_ws/install/pal_pro_gripper_controller_configuration:/opt/erc_ws/install/pal_gripper_controller_configuration:/opt/erc_ws/install/omni_base_controller_configuration:/opt/erc_ws/install/gz_ros2_control:/opt/erc_ws/install/erc_description:/opt/erc_ws/install/sensors:/opt/erc_ws/install/pal_pro_gripper_wrapper:/opt/erc_ws/install/launch_pal:/opt/erc_ws/install/erc_solution:/opt/ros/humble /usr/bin/cmake --build /opt/erc_ws/build/pal_gripper_description -- -j16 -l16
[1.996s] DEBUG:colcon.colcon_core.event_handler.log_command:Invoked command in '/opt/erc_ws/build/pal_gripper_description' returned '0': CMAKE_PREFIX_PATH=/opt/erc_ws/install/pal_urdf_utils:/opt/erc_ws/install/tiago_pro_robot:/opt/erc_ws/install/tiago_pro_head_robot:/opt/erc_ws/install/tiago_pro_bringup:/opt/erc_ws/install/tiago_pro_head_bringup:/opt/erc_ws/install/erc_bringup:/opt/erc_ws/install/tiago_pro_description:/opt/erc_ws/install/tiago_pro_head_description:/opt/erc_ws/install/tiago_pro_controller_configuration:/opt/erc_ws/install/tiago_pro_head_controller_configuration:/opt/erc_ws/install/pal_sea_arm:/opt/erc_ws/install/pal_sea_arm_bringup:/opt/erc_ws/install/pal_sea_arm_description:/opt/erc_ws/install/pal_pro_gripper_simulation:/opt/erc_ws/install/pal_pro_gripper_bringup:/opt/erc_ws/install/pal_pro_gripper:/opt/erc_ws/install/pal_pro_gripper_description:/opt/erc_ws/install/pal_gripper_simulation:/opt/erc_ws/install/pal_gripper:/opt/erc_ws/install/pal_gripper_description:/opt/erc_ws/install/omni_base_robot:/opt/erc_ws/install/omni_base_bringup:/opt/erc_ws/install/omni_base_description:/opt/erc_ws/install/pal_sea_arm_controller_configuration:/opt/erc_ws/install/pal_pro_gripper_controller_configuration:/opt/erc_ws/install/pal_gripper_controller_configuration:/opt/erc_ws/install/omni_base_controller_configuration:/opt/erc_ws/install/gz_ros2_control:/opt/erc_ws/install/erc_description:/opt/erc_ws/install/sensors:/opt/erc_ws/install/pal_pro_gripper_wrapper:/opt/erc_ws/install/launch_pal:/opt/erc_ws/install/erc_solution:/opt/ros/humble /usr/bin/cmake --build /opt/erc_ws/build/pal_gripper_description -- -j16 -l16
[1.997s] DEBUG:colcon.colcon_core.event_handler.log_command:Invoking command in '/opt/erc_ws/build/pal_gripper_description': CMAKE_PREFIX_PATH=/opt/erc_ws/install/pal_urdf_utils:/opt/erc_ws/install/tiago_pro_robot:/opt/erc_ws/install/tiago_pro_head_robot:/opt/erc_ws/install/tiago_pro_bringup:/opt/erc_ws/install/tiago_pro_head_bringup:/opt/erc_ws/install/erc_bringup:/opt/erc_ws/install/tiago_pro_description:/opt/erc_ws/install/tiago_pro_head_description:/opt/erc_ws/install/tiago_pro_controller_configuration:/opt/erc_ws/install/tiago_pro_head_controller_configuration:/opt/erc_ws/install/pal_sea_arm:/opt/erc_ws/install/pal_sea_arm_bringup:/opt/erc_ws/install/pal_sea_arm_description:/opt/erc_ws/install/pal_pro_gripper_simulation:/opt/erc_ws/install/pal_pro_gripper_bringup:/opt/erc_ws/install/pal_pro_gripper:/opt/erc_ws/install/pal_pro_gripper_description:/opt/erc_ws/install/pal_gripper_simulation:/opt/erc_ws/install/pal_gripper:/opt/erc_ws/install/pal_gripper_description:/opt/erc_ws/install/omni_base_robot:/opt/erc_ws/install/omni_base_bringup:/opt/erc_ws/install/omni_base_description:/opt/erc_ws/install/pal_sea_arm_controller_configuration:/opt/erc_ws/install/pal_pro_gripper_controller_configuration:/opt/erc_ws/install/pal_gripper_controller_configuration:/opt/erc_ws/install/omni_base_controller_configuration:/opt/erc_ws/install/gz_ros2_control:/opt/erc_ws/install/erc_description:/opt/erc_ws/install/sensors:/opt/erc_ws/install/pal_pro_gripper_wrapper:/opt/erc_ws/install/launch_pal:/opt/erc_ws/install/erc_solution:/opt/ros/humble /usr/bin/cmake --install /opt/erc_ws/build/pal_gripper_description
[2.034s] Level 1:colcon.colcon_core.environment:create_environment_scripts_only(pal_gripper_description)
[2.034s] DEBUG:colcon.colcon_core.event_handler.log_command:Invoked command in '/opt/erc_ws/build/pal_gripper_description' returned '0': CMAKE_PREFIX_PATH=/opt/erc_ws/install/pal_urdf_utils:/opt/erc_ws/install/tiago_pro_robot:/opt/erc_ws/install/tiago_pro_head_robot:/opt/erc_ws/install/tiago_pro_bringup:/opt/erc_ws/install/tiago_pro_head_bringup:/opt/erc_ws/install/erc_bringup:/opt/erc_ws/install/tiago_pro_description:/opt/erc_ws/install/tiago_pro_head_description:/opt/erc_ws/install/tiago_pro_controller_configuration:/opt/erc_ws/install/tiago_pro_head_controller_configuration:/opt/erc_ws/install/pal_sea_arm:/opt/erc_ws/install/pal_sea_arm_bringup:/opt/erc_ws/install/pal_sea_arm_description:/opt/erc_ws/install/pal_pro_gripper_simulation:/opt/erc_ws/install/pal_pro_gripper_bringup:/opt/erc_ws/install/pal_pro_gripper:/opt/erc_ws/install/pal_pro_gripper_description:/opt/erc_ws/install/pal_gripper_simulation:/opt/erc_ws/install/pal_gripper:/opt/erc_ws/install/pal_gripper_description:/opt/erc_ws/install/omni_base_robot:/opt/erc_ws/install/omni_base_bringup:/opt/erc_ws/install/omni_base_description:/opt/erc_ws/install/pal_sea_arm_controller_configuration:/opt/erc_ws/install/pal_pro_gripper_controller_configuration:/opt/erc_ws/install/pal_gripper_controller_configuration:/opt/erc_ws/install/omni_base_controller_configuration:/opt/erc_ws/install/gz_ros2_control:/opt/erc_ws/install/erc_description:/opt/erc_ws/install/sensors:/opt/erc_ws/install/pal_pro_gripper_wrapper:/opt/erc_ws/install/launch_pal:/opt/erc_ws/install/erc_solution:/opt/ros/humble /usr/bin/cmake --install /opt/erc_ws/build/pal_gripper_description
[2.035s] Level 1:colcon.colcon_core.environment:checking '/opt/erc_ws/install/pal_gripper_description' for CMake module files
[2.036s] Level 1:colcon.colcon_core.environment:checking '/opt/erc_ws/install/pal_gripper_description' for CMake config files
[2.036s] Level 1:colcon.colcon_core.shell:create_environment_hook('pal_gripper_description', 'cmake_prefix_path')
[2.037s] INFO:colcon.colcon_core.shell:Creating environment hook '/opt/erc_ws/install/pal_gripper_description/share/pal_gripper_description/hook/cmake_prefix_path.ps1'
[2.038s] INFO:colcon.colcon_core.shell:Creating environment descriptor '/opt/erc_ws/install/pal_gripper_description/share/pal_gripper_description/hook/cmake_prefix_path.dsv'
[2.039s] INFO:colcon.colcon_core.shell:Creating environment hook '/opt/erc_ws/install/pal_gripper_description/share/pal_gripper_description/hook/cmake_prefix_path.sh'
[2.040s] Level 1:colcon.colcon_core.environment:checking '/opt/erc_ws/install/pal_gripper_description/bin'
[2.040s] Level 1:colcon.colcon_core.environment:checking '/opt/erc_ws/install/pal_gripper_description/lib/pkgconfig/pal_gripper_description.pc'
[2.041s] Level 1:colcon.colcon_core.environment:checking '/opt/erc_ws/install/pal_gripper_description/lib/python3.10/site-packages'
[2.041s] Level 1:colcon.colcon_core.environment:checking '/opt/erc_ws/install/pal_gripper_description/bin'
[2.041s] INFO:colcon.colcon_core.shell:Creating package script '/opt/erc_ws/install/pal_gripper_description/share/pal_gripper_description/package.ps1'
[2.042s] INFO:colcon.colcon_core.shell:Creating package descriptor '/opt/erc_ws/install/pal_gripper_description/share/pal_gripper_description/package.dsv'
[2.043s] INFO:colcon.colcon_core.shell:Creating package script '/opt/erc_ws/install/pal_gripper_description/share/pal_gripper_description/package.sh'
[2.044s] INFO:colcon.colcon_core.shell:Creating package script '/opt/erc_ws/install/pal_gripper_description/share/pal_gripper_description/package.bash'
[2.044s] INFO:colcon.colcon_core.shell:Creating package script '/opt/erc_ws/install/pal_gripper_description/share/pal_gripper_description/package.zsh'
[2.045s] Level 1:colcon.colcon_core.environment:create_file_with_runtime_dependencies(/opt/erc_ws/install/pal_gripper_description/share/colcon-core/packages/pal_gripper_description)
[2.045s] Level 1:colcon.colcon_core.environment:create_environment_scripts_only(pal_gripper_description)
[2.046s] Level 1:colcon.colcon_core.environment:checking '/opt/erc_ws/install/pal_gripper_description' for CMake module files
[2.047s] Level 1:colcon.colcon_core.environment:checking '/opt/erc_ws/install/pal_gripper_description' for CMake config files
[2.048s] Level 1:colcon.colcon_core.shell:create_environment_hook('pal_gripper_description', 'cmake_prefix_path')
[2.048s] INFO:colcon.colcon_core.shell:Creating environment hook '/opt/erc_ws/install/pal_gripper_description/share/pal_gripper_description/hook/cmake_prefix_path.ps1'
[2.049s] INFO:colcon.colcon_core.shell:Creating environment descriptor '/opt/erc_ws/install/pal_gripper_description/share/pal_gripper_description/hook/cmake_prefix_path.dsv'
[2.049s] INFO:colcon.colcon_core.shell:Creating environment hook '/opt/erc_ws/install/pal_gripper_description/share/pal_gripper_description/hook/cmake_prefix_path.sh'
[2.050s] Level 1:colcon.colcon_core.environment:checking '/opt/erc_ws/install/pal_gripper_description/bin'
[2.050s] Level 1:colcon.colcon_core.environment:checking '/opt/erc_ws/install/pal_gripper_description/lib/pkgconfig/pal_gripper_description.pc'
[2.050s] Level 1:colcon.colcon_core.environment:checking '/opt/erc_ws/install/pal_gripper_description/lib/python3.10/site-packages'
[2.050s] Level 1:colcon.colcon_core.environment:checking '/opt/erc_ws/install/pal_gripper_description/bin'
[2.051s] INFO:colcon.colcon_core.shell:Creating package script '/opt/erc_ws/install/pal_gripper_description/share/pal_gripper_description/package.ps1'
[2.052s] INFO:colcon.colcon_core.shell:Creating package descriptor '/opt/erc_ws/install/pal_gripper_description/share/pal_gripper_description/package.dsv'
[2.052s] INFO:colcon.colcon_core.shell:Creating package script '/opt/erc_ws/install/pal_gripper_description/share/pal_gripper_description/package.sh'
[2.053s] INFO:colcon.colcon_core.shell:Creating package script '/opt/erc_ws/install/pal_gripper_description/share/pal_gripper_description/package.bash'
[2.053s] INFO:colcon.colcon_core.shell:Creating package script '/opt/erc_ws/install/pal_gripper_description/share/pal_gripper_description/package.zsh'
[2.053s] Level 1:colcon.colcon_core.environment:create_file_with_runtime_dependencies(/opt/erc_ws/install/pal_gripper_description/share/colcon-core/packages/pal_gripper_description)
[2.054s] INFO:colcon.colcon_ros.task.ament_cmake.build:Building ROS package in '/opt/erc_ws/src/pal_gripper/pal_gripper' with build type 'ament_cmake'
[2.055s] INFO:colcon.colcon_cmake.task.cmake.build:Building CMake package in '/opt/erc_ws/src/pal_gripper/pal_gripper'
[2.056s] INFO:colcon.colcon_core.shell:Skip shell extension 'powershell' for command environment: Not usable outside of PowerShell
[2.056s] DEBUG:colcon.colcon_core.shell:Skip shell extension 'dsv' for command environment
[2.068s] INFO:colcon.colcon_ros.task.ament_cmake.build:Building ROS package in '/opt/erc_ws/src/pal_gripper/pal_gripper_simulation' with build type 'ament_cmake'
[2.068s] INFO:colcon.colcon_cmake.task.cmake.build:Building CMake package in '/opt/erc_ws/src/pal_gripper/pal_gripper_simulation'
[2.068s] INFO:colcon.colcon_core.shell:Skip shell extension 'powershell' for command environment: Not usable outside of PowerShell
[2.068s] DEBUG:colcon.colcon_core.shell:Skip shell extension 'dsv' for command environment
[2.100s] DEBUG:colcon.colcon_core.event_handler.log_command:Invoking command in '/opt/erc_ws/build/pal_gripper': CMAKE_PREFIX_PATH=/opt/erc_ws/install/pal_gripper_description:/opt/erc_ws/install/pal_urdf_utils:/opt/erc_ws/install/pal_gripper_controller_configuration:/opt/erc_ws/install/tiago_pro_robot:/opt/erc_ws/install/tiago_pro_head_robot:/opt/erc_ws/install/tiago_pro_bringup:/opt/erc_ws/install/tiago_pro_head_bringup:/opt/erc_ws/install/erc_bringup:/opt/erc_ws/install/tiago_pro_description:/opt/erc_ws/install/tiago_pro_head_description:/opt/erc_ws/install/tiago_pro_controller_configuration:/opt/erc_ws/install/tiago_pro_head_controller_configuration:/opt/erc_ws/install/pal_sea_arm:/opt/erc_ws/install/pal_sea_arm_bringup:/opt/erc_ws/install/pal_sea_arm_description:/opt/erc_ws/install/pal_pro_gripper_simulation:/opt/erc_ws/install/pal_pro_gripper_bringup:/opt/erc_ws/install/pal_pro_gripper:/opt/erc_ws/install/pal_pro_gripper_description:/opt/erc_ws/install/pal_gripper_simulation:/opt/erc_ws/install/pal_gripper:/opt/erc_ws/install/omni_base_robot:/opt/erc_ws/install/omni_base_bringup:/opt/erc_ws/install/omni_base_description:/opt/erc_ws/install/pal_sea_arm_controller_configuration:/opt/erc_ws/install/pal_pro_gripper_controller_configuration:/opt/erc_ws/install/omni_base_controller_configuration:/opt/erc_ws/install/gz_ros2_control:/opt/erc_ws/install/erc_description:/opt/erc_ws/install/sensors:/opt/erc_ws/install/pal_pro_gripper_wrapper:/opt/erc_ws/install/launch_pal:/opt/erc_ws/install/erc_solution:/opt/ros/humble /usr/bin/cmake --build /opt/erc_ws/build/pal_gripper -- -j16 -l16
[2.116s] DEBUG:colcon.colcon_core.event_handler.log_command:Invoking command in '/opt/erc_ws/build/pal_gripper_simulation': CMAKE_PREFIX_PATH=/opt/erc_ws/install/pal_gripper_description:/opt/erc_ws/install/pal_urdf_utils:/opt/erc_ws/install/pal_gripper_controller_configuration:/opt/erc_ws/install/tiago_pro_robot:/opt/erc_ws/install/tiago_pro_head_robot:/opt/erc_ws/install/tiago_pro_bringup:/opt/erc_ws/install/tiago_pro_head_bringup:/opt/erc_ws/install/erc_bringup:/opt/erc_ws/install/tiago_pro_description:/opt/erc_ws/install/tiago_pro_head_description:/opt/erc_ws/install/tiago_pro_controller_configuration:/opt/erc_ws/install/tiago_pro_head_controller_configuration:/opt/erc_ws/install/pal_sea_arm:/opt/erc_ws/install/pal_sea_arm_bringup:/opt/erc_ws/install/pal_sea_arm_description:/opt/erc_ws/install/pal_pro_gripper_simulation:/opt/erc_ws/install/pal_pro_gripper_bringup:/opt/erc_ws/install/pal_pro_gripper:/opt/erc_ws/install/pal_pro_gripper_description:/opt/erc_ws/install/pal_gripper_simulation:/opt/erc_ws/install/pal_gripper:/opt/erc_ws/install/omni_base_robot:/opt/erc_ws/install/omni_base_bringup:/opt/erc_ws/install/omni_base_description:/opt/erc_ws/install/pal_sea_arm_controller_configuration:/opt/erc_ws/install/pal_pro_gripper_controller_configuration:/opt/erc_ws/install/omni_base_controller_configuration:/opt/erc_ws/install/gz_ros2_control:/opt/erc_ws/install/erc_description:/opt/erc_ws/install/sensors:/opt/erc_ws/install/pal_pro_gripper_wrapper:/opt/erc_ws/install/launch_pal:/opt/erc_ws/install/erc_solution:/opt/ros/humble /usr/bin/cmake --build /opt/erc_ws/build/pal_gripper_simulation -- -j16 -l16
[2.156s] DEBUG:colcon.colcon_core.event_handler.log_command:Invoked command in '/opt/erc_ws/build/pal_gripper' returned '0': CMAKE_PREFIX_PATH=/opt/erc_ws/install/pal_gripper_description:/opt/erc_ws/install/pal_urdf_utils:/opt/erc_ws/install/pal_gripper_controller_configuration:/opt/erc_ws/install/tiago_pro_robot:/opt/erc_ws/install/tiago_pro_head_robot:/opt/erc_ws/install/tiago_pro_bringup:/opt/erc_ws/install/tiago_pro_head_bringup:/opt/erc_ws/install/erc_bringup:/opt/erc_ws/install/tiago_pro_description:/opt/erc_ws/install/tiago_pro_head_description:/opt/erc_ws/install/tiago_pro_controller_configuration:/opt/erc_ws/install/tiago_pro_head_controller_configuration:/opt/erc_ws/install/pal_sea_arm:/opt/erc_ws/install/pal_sea_arm_bringup:/opt/erc_ws/install/pal_sea_arm_description:/opt/erc_ws/install/pal_pro_gripper_simulation:/opt/erc_ws/install/pal_pro_gripper_bringup:/opt/erc_ws/install/pal_pro_gripper:/opt/erc_ws/install/pal_pro_gripper_description:/opt/erc_ws/install/pal_gripper_simulation:/opt/erc_ws/install/pal_gripper:/opt/erc_ws/install/omni_base_robot:/opt/erc_ws/install/omni_base_bringup:/opt/erc_ws/install/omni_base_description:/opt/erc_ws/install/pal_sea_arm_controller_configuration:/opt/erc_ws/install/pal_pro_gripper_controller_configuration:/opt/erc_ws/install/omni_base_controller_configuration:/opt/erc_ws/install/gz_ros2_control:/opt/erc_ws/install/erc_description:/opt/erc_ws/install/sensors:/opt/erc_ws/install/pal_pro_gripper_wrapper:/opt/erc_ws/install/launch_pal:/opt/erc_ws/install/erc_solution:/opt/ros/humble /usr/bin/cmake --build /opt/erc_ws/build/pal_gripper -- -j16 -l16
[2.160s] DEBUG:colcon.colcon_core.event_handler.log_command:Invoking command in '/opt/erc_ws/build/pal_gripper': CMAKE_PREFIX_PATH=/opt/erc_ws/install/pal_gripper_description:/opt/erc_ws/install/pal_urdf_utils:/opt/erc_ws/install/pal_gripper_controller_configuration:/opt/erc_ws/install/tiago_pro_robot:/opt/erc_ws/install/tiago_pro_head_robot:/opt/erc_ws/install/tiago_pro_bringup:/opt/erc_ws/install/tiago_pro_head_bringup:/opt/erc_ws/install/erc_bringup:/opt/erc_ws/install/tiago_pro_description:/opt/erc_ws/install/tiago_pro_head_description:/opt/erc_ws/install/tiago_pro_controller_configuration:/opt/erc_ws/install/tiago_pro_head_controller_configuration:/opt/erc_ws/install/pal_sea_arm:/opt/erc_ws/install/pal_sea_arm_bringup:/opt/erc_ws/install/pal_sea_arm_description:/opt/erc_ws/install/pal_pro_gripper_simulation:/opt/erc_ws/install/pal_pro_gripper_bringup:/opt/erc_ws/install/pal_pro_gripper:/opt/erc_ws/install/pal_pro_gripper_description:/opt/erc_ws/install/pal_gripper_simulation:/opt/erc_ws/install/pal_gripper:/opt/erc_ws/install/omni_base_robot:/opt/erc_ws/install/omni_base_bringup:/opt/erc_ws/install/omni_base_description:/opt/erc_ws/install/pal_sea_arm_controller_configuration:/opt/erc_ws/install/pal_pro_gripper_controller_configuration:/opt/erc_ws/install/omni_base_controller_configuration:/opt/erc_ws/install/gz_ros2_control:/opt/erc_ws/install/erc_description:/opt/erc_ws/install/sensors:/opt/erc_ws/install/pal_pro_gripper_wrapper:/opt/erc_ws/install/launch_pal:/opt/erc_ws/install/erc_solution:/opt/ros/humble /usr/bin/cmake --install /opt/erc_ws/build/pal_gripper
[2.172s] DEBUG:colcon.colcon_core.event_handler.log_command:Invoked command in '/opt/erc_ws/build/pal_gripper_simulation' returned '0': CMAKE_PREFIX_PATH=/opt/erc_ws/install/pal_gripper_description:/opt/erc_ws/install/pal_urdf_utils:/opt/erc_ws/install/pal_gripper_controller_configuration:/opt/erc_ws/install/tiago_pro_robot:/opt/erc_ws/install/tiago_pro_head_robot:/opt/erc_ws/install/tiago_pro_bringup:/opt/erc_ws/install/tiago_pro_head_bringup:/opt/erc_ws/install/erc_bringup:/opt/erc_ws/install/tiago_pro_description:/opt/erc_ws/install/tiago_pro_head_description:/opt/erc_ws/install/tiago_pro_controller_configuration:/opt/erc_ws/install/tiago_pro_head_controller_configuration:/opt/erc_ws/install/pal_sea_arm:/opt/erc_ws/install/pal_sea_arm_bringup:/opt/erc_ws/install/pal_sea_arm_description:/opt/erc_ws/install/pal_pro_gripper_simulation:/opt/erc_ws/install/pal_pro_gripper_bringup:/opt/erc_ws/install/pal_pro_gripper:/opt/erc_ws/install/pal_pro_gripper_description:/opt/erc_ws/install/pal_gripper_simulation:/opt/erc_ws/install/pal_gripper:/opt/erc_ws/install/omni_base_robot:/opt/erc_ws/install/omni_base_bringup:/opt/erc_ws/install/omni_base_description:/opt/erc_ws/install/pal_sea_arm_controller_configuration:/opt/erc_ws/install/pal_pro_gripper_controller_configuration:/opt/erc_ws/install/omni_base_controller_configuration:/opt/erc_ws/install/gz_ros2_control:/opt/erc_ws/install/erc_description:/opt/erc_ws/install/sensors:/opt/erc_ws/install/pal_pro_gripper_wrapper:/opt/erc_ws/install/launch_pal:/opt/erc_ws/install/erc_solution:/opt/ros/humble /usr/bin/cmake --build /opt/erc_ws/build/pal_gripper_simulation -- -j16 -l16
[2.174s] DEBUG:colcon.colcon_core.event_handler.log_command:Invoking command in '/opt/erc_ws/build/pal_gripper_simulation': CMAKE_PREFIX_PATH=/opt/erc_ws/install/pal_gripper_description:/opt/erc_ws/install/pal_urdf_utils:/opt/erc_ws/install/pal_gripper_controller_configuration:/opt/erc_ws/install/tiago_pro_robot:/opt/erc_ws/install/tiago_pro_head_robot:/opt/erc_ws/install/tiago_pro_bringup:/opt/erc_ws/install/tiago_pro_head_bringup:/opt/erc_ws/install/erc_bringup:/opt/erc_ws/install/tiago_pro_description:/opt/erc_ws/install/tiago_pro_head_description:/opt/erc_ws/install/tiago_pro_controller_configuration:/opt/erc_ws/install/tiago_pro_head_controller_configuration:/opt/erc_ws/install/pal_sea_arm:/opt/erc_ws/install/pal_sea_arm_bringup:/opt/erc_ws/install/pal_sea_arm_description:/opt/erc_ws/install/pal_pro_gripper_simulation:/opt/erc_ws/install/pal_pro_gripper_bringup:/opt/erc_ws/install/pal_pro_gripper:/opt/erc_ws/install/pal_pro_gripper_description:/opt/erc_ws/install/pal_gripper_simulation:/opt/erc_ws/install/pal_gripper:/opt/erc_ws/install/omni_base_robot:/opt/erc_ws/install/omni_base_bringup:/opt/erc_ws/install/omni_base_description:/opt/erc_ws/install/pal_sea_arm_controller_configuration:/opt/erc_ws/install/pal_pro_gripper_controller_configuration:/opt/erc_ws/install/omni_base_controller_configuration:/opt/erc_ws/install/gz_ros2_control:/opt/erc_ws/install/erc_description:/opt/erc_ws/install/sensors:/opt/erc_ws/install/pal_pro_gripper_wrapper:/opt/erc_ws/install/launch_pal:/opt/erc_ws/install/erc_solution:/opt/ros/humble /usr/bin/cmake --install /opt/erc_ws/build/pal_gripper_simulation
[2.194s] Level 1:colcon.colcon_core.environment:create_environment_scripts_only(pal_gripper)
[2.195s] DEBUG:colcon.colcon_core.event_handler.log_command:Invoked command in '/opt/erc_ws/build/pal_gripper' returned '0': CMAKE_PREFIX_PATH=/opt/erc_ws/install/pal_gripper_description:/opt/erc_ws/install/pal_urdf_utils:/opt/erc_ws/install/pal_gripper_controller_configuration:/opt/erc_ws/install/tiago_pro_robot:/opt/erc_ws/install/tiago_pro_head_robot:/opt/erc_ws/install/tiago_pro_bringup:/opt/erc_ws/install/tiago_pro_head_bringup:/opt/erc_ws/install/erc_bringup:/opt/erc_ws/install/tiago_pro_description:/opt/erc_ws/install/tiago_pro_head_description:/opt/erc_ws/install/tiago_pro_controller_configuration:/opt/erc_ws/install/tiago_pro_head_controller_configuration:/opt/erc_ws/install/pal_sea_arm:/opt/erc_ws/install/pal_sea_arm_bringup:/opt/erc_ws/install/pal_sea_arm_description:/opt/erc_ws/install/pal_pro_gripper_simulation:/opt/erc_ws/install/pal_pro_gripper_bringup:/opt/erc_ws/install/pal_pro_gripper:/opt/erc_ws/install/pal_pro_gripper_description:/opt/erc_ws/install/pal_gripper_simulation:/opt/erc_ws/install/pal_gripper:/opt/erc_ws/install/omni_base_robot:/opt/erc_ws/install/omni_base_bringup:/opt/erc_ws/install/omni_base_description:/opt/erc_ws/install/pal_sea_arm_controller_configuration:/opt/erc_ws/install/pal_pro_gripper_controller_configuration:/opt/erc_ws/install/omni_base_controller_configuration:/opt/erc_ws/install/gz_ros2_control:/opt/erc_ws/install/erc_description:/opt/erc_ws/install/sensors:/opt/erc_ws/install/pal_pro_gripper_wrapper:/opt/erc_ws/install/launch_pal:/opt/erc_ws/install/erc_solution:/opt/ros/humble /usr/bin/cmake --install /opt/erc_ws/build/pal_gripper
[2.195s] Level 1:colcon.colcon_core.environment:checking '/opt/erc_ws/install/pal_gripper' for CMake module files
[2.197s] Level 1:colcon.colcon_core.environment:checking '/opt/erc_ws/install/pal_gripper' for CMake config files
[2.197s] Level 1:colcon.colcon_core.shell:create_environment_hook('pal_gripper', 'cmake_prefix_path')
[2.197s] INFO:colcon.colcon_core.shell:Creating environment hook '/opt/erc_ws/install/pal_gripper/share/pal_gripper/hook/cmake_prefix_path.ps1'
[2.198s] INFO:colcon.colcon_core.shell:Creating environment descriptor '/opt/erc_ws/install/pal_gripper/share/pal_gripper/hook/cmake_prefix_path.dsv'
[2.199s] INFO:colcon.colcon_core.shell:Creating environment hook '/opt/erc_ws/install/pal_gripper/share/pal_gripper/hook/cmake_prefix_path.sh'
[2.199s] Level 1:colcon.colcon_core.environment:checking '/opt/erc_ws/install/pal_gripper/bin'
[2.199s] Level 1:colcon.colcon_core.environment:checking '/opt/erc_ws/install/pal_gripper/lib/pkgconfig/pal_gripper.pc'
[2.200s] Level 1:colcon.colcon_core.environment:checking '/opt/erc_ws/install/pal_gripper/lib/python3.10/site-packages'
[2.200s] Level 1:colcon.colcon_core.environment:checking '/opt/erc_ws/install/pal_gripper/bin'
[2.201s] INFO:colcon.colcon_core.shell:Creating package script '/opt/erc_ws/install/pal_gripper/share/pal_gripper/package.ps1'
[2.202s] INFO:colcon.colcon_core.shell:Creating package descriptor '/opt/erc_ws/install/pal_gripper/share/pal_gripper/package.dsv'
[2.202s] INFO:colcon.colcon_core.shell:Creating package script '/opt/erc_ws/install/pal_gripper/share/pal_gripper/package.sh'
[2.203s] INFO:colcon.colcon_core.shell:Creating package script '/opt/erc_ws/install/pal_gripper/share/pal_gripper/package.bash'
[2.203s] INFO:colcon.colcon_core.shell:Creating package script '/opt/erc_ws/install/pal_gripper/share/pal_gripper/package.zsh'
[2.204s] Level 1:colcon.colcon_core.environment:create_file_with_runtime_dependencies(/opt/erc_ws/install/pal_gripper/share/colcon-core/packages/pal_gripper)
[2.204s] Level 1:colcon.colcon_core.environment:create_environment_scripts_only(pal_gripper)
[2.205s] Level 1:colcon.colcon_core.environment:checking '/opt/erc_ws/install/pal_gripper' for CMake module files
[2.205s] Level 1:colcon.colcon_core.environment:checking '/opt/erc_ws/install/pal_gripper' for CMake config files
[2.206s] Level 1:colcon.colcon_core.shell:create_environment_hook('pal_gripper', 'cmake_prefix_path')
[2.206s] INFO:colcon.colcon_core.shell:Creating environment hook '/opt/erc_ws/install/pal_gripper/share/pal_gripper/hook/cmake_prefix_path.ps1'
[2.207s] INFO:colcon.colcon_core.shell:Creating environment descriptor '/opt/erc_ws/install/pal_gripper/share/pal_gripper/hook/cmake_prefix_path.dsv'
[2.207s] INFO:colcon.colcon_core.shell:Creating environment hook '/opt/erc_ws/install/pal_gripper/share/pal_gripper/hook/cmake_prefix_path.sh'
[2.208s] Level 1:colcon.colcon_core.environment:checking '/opt/erc_ws/install/pal_gripper/bin'
[2.208s] Level 1:colcon.colcon_core.environment:checking '/opt/erc_ws/install/pal_gripper/lib/pkgconfig/pal_gripper.pc'
[2.209s] Level 1:colcon.colcon_core.environment:checking '/opt/erc_ws/install/pal_gripper/lib/python3.10/site-packages'
[2.209s] Level 1:colcon.colcon_core.environment:checking '/opt/erc_ws/install/pal_gripper/bin'
[2.210s] INFO:colcon.colcon_core.shell:Creating package script '/opt/erc_ws/install/pal_gripper/share/pal_gripper/package.ps1'
[2.211s] INFO:colcon.colcon_core.shell:Creating package descriptor '/opt/erc_ws/install/pal_gripper/share/pal_gripper/package.dsv'
[2.212s] INFO:colcon.colcon_core.shell:Creating package script '/opt/erc_ws/install/pal_gripper/share/pal_gripper/package.sh'
[2.213s] INFO:colcon.colcon_core.shell:Creating package script '/opt/erc_ws/install/pal_gripper/share/pal_gripper/package.bash'
[2.213s] INFO:colcon.colcon_core.shell:Creating package script '/opt/erc_ws/install/pal_gripper/share/pal_gripper/package.zsh'
[2.214s] Level 1:colcon.colcon_core.environment:create_file_with_runtime_dependencies(/opt/erc_ws/install/pal_gripper/share/colcon-core/packages/pal_gripper)
[2.220s] Level 1:colcon.colcon_core.environment:create_environment_scripts_only(pal_gripper_simulation)
[2.221s] DEBUG:colcon.colcon_core.event_handler.log_command:Invoked command in '/opt/erc_ws/build/pal_gripper_simulation' returned '0': CMAKE_PREFIX_PATH=/opt/erc_ws/install/pal_gripper_description:/opt/erc_ws/install/pal_urdf_utils:/opt/erc_ws/install/pal_gripper_controller_configuration:/opt/erc_ws/install/tiago_pro_robot:/opt/erc_ws/install/tiago_pro_head_robot:/opt/erc_ws/install/tiago_pro_bringup:/opt/erc_ws/install/tiago_pro_head_bringup:/opt/erc_ws/install/erc_bringup:/opt/erc_ws/install/tiago_pro_description:/opt/erc_ws/install/tiago_pro_head_description:/opt/erc_ws/install/tiago_pro_controller_configuration:/opt/erc_ws/install/tiago_pro_head_controller_configuration:/opt/erc_ws/install/pal_sea_arm:/opt/erc_ws/install/pal_sea_arm_bringup:/opt/erc_ws/install/pal_sea_arm_description:/opt/erc_ws/install/pal_pro_gripper_simulation:/opt/erc_ws/install/pal_pro_gripper_bringup:/opt/erc_ws/install/pal_pro_gripper:/opt/erc_ws/install/pal_pro_gripper_description:/opt/erc_ws/install/pal_gripper_simulation:/opt/erc_ws/install/pal_gripper:/opt/erc_ws/install/omni_base_robot:/opt/erc_ws/install/omni_base_bringup:/opt/erc_ws/install/omni_base_description:/opt/erc_ws/install/pal_sea_arm_controller_configuration:/opt/erc_ws/install/pal_pro_gripper_controller_configuration:/opt/erc_ws/install/omni_base_controller_configuration:/opt/erc_ws/install/gz_ros2_control:/opt/erc_ws/install/erc_description:/opt/erc_ws/install/sensors:/opt/erc_ws/install/pal_pro_gripper_wrapper:/opt/erc_ws/install/launch_pal:/opt/erc_ws/install/erc_solution:/opt/ros/humble /usr/bin/cmake --install /opt/erc_ws/build/pal_gripper_simulation
[2.222s] Level 1:colcon.colcon_core.environment:checking '/opt/erc_ws/install/pal_gripper_simulation' for CMake module files
[2.222s] Level 1:colcon.colcon_core.environment:checking '/opt/erc_ws/install/pal_gripper_simulation' for CMake config files
[2.223s] Level 1:colcon.colcon_core.shell:create_environment_hook('pal_gripper_simulation', 'cmake_prefix_path')
[2.223s] INFO:colcon.colcon_core.shell:Creating environment hook '/opt/erc_ws/install/pal_gripper_simulation/share/pal_gripper_simulation/hook/cmake_prefix_path.ps1'
[2.224s] INFO:colcon.colcon_core.shell:Creating environment descriptor '/opt/erc_ws/install/pal_gripper_simulation/share/pal_gripper_simulation/hook/cmake_prefix_path.dsv'
[2.224s] INFO:colcon.colcon_core.shell:Creating environment hook '/opt/erc_ws/install/pal_gripper_simulation/share/pal_gripper_simulation/hook/cmake_prefix_path.sh'
[2.225s] Level 1:colcon.colcon_core.environment:checking '/opt/erc_ws/install/pal_gripper_simulation/bin'
[2.225s] Level 1:colcon.colcon_core.environment:checking '/opt/erc_ws/install/pal_gripper_simulation/lib/pkgconfig/pal_gripper_simulation.pc'
[2.225s] Level 1:colcon.colcon_core.environment:checking '/opt/erc_ws/install/pal_gripper_simulation/lib/python3.10/site-packages'
[2.225s] Level 1:colcon.colcon_core.environment:checking '/opt/erc_ws/install/pal_gripper_simulation/bin'
[2.226s] INFO:colcon.colcon_core.shell:Creating package script '/opt/erc_ws/install/pal_gripper_simulation/share/pal_gripper_simulation/package.ps1'
[2.227s] INFO:colcon.colcon_core.shell:Creating package descriptor '/opt/erc_ws/install/pal_gripper_simulation/share/pal_gripper_simulation/package.dsv'
[2.227s] INFO:colcon.colcon_core.shell:Creating package script '/opt/erc_ws/install/pal_gripper_simulation/share/pal_gripper_simulation/package.sh'
[2.228s] INFO:colcon.colcon_core.shell:Creating package script '/opt/erc_ws/install/pal_gripper_simulation/share/pal_gripper_simulation/package.bash'
[2.228s] INFO:colcon.colcon_core.shell:Creating package script '/opt/erc_ws/install/pal_gripper_simulation/share/pal_gripper_simulation/package.zsh'
[2.229s] Level 1:colcon.colcon_core.environment:create_file_with_runtime_dependencies(/opt/erc_ws/install/pal_gripper_simulation/share/colcon-core/packages/pal_gripper_simulation)
[2.230s] Level 1:colcon.colcon_core.environment:create_environment_scripts_only(pal_gripper_simulation)
[2.230s] Level 1:colcon.colcon_core.environment:checking '/opt/erc_ws/install/pal_gripper_simulation' for CMake module files
[2.230s] Level 1:colcon.colcon_core.environment:checking '/opt/erc_ws/install/pal_gripper_simulation' for CMake config files
[2.231s] Level 1:colcon.colcon_core.shell:create_environment_hook('pal_gripper_simulation', 'cmake_prefix_path')
[2.231s] INFO:colcon.colcon_core.shell:Creating environment hook '/opt/erc_ws/install/pal_gripper_simulation/share/pal_gripper_simulation/hook/cmake_prefix_path.ps1'
[2.232s] INFO:colcon.colcon_core.shell:Creating environment descriptor '/opt/erc_ws/install/pal_gripper_simulation/share/pal_gripper_simulation/hook/cmake_prefix_path.dsv'
[2.233s] INFO:colcon.colcon_core.shell:Creating environment hook '/opt/erc_ws/install/pal_gripper_simulation/share/pal_gripper_simulation/hook/cmake_prefix_path.sh'
[2.234s] Level 1:colcon.colcon_core.environment:checking '/opt/erc_ws/install/pal_gripper_simulation/bin'
[2.234s] Level 1:colcon.colcon_core.environment:checking '/opt/erc_ws/install/pal_gripper_simulation/lib/pkgconfig/pal_gripper_simulation.pc'
[2.235s] Level 1:colcon.colcon_core.environment:checking '/opt/erc_ws/install/pal_gripper_simulation/lib/python3.10/site-packages'
[2.235s] Level 1:colcon.colcon_core.environment:checking '/opt/erc_ws/install/pal_gripper_simulation/bin'
[2.235s] INFO:colcon.colcon_core.shell:Creating package script '/opt/erc_ws/install/pal_gripper_simulation/share/pal_gripper_simulation/package.ps1'
[2.236s] INFO:colcon.colcon_core.shell:Creating package descriptor '/opt/erc_ws/install/pal_gripper_simulation/share/pal_gripper_simulation/package.dsv'
[2.237s] INFO:colcon.colcon_core.shell:Creating package script '/opt/erc_ws/install/pal_gripper_simulation/share/pal_gripper_simulation/package.sh'
[2.237s] INFO:colcon.colcon_core.shell:Creating package script '/opt/erc_ws/install/pal_gripper_simulation/share/pal_gripper_simulation/package.bash'
[2.239s] INFO:colcon.colcon_core.shell:Creating package script '/opt/erc_ws/install/pal_gripper_simulation/share/pal_gripper_simulation/package.zsh'
[2.240s] Level 1:colcon.colcon_core.environment:create_file_with_runtime_dependencies(/opt/erc_ws/install/pal_gripper_simulation/share/colcon-core/packages/pal_gripper_simulation)
[2.243s] DEBUG:colcon.colcon_core.task.python.build:Available setuptools commands: bdist_egg, extract_messages, build_py, build, egg_info, setopt, dist_info, install_lib, clean, bdist_rpm, rotate, build_ext, init_catalog, alias, install, install_data, register, test, symlink_data, build_clib, update_catalog, install_egg_info, install_headers, build_scripts, upload, bdist, easy_install, saveopts, check, develop, bdist_wheel, install_scripts, bdist_dumb, compile_catalog, upload_docs, sdist
[2.246s] DEBUG:colcon.colcon_core.task.python.build:Available setuptools commands: bdist_egg, extract_messages, build_py, build, egg_info, setopt, dist_info, install_lib, clean, bdist_rpm, rotate, build_ext, init_catalog, alias, install, install_data, register, test, symlink_data, build_clib, update_catalog, install_egg_info, install_headers, build_scripts, upload, bdist, easy_install, saveopts, check, develop, bdist_wheel, install_scripts, bdist_dumb, compile_catalog, upload_docs, sdist
[2.272s] DEBUG:colcon.colcon_core.task.python.build:Available setuptools commands: bdist_egg, extract_messages, build_py, build, egg_info, setopt, dist_info, install_lib, clean, bdist_rpm, rotate, build_ext, init_catalog, alias, install, install_data, register, test, symlink_data, build_clib, update_catalog, install_egg_info, install_headers, build_scripts, upload, bdist, easy_install, saveopts, check, develop, bdist_wheel, install_scripts, bdist_dumb, compile_catalog, upload_docs, sdist
[2.291s] DEBUG:colcon.colcon_core.task.python.build:Available setuptools commands: bdist_egg, extract_messages, build_py, build, egg_info, setopt, dist_info, install_lib, clean, bdist_rpm, rotate, build_ext, init_catalog, alias, install, install_data, register, test, symlink_data, build_clib, update_catalog, install_egg_info, install_headers, build_scripts, upload, bdist, easy_install, saveopts, check, develop, bdist_wheel, install_scripts, bdist_dumb, compile_catalog, upload_docs, sdist
[2.395s] DEBUG:colcon.colcon_core.event_handler.log_command:Invoked command in '/opt/erc_ws/build/pal_pro_gripper_description' returned '0': CMAKE_PREFIX_PATH=/opt/erc_ws/install/pal_urdf_utils:/opt/erc_ws/install/tiago_pro_robot:/opt/erc_ws/install/tiago_pro_head_robot:/opt/erc_ws/install/tiago_pro_bringup:/opt/erc_ws/install/tiago_pro_head_bringup:/opt/erc_ws/install/erc_bringup:/opt/erc_ws/install/tiago_pro_description:/opt/erc_ws/install/tiago_pro_head_description:/opt/erc_ws/install/tiago_pro_controller_configuration:/opt/erc_ws/install/tiago_pro_head_controller_configuration:/opt/erc_ws/install/pal_sea_arm:/opt/erc_ws/install/pal_sea_arm_bringup:/opt/erc_ws/install/pal_sea_arm_description:/opt/erc_ws/install/pal_pro_gripper_simulation:/opt/erc_ws/install/pal_pro_gripper_bringup:/opt/erc_ws/install/pal_pro_gripper:/opt/erc_ws/install/pal_pro_gripper_description:/opt/erc_ws/install/pal_gripper_simulation:/opt/erc_ws/install/pal_gripper:/opt/erc_ws/install/pal_gripper_description:/opt/erc_ws/install/omni_base_robot:/opt/erc_ws/install/omni_base_bringup:/opt/erc_ws/install/omni_base_description:/opt/erc_ws/install/pal_sea_arm_controller_configuration:/opt/erc_ws/install/pal_pro_gripper_controller_configuration:/opt/erc_ws/install/pal_gripper_controller_configuration:/opt/erc_ws/install/omni_base_controller_configuration:/opt/erc_ws/install/gz_ros2_control:/opt/erc_ws/install/erc_description:/opt/erc_ws/install/sensors:/opt/erc_ws/install/pal_pro_gripper_wrapper:/opt/erc_ws/install/launch_pal:/opt/erc_ws/install/erc_solution:/opt/ros/humble /usr/bin/cmake --build /opt/erc_ws/build/pal_pro_gripper_description -- -j16 -l16
[2.395s] DEBUG:colcon.colcon_core.event_handler.log_command:Invoking command in '/opt/erc_ws/build/pal_pro_gripper_description': CMAKE_PREFIX_PATH=/opt/erc_ws/install/pal_urdf_utils:/opt/erc_ws/install/tiago_pro_robot:/opt/erc_ws/install/tiago_pro_head_robot:/opt/erc_ws/install/tiago_pro_bringup:/opt/erc_ws/install/tiago_pro_head_bringup:/opt/erc_ws/install/erc_bringup:/opt/erc_ws/install/tiago_pro_description:/opt/erc_ws/install/tiago_pro_head_description:/opt/erc_ws/install/tiago_pro_controller_configuration:/opt/erc_ws/install/tiago_pro_head_controller_configuration:/opt/erc_ws/install/pal_sea_arm:/opt/erc_ws/install/pal_sea_arm_bringup:/opt/erc_ws/install/pal_sea_arm_description:/opt/erc_ws/install/pal_pro_gripper_simulation:/opt/erc_ws/install/pal_pro_gripper_bringup:/opt/erc_ws/install/pal_pro_gripper:/opt/erc_ws/install/pal_pro_gripper_description:/opt/erc_ws/install/pal_gripper_simulation:/opt/erc_ws/install/pal_gripper:/opt/erc_ws/install/pal_gripper_description:/opt/erc_ws/install/omni_base_robot:/opt/erc_ws/install/omni_base_bringup:/opt/erc_ws/install/omni_base_description:/opt/erc_ws/install/pal_sea_arm_controller_configuration:/opt/erc_ws/install/pal_pro_gripper_controller_configuration:/opt/erc_ws/install/pal_gripper_controller_configuration:/opt/erc_ws/install/omni_base_controller_configuration:/opt/erc_ws/install/gz_ros2_control:/opt/erc_ws/install/erc_description:/opt/erc_ws/install/sensors:/opt/erc_ws/install/pal_pro_gripper_wrapper:/opt/erc_ws/install/launch_pal:/opt/erc_ws/install/erc_solution:/opt/ros/humble /usr/bin/cmake --install /opt/erc_ws/build/pal_pro_gripper_description
[2.484s] Level 1:colcon.colcon_core.environment:create_environment_scripts_only(pal_pro_gripper_description)
[2.484s] Level 1:colcon.colcon_core.environment:checking '/opt/erc_ws/install/pal_pro_gripper_description' for CMake module files
[2.485s] Level 1:colcon.colcon_core.environment:checking '/opt/erc_ws/install/pal_pro_gripper_description' for CMake config files
[2.485s] Level 1:colcon.colcon_core.shell:create_environment_hook('pal_pro_gripper_description', 'cmake_prefix_path')
[2.485s] INFO:colcon.colcon_core.shell:Creating environment hook '/opt/erc_ws/install/pal_pro_gripper_description/share/pal_pro_gripper_description/hook/cmake_prefix_path.ps1'
[2.486s] INFO:colcon.colcon_core.shell:Creating environment descriptor '/opt/erc_ws/install/pal_pro_gripper_description/share/pal_pro_gripper_description/hook/cmake_prefix_path.dsv'
[2.487s] DEBUG:colcon.colcon_core.event_handler.log_command:Invoked command in '/opt/erc_ws/build/pal_pro_gripper_description' returned '0': CMAKE_PREFIX_PATH=/opt/erc_ws/install/pal_urdf_utils:/opt/erc_ws/install/tiago_pro_robot:/opt/erc_ws/install/tiago_pro_head_robot:/opt/erc_ws/install/tiago_pro_bringup:/opt/erc_ws/install/tiago_pro_head_bringup:/opt/erc_ws/install/erc_bringup:/opt/erc_ws/install/tiago_pro_description:/opt/erc_ws/install/tiago_pro_head_description:/opt/erc_ws/install/tiago_pro_controller_configuration:/opt/erc_ws/install/tiago_pro_head_controller_configuration:/opt/erc_ws/install/pal_sea_arm:/opt/erc_ws/install/pal_sea_arm_bringup:/opt/erc_ws/install/pal_sea_arm_description:/opt/erc_ws/install/pal_pro_gripper_simulation:/opt/erc_ws/install/pal_pro_gripper_bringup:/opt/erc_ws/install/pal_pro_gripper:/opt/erc_ws/install/pal_pro_gripper_description:/opt/erc_ws/install/pal_gripper_simulation:/opt/erc_ws/install/pal_gripper:/opt/erc_ws/install/pal_gripper_description:/opt/erc_ws/install/omni_base_robot:/opt/erc_ws/install/omni_base_bringup:/opt/erc_ws/install/omni_base_description:/opt/erc_ws/install/pal_sea_arm_controller_configuration:/opt/erc_ws/install/pal_pro_gripper_controller_configuration:/opt/erc_ws/install/pal_gripper_controller_configuration:/opt/erc_ws/install/omni_base_controller_configuration:/opt/erc_ws/install/gz_ros2_control:/opt/erc_ws/install/erc_description:/opt/erc_ws/install/sensors:/opt/erc_ws/install/pal_pro_gripper_wrapper:/opt/erc_ws/install/launch_pal:/opt/erc_ws/install/erc_solution:/opt/ros/humble /usr/bin/cmake --install /opt/erc_ws/build/pal_pro_gripper_description
[2.487s] INFO:colcon.colcon_core.shell:Creating environment hook '/opt/erc_ws/install/pal_pro_gripper_description/share/pal_pro_gripper_description/hook/cmake_prefix_path.sh'
[2.488s] Level 1:colcon.colcon_core.environment:checking '/opt/erc_ws/install/pal_pro_gripper_description/bin'
[2.488s] Level 1:colcon.colcon_core.environment:checking '/opt/erc_ws/install/pal_pro_gripper_description/lib/pkgconfig/pal_pro_gripper_description.pc'
[2.488s] Level 1:colcon.colcon_core.environment:checking '/opt/erc_ws/install/pal_pro_gripper_description/lib/python3.10/site-packages'
[2.488s] Level 1:colcon.colcon_core.environment:checking '/opt/erc_ws/install/pal_pro_gripper_description/bin'
[2.489s] INFO:colcon.colcon_core.shell:Creating package script '/opt/erc_ws/install/pal_pro_gripper_description/share/pal_pro_gripper_description/package.ps1'
[2.490s] INFO:colcon.colcon_core.shell:Creating package descriptor '/opt/erc_ws/install/pal_pro_gripper_description/share/pal_pro_gripper_description/package.dsv'
[2.490s] INFO:colcon.colcon_core.shell:Creating package script '/opt/erc_ws/install/pal_pro_gripper_description/share/pal_pro_gripper_description/package.sh'
[2.491s] INFO:colcon.colcon_core.shell:Creating package script '/opt/erc_ws/install/pal_pro_gripper_description/share/pal_pro_gripper_description/package.bash'
[2.491s] INFO:colcon.colcon_core.shell:Creating package script '/opt/erc_ws/install/pal_pro_gripper_description/share/pal_pro_gripper_description/package.zsh'
[2.492s] Level 1:colcon.colcon_core.environment:create_file_with_runtime_dependencies(/opt/erc_ws/install/pal_pro_gripper_description/share/colcon-core/packages/pal_pro_gripper_description)
[2.492s] Level 1:colcon.colcon_core.environment:create_environment_scripts_only(pal_pro_gripper_description)
[2.493s] Level 1:colcon.colcon_core.environment:checking '/opt/erc_ws/install/pal_pro_gripper_description' for CMake module files
[2.493s] Level 1:colcon.colcon_core.environment:checking '/opt/erc_ws/install/pal_pro_gripper_description' for CMake config files
[2.493s] Level 1:colcon.colcon_core.shell:create_environment_hook('pal_pro_gripper_description', 'cmake_prefix_path')
[2.494s] INFO:colcon.colcon_core.shell:Creating environment hook '/opt/erc_ws/install/pal_pro_gripper_description/share/pal_pro_gripper_description/hook/cmake_prefix_path.ps1'
[2.494s] INFO:colcon.colcon_core.shell:Creating environment descriptor '/opt/erc_ws/install/pal_pro_gripper_description/share/pal_pro_gripper_description/hook/cmake_prefix_path.dsv'
[2.495s] INFO:colcon.colcon_core.shell:Creating environment hook '/opt/erc_ws/install/pal_pro_gripper_description/share/pal_pro_gripper_description/hook/cmake_prefix_path.sh'
[2.495s] Level 1:colcon.colcon_core.environment:checking '/opt/erc_ws/install/pal_pro_gripper_description/bin'
[2.496s] Level 1:colcon.colcon_core.environment:checking '/opt/erc_ws/install/pal_pro_gripper_description/lib/pkgconfig/pal_pro_gripper_description.pc'
[2.496s] Level 1:colcon.colcon_core.environment:checking '/opt/erc_ws/install/pal_pro_gripper_description/lib/python3.10/site-packages'
[2.496s] Level 1:colcon.colcon_core.environment:checking '/opt/erc_ws/install/pal_pro_gripper_description/bin'
[2.496s] INFO:colcon.colcon_core.shell:Creating package script '/opt/erc_ws/install/pal_pro_gripper_description/share/pal_pro_gripper_description/package.ps1'
[2.498s] INFO:colcon.colcon_core.shell:Creating package descriptor '/opt/erc_ws/install/pal_pro_gripper_description/share/pal_pro_gripper_description/package.dsv'
[2.498s] INFO:colcon.colcon_core.shell:Creating package script '/opt/erc_ws/install/pal_pro_gripper_description/share/pal_pro_gripper_description/package.sh'
[2.499s] INFO:colcon.colcon_core.shell:Creating package script '/opt/erc_ws/install/pal_pro_gripper_description/share/pal_pro_gripper_description/package.bash'
[2.499s] INFO:colcon.colcon_core.shell:Creating package script '/opt/erc_ws/install/pal_pro_gripper_description/share/pal_pro_gripper_description/package.zsh'
[2.499s] Level 1:colcon.colcon_core.environment:create_file_with_runtime_dependencies(/opt/erc_ws/install/pal_pro_gripper_description/share/colcon-core/packages/pal_pro_gripper_description)
[2.595s] DEBUG:colcon.colcon_core.task.python.build:Available setuptools 'develop' options: --egg-path, --multi-version, --no-find-links, --verbose, --quiet, --local-snapshots-ok, --find-links, --force-installation-into-system-dir, --no-deps, --zip-ok, --editable, --optimize, --no-user-cfg, --prefix, --index-url, --install-layout, --always-unzip, --help, --version, --build-directory, --install-dir, --upgrade, --site-dirs, --allow-hosts, --record, --exclude-scripts, --always-copy, --script-dir, --dry-run, --user, --uninstall
[2.598s] DEBUG:colcon.colcon_core.event_handler.log_command:Invoking command in '/opt/erc_ws/build/pal_pro_gripper_wrapper': PYTHONPATH=/opt/erc_ws/build/pal_pro_gripper_wrapper/prefix_override:/usr/lib/python3/dist-packages/colcon_core/task/python/colcon_distutils_commands:/opt/erc_ws/install/pal_pro_gripper_wrapper/lib/python3.10/site-packages:${PYTHONPATH} /usr/bin/python3 -W ignore:setup.py install is deprecated -W ignore:easy_install command is deprecated setup.py develop --editable --build-directory /opt/erc_ws/build/pal_pro_gripper_wrapper/build --no-deps symlink_data
[2.603s] DEBUG:colcon.colcon_core.task.python.build:Available setuptools 'develop' options: --egg-path, --multi-version, --no-find-links, --verbose, --quiet, --local-snapshots-ok, --find-links, --force-installation-into-system-dir, --no-deps, --zip-ok, --editable, --optimize, --no-user-cfg, --prefix, --index-url, --install-layout, --always-unzip, --help, --version, --build-directory, --install-dir, --upgrade, --site-dirs, --allow-hosts, --record, --exclude-scripts, --always-copy, --script-dir, --dry-run, --user, --uninstall
[2.610s] DEBUG:colcon.colcon_core.event_handler.log_command:Invoking command in '/opt/erc_ws/build/launch_pal': PYTHONPATH=/opt/erc_ws/build/launch_pal/prefix_override:/usr/lib/python3/dist-packages/colcon_core/task/python/colcon_distutils_commands:/opt/erc_ws/install/launch_pal/lib/python3.10/site-packages:${PYTHONPATH} /usr/bin/python3 -W ignore:setup.py install is deprecated -W ignore:easy_install command is deprecated setup.py develop --editable --build-directory /opt/erc_ws/build/launch_pal/build --no-deps symlink_data
[2.627s] DEBUG:colcon.colcon_core.task.python.build:Available setuptools 'develop' options: --egg-path, --multi-version, --no-find-links, --verbose, --quiet, --local-snapshots-ok, --find-links, --force-installation-into-system-dir, --no-deps, --zip-ok, --editable, --optimize, --no-user-cfg, --prefix, --index-url, --install-layout, --always-unzip, --help, --version, --build-directory, --install-dir, --upgrade, --site-dirs, --allow-hosts, --record, --exclude-scripts, --always-copy, --script-dir, --dry-run, --user, --uninstall
[2.634s] DEBUG:colcon.colcon_core.event_handler.log_command:Invoking command in '/opt/erc_ws/build/erc_solution': PYTHONPATH=/opt/erc_ws/build/erc_solution/prefix_override:/usr/lib/python3/dist-packages/colcon_core/task/python/colcon_distutils_commands:/opt/erc_ws/install/erc_solution/lib/python3.10/site-packages:${PYTHONPATH} /usr/bin/python3 -W ignore:setup.py install is deprecated -W ignore:easy_install command is deprecated setup.py develop --editable --build-directory /opt/erc_ws/build/erc_solution/build --no-deps symlink_data
[2.654s] DEBUG:colcon.colcon_core.task.python.build:Available setuptools 'develop' options: --egg-path, --multi-version, --no-find-links, --verbose, --quiet, --local-snapshots-ok, --find-links, --force-installation-into-system-dir, --no-deps, --zip-ok, --editable, --optimize, --no-user-cfg, --prefix, --index-url, --install-layout, --always-unzip, --help, --version, --build-directory, --install-dir, --upgrade, --site-dirs, --allow-hosts, --record, --exclude-scripts, --always-copy, --script-dir, --dry-run, --user, --uninstall
[2.658s] DEBUG:colcon.colcon_core.event_handler.log_command:Invoking command in '/opt/erc_ws/build/sensors': PYTHONPATH=/opt/erc_ws/build/sensors/prefix_override:/usr/lib/python3/dist-packages/colcon_core/task/python/colcon_distutils_commands:/opt/erc_ws/install/sensors/lib/python3.10/site-packages:${PYTHONPATH} /usr/bin/python3 -W ignore:setup.py install is deprecated -W ignore:easy_install command is deprecated setup.py develop --editable --build-directory /opt/erc_ws/build/sensors/build --no-deps symlink_data
[3.106s] Level 1:colcon.colcon_core.shell:create_environment_hook('pal_pro_gripper_wrapper', 'pythonpath_develop')
[3.106s] INFO:colcon.colcon_core.shell:Creating environment hook '/opt/erc_ws/build/pal_pro_gripper_wrapper/share/pal_pro_gripper_wrapper/hook/pythonpath_develop.ps1'
[3.107s] DEBUG:colcon.colcon_core.event_handler.log_command:Invoked command in '/opt/erc_ws/build/pal_pro_gripper_wrapper' returned '0': PYTHONPATH=/opt/erc_ws/build/pal_pro_gripper_wrapper/prefix_override:/usr/lib/python3/dist-packages/colcon_core/task/python/colcon_distutils_commands:/opt/erc_ws/install/pal_pro_gripper_wrapper/lib/python3.10/site-packages:${PYTHONPATH} /usr/bin/python3 -W ignore:setup.py install is deprecated -W ignore:easy_install command is deprecated setup.py develop --editable --build-directory /opt/erc_ws/build/pal_pro_gripper_wrapper/build --no-deps symlink_data
[3.109s] INFO:colcon.colcon_core.shell:Creating environment descriptor '/opt/erc_ws/build/pal_pro_gripper_wrapper/share/pal_pro_gripper_wrapper/hook/pythonpath_develop.dsv'
[3.109s] INFO:colcon.colcon_core.shell:Creating environment hook '/opt/erc_ws/build/pal_pro_gripper_wrapper/share/pal_pro_gripper_wrapper/hook/pythonpath_develop.sh'
[3.111s] Level 1:colcon.colcon_core.environment:checking '/opt/erc_ws/install/pal_pro_gripper_wrapper' for CMake module files
[3.111s] Level 1:colcon.colcon_core.environment:checking '/opt/erc_ws/install/pal_pro_gripper_wrapper' for CMake config files
[3.112s] Level 1:colcon.colcon_core.environment:checking '/opt/erc_ws/install/pal_pro_gripper_wrapper/lib'
[3.112s] Level 1:colcon.colcon_core.environment:checking '/opt/erc_ws/install/pal_pro_gripper_wrapper/bin'
[3.112s] Level 1:colcon.colcon_core.environment:checking '/opt/erc_ws/install/pal_pro_gripper_wrapper/lib/pkgconfig/pal_pro_gripper_wrapper.pc'
[3.112s] Level 1:colcon.colcon_core.environment:checking '/opt/erc_ws/install/pal_pro_gripper_wrapper/lib/python3.10/site-packages'
[3.112s] Level 1:colcon.colcon_core.shell:create_environment_hook('pal_pro_gripper_wrapper', 'pythonpath')
[3.112s] INFO:colcon.colcon_core.shell:Creating environment hook '/opt/erc_ws/install/pal_pro_gripper_wrapper/share/pal_pro_gripper_wrapper/hook/pythonpath.ps1'
[3.113s] INFO:colcon.colcon_core.shell:Creating environment descriptor '/opt/erc_ws/install/pal_pro_gripper_wrapper/share/pal_pro_gripper_wrapper/hook/pythonpath.dsv'
[3.114s] INFO:colcon.colcon_core.shell:Creating environment hook '/opt/erc_ws/install/pal_pro_gripper_wrapper/share/pal_pro_gripper_wrapper/hook/pythonpath.sh'
[3.115s] Level 1:colcon.colcon_core.environment:checking '/opt/erc_ws/install/pal_pro_gripper_wrapper/bin'
[3.115s] Level 1:colcon.colcon_core.environment:create_environment_scripts_only(pal_pro_gripper_wrapper)
[3.115s] INFO:colcon.colcon_core.shell:Creating package script '/opt/erc_ws/install/pal_pro_gripper_wrapper/share/pal_pro_gripper_wrapper/package.ps1'
[3.116s] INFO:colcon.colcon_core.shell:Creating package descriptor '/opt/erc_ws/install/pal_pro_gripper_wrapper/share/pal_pro_gripper_wrapper/package.dsv'
[3.116s] INFO:colcon.colcon_core.shell:Creating package script '/opt/erc_ws/install/pal_pro_gripper_wrapper/share/pal_pro_gripper_wrapper/package.sh'
[3.118s] INFO:colcon.colcon_core.shell:Creating package script '/opt/erc_ws/install/pal_pro_gripper_wrapper/share/pal_pro_gripper_wrapper/package.bash'
[3.118s] INFO:colcon.colcon_core.shell:Creating package script '/opt/erc_ws/install/pal_pro_gripper_wrapper/share/pal_pro_gripper_wrapper/package.zsh'
[3.118s] Level 1:colcon.colcon_core.environment:create_file_with_runtime_dependencies(/opt/erc_ws/install/pal_pro_gripper_wrapper/share/colcon-core/packages/pal_pro_gripper_wrapper)
[3.134s] Level 1:colcon.colcon_core.shell:create_environment_hook('launch_pal', 'pythonpath_develop')
[3.134s] INFO:colcon.colcon_core.shell:Creating environment hook '/opt/erc_ws/build/launch_pal/share/launch_pal/hook/pythonpath_develop.ps1'
[3.135s] INFO:colcon.colcon_core.shell:Creating environment descriptor '/opt/erc_ws/build/launch_pal/share/launch_pal/hook/pythonpath_develop.dsv'
[3.138s] DEBUG:colcon.colcon_core.event_handler.log_command:Invoked command in '/opt/erc_ws/build/launch_pal' returned '0': PYTHONPATH=/opt/erc_ws/build/launch_pal/prefix_override:/usr/lib/python3/dist-packages/colcon_core/task/python/colcon_distutils_commands:/opt/erc_ws/install/launch_pal/lib/python3.10/site-packages:${PYTHONPATH} /usr/bin/python3 -W ignore:setup.py install is deprecated -W ignore:easy_install command is deprecated setup.py develop --editable --build-directory /opt/erc_ws/build/launch_pal/build --no-deps symlink_data
[3.139s] INFO:colcon.colcon_core.shell:Creating environment hook '/opt/erc_ws/build/launch_pal/share/launch_pal/hook/pythonpath_develop.sh'
[3.140s] Level 1:colcon.colcon_core.environment:checking '/opt/erc_ws/install/launch_pal' for CMake module files
[3.140s] Level 1:colcon.colcon_core.environment:checking '/opt/erc_ws/install/launch_pal' for CMake config files
[3.140s] Level 1:colcon.colcon_core.environment:checking '/opt/erc_ws/install/launch_pal/lib'
[3.140s] Level 1:colcon.colcon_core.environment:checking '/opt/erc_ws/install/launch_pal/bin'
[3.140s] Level 1:colcon.colcon_core.environment:checking '/opt/erc_ws/install/launch_pal/lib/pkgconfig/launch_pal.pc'
[3.141s] Level 1:colcon.colcon_core.environment:checking '/opt/erc_ws/install/launch_pal/lib/python3.10/site-packages'
[3.141s] Level 1:colcon.colcon_core.shell:create_environment_hook('launch_pal', 'pythonpath')
[3.141s] INFO:colcon.colcon_core.shell:Creating environment hook '/opt/erc_ws/install/launch_pal/share/launch_pal/hook/pythonpath.ps1'
[3.141s] INFO:colcon.colcon_core.shell:Creating environment descriptor '/opt/erc_ws/install/launch_pal/share/launch_pal/hook/pythonpath.dsv'
[3.143s] INFO:colcon.colcon_core.shell:Creating environment hook '/opt/erc_ws/install/launch_pal/share/launch_pal/hook/pythonpath.sh'
[3.144s] Level 1:colcon.colcon_core.environment:checking '/opt/erc_ws/install/launch_pal/bin'
[3.144s] Level 1:colcon.colcon_core.environment:create_environment_scripts_only(launch_pal)
[3.144s] INFO:colcon.colcon_core.shell:Creating package script '/opt/erc_ws/install/launch_pal/share/launch_pal/package.ps1'
[3.146s] INFO:colcon.colcon_core.shell:Creating package descriptor '/opt/erc_ws/install/launch_pal/share/launch_pal/package.dsv'
[3.146s] INFO:colcon.colcon_core.shell:Creating package script '/opt/erc_ws/install/launch_pal/share/launch_pal/package.sh'
[3.147s] INFO:colcon.colcon_core.shell:Creating package script '/opt/erc_ws/install/launch_pal/share/launch_pal/package.bash'
[3.147s] INFO:colcon.colcon_core.shell:Creating package script '/opt/erc_ws/install/launch_pal/share/launch_pal/package.zsh'
[3.148s] Level 1:colcon.colcon_core.environment:create_file_with_runtime_dependencies(/opt/erc_ws/install/launch_pal/share/colcon-core/packages/launch_pal)
[3.149s] INFO:colcon.colcon_ros.task.ament_cmake.build:Building ROS package in '/opt/erc_ws/src/pal_pro_gripper/pal_pro_gripper_controller_configuration' with build type 'ament_cmake'
[3.149s] INFO:colcon.colcon_cmake.task.cmake.build:Building CMake package in '/opt/erc_ws/src/pal_pro_gripper/pal_pro_gripper_controller_configuration'
[3.149s] INFO:colcon.colcon_core.shell:Skip shell extension 'powershell' for command environment: Not usable outside of PowerShell
[3.150s] DEBUG:colcon.colcon_core.shell:Skip shell extension 'dsv' for command environment
[3.160s] INFO:colcon.colcon_ros.task.ament_cmake.build:Building ROS package in '/opt/erc_ws/src/tiago_pro_head_robot/tiago_pro_head_controller_configuration' with build type 'ament_cmake'
[3.161s] INFO:colcon.colcon_cmake.task.cmake.build:Building CMake package in '/opt/erc_ws/src/tiago_pro_head_robot/tiago_pro_head_controller_configuration'
[3.161s] INFO:colcon.colcon_core.shell:Skip shell extension 'powershell' for command environment: Not usable outside of PowerShell
[3.161s] DEBUG:colcon.colcon_core.shell:Skip shell extension 'dsv' for command environment
[3.170s] INFO:colcon.colcon_ros.task.ament_cmake.build:Building ROS package in '/opt/erc_ws/src/omni_base_robot/omni_base_description' with build type 'ament_cmake'
[3.170s] INFO:colcon.colcon_cmake.task.cmake.build:Building CMake package in '/opt/erc_ws/src/omni_base_robot/omni_base_description'
[3.170s] INFO:colcon.colcon_core.shell:Skip shell extension 'powershell' for command environment: Not usable outside of PowerShell
[3.171s] DEBUG:colcon.colcon_core.shell:Skip shell extension 'dsv' for command environment
[3.196s] Level 1:colcon.colcon_core.shell:create_environment_hook('erc_solution', 'pythonpath_develop')
[3.197s] DEBUG:colcon.colcon_core.event_handler.log_command:Invoking command in '/opt/erc_ws/build/pal_pro_gripper_controller_configuration': AMENT_PREFIX_PATH=/opt/erc_ws/install/pal_pro_gripper_wrapper:/opt/erc_ws/install/launch_pal:/opt/erc_ws/install/tiago_pro_robot:/opt/erc_ws/install/tiago_pro_head_robot:/opt/erc_ws/install/tiago_pro_bringup:/opt/erc_ws/install/tiago_pro_head_bringup:/opt/erc_ws/install/erc_bringup:/opt/erc_ws/install/tiago_pro_description:/opt/erc_ws/install/tiago_pro_head_description:/opt/erc_ws/install/tiago_pro_controller_configuration:/opt/erc_ws/install/tiago_pro_head_controller_configuration:/opt/erc_ws/install/sensors:/opt/erc_ws/install/pal_sea_arm:/opt/erc_ws/install/pal_sea_arm_bringup:/opt/erc_ws/install/pal_sea_arm_description:/opt/erc_ws/install/pal_pro_gripper_simulation:/opt/erc_ws/install/pal_pro_gripper_bringup:/opt/erc_ws/install/pal_pro_gripper:/opt/erc_ws/install/pal_pro_gripper_description:/opt/erc_ws/install/pal_gripper_simulation:/opt/erc_ws/install/pal_gripper:/opt/erc_ws/install/pal_gripper_description:/opt/erc_ws/install/omni_base_robot:/opt/erc_ws/install/omni_base_bringup:/opt/erc_ws/install/omni_base_description:/opt/erc_ws/install/pal_urdf_utils:/opt/erc_ws/install/pal_sea_arm_controller_configuration:/opt/erc_ws/install/pal_pro_gripper_controller_configuration:/opt/erc_ws/install/pal_gripper_controller_configuration:/opt/erc_ws/install/omni_base_controller_configuration:/opt/erc_ws/install/gz_ros2_control:/opt/erc_ws/install/erc_solution:/opt/erc_ws/install/erc_description:/opt/ros/humble CMAKE_PREFIX_PATH=${CMAKE_PREFIX_PATH}:/opt/erc_ws/install/sensors:/opt/erc_ws/install/pal_pro_gripper_wrapper:/opt/erc_ws/install/launch_pal:/opt/erc_ws/install/erc_solution:/opt/ros/humble PYTHONPATH=/opt/erc_ws/build/pal_pro_gripper_wrapper:/opt/erc_ws/install/pal_pro_gripper_wrapper/lib/python3.10/site-packages:/opt/erc_ws/build/launch_pal:/opt/erc_ws/install/launch_pal/lib/python3.10/site-packages:/opt/erc_ws/install/tiago_pro_description/local/lib/python3.10/dist-packages:/opt/erc_ws/install/tiago_pro_head_description/local/lib/python3.10/dist-packages:/opt/erc_ws/build/sensors:/opt/erc_ws/install/sensors/lib/python3.10/site-packages:/opt/erc_ws/install/pal_sea_arm_description/local/lib/python3.10/dist-packages:/opt/erc_ws/install/pal_pro_gripper_description/local/lib/python3.10/dist-packages:/opt/erc_ws/install/omni_base_description/local/lib/python3.10/dist-packages:/opt/erc_ws/build/erc_solution:/opt/erc_ws/install/erc_solution/lib/python3.10/site-packages:/opt/ros/humble/lib/python3.10/site-packages:/opt/ros/humble/local/lib/python3.10/dist-packages /usr/bin/cmake --build /opt/erc_ws/build/pal_pro_gripper_controller_configuration -- -j16 -l16
[3.198s] INFO:colcon.colcon_core.shell:Creating environment hook '/opt/erc_ws/build/erc_solution/share/erc_solution/hook/pythonpath_develop.ps1'
[3.200s] INFO:colcon.colcon_core.shell:Creating environment descriptor '/opt/erc_ws/build/erc_solution/share/erc_solution/hook/pythonpath_develop.dsv'
[3.202s] INFO:colcon.colcon_core.shell:Creating environment hook '/opt/erc_ws/build/erc_solution/share/erc_solution/hook/pythonpath_develop.sh'
[3.202s] DEBUG:colcon.colcon_core.event_handler.log_command:Invoking command in '/opt/erc_ws/build/tiago_pro_head_controller_configuration': AMENT_PREFIX_PATH=/opt/erc_ws/install/launch_pal:/opt/erc_ws/install/tiago_pro_robot:/opt/erc_ws/install/tiago_pro_head_robot:/opt/erc_ws/install/tiago_pro_bringup:/opt/erc_ws/install/tiago_pro_head_bringup:/opt/erc_ws/install/erc_bringup:/opt/erc_ws/install/tiago_pro_description:/opt/erc_ws/install/tiago_pro_head_description:/opt/erc_ws/install/tiago_pro_controller_configuration:/opt/erc_ws/install/tiago_pro_head_controller_configuration:/opt/erc_ws/install/sensors:/opt/erc_ws/install/pal_sea_arm:/opt/erc_ws/install/pal_sea_arm_bringup:/opt/erc_ws/install/pal_sea_arm_description:/opt/erc_ws/install/pal_pro_gripper_simulation:/opt/erc_ws/install/pal_pro_gripper_bringup:/opt/erc_ws/install/pal_pro_gripper:/opt/erc_ws/install/pal_pro_gripper_description:/opt/erc_ws/install/pal_gripper_simulation:/opt/erc_ws/install/pal_gripper:/opt/erc_ws/install/pal_gripper_description:/opt/erc_ws/install/omni_base_robot:/opt/erc_ws/install/omni_base_bringup:/opt/erc_ws/install/omni_base_description:/opt/erc_ws/install/pal_urdf_utils:/opt/erc_ws/install/pal_sea_arm_controller_configuration:/opt/erc_ws/install/pal_pro_gripper_controller_configuration:/opt/erc_ws/install/pal_pro_gripper_wrapper:/opt/erc_ws/install/pal_gripper_controller_configuration:/opt/erc_ws/install/omni_base_controller_configuration:/opt/erc_ws/install/gz_ros2_control:/opt/erc_ws/install/erc_solution:/opt/erc_ws/install/erc_description:/opt/ros/humble CMAKE_PREFIX_PATH=${CMAKE_PREFIX_PATH}:/opt/erc_ws/install/sensors:/opt/erc_ws/install/pal_pro_gripper_wrapper:/opt/erc_ws/install/launch_pal:/opt/erc_ws/install/erc_solution:/opt/ros/humble PYTHONPATH=/opt/erc_ws/build/launch_pal:/opt/erc_ws/install/launch_pal/lib/python3.10/site-packages:/opt/erc_ws/install/tiago_pro_description/local/lib/python3.10/dist-packages:/opt/erc_ws/install/tiago_pro_head_description/local/lib/python3.10/dist-packages:/opt/erc_ws/build/sensors:/opt/erc_ws/install/sensors/lib/python3.10/site-packages:/opt/erc_ws/install/pal_sea_arm_description/local/lib/python3.10/dist-packages:/opt/erc_ws/install/pal_pro_gripper_description/local/lib/python3.10/dist-packages:/opt/erc_ws/install/omni_base_description/local/lib/python3.10/dist-packages:/opt/erc_ws/build/pal_pro_gripper_wrapper:/opt/erc_ws/install/pal_pro_gripper_wrapper/lib/python3.10/site-packages:/opt/erc_ws/build/erc_solution:/opt/erc_ws/install/erc_solution/lib/python3.10/site-packages:/opt/ros/humble/lib/python3.10/site-packages:/opt/ros/humble/local/lib/python3.10/dist-packages /usr/bin/cmake --build /opt/erc_ws/build/tiago_pro_head_controller_configuration -- -j16 -l16
[3.203s] DEBUG:colcon.colcon_core.event_handler.log_command:Invoked command in '/opt/erc_ws/build/erc_solution' returned '0': PYTHONPATH=/opt/erc_ws/build/erc_solution/prefix_override:/usr/lib/python3/dist-packages/colcon_core/task/python/colcon_distutils_commands:/opt/erc_ws/install/erc_solution/lib/python3.10/site-packages:${PYTHONPATH} /usr/bin/python3 -W ignore:setup.py install is deprecated -W ignore:easy_install command is deprecated setup.py develop --editable --build-directory /opt/erc_ws/build/erc_solution/build --no-deps symlink_data
[3.204s] Level 1:colcon.colcon_core.environment:checking '/opt/erc_ws/install/erc_solution' for CMake module files
[3.204s] Level 1:colcon.colcon_core.environment:checking '/opt/erc_ws/install/erc_solution' for CMake config files
[3.205s] Level 1:colcon.colcon_core.environment:checking '/opt/erc_ws/install/erc_solution/lib'
[3.206s] Level 1:colcon.colcon_core.environment:checking '/opt/erc_ws/install/erc_solution/bin'
[3.206s] Level 1:colcon.colcon_core.environment:checking '/opt/erc_ws/install/erc_solution/lib/pkgconfig/erc_solution.pc'
[3.206s] Level 1:colcon.colcon_core.environment:checking '/opt/erc_ws/install/erc_solution/lib/python3.10/site-packages'
[3.206s] Level 1:colcon.colcon_core.shell:create_environment_hook('erc_solution', 'pythonpath')
[3.206s] INFO:colcon.colcon_core.shell:Creating environment hook '/opt/erc_ws/install/erc_solution/share/erc_solution/hook/pythonpath.ps1'
[3.207s] INFO:colcon.colcon_core.shell:Creating environment descriptor '/opt/erc_ws/install/erc_solution/share/erc_solution/hook/pythonpath.dsv'
[3.208s] INFO:colcon.colcon_core.shell:Creating environment hook '/opt/erc_ws/install/erc_solution/share/erc_solution/hook/pythonpath.sh'
[3.209s] Level 1:colcon.colcon_core.environment:checking '/opt/erc_ws/install/erc_solution/bin'
[3.209s] Level 1:colcon.colcon_core.environment:create_environment_scripts_only(erc_solution)
[3.210s] INFO:colcon.colcon_core.shell:Creating package script '/opt/erc_ws/install/erc_solution/share/erc_solution/package.ps1'
[3.210s] INFO:colcon.colcon_core.shell:Creating package descriptor '/opt/erc_ws/install/erc_solution/share/erc_solution/package.dsv'
[3.211s] INFO:colcon.colcon_core.shell:Creating package script '/opt/erc_ws/install/erc_solution/share/erc_solution/package.sh'
[3.212s] INFO:colcon.colcon_core.shell:Creating package script '/opt/erc_ws/install/erc_solution/share/erc_solution/package.bash'
[3.212s] INFO:colcon.colcon_core.shell:Creating package script '/opt/erc_ws/install/erc_solution/share/erc_solution/package.zsh'
[3.212s] Level 1:colcon.colcon_core.environment:create_file_with_runtime_dependencies(/opt/erc_ws/install/erc_solution/share/colcon-core/packages/erc_solution)
[3.218s] Level 1:colcon.colcon_core.shell:create_environment_hook('sensors', 'pythonpath_develop')
[3.218s] INFO:colcon.colcon_core.shell:Creating environment hook '/opt/erc_ws/build/sensors/share/sensors/hook/pythonpath_develop.ps1'
[3.220s] INFO:colcon.colcon_core.shell:Creating environment descriptor '/opt/erc_ws/build/sensors/share/sensors/hook/pythonpath_develop.dsv'
[3.221s] DEBUG:colcon.colcon_core.event_handler.log_command:Invoking command in '/opt/erc_ws/build/omni_base_description': AMENT_PREFIX_PATH=/opt/erc_ws/install/launch_pal:/opt/erc_ws/install/tiago_pro_robot:/opt/erc_ws/install/tiago_pro_head_robot:/opt/erc_ws/install/tiago_pro_bringup:/opt/erc_ws/install/tiago_pro_head_bringup:/opt/erc_ws/install/erc_bringup:/opt/erc_ws/install/tiago_pro_description:/opt/erc_ws/install/tiago_pro_head_description:/opt/erc_ws/install/tiago_pro_controller_configuration:/opt/erc_ws/install/tiago_pro_head_controller_configuration:/opt/erc_ws/install/sensors:/opt/erc_ws/install/pal_sea_arm:/opt/erc_ws/install/pal_sea_arm_bringup:/opt/erc_ws/install/pal_sea_arm_description:/opt/erc_ws/install/pal_pro_gripper_simulation:/opt/erc_ws/install/pal_pro_gripper_bringup:/opt/erc_ws/install/pal_pro_gripper:/opt/erc_ws/install/pal_pro_gripper_description:/opt/erc_ws/install/pal_gripper_simulation:/opt/erc_ws/install/pal_gripper:/opt/erc_ws/install/pal_gripper_description:/opt/erc_ws/install/omni_base_robot:/opt/erc_ws/install/omni_base_bringup:/opt/erc_ws/install/omni_base_description:/opt/erc_ws/install/pal_urdf_utils:/opt/erc_ws/install/pal_sea_arm_controller_configuration:/opt/erc_ws/install/pal_pro_gripper_controller_configuration:/opt/erc_ws/install/pal_pro_gripper_wrapper:/opt/erc_ws/install/pal_gripper_controller_configuration:/opt/erc_ws/install/omni_base_controller_configuration:/opt/erc_ws/install/gz_ros2_control:/opt/erc_ws/install/erc_solution:/opt/erc_ws/install/erc_description:/opt/ros/humble CMAKE_PREFIX_PATH=/opt/erc_ws/install/pal_urdf_utils:/opt/erc_ws/install/tiago_pro_robot:/opt/erc_ws/install/tiago_pro_head_robot:/opt/erc_ws/install/tiago_pro_bringup:/opt/erc_ws/install/tiago_pro_head_bringup:/opt/erc_ws/install/erc_bringup:/opt/erc_ws/install/tiago_pro_description:/opt/erc_ws/install/tiago_pro_head_description:/opt/erc_ws/install/tiago_pro_controller_configuration:/opt/erc_ws/install/tiago_pro_head_controller_configuration:/opt/erc_ws/install/pal_sea_arm:/opt/erc_ws/install/pal_sea_arm_bringup:/opt/erc_ws/install/pal_sea_arm_description:/opt/erc_ws/install/pal_pro_gripper_simulation:/opt/erc_ws/install/pal_pro_gripper_bringup:/opt/erc_ws/install/pal_pro_gripper:/opt/erc_ws/install/pal_pro_gripper_description:/opt/erc_ws/install/pal_gripper_simulation:/opt/erc_ws/install/pal_gripper:/opt/erc_ws/install/pal_gripper_description:/opt/erc_ws/install/omni_base_robot:/opt/erc_ws/install/omni_base_bringup:/opt/erc_ws/install/omni_base_description:/opt/erc_ws/install/pal_sea_arm_controller_configuration:/opt/erc_ws/install/pal_pro_gripper_controller_configuration:/opt/erc_ws/install/pal_gripper_controller_configuration:/opt/erc_ws/install/omni_base_controller_configuration:/opt/erc_ws/install/gz_ros2_control:/opt/erc_ws/install/erc_description:/opt/erc_ws/install/sensors:/opt/erc_ws/install/pal_pro_gripper_wrapper:/opt/erc_ws/install/launch_pal:/opt/erc_ws/install/erc_solution:/opt/ros/humble PYTHONPATH=/opt/erc_ws/build/launch_pal:/opt/erc_ws/install/launch_pal/lib/python3.10/site-packages:/opt/erc_ws/install/tiago_pro_description/local/lib/python3.10/dist-packages:/opt/erc_ws/install/tiago_pro_head_description/local/lib/python3.10/dist-packages:/opt/erc_ws/build/sensors:/opt/erc_ws/install/sensors/lib/python3.10/site-packages:/opt/erc_ws/install/pal_sea_arm_description/local/lib/python3.10/dist-packages:/opt/erc_ws/install/pal_pro_gripper_description/local/lib/python3.10/dist-packages:/opt/erc_ws/install/omni_base_description/local/lib/python3.10/dist-packages:/opt/erc_ws/build/pal_pro_gripper_wrapper:/opt/erc_ws/install/pal_pro_gripper_wrapper/lib/python3.10/site-packages:/opt/erc_ws/build/erc_solution:/opt/erc_ws/install/erc_solution/lib/python3.10/site-packages:/opt/ros/humble/lib/python3.10/site-packages:/opt/ros/humble/local/lib/python3.10/dist-packages /usr/bin/cmake --build /opt/erc_ws/build/omni_base_description -- -j16 -l16
[3.222s] DEBUG:colcon.colcon_core.event_handler.log_command:Invoked command in '/opt/erc_ws/build/sensors' returned '0': PYTHONPATH=/opt/erc_ws/build/sensors/prefix_override:/usr/lib/python3/dist-packages/colcon_core/task/python/colcon_distutils_commands:/opt/erc_ws/install/sensors/lib/python3.10/site-packages:${PYTHONPATH} /usr/bin/python3 -W ignore:setup.py install is deprecated -W ignore:easy_install command is deprecated setup.py develop --editable --build-directory /opt/erc_ws/build/sensors/build --no-deps symlink_data
[3.222s] INFO:colcon.colcon_core.shell:Creating environment hook '/opt/erc_ws/build/sensors/share/sensors/hook/pythonpath_develop.sh'
[3.223s] Level 1:colcon.colcon_core.environment:checking '/opt/erc_ws/install/sensors' for CMake module files
[3.224s] Level 1:colcon.colcon_core.environment:checking '/opt/erc_ws/install/sensors' for CMake config files
[3.225s] Level 1:colcon.colcon_core.environment:checking '/opt/erc_ws/install/sensors/lib'
[3.225s] Level 1:colcon.colcon_core.environment:checking '/opt/erc_ws/install/sensors/bin'
[3.225s] Level 1:colcon.colcon_core.environment:checking '/opt/erc_ws/install/sensors/lib/pkgconfig/sensors.pc'
[3.226s] Level 1:colcon.colcon_core.environment:checking '/opt/erc_ws/install/sensors/lib/python3.10/site-packages'
[3.226s] Level 1:colcon.colcon_core.shell:create_environment_hook('sensors', 'pythonpath')
[3.226s] INFO:colcon.colcon_core.shell:Creating environment hook '/opt/erc_ws/install/sensors/share/sensors/hook/pythonpath.ps1'
[3.227s] INFO:colcon.colcon_core.shell:Creating environment descriptor '/opt/erc_ws/install/sensors/share/sensors/hook/pythonpath.dsv'
[3.228s] INFO:colcon.colcon_core.shell:Creating environment hook '/opt/erc_ws/install/sensors/share/sensors/hook/pythonpath.sh'
[3.229s] Level 1:colcon.colcon_core.environment:checking '/opt/erc_ws/install/sensors/bin'
[3.229s] Level 1:colcon.colcon_core.environment:create_environment_scripts_only(sensors)
[3.230s] INFO:colcon.colcon_core.shell:Creating package script '/opt/erc_ws/install/sensors/share/sensors/package.ps1'
[3.231s] INFO:colcon.colcon_core.shell:Creating package descriptor '/opt/erc_ws/install/sensors/share/sensors/package.dsv'
[3.232s] INFO:colcon.colcon_core.shell:Creating package script '/opt/erc_ws/install/sensors/share/sensors/package.sh'
[3.232s] INFO:colcon.colcon_core.shell:Creating package script '/opt/erc_ws/install/sensors/share/sensors/package.bash'
[3.233s] INFO:colcon.colcon_core.shell:Creating package script '/opt/erc_ws/install/sensors/share/sensors/package.zsh'
[3.233s] Level 1:colcon.colcon_core.environment:create_file_with_runtime_dependencies(/opt/erc_ws/install/sensors/share/colcon-core/packages/sensors)
[3.242s] DEBUG:colcon.colcon_core.event_handler.log_command:Invoked command in '/opt/erc_ws/build/pal_pro_gripper_controller_configuration' returned '0': AMENT_PREFIX_PATH=/opt/erc_ws/install/pal_pro_gripper_wrapper:/opt/erc_ws/install/launch_pal:/opt/erc_ws/install/tiago_pro_robot:/opt/erc_ws/install/tiago_pro_head_robot:/opt/erc_ws/install/tiago_pro_bringup:/opt/erc_ws/install/tiago_pro_head_bringup:/opt/erc_ws/install/erc_bringup:/opt/erc_ws/install/tiago_pro_description:/opt/erc_ws/install/tiago_pro_head_description:/opt/erc_ws/install/tiago_pro_controller_configuration:/opt/erc_ws/install/tiago_pro_head_controller_configuration:/opt/erc_ws/install/sensors:/opt/erc_ws/install/pal_sea_arm:/opt/erc_ws/install/pal_sea_arm_bringup:/opt/erc_ws/install/pal_sea_arm_description:/opt/erc_ws/install/pal_pro_gripper_simulation:/opt/erc_ws/install/pal_pro_gripper_bringup:/opt/erc_ws/install/pal_pro_gripper:/opt/erc_ws/install/pal_pro_gripper_description:/opt/erc_ws/install/pal_gripper_simulation:/opt/erc_ws/install/pal_gripper:/opt/erc_ws/install/pal_gripper_description:/opt/erc_ws/install/omni_base_robot:/opt/erc_ws/install/omni_base_bringup:/opt/erc_ws/install/omni_base_description:/opt/erc_ws/install/pal_urdf_utils:/opt/erc_ws/install/pal_sea_arm_controller_configuration:/opt/erc_ws/install/pal_pro_gripper_controller_configuration:/opt/erc_ws/install/pal_gripper_controller_configuration:/opt/erc_ws/install/omni_base_controller_configuration:/opt/erc_ws/install/gz_ros2_control:/opt/erc_ws/install/erc_solution:/opt/erc_ws/install/erc_description:/opt/ros/humble CMAKE_PREFIX_PATH=${CMAKE_PREFIX_PATH}:/opt/erc_ws/install/sensors:/opt/erc_ws/install/pal_pro_gripper_wrapper:/opt/erc_ws/install/launch_pal:/opt/erc_ws/install/erc_solution:/opt/ros/humble PYTHONPATH=/opt/erc_ws/build/pal_pro_gripper_wrapper:/opt/erc_ws/install/pal_pro_gripper_wrapper/lib/python3.10/site-packages:/opt/erc_ws/build/launch_pal:/opt/erc_ws/install/launch_pal/lib/python3.10/site-packages:/opt/erc_ws/install/tiago_pro_description/local/lib/python3.10/dist-packages:/opt/erc_ws/install/tiago_pro_head_description/local/lib/python3.10/dist-packages:/opt/erc_ws/build/sensors:/opt/erc_ws/install/sensors/lib/python3.10/site-packages:/opt/erc_ws/install/pal_sea_arm_description/local/lib/python3.10/dist-packages:/opt/erc_ws/install/pal_pro_gripper_description/local/lib/python3.10/dist-packages:/opt/erc_ws/install/omni_base_description/local/lib/python3.10/dist-packages:/opt/erc_ws/build/erc_solution:/opt/erc_ws/install/erc_solution/lib/python3.10/site-packages:/opt/ros/humble/lib/python3.10/site-packages:/opt/ros/humble/local/lib/python3.10/dist-packages /usr/bin/cmake --build /opt/erc_ws/build/pal_pro_gripper_controller_configuration -- -j16 -l16
[3.246s] DEBUG:colcon.colcon_core.event_handler.log_command:Invoking command in '/opt/erc_ws/build/pal_pro_gripper_controller_configuration': AMENT_PREFIX_PATH=/opt/erc_ws/install/pal_pro_gripper_wrapper:/opt/erc_ws/install/launch_pal:/opt/erc_ws/install/tiago_pro_robot:/opt/erc_ws/install/tiago_pro_head_robot:/opt/erc_ws/install/tiago_pro_bringup:/opt/erc_ws/install/tiago_pro_head_bringup:/opt/erc_ws/install/erc_bringup:/opt/erc_ws/install/tiago_pro_description:/opt/erc_ws/install/tiago_pro_head_description:/opt/erc_ws/install/tiago_pro_controller_configuration:/opt/erc_ws/install/tiago_pro_head_controller_configuration:/opt/erc_ws/install/sensors:/opt/erc_ws/install/pal_sea_arm:/opt/erc_ws/install/pal_sea_arm_bringup:/opt/erc_ws/install/pal_sea_arm_description:/opt/erc_ws/install/pal_pro_gripper_simulation:/opt/erc_ws/install/pal_pro_gripper_bringup:/opt/erc_ws/install/pal_pro_gripper:/opt/erc_ws/install/pal_pro_gripper_description:/opt/erc_ws/install/pal_gripper_simulation:/opt/erc_ws/install/pal_gripper:/opt/erc_ws/install/pal_gripper_description:/opt/erc_ws/install/omni_base_robot:/opt/erc_ws/install/omni_base_bringup:/opt/erc_ws/install/omni_base_description:/opt/erc_ws/install/pal_urdf_utils:/opt/erc_ws/install/pal_sea_arm_controller_configuration:/opt/erc_ws/install/pal_pro_gripper_controller_configuration:/opt/erc_ws/install/pal_gripper_controller_configuration:/opt/erc_ws/install/omni_base_controller_configuration:/opt/erc_ws/install/gz_ros2_control:/opt/erc_ws/install/erc_solution:/opt/erc_ws/install/erc_description:/opt/ros/humble CMAKE_PREFIX_PATH=${CMAKE_PREFIX_PATH}:/opt/erc_ws/install/sensors:/opt/erc_ws/install/pal_pro_gripper_wrapper:/opt/erc_ws/install/launch_pal:/opt/erc_ws/install/erc_solution:/opt/ros/humble PYTHONPATH=/opt/erc_ws/build/pal_pro_gripper_wrapper:/opt/erc_ws/install/pal_pro_gripper_wrapper/lib/python3.10/site-packages:/opt/erc_ws/build/launch_pal:/opt/erc_ws/install/launch_pal/lib/python3.10/site-packages:/opt/erc_ws/install/tiago_pro_description/local/lib/python3.10/dist-packages:/opt/erc_ws/install/tiago_pro_head_description/local/lib/python3.10/dist-packages:/opt/erc_ws/build/sensors:/opt/erc_ws/install/sensors/lib/python3.10/site-packages:/opt/erc_ws/install/pal_sea_arm_description/local/lib/python3.10/dist-packages:/opt/erc_ws/install/pal_pro_gripper_description/local/lib/python3.10/dist-packages:/opt/erc_ws/install/omni_base_description/local/lib/python3.10/dist-packages:/opt/erc_ws/build/erc_solution:/opt/erc_ws/install/erc_solution/lib/python3.10/site-packages:/opt/ros/humble/lib/python3.10/site-packages:/opt/ros/humble/local/lib/python3.10/dist-packages /usr/bin/cmake --install /opt/erc_ws/build/pal_pro_gripper_controller_configuration
[3.252s] DEBUG:colcon.colcon_core.event_handler.log_command:Invoked command in '/opt/erc_ws/build/tiago_pro_head_controller_configuration' returned '0': AMENT_PREFIX_PATH=/opt/erc_ws/install/launch_pal:/opt/erc_ws/install/tiago_pro_robot:/opt/erc_ws/install/tiago_pro_head_robot:/opt/erc_ws/install/tiago_pro_bringup:/opt/erc_ws/install/tiago_pro_head_bringup:/opt/erc_ws/install/erc_bringup:/opt/erc_ws/install/tiago_pro_description:/opt/erc_ws/install/tiago_pro_head_description:/opt/erc_ws/install/tiago_pro_controller_configuration:/opt/erc_ws/install/tiago_pro_head_controller_configuration:/opt/erc_ws/install/sensors:/opt/erc_ws/install/pal_sea_arm:/opt/erc_ws/install/pal_sea_arm_bringup:/opt/erc_ws/install/pal_sea_arm_description:/opt/erc_ws/install/pal_pro_gripper_simulation:/opt/erc_ws/install/pal_pro_gripper_bringup:/opt/erc_ws/install/pal_pro_gripper:/opt/erc_ws/install/pal_pro_gripper_description:/opt/erc_ws/install/pal_gripper_simulation:/opt/erc_ws/install/pal_gripper:/opt/erc_ws/install/pal_gripper_description:/opt/erc_ws/install/omni_base_robot:/opt/erc_ws/install/omni_base_bringup:/opt/erc_ws/install/omni_base_description:/opt/erc_ws/install/pal_urdf_utils:/opt/erc_ws/install/pal_sea_arm_controller_configuration:/opt/erc_ws/install/pal_pro_gripper_controller_configuration:/opt/erc_ws/install/pal_pro_gripper_wrapper:/opt/erc_ws/install/pal_gripper_controller_configuration:/opt/erc_ws/install/omni_base_controller_configuration:/opt/erc_ws/install/gz_ros2_control:/opt/erc_ws/install/erc_solution:/opt/erc_ws/install/erc_description:/opt/ros/humble CMAKE_PREFIX_PATH=${CMAKE_PREFIX_PATH}:/opt/erc_ws/install/sensors:/opt/erc_ws/install/pal_pro_gripper_wrapper:/opt/erc_ws/install/launch_pal:/opt/erc_ws/install/erc_solution:/opt/ros/humble PYTHONPATH=/opt/erc_ws/build/launch_pal:/opt/erc_ws/install/launch_pal/lib/python3.10/site-packages:/opt/erc_ws/install/tiago_pro_description/local/lib/python3.10/dist-packages:/opt/erc_ws/install/tiago_pro_head_description/local/lib/python3.10/dist-packages:/opt/erc_ws/build/sensors:/opt/erc_ws/install/sensors/lib/python3.10/site-packages:/opt/erc_ws/install/pal_sea_arm_description/local/lib/python3.10/dist-packages:/opt/erc_ws/install/pal_pro_gripper_description/local/lib/python3.10/dist-packages:/opt/erc_ws/install/omni_base_description/local/lib/python3.10/dist-packages:/opt/erc_ws/build/pal_pro_gripper_wrapper:/opt/erc_ws/install/pal_pro_gripper_wrapper/lib/python3.10/site-packages:/opt/erc_ws/build/erc_solution:/opt/erc_ws/install/erc_solution/lib/python3.10/site-packages:/opt/ros/humble/lib/python3.10/site-packages:/opt/ros/humble/local/lib/python3.10/dist-packages /usr/bin/cmake --build /opt/erc_ws/build/tiago_pro_head_controller_configuration -- -j16 -l16
[3.254s] DEBUG:colcon.colcon_core.event_handler.log_command:Invoking command in '/opt/erc_ws/build/tiago_pro_head_controller_configuration': AMENT_PREFIX_PATH=/opt/erc_ws/install/launch_pal:/opt/erc_ws/install/tiago_pro_robot:/opt/erc_ws/install/tiago_pro_head_robot:/opt/erc_ws/install/tiago_pro_bringup:/opt/erc_ws/install/tiago_pro_head_bringup:/opt/erc_ws/install/erc_bringup:/opt/erc_ws/install/tiago_pro_description:/opt/erc_ws/install/tiago_pro_head_description:/opt/erc_ws/install/tiago_pro_controller_configuration:/opt/erc_ws/install/tiago_pro_head_controller_configuration:/opt/erc_ws/install/sensors:/opt/erc_ws/install/pal_sea_arm:/opt/erc_ws/install/pal_sea_arm_bringup:/opt/erc_ws/install/pal_sea_arm_description:/opt/erc_ws/install/pal_pro_gripper_simulation:/opt/erc_ws/install/pal_pro_gripper_bringup:/opt/erc_ws/install/pal_pro_gripper:/opt/erc_ws/install/pal_pro_gripper_description:/opt/erc_ws/install/pal_gripper_simulation:/opt/erc_ws/install/pal_gripper:/opt/erc_ws/install/pal_gripper_description:/opt/erc_ws/install/omni_base_robot:/opt/erc_ws/install/omni_base_bringup:/opt/erc_ws/install/omni_base_description:/opt/erc_ws/install/pal_urdf_utils:/opt/erc_ws/install/pal_sea_arm_controller_configuration:/opt/erc_ws/install/pal_pro_gripper_controller_configuration:/opt/erc_ws/install/pal_pro_gripper_wrapper:/opt/erc_ws/install/pal_gripper_controller_configuration:/opt/erc_ws/install/omni_base_controller_configuration:/opt/erc_ws/install/gz_ros2_control:/opt/erc_ws/install/erc_solution:/opt/erc_ws/install/erc_description:/opt/ros/humble CMAKE_PREFIX_PATH=${CMAKE_PREFIX_PATH}:/opt/erc_ws/install/sensors:/opt/erc_ws/install/pal_pro_gripper_wrapper:/opt/erc_ws/install/launch_pal:/opt/erc_ws/install/erc_solution:/opt/ros/humble PYTHONPATH=/opt/erc_ws/build/launch_pal:/opt/erc_ws/install/launch_pal/lib/python3.10/site-packages:/opt/erc_ws/install/tiago_pro_description/local/lib/python3.10/dist-packages:/opt/erc_ws/install/tiago_pro_head_description/local/lib/python3.10/dist-packages:/opt/erc_ws/build/sensors:/opt/erc_ws/install/sensors/lib/python3.10/site-packages:/opt/erc_ws/install/pal_sea_arm_description/local/lib/python3.10/dist-packages:/opt/erc_ws/install/pal_pro_gripper_description/local/lib/python3.10/dist-packages:/opt/erc_ws/install/omni_base_description/local/lib/python3.10/dist-packages:/opt/erc_ws/build/pal_pro_gripper_wrapper:/opt/erc_ws/install/pal_pro_gripper_wrapper/lib/python3.10/site-packages:/opt/erc_ws/build/erc_solution:/opt/erc_ws/install/erc_solution/lib/python3.10/site-packages:/opt/ros/humble/lib/python3.10/site-packages:/opt/ros/humble/local/lib/python3.10/dist-packages /usr/bin/cmake --install /opt/erc_ws/build/tiago_pro_head_controller_configuration
[3.268s] Level 1:colcon.colcon_core.environment:create_environment_scripts_only(pal_pro_gripper_controller_configuration)
[3.269s] DEBUG:colcon.colcon_core.event_handler.log_command:Invoked command in '/opt/erc_ws/build/pal_pro_gripper_controller_configuration' returned '0': AMENT_PREFIX_PATH=/opt/erc_ws/install/pal_pro_gripper_wrapper:/opt/erc_ws/install/launch_pal:/opt/erc_ws/install/tiago_pro_robot:/opt/erc_ws/install/tiago_pro_head_robot:/opt/erc_ws/install/tiago_pro_bringup:/opt/erc_ws/install/tiago_pro_head_bringup:/opt/erc_ws/install/erc_bringup:/opt/erc_ws/install/tiago_pro_description:/opt/erc_ws/install/tiago_pro_head_description:/opt/erc_ws/install/tiago_pro_controller_configuration:/opt/erc_ws/install/tiago_pro_head_controller_configuration:/opt/erc_ws/install/sensors:/opt/erc_ws/install/pal_sea_arm:/opt/erc_ws/install/pal_sea_arm_bringup:/opt/erc_ws/install/pal_sea_arm_description:/opt/erc_ws/install/pal_pro_gripper_simulation:/opt/erc_ws/install/pal_pro_gripper_bringup:/opt/erc_ws/install/pal_pro_gripper:/opt/erc_ws/install/pal_pro_gripper_description:/opt/erc_ws/install/pal_gripper_simulation:/opt/erc_ws/install/pal_gripper:/opt/erc_ws/install/pal_gripper_description:/opt/erc_ws/install/omni_base_robot:/opt/erc_ws/install/omni_base_bringup:/opt/erc_ws/install/omni_base_description:/opt/erc_ws/install/pal_urdf_utils:/opt/erc_ws/install/pal_sea_arm_controller_configuration:/opt/erc_ws/install/pal_pro_gripper_controller_configuration:/opt/erc_ws/install/pal_gripper_controller_configuration:/opt/erc_ws/install/omni_base_controller_configuration:/opt/erc_ws/install/gz_ros2_control:/opt/erc_ws/install/erc_solution:/opt/erc_ws/install/erc_description:/opt/ros/humble CMAKE_PREFIX_PATH=${CMAKE_PREFIX_PATH}:/opt/erc_ws/install/sensors:/opt/erc_ws/install/pal_pro_gripper_wrapper:/opt/erc_ws/install/launch_pal:/opt/erc_ws/install/erc_solution:/opt/ros/humble PYTHONPATH=/opt/erc_ws/build/pal_pro_gripper_wrapper:/opt/erc_ws/install/pal_pro_gripper_wrapper/lib/python3.10/site-packages:/opt/erc_ws/build/launch_pal:/opt/erc_ws/install/launch_pal/lib/python3.10/site-packages:/opt/erc_ws/install/tiago_pro_description/local/lib/python3.10/dist-packages:/opt/erc_ws/install/tiago_pro_head_description/local/lib/python3.10/dist-packages:/opt/erc_ws/build/sensors:/opt/erc_ws/install/sensors/lib/python3.10/site-packages:/opt/erc_ws/install/pal_sea_arm_description/local/lib/python3.10/dist-packages:/opt/erc_ws/install/pal_pro_gripper_description/local/lib/python3.10/dist-packages:/opt/erc_ws/install/omni_base_description/local/lib/python3.10/dist-packages:/opt/erc_ws/build/erc_solution:/opt/erc_ws/install/erc_solution/lib/python3.10/site-packages:/opt/ros/humble/lib/python3.10/site-packages:/opt/ros/humble/local/lib/python3.10/dist-packages /usr/bin/cmake --install /opt/erc_ws/build/pal_pro_gripper_controller_configuration
[3.269s] Level 1:colcon.colcon_core.environment:checking '/opt/erc_ws/install/pal_pro_gripper_controller_configuration' for CMake module files
[3.270s] Level 1:colcon.colcon_core.environment:checking '/opt/erc_ws/install/pal_pro_gripper_controller_configuration' for CMake config files
[3.270s] Level 1:colcon.colcon_core.shell:create_environment_hook('pal_pro_gripper_controller_configuration', 'cmake_prefix_path')
[3.271s] INFO:colcon.colcon_core.shell:Creating environment hook '/opt/erc_ws/install/pal_pro_gripper_controller_configuration/share/pal_pro_gripper_controller_configuration/hook/cmake_prefix_path.ps1'
[3.271s] INFO:colcon.colcon_core.shell:Creating environment descriptor '/opt/erc_ws/install/pal_pro_gripper_controller_configuration/share/pal_pro_gripper_controller_configuration/hook/cmake_prefix_path.dsv'
[3.272s] INFO:colcon.colcon_core.shell:Creating environment hook '/opt/erc_ws/install/pal_pro_gripper_controller_configuration/share/pal_pro_gripper_controller_configuration/hook/cmake_prefix_path.sh'
[3.272s] Level 1:colcon.colcon_core.environment:checking '/opt/erc_ws/install/pal_pro_gripper_controller_configuration/bin'
[3.272s] Level 1:colcon.colcon_core.environment:checking '/opt/erc_ws/install/pal_pro_gripper_controller_configuration/lib/pkgconfig/pal_pro_gripper_controller_configuration.pc'
[3.273s] Level 1:colcon.colcon_core.environment:checking '/opt/erc_ws/install/pal_pro_gripper_controller_configuration/lib/python3.10/site-packages'
[3.273s] Level 1:colcon.colcon_core.environment:checking '/opt/erc_ws/install/pal_pro_gripper_controller_configuration/bin'
[3.273s] INFO:colcon.colcon_core.shell:Creating package script '/opt/erc_ws/install/pal_pro_gripper_controller_configuration/share/pal_pro_gripper_controller_configuration/package.ps1'
[3.274s] INFO:colcon.colcon_core.shell:Creating package descriptor '/opt/erc_ws/install/pal_pro_gripper_controller_configuration/share/pal_pro_gripper_controller_configuration/package.dsv'
[3.274s] INFO:colcon.colcon_core.shell:Creating package script '/opt/erc_ws/install/pal_pro_gripper_controller_configuration/share/pal_pro_gripper_controller_configuration/package.sh'
[3.275s] INFO:colcon.colcon_core.shell:Creating package script '/opt/erc_ws/install/pal_pro_gripper_controller_configuration/share/pal_pro_gripper_controller_configuration/package.bash'
[3.275s] INFO:colcon.colcon_core.shell:Creating package script '/opt/erc_ws/install/pal_pro_gripper_controller_configuration/share/pal_pro_gripper_controller_configuration/package.zsh'
[3.275s] Level 1:colcon.colcon_core.environment:create_file_with_runtime_dependencies(/opt/erc_ws/install/pal_pro_gripper_controller_configuration/share/colcon-core/packages/pal_pro_gripper_controller_configuration)
[3.276s] Level 1:colcon.colcon_core.environment:create_environment_scripts_only(pal_pro_gripper_controller_configuration)
[3.276s] Level 1:colcon.colcon_core.environment:checking '/opt/erc_ws/install/pal_pro_gripper_controller_configuration' for CMake module files
[3.277s] Level 1:colcon.colcon_core.environment:checking '/opt/erc_ws/install/pal_pro_gripper_controller_configuration' for CMake config files
[3.277s] Level 1:colcon.colcon_core.shell:create_environment_hook('pal_pro_gripper_controller_configuration', 'cmake_prefix_path')
[3.279s] INFO:colcon.colcon_core.shell:Creating environment hook '/opt/erc_ws/install/pal_pro_gripper_controller_configuration/share/pal_pro_gripper_controller_configuration/hook/cmake_prefix_path.ps1'
[3.281s] INFO:colcon.colcon_core.shell:Creating environment descriptor '/opt/erc_ws/install/pal_pro_gripper_controller_configuration/share/pal_pro_gripper_controller_configuration/hook/cmake_prefix_path.dsv'
[3.282s] INFO:colcon.colcon_core.shell:Creating environment hook '/opt/erc_ws/install/pal_pro_gripper_controller_configuration/share/pal_pro_gripper_controller_configuration/hook/cmake_prefix_path.sh'
[3.283s] Level 1:colcon.colcon_core.environment:checking '/opt/erc_ws/install/pal_pro_gripper_controller_configuration/bin'
[3.284s] Level 1:colcon.colcon_core.environment:checking '/opt/erc_ws/install/pal_pro_gripper_controller_configuration/lib/pkgconfig/pal_pro_gripper_controller_configuration.pc'
[3.284s] Level 1:colcon.colcon_core.environment:checking '/opt/erc_ws/install/pal_pro_gripper_controller_configuration/lib/python3.10/site-packages'
[3.284s] Level 1:colcon.colcon_core.environment:checking '/opt/erc_ws/install/pal_pro_gripper_controller_configuration/bin'
[3.285s] INFO:colcon.colcon_core.shell:Creating package script '/opt/erc_ws/install/pal_pro_gripper_controller_configuration/share/pal_pro_gripper_controller_configuration/package.ps1'
[3.286s] INFO:colcon.colcon_core.shell:Creating package descriptor '/opt/erc_ws/install/pal_pro_gripper_controller_configuration/share/pal_pro_gripper_controller_configuration/package.dsv'
[3.287s] INFO:colcon.colcon_core.shell:Creating package script '/opt/erc_ws/install/pal_pro_gripper_controller_configuration/share/pal_pro_gripper_controller_configuration/package.sh'
[3.288s] INFO:colcon.colcon_core.shell:Creating package script '/opt/erc_ws/install/pal_pro_gripper_controller_configuration/share/pal_pro_gripper_controller_configuration/package.bash'
[3.288s] INFO:colcon.colcon_core.shell:Creating package script '/opt/erc_ws/install/pal_pro_gripper_controller_configuration/share/pal_pro_gripper_controller_configuration/package.zsh'
[3.289s] Level 1:colcon.colcon_core.environment:create_file_with_runtime_dependencies(/opt/erc_ws/install/pal_pro_gripper_controller_configuration/share/colcon-core/packages/pal_pro_gripper_controller_configuration)
[3.290s] INFO:colcon.colcon_ros.task.ament_cmake.build:Building ROS package in '/opt/erc_ws/src/pal_sea_arm/pal_sea_arm_controller_configuration' with build type 'ament_cmake'
[3.290s] INFO:colcon.colcon_cmake.task.cmake.build:Building CMake package in '/opt/erc_ws/src/pal_sea_arm/pal_sea_arm_controller_configuration'
[3.290s] INFO:colcon.colcon_core.shell:Skip shell extension 'powershell' for command environment: Not usable outside of PowerShell
[3.290s] DEBUG:colcon.colcon_core.shell:Skip shell extension 'dsv' for command environment
[3.301s] INFO:colcon.colcon_ros.task.ament_cmake.build:Building ROS package in '/opt/erc_ws/src/pal_pro_gripper/pal_pro_gripper' with build type 'ament_cmake'
[3.301s] INFO:colcon.colcon_cmake.task.cmake.build:Building CMake package in '/opt/erc_ws/src/pal_pro_gripper/pal_pro_gripper'
[3.301s] INFO:colcon.colcon_core.shell:Skip shell extension 'powershell' for command environment: Not usable outside of PowerShell
[3.301s] DEBUG:colcon.colcon_core.shell:Skip shell extension 'dsv' for command environment
[3.309s] INFO:colcon.colcon_ros.task.ament_cmake.build:Building ROS package in '/opt/erc_ws/src/pal_pro_gripper/pal_pro_gripper_bringup' with build type 'ament_cmake'
[3.310s] INFO:colcon.colcon_cmake.task.cmake.build:Building CMake package in '/opt/erc_ws/src/pal_pro_gripper/pal_pro_gripper_bringup'
[3.310s] INFO:colcon.colcon_core.shell:Skip shell extension 'powershell' for command environment: Not usable outside of PowerShell
[3.310s] DEBUG:colcon.colcon_core.shell:Skip shell extension 'dsv' for command environment
[3.322s] INFO:colcon.colcon_ros.task.ament_cmake.build:Building ROS package in '/opt/erc_ws/src/pal_pro_gripper/pal_pro_gripper_simulation' with build type 'ament_cmake'
[3.323s] INFO:colcon.colcon_cmake.task.cmake.build:Building CMake package in '/opt/erc_ws/src/pal_pro_gripper/pal_pro_gripper_simulation'
[3.324s] INFO:colcon.colcon_core.shell:Skip shell extension 'powershell' for command environment: Not usable outside of PowerShell
[3.324s] DEBUG:colcon.colcon_core.shell:Skip shell extension 'dsv' for command environment
[3.337s] Level 1:colcon.colcon_core.environment:create_environment_scripts_only(tiago_pro_head_controller_configuration)
[3.337s] Level 1:colcon.colcon_core.environment:checking '/opt/erc_ws/install/tiago_pro_head_controller_configuration' for CMake module files
[3.338s] DEBUG:colcon.colcon_core.event_handler.log_command:Invoked command in '/opt/erc_ws/build/tiago_pro_head_controller_configuration' returned '0': AMENT_PREFIX_PATH=/opt/erc_ws/install/launch_pal:/opt/erc_ws/install/tiago_pro_robot:/opt/erc_ws/install/tiago_pro_head_robot:/opt/erc_ws/install/tiago_pro_bringup:/opt/erc_ws/install/tiago_pro_head_bringup:/opt/erc_ws/install/erc_bringup:/opt/erc_ws/install/tiago_pro_description:/opt/erc_ws/install/tiago_pro_head_description:/opt/erc_ws/install/tiago_pro_controller_configuration:/opt/erc_ws/install/tiago_pro_head_controller_configuration:/opt/erc_ws/install/sensors:/opt/erc_ws/install/pal_sea_arm:/opt/erc_ws/install/pal_sea_arm_bringup:/opt/erc_ws/install/pal_sea_arm_description:/opt/erc_ws/install/pal_pro_gripper_simulation:/opt/erc_ws/install/pal_pro_gripper_bringup:/opt/erc_ws/install/pal_pro_gripper:/opt/erc_ws/install/pal_pro_gripper_description:/opt/erc_ws/install/pal_gripper_simulation:/opt/erc_ws/install/pal_gripper:/opt/erc_ws/install/pal_gripper_description:/opt/erc_ws/install/omni_base_robot:/opt/erc_ws/install/omni_base_bringup:/opt/erc_ws/install/omni_base_description:/opt/erc_ws/install/pal_urdf_utils:/opt/erc_ws/install/pal_sea_arm_controller_configuration:/opt/erc_ws/install/pal_pro_gripper_controller_configuration:/opt/erc_ws/install/pal_pro_gripper_wrapper:/opt/erc_ws/install/pal_gripper_controller_configuration:/opt/erc_ws/install/omni_base_controller_configuration:/opt/erc_ws/install/gz_ros2_control:/opt/erc_ws/install/erc_solution:/opt/erc_ws/install/erc_description:/opt/ros/humble CMAKE_PREFIX_PATH=${CMAKE_PREFIX_PATH}:/opt/erc_ws/install/sensors:/opt/erc_ws/install/pal_pro_gripper_wrapper:/opt/erc_ws/install/launch_pal:/opt/erc_ws/install/erc_solution:/opt/ros/humble PYTHONPATH=/opt/erc_ws/build/launch_pal:/opt/erc_ws/install/launch_pal/lib/python3.10/site-packages:/opt/erc_ws/install/tiago_pro_description/local/lib/python3.10/dist-packages:/opt/erc_ws/install/tiago_pro_head_description/local/lib/python3.10/dist-packages:/opt/erc_ws/build/sensors:/opt/erc_ws/install/sensors/lib/python3.10/site-packages:/opt/erc_ws/install/pal_sea_arm_description/local/lib/python3.10/dist-packages:/opt/erc_ws/install/pal_pro_gripper_description/local/lib/python3.10/dist-packages:/opt/erc_ws/install/omni_base_description/local/lib/python3.10/dist-packages:/opt/erc_ws/build/pal_pro_gripper_wrapper:/opt/erc_ws/install/pal_pro_gripper_wrapper/lib/python3.10/site-packages:/opt/erc_ws/build/erc_solution:/opt/erc_ws/install/erc_solution/lib/python3.10/site-packages:/opt/ros/humble/lib/python3.10/site-packages:/opt/ros/humble/local/lib/python3.10/dist-packages /usr/bin/cmake --install /opt/erc_ws/build/tiago_pro_head_controller_configuration
[3.339s] Level 1:colcon.colcon_core.environment:checking '/opt/erc_ws/install/tiago_pro_head_controller_configuration' for CMake config files
[3.339s] Level 1:colcon.colcon_core.shell:create_environment_hook('tiago_pro_head_controller_configuration', 'cmake_prefix_path')
[3.340s] INFO:colcon.colcon_core.shell:Creating environment hook '/opt/erc_ws/install/tiago_pro_head_controller_configuration/share/tiago_pro_head_controller_configuration/hook/cmake_prefix_path.ps1'
[3.340s] INFO:colcon.colcon_core.shell:Creating environment descriptor '/opt/erc_ws/install/tiago_pro_head_controller_configuration/share/tiago_pro_head_controller_configuration/hook/cmake_prefix_path.dsv'
[3.341s] INFO:colcon.colcon_core.shell:Creating environment hook '/opt/erc_ws/install/tiago_pro_head_controller_configuration/share/tiago_pro_head_controller_configuration/hook/cmake_prefix_path.sh'
[3.342s] Level 1:colcon.colcon_core.environment:checking '/opt/erc_ws/install/tiago_pro_head_controller_configuration/bin'
[3.342s] Level 1:colcon.colcon_core.environment:checking '/opt/erc_ws/install/tiago_pro_head_controller_configuration/lib/pkgconfig/tiago_pro_head_controller_configuration.pc'
[3.342s] Level 1:colcon.colcon_core.environment:checking '/opt/erc_ws/install/tiago_pro_head_controller_configuration/lib/python3.10/site-packages'
[3.342s] Level 1:colcon.colcon_core.environment:checking '/opt/erc_ws/install/tiago_pro_head_controller_configuration/bin'
[3.343s] INFO:colcon.colcon_core.shell:Creating package script '/opt/erc_ws/install/tiago_pro_head_controller_configuration/share/tiago_pro_head_controller_configuration/package.ps1'
[3.344s] INFO:colcon.colcon_core.shell:Creating package descriptor '/opt/erc_ws/install/tiago_pro_head_controller_configuration/share/tiago_pro_head_controller_configuration/package.dsv'
[3.345s] INFO:colcon.colcon_core.shell:Creating package script '/opt/erc_ws/install/tiago_pro_head_controller_configuration/share/tiago_pro_head_controller_configuration/package.sh'
[3.346s] INFO:colcon.colcon_core.shell:Creating package script '/opt/erc_ws/install/tiago_pro_head_controller_configuration/share/tiago_pro_head_controller_configuration/package.bash'
[3.346s] INFO:colcon.colcon_core.shell:Creating package script '/opt/erc_ws/install/tiago_pro_head_controller_configuration/share/tiago_pro_head_controller_configuration/package.zsh'
[3.347s] Level 1:colcon.colcon_core.environment:create_file_with_runtime_dependencies(/opt/erc_ws/install/tiago_pro_head_controller_configuration/share/colcon-core/packages/tiago_pro_head_controller_configuration)
[3.347s] Level 1:colcon.colcon_core.environment:create_environment_scripts_only(tiago_pro_head_controller_configuration)
[3.348s] Level 1:colcon.colcon_core.environment:checking '/opt/erc_ws/install/tiago_pro_head_controller_configuration' for CMake module files
[3.348s] Level 1:colcon.colcon_core.environment:checking '/opt/erc_ws/install/tiago_pro_head_controller_configuration' for CMake config files
[3.348s] Level 1:colcon.colcon_core.shell:create_environment_hook('tiago_pro_head_controller_configuration', 'cmake_prefix_path')
[3.348s] INFO:colcon.colcon_core.shell:Creating environment hook '/opt/erc_ws/install/tiago_pro_head_controller_configuration/share/tiago_pro_head_controller_configuration/hook/cmake_prefix_path.ps1'
[3.349s] INFO:colcon.colcon_core.shell:Creating environment descriptor '/opt/erc_ws/install/tiago_pro_head_controller_configuration/share/tiago_pro_head_controller_configuration/hook/cmake_prefix_path.dsv'
[3.349s] INFO:colcon.colcon_core.shell:Creating environment hook '/opt/erc_ws/install/tiago_pro_head_controller_configuration/share/tiago_pro_head_controller_configuration/hook/cmake_prefix_path.sh'
[3.349s] Level 1:colcon.colcon_core.environment:checking '/opt/erc_ws/install/tiago_pro_head_controller_configuration/bin'
[3.350s] Level 1:colcon.colcon_core.environment:checking '/opt/erc_ws/install/tiago_pro_head_controller_configuration/lib/pkgconfig/tiago_pro_head_controller_configuration.pc'
[3.350s] Level 1:colcon.colcon_core.environment:checking '/opt/erc_ws/install/tiago_pro_head_controller_configuration/lib/python3.10/site-packages'
[3.350s] Level 1:colcon.colcon_core.environment:checking '/opt/erc_ws/install/tiago_pro_head_controller_configuration/bin'
[3.351s] INFO:colcon.colcon_core.shell:Creating package script '/opt/erc_ws/install/tiago_pro_head_controller_configuration/share/tiago_pro_head_controller_configuration/package.ps1'
[3.351s] INFO:colcon.colcon_core.shell:Creating package descriptor '/opt/erc_ws/install/tiago_pro_head_controller_configuration/share/tiago_pro_head_controller_configuration/package.dsv'
[3.352s] INFO:colcon.colcon_core.shell:Creating package script '/opt/erc_ws/install/tiago_pro_head_controller_configuration/share/tiago_pro_head_controller_configuration/package.sh'
[3.353s] INFO:colcon.colcon_core.shell:Creating package script '/opt/erc_ws/install/tiago_pro_head_controller_configuration/share/tiago_pro_head_controller_configuration/package.bash'
[3.353s] INFO:colcon.colcon_core.shell:Creating package script '/opt/erc_ws/install/tiago_pro_head_controller_configuration/share/tiago_pro_head_controller_configuration/package.zsh'
[3.354s] Level 1:colcon.colcon_core.environment:create_file_with_runtime_dependencies(/opt/erc_ws/install/tiago_pro_head_controller_configuration/share/colcon-core/packages/tiago_pro_head_controller_configuration)
[3.355s] INFO:colcon.colcon_ros.task.ament_cmake.build:Building ROS package in '/opt/erc_ws/src/tiago_pro_head_robot/tiago_pro_head_description' with build type 'ament_cmake'
[3.355s] INFO:colcon.colcon_cmake.task.cmake.build:Building CMake package in '/opt/erc_ws/src/tiago_pro_head_robot/tiago_pro_head_description'
[3.356s] INFO:colcon.colcon_core.shell:Skip shell extension 'powershell' for command environment: Not usable outside of PowerShell
[3.356s] DEBUG:colcon.colcon_core.shell:Skip shell extension 'dsv' for command environment
[3.370s] DEBUG:colcon.colcon_core.event_handler.log_command:Invoking command in '/opt/erc_ws/build/pal_sea_arm_controller_configuration': AMENT_PREFIX_PATH=/opt/erc_ws/install/pal_pro_gripper_wrapper:/opt/erc_ws/install/launch_pal:/opt/erc_ws/install/tiago_pro_robot:/opt/erc_ws/install/tiago_pro_head_robot:/opt/erc_ws/install/tiago_pro_bringup:/opt/erc_ws/install/tiago_pro_head_bringup:/opt/erc_ws/install/erc_bringup:/opt/erc_ws/install/tiago_pro_description:/opt/erc_ws/install/tiago_pro_head_description:/opt/erc_ws/install/tiago_pro_controller_configuration:/opt/erc_ws/install/tiago_pro_head_controller_configuration:/opt/erc_ws/install/sensors:/opt/erc_ws/install/pal_sea_arm:/opt/erc_ws/install/pal_sea_arm_bringup:/opt/erc_ws/install/pal_sea_arm_description:/opt/erc_ws/install/pal_pro_gripper_simulation:/opt/erc_ws/install/pal_pro_gripper_bringup:/opt/erc_ws/install/pal_pro_gripper:/opt/erc_ws/install/pal_pro_gripper_description:/opt/erc_ws/install/pal_gripper_simulation:/opt/erc_ws/install/pal_gripper:/opt/erc_ws/install/pal_gripper_description:/opt/erc_ws/install/omni_base_robot:/opt/erc_ws/install/omni_base_bringup:/opt/erc_ws/install/omni_base_description:/opt/erc_ws/install/pal_urdf_utils:/opt/erc_ws/install/pal_sea_arm_controller_configuration:/opt/erc_ws/install/pal_pro_gripper_controller_configuration:/opt/erc_ws/install/pal_gripper_controller_configuration:/opt/erc_ws/install/omni_base_controller_configuration:/opt/erc_ws/install/gz_ros2_control:/opt/erc_ws/install/erc_solution:/opt/erc_ws/install/erc_description:/opt/ros/humble CMAKE_PREFIX_PATH=/opt/erc_ws/install/pal_pro_gripper_controller_configuration:/opt/erc_ws/install/tiago_pro_robot:/opt/erc_ws/install/tiago_pro_head_robot:/opt/erc_ws/install/tiago_pro_bringup:/opt/erc_ws/install/tiago_pro_head_bringup:/opt/erc_ws/install/erc_bringup:/opt/erc_ws/install/tiago_pro_description:/opt/erc_ws/install/tiago_pro_head_description:/opt/erc_ws/install/tiago_pro_controller_configuration:/opt/erc_ws/install/tiago_pro_head_controller_configuration:/opt/erc_ws/install/pal_sea_arm:/opt/erc_ws/install/pal_sea_arm_bringup:/opt/erc_ws/install/pal_sea_arm_description:/opt/erc_ws/install/pal_pro_gripper_simulation:/opt/erc_ws/install/pal_pro_gripper_bringup:/opt/erc_ws/install/pal_pro_gripper:/opt/erc_ws/install/pal_pro_gripper_description:/opt/erc_ws/install/pal_gripper_simulation:/opt/erc_ws/install/pal_gripper:/opt/erc_ws/install/pal_gripper_description:/opt/erc_ws/install/omni_base_robot:/opt/erc_ws/install/omni_base_bringup:/opt/erc_ws/install/omni_base_description:/opt/erc_ws/install/pal_urdf_utils:/opt/erc_ws/install/pal_sea_arm_controller_configuration:/opt/erc_ws/install/pal_gripper_controller_configuration:/opt/erc_ws/install/omni_base_controller_configuration:/opt/erc_ws/install/gz_ros2_control:/opt/erc_ws/install/erc_description:/opt/erc_ws/install/sensors:/opt/erc_ws/install/pal_pro_gripper_wrapper:/opt/erc_ws/install/launch_pal:/opt/erc_ws/install/erc_solution:/opt/ros/humble PYTHONPATH=/opt/erc_ws/build/pal_pro_gripper_wrapper:/opt/erc_ws/install/pal_pro_gripper_wrapper/lib/python3.10/site-packages:/opt/erc_ws/build/launch_pal:/opt/erc_ws/install/launch_pal/lib/python3.10/site-packages:/opt/erc_ws/install/tiago_pro_description/local/lib/python3.10/dist-packages:/opt/erc_ws/install/tiago_pro_head_description/local/lib/python3.10/dist-packages:/opt/erc_ws/build/sensors:/opt/erc_ws/install/sensors/lib/python3.10/site-packages:/opt/erc_ws/install/pal_sea_arm_description/local/lib/python3.10/dist-packages:/opt/erc_ws/install/pal_pro_gripper_description/local/lib/python3.10/dist-packages:/opt/erc_ws/install/omni_base_description/local/lib/python3.10/dist-packages:/opt/erc_ws/build/erc_solution:/opt/erc_ws/install/erc_solution/lib/python3.10/site-packages:/opt/ros/humble/lib/python3.10/site-packages:/opt/ros/humble/local/lib/python3.10/dist-packages /usr/bin/cmake --build /opt/erc_ws/build/pal_sea_arm_controller_configuration -- -j16 -l16
[3.384s] DEBUG:colcon.colcon_core.event_handler.log_command:Invoking command in '/opt/erc_ws/build/pal_pro_gripper': AMENT_PREFIX_PATH=/opt/erc_ws/install/pal_pro_gripper_wrapper:/opt/erc_ws/install/launch_pal:/opt/erc_ws/install/tiago_pro_robot:/opt/erc_ws/install/tiago_pro_head_robot:/opt/erc_ws/install/tiago_pro_bringup:/opt/erc_ws/install/tiago_pro_head_bringup:/opt/erc_ws/install/erc_bringup:/opt/erc_ws/install/tiago_pro_description:/opt/erc_ws/install/tiago_pro_head_description:/opt/erc_ws/install/tiago_pro_controller_configuration:/opt/erc_ws/install/tiago_pro_head_controller_configuration:/opt/erc_ws/install/sensors:/opt/erc_ws/install/pal_sea_arm:/opt/erc_ws/install/pal_sea_arm_bringup:/opt/erc_ws/install/pal_sea_arm_description:/opt/erc_ws/install/pal_pro_gripper_simulation:/opt/erc_ws/install/pal_pro_gripper_bringup:/opt/erc_ws/install/pal_pro_gripper:/opt/erc_ws/install/pal_pro_gripper_description:/opt/erc_ws/install/pal_gripper_simulation:/opt/erc_ws/install/pal_gripper:/opt/erc_ws/install/pal_gripper_description:/opt/erc_ws/install/omni_base_robot:/opt/erc_ws/install/omni_base_bringup:/opt/erc_ws/install/omni_base_description:/opt/erc_ws/install/pal_urdf_utils:/opt/erc_ws/install/pal_sea_arm_controller_configuration:/opt/erc_ws/install/pal_pro_gripper_controller_configuration:/opt/erc_ws/install/pal_gripper_controller_configuration:/opt/erc_ws/install/omni_base_controller_configuration:/opt/erc_ws/install/gz_ros2_control:/opt/erc_ws/install/erc_solution:/opt/erc_ws/install/erc_description:/opt/ros/humble CMAKE_PREFIX_PATH=/opt/erc_ws/install/pal_pro_gripper_description:/opt/erc_ws/install/pal_pro_gripper_controller_configuration:/opt/erc_ws/install/pal_urdf_utils:/opt/erc_ws/install/tiago_pro_robot:/opt/erc_ws/install/tiago_pro_head_robot:/opt/erc_ws/install/tiago_pro_bringup:/opt/erc_ws/install/tiago_pro_head_bringup:/opt/erc_ws/install/erc_bringup:/opt/erc_ws/install/tiago_pro_description:/opt/erc_ws/install/tiago_pro_head_description:/opt/erc_ws/install/tiago_pro_controller_configuration:/opt/erc_ws/install/tiago_pro_head_controller_configuration:/opt/erc_ws/install/pal_sea_arm:/opt/erc_ws/install/pal_sea_arm_bringup:/opt/erc_ws/install/pal_sea_arm_description:/opt/erc_ws/install/pal_pro_gripper_simulation:/opt/erc_ws/install/pal_pro_gripper_bringup:/opt/erc_ws/install/pal_pro_gripper:/opt/erc_ws/install/pal_gripper_simulation:/opt/erc_ws/install/pal_gripper:/opt/erc_ws/install/pal_gripper_description:/opt/erc_ws/install/omni_base_robot:/opt/erc_ws/install/omni_base_bringup:/opt/erc_ws/install/omni_base_description:/opt/erc_ws/install/pal_sea_arm_controller_configuration:/opt/erc_ws/install/pal_gripper_controller_configuration:/opt/erc_ws/install/omni_base_controller_configuration:/opt/erc_ws/install/gz_ros2_control:/opt/erc_ws/install/erc_description:/opt/erc_ws/install/sensors:/opt/erc_ws/install/pal_pro_gripper_wrapper:/opt/erc_ws/install/launch_pal:/opt/erc_ws/install/erc_solution:/opt/ros/humble PYTHONPATH=/opt/erc_ws/build/pal_pro_gripper_wrapper:/opt/erc_ws/install/pal_pro_gripper_wrapper/lib/python3.10/site-packages:/opt/erc_ws/build/launch_pal:/opt/erc_ws/install/launch_pal/lib/python3.10/site-packages:/opt/erc_ws/install/tiago_pro_description/local/lib/python3.10/dist-packages:/opt/erc_ws/install/tiago_pro_head_description/local/lib/python3.10/dist-packages:/opt/erc_ws/build/sensors:/opt/erc_ws/install/sensors/lib/python3.10/site-packages:/opt/erc_ws/install/pal_sea_arm_description/local/lib/python3.10/dist-packages:/opt/erc_ws/install/pal_pro_gripper_description/local/lib/python3.10/dist-packages:/opt/erc_ws/install/omni_base_description/local/lib/python3.10/dist-packages:/opt/erc_ws/build/erc_solution:/opt/erc_ws/install/erc_solution/lib/python3.10/site-packages:/opt/ros/humble/lib/python3.10/site-packages:/opt/ros/humble/local/lib/python3.10/dist-packages /usr/bin/cmake --build /opt/erc_ws/build/pal_pro_gripper -- -j16 -l16
[3.390s] DEBUG:colcon.colcon_core.event_handler.log_command:Invoking command in '/opt/erc_ws/build/pal_pro_gripper_bringup': AMENT_PREFIX_PATH=/opt/erc_ws/install/pal_pro_gripper_wrapper:/opt/erc_ws/install/launch_pal:/opt/erc_ws/install/tiago_pro_robot:/opt/erc_ws/install/tiago_pro_head_robot:/opt/erc_ws/install/tiago_pro_bringup:/opt/erc_ws/install/tiago_pro_head_bringup:/opt/erc_ws/install/erc_bringup:/opt/erc_ws/install/tiago_pro_description:/opt/erc_ws/install/tiago_pro_head_description:/opt/erc_ws/install/tiago_pro_controller_configuration:/opt/erc_ws/install/tiago_pro_head_controller_configuration:/opt/erc_ws/install/sensors:/opt/erc_ws/install/pal_sea_arm:/opt/erc_ws/install/pal_sea_arm_bringup:/opt/erc_ws/install/pal_sea_arm_description:/opt/erc_ws/install/pal_pro_gripper_simulation:/opt/erc_ws/install/pal_pro_gripper_bringup:/opt/erc_ws/install/pal_pro_gripper:/opt/erc_ws/install/pal_pro_gripper_description:/opt/erc_ws/install/pal_gripper_simulation:/opt/erc_ws/install/pal_gripper:/opt/erc_ws/install/pal_gripper_description:/opt/erc_ws/install/omni_base_robot:/opt/erc_ws/install/omni_base_bringup:/opt/erc_ws/install/omni_base_description:/opt/erc_ws/install/pal_urdf_utils:/opt/erc_ws/install/pal_sea_arm_controller_configuration:/opt/erc_ws/install/pal_pro_gripper_controller_configuration:/opt/erc_ws/install/pal_gripper_controller_configuration:/opt/erc_ws/install/omni_base_controller_configuration:/opt/erc_ws/install/gz_ros2_control:/opt/erc_ws/install/erc_solution:/opt/erc_ws/install/erc_description:/opt/ros/humble CMAKE_PREFIX_PATH=/opt/erc_ws/install/pal_pro_gripper_description:/opt/erc_ws/install/pal_pro_gripper_controller_configuration:/opt/erc_ws/install/pal_urdf_utils:/opt/erc_ws/install/tiago_pro_robot:/opt/erc_ws/install/tiago_pro_head_robot:/opt/erc_ws/install/tiago_pro_bringup:/opt/erc_ws/install/tiago_pro_head_bringup:/opt/erc_ws/install/erc_bringup:/opt/erc_ws/install/tiago_pro_description:/opt/erc_ws/install/tiago_pro_head_description:/opt/erc_ws/install/tiago_pro_controller_configuration:/opt/erc_ws/install/tiago_pro_head_controller_configuration:/opt/erc_ws/install/pal_sea_arm:/opt/erc_ws/install/pal_sea_arm_bringup:/opt/erc_ws/install/pal_sea_arm_description:/opt/erc_ws/install/pal_pro_gripper_simulation:/opt/erc_ws/install/pal_pro_gripper_bringup:/opt/erc_ws/install/pal_pro_gripper:/opt/erc_ws/install/pal_gripper_simulation:/opt/erc_ws/install/pal_gripper:/opt/erc_ws/install/pal_gripper_description:/opt/erc_ws/install/omni_base_robot:/opt/erc_ws/install/omni_base_bringup:/opt/erc_ws/install/omni_base_description:/opt/erc_ws/install/pal_sea_arm_controller_configuration:/opt/erc_ws/install/pal_gripper_controller_configuration:/opt/erc_ws/install/omni_base_controller_configuration:/opt/erc_ws/install/gz_ros2_control:/opt/erc_ws/install/erc_description:/opt/erc_ws/install/sensors:/opt/erc_ws/install/pal_pro_gripper_wrapper:/opt/erc_ws/install/launch_pal:/opt/erc_ws/install/erc_solution:/opt/ros/humble PYTHONPATH=/opt/erc_ws/build/pal_pro_gripper_wrapper:/opt/erc_ws/install/pal_pro_gripper_wrapper/lib/python3.10/site-packages:/opt/erc_ws/build/launch_pal:/opt/erc_ws/install/launch_pal/lib/python3.10/site-packages:/opt/erc_ws/install/tiago_pro_description/local/lib/python3.10/dist-packages:/opt/erc_ws/install/tiago_pro_head_description/local/lib/python3.10/dist-packages:/opt/erc_ws/build/sensors:/opt/erc_ws/install/sensors/lib/python3.10/site-packages:/opt/erc_ws/install/pal_sea_arm_description/local/lib/python3.10/dist-packages:/opt/erc_ws/install/pal_pro_gripper_description/local/lib/python3.10/dist-packages:/opt/erc_ws/install/omni_base_description/local/lib/python3.10/dist-packages:/opt/erc_ws/build/erc_solution:/opt/erc_ws/install/erc_solution/lib/python3.10/site-packages:/opt/ros/humble/lib/python3.10/site-packages:/opt/ros/humble/local/lib/python3.10/dist-packages /usr/bin/cmake --build /opt/erc_ws/build/pal_pro_gripper_bringup -- -j16 -l16
[3.395s] DEBUG:colcon.colcon_core.event_handler.log_command:Invoking command in '/opt/erc_ws/build/pal_pro_gripper_simulation': AMENT_PREFIX_PATH=/opt/erc_ws/install/pal_pro_gripper_wrapper:/opt/erc_ws/install/launch_pal:/opt/erc_ws/install/tiago_pro_robot:/opt/erc_ws/install/tiago_pro_head_robot:/opt/erc_ws/install/tiago_pro_bringup:/opt/erc_ws/install/tiago_pro_head_bringup:/opt/erc_ws/install/erc_bringup:/opt/erc_ws/install/tiago_pro_description:/opt/erc_ws/install/tiago_pro_head_description:/opt/erc_ws/install/tiago_pro_controller_configuration:/opt/erc_ws/install/tiago_pro_head_controller_configuration:/opt/erc_ws/install/sensors:/opt/erc_ws/install/pal_sea_arm:/opt/erc_ws/install/pal_sea_arm_bringup:/opt/erc_ws/install/pal_sea_arm_description:/opt/erc_ws/install/pal_pro_gripper_simulation:/opt/erc_ws/install/pal_pro_gripper_bringup:/opt/erc_ws/install/pal_pro_gripper:/opt/erc_ws/install/pal_pro_gripper_description:/opt/erc_ws/install/pal_gripper_simulation:/opt/erc_ws/install/pal_gripper:/opt/erc_ws/install/pal_gripper_description:/opt/erc_ws/install/omni_base_robot:/opt/erc_ws/install/omni_base_bringup:/opt/erc_ws/install/omni_base_description:/opt/erc_ws/install/pal_urdf_utils:/opt/erc_ws/install/pal_sea_arm_controller_configuration:/opt/erc_ws/install/pal_pro_gripper_controller_configuration:/opt/erc_ws/install/pal_gripper_controller_configuration:/opt/erc_ws/install/omni_base_controller_configuration:/opt/erc_ws/install/gz_ros2_control:/opt/erc_ws/install/erc_solution:/opt/erc_ws/install/erc_description:/opt/ros/humble CMAKE_PREFIX_PATH=/opt/erc_ws/install/pal_pro_gripper_description:/opt/erc_ws/install/pal_pro_gripper_controller_configuration:/opt/erc_ws/install/pal_urdf_utils:/opt/erc_ws/install/tiago_pro_robot:/opt/erc_ws/install/tiago_pro_head_robot:/opt/erc_ws/install/tiago_pro_bringup:/opt/erc_ws/install/tiago_pro_head_bringup:/opt/erc_ws/install/erc_bringup:/opt/erc_ws/install/tiago_pro_description:/opt/erc_ws/install/tiago_pro_head_description:/opt/erc_ws/install/tiago_pro_controller_configuration:/opt/erc_ws/install/tiago_pro_head_controller_configuration:/opt/erc_ws/install/pal_sea_arm:/opt/erc_ws/install/pal_sea_arm_bringup:/opt/erc_ws/install/pal_sea_arm_description:/opt/erc_ws/install/pal_pro_gripper_simulation:/opt/erc_ws/install/pal_pro_gripper_bringup:/opt/erc_ws/install/pal_pro_gripper:/opt/erc_ws/install/pal_gripper_simulation:/opt/erc_ws/install/pal_gripper:/opt/erc_ws/install/pal_gripper_description:/opt/erc_ws/install/omni_base_robot:/opt/erc_ws/install/omni_base_bringup:/opt/erc_ws/install/omni_base_description:/opt/erc_ws/install/pal_sea_arm_controller_configuration:/opt/erc_ws/install/pal_gripper_controller_configuration:/opt/erc_ws/install/omni_base_controller_configuration:/opt/erc_ws/install/gz_ros2_control:/opt/erc_ws/install/erc_description:/opt/erc_ws/install/sensors:/opt/erc_ws/install/pal_pro_gripper_wrapper:/opt/erc_ws/install/launch_pal:/opt/erc_ws/install/erc_solution:/opt/ros/humble PYTHONPATH=/opt/erc_ws/build/pal_pro_gripper_wrapper:/opt/erc_ws/install/pal_pro_gripper_wrapper/lib/python3.10/site-packages:/opt/erc_ws/build/launch_pal:/opt/erc_ws/install/launch_pal/lib/python3.10/site-packages:/opt/erc_ws/install/tiago_pro_description/local/lib/python3.10/dist-packages:/opt/erc_ws/install/tiago_pro_head_description/local/lib/python3.10/dist-packages:/opt/erc_ws/build/sensors:/opt/erc_ws/install/sensors/lib/python3.10/site-packages:/opt/erc_ws/install/pal_sea_arm_description/local/lib/python3.10/dist-packages:/opt/erc_ws/install/pal_pro_gripper_description/local/lib/python3.10/dist-packages:/opt/erc_ws/install/omni_base_description/local/lib/python3.10/dist-packages:/opt/erc_ws/build/erc_solution:/opt/erc_ws/install/erc_solution/lib/python3.10/site-packages:/opt/ros/humble/lib/python3.10/site-packages:/opt/ros/humble/local/lib/python3.10/dist-packages /usr/bin/cmake --build /opt/erc_ws/build/pal_pro_gripper_simulation -- -j16 -l16
[3.402s] DEBUG:colcon.colcon_core.event_handler.log_command:Invoking command in '/opt/erc_ws/build/tiago_pro_head_description': AMENT_PREFIX_PATH=/opt/erc_ws/install/launch_pal:/opt/erc_ws/install/tiago_pro_robot:/opt/erc_ws/install/tiago_pro_head_robot:/opt/erc_ws/install/tiago_pro_bringup:/opt/erc_ws/install/tiago_pro_head_bringup:/opt/erc_ws/install/erc_bringup:/opt/erc_ws/install/tiago_pro_description:/opt/erc_ws/install/tiago_pro_head_description:/opt/erc_ws/install/tiago_pro_controller_configuration:/opt/erc_ws/install/tiago_pro_head_controller_configuration:/opt/erc_ws/install/sensors:/opt/erc_ws/install/pal_sea_arm:/opt/erc_ws/install/pal_sea_arm_bringup:/opt/erc_ws/install/pal_sea_arm_description:/opt/erc_ws/install/pal_pro_gripper_simulation:/opt/erc_ws/install/pal_pro_gripper_bringup:/opt/erc_ws/install/pal_pro_gripper:/opt/erc_ws/install/pal_pro_gripper_description:/opt/erc_ws/install/pal_gripper_simulation:/opt/erc_ws/install/pal_gripper:/opt/erc_ws/install/pal_gripper_description:/opt/erc_ws/install/omni_base_robot:/opt/erc_ws/install/omni_base_bringup:/opt/erc_ws/install/omni_base_description:/opt/erc_ws/install/pal_urdf_utils:/opt/erc_ws/install/pal_sea_arm_controller_configuration:/opt/erc_ws/install/pal_pro_gripper_controller_configuration:/opt/erc_ws/install/pal_pro_gripper_wrapper:/opt/erc_ws/install/pal_gripper_controller_configuration:/opt/erc_ws/install/omni_base_controller_configuration:/opt/erc_ws/install/gz_ros2_control:/opt/erc_ws/install/erc_solution:/opt/erc_ws/install/erc_description:/opt/ros/humble CMAKE_PREFIX_PATH=/opt/erc_ws/install/tiago_pro_head_controller_configuration:/opt/erc_ws/install/pal_urdf_utils:/opt/erc_ws/install/tiago_pro_robot:/opt/erc_ws/install/tiago_pro_head_robot:/opt/erc_ws/install/tiago_pro_bringup:/opt/erc_ws/install/tiago_pro_head_bringup:/opt/erc_ws/install/erc_bringup:/opt/erc_ws/install/tiago_pro_description:/opt/erc_ws/install/tiago_pro_head_description:/opt/erc_ws/install/tiago_pro_controller_configuration:/opt/erc_ws/install/pal_sea_arm:/opt/erc_ws/install/pal_sea_arm_bringup:/opt/erc_ws/install/pal_sea_arm_description:/opt/erc_ws/install/pal_pro_gripper_simulation:/opt/erc_ws/install/pal_pro_gripper_bringup:/opt/erc_ws/install/pal_pro_gripper:/opt/erc_ws/install/pal_pro_gripper_description:/opt/erc_ws/install/pal_gripper_simulation:/opt/erc_ws/install/pal_gripper:/opt/erc_ws/install/pal_gripper_description:/opt/erc_ws/install/omni_base_robot:/opt/erc_ws/install/omni_base_bringup:/opt/erc_ws/install/omni_base_description:/opt/erc_ws/install/pal_sea_arm_controller_configuration:/opt/erc_ws/install/pal_pro_gripper_controller_configuration:/opt/erc_ws/install/pal_gripper_controller_configuration:/opt/erc_ws/install/omni_base_controller_configuration:/opt/erc_ws/install/gz_ros2_control:/opt/erc_ws/install/erc_description:/opt/erc_ws/install/sensors:/opt/erc_ws/install/pal_pro_gripper_wrapper:/opt/erc_ws/install/launch_pal:/opt/erc_ws/install/erc_solution:/opt/ros/humble PYTHONPATH=/opt/erc_ws/build/launch_pal:/opt/erc_ws/install/launch_pal/lib/python3.10/site-packages:/opt/erc_ws/install/tiago_pro_description/local/lib/python3.10/dist-packages:/opt/erc_ws/install/tiago_pro_head_description/local/lib/python3.10/dist-packages:/opt/erc_ws/build/sensors:/opt/erc_ws/install/sensors/lib/python3.10/site-packages:/opt/erc_ws/install/pal_sea_arm_description/local/lib/python3.10/dist-packages:/opt/erc_ws/install/pal_pro_gripper_description/local/lib/python3.10/dist-packages:/opt/erc_ws/install/omni_base_description/local/lib/python3.10/dist-packages:/opt/erc_ws/build/pal_pro_gripper_wrapper:/opt/erc_ws/install/pal_pro_gripper_wrapper/lib/python3.10/site-packages:/opt/erc_ws/build/erc_solution:/opt/erc_ws/install/erc_solution/lib/python3.10/site-packages:/opt/ros/humble/lib/python3.10/site-packages:/opt/ros/humble/local/lib/python3.10/dist-packages /usr/bin/cmake --build /opt/erc_ws/build/tiago_pro_head_description -- -j16 -l16
[3.420s] DEBUG:colcon.colcon_core.event_handler.log_command:Invoked command in '/opt/erc_ws/build/pal_sea_arm_controller_configuration' returned '0': AMENT_PREFIX_PATH=/opt/erc_ws/install/pal_pro_gripper_wrapper:/opt/erc_ws/install/launch_pal:/opt/erc_ws/install/tiago_pro_robot:/opt/erc_ws/install/tiago_pro_head_robot:/opt/erc_ws/install/tiago_pro_bringup:/opt/erc_ws/install/tiago_pro_head_bringup:/opt/erc_ws/install/erc_bringup:/opt/erc_ws/install/tiago_pro_description:/opt/erc_ws/install/tiago_pro_head_description:/opt/erc_ws/install/tiago_pro_controller_configuration:/opt/erc_ws/install/tiago_pro_head_controller_configuration:/opt/erc_ws/install/sensors:/opt/erc_ws/install/pal_sea_arm:/opt/erc_ws/install/pal_sea_arm_bringup:/opt/erc_ws/install/pal_sea_arm_description:/opt/erc_ws/install/pal_pro_gripper_simulation:/opt/erc_ws/install/pal_pro_gripper_bringup:/opt/erc_ws/install/pal_pro_gripper:/opt/erc_ws/install/pal_pro_gripper_description:/opt/erc_ws/install/pal_gripper_simulation:/opt/erc_ws/install/pal_gripper:/opt/erc_ws/install/pal_gripper_description:/opt/erc_ws/install/omni_base_robot:/opt/erc_ws/install/omni_base_bringup:/opt/erc_ws/install/omni_base_description:/opt/erc_ws/install/pal_urdf_utils:/opt/erc_ws/install/pal_sea_arm_controller_configuration:/opt/erc_ws/install/pal_pro_gripper_controller_configuration:/opt/erc_ws/install/pal_gripper_controller_configuration:/opt/erc_ws/install/omni_base_controller_configuration:/opt/erc_ws/install/gz_ros2_control:/opt/erc_ws/install/erc_solution:/opt/erc_ws/install/erc_description:/opt/ros/humble CMAKE_PREFIX_PATH=/opt/erc_ws/install/pal_pro_gripper_controller_configuration:/opt/erc_ws/install/tiago_pro_robot:/opt/erc_ws/install/tiago_pro_head_robot:/opt/erc_ws/install/tiago_pro_bringup:/opt/erc_ws/install/tiago_pro_head_bringup:/opt/erc_ws/install/erc_bringup:/opt/erc_ws/install/tiago_pro_description:/opt/erc_ws/install/tiago_pro_head_description:/opt/erc_ws/install/tiago_pro_controller_configuration:/opt/erc_ws/install/tiago_pro_head_controller_configuration:/opt/erc_ws/install/pal_sea_arm:/opt/erc_ws/install/pal_sea_arm_bringup:/opt/erc_ws/install/pal_sea_arm_description:/opt/erc_ws/install/pal_pro_gripper_simulation:/opt/erc_ws/install/pal_pro_gripper_bringup:/opt/erc_ws/install/pal_pro_gripper:/opt/erc_ws/install/pal_pro_gripper_description:/opt/erc_ws/install/pal_gripper_simulation:/opt/erc_ws/install/pal_gripper:/opt/erc_ws/install/pal_gripper_description:/opt/erc_ws/install/omni_base_robot:/opt/erc_ws/install/omni_base_bringup:/opt/erc_ws/install/omni_base_description:/opt/erc_ws/install/pal_urdf_utils:/opt/erc_ws/install/pal_sea_arm_controller_configuration:/opt/erc_ws/install/pal_gripper_controller_configuration:/opt/erc_ws/install/omni_base_controller_configuration:/opt/erc_ws/install/gz_ros2_control:/opt/erc_ws/install/erc_description:/opt/erc_ws/install/sensors:/opt/erc_ws/install/pal_pro_gripper_wrapper:/opt/erc_ws/install/launch_pal:/opt/erc_ws/install/erc_solution:/opt/ros/humble PYTHONPATH=/opt/erc_ws/build/pal_pro_gripper_wrapper:/opt/erc_ws/install/pal_pro_gripper_wrapper/lib/python3.10/site-packages:/opt/erc_ws/build/launch_pal:/opt/erc_ws/install/launch_pal/lib/python3.10/site-packages:/opt/erc_ws/install/tiago_pro_description/local/lib/python3.10/dist-packages:/opt/erc_ws/install/tiago_pro_head_description/local/lib/python3.10/dist-packages:/opt/erc_ws/build/sensors:/opt/erc_ws/install/sensors/lib/python3.10/site-packages:/opt/erc_ws/install/pal_sea_arm_description/local/lib/python3.10/dist-packages:/opt/erc_ws/install/pal_pro_gripper_description/local/lib/python3.10/dist-packages:/opt/erc_ws/install/omni_base_description/local/lib/python3.10/dist-packages:/opt/erc_ws/build/erc_solution:/opt/erc_ws/install/erc_solution/lib/python3.10/site-packages:/opt/ros/humble/lib/python3.10/site-packages:/opt/ros/humble/local/lib/python3.10/dist-packages /usr/bin/cmake --build /opt/erc_ws/build/pal_sea_arm_controller_configuration -- -j16 -l16
[3.423s] DEBUG:colcon.colcon_core.event_handler.log_command:Invoking command in '/opt/erc_ws/build/pal_sea_arm_controller_configuration': AMENT_PREFIX_PATH=/opt/erc_ws/install/pal_pro_gripper_wrapper:/opt/erc_ws/install/launch_pal:/opt/erc_ws/install/tiago_pro_robot:/opt/erc_ws/install/tiago_pro_head_robot:/opt/erc_ws/install/tiago_pro_bringup:/opt/erc_ws/install/tiago_pro_head_bringup:/opt/erc_ws/install/erc_bringup:/opt/erc_ws/install/tiago_pro_description:/opt/erc_ws/install/tiago_pro_head_description:/opt/erc_ws/install/tiago_pro_controller_configuration:/opt/erc_ws/install/tiago_pro_head_controller_configuration:/opt/erc_ws/install/sensors:/opt/erc_ws/install/pal_sea_arm:/opt/erc_ws/install/pal_sea_arm_bringup:/opt/erc_ws/install/pal_sea_arm_description:/opt/erc_ws/install/pal_pro_gripper_simulation:/opt/erc_ws/install/pal_pro_gripper_bringup:/opt/erc_ws/install/pal_pro_gripper:/opt/erc_ws/install/pal_pro_gripper_description:/opt/erc_ws/install/pal_gripper_simulation:/opt/erc_ws/install/pal_gripper:/opt/erc_ws/install/pal_gripper_description:/opt/erc_ws/install/omni_base_robot:/opt/erc_ws/install/omni_base_bringup:/opt/erc_ws/install/omni_base_description:/opt/erc_ws/install/pal_urdf_utils:/opt/erc_ws/install/pal_sea_arm_controller_configuration:/opt/erc_ws/install/pal_pro_gripper_controller_configuration:/opt/erc_ws/install/pal_gripper_controller_configuration:/opt/erc_ws/install/omni_base_controller_configuration:/opt/erc_ws/install/gz_ros2_control:/opt/erc_ws/install/erc_solution:/opt/erc_ws/install/erc_description:/opt/ros/humble CMAKE_PREFIX_PATH=/opt/erc_ws/install/pal_pro_gripper_controller_configuration:/opt/erc_ws/install/tiago_pro_robot:/opt/erc_ws/install/tiago_pro_head_robot:/opt/erc_ws/install/tiago_pro_bringup:/opt/erc_ws/install/tiago_pro_head_bringup:/opt/erc_ws/install/erc_bringup:/opt/erc_ws/install/tiago_pro_description:/opt/erc_ws/install/tiago_pro_head_description:/opt/erc_ws/install/tiago_pro_controller_configuration:/opt/erc_ws/install/tiago_pro_head_controller_configuration:/opt/erc_ws/install/pal_sea_arm:/opt/erc_ws/install/pal_sea_arm_bringup:/opt/erc_ws/install/pal_sea_arm_description:/opt/erc_ws/install/pal_pro_gripper_simulation:/opt/erc_ws/install/pal_pro_gripper_bringup:/opt/erc_ws/install/pal_pro_gripper:/opt/erc_ws/install/pal_pro_gripper_description:/opt/erc_ws/install/pal_gripper_simulation:/opt/erc_ws/install/pal_gripper:/opt/erc_ws/install/pal_gripper_description:/opt/erc_ws/install/omni_base_robot:/opt/erc_ws/install/omni_base_bringup:/opt/erc_ws/install/omni_base_description:/opt/erc_ws/install/pal_urdf_utils:/opt/erc_ws/install/pal_sea_arm_controller_configuration:/opt/erc_ws/install/pal_gripper_controller_configuration:/opt/erc_ws/install/omni_base_controller_configuration:/opt/erc_ws/install/gz_ros2_control:/opt/erc_ws/install/erc_description:/opt/erc_ws/install/sensors:/opt/erc_ws/install/pal_pro_gripper_wrapper:/opt/erc_ws/install/launch_pal:/opt/erc_ws/install/erc_solution:/opt/ros/humble PYTHONPATH=/opt/erc_ws/build/pal_pro_gripper_wrapper:/opt/erc_ws/install/pal_pro_gripper_wrapper/lib/python3.10/site-packages:/opt/erc_ws/build/launch_pal:/opt/erc_ws/install/launch_pal/lib/python3.10/site-packages:/opt/erc_ws/install/tiago_pro_description/local/lib/python3.10/dist-packages:/opt/erc_ws/install/tiago_pro_head_description/local/lib/python3.10/dist-packages:/opt/erc_ws/build/sensors:/opt/erc_ws/install/sensors/lib/python3.10/site-packages:/opt/erc_ws/install/pal_sea_arm_description/local/lib/python3.10/dist-packages:/opt/erc_ws/install/pal_pro_gripper_description/local/lib/python3.10/dist-packages:/opt/erc_ws/install/omni_base_description/local/lib/python3.10/dist-packages:/opt/erc_ws/build/erc_solution:/opt/erc_ws/install/erc_solution/lib/python3.10/site-packages:/opt/ros/humble/lib/python3.10/site-packages:/opt/ros/humble/local/lib/python3.10/dist-packages /usr/bin/cmake --install /opt/erc_ws/build/pal_sea_arm_controller_configuration
[3.427s] DEBUG:colcon.colcon_core.event_handler.log_command:Invoked command in '/opt/erc_ws/build/pal_pro_gripper' returned '0': AMENT_PREFIX_PATH=/opt/erc_ws/install/pal_pro_gripper_wrapper:/opt/erc_ws/install/launch_pal:/opt/erc_ws/install/tiago_pro_robot:/opt/erc_ws/install/tiago_pro_head_robot:/opt/erc_ws/install/tiago_pro_bringup:/opt/erc_ws/install/tiago_pro_head_bringup:/opt/erc_ws/install/erc_bringup:/opt/erc_ws/install/tiago_pro_description:/opt/erc_ws/install/tiago_pro_head_description:/opt/erc_ws/install/tiago_pro_controller_configuration:/opt/erc_ws/install/tiago_pro_head_controller_configuration:/opt/erc_ws/install/sensors:/opt/erc_ws/install/pal_sea_arm:/opt/erc_ws/install/pal_sea_arm_bringup:/opt/erc_ws/install/pal_sea_arm_description:/opt/erc_ws/install/pal_pro_gripper_simulation:/opt/erc_ws/install/pal_pro_gripper_bringup:/opt/erc_ws/install/pal_pro_gripper:/opt/erc_ws/install/pal_pro_gripper_description:/opt/erc_ws/install/pal_gripper_simulation:/opt/erc_ws/install/pal_gripper:/opt/erc_ws/install/pal_gripper_description:/opt/erc_ws/install/omni_base_robot:/opt/erc_ws/install/omni_base_bringup:/opt/erc_ws/install/omni_base_description:/opt/erc_ws/install/pal_urdf_utils:/opt/erc_ws/install/pal_sea_arm_controller_configuration:/opt/erc_ws/install/pal_pro_gripper_controller_configuration:/opt/erc_ws/install/pal_gripper_controller_configuration:/opt/erc_ws/install/omni_base_controller_configuration:/opt/erc_ws/install/gz_ros2_control:/opt/erc_ws/install/erc_solution:/opt/erc_ws/install/erc_description:/opt/ros/humble CMAKE_PREFIX_PATH=/opt/erc_ws/install/pal_pro_gripper_description:/opt/erc_ws/install/pal_pro_gripper_controller_configuration:/opt/erc_ws/install/pal_urdf_utils:/opt/erc_ws/install/tiago_pro_robot:/opt/erc_ws/install/tiago_pro_head_robot:/opt/erc_ws/install/tiago_pro_bringup:/opt/erc_ws/install/tiago_pro_head_bringup:/opt/erc_ws/install/erc_bringup:/opt/erc_ws/install/tiago_pro_description:/opt/erc_ws/install/tiago_pro_head_description:/opt/erc_ws/install/tiago_pro_controller_configuration:/opt/erc_ws/install/tiago_pro_head_controller_configuration:/opt/erc_ws/install/pal_sea_arm:/opt/erc_ws/install/pal_sea_arm_bringup:/opt/erc_ws/install/pal_sea_arm_description:/opt/erc_ws/install/pal_pro_gripper_simulation:/opt/erc_ws/install/pal_pro_gripper_bringup:/opt/erc_ws/install/pal_pro_gripper:/opt/erc_ws/install/pal_gripper_simulation:/opt/erc_ws/install/pal_gripper:/opt/erc_ws/install/pal_gripper_description:/opt/erc_ws/install/omni_base_robot:/opt/erc_ws/install/omni_base_bringup:/opt/erc_ws/install/omni_base_description:/opt/erc_ws/install/pal_sea_arm_controller_configuration:/opt/erc_ws/install/pal_gripper_controller_configuration:/opt/erc_ws/install/omni_base_controller_configuration:/opt/erc_ws/install/gz_ros2_control:/opt/erc_ws/install/erc_description:/opt/erc_ws/install/sensors:/opt/erc_ws/install/pal_pro_gripper_wrapper:/opt/erc_ws/install/launch_pal:/opt/erc_ws/install/erc_solution:/opt/ros/humble PYTHONPATH=/opt/erc_ws/build/pal_pro_gripper_wrapper:/opt/erc_ws/install/pal_pro_gripper_wrapper/lib/python3.10/site-packages:/opt/erc_ws/build/launch_pal:/opt/erc_ws/install/launch_pal/lib/python3.10/site-packages:/opt/erc_ws/install/tiago_pro_description/local/lib/python3.10/dist-packages:/opt/erc_ws/install/tiago_pro_head_description/local/lib/python3.10/dist-packages:/opt/erc_ws/build/sensors:/opt/erc_ws/install/sensors/lib/python3.10/site-packages:/opt/erc_ws/install/pal_sea_arm_description/local/lib/python3.10/dist-packages:/opt/erc_ws/install/pal_pro_gripper_description/local/lib/python3.10/dist-packages:/opt/erc_ws/install/omni_base_description/local/lib/python3.10/dist-packages:/opt/erc_ws/build/erc_solution:/opt/erc_ws/install/erc_solution/lib/python3.10/site-packages:/opt/ros/humble/lib/python3.10/site-packages:/opt/ros/humble/local/lib/python3.10/dist-packages /usr/bin/cmake --build /opt/erc_ws/build/pal_pro_gripper -- -j16 -l16
[3.428s] DEBUG:colcon.colcon_core.event_handler.log_command:Invoking command in '/opt/erc_ws/build/pal_pro_gripper': AMENT_PREFIX_PATH=/opt/erc_ws/install/pal_pro_gripper_wrapper:/opt/erc_ws/install/launch_pal:/opt/erc_ws/install/tiago_pro_robot:/opt/erc_ws/install/tiago_pro_head_robot:/opt/erc_ws/install/tiago_pro_bringup:/opt/erc_ws/install/tiago_pro_head_bringup:/opt/erc_ws/install/erc_bringup:/opt/erc_ws/install/tiago_pro_description:/opt/erc_ws/install/tiago_pro_head_description:/opt/erc_ws/install/tiago_pro_controller_configuration:/opt/erc_ws/install/tiago_pro_head_controller_configuration:/opt/erc_ws/install/sensors:/opt/erc_ws/install/pal_sea_arm:/opt/erc_ws/install/pal_sea_arm_bringup:/opt/erc_ws/install/pal_sea_arm_description:/opt/erc_ws/install/pal_pro_gripper_simulation:/opt/erc_ws/install/pal_pro_gripper_bringup:/opt/erc_ws/install/pal_pro_gripper:/opt/erc_ws/install/pal_pro_gripper_description:/opt/erc_ws/install/pal_gripper_simulation:/opt/erc_ws/install/pal_gripper:/opt/erc_ws/install/pal_gripper_description:/opt/erc_ws/install/omni_base_robot:/opt/erc_ws/install/omni_base_bringup:/opt/erc_ws/install/omni_base_description:/opt/erc_ws/install/pal_urdf_utils:/opt/erc_ws/install/pal_sea_arm_controller_configuration:/opt/erc_ws/install/pal_pro_gripper_controller_configuration:/opt/erc_ws/install/pal_gripper_controller_configuration:/opt/erc_ws/install/omni_base_controller_configuration:/opt/erc_ws/install/gz_ros2_control:/opt/erc_ws/install/erc_solution:/opt/erc_ws/install/erc_description:/opt/ros/humble CMAKE_PREFIX_PATH=/opt/erc_ws/install/pal_pro_gripper_description:/opt/erc_ws/install/pal_pro_gripper_controller_configuration:/opt/erc_ws/install/pal_urdf_utils:/opt/erc_ws/install/tiago_pro_robot:/opt/erc_ws/install/tiago_pro_head_robot:/opt/erc_ws/install/tiago_pro_bringup:/opt/erc_ws/install/tiago_pro_head_bringup:/opt/erc_ws/install/erc_bringup:/opt/erc_ws/install/tiago_pro_description:/opt/erc_ws/install/tiago_pro_head_description:/opt/erc_ws/install/tiago_pro_controller_configuration:/opt/erc_ws/install/tiago_pro_head_controller_configuration:/opt/erc_ws/install/pal_sea_arm:/opt/erc_ws/install/pal_sea_arm_bringup:/opt/erc_ws/install/pal_sea_arm_description:/opt/erc_ws/install/pal_pro_gripper_simulation:/opt/erc_ws/install/pal_pro_gripper_bringup:/opt/erc_ws/install/pal_pro_gripper:/opt/erc_ws/install/pal_gripper_simulation:/opt/erc_ws/install/pal_gripper:/opt/erc_ws/install/pal_gripper_description:/opt/erc_ws/install/omni_base_robot:/opt/erc_ws/install/omni_base_bringup:/opt/erc_ws/install/omni_base_description:/opt/erc_ws/install/pal_sea_arm_controller_configuration:/opt/erc_ws/install/pal_gripper_controller_configuration:/opt/erc_ws/install/omni_base_controller_configuration:/opt/erc_ws/install/gz_ros2_control:/opt/erc_ws/install/erc_description:/opt/erc_ws/install/sensors:/opt/erc_ws/install/pal_pro_gripper_wrapper:/opt/erc_ws/install/launch_pal:/opt/erc_ws/install/erc_solution:/opt/ros/humble PYTHONPATH=/opt/erc_ws/build/pal_pro_gripper_wrapper:/opt/erc_ws/install/pal_pro_gripper_wrapper/lib/python3.10/site-packages:/opt/erc_ws/build/launch_pal:/opt/erc_ws/install/launch_pal/lib/python3.10/site-packages:/opt/erc_ws/install/tiago_pro_description/local/lib/python3.10/dist-packages:/opt/erc_ws/install/tiago_pro_head_description/local/lib/python3.10/dist-packages:/opt/erc_ws/build/sensors:/opt/erc_ws/install/sensors/lib/python3.10/site-packages:/opt/erc_ws/install/pal_sea_arm_description/local/lib/python3.10/dist-packages:/opt/erc_ws/install/pal_pro_gripper_description/local/lib/python3.10/dist-packages:/opt/erc_ws/install/omni_base_description/local/lib/python3.10/dist-packages:/opt/erc_ws/build/erc_solution:/opt/erc_ws/install/erc_solution/lib/python3.10/site-packages:/opt/ros/humble/lib/python3.10/site-packages:/opt/ros/humble/local/lib/python3.10/dist-packages /usr/bin/cmake --install /opt/erc_ws/build/pal_pro_gripper
[3.439s] DEBUG:colcon.colcon_core.event_handler.log_command:Invoked command in '/opt/erc_ws/build/pal_pro_gripper_bringup' returned '0': AMENT_PREFIX_PATH=/opt/erc_ws/install/pal_pro_gripper_wrapper:/opt/erc_ws/install/launch_pal:/opt/erc_ws/install/tiago_pro_robot:/opt/erc_ws/install/tiago_pro_head_robot:/opt/erc_ws/install/tiago_pro_bringup:/opt/erc_ws/install/tiago_pro_head_bringup:/opt/erc_ws/install/erc_bringup:/opt/erc_ws/install/tiago_pro_description:/opt/erc_ws/install/tiago_pro_head_description:/opt/erc_ws/install/tiago_pro_controller_configuration:/opt/erc_ws/install/tiago_pro_head_controller_configuration:/opt/erc_ws/install/sensors:/opt/erc_ws/install/pal_sea_arm:/opt/erc_ws/install/pal_sea_arm_bringup:/opt/erc_ws/install/pal_sea_arm_description:/opt/erc_ws/install/pal_pro_gripper_simulation:/opt/erc_ws/install/pal_pro_gripper_bringup:/opt/erc_ws/install/pal_pro_gripper:/opt/erc_ws/install/pal_pro_gripper_description:/opt/erc_ws/install/pal_gripper_simulation:/opt/erc_ws/install/pal_gripper:/opt/erc_ws/install/pal_gripper_description:/opt/erc_ws/install/omni_base_robot:/opt/erc_ws/install/omni_base_bringup:/opt/erc_ws/install/omni_base_description:/opt/erc_ws/install/pal_urdf_utils:/opt/erc_ws/install/pal_sea_arm_controller_configuration:/opt/erc_ws/install/pal_pro_gripper_controller_configuration:/opt/erc_ws/install/pal_gripper_controller_configuration:/opt/erc_ws/install/omni_base_controller_configuration:/opt/erc_ws/install/gz_ros2_control:/opt/erc_ws/install/erc_solution:/opt/erc_ws/install/erc_description:/opt/ros/humble CMAKE_PREFIX_PATH=/opt/erc_ws/install/pal_pro_gripper_description:/opt/erc_ws/install/pal_pro_gripper_controller_configuration:/opt/erc_ws/install/pal_urdf_utils:/opt/erc_ws/install/tiago_pro_robot:/opt/erc_ws/install/tiago_pro_head_robot:/opt/erc_ws/install/tiago_pro_bringup:/opt/erc_ws/install/tiago_pro_head_bringup:/opt/erc_ws/install/erc_bringup:/opt/erc_ws/install/tiago_pro_description:/opt/erc_ws/install/tiago_pro_head_description:/opt/erc_ws/install/tiago_pro_controller_configuration:/opt/erc_ws/install/tiago_pro_head_controller_configuration:/opt/erc_ws/install/pal_sea_arm:/opt/erc_ws/install/pal_sea_arm_bringup:/opt/erc_ws/install/pal_sea_arm_description:/opt/erc_ws/install/pal_pro_gripper_simulation:/opt/erc_ws/install/pal_pro_gripper_bringup:/opt/erc_ws/install/pal_pro_gripper:/opt/erc_ws/install/pal_gripper_simulation:/opt/erc_ws/install/pal_gripper:/opt/erc_ws/install/pal_gripper_description:/opt/erc_ws/install/omni_base_robot:/opt/erc_ws/install/omni_base_bringup:/opt/erc_ws/install/omni_base_description:/opt/erc_ws/install/pal_sea_arm_controller_configuration:/opt/erc_ws/install/pal_gripper_controller_configuration:/opt/erc_ws/install/omni_base_controller_configuration:/opt/erc_ws/install/gz_ros2_control:/opt/erc_ws/install/erc_description:/opt/erc_ws/install/sensors:/opt/erc_ws/install/pal_pro_gripper_wrapper:/opt/erc_ws/install/launch_pal:/opt/erc_ws/install/erc_solution:/opt/ros/humble PYTHONPATH=/opt/erc_ws/build/pal_pro_gripper_wrapper:/opt/erc_ws/install/pal_pro_gripper_wrapper/lib/python3.10/site-packages:/opt/erc_ws/build/launch_pal:/opt/erc_ws/install/launch_pal/lib/python3.10/site-packages:/opt/erc_ws/install/tiago_pro_description/local/lib/python3.10/dist-packages:/opt/erc_ws/install/tiago_pro_head_description/local/lib/python3.10/dist-packages:/opt/erc_ws/build/sensors:/opt/erc_ws/install/sensors/lib/python3.10/site-packages:/opt/erc_ws/install/pal_sea_arm_description/local/lib/python3.10/dist-packages:/opt/erc_ws/install/pal_pro_gripper_description/local/lib/python3.10/dist-packages:/opt/erc_ws/install/omni_base_description/local/lib/python3.10/dist-packages:/opt/erc_ws/build/erc_solution:/opt/erc_ws/install/erc_solution/lib/python3.10/site-packages:/opt/ros/humble/lib/python3.10/site-packages:/opt/ros/humble/local/lib/python3.10/dist-packages /usr/bin/cmake --build /opt/erc_ws/build/pal_pro_gripper_bringup -- -j16 -l16
[3.445s] DEBUG:colcon.colcon_core.event_handler.log_command:Invoking command in '/opt/erc_ws/build/pal_pro_gripper_bringup': AMENT_PREFIX_PATH=/opt/erc_ws/install/pal_pro_gripper_wrapper:/opt/erc_ws/install/launch_pal:/opt/erc_ws/install/tiago_pro_robot:/opt/erc_ws/install/tiago_pro_head_robot:/opt/erc_ws/install/tiago_pro_bringup:/opt/erc_ws/install/tiago_pro_head_bringup:/opt/erc_ws/install/erc_bringup:/opt/erc_ws/install/tiago_pro_description:/opt/erc_ws/install/tiago_pro_head_description:/opt/erc_ws/install/tiago_pro_controller_configuration:/opt/erc_ws/install/tiago_pro_head_controller_configuration:/opt/erc_ws/install/sensors:/opt/erc_ws/install/pal_sea_arm:/opt/erc_ws/install/pal_sea_arm_bringup:/opt/erc_ws/install/pal_sea_arm_description:/opt/erc_ws/install/pal_pro_gripper_simulation:/opt/erc_ws/install/pal_pro_gripper_bringup:/opt/erc_ws/install/pal_pro_gripper:/opt/erc_ws/install/pal_pro_gripper_description:/opt/erc_ws/install/pal_gripper_simulation:/opt/erc_ws/install/pal_gripper:/opt/erc_ws/install/pal_gripper_description:/opt/erc_ws/install/omni_base_robot:/opt/erc_ws/install/omni_base_bringup:/opt/erc_ws/install/omni_base_description:/opt/erc_ws/install/pal_urdf_utils:/opt/erc_ws/install/pal_sea_arm_controller_configuration:/opt/erc_ws/install/pal_pro_gripper_controller_configuration:/opt/erc_ws/install/pal_gripper_controller_configuration:/opt/erc_ws/install/omni_base_controller_configuration:/opt/erc_ws/install/gz_ros2_control:/opt/erc_ws/install/erc_solution:/opt/erc_ws/install/erc_description:/opt/ros/humble CMAKE_PREFIX_PATH=/opt/erc_ws/install/pal_pro_gripper_description:/opt/erc_ws/install/pal_pro_gripper_controller_configuration:/opt/erc_ws/install/pal_urdf_utils:/opt/erc_ws/install/tiago_pro_robot:/opt/erc_ws/install/tiago_pro_head_robot:/opt/erc_ws/install/tiago_pro_bringup:/opt/erc_ws/install/tiago_pro_head_bringup:/opt/erc_ws/install/erc_bringup:/opt/erc_ws/install/tiago_pro_description:/opt/erc_ws/install/tiago_pro_head_description:/opt/erc_ws/install/tiago_pro_controller_configuration:/opt/erc_ws/install/tiago_pro_head_controller_configuration:/opt/erc_ws/install/pal_sea_arm:/opt/erc_ws/install/pal_sea_arm_bringup:/opt/erc_ws/install/pal_sea_arm_description:/opt/erc_ws/install/pal_pro_gripper_simulation:/opt/erc_ws/install/pal_pro_gripper_bringup:/opt/erc_ws/install/pal_pro_gripper:/opt/erc_ws/install/pal_gripper_simulation:/opt/erc_ws/install/pal_gripper:/opt/erc_ws/install/pal_gripper_description:/opt/erc_ws/install/omni_base_robot:/opt/erc_ws/install/omni_base_bringup:/opt/erc_ws/install/omni_base_description:/opt/erc_ws/install/pal_sea_arm_controller_configuration:/opt/erc_ws/install/pal_gripper_controller_configuration:/opt/erc_ws/install/omni_base_controller_configuration:/opt/erc_ws/install/gz_ros2_control:/opt/erc_ws/install/erc_description:/opt/erc_ws/install/sensors:/opt/erc_ws/install/pal_pro_gripper_wrapper:/opt/erc_ws/install/launch_pal:/opt/erc_ws/install/erc_solution:/opt/ros/humble PYTHONPATH=/opt/erc_ws/build/pal_pro_gripper_wrapper:/opt/erc_ws/install/pal_pro_gripper_wrapper/lib/python3.10/site-packages:/opt/erc_ws/build/launch_pal:/opt/erc_ws/install/launch_pal/lib/python3.10/site-packages:/opt/erc_ws/install/tiago_pro_description/local/lib/python3.10/dist-packages:/opt/erc_ws/install/tiago_pro_head_description/local/lib/python3.10/dist-packages:/opt/erc_ws/build/sensors:/opt/erc_ws/install/sensors/lib/python3.10/site-packages:/opt/erc_ws/install/pal_sea_arm_description/local/lib/python3.10/dist-packages:/opt/erc_ws/install/pal_pro_gripper_description/local/lib/python3.10/dist-packages:/opt/erc_ws/install/omni_base_description/local/lib/python3.10/dist-packages:/opt/erc_ws/build/erc_solution:/opt/erc_ws/install/erc_solution/lib/python3.10/site-packages:/opt/ros/humble/lib/python3.10/site-packages:/opt/ros/humble/local/lib/python3.10/dist-packages /usr/bin/cmake --install /opt/erc_ws/build/pal_pro_gripper_bringup
[3.447s] DEBUG:colcon.colcon_core.event_handler.log_command:Invoked command in '/opt/erc_ws/build/pal_pro_gripper_simulation' returned '0': AMENT_PREFIX_PATH=/opt/erc_ws/install/pal_pro_gripper_wrapper:/opt/erc_ws/install/launch_pal:/opt/erc_ws/install/tiago_pro_robot:/opt/erc_ws/install/tiago_pro_head_robot:/opt/erc_ws/install/tiago_pro_bringup:/opt/erc_ws/install/tiago_pro_head_bringup:/opt/erc_ws/install/erc_bringup:/opt/erc_ws/install/tiago_pro_description:/opt/erc_ws/install/tiago_pro_head_description:/opt/erc_ws/install/tiago_pro_controller_configuration:/opt/erc_ws/install/tiago_pro_head_controller_configuration:/opt/erc_ws/install/sensors:/opt/erc_ws/install/pal_sea_arm:/opt/erc_ws/install/pal_sea_arm_bringup:/opt/erc_ws/install/pal_sea_arm_description:/opt/erc_ws/install/pal_pro_gripper_simulation:/opt/erc_ws/install/pal_pro_gripper_bringup:/opt/erc_ws/install/pal_pro_gripper:/opt/erc_ws/install/pal_pro_gripper_description:/opt/erc_ws/install/pal_gripper_simulation:/opt/erc_ws/install/pal_gripper:/opt/erc_ws/install/pal_gripper_description:/opt/erc_ws/install/omni_base_robot:/opt/erc_ws/install/omni_base_bringup:/opt/erc_ws/install/omni_base_description:/opt/erc_ws/install/pal_urdf_utils:/opt/erc_ws/install/pal_sea_arm_controller_configuration:/opt/erc_ws/install/pal_pro_gripper_controller_configuration:/opt/erc_ws/install/pal_gripper_controller_configuration:/opt/erc_ws/install/omni_base_controller_configuration:/opt/erc_ws/install/gz_ros2_control:/opt/erc_ws/install/erc_solution:/opt/erc_ws/install/erc_description:/opt/ros/humble CMAKE_PREFIX_PATH=/opt/erc_ws/install/pal_pro_gripper_description:/opt/erc_ws/install/pal_pro_gripper_controller_configuration:/opt/erc_ws/install/pal_urdf_utils:/opt/erc_ws/install/tiago_pro_robot:/opt/erc_ws/install/tiago_pro_head_robot:/opt/erc_ws/install/tiago_pro_bringup:/opt/erc_ws/install/tiago_pro_head_bringup:/opt/erc_ws/install/erc_bringup:/opt/erc_ws/install/tiago_pro_description:/opt/erc_ws/install/tiago_pro_head_description:/opt/erc_ws/install/tiago_pro_controller_configuration:/opt/erc_ws/install/tiago_pro_head_controller_configuration:/opt/erc_ws/install/pal_sea_arm:/opt/erc_ws/install/pal_sea_arm_bringup:/opt/erc_ws/install/pal_sea_arm_description:/opt/erc_ws/install/pal_pro_gripper_simulation:/opt/erc_ws/install/pal_pro_gripper_bringup:/opt/erc_ws/install/pal_pro_gripper:/opt/erc_ws/install/pal_gripper_simulation:/opt/erc_ws/install/pal_gripper:/opt/erc_ws/install/pal_gripper_description:/opt/erc_ws/install/omni_base_robot:/opt/erc_ws/install/omni_base_bringup:/opt/erc_ws/install/omni_base_description:/opt/erc_ws/install/pal_sea_arm_controller_configuration:/opt/erc_ws/install/pal_gripper_controller_configuration:/opt/erc_ws/install/omni_base_controller_configuration:/opt/erc_ws/install/gz_ros2_control:/opt/erc_ws/install/erc_description:/opt/erc_ws/install/sensors:/opt/erc_ws/install/pal_pro_gripper_wrapper:/opt/erc_ws/install/launch_pal:/opt/erc_ws/install/erc_solution:/opt/ros/humble PYTHONPATH=/opt/erc_ws/build/pal_pro_gripper_wrapper:/opt/erc_ws/install/pal_pro_gripper_wrapper/lib/python3.10/site-packages:/opt/erc_ws/build/launch_pal:/opt/erc_ws/install/launch_pal/lib/python3.10/site-packages:/opt/erc_ws/install/tiago_pro_description/local/lib/python3.10/dist-packages:/opt/erc_ws/install/tiago_pro_head_description/local/lib/python3.10/dist-packages:/opt/erc_ws/build/sensors:/opt/erc_ws/install/sensors/lib/python3.10/site-packages:/opt/erc_ws/install/pal_sea_arm_description/local/lib/python3.10/dist-packages:/opt/erc_ws/install/pal_pro_gripper_description/local/lib/python3.10/dist-packages:/opt/erc_ws/install/omni_base_description/local/lib/python3.10/dist-packages:/opt/erc_ws/build/erc_solution:/opt/erc_ws/install/erc_solution/lib/python3.10/site-packages:/opt/ros/humble/lib/python3.10/site-packages:/opt/ros/humble/local/lib/python3.10/dist-packages /usr/bin/cmake --build /opt/erc_ws/build/pal_pro_gripper_simulation -- -j16 -l16
[3.454s] DEBUG:colcon.colcon_core.event_handler.log_command:Invoking command in '/opt/erc_ws/build/pal_pro_gripper_simulation': AMENT_PREFIX_PATH=/opt/erc_ws/install/pal_pro_gripper_wrapper:/opt/erc_ws/install/launch_pal:/opt/erc_ws/install/tiago_pro_robot:/opt/erc_ws/install/tiago_pro_head_robot:/opt/erc_ws/install/tiago_pro_bringup:/opt/erc_ws/install/tiago_pro_head_bringup:/opt/erc_ws/install/erc_bringup:/opt/erc_ws/install/tiago_pro_description:/opt/erc_ws/install/tiago_pro_head_description:/opt/erc_ws/install/tiago_pro_controller_configuration:/opt/erc_ws/install/tiago_pro_head_controller_configuration:/opt/erc_ws/install/sensors:/opt/erc_ws/install/pal_sea_arm:/opt/erc_ws/install/pal_sea_arm_bringup:/opt/erc_ws/install/pal_sea_arm_description:/opt/erc_ws/install/pal_pro_gripper_simulation:/opt/erc_ws/install/pal_pro_gripper_bringup:/opt/erc_ws/install/pal_pro_gripper:/opt/erc_ws/install/pal_pro_gripper_description:/opt/erc_ws/install/pal_gripper_simulation:/opt/erc_ws/install/pal_gripper:/opt/erc_ws/install/pal_gripper_description:/opt/erc_ws/install/omni_base_robot:/opt/erc_ws/install/omni_base_bringup:/opt/erc_ws/install/omni_base_description:/opt/erc_ws/install/pal_urdf_utils:/opt/erc_ws/install/pal_sea_arm_controller_configuration:/opt/erc_ws/install/pal_pro_gripper_controller_configuration:/opt/erc_ws/install/pal_gripper_controller_configuration:/opt/erc_ws/install/omni_base_controller_configuration:/opt/erc_ws/install/gz_ros2_control:/opt/erc_ws/install/erc_solution:/opt/erc_ws/install/erc_description:/opt/ros/humble CMAKE_PREFIX_PATH=/opt/erc_ws/install/pal_pro_gripper_description:/opt/erc_ws/install/pal_pro_gripper_controller_configuration:/opt/erc_ws/install/pal_urdf_utils:/opt/erc_ws/install/tiago_pro_robot:/opt/erc_ws/install/tiago_pro_head_robot:/opt/erc_ws/install/tiago_pro_bringup:/opt/erc_ws/install/tiago_pro_head_bringup:/opt/erc_ws/install/erc_bringup:/opt/erc_ws/install/tiago_pro_description:/opt/erc_ws/install/tiago_pro_head_description:/opt/erc_ws/install/tiago_pro_controller_configuration:/opt/erc_ws/install/tiago_pro_head_controller_configuration:/opt/erc_ws/install/pal_sea_arm:/opt/erc_ws/install/pal_sea_arm_bringup:/opt/erc_ws/install/pal_sea_arm_description:/opt/erc_ws/install/pal_pro_gripper_simulation:/opt/erc_ws/install/pal_pro_gripper_bringup:/opt/erc_ws/install/pal_pro_gripper:/opt/erc_ws/install/pal_gripper_simulation:/opt/erc_ws/install/pal_gripper:/opt/erc_ws/install/pal_gripper_description:/opt/erc_ws/install/omni_base_robot:/opt/erc_ws/install/omni_base_bringup:/opt/erc_ws/install/omni_base_description:/opt/erc_ws/install/pal_sea_arm_controller_configuration:/opt/erc_ws/install/pal_gripper_controller_configuration:/opt/erc_ws/install/omni_base_controller_configuration:/opt/erc_ws/install/gz_ros2_control:/opt/erc_ws/install/erc_description:/opt/erc_ws/install/sensors:/opt/erc_ws/install/pal_pro_gripper_wrapper:/opt/erc_ws/install/launch_pal:/opt/erc_ws/install/erc_solution:/opt/ros/humble PYTHONPATH=/opt/erc_ws/build/pal_pro_gripper_wrapper:/opt/erc_ws/install/pal_pro_gripper_wrapper/lib/python3.10/site-packages:/opt/erc_ws/build/launch_pal:/opt/erc_ws/install/launch_pal/lib/python3.10/site-packages:/opt/erc_ws/install/tiago_pro_description/local/lib/python3.10/dist-packages:/opt/erc_ws/install/tiago_pro_head_description/local/lib/python3.10/dist-packages:/opt/erc_ws/build/sensors:/opt/erc_ws/install/sensors/lib/python3.10/site-packages:/opt/erc_ws/install/pal_sea_arm_description/local/lib/python3.10/dist-packages:/opt/erc_ws/install/pal_pro_gripper_description/local/lib/python3.10/dist-packages:/opt/erc_ws/install/omni_base_description/local/lib/python3.10/dist-packages:/opt/erc_ws/build/erc_solution:/opt/erc_ws/install/erc_solution/lib/python3.10/site-packages:/opt/ros/humble/lib/python3.10/site-packages:/opt/ros/humble/local/lib/python3.10/dist-packages /usr/bin/cmake --install /opt/erc_ws/build/pal_pro_gripper_simulation
[3.466s] Level 1:colcon.colcon_core.environment:create_environment_scripts_only(pal_sea_arm_controller_configuration)
[3.466s] Level 1:colcon.colcon_core.environment:checking '/opt/erc_ws/install/pal_sea_arm_controller_configuration' for CMake module files
[3.468s] Level 1:colcon.colcon_core.environment:checking '/opt/erc_ws/install/pal_sea_arm_controller_configuration' for CMake config files
[3.468s] Level 1:colcon.colcon_core.shell:create_environment_hook('pal_sea_arm_controller_configuration', 'cmake_prefix_path')
[3.469s] INFO:colcon.colcon_core.shell:Creating environment hook '/opt/erc_ws/install/pal_sea_arm_controller_configuration/share/pal_sea_arm_controller_configuration/hook/cmake_prefix_path.ps1'
[3.470s] INFO:colcon.colcon_core.shell:Creating environment descriptor '/opt/erc_ws/install/pal_sea_arm_controller_configuration/share/pal_sea_arm_controller_configuration/hook/cmake_prefix_path.dsv'
[3.471s] DEBUG:colcon.colcon_core.event_handler.log_command:Invoked command in '/opt/erc_ws/build/pal_sea_arm_controller_configuration' returned '0': AMENT_PREFIX_PATH=/opt/erc_ws/install/pal_pro_gripper_wrapper:/opt/erc_ws/install/launch_pal:/opt/erc_ws/install/tiago_pro_robot:/opt/erc_ws/install/tiago_pro_head_robot:/opt/erc_ws/install/tiago_pro_bringup:/opt/erc_ws/install/tiago_pro_head_bringup:/opt/erc_ws/install/erc_bringup:/opt/erc_ws/install/tiago_pro_description:/opt/erc_ws/install/tiago_pro_head_description:/opt/erc_ws/install/tiago_pro_controller_configuration:/opt/erc_ws/install/tiago_pro_head_controller_configuration:/opt/erc_ws/install/sensors:/opt/erc_ws/install/pal_sea_arm:/opt/erc_ws/install/pal_sea_arm_bringup:/opt/erc_ws/install/pal_sea_arm_description:/opt/erc_ws/install/pal_pro_gripper_simulation:/opt/erc_ws/install/pal_pro_gripper_bringup:/opt/erc_ws/install/pal_pro_gripper:/opt/erc_ws/install/pal_pro_gripper_description:/opt/erc_ws/install/pal_gripper_simulation:/opt/erc_ws/install/pal_gripper:/opt/erc_ws/install/pal_gripper_description:/opt/erc_ws/install/omni_base_robot:/opt/erc_ws/install/omni_base_bringup:/opt/erc_ws/install/omni_base_description:/opt/erc_ws/install/pal_urdf_utils:/opt/erc_ws/install/pal_sea_arm_controller_configuration:/opt/erc_ws/install/pal_pro_gripper_controller_configuration:/opt/erc_ws/install/pal_gripper_controller_configuration:/opt/erc_ws/install/omni_base_controller_configuration:/opt/erc_ws/install/gz_ros2_control:/opt/erc_ws/install/erc_solution:/opt/erc_ws/install/erc_description:/opt/ros/humble CMAKE_PREFIX_PATH=/opt/erc_ws/install/pal_pro_gripper_controller_configuration:/opt/erc_ws/install/tiago_pro_robot:/opt/erc_ws/install/tiago_pro_head_robot:/opt/erc_ws/install/tiago_pro_bringup:/opt/erc_ws/install/tiago_pro_head_bringup:/opt/erc_ws/install/erc_bringup:/opt/erc_ws/install/tiago_pro_description:/opt/erc_ws/install/tiago_pro_head_description:/opt/erc_ws/install/tiago_pro_controller_configuration:/opt/erc_ws/install/tiago_pro_head_controller_configuration:/opt/erc_ws/install/pal_sea_arm:/opt/erc_ws/install/pal_sea_arm_bringup:/opt/erc_ws/install/pal_sea_arm_description:/opt/erc_ws/install/pal_pro_gripper_simulation:/opt/erc_ws/install/pal_pro_gripper_bringup:/opt/erc_ws/install/pal_pro_gripper:/opt/erc_ws/install/pal_pro_gripper_description:/opt/erc_ws/install/pal_gripper_simulation:/opt/erc_ws/install/pal_gripper:/opt/erc_ws/install/pal_gripper_description:/opt/erc_ws/install/omni_base_robot:/opt/erc_ws/install/omni_base_bringup:/opt/erc_ws/install/omni_base_description:/opt/erc_ws/install/pal_urdf_utils:/opt/erc_ws/install/pal_sea_arm_controller_configuration:/opt/erc_ws/install/pal_gripper_controller_configuration:/opt/erc_ws/install/omni_base_controller_configuration:/opt/erc_ws/install/gz_ros2_control:/opt/erc_ws/install/erc_description:/opt/erc_ws/install/sensors:/opt/erc_ws/install/pal_pro_gripper_wrapper:/opt/erc_ws/install/launch_pal:/opt/erc_ws/install/erc_solution:/opt/ros/humble PYTHONPATH=/opt/erc_ws/build/pal_pro_gripper_wrapper:/opt/erc_ws/install/pal_pro_gripper_wrapper/lib/python3.10/site-packages:/opt/erc_ws/build/launch_pal:/opt/erc_ws/install/launch_pal/lib/python3.10/site-packages:/opt/erc_ws/install/tiago_pro_description/local/lib/python3.10/dist-packages:/opt/erc_ws/install/tiago_pro_head_description/local/lib/python3.10/dist-packages:/opt/erc_ws/build/sensors:/opt/erc_ws/install/sensors/lib/python3.10/site-packages:/opt/erc_ws/install/pal_sea_arm_description/local/lib/python3.10/dist-packages:/opt/erc_ws/install/pal_pro_gripper_description/local/lib/python3.10/dist-packages:/opt/erc_ws/install/omni_base_description/local/lib/python3.10/dist-packages:/opt/erc_ws/build/erc_solution:/opt/erc_ws/install/erc_solution/lib/python3.10/site-packages:/opt/ros/humble/lib/python3.10/site-packages:/opt/ros/humble/local/lib/python3.10/dist-packages /usr/bin/cmake --install /opt/erc_ws/build/pal_sea_arm_controller_configuration
[3.471s] INFO:colcon.colcon_core.shell:Creating environment hook '/opt/erc_ws/install/pal_sea_arm_controller_configuration/share/pal_sea_arm_controller_configuration/hook/cmake_prefix_path.sh'
[3.474s] Level 1:colcon.colcon_core.environment:checking '/opt/erc_ws/install/pal_sea_arm_controller_configuration/bin'
[3.474s] Level 1:colcon.colcon_core.environment:checking '/opt/erc_ws/install/pal_sea_arm_controller_configuration/lib/pkgconfig/pal_sea_arm_controller_configuration.pc'
[3.475s] Level 1:colcon.colcon_core.environment:checking '/opt/erc_ws/install/pal_sea_arm_controller_configuration/lib/python3.10/site-packages'
[3.475s] Level 1:colcon.colcon_core.environment:checking '/opt/erc_ws/install/pal_sea_arm_controller_configuration/bin'
[3.475s] INFO:colcon.colcon_core.shell:Creating package script '/opt/erc_ws/install/pal_sea_arm_controller_configuration/share/pal_sea_arm_controller_configuration/package.ps1'
[3.476s] INFO:colcon.colcon_core.shell:Creating package descriptor '/opt/erc_ws/install/pal_sea_arm_controller_configuration/share/pal_sea_arm_controller_configuration/package.dsv'
[3.477s] INFO:colcon.colcon_core.shell:Creating package script '/opt/erc_ws/install/pal_sea_arm_controller_configuration/share/pal_sea_arm_controller_configuration/package.sh'
[3.478s] INFO:colcon.colcon_core.shell:Creating package script '/opt/erc_ws/install/pal_sea_arm_controller_configuration/share/pal_sea_arm_controller_configuration/package.bash'
[3.479s] INFO:colcon.colcon_core.shell:Creating package script '/opt/erc_ws/install/pal_sea_arm_controller_configuration/share/pal_sea_arm_controller_configuration/package.zsh'
[3.481s] Level 1:colcon.colcon_core.environment:create_file_with_runtime_dependencies(/opt/erc_ws/install/pal_sea_arm_controller_configuration/share/colcon-core/packages/pal_sea_arm_controller_configuration)
[3.482s] Level 1:colcon.colcon_core.environment:create_environment_scripts_only(pal_sea_arm_controller_configuration)
[3.482s] Level 1:colcon.colcon_core.environment:checking '/opt/erc_ws/install/pal_sea_arm_controller_configuration' for CMake module files
[3.483s] Level 1:colcon.colcon_core.environment:checking '/opt/erc_ws/install/pal_sea_arm_controller_configuration' for CMake config files
[3.483s] Level 1:colcon.colcon_core.shell:create_environment_hook('pal_sea_arm_controller_configuration', 'cmake_prefix_path')
[3.484s] INFO:colcon.colcon_core.shell:Creating environment hook '/opt/erc_ws/install/pal_sea_arm_controller_configuration/share/pal_sea_arm_controller_configuration/hook/cmake_prefix_path.ps1'
[3.485s] INFO:colcon.colcon_core.shell:Creating environment descriptor '/opt/erc_ws/install/pal_sea_arm_controller_configuration/share/pal_sea_arm_controller_configuration/hook/cmake_prefix_path.dsv'
[3.486s] INFO:colcon.colcon_core.shell:Creating environment hook '/opt/erc_ws/install/pal_sea_arm_controller_configuration/share/pal_sea_arm_controller_configuration/hook/cmake_prefix_path.sh'
[3.487s] Level 1:colcon.colcon_core.environment:checking '/opt/erc_ws/install/pal_sea_arm_controller_configuration/bin'
[3.488s] Level 1:colcon.colcon_core.environment:checking '/opt/erc_ws/install/pal_sea_arm_controller_configuration/lib/pkgconfig/pal_sea_arm_controller_configuration.pc'
[3.488s] Level 1:colcon.colcon_core.environment:checking '/opt/erc_ws/install/pal_sea_arm_controller_configuration/lib/python3.10/site-packages'
[3.488s] Level 1:colcon.colcon_core.environment:checking '/opt/erc_ws/install/pal_sea_arm_controller_configuration/bin'
[3.489s] INFO:colcon.colcon_core.shell:Creating package script '/opt/erc_ws/install/pal_sea_arm_controller_configuration/share/pal_sea_arm_controller_configuration/package.ps1'
[3.489s] INFO:colcon.colcon_core.shell:Creating package descriptor '/opt/erc_ws/install/pal_sea_arm_controller_configuration/share/pal_sea_arm_controller_configuration/package.dsv'
[3.490s] INFO:colcon.colcon_core.shell:Creating package script '/opt/erc_ws/install/pal_sea_arm_controller_configuration/share/pal_sea_arm_controller_configuration/package.sh'
[3.491s] INFO:colcon.colcon_core.shell:Creating package script '/opt/erc_ws/install/pal_sea_arm_controller_configuration/share/pal_sea_arm_controller_configuration/package.bash'
[3.491s] INFO:colcon.colcon_core.shell:Creating package script '/opt/erc_ws/install/pal_sea_arm_controller_configuration/share/pal_sea_arm_controller_configuration/package.zsh'
[3.492s] Level 1:colcon.colcon_core.environment:create_file_with_runtime_dependencies(/opt/erc_ws/install/pal_sea_arm_controller_configuration/share/colcon-core/packages/pal_sea_arm_controller_configuration)
[3.494s] INFO:colcon.colcon_ros.task.ament_cmake.build:Building ROS package in '/opt/erc_ws/src/pal_sea_arm/pal_sea_arm_description' with build type 'ament_cmake'
[3.494s] INFO:colcon.colcon_cmake.task.cmake.build:Building CMake package in '/opt/erc_ws/src/pal_sea_arm/pal_sea_arm_description'
[3.494s] INFO:colcon.colcon_core.shell:Skip shell extension 'powershell' for command environment: Not usable outside of PowerShell
[3.494s] DEBUG:colcon.colcon_core.shell:Skip shell extension 'dsv' for command environment
[3.503s] INFO:colcon.colcon_ros.task.ament_cmake.build:Building ROS package in '/opt/erc_ws/src/tiago_pro_robot/tiago_pro_controller_configuration' with build type 'ament_cmake'
[3.504s] INFO:colcon.colcon_cmake.task.cmake.build:Building CMake package in '/opt/erc_ws/src/tiago_pro_robot/tiago_pro_controller_configuration'
[3.504s] INFO:colcon.colcon_core.shell:Skip shell extension 'powershell' for command environment: Not usable outside of PowerShell
[3.504s] DEBUG:colcon.colcon_core.shell:Skip shell extension 'dsv' for command environment
[3.515s] Level 1:colcon.colcon_core.environment:create_environment_scripts_only(pal_pro_gripper_bringup)
[3.516s] DEBUG:colcon.colcon_core.event_handler.log_command:Invoked command in '/opt/erc_ws/build/pal_pro_gripper_bringup' returned '0': AMENT_PREFIX_PATH=/opt/erc_ws/install/pal_pro_gripper_wrapper:/opt/erc_ws/install/launch_pal:/opt/erc_ws/install/tiago_pro_robot:/opt/erc_ws/install/tiago_pro_head_robot:/opt/erc_ws/install/tiago_pro_bringup:/opt/erc_ws/install/tiago_pro_head_bringup:/opt/erc_ws/install/erc_bringup:/opt/erc_ws/install/tiago_pro_description:/opt/erc_ws/install/tiago_pro_head_description:/opt/erc_ws/install/tiago_pro_controller_configuration:/opt/erc_ws/install/tiago_pro_head_controller_configuration:/opt/erc_ws/install/sensors:/opt/erc_ws/install/pal_sea_arm:/opt/erc_ws/install/pal_sea_arm_bringup:/opt/erc_ws/install/pal_sea_arm_description:/opt/erc_ws/install/pal_pro_gripper_simulation:/opt/erc_ws/install/pal_pro_gripper_bringup:/opt/erc_ws/install/pal_pro_gripper:/opt/erc_ws/install/pal_pro_gripper_description:/opt/erc_ws/install/pal_gripper_simulation:/opt/erc_ws/install/pal_gripper:/opt/erc_ws/install/pal_gripper_description:/opt/erc_ws/install/omni_base_robot:/opt/erc_ws/install/omni_base_bringup:/opt/erc_ws/install/omni_base_description:/opt/erc_ws/install/pal_urdf_utils:/opt/erc_ws/install/pal_sea_arm_controller_configuration:/opt/erc_ws/install/pal_pro_gripper_controller_configuration:/opt/erc_ws/install/pal_gripper_controller_configuration:/opt/erc_ws/install/omni_base_controller_configuration:/opt/erc_ws/install/gz_ros2_control:/opt/erc_ws/install/erc_solution:/opt/erc_ws/install/erc_description:/opt/ros/humble CMAKE_PREFIX_PATH=/opt/erc_ws/install/pal_pro_gripper_description:/opt/erc_ws/install/pal_pro_gripper_controller_configuration:/opt/erc_ws/install/pal_urdf_utils:/opt/erc_ws/install/tiago_pro_robot:/opt/erc_ws/install/tiago_pro_head_robot:/opt/erc_ws/install/tiago_pro_bringup:/opt/erc_ws/install/tiago_pro_head_bringup:/opt/erc_ws/install/erc_bringup:/opt/erc_ws/install/tiago_pro_description:/opt/erc_ws/install/tiago_pro_head_description:/opt/erc_ws/install/tiago_pro_controller_configuration:/opt/erc_ws/install/tiago_pro_head_controller_configuration:/opt/erc_ws/install/pal_sea_arm:/opt/erc_ws/install/pal_sea_arm_bringup:/opt/erc_ws/install/pal_sea_arm_description:/opt/erc_ws/install/pal_pro_gripper_simulation:/opt/erc_ws/install/pal_pro_gripper_bringup:/opt/erc_ws/install/pal_pro_gripper:/opt/erc_ws/install/pal_gripper_simulation:/opt/erc_ws/install/pal_gripper:/opt/erc_ws/install/pal_gripper_description:/opt/erc_ws/install/omni_base_robot:/opt/erc_ws/install/omni_base_bringup:/opt/erc_ws/install/omni_base_description:/opt/erc_ws/install/pal_sea_arm_controller_configuration:/opt/erc_ws/install/pal_gripper_controller_configuration:/opt/erc_ws/install/omni_base_controller_configuration:/opt/erc_ws/install/gz_ros2_control:/opt/erc_ws/install/erc_description:/opt/erc_ws/install/sensors:/opt/erc_ws/install/pal_pro_gripper_wrapper:/opt/erc_ws/install/launch_pal:/opt/erc_ws/install/erc_solution:/opt/ros/humble PYTHONPATH=/opt/erc_ws/build/pal_pro_gripper_wrapper:/opt/erc_ws/install/pal_pro_gripper_wrapper/lib/python3.10/site-packages:/opt/erc_ws/build/launch_pal:/opt/erc_ws/install/launch_pal/lib/python3.10/site-packages:/opt/erc_ws/install/tiago_pro_description/local/lib/python3.10/dist-packages:/opt/erc_ws/install/tiago_pro_head_description/local/lib/python3.10/dist-packages:/opt/erc_ws/build/sensors:/opt/erc_ws/install/sensors/lib/python3.10/site-packages:/opt/erc_ws/install/pal_sea_arm_description/local/lib/python3.10/dist-packages:/opt/erc_ws/install/pal_pro_gripper_description/local/lib/python3.10/dist-packages:/opt/erc_ws/install/omni_base_description/local/lib/python3.10/dist-packages:/opt/erc_ws/build/erc_solution:/opt/erc_ws/install/erc_solution/lib/python3.10/site-packages:/opt/ros/humble/lib/python3.10/site-packages:/opt/ros/humble/local/lib/python3.10/dist-packages /usr/bin/cmake --install /opt/erc_ws/build/pal_pro_gripper_bringup
[3.516s] Level 1:colcon.colcon_core.environment:checking '/opt/erc_ws/install/pal_pro_gripper_bringup' for CMake module files
[3.517s] Level 1:colcon.colcon_core.environment:checking '/opt/erc_ws/install/pal_pro_gripper_bringup' for CMake config files
[3.517s] Level 1:colcon.colcon_core.shell:create_environment_hook('pal_pro_gripper_bringup', 'cmake_prefix_path')
[3.518s] INFO:colcon.colcon_core.shell:Creating environment hook '/opt/erc_ws/install/pal_pro_gripper_bringup/share/pal_pro_gripper_bringup/hook/cmake_prefix_path.ps1'
[3.519s] INFO:colcon.colcon_core.shell:Creating environment descriptor '/opt/erc_ws/install/pal_pro_gripper_bringup/share/pal_pro_gripper_bringup/hook/cmake_prefix_path.dsv'
[3.519s] INFO:colcon.colcon_core.shell:Creating environment hook '/opt/erc_ws/install/pal_pro_gripper_bringup/share/pal_pro_gripper_bringup/hook/cmake_prefix_path.sh'
[3.519s] Level 1:colcon.colcon_core.environment:checking '/opt/erc_ws/install/pal_pro_gripper_bringup/bin'
[3.520s] Level 1:colcon.colcon_core.environment:checking '/opt/erc_ws/install/pal_pro_gripper_bringup/lib/pkgconfig/pal_pro_gripper_bringup.pc'
[3.520s] Level 1:colcon.colcon_core.environment:checking '/opt/erc_ws/install/pal_pro_gripper_bringup/lib/python3.10/site-packages'
[3.520s] Level 1:colcon.colcon_core.environment:checking '/opt/erc_ws/install/pal_pro_gripper_bringup/bin'
[3.521s] INFO:colcon.colcon_core.shell:Creating package script '/opt/erc_ws/install/pal_pro_gripper_bringup/share/pal_pro_gripper_bringup/package.ps1'
[3.522s] INFO:colcon.colcon_core.shell:Creating package descriptor '/opt/erc_ws/install/pal_pro_gripper_bringup/share/pal_pro_gripper_bringup/package.dsv'
[3.522s] INFO:colcon.colcon_core.shell:Creating package script '/opt/erc_ws/install/pal_pro_gripper_bringup/share/pal_pro_gripper_bringup/package.sh'
[3.523s] INFO:colcon.colcon_core.shell:Creating package script '/opt/erc_ws/install/pal_pro_gripper_bringup/share/pal_pro_gripper_bringup/package.bash'
[3.524s] INFO:colcon.colcon_core.shell:Creating package script '/opt/erc_ws/install/pal_pro_gripper_bringup/share/pal_pro_gripper_bringup/package.zsh'
[3.524s] Level 1:colcon.colcon_core.environment:create_file_with_runtime_dependencies(/opt/erc_ws/install/pal_pro_gripper_bringup/share/colcon-core/packages/pal_pro_gripper_bringup)
[3.525s] Level 1:colcon.colcon_core.environment:create_environment_scripts_only(pal_pro_gripper_bringup)
[3.525s] Level 1:colcon.colcon_core.environment:checking '/opt/erc_ws/install/pal_pro_gripper_bringup' for CMake module files
[3.525s] Level 1:colcon.colcon_core.environment:checking '/opt/erc_ws/install/pal_pro_gripper_bringup' for CMake config files
[3.526s] Level 1:colcon.colcon_core.shell:create_environment_hook('pal_pro_gripper_bringup', 'cmake_prefix_path')
[3.526s] INFO:colcon.colcon_core.shell:Creating environment hook '/opt/erc_ws/install/pal_pro_gripper_bringup/share/pal_pro_gripper_bringup/hook/cmake_prefix_path.ps1'
[3.526s] INFO:colcon.colcon_core.shell:Creating environment descriptor '/opt/erc_ws/install/pal_pro_gripper_bringup/share/pal_pro_gripper_bringup/hook/cmake_prefix_path.dsv'
[3.527s] INFO:colcon.colcon_core.shell:Creating environment hook '/opt/erc_ws/install/pal_pro_gripper_bringup/share/pal_pro_gripper_bringup/hook/cmake_prefix_path.sh'
[3.527s] Level 1:colcon.colcon_core.environment:checking '/opt/erc_ws/install/pal_pro_gripper_bringup/bin'
[3.527s] Level 1:colcon.colcon_core.environment:checking '/opt/erc_ws/install/pal_pro_gripper_bringup/lib/pkgconfig/pal_pro_gripper_bringup.pc'
[3.527s] Level 1:colcon.colcon_core.environment:checking '/opt/erc_ws/install/pal_pro_gripper_bringup/lib/python3.10/site-packages'
[3.528s] Level 1:colcon.colcon_core.environment:checking '/opt/erc_ws/install/pal_pro_gripper_bringup/bin'
[3.528s] INFO:colcon.colcon_core.shell:Creating package script '/opt/erc_ws/install/pal_pro_gripper_bringup/share/pal_pro_gripper_bringup/package.ps1'
[3.530s] INFO:colcon.colcon_core.shell:Creating package descriptor '/opt/erc_ws/install/pal_pro_gripper_bringup/share/pal_pro_gripper_bringup/package.dsv'
[3.531s] INFO:colcon.colcon_core.shell:Creating package script '/opt/erc_ws/install/pal_pro_gripper_bringup/share/pal_pro_gripper_bringup/package.sh'
[3.531s] INFO:colcon.colcon_core.shell:Creating package script '/opt/erc_ws/install/pal_pro_gripper_bringup/share/pal_pro_gripper_bringup/package.bash'
[3.531s] INFO:colcon.colcon_core.shell:Creating package script '/opt/erc_ws/install/pal_pro_gripper_bringup/share/pal_pro_gripper_bringup/package.zsh'
[3.532s] Level 1:colcon.colcon_core.environment:create_file_with_runtime_dependencies(/opt/erc_ws/install/pal_pro_gripper_bringup/share/colcon-core/packages/pal_pro_gripper_bringup)
[3.532s] Level 1:colcon.colcon_core.environment:create_environment_scripts_only(pal_pro_gripper)
[3.532s] Level 1:colcon.colcon_core.environment:checking '/opt/erc_ws/install/pal_pro_gripper' for CMake module files
[3.534s] DEBUG:colcon.colcon_core.event_handler.log_command:Invoked command in '/opt/erc_ws/build/pal_pro_gripper' returned '0': AMENT_PREFIX_PATH=/opt/erc_ws/install/pal_pro_gripper_wrapper:/opt/erc_ws/install/launch_pal:/opt/erc_ws/install/tiago_pro_robot:/opt/erc_ws/install/tiago_pro_head_robot:/opt/erc_ws/install/tiago_pro_bringup:/opt/erc_ws/install/tiago_pro_head_bringup:/opt/erc_ws/install/erc_bringup:/opt/erc_ws/install/tiago_pro_description:/opt/erc_ws/install/tiago_pro_head_description:/opt/erc_ws/install/tiago_pro_controller_configuration:/opt/erc_ws/install/tiago_pro_head_controller_configuration:/opt/erc_ws/install/sensors:/opt/erc_ws/install/pal_sea_arm:/opt/erc_ws/install/pal_sea_arm_bringup:/opt/erc_ws/install/pal_sea_arm_description:/opt/erc_ws/install/pal_pro_gripper_simulation:/opt/erc_ws/install/pal_pro_gripper_bringup:/opt/erc_ws/install/pal_pro_gripper:/opt/erc_ws/install/pal_pro_gripper_description:/opt/erc_ws/install/pal_gripper_simulation:/opt/erc_ws/install/pal_gripper:/opt/erc_ws/install/pal_gripper_description:/opt/erc_ws/install/omni_base_robot:/opt/erc_ws/install/omni_base_bringup:/opt/erc_ws/install/omni_base_description:/opt/erc_ws/install/pal_urdf_utils:/opt/erc_ws/install/pal_sea_arm_controller_configuration:/opt/erc_ws/install/pal_pro_gripper_controller_configuration:/opt/erc_ws/install/pal_gripper_controller_configuration:/opt/erc_ws/install/omni_base_controller_configuration:/opt/erc_ws/install/gz_ros2_control:/opt/erc_ws/install/erc_solution:/opt/erc_ws/install/erc_description:/opt/ros/humble CMAKE_PREFIX_PATH=/opt/erc_ws/install/pal_pro_gripper_description:/opt/erc_ws/install/pal_pro_gripper_controller_configuration:/opt/erc_ws/install/pal_urdf_utils:/opt/erc_ws/install/tiago_pro_robot:/opt/erc_ws/install/tiago_pro_head_robot:/opt/erc_ws/install/tiago_pro_bringup:/opt/erc_ws/install/tiago_pro_head_bringup:/opt/erc_ws/install/erc_bringup:/opt/erc_ws/install/tiago_pro_description:/opt/erc_ws/install/tiago_pro_head_description:/opt/erc_ws/install/tiago_pro_controller_configuration:/opt/erc_ws/install/tiago_pro_head_controller_configuration:/opt/erc_ws/install/pal_sea_arm:/opt/erc_ws/install/pal_sea_arm_bringup:/opt/erc_ws/install/pal_sea_arm_description:/opt/erc_ws/install/pal_pro_gripper_simulation:/opt/erc_ws/install/pal_pro_gripper_bringup:/opt/erc_ws/install/pal_pro_gripper:/opt/erc_ws/install/pal_gripper_simulation:/opt/erc_ws/install/pal_gripper:/opt/erc_ws/install/pal_gripper_description:/opt/erc_ws/install/omni_base_robot:/opt/erc_ws/install/omni_base_bringup:/opt/erc_ws/install/omni_base_description:/opt/erc_ws/install/pal_sea_arm_controller_configuration:/opt/erc_ws/install/pal_gripper_controller_configuration:/opt/erc_ws/install/omni_base_controller_configuration:/opt/erc_ws/install/gz_ros2_control:/opt/erc_ws/install/erc_description:/opt/erc_ws/install/sensors:/opt/erc_ws/install/pal_pro_gripper_wrapper:/opt/erc_ws/install/launch_pal:/opt/erc_ws/install/erc_solution:/opt/ros/humble PYTHONPATH=/opt/erc_ws/build/pal_pro_gripper_wrapper:/opt/erc_ws/install/pal_pro_gripper_wrapper/lib/python3.10/site-packages:/opt/erc_ws/build/launch_pal:/opt/erc_ws/install/launch_pal/lib/python3.10/site-packages:/opt/erc_ws/install/tiago_pro_description/local/lib/python3.10/dist-packages:/opt/erc_ws/install/tiago_pro_head_description/local/lib/python3.10/dist-packages:/opt/erc_ws/build/sensors:/opt/erc_ws/install/sensors/lib/python3.10/site-packages:/opt/erc_ws/install/pal_sea_arm_description/local/lib/python3.10/dist-packages:/opt/erc_ws/install/pal_pro_gripper_description/local/lib/python3.10/dist-packages:/opt/erc_ws/install/omni_base_description/local/lib/python3.10/dist-packages:/opt/erc_ws/build/erc_solution:/opt/erc_ws/install/erc_solution/lib/python3.10/site-packages:/opt/ros/humble/lib/python3.10/site-packages:/opt/ros/humble/local/lib/python3.10/dist-packages /usr/bin/cmake --install /opt/erc_ws/build/pal_pro_gripper
[3.534s] Level 1:colcon.colcon_core.environment:checking '/opt/erc_ws/install/pal_pro_gripper' for CMake config files
[3.535s] Level 1:colcon.colcon_core.shell:create_environment_hook('pal_pro_gripper', 'cmake_prefix_path')
[3.535s] INFO:colcon.colcon_core.shell:Creating environment hook '/opt/erc_ws/install/pal_pro_gripper/share/pal_pro_gripper/hook/cmake_prefix_path.ps1'
[3.536s] INFO:colcon.colcon_core.shell:Creating environment descriptor '/opt/erc_ws/install/pal_pro_gripper/share/pal_pro_gripper/hook/cmake_prefix_path.dsv'
[3.537s] INFO:colcon.colcon_core.shell:Creating environment hook '/opt/erc_ws/install/pal_pro_gripper/share/pal_pro_gripper/hook/cmake_prefix_path.sh'
[3.538s] Level 1:colcon.colcon_core.environment:checking '/opt/erc_ws/install/pal_pro_gripper/bin'
[3.538s] Level 1:colcon.colcon_core.environment:checking '/opt/erc_ws/install/pal_pro_gripper/lib/pkgconfig/pal_pro_gripper.pc'
[3.538s] Level 1:colcon.colcon_core.environment:checking '/opt/erc_ws/install/pal_pro_gripper/lib/python3.10/site-packages'
[3.539s] Level 1:colcon.colcon_core.environment:checking '/opt/erc_ws/install/pal_pro_gripper/bin'
[3.539s] INFO:colcon.colcon_core.shell:Creating package script '/opt/erc_ws/install/pal_pro_gripper/share/pal_pro_gripper/package.ps1'
[3.540s] INFO:colcon.colcon_core.shell:Creating package descriptor '/opt/erc_ws/install/pal_pro_gripper/share/pal_pro_gripper/package.dsv'
[3.540s] INFO:colcon.colcon_core.shell:Creating package script '/opt/erc_ws/install/pal_pro_gripper/share/pal_pro_gripper/package.sh'
[3.541s] INFO:colcon.colcon_core.shell:Creating package script '/opt/erc_ws/install/pal_pro_gripper/share/pal_pro_gripper/package.bash'
[3.541s] INFO:colcon.colcon_core.shell:Creating package script '/opt/erc_ws/install/pal_pro_gripper/share/pal_pro_gripper/package.zsh'
[3.541s] Level 1:colcon.colcon_core.environment:create_file_with_runtime_dependencies(/opt/erc_ws/install/pal_pro_gripper/share/colcon-core/packages/pal_pro_gripper)
[3.542s] Level 1:colcon.colcon_core.environment:create_environment_scripts_only(pal_pro_gripper)
[3.543s] Level 1:colcon.colcon_core.environment:checking '/opt/erc_ws/install/pal_pro_gripper' for CMake module files
[3.543s] Level 1:colcon.colcon_core.environment:checking '/opt/erc_ws/install/pal_pro_gripper' for CMake config files
[3.544s] Level 1:colcon.colcon_core.shell:create_environment_hook('pal_pro_gripper', 'cmake_prefix_path')
[3.545s] INFO:colcon.colcon_core.shell:Creating environment hook '/opt/erc_ws/install/pal_pro_gripper/share/pal_pro_gripper/hook/cmake_prefix_path.ps1'
[3.546s] INFO:colcon.colcon_core.shell:Creating environment descriptor '/opt/erc_ws/install/pal_pro_gripper/share/pal_pro_gripper/hook/cmake_prefix_path.dsv'
[3.546s] INFO:colcon.colcon_core.shell:Creating environment hook '/opt/erc_ws/install/pal_pro_gripper/share/pal_pro_gripper/hook/cmake_prefix_path.sh'
[3.547s] Level 1:colcon.colcon_core.environment:checking '/opt/erc_ws/install/pal_pro_gripper/bin'
[3.547s] Level 1:colcon.colcon_core.environment:checking '/opt/erc_ws/install/pal_pro_gripper/lib/pkgconfig/pal_pro_gripper.pc'
[3.547s] Level 1:colcon.colcon_core.environment:checking '/opt/erc_ws/install/pal_pro_gripper/lib/python3.10/site-packages'
[3.548s] Level 1:colcon.colcon_core.environment:checking '/opt/erc_ws/install/pal_pro_gripper/bin'
[3.548s] INFO:colcon.colcon_core.shell:Creating package script '/opt/erc_ws/install/pal_pro_gripper/share/pal_pro_gripper/package.ps1'
[3.549s] INFO:colcon.colcon_core.shell:Creating package descriptor '/opt/erc_ws/install/pal_pro_gripper/share/pal_pro_gripper/package.dsv'
[3.550s] INFO:colcon.colcon_core.shell:Creating package script '/opt/erc_ws/install/pal_pro_gripper/share/pal_pro_gripper/package.sh'
[3.551s] INFO:colcon.colcon_core.shell:Creating package script '/opt/erc_ws/install/pal_pro_gripper/share/pal_pro_gripper/package.bash'
[3.552s] INFO:colcon.colcon_core.shell:Creating package script '/opt/erc_ws/install/pal_pro_gripper/share/pal_pro_gripper/package.zsh'
[3.553s] Level 1:colcon.colcon_core.environment:create_file_with_runtime_dependencies(/opt/erc_ws/install/pal_pro_gripper/share/colcon-core/packages/pal_pro_gripper)
[3.555s] Level 1:colcon.colcon_core.environment:create_environment_scripts_only(pal_pro_gripper_simulation)
[3.555s] DEBUG:colcon.colcon_core.event_handler.log_command:Invoked command in '/opt/erc_ws/build/pal_pro_gripper_simulation' returned '0': AMENT_PREFIX_PATH=/opt/erc_ws/install/pal_pro_gripper_wrapper:/opt/erc_ws/install/launch_pal:/opt/erc_ws/install/tiago_pro_robot:/opt/erc_ws/install/tiago_pro_head_robot:/opt/erc_ws/install/tiago_pro_bringup:/opt/erc_ws/install/tiago_pro_head_bringup:/opt/erc_ws/install/erc_bringup:/opt/erc_ws/install/tiago_pro_description:/opt/erc_ws/install/tiago_pro_head_description:/opt/erc_ws/install/tiago_pro_controller_configuration:/opt/erc_ws/install/tiago_pro_head_controller_configuration:/opt/erc_ws/install/sensors:/opt/erc_ws/install/pal_sea_arm:/opt/erc_ws/install/pal_sea_arm_bringup:/opt/erc_ws/install/pal_sea_arm_description:/opt/erc_ws/install/pal_pro_gripper_simulation:/opt/erc_ws/install/pal_pro_gripper_bringup:/opt/erc_ws/install/pal_pro_gripper:/opt/erc_ws/install/pal_pro_gripper_description:/opt/erc_ws/install/pal_gripper_simulation:/opt/erc_ws/install/pal_gripper:/opt/erc_ws/install/pal_gripper_description:/opt/erc_ws/install/omni_base_robot:/opt/erc_ws/install/omni_base_bringup:/opt/erc_ws/install/omni_base_description:/opt/erc_ws/install/pal_urdf_utils:/opt/erc_ws/install/pal_sea_arm_controller_configuration:/opt/erc_ws/install/pal_pro_gripper_controller_configuration:/opt/erc_ws/install/pal_gripper_controller_configuration:/opt/erc_ws/install/omni_base_controller_configuration:/opt/erc_ws/install/gz_ros2_control:/opt/erc_ws/install/erc_solution:/opt/erc_ws/install/erc_description:/opt/ros/humble CMAKE_PREFIX_PATH=/opt/erc_ws/install/pal_pro_gripper_description:/opt/erc_ws/install/pal_pro_gripper_controller_configuration:/opt/erc_ws/install/pal_urdf_utils:/opt/erc_ws/install/tiago_pro_robot:/opt/erc_ws/install/tiago_pro_head_robot:/opt/erc_ws/install/tiago_pro_bringup:/opt/erc_ws/install/tiago_pro_head_bringup:/opt/erc_ws/install/erc_bringup:/opt/erc_ws/install/tiago_pro_description:/opt/erc_ws/install/tiago_pro_head_description:/opt/erc_ws/install/tiago_pro_controller_configuration:/opt/erc_ws/install/tiago_pro_head_controller_configuration:/opt/erc_ws/install/pal_sea_arm:/opt/erc_ws/install/pal_sea_arm_bringup:/opt/erc_ws/install/pal_sea_arm_description:/opt/erc_ws/install/pal_pro_gripper_simulation:/opt/erc_ws/install/pal_pro_gripper_bringup:/opt/erc_ws/install/pal_pro_gripper:/opt/erc_ws/install/pal_gripper_simulation:/opt/erc_ws/install/pal_gripper:/opt/erc_ws/install/pal_gripper_description:/opt/erc_ws/install/omni_base_robot:/opt/erc_ws/install/omni_base_bringup:/opt/erc_ws/install/omni_base_description:/opt/erc_ws/install/pal_sea_arm_controller_configuration:/opt/erc_ws/install/pal_gripper_controller_configuration:/opt/erc_ws/install/omni_base_controller_configuration:/opt/erc_ws/install/gz_ros2_control:/opt/erc_ws/install/erc_description:/opt/erc_ws/install/sensors:/opt/erc_ws/install/pal_pro_gripper_wrapper:/opt/erc_ws/install/launch_pal:/opt/erc_ws/install/erc_solution:/opt/ros/humble PYTHONPATH=/opt/erc_ws/build/pal_pro_gripper_wrapper:/opt/erc_ws/install/pal_pro_gripper_wrapper/lib/python3.10/site-packages:/opt/erc_ws/build/launch_pal:/opt/erc_ws/install/launch_pal/lib/python3.10/site-packages:/opt/erc_ws/install/tiago_pro_description/local/lib/python3.10/dist-packages:/opt/erc_ws/install/tiago_pro_head_description/local/lib/python3.10/dist-packages:/opt/erc_ws/build/sensors:/opt/erc_ws/install/sensors/lib/python3.10/site-packages:/opt/erc_ws/install/pal_sea_arm_description/local/lib/python3.10/dist-packages:/opt/erc_ws/install/pal_pro_gripper_description/local/lib/python3.10/dist-packages:/opt/erc_ws/install/omni_base_description/local/lib/python3.10/dist-packages:/opt/erc_ws/build/erc_solution:/opt/erc_ws/install/erc_solution/lib/python3.10/site-packages:/opt/ros/humble/lib/python3.10/site-packages:/opt/ros/humble/local/lib/python3.10/dist-packages /usr/bin/cmake --install /opt/erc_ws/build/pal_pro_gripper_simulation
[3.556s] Level 1:colcon.colcon_core.environment:checking '/opt/erc_ws/install/pal_pro_gripper_simulation' for CMake module files
[3.557s] Level 1:colcon.colcon_core.environment:checking '/opt/erc_ws/install/pal_pro_gripper_simulation' for CMake config files
[3.557s] Level 1:colcon.colcon_core.shell:create_environment_hook('pal_pro_gripper_simulation', 'cmake_prefix_path')
[3.558s] INFO:colcon.colcon_core.shell:Creating environment hook '/opt/erc_ws/install/pal_pro_gripper_simulation/share/pal_pro_gripper_simulation/hook/cmake_prefix_path.ps1'
[3.559s] INFO:colcon.colcon_core.shell:Creating environment descriptor '/opt/erc_ws/install/pal_pro_gripper_simulation/share/pal_pro_gripper_simulation/hook/cmake_prefix_path.dsv'
[3.560s] INFO:colcon.colcon_core.shell:Creating environment hook '/opt/erc_ws/install/pal_pro_gripper_simulation/share/pal_pro_gripper_simulation/hook/cmake_prefix_path.sh'
[3.560s] Level 1:colcon.colcon_core.environment:checking '/opt/erc_ws/install/pal_pro_gripper_simulation/bin'
[3.560s] Level 1:colcon.colcon_core.environment:checking '/opt/erc_ws/install/pal_pro_gripper_simulation/lib/pkgconfig/pal_pro_gripper_simulation.pc'
[3.561s] Level 1:colcon.colcon_core.environment:checking '/opt/erc_ws/install/pal_pro_gripper_simulation/lib/python3.10/site-packages'
[3.561s] Level 1:colcon.colcon_core.environment:checking '/opt/erc_ws/install/pal_pro_gripper_simulation/bin'
[3.562s] INFO:colcon.colcon_core.shell:Creating package script '/opt/erc_ws/install/pal_pro_gripper_simulation/share/pal_pro_gripper_simulation/package.ps1'
[3.562s] INFO:colcon.colcon_core.shell:Creating package descriptor '/opt/erc_ws/install/pal_pro_gripper_simulation/share/pal_pro_gripper_simulation/package.dsv'
[3.563s] INFO:colcon.colcon_core.shell:Creating package script '/opt/erc_ws/install/pal_pro_gripper_simulation/share/pal_pro_gripper_simulation/package.sh'
[3.563s] INFO:colcon.colcon_core.shell:Creating package script '/opt/erc_ws/install/pal_pro_gripper_simulation/share/pal_pro_gripper_simulation/package.bash'
[3.564s] INFO:colcon.colcon_core.shell:Creating package script '/opt/erc_ws/install/pal_pro_gripper_simulation/share/pal_pro_gripper_simulation/package.zsh'
[3.566s] Level 1:colcon.colcon_core.environment:create_file_with_runtime_dependencies(/opt/erc_ws/install/pal_pro_gripper_simulation/share/colcon-core/packages/pal_pro_gripper_simulation)
[3.568s] Level 1:colcon.colcon_core.environment:create_environment_scripts_only(pal_pro_gripper_simulation)
[3.568s] Level 1:colcon.colcon_core.environment:checking '/opt/erc_ws/install/pal_pro_gripper_simulation' for CMake module files
[3.568s] Level 1:colcon.colcon_core.environment:checking '/opt/erc_ws/install/pal_pro_gripper_simulation' for CMake config files
[3.568s] Level 1:colcon.colcon_core.shell:create_environment_hook('pal_pro_gripper_simulation', 'cmake_prefix_path')
[3.569s] INFO:colcon.colcon_core.shell:Creating environment hook '/opt/erc_ws/install/pal_pro_gripper_simulation/share/pal_pro_gripper_simulation/hook/cmake_prefix_path.ps1'
[3.569s] INFO:colcon.colcon_core.shell:Creating environment descriptor '/opt/erc_ws/install/pal_pro_gripper_simulation/share/pal_pro_gripper_simulation/hook/cmake_prefix_path.dsv'
[3.570s] INFO:colcon.colcon_core.shell:Creating environment hook '/opt/erc_ws/install/pal_pro_gripper_simulation/share/pal_pro_gripper_simulation/hook/cmake_prefix_path.sh'
[3.570s] Level 1:colcon.colcon_core.environment:checking '/opt/erc_ws/install/pal_pro_gripper_simulation/bin'
[3.570s] Level 1:colcon.colcon_core.environment:checking '/opt/erc_ws/install/pal_pro_gripper_simulation/lib/pkgconfig/pal_pro_gripper_simulation.pc'
[3.571s] Level 1:colcon.colcon_core.environment:checking '/opt/erc_ws/install/pal_pro_gripper_simulation/lib/python3.10/site-packages'
[3.571s] Level 1:colcon.colcon_core.environment:checking '/opt/erc_ws/install/pal_pro_gripper_simulation/bin'
[3.571s] INFO:colcon.colcon_core.shell:Creating package script '/opt/erc_ws/install/pal_pro_gripper_simulation/share/pal_pro_gripper_simulation/package.ps1'
[3.572s] INFO:colcon.colcon_core.shell:Creating package descriptor '/opt/erc_ws/install/pal_pro_gripper_simulation/share/pal_pro_gripper_simulation/package.dsv'
[3.573s] INFO:colcon.colcon_core.shell:Creating package script '/opt/erc_ws/install/pal_pro_gripper_simulation/share/pal_pro_gripper_simulation/package.sh'
[3.574s] INFO:colcon.colcon_core.shell:Creating package script '/opt/erc_ws/install/pal_pro_gripper_simulation/share/pal_pro_gripper_simulation/package.bash'
[3.574s] INFO:colcon.colcon_core.shell:Creating package script '/opt/erc_ws/install/pal_pro_gripper_simulation/share/pal_pro_gripper_simulation/package.zsh'
[3.575s] Level 1:colcon.colcon_core.environment:create_file_with_runtime_dependencies(/opt/erc_ws/install/pal_pro_gripper_simulation/share/colcon-core/packages/pal_pro_gripper_simulation)
[3.587s] DEBUG:colcon.colcon_core.event_handler.log_command:Invoking command in '/opt/erc_ws/build/pal_sea_arm_description': AMENT_PREFIX_PATH=/opt/erc_ws/install/pal_pro_gripper_wrapper:/opt/erc_ws/install/launch_pal:/opt/erc_ws/install/tiago_pro_robot:/opt/erc_ws/install/tiago_pro_head_robot:/opt/erc_ws/install/tiago_pro_bringup:/opt/erc_ws/install/tiago_pro_head_bringup:/opt/erc_ws/install/erc_bringup:/opt/erc_ws/install/tiago_pro_description:/opt/erc_ws/install/tiago_pro_head_description:/opt/erc_ws/install/tiago_pro_controller_configuration:/opt/erc_ws/install/tiago_pro_head_controller_configuration:/opt/erc_ws/install/sensors:/opt/erc_ws/install/pal_sea_arm:/opt/erc_ws/install/pal_sea_arm_bringup:/opt/erc_ws/install/pal_sea_arm_description:/opt/erc_ws/install/pal_pro_gripper_simulation:/opt/erc_ws/install/pal_pro_gripper_bringup:/opt/erc_ws/install/pal_pro_gripper:/opt/erc_ws/install/pal_pro_gripper_description:/opt/erc_ws/install/pal_gripper_simulation:/opt/erc_ws/install/pal_gripper:/opt/erc_ws/install/pal_gripper_description:/opt/erc_ws/install/omni_base_robot:/opt/erc_ws/install/omni_base_bringup:/opt/erc_ws/install/omni_base_description:/opt/erc_ws/install/pal_urdf_utils:/opt/erc_ws/install/pal_sea_arm_controller_configuration:/opt/erc_ws/install/pal_pro_gripper_controller_configuration:/opt/erc_ws/install/pal_gripper_controller_configuration:/opt/erc_ws/install/omni_base_controller_configuration:/opt/erc_ws/install/gz_ros2_control:/opt/erc_ws/install/erc_solution:/opt/erc_ws/install/erc_description:/opt/ros/humble CMAKE_PREFIX_PATH=/opt/erc_ws/install/pal_sea_arm_controller_configuration:/opt/erc_ws/install/pal_pro_gripper_description:/opt/erc_ws/install/pal_pro_gripper_controller_configuration:/opt/erc_ws/install/pal_urdf_utils:/opt/erc_ws/install/tiago_pro_robot:/opt/erc_ws/install/tiago_pro_head_robot:/opt/erc_ws/install/tiago_pro_bringup:/opt/erc_ws/install/tiago_pro_head_bringup:/opt/erc_ws/install/erc_bringup:/opt/erc_ws/install/tiago_pro_description:/opt/erc_ws/install/tiago_pro_head_description:/opt/erc_ws/install/tiago_pro_controller_configuration:/opt/erc_ws/install/tiago_pro_head_controller_configuration:/opt/erc_ws/install/pal_sea_arm:/opt/erc_ws/install/pal_sea_arm_bringup:/opt/erc_ws/install/pal_sea_arm_description:/opt/erc_ws/install/pal_pro_gripper_simulation:/opt/erc_ws/install/pal_pro_gripper_bringup:/opt/erc_ws/install/pal_pro_gripper:/opt/erc_ws/install/pal_gripper_simulation:/opt/erc_ws/install/pal_gripper:/opt/erc_ws/install/pal_gripper_description:/opt/erc_ws/install/omni_base_robot:/opt/erc_ws/install/omni_base_bringup:/opt/erc_ws/install/omni_base_description:/opt/erc_ws/install/pal_gripper_controller_configuration:/opt/erc_ws/install/omni_base_controller_configuration:/opt/erc_ws/install/gz_ros2_control:/opt/erc_ws/install/erc_description:/opt/erc_ws/install/sensors:/opt/erc_ws/install/pal_pro_gripper_wrapper:/opt/erc_ws/install/launch_pal:/opt/erc_ws/install/erc_solution:/opt/ros/humble PYTHONPATH=/opt/erc_ws/build/pal_pro_gripper_wrapper:/opt/erc_ws/install/pal_pro_gripper_wrapper/lib/python3.10/site-packages:/opt/erc_ws/build/launch_pal:/opt/erc_ws/install/launch_pal/lib/python3.10/site-packages:/opt/erc_ws/install/tiago_pro_description/local/lib/python3.10/dist-packages:/opt/erc_ws/install/tiago_pro_head_description/local/lib/python3.10/dist-packages:/opt/erc_ws/build/sensors:/opt/erc_ws/install/sensors/lib/python3.10/site-packages:/opt/erc_ws/install/pal_sea_arm_description/local/lib/python3.10/dist-packages:/opt/erc_ws/install/pal_pro_gripper_description/local/lib/python3.10/dist-packages:/opt/erc_ws/install/omni_base_description/local/lib/python3.10/dist-packages:/opt/erc_ws/build/erc_solution:/opt/erc_ws/install/erc_solution/lib/python3.10/site-packages:/opt/ros/humble/lib/python3.10/site-packages:/opt/ros/humble/local/lib/python3.10/dist-packages /usr/bin/cmake --build /opt/erc_ws/build/pal_sea_arm_description -- -j16 -l16
[3.594s] DEBUG:colcon.colcon_core.event_handler.log_command:Invoking command in '/opt/erc_ws/build/tiago_pro_controller_configuration': AMENT_PREFIX_PATH=/opt/erc_ws/install/pal_pro_gripper_wrapper:/opt/erc_ws/install/launch_pal:/opt/erc_ws/install/tiago_pro_robot:/opt/erc_ws/install/tiago_pro_head_robot:/opt/erc_ws/install/tiago_pro_bringup:/opt/erc_ws/install/tiago_pro_head_bringup:/opt/erc_ws/install/erc_bringup:/opt/erc_ws/install/tiago_pro_description:/opt/erc_ws/install/tiago_pro_head_description:/opt/erc_ws/install/tiago_pro_controller_configuration:/opt/erc_ws/install/tiago_pro_head_controller_configuration:/opt/erc_ws/install/sensors:/opt/erc_ws/install/pal_sea_arm:/opt/erc_ws/install/pal_sea_arm_bringup:/opt/erc_ws/install/pal_sea_arm_description:/opt/erc_ws/install/pal_pro_gripper_simulation:/opt/erc_ws/install/pal_pro_gripper_bringup:/opt/erc_ws/install/pal_pro_gripper:/opt/erc_ws/install/pal_pro_gripper_description:/opt/erc_ws/install/pal_gripper_simulation:/opt/erc_ws/install/pal_gripper:/opt/erc_ws/install/pal_gripper_description:/opt/erc_ws/install/omni_base_robot:/opt/erc_ws/install/omni_base_bringup:/opt/erc_ws/install/omni_base_description:/opt/erc_ws/install/pal_urdf_utils:/opt/erc_ws/install/pal_sea_arm_controller_configuration:/opt/erc_ws/install/pal_pro_gripper_controller_configuration:/opt/erc_ws/install/pal_gripper_controller_configuration:/opt/erc_ws/install/omni_base_controller_configuration:/opt/erc_ws/install/gz_ros2_control:/opt/erc_ws/install/erc_solution:/opt/erc_ws/install/erc_description:/opt/ros/humble CMAKE_PREFIX_PATH=/opt/erc_ws/install/pal_sea_arm_controller_configuration:/opt/erc_ws/install/tiago_pro_head_controller_configuration:/opt/erc_ws/install/pal_pro_gripper_controller_configuration:/opt/erc_ws/install/omni_base_controller_configuration:/opt/erc_ws/install/tiago_pro_robot:/opt/erc_ws/install/tiago_pro_head_robot:/opt/erc_ws/install/tiago_pro_bringup:/opt/erc_ws/install/tiago_pro_head_bringup:/opt/erc_ws/install/erc_bringup:/opt/erc_ws/install/tiago_pro_description:/opt/erc_ws/install/tiago_pro_head_description:/opt/erc_ws/install/tiago_pro_controller_configuration:/opt/erc_ws/install/pal_sea_arm:/opt/erc_ws/install/pal_sea_arm_bringup:/opt/erc_ws/install/pal_sea_arm_description:/opt/erc_ws/install/pal_pro_gripper_simulation:/opt/erc_ws/install/pal_pro_gripper_bringup:/opt/erc_ws/install/pal_pro_gripper:/opt/erc_ws/install/pal_pro_gripper_description:/opt/erc_ws/install/pal_gripper_simulation:/opt/erc_ws/install/pal_gripper:/opt/erc_ws/install/pal_gripper_description:/opt/erc_ws/install/omni_base_robot:/opt/erc_ws/install/omni_base_bringup:/opt/erc_ws/install/omni_base_description:/opt/erc_ws/install/pal_urdf_utils:/opt/erc_ws/install/pal_gripper_controller_configuration:/opt/erc_ws/install/gz_ros2_control:/opt/erc_ws/install/erc_description:/opt/erc_ws/install/sensors:/opt/erc_ws/install/pal_pro_gripper_wrapper:/opt/erc_ws/install/launch_pal:/opt/erc_ws/install/erc_solution:/opt/ros/humble PYTHONPATH=/opt/erc_ws/build/pal_pro_gripper_wrapper:/opt/erc_ws/install/pal_pro_gripper_wrapper/lib/python3.10/site-packages:/opt/erc_ws/build/launch_pal:/opt/erc_ws/install/launch_pal/lib/python3.10/site-packages:/opt/erc_ws/install/tiago_pro_description/local/lib/python3.10/dist-packages:/opt/erc_ws/install/tiago_pro_head_description/local/lib/python3.10/dist-packages:/opt/erc_ws/build/sensors:/opt/erc_ws/install/sensors/lib/python3.10/site-packages:/opt/erc_ws/install/pal_sea_arm_description/local/lib/python3.10/dist-packages:/opt/erc_ws/install/pal_pro_gripper_description/local/lib/python3.10/dist-packages:/opt/erc_ws/install/omni_base_description/local/lib/python3.10/dist-packages:/opt/erc_ws/build/erc_solution:/opt/erc_ws/install/erc_solution/lib/python3.10/site-packages:/opt/ros/humble/lib/python3.10/site-packages:/opt/ros/humble/local/lib/python3.10/dist-packages /usr/bin/cmake --build /opt/erc_ws/build/tiago_pro_controller_configuration -- -j16 -l16
[3.637s] DEBUG:colcon.colcon_core.event_handler.log_command:Invoked command in '/opt/erc_ws/build/tiago_pro_controller_configuration' returned '0': AMENT_PREFIX_PATH=/opt/erc_ws/install/pal_pro_gripper_wrapper:/opt/erc_ws/install/launch_pal:/opt/erc_ws/install/tiago_pro_robot:/opt/erc_ws/install/tiago_pro_head_robot:/opt/erc_ws/install/tiago_pro_bringup:/opt/erc_ws/install/tiago_pro_head_bringup:/opt/erc_ws/install/erc_bringup:/opt/erc_ws/install/tiago_pro_description:/opt/erc_ws/install/tiago_pro_head_description:/opt/erc_ws/install/tiago_pro_controller_configuration:/opt/erc_ws/install/tiago_pro_head_controller_configuration:/opt/erc_ws/install/sensors:/opt/erc_ws/install/pal_sea_arm:/opt/erc_ws/install/pal_sea_arm_bringup:/opt/erc_ws/install/pal_sea_arm_description:/opt/erc_ws/install/pal_pro_gripper_simulation:/opt/erc_ws/install/pal_pro_gripper_bringup:/opt/erc_ws/install/pal_pro_gripper:/opt/erc_ws/install/pal_pro_gripper_description:/opt/erc_ws/install/pal_gripper_simulation:/opt/erc_ws/install/pal_gripper:/opt/erc_ws/install/pal_gripper_description:/opt/erc_ws/install/omni_base_robot:/opt/erc_ws/install/omni_base_bringup:/opt/erc_ws/install/omni_base_description:/opt/erc_ws/install/pal_urdf_utils:/opt/erc_ws/install/pal_sea_arm_controller_configuration:/opt/erc_ws/install/pal_pro_gripper_controller_configuration:/opt/erc_ws/install/pal_gripper_controller_configuration:/opt/erc_ws/install/omni_base_controller_configuration:/opt/erc_ws/install/gz_ros2_control:/opt/erc_ws/install/erc_solution:/opt/erc_ws/install/erc_description:/opt/ros/humble CMAKE_PREFIX_PATH=/opt/erc_ws/install/pal_sea_arm_controller_configuration:/opt/erc_ws/install/tiago_pro_head_controller_configuration:/opt/erc_ws/install/pal_pro_gripper_controller_configuration:/opt/erc_ws/install/omni_base_controller_configuration:/opt/erc_ws/install/tiago_pro_robot:/opt/erc_ws/install/tiago_pro_head_robot:/opt/erc_ws/install/tiago_pro_bringup:/opt/erc_ws/install/tiago_pro_head_bringup:/opt/erc_ws/install/erc_bringup:/opt/erc_ws/install/tiago_pro_description:/opt/erc_ws/install/tiago_pro_head_description:/opt/erc_ws/install/tiago_pro_controller_configuration:/opt/erc_ws/install/pal_sea_arm:/opt/erc_ws/install/pal_sea_arm_bringup:/opt/erc_ws/install/pal_sea_arm_description:/opt/erc_ws/install/pal_pro_gripper_simulation:/opt/erc_ws/install/pal_pro_gripper_bringup:/opt/erc_ws/install/pal_pro_gripper:/opt/erc_ws/install/pal_pro_gripper_description:/opt/erc_ws/install/pal_gripper_simulation:/opt/erc_ws/install/pal_gripper:/opt/erc_ws/install/pal_gripper_description:/opt/erc_ws/install/omni_base_robot:/opt/erc_ws/install/omni_base_bringup:/opt/erc_ws/install/omni_base_description:/opt/erc_ws/install/pal_urdf_utils:/opt/erc_ws/install/pal_gripper_controller_configuration:/opt/erc_ws/install/gz_ros2_control:/opt/erc_ws/install/erc_description:/opt/erc_ws/install/sensors:/opt/erc_ws/install/pal_pro_gripper_wrapper:/opt/erc_ws/install/launch_pal:/opt/erc_ws/install/erc_solution:/opt/ros/humble PYTHONPATH=/opt/erc_ws/build/pal_pro_gripper_wrapper:/opt/erc_ws/install/pal_pro_gripper_wrapper/lib/python3.10/site-packages:/opt/erc_ws/build/launch_pal:/opt/erc_ws/install/launch_pal/lib/python3.10/site-packages:/opt/erc_ws/install/tiago_pro_description/local/lib/python3.10/dist-packages:/opt/erc_ws/install/tiago_pro_head_description/local/lib/python3.10/dist-packages:/opt/erc_ws/build/sensors:/opt/erc_ws/install/sensors/lib/python3.10/site-packages:/opt/erc_ws/install/pal_sea_arm_description/local/lib/python3.10/dist-packages:/opt/erc_ws/install/pal_pro_gripper_description/local/lib/python3.10/dist-packages:/opt/erc_ws/install/omni_base_description/local/lib/python3.10/dist-packages:/opt/erc_ws/build/erc_solution:/opt/erc_ws/install/erc_solution/lib/python3.10/site-packages:/opt/ros/humble/lib/python3.10/site-packages:/opt/ros/humble/local/lib/python3.10/dist-packages /usr/bin/cmake --build /opt/erc_ws/build/tiago_pro_controller_configuration -- -j16 -l16
[3.638s] DEBUG:colcon.colcon_core.event_handler.log_command:Invoking command in '/opt/erc_ws/build/tiago_pro_controller_configuration': AMENT_PREFIX_PATH=/opt/erc_ws/install/pal_pro_gripper_wrapper:/opt/erc_ws/install/launch_pal:/opt/erc_ws/install/tiago_pro_robot:/opt/erc_ws/install/tiago_pro_head_robot:/opt/erc_ws/install/tiago_pro_bringup:/opt/erc_ws/install/tiago_pro_head_bringup:/opt/erc_ws/install/erc_bringup:/opt/erc_ws/install/tiago_pro_description:/opt/erc_ws/install/tiago_pro_head_description:/opt/erc_ws/install/tiago_pro_controller_configuration:/opt/erc_ws/install/tiago_pro_head_controller_configuration:/opt/erc_ws/install/sensors:/opt/erc_ws/install/pal_sea_arm:/opt/erc_ws/install/pal_sea_arm_bringup:/opt/erc_ws/install/pal_sea_arm_description:/opt/erc_ws/install/pal_pro_gripper_simulation:/opt/erc_ws/install/pal_pro_gripper_bringup:/opt/erc_ws/install/pal_pro_gripper:/opt/erc_ws/install/pal_pro_gripper_description:/opt/erc_ws/install/pal_gripper_simulation:/opt/erc_ws/install/pal_gripper:/opt/erc_ws/install/pal_gripper_description:/opt/erc_ws/install/omni_base_robot:/opt/erc_ws/install/omni_base_bringup:/opt/erc_ws/install/omni_base_description:/opt/erc_ws/install/pal_urdf_utils:/opt/erc_ws/install/pal_sea_arm_controller_configuration:/opt/erc_ws/install/pal_pro_gripper_controller_configuration:/opt/erc_ws/install/pal_gripper_controller_configuration:/opt/erc_ws/install/omni_base_controller_configuration:/opt/erc_ws/install/gz_ros2_control:/opt/erc_ws/install/erc_solution:/opt/erc_ws/install/erc_description:/opt/ros/humble CMAKE_PREFIX_PATH=/opt/erc_ws/install/pal_sea_arm_controller_configuration:/opt/erc_ws/install/tiago_pro_head_controller_configuration:/opt/erc_ws/install/pal_pro_gripper_controller_configuration:/opt/erc_ws/install/omni_base_controller_configuration:/opt/erc_ws/install/tiago_pro_robot:/opt/erc_ws/install/tiago_pro_head_robot:/opt/erc_ws/install/tiago_pro_bringup:/opt/erc_ws/install/tiago_pro_head_bringup:/opt/erc_ws/install/erc_bringup:/opt/erc_ws/install/tiago_pro_description:/opt/erc_ws/install/tiago_pro_head_description:/opt/erc_ws/install/tiago_pro_controller_configuration:/opt/erc_ws/install/pal_sea_arm:/opt/erc_ws/install/pal_sea_arm_bringup:/opt/erc_ws/install/pal_sea_arm_description:/opt/erc_ws/install/pal_pro_gripper_simulation:/opt/erc_ws/install/pal_pro_gripper_bringup:/opt/erc_ws/install/pal_pro_gripper:/opt/erc_ws/install/pal_pro_gripper_description:/opt/erc_ws/install/pal_gripper_simulation:/opt/erc_ws/install/pal_gripper:/opt/erc_ws/install/pal_gripper_description:/opt/erc_ws/install/omni_base_robot:/opt/erc_ws/install/omni_base_bringup:/opt/erc_ws/install/omni_base_description:/opt/erc_ws/install/pal_urdf_utils:/opt/erc_ws/install/pal_gripper_controller_configuration:/opt/erc_ws/install/gz_ros2_control:/opt/erc_ws/install/erc_description:/opt/erc_ws/install/sensors:/opt/erc_ws/install/pal_pro_gripper_wrapper:/opt/erc_ws/install/launch_pal:/opt/erc_ws/install/erc_solution:/opt/ros/humble PYTHONPATH=/opt/erc_ws/build/pal_pro_gripper_wrapper:/opt/erc_ws/install/pal_pro_gripper_wrapper/lib/python3.10/site-packages:/opt/erc_ws/build/launch_pal:/opt/erc_ws/install/launch_pal/lib/python3.10/site-packages:/opt/erc_ws/install/tiago_pro_description/local/lib/python3.10/dist-packages:/opt/erc_ws/install/tiago_pro_head_description/local/lib/python3.10/dist-packages:/opt/erc_ws/build/sensors:/opt/erc_ws/install/sensors/lib/python3.10/site-packages:/opt/erc_ws/install/pal_sea_arm_description/local/lib/python3.10/dist-packages:/opt/erc_ws/install/pal_pro_gripper_description/local/lib/python3.10/dist-packages:/opt/erc_ws/install/omni_base_description/local/lib/python3.10/dist-packages:/opt/erc_ws/build/erc_solution:/opt/erc_ws/install/erc_solution/lib/python3.10/site-packages:/opt/ros/humble/lib/python3.10/site-packages:/opt/ros/humble/local/lib/python3.10/dist-packages /usr/bin/cmake --install /opt/erc_ws/build/tiago_pro_controller_configuration
[3.671s] DEBUG:colcon.colcon_core.event_handler.log_command:Invoked command in '/opt/erc_ws/build/omni_base_description' returned '0': AMENT_PREFIX_PATH=/opt/erc_ws/install/launch_pal:/opt/erc_ws/install/tiago_pro_robot:/opt/erc_ws/install/tiago_pro_head_robot:/opt/erc_ws/install/tiago_pro_bringup:/opt/erc_ws/install/tiago_pro_head_bringup:/opt/erc_ws/install/erc_bringup:/opt/erc_ws/install/tiago_pro_description:/opt/erc_ws/install/tiago_pro_head_description:/opt/erc_ws/install/tiago_pro_controller_configuration:/opt/erc_ws/install/tiago_pro_head_controller_configuration:/opt/erc_ws/install/sensors:/opt/erc_ws/install/pal_sea_arm:/opt/erc_ws/install/pal_sea_arm_bringup:/opt/erc_ws/install/pal_sea_arm_description:/opt/erc_ws/install/pal_pro_gripper_simulation:/opt/erc_ws/install/pal_pro_gripper_bringup:/opt/erc_ws/install/pal_pro_gripper:/opt/erc_ws/install/pal_pro_gripper_description:/opt/erc_ws/install/pal_gripper_simulation:/opt/erc_ws/install/pal_gripper:/opt/erc_ws/install/pal_gripper_description:/opt/erc_ws/install/omni_base_robot:/opt/erc_ws/install/omni_base_bringup:/opt/erc_ws/install/omni_base_description:/opt/erc_ws/install/pal_urdf_utils:/opt/erc_ws/install/pal_sea_arm_controller_configuration:/opt/erc_ws/install/pal_pro_gripper_controller_configuration:/opt/erc_ws/install/pal_pro_gripper_wrapper:/opt/erc_ws/install/pal_gripper_controller_configuration:/opt/erc_ws/install/omni_base_controller_configuration:/opt/erc_ws/install/gz_ros2_control:/opt/erc_ws/install/erc_solution:/opt/erc_ws/install/erc_description:/opt/ros/humble CMAKE_PREFIX_PATH=/opt/erc_ws/install/pal_urdf_utils:/opt/erc_ws/install/tiago_pro_robot:/opt/erc_ws/install/tiago_pro_head_robot:/opt/erc_ws/install/tiago_pro_bringup:/opt/erc_ws/install/tiago_pro_head_bringup:/opt/erc_ws/install/erc_bringup:/opt/erc_ws/install/tiago_pro_description:/opt/erc_ws/install/tiago_pro_head_description:/opt/erc_ws/install/tiago_pro_controller_configuration:/opt/erc_ws/install/tiago_pro_head_controller_configuration:/opt/erc_ws/install/pal_sea_arm:/opt/erc_ws/install/pal_sea_arm_bringup:/opt/erc_ws/install/pal_sea_arm_description:/opt/erc_ws/install/pal_pro_gripper_simulation:/opt/erc_ws/install/pal_pro_gripper_bringup:/opt/erc_ws/install/pal_pro_gripper:/opt/erc_ws/install/pal_pro_gripper_description:/opt/erc_ws/install/pal_gripper_simulation:/opt/erc_ws/install/pal_gripper:/opt/erc_ws/install/pal_gripper_description:/opt/erc_ws/install/omni_base_robot:/opt/erc_ws/install/omni_base_bringup:/opt/erc_ws/install/omni_base_description:/opt/erc_ws/install/pal_sea_arm_controller_configuration:/opt/erc_ws/install/pal_pro_gripper_controller_configuration:/opt/erc_ws/install/pal_gripper_controller_configuration:/opt/erc_ws/install/omni_base_controller_configuration:/opt/erc_ws/install/gz_ros2_control:/opt/erc_ws/install/erc_description:/opt/erc_ws/install/sensors:/opt/erc_ws/install/pal_pro_gripper_wrapper:/opt/erc_ws/install/launch_pal:/opt/erc_ws/install/erc_solution:/opt/ros/humble PYTHONPATH=/opt/erc_ws/build/launch_pal:/opt/erc_ws/install/launch_pal/lib/python3.10/site-packages:/opt/erc_ws/install/tiago_pro_description/local/lib/python3.10/dist-packages:/opt/erc_ws/install/tiago_pro_head_description/local/lib/python3.10/dist-packages:/opt/erc_ws/build/sensors:/opt/erc_ws/install/sensors/lib/python3.10/site-packages:/opt/erc_ws/install/pal_sea_arm_description/local/lib/python3.10/dist-packages:/opt/erc_ws/install/pal_pro_gripper_description/local/lib/python3.10/dist-packages:/opt/erc_ws/install/omni_base_description/local/lib/python3.10/dist-packages:/opt/erc_ws/build/pal_pro_gripper_wrapper:/opt/erc_ws/install/pal_pro_gripper_wrapper/lib/python3.10/site-packages:/opt/erc_ws/build/erc_solution:/opt/erc_ws/install/erc_solution/lib/python3.10/site-packages:/opt/ros/humble/lib/python3.10/site-packages:/opt/ros/humble/local/lib/python3.10/dist-packages /usr/bin/cmake --build /opt/erc_ws/build/omni_base_description -- -j16 -l16
[3.674s] DEBUG:colcon.colcon_core.event_handler.log_command:Invoking command in '/opt/erc_ws/build/omni_base_description': AMENT_PREFIX_PATH=/opt/erc_ws/install/launch_pal:/opt/erc_ws/install/tiago_pro_robot:/opt/erc_ws/install/tiago_pro_head_robot:/opt/erc_ws/install/tiago_pro_bringup:/opt/erc_ws/install/tiago_pro_head_bringup:/opt/erc_ws/install/erc_bringup:/opt/erc_ws/install/tiago_pro_description:/opt/erc_ws/install/tiago_pro_head_description:/opt/erc_ws/install/tiago_pro_controller_configuration:/opt/erc_ws/install/tiago_pro_head_controller_configuration:/opt/erc_ws/install/sensors:/opt/erc_ws/install/pal_sea_arm:/opt/erc_ws/install/pal_sea_arm_bringup:/opt/erc_ws/install/pal_sea_arm_description:/opt/erc_ws/install/pal_pro_gripper_simulation:/opt/erc_ws/install/pal_pro_gripper_bringup:/opt/erc_ws/install/pal_pro_gripper:/opt/erc_ws/install/pal_pro_gripper_description:/opt/erc_ws/install/pal_gripper_simulation:/opt/erc_ws/install/pal_gripper:/opt/erc_ws/install/pal_gripper_description:/opt/erc_ws/install/omni_base_robot:/opt/erc_ws/install/omni_base_bringup:/opt/erc_ws/install/omni_base_description:/opt/erc_ws/install/pal_urdf_utils:/opt/erc_ws/install/pal_sea_arm_controller_configuration:/opt/erc_ws/install/pal_pro_gripper_controller_configuration:/opt/erc_ws/install/pal_pro_gripper_wrapper:/opt/erc_ws/install/pal_gripper_controller_configuration:/opt/erc_ws/install/omni_base_controller_configuration:/opt/erc_ws/install/gz_ros2_control:/opt/erc_ws/install/erc_solution:/opt/erc_ws/install/erc_description:/opt/ros/humble CMAKE_PREFIX_PATH=/opt/erc_ws/install/pal_urdf_utils:/opt/erc_ws/install/tiago_pro_robot:/opt/erc_ws/install/tiago_pro_head_robot:/opt/erc_ws/install/tiago_pro_bringup:/opt/erc_ws/install/tiago_pro_head_bringup:/opt/erc_ws/install/erc_bringup:/opt/erc_ws/install/tiago_pro_description:/opt/erc_ws/install/tiago_pro_head_description:/opt/erc_ws/install/tiago_pro_controller_configuration:/opt/erc_ws/install/tiago_pro_head_controller_configuration:/opt/erc_ws/install/pal_sea_arm:/opt/erc_ws/install/pal_sea_arm_bringup:/opt/erc_ws/install/pal_sea_arm_description:/opt/erc_ws/install/pal_pro_gripper_simulation:/opt/erc_ws/install/pal_pro_gripper_bringup:/opt/erc_ws/install/pal_pro_gripper:/opt/erc_ws/install/pal_pro_gripper_description:/opt/erc_ws/install/pal_gripper_simulation:/opt/erc_ws/install/pal_gripper:/opt/erc_ws/install/pal_gripper_description:/opt/erc_ws/install/omni_base_robot:/opt/erc_ws/install/omni_base_bringup:/opt/erc_ws/install/omni_base_description:/opt/erc_ws/install/pal_sea_arm_controller_configuration:/opt/erc_ws/install/pal_pro_gripper_controller_configuration:/opt/erc_ws/install/pal_gripper_controller_configuration:/opt/erc_ws/install/omni_base_controller_configuration:/opt/erc_ws/install/gz_ros2_control:/opt/erc_ws/install/erc_description:/opt/erc_ws/install/sensors:/opt/erc_ws/install/pal_pro_gripper_wrapper:/opt/erc_ws/install/launch_pal:/opt/erc_ws/install/erc_solution:/opt/ros/humble PYTHONPATH=/opt/erc_ws/build/launch_pal:/opt/erc_ws/install/launch_pal/lib/python3.10/site-packages:/opt/erc_ws/install/tiago_pro_description/local/lib/python3.10/dist-packages:/opt/erc_ws/install/tiago_pro_head_description/local/lib/python3.10/dist-packages:/opt/erc_ws/build/sensors:/opt/erc_ws/install/sensors/lib/python3.10/site-packages:/opt/erc_ws/install/pal_sea_arm_description/local/lib/python3.10/dist-packages:/opt/erc_ws/install/pal_pro_gripper_description/local/lib/python3.10/dist-packages:/opt/erc_ws/install/omni_base_description/local/lib/python3.10/dist-packages:/opt/erc_ws/build/pal_pro_gripper_wrapper:/opt/erc_ws/install/pal_pro_gripper_wrapper/lib/python3.10/site-packages:/opt/erc_ws/build/erc_solution:/opt/erc_ws/install/erc_solution/lib/python3.10/site-packages:/opt/ros/humble/lib/python3.10/site-packages:/opt/ros/humble/local/lib/python3.10/dist-packages /usr/bin/cmake --install /opt/erc_ws/build/omni_base_description
[3.678s] Level 1:colcon.colcon_core.environment:create_environment_scripts_only(tiago_pro_controller_configuration)
[3.679s] Level 1:colcon.colcon_core.environment:checking '/opt/erc_ws/install/tiago_pro_controller_configuration' for CMake module files
[3.680s] DEBUG:colcon.colcon_core.event_handler.log_command:Invoked command in '/opt/erc_ws/build/tiago_pro_controller_configuration' returned '0': AMENT_PREFIX_PATH=/opt/erc_ws/install/pal_pro_gripper_wrapper:/opt/erc_ws/install/launch_pal:/opt/erc_ws/install/tiago_pro_robot:/opt/erc_ws/install/tiago_pro_head_robot:/opt/erc_ws/install/tiago_pro_bringup:/opt/erc_ws/install/tiago_pro_head_bringup:/opt/erc_ws/install/erc_bringup:/opt/erc_ws/install/tiago_pro_description:/opt/erc_ws/install/tiago_pro_head_description:/opt/erc_ws/install/tiago_pro_controller_configuration:/opt/erc_ws/install/tiago_pro_head_controller_configuration:/opt/erc_ws/install/sensors:/opt/erc_ws/install/pal_sea_arm:/opt/erc_ws/install/pal_sea_arm_bringup:/opt/erc_ws/install/pal_sea_arm_description:/opt/erc_ws/install/pal_pro_gripper_simulation:/opt/erc_ws/install/pal_pro_gripper_bringup:/opt/erc_ws/install/pal_pro_gripper:/opt/erc_ws/install/pal_pro_gripper_description:/opt/erc_ws/install/pal_gripper_simulation:/opt/erc_ws/install/pal_gripper:/opt/erc_ws/install/pal_gripper_description:/opt/erc_ws/install/omni_base_robot:/opt/erc_ws/install/omni_base_bringup:/opt/erc_ws/install/omni_base_description:/opt/erc_ws/install/pal_urdf_utils:/opt/erc_ws/install/pal_sea_arm_controller_configuration:/opt/erc_ws/install/pal_pro_gripper_controller_configuration:/opt/erc_ws/install/pal_gripper_controller_configuration:/opt/erc_ws/install/omni_base_controller_configuration:/opt/erc_ws/install/gz_ros2_control:/opt/erc_ws/install/erc_solution:/opt/erc_ws/install/erc_description:/opt/ros/humble CMAKE_PREFIX_PATH=/opt/erc_ws/install/pal_sea_arm_controller_configuration:/opt/erc_ws/install/tiago_pro_head_controller_configuration:/opt/erc_ws/install/pal_pro_gripper_controller_configuration:/opt/erc_ws/install/omni_base_controller_configuration:/opt/erc_ws/install/tiago_pro_robot:/opt/erc_ws/install/tiago_pro_head_robot:/opt/erc_ws/install/tiago_pro_bringup:/opt/erc_ws/install/tiago_pro_head_bringup:/opt/erc_ws/install/erc_bringup:/opt/erc_ws/install/tiago_pro_description:/opt/erc_ws/install/tiago_pro_head_description:/opt/erc_ws/install/tiago_pro_controller_configuration:/opt/erc_ws/install/pal_sea_arm:/opt/erc_ws/install/pal_sea_arm_bringup:/opt/erc_ws/install/pal_sea_arm_description:/opt/erc_ws/install/pal_pro_gripper_simulation:/opt/erc_ws/install/pal_pro_gripper_bringup:/opt/erc_ws/install/pal_pro_gripper:/opt/erc_ws/install/pal_pro_gripper_description:/opt/erc_ws/install/pal_gripper_simulation:/opt/erc_ws/install/pal_gripper:/opt/erc_ws/install/pal_gripper_description:/opt/erc_ws/install/omni_base_robot:/opt/erc_ws/install/omni_base_bringup:/opt/erc_ws/install/omni_base_description:/opt/erc_ws/install/pal_urdf_utils:/opt/erc_ws/install/pal_gripper_controller_configuration:/opt/erc_ws/install/gz_ros2_control:/opt/erc_ws/install/erc_description:/opt/erc_ws/install/sensors:/opt/erc_ws/install/pal_pro_gripper_wrapper:/opt/erc_ws/install/launch_pal:/opt/erc_ws/install/erc_solution:/opt/ros/humble PYTHONPATH=/opt/erc_ws/build/pal_pro_gripper_wrapper:/opt/erc_ws/install/pal_pro_gripper_wrapper/lib/python3.10/site-packages:/opt/erc_ws/build/launch_pal:/opt/erc_ws/install/launch_pal/lib/python3.10/site-packages:/opt/erc_ws/install/tiago_pro_description/local/lib/python3.10/dist-packages:/opt/erc_ws/install/tiago_pro_head_description/local/lib/python3.10/dist-packages:/opt/erc_ws/build/sensors:/opt/erc_ws/install/sensors/lib/python3.10/site-packages:/opt/erc_ws/install/pal_sea_arm_description/local/lib/python3.10/dist-packages:/opt/erc_ws/install/pal_pro_gripper_description/local/lib/python3.10/dist-packages:/opt/erc_ws/install/omni_base_description/local/lib/python3.10/dist-packages:/opt/erc_ws/build/erc_solution:/opt/erc_ws/install/erc_solution/lib/python3.10/site-packages:/opt/ros/humble/lib/python3.10/site-packages:/opt/ros/humble/local/lib/python3.10/dist-packages /usr/bin/cmake --install /opt/erc_ws/build/tiago_pro_controller_configuration
[3.680s] Level 1:colcon.colcon_core.environment:checking '/opt/erc_ws/install/tiago_pro_controller_configuration' for CMake config files
[3.681s] Level 1:colcon.colcon_core.shell:create_environment_hook('tiago_pro_controller_configuration', 'cmake_prefix_path')
[3.681s] INFO:colcon.colcon_core.shell:Creating environment hook '/opt/erc_ws/install/tiago_pro_controller_configuration/share/tiago_pro_controller_configuration/hook/cmake_prefix_path.ps1'
[3.683s] INFO:colcon.colcon_core.shell:Creating environment descriptor '/opt/erc_ws/install/tiago_pro_controller_configuration/share/tiago_pro_controller_configuration/hook/cmake_prefix_path.dsv'
[3.685s] INFO:colcon.colcon_core.shell:Creating environment hook '/opt/erc_ws/install/tiago_pro_controller_configuration/share/tiago_pro_controller_configuration/hook/cmake_prefix_path.sh'
[3.686s] Level 1:colcon.colcon_core.environment:checking '/opt/erc_ws/install/tiago_pro_controller_configuration/bin'
[3.687s] Level 1:colcon.colcon_core.environment:checking '/opt/erc_ws/install/tiago_pro_controller_configuration/lib/pkgconfig/tiago_pro_controller_configuration.pc'
[3.688s] Level 1:colcon.colcon_core.environment:checking '/opt/erc_ws/install/tiago_pro_controller_configuration/lib/python3.10/site-packages'
[3.688s] Level 1:colcon.colcon_core.environment:checking '/opt/erc_ws/install/tiago_pro_controller_configuration/bin'
[3.689s] INFO:colcon.colcon_core.shell:Creating package script '/opt/erc_ws/install/tiago_pro_controller_configuration/share/tiago_pro_controller_configuration/package.ps1'
[3.694s] INFO:colcon.colcon_core.shell:Creating package descriptor '/opt/erc_ws/install/tiago_pro_controller_configuration/share/tiago_pro_controller_configuration/package.dsv'
[3.695s] INFO:colcon.colcon_core.shell:Creating package script '/opt/erc_ws/install/tiago_pro_controller_configuration/share/tiago_pro_controller_configuration/package.sh'
[3.695s] INFO:colcon.colcon_core.shell:Creating package script '/opt/erc_ws/install/tiago_pro_controller_configuration/share/tiago_pro_controller_configuration/package.bash'
[3.696s] INFO:colcon.colcon_core.shell:Creating package script '/opt/erc_ws/install/tiago_pro_controller_configuration/share/tiago_pro_controller_configuration/package.zsh'
[3.696s] Level 1:colcon.colcon_core.environment:create_file_with_runtime_dependencies(/opt/erc_ws/install/tiago_pro_controller_configuration/share/colcon-core/packages/tiago_pro_controller_configuration)
[3.696s] Level 1:colcon.colcon_core.environment:create_environment_scripts_only(tiago_pro_controller_configuration)
[3.697s] Level 1:colcon.colcon_core.environment:checking '/opt/erc_ws/install/tiago_pro_controller_configuration' for CMake module files
[3.697s] Level 1:colcon.colcon_core.environment:checking '/opt/erc_ws/install/tiago_pro_controller_configuration' for CMake config files
[3.700s] Level 1:colcon.colcon_core.shell:create_environment_hook('tiago_pro_controller_configuration', 'cmake_prefix_path')
[3.700s] INFO:colcon.colcon_core.shell:Creating environment hook '/opt/erc_ws/install/tiago_pro_controller_configuration/share/tiago_pro_controller_configuration/hook/cmake_prefix_path.ps1'
[3.701s] INFO:colcon.colcon_core.shell:Creating environment descriptor '/opt/erc_ws/install/tiago_pro_controller_configuration/share/tiago_pro_controller_configuration/hook/cmake_prefix_path.dsv'
[3.702s] INFO:colcon.colcon_core.shell:Creating environment hook '/opt/erc_ws/install/tiago_pro_controller_configuration/share/tiago_pro_controller_configuration/hook/cmake_prefix_path.sh'
[3.702s] Level 1:colcon.colcon_core.environment:checking '/opt/erc_ws/install/tiago_pro_controller_configuration/bin'
[3.703s] Level 1:colcon.colcon_core.environment:checking '/opt/erc_ws/install/tiago_pro_controller_configuration/lib/pkgconfig/tiago_pro_controller_configuration.pc'
[3.703s] Level 1:colcon.colcon_core.environment:checking '/opt/erc_ws/install/tiago_pro_controller_configuration/lib/python3.10/site-packages'
[3.703s] Level 1:colcon.colcon_core.environment:checking '/opt/erc_ws/install/tiago_pro_controller_configuration/bin'
[3.703s] INFO:colcon.colcon_core.shell:Creating package script '/opt/erc_ws/install/tiago_pro_controller_configuration/share/tiago_pro_controller_configuration/package.ps1'
[3.710s] INFO:colcon.colcon_core.shell:Creating package descriptor '/opt/erc_ws/install/tiago_pro_controller_configuration/share/tiago_pro_controller_configuration/package.dsv'
[3.711s] INFO:colcon.colcon_core.shell:Creating package script '/opt/erc_ws/install/tiago_pro_controller_configuration/share/tiago_pro_controller_configuration/package.sh'
[3.712s] INFO:colcon.colcon_core.shell:Creating package script '/opt/erc_ws/install/tiago_pro_controller_configuration/share/tiago_pro_controller_configuration/package.bash'
[3.713s] INFO:colcon.colcon_core.shell:Creating package script '/opt/erc_ws/install/tiago_pro_controller_configuration/share/tiago_pro_controller_configuration/package.zsh'
[3.713s] Level 1:colcon.colcon_core.environment:create_file_with_runtime_dependencies(/opt/erc_ws/install/tiago_pro_controller_configuration/share/colcon-core/packages/tiago_pro_controller_configuration)
[3.769s] Level 1:colcon.colcon_core.environment:create_environment_scripts_only(omni_base_description)
[3.769s] Level 1:colcon.colcon_core.environment:checking '/opt/erc_ws/install/omni_base_description' for CMake module files
[3.770s] DEBUG:colcon.colcon_core.event_handler.log_command:Invoked command in '/opt/erc_ws/build/omni_base_description' returned '0': AMENT_PREFIX_PATH=/opt/erc_ws/install/launch_pal:/opt/erc_ws/install/tiago_pro_robot:/opt/erc_ws/install/tiago_pro_head_robot:/opt/erc_ws/install/tiago_pro_bringup:/opt/erc_ws/install/tiago_pro_head_bringup:/opt/erc_ws/install/erc_bringup:/opt/erc_ws/install/tiago_pro_description:/opt/erc_ws/install/tiago_pro_head_description:/opt/erc_ws/install/tiago_pro_controller_configuration:/opt/erc_ws/install/tiago_pro_head_controller_configuration:/opt/erc_ws/install/sensors:/opt/erc_ws/install/pal_sea_arm:/opt/erc_ws/install/pal_sea_arm_bringup:/opt/erc_ws/install/pal_sea_arm_description:/opt/erc_ws/install/pal_pro_gripper_simulation:/opt/erc_ws/install/pal_pro_gripper_bringup:/opt/erc_ws/install/pal_pro_gripper:/opt/erc_ws/install/pal_pro_gripper_description:/opt/erc_ws/install/pal_gripper_simulation:/opt/erc_ws/install/pal_gripper:/opt/erc_ws/install/pal_gripper_description:/opt/erc_ws/install/omni_base_robot:/opt/erc_ws/install/omni_base_bringup:/opt/erc_ws/install/omni_base_description:/opt/erc_ws/install/pal_urdf_utils:/opt/erc_ws/install/pal_sea_arm_controller_configuration:/opt/erc_ws/install/pal_pro_gripper_controller_configuration:/opt/erc_ws/install/pal_pro_gripper_wrapper:/opt/erc_ws/install/pal_gripper_controller_configuration:/opt/erc_ws/install/omni_base_controller_configuration:/opt/erc_ws/install/gz_ros2_control:/opt/erc_ws/install/erc_solution:/opt/erc_ws/install/erc_description:/opt/ros/humble CMAKE_PREFIX_PATH=/opt/erc_ws/install/pal_urdf_utils:/opt/erc_ws/install/tiago_pro_robot:/opt/erc_ws/install/tiago_pro_head_robot:/opt/erc_ws/install/tiago_pro_bringup:/opt/erc_ws/install/tiago_pro_head_bringup:/opt/erc_ws/install/erc_bringup:/opt/erc_ws/install/tiago_pro_description:/opt/erc_ws/install/tiago_pro_head_description:/opt/erc_ws/install/tiago_pro_controller_configuration:/opt/erc_ws/install/tiago_pro_head_controller_configuration:/opt/erc_ws/install/pal_sea_arm:/opt/erc_ws/install/pal_sea_arm_bringup:/opt/erc_ws/install/pal_sea_arm_description:/opt/erc_ws/install/pal_pro_gripper_simulation:/opt/erc_ws/install/pal_pro_gripper_bringup:/opt/erc_ws/install/pal_pro_gripper:/opt/erc_ws/install/pal_pro_gripper_description:/opt/erc_ws/install/pal_gripper_simulation:/opt/erc_ws/install/pal_gripper:/opt/erc_ws/install/pal_gripper_description:/opt/erc_ws/install/omni_base_robot:/opt/erc_ws/install/omni_base_bringup:/opt/erc_ws/install/omni_base_description:/opt/erc_ws/install/pal_sea_arm_controller_configuration:/opt/erc_ws/install/pal_pro_gripper_controller_configuration:/opt/erc_ws/install/pal_gripper_controller_configuration:/opt/erc_ws/install/omni_base_controller_configuration:/opt/erc_ws/install/gz_ros2_control:/opt/erc_ws/install/erc_description:/opt/erc_ws/install/sensors:/opt/erc_ws/install/pal_pro_gripper_wrapper:/opt/erc_ws/install/launch_pal:/opt/erc_ws/install/erc_solution:/opt/ros/humble PYTHONPATH=/opt/erc_ws/build/launch_pal:/opt/erc_ws/install/launch_pal/lib/python3.10/site-packages:/opt/erc_ws/install/tiago_pro_description/local/lib/python3.10/dist-packages:/opt/erc_ws/install/tiago_pro_head_description/local/lib/python3.10/dist-packages:/opt/erc_ws/build/sensors:/opt/erc_ws/install/sensors/lib/python3.10/site-packages:/opt/erc_ws/install/pal_sea_arm_description/local/lib/python3.10/dist-packages:/opt/erc_ws/install/pal_pro_gripper_description/local/lib/python3.10/dist-packages:/opt/erc_ws/install/omni_base_description/local/lib/python3.10/dist-packages:/opt/erc_ws/build/pal_pro_gripper_wrapper:/opt/erc_ws/install/pal_pro_gripper_wrapper/lib/python3.10/site-packages:/opt/erc_ws/build/erc_solution:/opt/erc_ws/install/erc_solution/lib/python3.10/site-packages:/opt/ros/humble/lib/python3.10/site-packages:/opt/ros/humble/local/lib/python3.10/dist-packages /usr/bin/cmake --install /opt/erc_ws/build/omni_base_description
[3.770s] Level 1:colcon.colcon_core.environment:checking '/opt/erc_ws/install/omni_base_description' for CMake config files
[3.773s] Level 1:colcon.colcon_core.shell:create_environment_hook('omni_base_description', 'cmake_prefix_path')
[3.773s] INFO:colcon.colcon_core.shell:Creating environment hook '/opt/erc_ws/install/omni_base_description/share/omni_base_description/hook/cmake_prefix_path.ps1'
[3.774s] INFO:colcon.colcon_core.shell:Creating environment descriptor '/opt/erc_ws/install/omni_base_description/share/omni_base_description/hook/cmake_prefix_path.dsv'
[3.775s] INFO:colcon.colcon_core.shell:Creating environment hook '/opt/erc_ws/install/omni_base_description/share/omni_base_description/hook/cmake_prefix_path.sh'
[3.776s] Level 1:colcon.colcon_core.environment:checking '/opt/erc_ws/install/omni_base_description/bin'
[3.776s] Level 1:colcon.colcon_core.environment:checking '/opt/erc_ws/install/omni_base_description/lib/pkgconfig/omni_base_description.pc'
[3.776s] Level 1:colcon.colcon_core.environment:checking '/opt/erc_ws/install/omni_base_description/lib/python3.10/site-packages'
[3.776s] Level 1:colcon.colcon_core.environment:checking '/opt/erc_ws/install/omni_base_description/bin'
[3.777s] INFO:colcon.colcon_core.shell:Creating package script '/opt/erc_ws/install/omni_base_description/share/omni_base_description/package.ps1'
[3.777s] INFO:colcon.colcon_core.shell:Creating package descriptor '/opt/erc_ws/install/omni_base_description/share/omni_base_description/package.dsv'
[3.778s] INFO:colcon.colcon_core.shell:Creating package script '/opt/erc_ws/install/omni_base_description/share/omni_base_description/package.sh'
[3.779s] INFO:colcon.colcon_core.shell:Creating package script '/opt/erc_ws/install/omni_base_description/share/omni_base_description/package.bash'
[3.779s] INFO:colcon.colcon_core.shell:Creating package script '/opt/erc_ws/install/omni_base_description/share/omni_base_description/package.zsh'
[3.780s] Level 1:colcon.colcon_core.environment:create_file_with_runtime_dependencies(/opt/erc_ws/install/omni_base_description/share/colcon-core/packages/omni_base_description)
[3.780s] Level 1:colcon.colcon_core.environment:create_environment_scripts_only(omni_base_description)
[3.780s] Level 1:colcon.colcon_core.environment:checking '/opt/erc_ws/install/omni_base_description' for CMake module files
[3.781s] Level 1:colcon.colcon_core.environment:checking '/opt/erc_ws/install/omni_base_description' for CMake config files
[3.781s] Level 1:colcon.colcon_core.shell:create_environment_hook('omni_base_description', 'cmake_prefix_path')
[3.782s] INFO:colcon.colcon_core.shell:Creating environment hook '/opt/erc_ws/install/omni_base_description/share/omni_base_description/hook/cmake_prefix_path.ps1'
[3.782s] INFO:colcon.colcon_core.shell:Creating environment descriptor '/opt/erc_ws/install/omni_base_description/share/omni_base_description/hook/cmake_prefix_path.dsv'
[3.783s] INFO:colcon.colcon_core.shell:Creating environment hook '/opt/erc_ws/install/omni_base_description/share/omni_base_description/hook/cmake_prefix_path.sh'
[3.783s] Level 1:colcon.colcon_core.environment:checking '/opt/erc_ws/install/omni_base_description/bin'
[3.783s] Level 1:colcon.colcon_core.environment:checking '/opt/erc_ws/install/omni_base_description/lib/pkgconfig/omni_base_description.pc'
[3.783s] Level 1:colcon.colcon_core.environment:checking '/opt/erc_ws/install/omni_base_description/lib/python3.10/site-packages'
[3.784s] Level 1:colcon.colcon_core.environment:checking '/opt/erc_ws/install/omni_base_description/bin'
[3.784s] INFO:colcon.colcon_core.shell:Creating package script '/opt/erc_ws/install/omni_base_description/share/omni_base_description/package.ps1'
[3.785s] INFO:colcon.colcon_core.shell:Creating package descriptor '/opt/erc_ws/install/omni_base_description/share/omni_base_description/package.dsv'
[3.785s] INFO:colcon.colcon_core.shell:Creating package script '/opt/erc_ws/install/omni_base_description/share/omni_base_description/package.sh'
[3.786s] INFO:colcon.colcon_core.shell:Creating package script '/opt/erc_ws/install/omni_base_description/share/omni_base_description/package.bash'
[3.786s] INFO:colcon.colcon_core.shell:Creating package script '/opt/erc_ws/install/omni_base_description/share/omni_base_description/package.zsh'
[3.787s] Level 1:colcon.colcon_core.environment:create_file_with_runtime_dependencies(/opt/erc_ws/install/omni_base_description/share/colcon-core/packages/omni_base_description)
[3.787s] INFO:colcon.colcon_ros.task.ament_cmake.build:Building ROS package in '/opt/erc_ws/src/omni_base_robot/omni_base_bringup' with build type 'ament_cmake'
[3.787s] INFO:colcon.colcon_cmake.task.cmake.build:Building CMake package in '/opt/erc_ws/src/omni_base_robot/omni_base_bringup'
[3.788s] INFO:colcon.colcon_core.shell:Skip shell extension 'powershell' for command environment: Not usable outside of PowerShell
[3.788s] DEBUG:colcon.colcon_core.shell:Skip shell extension 'dsv' for command environment
[3.812s] DEBUG:colcon.colcon_core.event_handler.log_command:Invoking command in '/opt/erc_ws/build/omni_base_bringup': AMENT_PREFIX_PATH=/opt/erc_ws/install/launch_pal:/opt/erc_ws/install/tiago_pro_robot:/opt/erc_ws/install/tiago_pro_head_robot:/opt/erc_ws/install/tiago_pro_bringup:/opt/erc_ws/install/tiago_pro_head_bringup:/opt/erc_ws/install/erc_bringup:/opt/erc_ws/install/tiago_pro_description:/opt/erc_ws/install/tiago_pro_head_description:/opt/erc_ws/install/tiago_pro_controller_configuration:/opt/erc_ws/install/tiago_pro_head_controller_configuration:/opt/erc_ws/install/sensors:/opt/erc_ws/install/pal_sea_arm:/opt/erc_ws/install/pal_sea_arm_bringup:/opt/erc_ws/install/pal_sea_arm_description:/opt/erc_ws/install/pal_pro_gripper_simulation:/opt/erc_ws/install/pal_pro_gripper_bringup:/opt/erc_ws/install/pal_pro_gripper:/opt/erc_ws/install/pal_pro_gripper_description:/opt/erc_ws/install/pal_gripper_simulation:/opt/erc_ws/install/pal_gripper:/opt/erc_ws/install/pal_gripper_description:/opt/erc_ws/install/omni_base_robot:/opt/erc_ws/install/omni_base_bringup:/opt/erc_ws/install/omni_base_description:/opt/erc_ws/install/pal_urdf_utils:/opt/erc_ws/install/pal_sea_arm_controller_configuration:/opt/erc_ws/install/pal_pro_gripper_controller_configuration:/opt/erc_ws/install/pal_pro_gripper_wrapper:/opt/erc_ws/install/pal_gripper_controller_configuration:/opt/erc_ws/install/omni_base_controller_configuration:/opt/erc_ws/install/gz_ros2_control:/opt/erc_ws/install/erc_solution:/opt/erc_ws/install/erc_description:/opt/ros/humble CMAKE_PREFIX_PATH=/opt/erc_ws/install/omni_base_description:/opt/erc_ws/install/pal_urdf_utils:/opt/erc_ws/install/omni_base_controller_configuration:/opt/erc_ws/install/tiago_pro_robot:/opt/erc_ws/install/tiago_pro_head_robot:/opt/erc_ws/install/tiago_pro_bringup:/opt/erc_ws/install/tiago_pro_head_bringup:/opt/erc_ws/install/erc_bringup:/opt/erc_ws/install/tiago_pro_description:/opt/erc_ws/install/tiago_pro_head_description:/opt/erc_ws/install/tiago_pro_controller_configuration:/opt/erc_ws/install/tiago_pro_head_controller_configuration:/opt/erc_ws/install/pal_sea_arm:/opt/erc_ws/install/pal_sea_arm_bringup:/opt/erc_ws/install/pal_sea_arm_description:/opt/erc_ws/install/pal_pro_gripper_simulation:/opt/erc_ws/install/pal_pro_gripper_bringup:/opt/erc_ws/install/pal_pro_gripper:/opt/erc_ws/install/pal_pro_gripper_description:/opt/erc_ws/install/pal_gripper_simulation:/opt/erc_ws/install/pal_gripper:/opt/erc_ws/install/pal_gripper_description:/opt/erc_ws/install/omni_base_robot:/opt/erc_ws/install/omni_base_bringup:/opt/erc_ws/install/pal_sea_arm_controller_configuration:/opt/erc_ws/install/pal_pro_gripper_controller_configuration:/opt/erc_ws/install/pal_gripper_controller_configuration:/opt/erc_ws/install/gz_ros2_control:/opt/erc_ws/install/erc_description:/opt/erc_ws/install/sensors:/opt/erc_ws/install/pal_pro_gripper_wrapper:/opt/erc_ws/install/launch_pal:/opt/erc_ws/install/erc_solution:/opt/ros/humble PYTHONPATH=/opt/erc_ws/build/launch_pal:/opt/erc_ws/install/launch_pal/lib/python3.10/site-packages:/opt/erc_ws/install/tiago_pro_description/local/lib/python3.10/dist-packages:/opt/erc_ws/install/tiago_pro_head_description/local/lib/python3.10/dist-packages:/opt/erc_ws/build/sensors:/opt/erc_ws/install/sensors/lib/python3.10/site-packages:/opt/erc_ws/install/pal_sea_arm_description/local/lib/python3.10/dist-packages:/opt/erc_ws/install/pal_pro_gripper_description/local/lib/python3.10/dist-packages:/opt/erc_ws/install/omni_base_description/local/lib/python3.10/dist-packages:/opt/erc_ws/build/pal_pro_gripper_wrapper:/opt/erc_ws/install/pal_pro_gripper_wrapper/lib/python3.10/site-packages:/opt/erc_ws/build/erc_solution:/opt/erc_ws/install/erc_solution/lib/python3.10/site-packages:/opt/ros/humble/lib/python3.10/site-packages:/opt/ros/humble/local/lib/python3.10/dist-packages /usr/bin/cmake --build /opt/erc_ws/build/omni_base_bringup -- -j16 -l16
[3.827s] DEBUG:colcon.colcon_core.event_handler.log_command:Invoked command in '/opt/erc_ws/build/tiago_pro_head_description' returned '0': AMENT_PREFIX_PATH=/opt/erc_ws/install/launch_pal:/opt/erc_ws/install/tiago_pro_robot:/opt/erc_ws/install/tiago_pro_head_robot:/opt/erc_ws/install/tiago_pro_bringup:/opt/erc_ws/install/tiago_pro_head_bringup:/opt/erc_ws/install/erc_bringup:/opt/erc_ws/install/tiago_pro_description:/opt/erc_ws/install/tiago_pro_head_description:/opt/erc_ws/install/tiago_pro_controller_configuration:/opt/erc_ws/install/tiago_pro_head_controller_configuration:/opt/erc_ws/install/sensors:/opt/erc_ws/install/pal_sea_arm:/opt/erc_ws/install/pal_sea_arm_bringup:/opt/erc_ws/install/pal_sea_arm_description:/opt/erc_ws/install/pal_pro_gripper_simulation:/opt/erc_ws/install/pal_pro_gripper_bringup:/opt/erc_ws/install/pal_pro_gripper:/opt/erc_ws/install/pal_pro_gripper_description:/opt/erc_ws/install/pal_gripper_simulation:/opt/erc_ws/install/pal_gripper:/opt/erc_ws/install/pal_gripper_description:/opt/erc_ws/install/omni_base_robot:/opt/erc_ws/install/omni_base_bringup:/opt/erc_ws/install/omni_base_description:/opt/erc_ws/install/pal_urdf_utils:/opt/erc_ws/install/pal_sea_arm_controller_configuration:/opt/erc_ws/install/pal_pro_gripper_controller_configuration:/opt/erc_ws/install/pal_pro_gripper_wrapper:/opt/erc_ws/install/pal_gripper_controller_configuration:/opt/erc_ws/install/omni_base_controller_configuration:/opt/erc_ws/install/gz_ros2_control:/opt/erc_ws/install/erc_solution:/opt/erc_ws/install/erc_description:/opt/ros/humble CMAKE_PREFIX_PATH=/opt/erc_ws/install/tiago_pro_head_controller_configuration:/opt/erc_ws/install/pal_urdf_utils:/opt/erc_ws/install/tiago_pro_robot:/opt/erc_ws/install/tiago_pro_head_robot:/opt/erc_ws/install/tiago_pro_bringup:/opt/erc_ws/install/tiago_pro_head_bringup:/opt/erc_ws/install/erc_bringup:/opt/erc_ws/install/tiago_pro_description:/opt/erc_ws/install/tiago_pro_head_description:/opt/erc_ws/install/tiago_pro_controller_configuration:/opt/erc_ws/install/pal_sea_arm:/opt/erc_ws/install/pal_sea_arm_bringup:/opt/erc_ws/install/pal_sea_arm_description:/opt/erc_ws/install/pal_pro_gripper_simulation:/opt/erc_ws/install/pal_pro_gripper_bringup:/opt/erc_ws/install/pal_pro_gripper:/opt/erc_ws/install/pal_pro_gripper_description:/opt/erc_ws/install/pal_gripper_simulation:/opt/erc_ws/install/pal_gripper:/opt/erc_ws/install/pal_gripper_description:/opt/erc_ws/install/omni_base_robot:/opt/erc_ws/install/omni_base_bringup:/opt/erc_ws/install/omni_base_description:/opt/erc_ws/install/pal_sea_arm_controller_configuration:/opt/erc_ws/install/pal_pro_gripper_controller_configuration:/opt/erc_ws/install/pal_gripper_controller_configuration:/opt/erc_ws/install/omni_base_controller_configuration:/opt/erc_ws/install/gz_ros2_control:/opt/erc_ws/install/erc_description:/opt/erc_ws/install/sensors:/opt/erc_ws/install/pal_pro_gripper_wrapper:/opt/erc_ws/install/launch_pal:/opt/erc_ws/install/erc_solution:/opt/ros/humble PYTHONPATH=/opt/erc_ws/build/launch_pal:/opt/erc_ws/install/launch_pal/lib/python3.10/site-packages:/opt/erc_ws/install/tiago_pro_description/local/lib/python3.10/dist-packages:/opt/erc_ws/install/tiago_pro_head_description/local/lib/python3.10/dist-packages:/opt/erc_ws/build/sensors:/opt/erc_ws/install/sensors/lib/python3.10/site-packages:/opt/erc_ws/install/pal_sea_arm_description/local/lib/python3.10/dist-packages:/opt/erc_ws/install/pal_pro_gripper_description/local/lib/python3.10/dist-packages:/opt/erc_ws/install/omni_base_description/local/lib/python3.10/dist-packages:/opt/erc_ws/build/pal_pro_gripper_wrapper:/opt/erc_ws/install/pal_pro_gripper_wrapper/lib/python3.10/site-packages:/opt/erc_ws/build/erc_solution:/opt/erc_ws/install/erc_solution/lib/python3.10/site-packages:/opt/ros/humble/lib/python3.10/site-packages:/opt/ros/humble/local/lib/python3.10/dist-packages /usr/bin/cmake --build /opt/erc_ws/build/tiago_pro_head_description -- -j16 -l16
[3.829s] DEBUG:colcon.colcon_core.event_handler.log_command:Invoking command in '/opt/erc_ws/build/tiago_pro_head_description': AMENT_PREFIX_PATH=/opt/erc_ws/install/launch_pal:/opt/erc_ws/install/tiago_pro_robot:/opt/erc_ws/install/tiago_pro_head_robot:/opt/erc_ws/install/tiago_pro_bringup:/opt/erc_ws/install/tiago_pro_head_bringup:/opt/erc_ws/install/erc_bringup:/opt/erc_ws/install/tiago_pro_description:/opt/erc_ws/install/tiago_pro_head_description:/opt/erc_ws/install/tiago_pro_controller_configuration:/opt/erc_ws/install/tiago_pro_head_controller_configuration:/opt/erc_ws/install/sensors:/opt/erc_ws/install/pal_sea_arm:/opt/erc_ws/install/pal_sea_arm_bringup:/opt/erc_ws/install/pal_sea_arm_description:/opt/erc_ws/install/pal_pro_gripper_simulation:/opt/erc_ws/install/pal_pro_gripper_bringup:/opt/erc_ws/install/pal_pro_gripper:/opt/erc_ws/install/pal_pro_gripper_description:/opt/erc_ws/install/pal_gripper_simulation:/opt/erc_ws/install/pal_gripper:/opt/erc_ws/install/pal_gripper_description:/opt/erc_ws/install/omni_base_robot:/opt/erc_ws/install/omni_base_bringup:/opt/erc_ws/install/omni_base_description:/opt/erc_ws/install/pal_urdf_utils:/opt/erc_ws/install/pal_sea_arm_controller_configuration:/opt/erc_ws/install/pal_pro_gripper_controller_configuration:/opt/erc_ws/install/pal_pro_gripper_wrapper:/opt/erc_ws/install/pal_gripper_controller_configuration:/opt/erc_ws/install/omni_base_controller_configuration:/opt/erc_ws/install/gz_ros2_control:/opt/erc_ws/install/erc_solution:/opt/erc_ws/install/erc_description:/opt/ros/humble CMAKE_PREFIX_PATH=/opt/erc_ws/install/tiago_pro_head_controller_configuration:/opt/erc_ws/install/pal_urdf_utils:/opt/erc_ws/install/tiago_pro_robot:/opt/erc_ws/install/tiago_pro_head_robot:/opt/erc_ws/install/tiago_pro_bringup:/opt/erc_ws/install/tiago_pro_head_bringup:/opt/erc_ws/install/erc_bringup:/opt/erc_ws/install/tiago_pro_description:/opt/erc_ws/install/tiago_pro_head_description:/opt/erc_ws/install/tiago_pro_controller_configuration:/opt/erc_ws/install/pal_sea_arm:/opt/erc_ws/install/pal_sea_arm_bringup:/opt/erc_ws/install/pal_sea_arm_description:/opt/erc_ws/install/pal_pro_gripper_simulation:/opt/erc_ws/install/pal_pro_gripper_bringup:/opt/erc_ws/install/pal_pro_gripper:/opt/erc_ws/install/pal_pro_gripper_description:/opt/erc_ws/install/pal_gripper_simulation:/opt/erc_ws/install/pal_gripper:/opt/erc_ws/install/pal_gripper_description:/opt/erc_ws/install/omni_base_robot:/opt/erc_ws/install/omni_base_bringup:/opt/erc_ws/install/omni_base_description:/opt/erc_ws/install/pal_sea_arm_controller_configuration:/opt/erc_ws/install/pal_pro_gripper_controller_configuration:/opt/erc_ws/install/pal_gripper_controller_configuration:/opt/erc_ws/install/omni_base_controller_configuration:/opt/erc_ws/install/gz_ros2_control:/opt/erc_ws/install/erc_description:/opt/erc_ws/install/sensors:/opt/erc_ws/install/pal_pro_gripper_wrapper:/opt/erc_ws/install/launch_pal:/opt/erc_ws/install/erc_solution:/opt/ros/humble PYTHONPATH=/opt/erc_ws/build/launch_pal:/opt/erc_ws/install/launch_pal/lib/python3.10/site-packages:/opt/erc_ws/install/tiago_pro_description/local/lib/python3.10/dist-packages:/opt/erc_ws/install/tiago_pro_head_description/local/lib/python3.10/dist-packages:/opt/erc_ws/build/sensors:/opt/erc_ws/install/sensors/lib/python3.10/site-packages:/opt/erc_ws/install/pal_sea_arm_description/local/lib/python3.10/dist-packages:/opt/erc_ws/install/pal_pro_gripper_description/local/lib/python3.10/dist-packages:/opt/erc_ws/install/omni_base_description/local/lib/python3.10/dist-packages:/opt/erc_ws/build/pal_pro_gripper_wrapper:/opt/erc_ws/install/pal_pro_gripper_wrapper/lib/python3.10/site-packages:/opt/erc_ws/build/erc_solution:/opt/erc_ws/install/erc_solution/lib/python3.10/site-packages:/opt/ros/humble/lib/python3.10/site-packages:/opt/ros/humble/local/lib/python3.10/dist-packages /usr/bin/cmake --install /opt/erc_ws/build/tiago_pro_head_description
[3.857s] DEBUG:colcon.colcon_core.event_handler.log_command:Invoked command in '/opt/erc_ws/build/omni_base_bringup' returned '0': AMENT_PREFIX_PATH=/opt/erc_ws/install/launch_pal:/opt/erc_ws/install/tiago_pro_robot:/opt/erc_ws/install/tiago_pro_head_robot:/opt/erc_ws/install/tiago_pro_bringup:/opt/erc_ws/install/tiago_pro_head_bringup:/opt/erc_ws/install/erc_bringup:/opt/erc_ws/install/tiago_pro_description:/opt/erc_ws/install/tiago_pro_head_description:/opt/erc_ws/install/tiago_pro_controller_configuration:/opt/erc_ws/install/tiago_pro_head_controller_configuration:/opt/erc_ws/install/sensors:/opt/erc_ws/install/pal_sea_arm:/opt/erc_ws/install/pal_sea_arm_bringup:/opt/erc_ws/install/pal_sea_arm_description:/opt/erc_ws/install/pal_pro_gripper_simulation:/opt/erc_ws/install/pal_pro_gripper_bringup:/opt/erc_ws/install/pal_pro_gripper:/opt/erc_ws/install/pal_pro_gripper_description:/opt/erc_ws/install/pal_gripper_simulation:/opt/erc_ws/install/pal_gripper:/opt/erc_ws/install/pal_gripper_description:/opt/erc_ws/install/omni_base_robot:/opt/erc_ws/install/omni_base_bringup:/opt/erc_ws/install/omni_base_description:/opt/erc_ws/install/pal_urdf_utils:/opt/erc_ws/install/pal_sea_arm_controller_configuration:/opt/erc_ws/install/pal_pro_gripper_controller_configuration:/opt/erc_ws/install/pal_pro_gripper_wrapper:/opt/erc_ws/install/pal_gripper_controller_configuration:/opt/erc_ws/install/omni_base_controller_configuration:/opt/erc_ws/install/gz_ros2_control:/opt/erc_ws/install/erc_solution:/opt/erc_ws/install/erc_description:/opt/ros/humble CMAKE_PREFIX_PATH=/opt/erc_ws/install/omni_base_description:/opt/erc_ws/install/pal_urdf_utils:/opt/erc_ws/install/omni_base_controller_configuration:/opt/erc_ws/install/tiago_pro_robot:/opt/erc_ws/install/tiago_pro_head_robot:/opt/erc_ws/install/tiago_pro_bringup:/opt/erc_ws/install/tiago_pro_head_bringup:/opt/erc_ws/install/erc_bringup:/opt/erc_ws/install/tiago_pro_description:/opt/erc_ws/install/tiago_pro_head_description:/opt/erc_ws/install/tiago_pro_controller_configuration:/opt/erc_ws/install/tiago_pro_head_controller_configuration:/opt/erc_ws/install/pal_sea_arm:/opt/erc_ws/install/pal_sea_arm_bringup:/opt/erc_ws/install/pal_sea_arm_description:/opt/erc_ws/install/pal_pro_gripper_simulation:/opt/erc_ws/install/pal_pro_gripper_bringup:/opt/erc_ws/install/pal_pro_gripper:/opt/erc_ws/install/pal_pro_gripper_description:/opt/erc_ws/install/pal_gripper_simulation:/opt/erc_ws/install/pal_gripper:/opt/erc_ws/install/pal_gripper_description:/opt/erc_ws/install/omni_base_robot:/opt/erc_ws/install/omni_base_bringup:/opt/erc_ws/install/pal_sea_arm_controller_configuration:/opt/erc_ws/install/pal_pro_gripper_controller_configuration:/opt/erc_ws/install/pal_gripper_controller_configuration:/opt/erc_ws/install/gz_ros2_control:/opt/erc_ws/install/erc_description:/opt/erc_ws/install/sensors:/opt/erc_ws/install/pal_pro_gripper_wrapper:/opt/erc_ws/install/launch_pal:/opt/erc_ws/install/erc_solution:/opt/ros/humble PYTHONPATH=/opt/erc_ws/build/launch_pal:/opt/erc_ws/install/launch_pal/lib/python3.10/site-packages:/opt/erc_ws/install/tiago_pro_description/local/lib/python3.10/dist-packages:/opt/erc_ws/install/tiago_pro_head_description/local/lib/python3.10/dist-packages:/opt/erc_ws/build/sensors:/opt/erc_ws/install/sensors/lib/python3.10/site-packages:/opt/erc_ws/install/pal_sea_arm_description/local/lib/python3.10/dist-packages:/opt/erc_ws/install/pal_pro_gripper_description/local/lib/python3.10/dist-packages:/opt/erc_ws/install/omni_base_description/local/lib/python3.10/dist-packages:/opt/erc_ws/build/pal_pro_gripper_wrapper:/opt/erc_ws/install/pal_pro_gripper_wrapper/lib/python3.10/site-packages:/opt/erc_ws/build/erc_solution:/opt/erc_ws/install/erc_solution/lib/python3.10/site-packages:/opt/ros/humble/lib/python3.10/site-packages:/opt/ros/humble/local/lib/python3.10/dist-packages /usr/bin/cmake --build /opt/erc_ws/build/omni_base_bringup -- -j16 -l16
[3.860s] DEBUG:colcon.colcon_core.event_handler.log_command:Invoking command in '/opt/erc_ws/build/omni_base_bringup': AMENT_PREFIX_PATH=/opt/erc_ws/install/launch_pal:/opt/erc_ws/install/tiago_pro_robot:/opt/erc_ws/install/tiago_pro_head_robot:/opt/erc_ws/install/tiago_pro_bringup:/opt/erc_ws/install/tiago_pro_head_bringup:/opt/erc_ws/install/erc_bringup:/opt/erc_ws/install/tiago_pro_description:/opt/erc_ws/install/tiago_pro_head_description:/opt/erc_ws/install/tiago_pro_controller_configuration:/opt/erc_ws/install/tiago_pro_head_controller_configuration:/opt/erc_ws/install/sensors:/opt/erc_ws/install/pal_sea_arm:/opt/erc_ws/install/pal_sea_arm_bringup:/opt/erc_ws/install/pal_sea_arm_description:/opt/erc_ws/install/pal_pro_gripper_simulation:/opt/erc_ws/install/pal_pro_gripper_bringup:/opt/erc_ws/install/pal_pro_gripper:/opt/erc_ws/install/pal_pro_gripper_description:/opt/erc_ws/install/pal_gripper_simulation:/opt/erc_ws/install/pal_gripper:/opt/erc_ws/install/pal_gripper_description:/opt/erc_ws/install/omni_base_robot:/opt/erc_ws/install/omni_base_bringup:/opt/erc_ws/install/omni_base_description:/opt/erc_ws/install/pal_urdf_utils:/opt/erc_ws/install/pal_sea_arm_controller_configuration:/opt/erc_ws/install/pal_pro_gripper_controller_configuration:/opt/erc_ws/install/pal_pro_gripper_wrapper:/opt/erc_ws/install/pal_gripper_controller_configuration:/opt/erc_ws/install/omni_base_controller_configuration:/opt/erc_ws/install/gz_ros2_control:/opt/erc_ws/install/erc_solution:/opt/erc_ws/install/erc_description:/opt/ros/humble CMAKE_PREFIX_PATH=/opt/erc_ws/install/omni_base_description:/opt/erc_ws/install/pal_urdf_utils:/opt/erc_ws/install/omni_base_controller_configuration:/opt/erc_ws/install/tiago_pro_robot:/opt/erc_ws/install/tiago_pro_head_robot:/opt/erc_ws/install/tiago_pro_bringup:/opt/erc_ws/install/tiago_pro_head_bringup:/opt/erc_ws/install/erc_bringup:/opt/erc_ws/install/tiago_pro_description:/opt/erc_ws/install/tiago_pro_head_description:/opt/erc_ws/install/tiago_pro_controller_configuration:/opt/erc_ws/install/tiago_pro_head_controller_configuration:/opt/erc_ws/install/pal_sea_arm:/opt/erc_ws/install/pal_sea_arm_bringup:/opt/erc_ws/install/pal_sea_arm_description:/opt/erc_ws/install/pal_pro_gripper_simulation:/opt/erc_ws/install/pal_pro_gripper_bringup:/opt/erc_ws/install/pal_pro_gripper:/opt/erc_ws/install/pal_pro_gripper_description:/opt/erc_ws/install/pal_gripper_simulation:/opt/erc_ws/install/pal_gripper:/opt/erc_ws/install/pal_gripper_description:/opt/erc_ws/install/omni_base_robot:/opt/erc_ws/install/omni_base_bringup:/opt/erc_ws/install/pal_sea_arm_controller_configuration:/opt/erc_ws/install/pal_pro_gripper_controller_configuration:/opt/erc_ws/install/pal_gripper_controller_configuration:/opt/erc_ws/install/gz_ros2_control:/opt/erc_ws/install/erc_description:/opt/erc_ws/install/sensors:/opt/erc_ws/install/pal_pro_gripper_wrapper:/opt/erc_ws/install/launch_pal:/opt/erc_ws/install/erc_solution:/opt/ros/humble PYTHONPATH=/opt/erc_ws/build/launch_pal:/opt/erc_ws/install/launch_pal/lib/python3.10/site-packages:/opt/erc_ws/install/tiago_pro_description/local/lib/python3.10/dist-packages:/opt/erc_ws/install/tiago_pro_head_description/local/lib/python3.10/dist-packages:/opt/erc_ws/build/sensors:/opt/erc_ws/install/sensors/lib/python3.10/site-packages:/opt/erc_ws/install/pal_sea_arm_description/local/lib/python3.10/dist-packages:/opt/erc_ws/install/pal_pro_gripper_description/local/lib/python3.10/dist-packages:/opt/erc_ws/install/omni_base_description/local/lib/python3.10/dist-packages:/opt/erc_ws/build/pal_pro_gripper_wrapper:/opt/erc_ws/install/pal_pro_gripper_wrapper/lib/python3.10/site-packages:/opt/erc_ws/build/erc_solution:/opt/erc_ws/install/erc_solution/lib/python3.10/site-packages:/opt/ros/humble/lib/python3.10/site-packages:/opt/ros/humble/local/lib/python3.10/dist-packages /usr/bin/cmake --install /opt/erc_ws/build/omni_base_bringup
[3.888s] Level 1:colcon.colcon_core.environment:create_environment_scripts_only(omni_base_bringup)
[3.888s] Level 1:colcon.colcon_core.environment:checking '/opt/erc_ws/install/omni_base_bringup' for CMake module files
[3.888s] DEBUG:colcon.colcon_core.event_handler.log_command:Invoked command in '/opt/erc_ws/build/omni_base_bringup' returned '0': AMENT_PREFIX_PATH=/opt/erc_ws/install/launch_pal:/opt/erc_ws/install/tiago_pro_robot:/opt/erc_ws/install/tiago_pro_head_robot:/opt/erc_ws/install/tiago_pro_bringup:/opt/erc_ws/install/tiago_pro_head_bringup:/opt/erc_ws/install/erc_bringup:/opt/erc_ws/install/tiago_pro_description:/opt/erc_ws/install/tiago_pro_head_description:/opt/erc_ws/install/tiago_pro_controller_configuration:/opt/erc_ws/install/tiago_pro_head_controller_configuration:/opt/erc_ws/install/sensors:/opt/erc_ws/install/pal_sea_arm:/opt/erc_ws/install/pal_sea_arm_bringup:/opt/erc_ws/install/pal_sea_arm_description:/opt/erc_ws/install/pal_pro_gripper_simulation:/opt/erc_ws/install/pal_pro_gripper_bringup:/opt/erc_ws/install/pal_pro_gripper:/opt/erc_ws/install/pal_pro_gripper_description:/opt/erc_ws/install/pal_gripper_simulation:/opt/erc_ws/install/pal_gripper:/opt/erc_ws/install/pal_gripper_description:/opt/erc_ws/install/omni_base_robot:/opt/erc_ws/install/omni_base_bringup:/opt/erc_ws/install/omni_base_description:/opt/erc_ws/install/pal_urdf_utils:/opt/erc_ws/install/pal_sea_arm_controller_configuration:/opt/erc_ws/install/pal_pro_gripper_controller_configuration:/opt/erc_ws/install/pal_pro_gripper_wrapper:/opt/erc_ws/install/pal_gripper_controller_configuration:/opt/erc_ws/install/omni_base_controller_configuration:/opt/erc_ws/install/gz_ros2_control:/opt/erc_ws/install/erc_solution:/opt/erc_ws/install/erc_description:/opt/ros/humble CMAKE_PREFIX_PATH=/opt/erc_ws/install/omni_base_description:/opt/erc_ws/install/pal_urdf_utils:/opt/erc_ws/install/omni_base_controller_configuration:/opt/erc_ws/install/tiago_pro_robot:/opt/erc_ws/install/tiago_pro_head_robot:/opt/erc_ws/install/tiago_pro_bringup:/opt/erc_ws/install/tiago_pro_head_bringup:/opt/erc_ws/install/erc_bringup:/opt/erc_ws/install/tiago_pro_description:/opt/erc_ws/install/tiago_pro_head_description:/opt/erc_ws/install/tiago_pro_controller_configuration:/opt/erc_ws/install/tiago_pro_head_controller_configuration:/opt/erc_ws/install/pal_sea_arm:/opt/erc_ws/install/pal_sea_arm_bringup:/opt/erc_ws/install/pal_sea_arm_description:/opt/erc_ws/install/pal_pro_gripper_simulation:/opt/erc_ws/install/pal_pro_gripper_bringup:/opt/erc_ws/install/pal_pro_gripper:/opt/erc_ws/install/pal_pro_gripper_description:/opt/erc_ws/install/pal_gripper_simulation:/opt/erc_ws/install/pal_gripper:/opt/erc_ws/install/pal_gripper_description:/opt/erc_ws/install/omni_base_robot:/opt/erc_ws/install/omni_base_bringup:/opt/erc_ws/install/pal_sea_arm_controller_configuration:/opt/erc_ws/install/pal_pro_gripper_controller_configuration:/opt/erc_ws/install/pal_gripper_controller_configuration:/opt/erc_ws/install/gz_ros2_control:/opt/erc_ws/install/erc_description:/opt/erc_ws/install/sensors:/opt/erc_ws/install/pal_pro_gripper_wrapper:/opt/erc_ws/install/launch_pal:/opt/erc_ws/install/erc_solution:/opt/ros/humble PYTHONPATH=/opt/erc_ws/build/launch_pal:/opt/erc_ws/install/launch_pal/lib/python3.10/site-packages:/opt/erc_ws/install/tiago_pro_description/local/lib/python3.10/dist-packages:/opt/erc_ws/install/tiago_pro_head_description/local/lib/python3.10/dist-packages:/opt/erc_ws/build/sensors:/opt/erc_ws/install/sensors/lib/python3.10/site-packages:/opt/erc_ws/install/pal_sea_arm_description/local/lib/python3.10/dist-packages:/opt/erc_ws/install/pal_pro_gripper_description/local/lib/python3.10/dist-packages:/opt/erc_ws/install/omni_base_description/local/lib/python3.10/dist-packages:/opt/erc_ws/build/pal_pro_gripper_wrapper:/opt/erc_ws/install/pal_pro_gripper_wrapper/lib/python3.10/site-packages:/opt/erc_ws/build/erc_solution:/opt/erc_ws/install/erc_solution/lib/python3.10/site-packages:/opt/ros/humble/lib/python3.10/site-packages:/opt/ros/humble/local/lib/python3.10/dist-packages /usr/bin/cmake --install /opt/erc_ws/build/omni_base_bringup
[3.889s] Level 1:colcon.colcon_core.environment:checking '/opt/erc_ws/install/omni_base_bringup' for CMake config files
[3.889s] Level 1:colcon.colcon_core.shell:create_environment_hook('omni_base_bringup', 'cmake_prefix_path')
[3.889s] INFO:colcon.colcon_core.shell:Creating environment hook '/opt/erc_ws/install/omni_base_bringup/share/omni_base_bringup/hook/cmake_prefix_path.ps1'
[3.890s] INFO:colcon.colcon_core.shell:Creating environment descriptor '/opt/erc_ws/install/omni_base_bringup/share/omni_base_bringup/hook/cmake_prefix_path.dsv'
[3.890s] INFO:colcon.colcon_core.shell:Creating environment hook '/opt/erc_ws/install/omni_base_bringup/share/omni_base_bringup/hook/cmake_prefix_path.sh'
[3.891s] Level 1:colcon.colcon_core.environment:checking '/opt/erc_ws/install/omni_base_bringup/bin'
[3.891s] Level 1:colcon.colcon_core.environment:checking '/opt/erc_ws/install/omni_base_bringup/lib/pkgconfig/omni_base_bringup.pc'
[3.891s] Level 1:colcon.colcon_core.environment:checking '/opt/erc_ws/install/omni_base_bringup/lib/python3.10/site-packages'
[3.892s] Level 1:colcon.colcon_core.environment:checking '/opt/erc_ws/install/omni_base_bringup/bin'
[3.892s] INFO:colcon.colcon_core.shell:Creating package script '/opt/erc_ws/install/omni_base_bringup/share/omni_base_bringup/package.ps1'
[3.892s] INFO:colcon.colcon_core.shell:Creating package descriptor '/opt/erc_ws/install/omni_base_bringup/share/omni_base_bringup/package.dsv'
[3.893s] INFO:colcon.colcon_core.shell:Creating package script '/opt/erc_ws/install/omni_base_bringup/share/omni_base_bringup/package.sh'
[3.893s] INFO:colcon.colcon_core.shell:Creating package script '/opt/erc_ws/install/omni_base_bringup/share/omni_base_bringup/package.bash'
[3.894s] INFO:colcon.colcon_core.shell:Creating package script '/opt/erc_ws/install/omni_base_bringup/share/omni_base_bringup/package.zsh'
[3.894s] Level 1:colcon.colcon_core.environment:create_file_with_runtime_dependencies(/opt/erc_ws/install/omni_base_bringup/share/colcon-core/packages/omni_base_bringup)
[3.895s] Level 1:colcon.colcon_core.environment:create_environment_scripts_only(omni_base_bringup)
[3.895s] Level 1:colcon.colcon_core.environment:checking '/opt/erc_ws/install/omni_base_bringup' for CMake module files
[3.895s] Level 1:colcon.colcon_core.environment:checking '/opt/erc_ws/install/omni_base_bringup' for CMake config files
[3.896s] Level 1:colcon.colcon_core.shell:create_environment_hook('omni_base_bringup', 'cmake_prefix_path')
[3.896s] INFO:colcon.colcon_core.shell:Creating environment hook '/opt/erc_ws/install/omni_base_bringup/share/omni_base_bringup/hook/cmake_prefix_path.ps1'
[3.896s] INFO:colcon.colcon_core.shell:Creating environment descriptor '/opt/erc_ws/install/omni_base_bringup/share/omni_base_bringup/hook/cmake_prefix_path.dsv'
[3.897s] INFO:colcon.colcon_core.shell:Creating environment hook '/opt/erc_ws/install/omni_base_bringup/share/omni_base_bringup/hook/cmake_prefix_path.sh'
[3.898s] Level 1:colcon.colcon_core.environment:checking '/opt/erc_ws/install/omni_base_bringup/bin'
[3.898s] Level 1:colcon.colcon_core.environment:checking '/opt/erc_ws/install/omni_base_bringup/lib/pkgconfig/omni_base_bringup.pc'
[3.898s] Level 1:colcon.colcon_core.environment:checking '/opt/erc_ws/install/omni_base_bringup/lib/python3.10/site-packages'
[3.899s] Level 1:colcon.colcon_core.environment:checking '/opt/erc_ws/install/omni_base_bringup/bin'
[3.899s] INFO:colcon.colcon_core.shell:Creating package script '/opt/erc_ws/install/omni_base_bringup/share/omni_base_bringup/package.ps1'
[3.900s] INFO:colcon.colcon_core.shell:Creating package descriptor '/opt/erc_ws/install/omni_base_bringup/share/omni_base_bringup/package.dsv'
[3.900s] INFO:colcon.colcon_core.shell:Creating package script '/opt/erc_ws/install/omni_base_bringup/share/omni_base_bringup/package.sh'
[3.901s] INFO:colcon.colcon_core.shell:Creating package script '/opt/erc_ws/install/omni_base_bringup/share/omni_base_bringup/package.bash'
[3.901s] INFO:colcon.colcon_core.shell:Creating package script '/opt/erc_ws/install/omni_base_bringup/share/omni_base_bringup/package.zsh'
[3.902s] Level 1:colcon.colcon_core.environment:create_file_with_runtime_dependencies(/opt/erc_ws/install/omni_base_bringup/share/colcon-core/packages/omni_base_bringup)
[3.903s] INFO:colcon.colcon_ros.task.ament_cmake.build:Building ROS package in '/opt/erc_ws/src/omni_base_robot/omni_base_robot' with build type 'ament_cmake'
[3.903s] INFO:colcon.colcon_cmake.task.cmake.build:Building CMake package in '/opt/erc_ws/src/omni_base_robot/omni_base_robot'
[3.903s] INFO:colcon.colcon_core.shell:Skip shell extension 'powershell' for command environment: Not usable outside of PowerShell
[3.903s] DEBUG:colcon.colcon_core.shell:Skip shell extension 'dsv' for command environment
[3.913s] Level 1:colcon.colcon_core.environment:create_environment_scripts_only(tiago_pro_head_description)
[3.915s] Level 1:colcon.colcon_core.environment:checking '/opt/erc_ws/install/tiago_pro_head_description' for CMake module files
[3.916s] DEBUG:colcon.colcon_core.event_handler.log_command:Invoked command in '/opt/erc_ws/build/tiago_pro_head_description' returned '0': AMENT_PREFIX_PATH=/opt/erc_ws/install/launch_pal:/opt/erc_ws/install/tiago_pro_robot:/opt/erc_ws/install/tiago_pro_head_robot:/opt/erc_ws/install/tiago_pro_bringup:/opt/erc_ws/install/tiago_pro_head_bringup:/opt/erc_ws/install/erc_bringup:/opt/erc_ws/install/tiago_pro_description:/opt/erc_ws/install/tiago_pro_head_description:/opt/erc_ws/install/tiago_pro_controller_configuration:/opt/erc_ws/install/tiago_pro_head_controller_configuration:/opt/erc_ws/install/sensors:/opt/erc_ws/install/pal_sea_arm:/opt/erc_ws/install/pal_sea_arm_bringup:/opt/erc_ws/install/pal_sea_arm_description:/opt/erc_ws/install/pal_pro_gripper_simulation:/opt/erc_ws/install/pal_pro_gripper_bringup:/opt/erc_ws/install/pal_pro_gripper:/opt/erc_ws/install/pal_pro_gripper_description:/opt/erc_ws/install/pal_gripper_simulation:/opt/erc_ws/install/pal_gripper:/opt/erc_ws/install/pal_gripper_description:/opt/erc_ws/install/omni_base_robot:/opt/erc_ws/install/omni_base_bringup:/opt/erc_ws/install/omni_base_description:/opt/erc_ws/install/pal_urdf_utils:/opt/erc_ws/install/pal_sea_arm_controller_configuration:/opt/erc_ws/install/pal_pro_gripper_controller_configuration:/opt/erc_ws/install/pal_pro_gripper_wrapper:/opt/erc_ws/install/pal_gripper_controller_configuration:/opt/erc_ws/install/omni_base_controller_configuration:/opt/erc_ws/install/gz_ros2_control:/opt/erc_ws/install/erc_solution:/opt/erc_ws/install/erc_description:/opt/ros/humble CMAKE_PREFIX_PATH=/opt/erc_ws/install/tiago_pro_head_controller_configuration:/opt/erc_ws/install/pal_urdf_utils:/opt/erc_ws/install/tiago_pro_robot:/opt/erc_ws/install/tiago_pro_head_robot:/opt/erc_ws/install/tiago_pro_bringup:/opt/erc_ws/install/tiago_pro_head_bringup:/opt/erc_ws/install/erc_bringup:/opt/erc_ws/install/tiago_pro_description:/opt/erc_ws/install/tiago_pro_head_description:/opt/erc_ws/install/tiago_pro_controller_configuration:/opt/erc_ws/install/pal_sea_arm:/opt/erc_ws/install/pal_sea_arm_bringup:/opt/erc_ws/install/pal_sea_arm_description:/opt/erc_ws/install/pal_pro_gripper_simulation:/opt/erc_ws/install/pal_pro_gripper_bringup:/opt/erc_ws/install/pal_pro_gripper:/opt/erc_ws/install/pal_pro_gripper_description:/opt/erc_ws/install/pal_gripper_simulation:/opt/erc_ws/install/pal_gripper:/opt/erc_ws/install/pal_gripper_description:/opt/erc_ws/install/omni_base_robot:/opt/erc_ws/install/omni_base_bringup:/opt/erc_ws/install/omni_base_description:/opt/erc_ws/install/pal_sea_arm_controller_configuration:/opt/erc_ws/install/pal_pro_gripper_controller_configuration:/opt/erc_ws/install/pal_gripper_controller_configuration:/opt/erc_ws/install/omni_base_controller_configuration:/opt/erc_ws/install/gz_ros2_control:/opt/erc_ws/install/erc_description:/opt/erc_ws/install/sensors:/opt/erc_ws/install/pal_pro_gripper_wrapper:/opt/erc_ws/install/launch_pal:/opt/erc_ws/install/erc_solution:/opt/ros/humble PYTHONPATH=/opt/erc_ws/build/launch_pal:/opt/erc_ws/install/launch_pal/lib/python3.10/site-packages:/opt/erc_ws/install/tiago_pro_description/local/lib/python3.10/dist-packages:/opt/erc_ws/install/tiago_pro_head_description/local/lib/python3.10/dist-packages:/opt/erc_ws/build/sensors:/opt/erc_ws/install/sensors/lib/python3.10/site-packages:/opt/erc_ws/install/pal_sea_arm_description/local/lib/python3.10/dist-packages:/opt/erc_ws/install/pal_pro_gripper_description/local/lib/python3.10/dist-packages:/opt/erc_ws/install/omni_base_description/local/lib/python3.10/dist-packages:/opt/erc_ws/build/pal_pro_gripper_wrapper:/opt/erc_ws/install/pal_pro_gripper_wrapper/lib/python3.10/site-packages:/opt/erc_ws/build/erc_solution:/opt/erc_ws/install/erc_solution/lib/python3.10/site-packages:/opt/ros/humble/lib/python3.10/site-packages:/opt/ros/humble/local/lib/python3.10/dist-packages /usr/bin/cmake --install /opt/erc_ws/build/tiago_pro_head_description
[3.917s] Level 1:colcon.colcon_core.environment:checking '/opt/erc_ws/install/tiago_pro_head_description' for CMake config files
[3.918s] Level 1:colcon.colcon_core.shell:create_environment_hook('tiago_pro_head_description', 'cmake_prefix_path')
[3.918s] INFO:colcon.colcon_core.shell:Creating environment hook '/opt/erc_ws/install/tiago_pro_head_description/share/tiago_pro_head_description/hook/cmake_prefix_path.ps1'
[3.919s] INFO:colcon.colcon_core.shell:Creating environment descriptor '/opt/erc_ws/install/tiago_pro_head_description/share/tiago_pro_head_description/hook/cmake_prefix_path.dsv'
[3.919s] INFO:colcon.colcon_core.shell:Creating environment hook '/opt/erc_ws/install/tiago_pro_head_description/share/tiago_pro_head_description/hook/cmake_prefix_path.sh'
[3.920s] Level 1:colcon.colcon_core.environment:checking '/opt/erc_ws/install/tiago_pro_head_description/bin'
[3.920s] Level 1:colcon.colcon_core.environment:checking '/opt/erc_ws/install/tiago_pro_head_description/lib/pkgconfig/tiago_pro_head_description.pc'
[3.920s] Level 1:colcon.colcon_core.environment:checking '/opt/erc_ws/install/tiago_pro_head_description/lib/python3.10/site-packages'
[3.920s] Level 1:colcon.colcon_core.environment:checking '/opt/erc_ws/install/tiago_pro_head_description/bin'
[3.921s] INFO:colcon.colcon_core.shell:Creating package script '/opt/erc_ws/install/tiago_pro_head_description/share/tiago_pro_head_description/package.ps1'
[3.922s] INFO:colcon.colcon_core.shell:Creating package descriptor '/opt/erc_ws/install/tiago_pro_head_description/share/tiago_pro_head_description/package.dsv'
[3.923s] INFO:colcon.colcon_core.shell:Creating package script '/opt/erc_ws/install/tiago_pro_head_description/share/tiago_pro_head_description/package.sh'
[3.923s] INFO:colcon.colcon_core.shell:Creating package script '/opt/erc_ws/install/tiago_pro_head_description/share/tiago_pro_head_description/package.bash'
[3.924s] INFO:colcon.colcon_core.shell:Creating package script '/opt/erc_ws/install/tiago_pro_head_description/share/tiago_pro_head_description/package.zsh'
[3.924s] Level 1:colcon.colcon_core.environment:create_file_with_runtime_dependencies(/opt/erc_ws/install/tiago_pro_head_description/share/colcon-core/packages/tiago_pro_head_description)
[3.925s] Level 1:colcon.colcon_core.environment:create_environment_scripts_only(tiago_pro_head_description)
[3.925s] Level 1:colcon.colcon_core.environment:checking '/opt/erc_ws/install/tiago_pro_head_description' for CMake module files
[3.925s] Level 1:colcon.colcon_core.environment:checking '/opt/erc_ws/install/tiago_pro_head_description' for CMake config files
[3.926s] Level 1:colcon.colcon_core.shell:create_environment_hook('tiago_pro_head_description', 'cmake_prefix_path')
[3.926s] INFO:colcon.colcon_core.shell:Creating environment hook '/opt/erc_ws/install/tiago_pro_head_description/share/tiago_pro_head_description/hook/cmake_prefix_path.ps1'
[3.926s] INFO:colcon.colcon_core.shell:Creating environment descriptor '/opt/erc_ws/install/tiago_pro_head_description/share/tiago_pro_head_description/hook/cmake_prefix_path.dsv'
[3.926s] INFO:colcon.colcon_core.shell:Creating environment hook '/opt/erc_ws/install/tiago_pro_head_description/share/tiago_pro_head_description/hook/cmake_prefix_path.sh'
[3.927s] Level 1:colcon.colcon_core.environment:checking '/opt/erc_ws/install/tiago_pro_head_description/bin'
[3.927s] Level 1:colcon.colcon_core.environment:checking '/opt/erc_ws/install/tiago_pro_head_description/lib/pkgconfig/tiago_pro_head_description.pc'
[3.927s] Level 1:colcon.colcon_core.environment:checking '/opt/erc_ws/install/tiago_pro_head_description/lib/python3.10/site-packages'
[3.928s] Level 1:colcon.colcon_core.environment:checking '/opt/erc_ws/install/tiago_pro_head_description/bin'
[3.928s] INFO:colcon.colcon_core.shell:Creating package script '/opt/erc_ws/install/tiago_pro_head_description/share/tiago_pro_head_description/package.ps1'
[3.928s] INFO:colcon.colcon_core.shell:Creating package descriptor '/opt/erc_ws/install/tiago_pro_head_description/share/tiago_pro_head_description/package.dsv'
[3.929s] INFO:colcon.colcon_core.shell:Creating package script '/opt/erc_ws/install/tiago_pro_head_description/share/tiago_pro_head_description/package.sh'
[3.929s] INFO:colcon.colcon_core.shell:Creating package script '/opt/erc_ws/install/tiago_pro_head_description/share/tiago_pro_head_description/package.bash'
[3.930s] INFO:colcon.colcon_core.shell:Creating package script '/opt/erc_ws/install/tiago_pro_head_description/share/tiago_pro_head_description/package.zsh'
[3.930s] Level 1:colcon.colcon_core.environment:create_file_with_runtime_dependencies(/opt/erc_ws/install/tiago_pro_head_description/share/colcon-core/packages/tiago_pro_head_description)
[3.931s] INFO:colcon.colcon_ros.task.ament_cmake.build:Building ROS package in '/opt/erc_ws/src/tiago_pro_head_robot/tiago_pro_head_bringup' with build type 'ament_cmake'
[3.931s] INFO:colcon.colcon_cmake.task.cmake.build:Building CMake package in '/opt/erc_ws/src/tiago_pro_head_robot/tiago_pro_head_bringup'
[3.931s] INFO:colcon.colcon_core.shell:Skip shell extension 'powershell' for command environment: Not usable outside of PowerShell
[3.931s] DEBUG:colcon.colcon_core.shell:Skip shell extension 'dsv' for command environment
[3.954s] DEBUG:colcon.colcon_core.event_handler.log_command:Invoking command in '/opt/erc_ws/build/omni_base_robot': AMENT_PREFIX_PATH=/opt/erc_ws/install/launch_pal:/opt/erc_ws/install/tiago_pro_robot:/opt/erc_ws/install/tiago_pro_head_robot:/opt/erc_ws/install/tiago_pro_bringup:/opt/erc_ws/install/tiago_pro_head_bringup:/opt/erc_ws/install/erc_bringup:/opt/erc_ws/install/tiago_pro_description:/opt/erc_ws/install/tiago_pro_head_description:/opt/erc_ws/install/tiago_pro_controller_configuration:/opt/erc_ws/install/tiago_pro_head_controller_configuration:/opt/erc_ws/install/sensors:/opt/erc_ws/install/pal_sea_arm:/opt/erc_ws/install/pal_sea_arm_bringup:/opt/erc_ws/install/pal_sea_arm_description:/opt/erc_ws/install/pal_pro_gripper_simulation:/opt/erc_ws/install/pal_pro_gripper_bringup:/opt/erc_ws/install/pal_pro_gripper:/opt/erc_ws/install/pal_pro_gripper_description:/opt/erc_ws/install/pal_gripper_simulation:/opt/erc_ws/install/pal_gripper:/opt/erc_ws/install/pal_gripper_description:/opt/erc_ws/install/omni_base_robot:/opt/erc_ws/install/omni_base_bringup:/opt/erc_ws/install/omni_base_description:/opt/erc_ws/install/pal_urdf_utils:/opt/erc_ws/install/pal_sea_arm_controller_configuration:/opt/erc_ws/install/pal_pro_gripper_controller_configuration:/opt/erc_ws/install/pal_pro_gripper_wrapper:/opt/erc_ws/install/pal_gripper_controller_configuration:/opt/erc_ws/install/omni_base_controller_configuration:/opt/erc_ws/install/gz_ros2_control:/opt/erc_ws/install/erc_solution:/opt/erc_ws/install/erc_description:/opt/ros/humble CMAKE_PREFIX_PATH=/opt/erc_ws/install/omni_base_bringup:/opt/erc_ws/install/omni_base_description:/opt/erc_ws/install/pal_urdf_utils:/opt/erc_ws/install/omni_base_controller_configuration:/opt/erc_ws/install/tiago_pro_robot:/opt/erc_ws/install/tiago_pro_head_robot:/opt/erc_ws/install/tiago_pro_bringup:/opt/erc_ws/install/tiago_pro_head_bringup:/opt/erc_ws/install/erc_bringup:/opt/erc_ws/install/tiago_pro_description:/opt/erc_ws/install/tiago_pro_head_description:/opt/erc_ws/install/tiago_pro_controller_configuration:/opt/erc_ws/install/tiago_pro_head_controller_configuration:/opt/erc_ws/install/pal_sea_arm:/opt/erc_ws/install/pal_sea_arm_bringup:/opt/erc_ws/install/pal_sea_arm_description:/opt/erc_ws/install/pal_pro_gripper_simulation:/opt/erc_ws/install/pal_pro_gripper_bringup:/opt/erc_ws/install/pal_pro_gripper:/opt/erc_ws/install/pal_pro_gripper_description:/opt/erc_ws/install/pal_gripper_simulation:/opt/erc_ws/install/pal_gripper:/opt/erc_ws/install/pal_gripper_description:/opt/erc_ws/install/omni_base_robot:/opt/erc_ws/install/pal_sea_arm_controller_configuration:/opt/erc_ws/install/pal_pro_gripper_controller_configuration:/opt/erc_ws/install/pal_gripper_controller_configuration:/opt/erc_ws/install/gz_ros2_control:/opt/erc_ws/install/erc_description:/opt/erc_ws/install/sensors:/opt/erc_ws/install/pal_pro_gripper_wrapper:/opt/erc_ws/install/launch_pal:/opt/erc_ws/install/erc_solution:/opt/ros/humble PYTHONPATH=/opt/erc_ws/build/launch_pal:/opt/erc_ws/install/launch_pal/lib/python3.10/site-packages:/opt/erc_ws/install/tiago_pro_description/local/lib/python3.10/dist-packages:/opt/erc_ws/install/tiago_pro_head_description/local/lib/python3.10/dist-packages:/opt/erc_ws/build/sensors:/opt/erc_ws/install/sensors/lib/python3.10/site-packages:/opt/erc_ws/install/pal_sea_arm_description/local/lib/python3.10/dist-packages:/opt/erc_ws/install/pal_pro_gripper_description/local/lib/python3.10/dist-packages:/opt/erc_ws/install/omni_base_description/local/lib/python3.10/dist-packages:/opt/erc_ws/build/pal_pro_gripper_wrapper:/opt/erc_ws/install/pal_pro_gripper_wrapper/lib/python3.10/site-packages:/opt/erc_ws/build/erc_solution:/opt/erc_ws/install/erc_solution/lib/python3.10/site-packages:/opt/ros/humble/lib/python3.10/site-packages:/opt/ros/humble/local/lib/python3.10/dist-packages /usr/bin/cmake --build /opt/erc_ws/build/omni_base_robot -- -j16 -l16
[3.963s] DEBUG:colcon.colcon_core.event_handler.log_command:Invoking command in '/opt/erc_ws/build/tiago_pro_head_bringup': AMENT_PREFIX_PATH=/opt/erc_ws/install/launch_pal:/opt/erc_ws/install/tiago_pro_robot:/opt/erc_ws/install/tiago_pro_head_robot:/opt/erc_ws/install/tiago_pro_bringup:/opt/erc_ws/install/tiago_pro_head_bringup:/opt/erc_ws/install/erc_bringup:/opt/erc_ws/install/tiago_pro_description:/opt/erc_ws/install/tiago_pro_head_description:/opt/erc_ws/install/tiago_pro_controller_configuration:/opt/erc_ws/install/tiago_pro_head_controller_configuration:/opt/erc_ws/install/sensors:/opt/erc_ws/install/pal_sea_arm:/opt/erc_ws/install/pal_sea_arm_bringup:/opt/erc_ws/install/pal_sea_arm_description:/opt/erc_ws/install/pal_pro_gripper_simulation:/opt/erc_ws/install/pal_pro_gripper_bringup:/opt/erc_ws/install/pal_pro_gripper:/opt/erc_ws/install/pal_pro_gripper_description:/opt/erc_ws/install/pal_gripper_simulation:/opt/erc_ws/install/pal_gripper:/opt/erc_ws/install/pal_gripper_description:/opt/erc_ws/install/omni_base_robot:/opt/erc_ws/install/omni_base_bringup:/opt/erc_ws/install/omni_base_description:/opt/erc_ws/install/pal_urdf_utils:/opt/erc_ws/install/pal_sea_arm_controller_configuration:/opt/erc_ws/install/pal_pro_gripper_controller_configuration:/opt/erc_ws/install/pal_pro_gripper_wrapper:/opt/erc_ws/install/pal_gripper_controller_configuration:/opt/erc_ws/install/omni_base_controller_configuration:/opt/erc_ws/install/gz_ros2_control:/opt/erc_ws/install/erc_solution:/opt/erc_ws/install/erc_description:/opt/ros/humble CMAKE_PREFIX_PATH=/opt/erc_ws/install/tiago_pro_head_description:/opt/erc_ws/install/tiago_pro_head_controller_configuration:/opt/erc_ws/install/pal_urdf_utils:/opt/erc_ws/install/tiago_pro_robot:/opt/erc_ws/install/tiago_pro_head_robot:/opt/erc_ws/install/tiago_pro_bringup:/opt/erc_ws/install/tiago_pro_head_bringup:/opt/erc_ws/install/erc_bringup:/opt/erc_ws/install/tiago_pro_description:/opt/erc_ws/install/tiago_pro_controller_configuration:/opt/erc_ws/install/pal_sea_arm:/opt/erc_ws/install/pal_sea_arm_bringup:/opt/erc_ws/install/pal_sea_arm_description:/opt/erc_ws/install/pal_pro_gripper_simulation:/opt/erc_ws/install/pal_pro_gripper_bringup:/opt/erc_ws/install/pal_pro_gripper:/opt/erc_ws/install/pal_pro_gripper_description:/opt/erc_ws/install/pal_gripper_simulation:/opt/erc_ws/install/pal_gripper:/opt/erc_ws/install/pal_gripper_description:/opt/erc_ws/install/omni_base_robot:/opt/erc_ws/install/omni_base_bringup:/opt/erc_ws/install/omni_base_description:/opt/erc_ws/install/pal_sea_arm_controller_configuration:/opt/erc_ws/install/pal_pro_gripper_controller_configuration:/opt/erc_ws/install/pal_gripper_controller_configuration:/opt/erc_ws/install/omni_base_controller_configuration:/opt/erc_ws/install/gz_ros2_control:/opt/erc_ws/install/erc_description:/opt/erc_ws/install/sensors:/opt/erc_ws/install/pal_pro_gripper_wrapper:/opt/erc_ws/install/launch_pal:/opt/erc_ws/install/erc_solution:/opt/ros/humble PYTHONPATH=/opt/erc_ws/build/launch_pal:/opt/erc_ws/install/launch_pal/lib/python3.10/site-packages:/opt/erc_ws/install/tiago_pro_description/local/lib/python3.10/dist-packages:/opt/erc_ws/install/tiago_pro_head_description/local/lib/python3.10/dist-packages:/opt/erc_ws/build/sensors:/opt/erc_ws/install/sensors/lib/python3.10/site-packages:/opt/erc_ws/install/pal_sea_arm_description/local/lib/python3.10/dist-packages:/opt/erc_ws/install/pal_pro_gripper_description/local/lib/python3.10/dist-packages:/opt/erc_ws/install/omni_base_description/local/lib/python3.10/dist-packages:/opt/erc_ws/build/pal_pro_gripper_wrapper:/opt/erc_ws/install/pal_pro_gripper_wrapper/lib/python3.10/site-packages:/opt/erc_ws/build/erc_solution:/opt/erc_ws/install/erc_solution/lib/python3.10/site-packages:/opt/ros/humble/lib/python3.10/site-packages:/opt/ros/humble/local/lib/python3.10/dist-packages /usr/bin/cmake --build /opt/erc_ws/build/tiago_pro_head_bringup -- -j16 -l16
[3.993s] DEBUG:colcon.colcon_core.event_handler.log_command:Invoked command in '/opt/erc_ws/build/omni_base_robot' returned '0': AMENT_PREFIX_PATH=/opt/erc_ws/install/launch_pal:/opt/erc_ws/install/tiago_pro_robot:/opt/erc_ws/install/tiago_pro_head_robot:/opt/erc_ws/install/tiago_pro_bringup:/opt/erc_ws/install/tiago_pro_head_bringup:/opt/erc_ws/install/erc_bringup:/opt/erc_ws/install/tiago_pro_description:/opt/erc_ws/install/tiago_pro_head_description:/opt/erc_ws/install/tiago_pro_controller_configuration:/opt/erc_ws/install/tiago_pro_head_controller_configuration:/opt/erc_ws/install/sensors:/opt/erc_ws/install/pal_sea_arm:/opt/erc_ws/install/pal_sea_arm_bringup:/opt/erc_ws/install/pal_sea_arm_description:/opt/erc_ws/install/pal_pro_gripper_simulation:/opt/erc_ws/install/pal_pro_gripper_bringup:/opt/erc_ws/install/pal_pro_gripper:/opt/erc_ws/install/pal_pro_gripper_description:/opt/erc_ws/install/pal_gripper_simulation:/opt/erc_ws/install/pal_gripper:/opt/erc_ws/install/pal_gripper_description:/opt/erc_ws/install/omni_base_robot:/opt/erc_ws/install/omni_base_bringup:/opt/erc_ws/install/omni_base_description:/opt/erc_ws/install/pal_urdf_utils:/opt/erc_ws/install/pal_sea_arm_controller_configuration:/opt/erc_ws/install/pal_pro_gripper_controller_configuration:/opt/erc_ws/install/pal_pro_gripper_wrapper:/opt/erc_ws/install/pal_gripper_controller_configuration:/opt/erc_ws/install/omni_base_controller_configuration:/opt/erc_ws/install/gz_ros2_control:/opt/erc_ws/install/erc_solution:/opt/erc_ws/install/erc_description:/opt/ros/humble CMAKE_PREFIX_PATH=/opt/erc_ws/install/omni_base_bringup:/opt/erc_ws/install/omni_base_description:/opt/erc_ws/install/pal_urdf_utils:/opt/erc_ws/install/omni_base_controller_configuration:/opt/erc_ws/install/tiago_pro_robot:/opt/erc_ws/install/tiago_pro_head_robot:/opt/erc_ws/install/tiago_pro_bringup:/opt/erc_ws/install/tiago_pro_head_bringup:/opt/erc_ws/install/erc_bringup:/opt/erc_ws/install/tiago_pro_description:/opt/erc_ws/install/tiago_pro_head_description:/opt/erc_ws/install/tiago_pro_controller_configuration:/opt/erc_ws/install/tiago_pro_head_controller_configuration:/opt/erc_ws/install/pal_sea_arm:/opt/erc_ws/install/pal_sea_arm_bringup:/opt/erc_ws/install/pal_sea_arm_description:/opt/erc_ws/install/pal_pro_gripper_simulation:/opt/erc_ws/install/pal_pro_gripper_bringup:/opt/erc_ws/install/pal_pro_gripper:/opt/erc_ws/install/pal_pro_gripper_description:/opt/erc_ws/install/pal_gripper_simulation:/opt/erc_ws/install/pal_gripper:/opt/erc_ws/install/pal_gripper_description:/opt/erc_ws/install/omni_base_robot:/opt/erc_ws/install/pal_sea_arm_controller_configuration:/opt/erc_ws/install/pal_pro_gripper_controller_configuration:/opt/erc_ws/install/pal_gripper_controller_configuration:/opt/erc_ws/install/gz_ros2_control:/opt/erc_ws/install/erc_description:/opt/erc_ws/install/sensors:/opt/erc_ws/install/pal_pro_gripper_wrapper:/opt/erc_ws/install/launch_pal:/opt/erc_ws/install/erc_solution:/opt/ros/humble PYTHONPATH=/opt/erc_ws/build/launch_pal:/opt/erc_ws/install/launch_pal/lib/python3.10/site-packages:/opt/erc_ws/install/tiago_pro_description/local/lib/python3.10/dist-packages:/opt/erc_ws/install/tiago_pro_head_description/local/lib/python3.10/dist-packages:/opt/erc_ws/build/sensors:/opt/erc_ws/install/sensors/lib/python3.10/site-packages:/opt/erc_ws/install/pal_sea_arm_description/local/lib/python3.10/dist-packages:/opt/erc_ws/install/pal_pro_gripper_description/local/lib/python3.10/dist-packages:/opt/erc_ws/install/omni_base_description/local/lib/python3.10/dist-packages:/opt/erc_ws/build/pal_pro_gripper_wrapper:/opt/erc_ws/install/pal_pro_gripper_wrapper/lib/python3.10/site-packages:/opt/erc_ws/build/erc_solution:/opt/erc_ws/install/erc_solution/lib/python3.10/site-packages:/opt/ros/humble/lib/python3.10/site-packages:/opt/ros/humble/local/lib/python3.10/dist-packages /usr/bin/cmake --build /opt/erc_ws/build/omni_base_robot -- -j16 -l16
[3.995s] DEBUG:colcon.colcon_core.event_handler.log_command:Invoking command in '/opt/erc_ws/build/omni_base_robot': AMENT_PREFIX_PATH=/opt/erc_ws/install/launch_pal:/opt/erc_ws/install/tiago_pro_robot:/opt/erc_ws/install/tiago_pro_head_robot:/opt/erc_ws/install/tiago_pro_bringup:/opt/erc_ws/install/tiago_pro_head_bringup:/opt/erc_ws/install/erc_bringup:/opt/erc_ws/install/tiago_pro_description:/opt/erc_ws/install/tiago_pro_head_description:/opt/erc_ws/install/tiago_pro_controller_configuration:/opt/erc_ws/install/tiago_pro_head_controller_configuration:/opt/erc_ws/install/sensors:/opt/erc_ws/install/pal_sea_arm:/opt/erc_ws/install/pal_sea_arm_bringup:/opt/erc_ws/install/pal_sea_arm_description:/opt/erc_ws/install/pal_pro_gripper_simulation:/opt/erc_ws/install/pal_pro_gripper_bringup:/opt/erc_ws/install/pal_pro_gripper:/opt/erc_ws/install/pal_pro_gripper_description:/opt/erc_ws/install/pal_gripper_simulation:/opt/erc_ws/install/pal_gripper:/opt/erc_ws/install/pal_gripper_description:/opt/erc_ws/install/omni_base_robot:/opt/erc_ws/install/omni_base_bringup:/opt/erc_ws/install/omni_base_description:/opt/erc_ws/install/pal_urdf_utils:/opt/erc_ws/install/pal_sea_arm_controller_configuration:/opt/erc_ws/install/pal_pro_gripper_controller_configuration:/opt/erc_ws/install/pal_pro_gripper_wrapper:/opt/erc_ws/install/pal_gripper_controller_configuration:/opt/erc_ws/install/omni_base_controller_configuration:/opt/erc_ws/install/gz_ros2_control:/opt/erc_ws/install/erc_solution:/opt/erc_ws/install/erc_description:/opt/ros/humble CMAKE_PREFIX_PATH=/opt/erc_ws/install/omni_base_bringup:/opt/erc_ws/install/omni_base_description:/opt/erc_ws/install/pal_urdf_utils:/opt/erc_ws/install/omni_base_controller_configuration:/opt/erc_ws/install/tiago_pro_robot:/opt/erc_ws/install/tiago_pro_head_robot:/opt/erc_ws/install/tiago_pro_bringup:/opt/erc_ws/install/tiago_pro_head_bringup:/opt/erc_ws/install/erc_bringup:/opt/erc_ws/install/tiago_pro_description:/opt/erc_ws/install/tiago_pro_head_description:/opt/erc_ws/install/tiago_pro_controller_configuration:/opt/erc_ws/install/tiago_pro_head_controller_configuration:/opt/erc_ws/install/pal_sea_arm:/opt/erc_ws/install/pal_sea_arm_bringup:/opt/erc_ws/install/pal_sea_arm_description:/opt/erc_ws/install/pal_pro_gripper_simulation:/opt/erc_ws/install/pal_pro_gripper_bringup:/opt/erc_ws/install/pal_pro_gripper:/opt/erc_ws/install/pal_pro_gripper_description:/opt/erc_ws/install/pal_gripper_simulation:/opt/erc_ws/install/pal_gripper:/opt/erc_ws/install/pal_gripper_description:/opt/erc_ws/install/omni_base_robot:/opt/erc_ws/install/pal_sea_arm_controller_configuration:/opt/erc_ws/install/pal_pro_gripper_controller_configuration:/opt/erc_ws/install/pal_gripper_controller_configuration:/opt/erc_ws/install/gz_ros2_control:/opt/erc_ws/install/erc_description:/opt/erc_ws/install/sensors:/opt/erc_ws/install/pal_pro_gripper_wrapper:/opt/erc_ws/install/launch_pal:/opt/erc_ws/install/erc_solution:/opt/ros/humble PYTHONPATH=/opt/erc_ws/build/launch_pal:/opt/erc_ws/install/launch_pal/lib/python3.10/site-packages:/opt/erc_ws/install/tiago_pro_description/local/lib/python3.10/dist-packages:/opt/erc_ws/install/tiago_pro_head_description/local/lib/python3.10/dist-packages:/opt/erc_ws/build/sensors:/opt/erc_ws/install/sensors/lib/python3.10/site-packages:/opt/erc_ws/install/pal_sea_arm_description/local/lib/python3.10/dist-packages:/opt/erc_ws/install/pal_pro_gripper_description/local/lib/python3.10/dist-packages:/opt/erc_ws/install/omni_base_description/local/lib/python3.10/dist-packages:/opt/erc_ws/build/pal_pro_gripper_wrapper:/opt/erc_ws/install/pal_pro_gripper_wrapper/lib/python3.10/site-packages:/opt/erc_ws/build/erc_solution:/opt/erc_ws/install/erc_solution/lib/python3.10/site-packages:/opt/ros/humble/lib/python3.10/site-packages:/opt/ros/humble/local/lib/python3.10/dist-packages /usr/bin/cmake --install /opt/erc_ws/build/omni_base_robot
[3.999s] DEBUG:colcon.colcon_core.event_handler.log_command:Invoked command in '/opt/erc_ws/build/pal_sea_arm_description' returned '0': AMENT_PREFIX_PATH=/opt/erc_ws/install/pal_pro_gripper_wrapper:/opt/erc_ws/install/launch_pal:/opt/erc_ws/install/tiago_pro_robot:/opt/erc_ws/install/tiago_pro_head_robot:/opt/erc_ws/install/tiago_pro_bringup:/opt/erc_ws/install/tiago_pro_head_bringup:/opt/erc_ws/install/erc_bringup:/opt/erc_ws/install/tiago_pro_description:/opt/erc_ws/install/tiago_pro_head_description:/opt/erc_ws/install/tiago_pro_controller_configuration:/opt/erc_ws/install/tiago_pro_head_controller_configuration:/opt/erc_ws/install/sensors:/opt/erc_ws/install/pal_sea_arm:/opt/erc_ws/install/pal_sea_arm_bringup:/opt/erc_ws/install/pal_sea_arm_description:/opt/erc_ws/install/pal_pro_gripper_simulation:/opt/erc_ws/install/pal_pro_gripper_bringup:/opt/erc_ws/install/pal_pro_gripper:/opt/erc_ws/install/pal_pro_gripper_description:/opt/erc_ws/install/pal_gripper_simulation:/opt/erc_ws/install/pal_gripper:/opt/erc_ws/install/pal_gripper_description:/opt/erc_ws/install/omni_base_robot:/opt/erc_ws/install/omni_base_bringup:/opt/erc_ws/install/omni_base_description:/opt/erc_ws/install/pal_urdf_utils:/opt/erc_ws/install/pal_sea_arm_controller_configuration:/opt/erc_ws/install/pal_pro_gripper_controller_configuration:/opt/erc_ws/install/pal_gripper_controller_configuration:/opt/erc_ws/install/omni_base_controller_configuration:/opt/erc_ws/install/gz_ros2_control:/opt/erc_ws/install/erc_solution:/opt/erc_ws/install/erc_description:/opt/ros/humble CMAKE_PREFIX_PATH=/opt/erc_ws/install/pal_sea_arm_controller_configuration:/opt/erc_ws/install/pal_pro_gripper_description:/opt/erc_ws/install/pal_pro_gripper_controller_configuration:/opt/erc_ws/install/pal_urdf_utils:/opt/erc_ws/install/tiago_pro_robot:/opt/erc_ws/install/tiago_pro_head_robot:/opt/erc_ws/install/tiago_pro_bringup:/opt/erc_ws/install/tiago_pro_head_bringup:/opt/erc_ws/install/erc_bringup:/opt/erc_ws/install/tiago_pro_description:/opt/erc_ws/install/tiago_pro_head_description:/opt/erc_ws/install/tiago_pro_controller_configuration:/opt/erc_ws/install/tiago_pro_head_controller_configuration:/opt/erc_ws/install/pal_sea_arm:/opt/erc_ws/install/pal_sea_arm_bringup:/opt/erc_ws/install/pal_sea_arm_description:/opt/erc_ws/install/pal_pro_gripper_simulation:/opt/erc_ws/install/pal_pro_gripper_bringup:/opt/erc_ws/install/pal_pro_gripper:/opt/erc_ws/install/pal_gripper_simulation:/opt/erc_ws/install/pal_gripper:/opt/erc_ws/install/pal_gripper_description:/opt/erc_ws/install/omni_base_robot:/opt/erc_ws/install/omni_base_bringup:/opt/erc_ws/install/omni_base_description:/opt/erc_ws/install/pal_gripper_controller_configuration:/opt/erc_ws/install/omni_base_controller_configuration:/opt/erc_ws/install/gz_ros2_control:/opt/erc_ws/install/erc_description:/opt/erc_ws/install/sensors:/opt/erc_ws/install/pal_pro_gripper_wrapper:/opt/erc_ws/install/launch_pal:/opt/erc_ws/install/erc_solution:/opt/ros/humble PYTHONPATH=/opt/erc_ws/build/pal_pro_gripper_wrapper:/opt/erc_ws/install/pal_pro_gripper_wrapper/lib/python3.10/site-packages:/opt/erc_ws/build/launch_pal:/opt/erc_ws/install/launch_pal/lib/python3.10/site-packages:/opt/erc_ws/install/tiago_pro_description/local/lib/python3.10/dist-packages:/opt/erc_ws/install/tiago_pro_head_description/local/lib/python3.10/dist-packages:/opt/erc_ws/build/sensors:/opt/erc_ws/install/sensors/lib/python3.10/site-packages:/opt/erc_ws/install/pal_sea_arm_description/local/lib/python3.10/dist-packages:/opt/erc_ws/install/pal_pro_gripper_description/local/lib/python3.10/dist-packages:/opt/erc_ws/install/omni_base_description/local/lib/python3.10/dist-packages:/opt/erc_ws/build/erc_solution:/opt/erc_ws/install/erc_solution/lib/python3.10/site-packages:/opt/ros/humble/lib/python3.10/site-packages:/opt/ros/humble/local/lib/python3.10/dist-packages /usr/bin/cmake --build /opt/erc_ws/build/pal_sea_arm_description -- -j16 -l16
[4.002s] DEBUG:colcon.colcon_core.event_handler.log_command:Invoking command in '/opt/erc_ws/build/pal_sea_arm_description': AMENT_PREFIX_PATH=/opt/erc_ws/install/pal_pro_gripper_wrapper:/opt/erc_ws/install/launch_pal:/opt/erc_ws/install/tiago_pro_robot:/opt/erc_ws/install/tiago_pro_head_robot:/opt/erc_ws/install/tiago_pro_bringup:/opt/erc_ws/install/tiago_pro_head_bringup:/opt/erc_ws/install/erc_bringup:/opt/erc_ws/install/tiago_pro_description:/opt/erc_ws/install/tiago_pro_head_description:/opt/erc_ws/install/tiago_pro_controller_configuration:/opt/erc_ws/install/tiago_pro_head_controller_configuration:/opt/erc_ws/install/sensors:/opt/erc_ws/install/pal_sea_arm:/opt/erc_ws/install/pal_sea_arm_bringup:/opt/erc_ws/install/pal_sea_arm_description:/opt/erc_ws/install/pal_pro_gripper_simulation:/opt/erc_ws/install/pal_pro_gripper_bringup:/opt/erc_ws/install/pal_pro_gripper:/opt/erc_ws/install/pal_pro_gripper_description:/opt/erc_ws/install/pal_gripper_simulation:/opt/erc_ws/install/pal_gripper:/opt/erc_ws/install/pal_gripper_description:/opt/erc_ws/install/omni_base_robot:/opt/erc_ws/install/omni_base_bringup:/opt/erc_ws/install/omni_base_description:/opt/erc_ws/install/pal_urdf_utils:/opt/erc_ws/install/pal_sea_arm_controller_configuration:/opt/erc_ws/install/pal_pro_gripper_controller_configuration:/opt/erc_ws/install/pal_gripper_controller_configuration:/opt/erc_ws/install/omni_base_controller_configuration:/opt/erc_ws/install/gz_ros2_control:/opt/erc_ws/install/erc_solution:/opt/erc_ws/install/erc_description:/opt/ros/humble CMAKE_PREFIX_PATH=/opt/erc_ws/install/pal_sea_arm_controller_configuration:/opt/erc_ws/install/pal_pro_gripper_description:/opt/erc_ws/install/pal_pro_gripper_controller_configuration:/opt/erc_ws/install/pal_urdf_utils:/opt/erc_ws/install/tiago_pro_robot:/opt/erc_ws/install/tiago_pro_head_robot:/opt/erc_ws/install/tiago_pro_bringup:/opt/erc_ws/install/tiago_pro_head_bringup:/opt/erc_ws/install/erc_bringup:/opt/erc_ws/install/tiago_pro_description:/opt/erc_ws/install/tiago_pro_head_description:/opt/erc_ws/install/tiago_pro_controller_configuration:/opt/erc_ws/install/tiago_pro_head_controller_configuration:/opt/erc_ws/install/pal_sea_arm:/opt/erc_ws/install/pal_sea_arm_bringup:/opt/erc_ws/install/pal_sea_arm_description:/opt/erc_ws/install/pal_pro_gripper_simulation:/opt/erc_ws/install/pal_pro_gripper_bringup:/opt/erc_ws/install/pal_pro_gripper:/opt/erc_ws/install/pal_gripper_simulation:/opt/erc_ws/install/pal_gripper:/opt/erc_ws/install/pal_gripper_description:/opt/erc_ws/install/omni_base_robot:/opt/erc_ws/install/omni_base_bringup:/opt/erc_ws/install/omni_base_description:/opt/erc_ws/install/pal_gripper_controller_configuration:/opt/erc_ws/install/omni_base_controller_configuration:/opt/erc_ws/install/gz_ros2_control:/opt/erc_ws/install/erc_description:/opt/erc_ws/install/sensors:/opt/erc_ws/install/pal_pro_gripper_wrapper:/opt/erc_ws/install/launch_pal:/opt/erc_ws/install/erc_solution:/opt/ros/humble PYTHONPATH=/opt/erc_ws/build/pal_pro_gripper_wrapper:/opt/erc_ws/install/pal_pro_gripper_wrapper/lib/python3.10/site-packages:/opt/erc_ws/build/launch_pal:/opt/erc_ws/install/launch_pal/lib/python3.10/site-packages:/opt/erc_ws/install/tiago_pro_description/local/lib/python3.10/dist-packages:/opt/erc_ws/install/tiago_pro_head_description/local/lib/python3.10/dist-packages:/opt/erc_ws/build/sensors:/opt/erc_ws/install/sensors/lib/python3.10/site-packages:/opt/erc_ws/install/pal_sea_arm_description/local/lib/python3.10/dist-packages:/opt/erc_ws/install/pal_pro_gripper_description/local/lib/python3.10/dist-packages:/opt/erc_ws/install/omni_base_description/local/lib/python3.10/dist-packages:/opt/erc_ws/build/erc_solution:/opt/erc_ws/install/erc_solution/lib/python3.10/site-packages:/opt/ros/humble/lib/python3.10/site-packages:/opt/ros/humble/local/lib/python3.10/dist-packages /usr/bin/cmake --install /opt/erc_ws/build/pal_sea_arm_description
[4.002s] DEBUG:colcon.colcon_core.event_handler.log_command:Invoked command in '/opt/erc_ws/build/tiago_pro_head_bringup' returned '0': AMENT_PREFIX_PATH=/opt/erc_ws/install/launch_pal:/opt/erc_ws/install/tiago_pro_robot:/opt/erc_ws/install/tiago_pro_head_robot:/opt/erc_ws/install/tiago_pro_bringup:/opt/erc_ws/install/tiago_pro_head_bringup:/opt/erc_ws/install/erc_bringup:/opt/erc_ws/install/tiago_pro_description:/opt/erc_ws/install/tiago_pro_head_description:/opt/erc_ws/install/tiago_pro_controller_configuration:/opt/erc_ws/install/tiago_pro_head_controller_configuration:/opt/erc_ws/install/sensors:/opt/erc_ws/install/pal_sea_arm:/opt/erc_ws/install/pal_sea_arm_bringup:/opt/erc_ws/install/pal_sea_arm_description:/opt/erc_ws/install/pal_pro_gripper_simulation:/opt/erc_ws/install/pal_pro_gripper_bringup:/opt/erc_ws/install/pal_pro_gripper:/opt/erc_ws/install/pal_pro_gripper_description:/opt/erc_ws/install/pal_gripper_simulation:/opt/erc_ws/install/pal_gripper:/opt/erc_ws/install/pal_gripper_description:/opt/erc_ws/install/omni_base_robot:/opt/erc_ws/install/omni_base_bringup:/opt/erc_ws/install/omni_base_description:/opt/erc_ws/install/pal_urdf_utils:/opt/erc_ws/install/pal_sea_arm_controller_configuration:/opt/erc_ws/install/pal_pro_gripper_controller_configuration:/opt/erc_ws/install/pal_pro_gripper_wrapper:/opt/erc_ws/install/pal_gripper_controller_configuration:/opt/erc_ws/install/omni_base_controller_configuration:/opt/erc_ws/install/gz_ros2_control:/opt/erc_ws/install/erc_solution:/opt/erc_ws/install/erc_description:/opt/ros/humble CMAKE_PREFIX_PATH=/opt/erc_ws/install/tiago_pro_head_description:/opt/erc_ws/install/tiago_pro_head_controller_configuration:/opt/erc_ws/install/pal_urdf_utils:/opt/erc_ws/install/tiago_pro_robot:/opt/erc_ws/install/tiago_pro_head_robot:/opt/erc_ws/install/tiago_pro_bringup:/opt/erc_ws/install/tiago_pro_head_bringup:/opt/erc_ws/install/erc_bringup:/opt/erc_ws/install/tiago_pro_description:/opt/erc_ws/install/tiago_pro_controller_configuration:/opt/erc_ws/install/pal_sea_arm:/opt/erc_ws/install/pal_sea_arm_bringup:/opt/erc_ws/install/pal_sea_arm_description:/opt/erc_ws/install/pal_pro_gripper_simulation:/opt/erc_ws/install/pal_pro_gripper_bringup:/opt/erc_ws/install/pal_pro_gripper:/opt/erc_ws/install/pal_pro_gripper_description:/opt/erc_ws/install/pal_gripper_simulation:/opt/erc_ws/install/pal_gripper:/opt/erc_ws/install/pal_gripper_description:/opt/erc_ws/install/omni_base_robot:/opt/erc_ws/install/omni_base_bringup:/opt/erc_ws/install/omni_base_description:/opt/erc_ws/install/pal_sea_arm_controller_configuration:/opt/erc_ws/install/pal_pro_gripper_controller_configuration:/opt/erc_ws/install/pal_gripper_controller_configuration:/opt/erc_ws/install/omni_base_controller_configuration:/opt/erc_ws/install/gz_ros2_control:/opt/erc_ws/install/erc_description:/opt/erc_ws/install/sensors:/opt/erc_ws/install/pal_pro_gripper_wrapper:/opt/erc_ws/install/launch_pal:/opt/erc_ws/install/erc_solution:/opt/ros/humble PYTHONPATH=/opt/erc_ws/build/launch_pal:/opt/erc_ws/install/launch_pal/lib/python3.10/site-packages:/opt/erc_ws/install/tiago_pro_description/local/lib/python3.10/dist-packages:/opt/erc_ws/install/tiago_pro_head_description/local/lib/python3.10/dist-packages:/opt/erc_ws/build/sensors:/opt/erc_ws/install/sensors/lib/python3.10/site-packages:/opt/erc_ws/install/pal_sea_arm_description/local/lib/python3.10/dist-packages:/opt/erc_ws/install/pal_pro_gripper_description/local/lib/python3.10/dist-packages:/opt/erc_ws/install/omni_base_description/local/lib/python3.10/dist-packages:/opt/erc_ws/build/pal_pro_gripper_wrapper:/opt/erc_ws/install/pal_pro_gripper_wrapper/lib/python3.10/site-packages:/opt/erc_ws/build/erc_solution:/opt/erc_ws/install/erc_solution/lib/python3.10/site-packages:/opt/ros/humble/lib/python3.10/site-packages:/opt/ros/humble/local/lib/python3.10/dist-packages /usr/bin/cmake --build /opt/erc_ws/build/tiago_pro_head_bringup -- -j16 -l16
[4.008s] DEBUG:colcon.colcon_core.event_handler.log_command:Invoking command in '/opt/erc_ws/build/tiago_pro_head_bringup': AMENT_PREFIX_PATH=/opt/erc_ws/install/launch_pal:/opt/erc_ws/install/tiago_pro_robot:/opt/erc_ws/install/tiago_pro_head_robot:/opt/erc_ws/install/tiago_pro_bringup:/opt/erc_ws/install/tiago_pro_head_bringup:/opt/erc_ws/install/erc_bringup:/opt/erc_ws/install/tiago_pro_description:/opt/erc_ws/install/tiago_pro_head_description:/opt/erc_ws/install/tiago_pro_controller_configuration:/opt/erc_ws/install/tiago_pro_head_controller_configuration:/opt/erc_ws/install/sensors:/opt/erc_ws/install/pal_sea_arm:/opt/erc_ws/install/pal_sea_arm_bringup:/opt/erc_ws/install/pal_sea_arm_description:/opt/erc_ws/install/pal_pro_gripper_simulation:/opt/erc_ws/install/pal_pro_gripper_bringup:/opt/erc_ws/install/pal_pro_gripper:/opt/erc_ws/install/pal_pro_gripper_description:/opt/erc_ws/install/pal_gripper_simulation:/opt/erc_ws/install/pal_gripper:/opt/erc_ws/install/pal_gripper_description:/opt/erc_ws/install/omni_base_robot:/opt/erc_ws/install/omni_base_bringup:/opt/erc_ws/install/omni_base_description:/opt/erc_ws/install/pal_urdf_utils:/opt/erc_ws/install/pal_sea_arm_controller_configuration:/opt/erc_ws/install/pal_pro_gripper_controller_configuration:/opt/erc_ws/install/pal_pro_gripper_wrapper:/opt/erc_ws/install/pal_gripper_controller_configuration:/opt/erc_ws/install/omni_base_controller_configuration:/opt/erc_ws/install/gz_ros2_control:/opt/erc_ws/install/erc_solution:/opt/erc_ws/install/erc_description:/opt/ros/humble CMAKE_PREFIX_PATH=/opt/erc_ws/install/tiago_pro_head_description:/opt/erc_ws/install/tiago_pro_head_controller_configuration:/opt/erc_ws/install/pal_urdf_utils:/opt/erc_ws/install/tiago_pro_robot:/opt/erc_ws/install/tiago_pro_head_robot:/opt/erc_ws/install/tiago_pro_bringup:/opt/erc_ws/install/tiago_pro_head_bringup:/opt/erc_ws/install/erc_bringup:/opt/erc_ws/install/tiago_pro_description:/opt/erc_ws/install/tiago_pro_controller_configuration:/opt/erc_ws/install/pal_sea_arm:/opt/erc_ws/install/pal_sea_arm_bringup:/opt/erc_ws/install/pal_sea_arm_description:/opt/erc_ws/install/pal_pro_gripper_simulation:/opt/erc_ws/install/pal_pro_gripper_bringup:/opt/erc_ws/install/pal_pro_gripper:/opt/erc_ws/install/pal_pro_gripper_description:/opt/erc_ws/install/pal_gripper_simulation:/opt/erc_ws/install/pal_gripper:/opt/erc_ws/install/pal_gripper_description:/opt/erc_ws/install/omni_base_robot:/opt/erc_ws/install/omni_base_bringup:/opt/erc_ws/install/omni_base_description:/opt/erc_ws/install/pal_sea_arm_controller_configuration:/opt/erc_ws/install/pal_pro_gripper_controller_configuration:/opt/erc_ws/install/pal_gripper_controller_configuration:/opt/erc_ws/install/omni_base_controller_configuration:/opt/erc_ws/install/gz_ros2_control:/opt/erc_ws/install/erc_description:/opt/erc_ws/install/sensors:/opt/erc_ws/install/pal_pro_gripper_wrapper:/opt/erc_ws/install/launch_pal:/opt/erc_ws/install/erc_solution:/opt/ros/humble PYTHONPATH=/opt/erc_ws/build/launch_pal:/opt/erc_ws/install/launch_pal/lib/python3.10/site-packages:/opt/erc_ws/install/tiago_pro_description/local/lib/python3.10/dist-packages:/opt/erc_ws/install/tiago_pro_head_description/local/lib/python3.10/dist-packages:/opt/erc_ws/build/sensors:/opt/erc_ws/install/sensors/lib/python3.10/site-packages:/opt/erc_ws/install/pal_sea_arm_description/local/lib/python3.10/dist-packages:/opt/erc_ws/install/pal_pro_gripper_description/local/lib/python3.10/dist-packages:/opt/erc_ws/install/omni_base_description/local/lib/python3.10/dist-packages:/opt/erc_ws/build/pal_pro_gripper_wrapper:/opt/erc_ws/install/pal_pro_gripper_wrapper/lib/python3.10/site-packages:/opt/erc_ws/build/erc_solution:/opt/erc_ws/install/erc_solution/lib/python3.10/site-packages:/opt/ros/humble/lib/python3.10/site-packages:/opt/ros/humble/local/lib/python3.10/dist-packages /usr/bin/cmake --install /opt/erc_ws/build/tiago_pro_head_bringup
[4.019s] Level 1:colcon.colcon_core.environment:create_environment_scripts_only(omni_base_robot)
[4.019s] Level 1:colcon.colcon_core.environment:checking '/opt/erc_ws/install/omni_base_robot' for CMake module files
[4.021s] Level 1:colcon.colcon_core.environment:checking '/opt/erc_ws/install/omni_base_robot' for CMake config files
[4.025s] Level 1:colcon.colcon_core.shell:create_environment_hook('omni_base_robot', 'cmake_prefix_path')
[4.026s] INFO:colcon.colcon_core.shell:Creating environment hook '/opt/erc_ws/install/omni_base_robot/share/omni_base_robot/hook/cmake_prefix_path.ps1'
[4.029s] DEBUG:colcon.colcon_core.event_handler.log_command:Invoked command in '/opt/erc_ws/build/omni_base_robot' returned '0': AMENT_PREFIX_PATH=/opt/erc_ws/install/launch_pal:/opt/erc_ws/install/tiago_pro_robot:/opt/erc_ws/install/tiago_pro_head_robot:/opt/erc_ws/install/tiago_pro_bringup:/opt/erc_ws/install/tiago_pro_head_bringup:/opt/erc_ws/install/erc_bringup:/opt/erc_ws/install/tiago_pro_description:/opt/erc_ws/install/tiago_pro_head_description:/opt/erc_ws/install/tiago_pro_controller_configuration:/opt/erc_ws/install/tiago_pro_head_controller_configuration:/opt/erc_ws/install/sensors:/opt/erc_ws/install/pal_sea_arm:/opt/erc_ws/install/pal_sea_arm_bringup:/opt/erc_ws/install/pal_sea_arm_description:/opt/erc_ws/install/pal_pro_gripper_simulation:/opt/erc_ws/install/pal_pro_gripper_bringup:/opt/erc_ws/install/pal_pro_gripper:/opt/erc_ws/install/pal_pro_gripper_description:/opt/erc_ws/install/pal_gripper_simulation:/opt/erc_ws/install/pal_gripper:/opt/erc_ws/install/pal_gripper_description:/opt/erc_ws/install/omni_base_robot:/opt/erc_ws/install/omni_base_bringup:/opt/erc_ws/install/omni_base_description:/opt/erc_ws/install/pal_urdf_utils:/opt/erc_ws/install/pal_sea_arm_controller_configuration:/opt/erc_ws/install/pal_pro_gripper_controller_configuration:/opt/erc_ws/install/pal_pro_gripper_wrapper:/opt/erc_ws/install/pal_gripper_controller_configuration:/opt/erc_ws/install/omni_base_controller_configuration:/opt/erc_ws/install/gz_ros2_control:/opt/erc_ws/install/erc_solution:/opt/erc_ws/install/erc_description:/opt/ros/humble CMAKE_PREFIX_PATH=/opt/erc_ws/install/omni_base_bringup:/opt/erc_ws/install/omni_base_description:/opt/erc_ws/install/pal_urdf_utils:/opt/erc_ws/install/omni_base_controller_configuration:/opt/erc_ws/install/tiago_pro_robot:/opt/erc_ws/install/tiago_pro_head_robot:/opt/erc_ws/install/tiago_pro_bringup:/opt/erc_ws/install/tiago_pro_head_bringup:/opt/erc_ws/install/erc_bringup:/opt/erc_ws/install/tiago_pro_description:/opt/erc_ws/install/tiago_pro_head_description:/opt/erc_ws/install/tiago_pro_controller_configuration:/opt/erc_ws/install/tiago_pro_head_controller_configuration:/opt/erc_ws/install/pal_sea_arm:/opt/erc_ws/install/pal_sea_arm_bringup:/opt/erc_ws/install/pal_sea_arm_description:/opt/erc_ws/install/pal_pro_gripper_simulation:/opt/erc_ws/install/pal_pro_gripper_bringup:/opt/erc_ws/install/pal_pro_gripper:/opt/erc_ws/install/pal_pro_gripper_description:/opt/erc_ws/install/pal_gripper_simulation:/opt/erc_ws/install/pal_gripper:/opt/erc_ws/install/pal_gripper_description:/opt/erc_ws/install/omni_base_robot:/opt/erc_ws/install/pal_sea_arm_controller_configuration:/opt/erc_ws/install/pal_pro_gripper_controller_configuration:/opt/erc_ws/install/pal_gripper_controller_configuration:/opt/erc_ws/install/gz_ros2_control:/opt/erc_ws/install/erc_description:/opt/erc_ws/install/sensors:/opt/erc_ws/install/pal_pro_gripper_wrapper:/opt/erc_ws/install/launch_pal:/opt/erc_ws/install/erc_solution:/opt/ros/humble PYTHONPATH=/opt/erc_ws/build/launch_pal:/opt/erc_ws/install/launch_pal/lib/python3.10/site-packages:/opt/erc_ws/install/tiago_pro_description/local/lib/python3.10/dist-packages:/opt/erc_ws/install/tiago_pro_head_description/local/lib/python3.10/dist-packages:/opt/erc_ws/build/sensors:/opt/erc_ws/install/sensors/lib/python3.10/site-packages:/opt/erc_ws/install/pal_sea_arm_description/local/lib/python3.10/dist-packages:/opt/erc_ws/install/pal_pro_gripper_description/local/lib/python3.10/dist-packages:/opt/erc_ws/install/omni_base_description/local/lib/python3.10/dist-packages:/opt/erc_ws/build/pal_pro_gripper_wrapper:/opt/erc_ws/install/pal_pro_gripper_wrapper/lib/python3.10/site-packages:/opt/erc_ws/build/erc_solution:/opt/erc_ws/install/erc_solution/lib/python3.10/site-packages:/opt/ros/humble/lib/python3.10/site-packages:/opt/ros/humble/local/lib/python3.10/dist-packages /usr/bin/cmake --install /opt/erc_ws/build/omni_base_robot
[4.035s] INFO:colcon.colcon_core.shell:Creating environment descriptor '/opt/erc_ws/install/omni_base_robot/share/omni_base_robot/hook/cmake_prefix_path.dsv'
[4.036s] INFO:colcon.colcon_core.shell:Creating environment hook '/opt/erc_ws/install/omni_base_robot/share/omni_base_robot/hook/cmake_prefix_path.sh'
[4.036s] Level 1:colcon.colcon_core.environment:checking '/opt/erc_ws/install/omni_base_robot/bin'
[4.036s] Level 1:colcon.colcon_core.environment:checking '/opt/erc_ws/install/omni_base_robot/lib/pkgconfig/omni_base_robot.pc'
[4.037s] Level 1:colcon.colcon_core.environment:checking '/opt/erc_ws/install/omni_base_robot/lib/python3.10/site-packages'
[4.037s] Level 1:colcon.colcon_core.environment:checking '/opt/erc_ws/install/omni_base_robot/bin'
[4.037s] INFO:colcon.colcon_core.shell:Creating package script '/opt/erc_ws/install/omni_base_robot/share/omni_base_robot/package.ps1'
[4.038s] INFO:colcon.colcon_core.shell:Creating package descriptor '/opt/erc_ws/install/omni_base_robot/share/omni_base_robot/package.dsv'
[4.039s] INFO:colcon.colcon_core.shell:Creating package script '/opt/erc_ws/install/omni_base_robot/share/omni_base_robot/package.sh'
[4.040s] INFO:colcon.colcon_core.shell:Creating package script '/opt/erc_ws/install/omni_base_robot/share/omni_base_robot/package.bash'
[4.040s] INFO:colcon.colcon_core.shell:Creating package script '/opt/erc_ws/install/omni_base_robot/share/omni_base_robot/package.zsh'
[4.042s] Level 1:colcon.colcon_core.environment:create_file_with_runtime_dependencies(/opt/erc_ws/install/omni_base_robot/share/colcon-core/packages/omni_base_robot)
[4.043s] Level 1:colcon.colcon_core.environment:create_environment_scripts_only(omni_base_robot)
[4.043s] Level 1:colcon.colcon_core.environment:checking '/opt/erc_ws/install/omni_base_robot' for CMake module files
[4.044s] Level 1:colcon.colcon_core.environment:checking '/opt/erc_ws/install/omni_base_robot' for CMake config files
[4.044s] Level 1:colcon.colcon_core.shell:create_environment_hook('omni_base_robot', 'cmake_prefix_path')
[4.044s] INFO:colcon.colcon_core.shell:Creating environment hook '/opt/erc_ws/install/omni_base_robot/share/omni_base_robot/hook/cmake_prefix_path.ps1'
[4.045s] INFO:colcon.colcon_core.shell:Creating environment descriptor '/opt/erc_ws/install/omni_base_robot/share/omni_base_robot/hook/cmake_prefix_path.dsv'
[4.045s] INFO:colcon.colcon_core.shell:Creating environment hook '/opt/erc_ws/install/omni_base_robot/share/omni_base_robot/hook/cmake_prefix_path.sh'
[4.046s] Level 1:colcon.colcon_core.environment:checking '/opt/erc_ws/install/omni_base_robot/bin'
[4.046s] Level 1:colcon.colcon_core.environment:checking '/opt/erc_ws/install/omni_base_robot/lib/pkgconfig/omni_base_robot.pc'
[4.047s] Level 1:colcon.colcon_core.environment:checking '/opt/erc_ws/install/omni_base_robot/lib/python3.10/site-packages'
[4.047s] Level 1:colcon.colcon_core.environment:checking '/opt/erc_ws/install/omni_base_robot/bin'
[4.047s] INFO:colcon.colcon_core.shell:Creating package script '/opt/erc_ws/install/omni_base_robot/share/omni_base_robot/package.ps1'
[4.048s] INFO:colcon.colcon_core.shell:Creating package descriptor '/opt/erc_ws/install/omni_base_robot/share/omni_base_robot/package.dsv'
[4.049s] INFO:colcon.colcon_core.shell:Creating package script '/opt/erc_ws/install/omni_base_robot/share/omni_base_robot/package.sh'
[4.050s] INFO:colcon.colcon_core.shell:Creating package script '/opt/erc_ws/install/omni_base_robot/share/omni_base_robot/package.bash'
[4.051s] INFO:colcon.colcon_core.shell:Creating package script '/opt/erc_ws/install/omni_base_robot/share/omni_base_robot/package.zsh'
[4.052s] Level 1:colcon.colcon_core.environment:create_file_with_runtime_dependencies(/opt/erc_ws/install/omni_base_robot/share/colcon-core/packages/omni_base_robot)
[4.058s] Level 1:colcon.colcon_core.environment:create_environment_scripts_only(tiago_pro_head_bringup)
[4.059s] Level 1:colcon.colcon_core.environment:checking '/opt/erc_ws/install/tiago_pro_head_bringup' for CMake module files
[4.060s] DEBUG:colcon.colcon_core.event_handler.log_command:Invoked command in '/opt/erc_ws/build/tiago_pro_head_bringup' returned '0': AMENT_PREFIX_PATH=/opt/erc_ws/install/launch_pal:/opt/erc_ws/install/tiago_pro_robot:/opt/erc_ws/install/tiago_pro_head_robot:/opt/erc_ws/install/tiago_pro_bringup:/opt/erc_ws/install/tiago_pro_head_bringup:/opt/erc_ws/install/erc_bringup:/opt/erc_ws/install/tiago_pro_description:/opt/erc_ws/install/tiago_pro_head_description:/opt/erc_ws/install/tiago_pro_controller_configuration:/opt/erc_ws/install/tiago_pro_head_controller_configuration:/opt/erc_ws/install/sensors:/opt/erc_ws/install/pal_sea_arm:/opt/erc_ws/install/pal_sea_arm_bringup:/opt/erc_ws/install/pal_sea_arm_description:/opt/erc_ws/install/pal_pro_gripper_simulation:/opt/erc_ws/install/pal_pro_gripper_bringup:/opt/erc_ws/install/pal_pro_gripper:/opt/erc_ws/install/pal_pro_gripper_description:/opt/erc_ws/install/pal_gripper_simulation:/opt/erc_ws/install/pal_gripper:/opt/erc_ws/install/pal_gripper_description:/opt/erc_ws/install/omni_base_robot:/opt/erc_ws/install/omni_base_bringup:/opt/erc_ws/install/omni_base_description:/opt/erc_ws/install/pal_urdf_utils:/opt/erc_ws/install/pal_sea_arm_controller_configuration:/opt/erc_ws/install/pal_pro_gripper_controller_configuration:/opt/erc_ws/install/pal_pro_gripper_wrapper:/opt/erc_ws/install/pal_gripper_controller_configuration:/opt/erc_ws/install/omni_base_controller_configuration:/opt/erc_ws/install/gz_ros2_control:/opt/erc_ws/install/erc_solution:/opt/erc_ws/install/erc_description:/opt/ros/humble CMAKE_PREFIX_PATH=/opt/erc_ws/install/tiago_pro_head_description:/opt/erc_ws/install/tiago_pro_head_controller_configuration:/opt/erc_ws/install/pal_urdf_utils:/opt/erc_ws/install/tiago_pro_robot:/opt/erc_ws/install/tiago_pro_head_robot:/opt/erc_ws/install/tiago_pro_bringup:/opt/erc_ws/install/tiago_pro_head_bringup:/opt/erc_ws/install/erc_bringup:/opt/erc_ws/install/tiago_pro_description:/opt/erc_ws/install/tiago_pro_controller_configuration:/opt/erc_ws/install/pal_sea_arm:/opt/erc_ws/install/pal_sea_arm_bringup:/opt/erc_ws/install/pal_sea_arm_description:/opt/erc_ws/install/pal_pro_gripper_simulation:/opt/erc_ws/install/pal_pro_gripper_bringup:/opt/erc_ws/install/pal_pro_gripper:/opt/erc_ws/install/pal_pro_gripper_description:/opt/erc_ws/install/pal_gripper_simulation:/opt/erc_ws/install/pal_gripper:/opt/erc_ws/install/pal_gripper_description:/opt/erc_ws/install/omni_base_robot:/opt/erc_ws/install/omni_base_bringup:/opt/erc_ws/install/omni_base_description:/opt/erc_ws/install/pal_sea_arm_controller_configuration:/opt/erc_ws/install/pal_pro_gripper_controller_configuration:/opt/erc_ws/install/pal_gripper_controller_configuration:/opt/erc_ws/install/omni_base_controller_configuration:/opt/erc_ws/install/gz_ros2_control:/opt/erc_ws/install/erc_description:/opt/erc_ws/install/sensors:/opt/erc_ws/install/pal_pro_gripper_wrapper:/opt/erc_ws/install/launch_pal:/opt/erc_ws/install/erc_solution:/opt/ros/humble PYTHONPATH=/opt/erc_ws/build/launch_pal:/opt/erc_ws/install/launch_pal/lib/python3.10/site-packages:/opt/erc_ws/install/tiago_pro_description/local/lib/python3.10/dist-packages:/opt/erc_ws/install/tiago_pro_head_description/local/lib/python3.10/dist-packages:/opt/erc_ws/build/sensors:/opt/erc_ws/install/sensors/lib/python3.10/site-packages:/opt/erc_ws/install/pal_sea_arm_description/local/lib/python3.10/dist-packages:/opt/erc_ws/install/pal_pro_gripper_description/local/lib/python3.10/dist-packages:/opt/erc_ws/install/omni_base_description/local/lib/python3.10/dist-packages:/opt/erc_ws/build/pal_pro_gripper_wrapper:/opt/erc_ws/install/pal_pro_gripper_wrapper/lib/python3.10/site-packages:/opt/erc_ws/build/erc_solution:/opt/erc_ws/install/erc_solution/lib/python3.10/site-packages:/opt/ros/humble/lib/python3.10/site-packages:/opt/ros/humble/local/lib/python3.10/dist-packages /usr/bin/cmake --install /opt/erc_ws/build/tiago_pro_head_bringup
[4.060s] Level 1:colcon.colcon_core.environment:checking '/opt/erc_ws/install/tiago_pro_head_bringup' for CMake config files
[4.061s] Level 1:colcon.colcon_core.shell:create_environment_hook('tiago_pro_head_bringup', 'cmake_prefix_path')
[4.061s] INFO:colcon.colcon_core.shell:Creating environment hook '/opt/erc_ws/install/tiago_pro_head_bringup/share/tiago_pro_head_bringup/hook/cmake_prefix_path.ps1'
[4.062s] INFO:colcon.colcon_core.shell:Creating environment descriptor '/opt/erc_ws/install/tiago_pro_head_bringup/share/tiago_pro_head_bringup/hook/cmake_prefix_path.dsv'
[4.062s] INFO:colcon.colcon_core.shell:Creating environment hook '/opt/erc_ws/install/tiago_pro_head_bringup/share/tiago_pro_head_bringup/hook/cmake_prefix_path.sh'
[4.063s] Level 1:colcon.colcon_core.environment:checking '/opt/erc_ws/install/tiago_pro_head_bringup/bin'
[4.063s] Level 1:colcon.colcon_core.environment:checking '/opt/erc_ws/install/tiago_pro_head_bringup/lib/pkgconfig/tiago_pro_head_bringup.pc'
[4.064s] Level 1:colcon.colcon_core.environment:checking '/opt/erc_ws/install/tiago_pro_head_bringup/lib/python3.10/site-packages'
[4.064s] Level 1:colcon.colcon_core.environment:checking '/opt/erc_ws/install/tiago_pro_head_bringup/bin'
[4.064s] INFO:colcon.colcon_core.shell:Creating package script '/opt/erc_ws/install/tiago_pro_head_bringup/share/tiago_pro_head_bringup/package.ps1'
[4.066s] INFO:colcon.colcon_core.shell:Creating package descriptor '/opt/erc_ws/install/tiago_pro_head_bringup/share/tiago_pro_head_bringup/package.dsv'
[4.066s] INFO:colcon.colcon_core.shell:Creating package script '/opt/erc_ws/install/tiago_pro_head_bringup/share/tiago_pro_head_bringup/package.sh'
[4.067s] INFO:colcon.colcon_core.shell:Creating package script '/opt/erc_ws/install/tiago_pro_head_bringup/share/tiago_pro_head_bringup/package.bash'
[4.067s] INFO:colcon.colcon_core.shell:Creating package script '/opt/erc_ws/install/tiago_pro_head_bringup/share/tiago_pro_head_bringup/package.zsh'
[4.067s] Level 1:colcon.colcon_core.environment:create_file_with_runtime_dependencies(/opt/erc_ws/install/tiago_pro_head_bringup/share/colcon-core/packages/tiago_pro_head_bringup)
[4.068s] Level 1:colcon.colcon_core.environment:create_environment_scripts_only(tiago_pro_head_bringup)
[4.068s] Level 1:colcon.colcon_core.environment:checking '/opt/erc_ws/install/tiago_pro_head_bringup' for CMake module files
[4.069s] Level 1:colcon.colcon_core.environment:checking '/opt/erc_ws/install/tiago_pro_head_bringup' for CMake config files
[4.069s] Level 1:colcon.colcon_core.shell:create_environment_hook('tiago_pro_head_bringup', 'cmake_prefix_path')
[4.070s] INFO:colcon.colcon_core.shell:Creating environment hook '/opt/erc_ws/install/tiago_pro_head_bringup/share/tiago_pro_head_bringup/hook/cmake_prefix_path.ps1'
[4.070s] INFO:colcon.colcon_core.shell:Creating environment descriptor '/opt/erc_ws/install/tiago_pro_head_bringup/share/tiago_pro_head_bringup/hook/cmake_prefix_path.dsv'
[4.071s] INFO:colcon.colcon_core.shell:Creating environment hook '/opt/erc_ws/install/tiago_pro_head_bringup/share/tiago_pro_head_bringup/hook/cmake_prefix_path.sh'
[4.071s] Level 1:colcon.colcon_core.environment:checking '/opt/erc_ws/install/tiago_pro_head_bringup/bin'
[4.071s] Level 1:colcon.colcon_core.environment:checking '/opt/erc_ws/install/tiago_pro_head_bringup/lib/pkgconfig/tiago_pro_head_bringup.pc'
[4.072s] Level 1:colcon.colcon_core.environment:checking '/opt/erc_ws/install/tiago_pro_head_bringup/lib/python3.10/site-packages'
[4.072s] Level 1:colcon.colcon_core.environment:checking '/opt/erc_ws/install/tiago_pro_head_bringup/bin'
[4.073s] INFO:colcon.colcon_core.shell:Creating package script '/opt/erc_ws/install/tiago_pro_head_bringup/share/tiago_pro_head_bringup/package.ps1'
[4.074s] INFO:colcon.colcon_core.shell:Creating package descriptor '/opt/erc_ws/install/tiago_pro_head_bringup/share/tiago_pro_head_bringup/package.dsv'
[4.074s] INFO:colcon.colcon_core.shell:Creating package script '/opt/erc_ws/install/tiago_pro_head_bringup/share/tiago_pro_head_bringup/package.sh'
[4.075s] INFO:colcon.colcon_core.shell:Creating package script '/opt/erc_ws/install/tiago_pro_head_bringup/share/tiago_pro_head_bringup/package.bash'
[4.076s] INFO:colcon.colcon_core.shell:Creating package script '/opt/erc_ws/install/tiago_pro_head_bringup/share/tiago_pro_head_bringup/package.zsh'
[4.077s] Level 1:colcon.colcon_core.environment:create_file_with_runtime_dependencies(/opt/erc_ws/install/tiago_pro_head_bringup/share/colcon-core/packages/tiago_pro_head_bringup)
[4.077s] INFO:colcon.colcon_ros.task.ament_cmake.build:Building ROS package in '/opt/erc_ws/src/tiago_pro_robot/tiago_pro_bringup' with build type 'ament_cmake'
[4.077s] INFO:colcon.colcon_cmake.task.cmake.build:Building CMake package in '/opt/erc_ws/src/tiago_pro_robot/tiago_pro_bringup'
[4.078s] INFO:colcon.colcon_core.shell:Skip shell extension 'powershell' for command environment: Not usable outside of PowerShell
[4.078s] DEBUG:colcon.colcon_core.shell:Skip shell extension 'dsv' for command environment
[4.086s] INFO:colcon.colcon_ros.task.ament_cmake.build:Building ROS package in '/opt/erc_ws/src/tiago_pro_head_robot/tiago_pro_head_robot' with build type 'ament_cmake'
[4.087s] INFO:colcon.colcon_cmake.task.cmake.build:Building CMake package in '/opt/erc_ws/src/tiago_pro_head_robot/tiago_pro_head_robot'
[4.087s] INFO:colcon.colcon_core.shell:Skip shell extension 'powershell' for command environment: Not usable outside of PowerShell
[4.087s] DEBUG:colcon.colcon_core.shell:Skip shell extension 'dsv' for command environment
[4.095s] Level 1:colcon.colcon_core.environment:create_environment_scripts_only(pal_sea_arm_description)
[4.095s] Level 1:colcon.colcon_core.environment:checking '/opt/erc_ws/install/pal_sea_arm_description' for CMake module files
[4.096s] Level 1:colcon.colcon_core.environment:checking '/opt/erc_ws/install/pal_sea_arm_description' for CMake config files
[4.097s] Level 1:colcon.colcon_core.shell:create_environment_hook('pal_sea_arm_description', 'cmake_prefix_path')
[4.097s] INFO:colcon.colcon_core.shell:Creating environment hook '/opt/erc_ws/install/pal_sea_arm_description/share/pal_sea_arm_description/hook/cmake_prefix_path.ps1'
[4.098s] DEBUG:colcon.colcon_core.event_handler.log_command:Invoked command in '/opt/erc_ws/build/pal_sea_arm_description' returned '0': AMENT_PREFIX_PATH=/opt/erc_ws/install/pal_pro_gripper_wrapper:/opt/erc_ws/install/launch_pal:/opt/erc_ws/install/tiago_pro_robot:/opt/erc_ws/install/tiago_pro_head_robot:/opt/erc_ws/install/tiago_pro_bringup:/opt/erc_ws/install/tiago_pro_head_bringup:/opt/erc_ws/install/erc_bringup:/opt/erc_ws/install/tiago_pro_description:/opt/erc_ws/install/tiago_pro_head_description:/opt/erc_ws/install/tiago_pro_controller_configuration:/opt/erc_ws/install/tiago_pro_head_controller_configuration:/opt/erc_ws/install/sensors:/opt/erc_ws/install/pal_sea_arm:/opt/erc_ws/install/pal_sea_arm_bringup:/opt/erc_ws/install/pal_sea_arm_description:/opt/erc_ws/install/pal_pro_gripper_simulation:/opt/erc_ws/install/pal_pro_gripper_bringup:/opt/erc_ws/install/pal_pro_gripper:/opt/erc_ws/install/pal_pro_gripper_description:/opt/erc_ws/install/pal_gripper_simulation:/opt/erc_ws/install/pal_gripper:/opt/erc_ws/install/pal_gripper_description:/opt/erc_ws/install/omni_base_robot:/opt/erc_ws/install/omni_base_bringup:/opt/erc_ws/install/omni_base_description:/opt/erc_ws/install/pal_urdf_utils:/opt/erc_ws/install/pal_sea_arm_controller_configuration:/opt/erc_ws/install/pal_pro_gripper_controller_configuration:/opt/erc_ws/install/pal_gripper_controller_configuration:/opt/erc_ws/install/omni_base_controller_configuration:/opt/erc_ws/install/gz_ros2_control:/opt/erc_ws/install/erc_solution:/opt/erc_ws/install/erc_description:/opt/ros/humble CMAKE_PREFIX_PATH=/opt/erc_ws/install/pal_sea_arm_controller_configuration:/opt/erc_ws/install/pal_pro_gripper_description:/opt/erc_ws/install/pal_pro_gripper_controller_configuration:/opt/erc_ws/install/pal_urdf_utils:/opt/erc_ws/install/tiago_pro_robot:/opt/erc_ws/install/tiago_pro_head_robot:/opt/erc_ws/install/tiago_pro_bringup:/opt/erc_ws/install/tiago_pro_head_bringup:/opt/erc_ws/install/erc_bringup:/opt/erc_ws/install/tiago_pro_description:/opt/erc_ws/install/tiago_pro_head_description:/opt/erc_ws/install/tiago_pro_controller_configuration:/opt/erc_ws/install/tiago_pro_head_controller_configuration:/opt/erc_ws/install/pal_sea_arm:/opt/erc_ws/install/pal_sea_arm_bringup:/opt/erc_ws/install/pal_sea_arm_description:/opt/erc_ws/install/pal_pro_gripper_simulation:/opt/erc_ws/install/pal_pro_gripper_bringup:/opt/erc_ws/install/pal_pro_gripper:/opt/erc_ws/install/pal_gripper_simulation:/opt/erc_ws/install/pal_gripper:/opt/erc_ws/install/pal_gripper_description:/opt/erc_ws/install/omni_base_robot:/opt/erc_ws/install/omni_base_bringup:/opt/erc_ws/install/omni_base_description:/opt/erc_ws/install/pal_gripper_controller_configuration:/opt/erc_ws/install/omni_base_controller_configuration:/opt/erc_ws/install/gz_ros2_control:/opt/erc_ws/install/erc_description:/opt/erc_ws/install/sensors:/opt/erc_ws/install/pal_pro_gripper_wrapper:/opt/erc_ws/install/launch_pal:/opt/erc_ws/install/erc_solution:/opt/ros/humble PYTHONPATH=/opt/erc_ws/build/pal_pro_gripper_wrapper:/opt/erc_ws/install/pal_pro_gripper_wrapper/lib/python3.10/site-packages:/opt/erc_ws/build/launch_pal:/opt/erc_ws/install/launch_pal/lib/python3.10/site-packages:/opt/erc_ws/install/tiago_pro_description/local/lib/python3.10/dist-packages:/opt/erc_ws/install/tiago_pro_head_description/local/lib/python3.10/dist-packages:/opt/erc_ws/build/sensors:/opt/erc_ws/install/sensors/lib/python3.10/site-packages:/opt/erc_ws/install/pal_sea_arm_description/local/lib/python3.10/dist-packages:/opt/erc_ws/install/pal_pro_gripper_description/local/lib/python3.10/dist-packages:/opt/erc_ws/install/omni_base_description/local/lib/python3.10/dist-packages:/opt/erc_ws/build/erc_solution:/opt/erc_ws/install/erc_solution/lib/python3.10/site-packages:/opt/ros/humble/lib/python3.10/site-packages:/opt/ros/humble/local/lib/python3.10/dist-packages /usr/bin/cmake --install /opt/erc_ws/build/pal_sea_arm_description
[4.098s] INFO:colcon.colcon_core.shell:Creating environment descriptor '/opt/erc_ws/install/pal_sea_arm_description/share/pal_sea_arm_description/hook/cmake_prefix_path.dsv'
[4.099s] INFO:colcon.colcon_core.shell:Creating environment hook '/opt/erc_ws/install/pal_sea_arm_description/share/pal_sea_arm_description/hook/cmake_prefix_path.sh'
[4.099s] Level 1:colcon.colcon_core.environment:checking '/opt/erc_ws/install/pal_sea_arm_description/bin'
[4.099s] Level 1:colcon.colcon_core.environment:checking '/opt/erc_ws/install/pal_sea_arm_description/lib/pkgconfig/pal_sea_arm_description.pc'
[4.100s] Level 1:colcon.colcon_core.environment:checking '/opt/erc_ws/install/pal_sea_arm_description/lib/python3.10/site-packages'
[4.100s] Level 1:colcon.colcon_core.environment:checking '/opt/erc_ws/install/pal_sea_arm_description/bin'
[4.100s] INFO:colcon.colcon_core.shell:Creating package script '/opt/erc_ws/install/pal_sea_arm_description/share/pal_sea_arm_description/package.ps1'
[4.101s] INFO:colcon.colcon_core.shell:Creating package descriptor '/opt/erc_ws/install/pal_sea_arm_description/share/pal_sea_arm_description/package.dsv'
[4.102s] INFO:colcon.colcon_core.shell:Creating package script '/opt/erc_ws/install/pal_sea_arm_description/share/pal_sea_arm_description/package.sh'
[4.102s] INFO:colcon.colcon_core.shell:Creating package script '/opt/erc_ws/install/pal_sea_arm_description/share/pal_sea_arm_description/package.bash'
[4.103s] INFO:colcon.colcon_core.shell:Creating package script '/opt/erc_ws/install/pal_sea_arm_description/share/pal_sea_arm_description/package.zsh'
[4.103s] Level 1:colcon.colcon_core.environment:create_file_with_runtime_dependencies(/opt/erc_ws/install/pal_sea_arm_description/share/colcon-core/packages/pal_sea_arm_description)
[4.104s] Level 1:colcon.colcon_core.environment:create_environment_scripts_only(pal_sea_arm_description)
[4.104s] Level 1:colcon.colcon_core.environment:checking '/opt/erc_ws/install/pal_sea_arm_description' for CMake module files
[4.105s] Level 1:colcon.colcon_core.environment:checking '/opt/erc_ws/install/pal_sea_arm_description' for CMake config files
[4.105s] Level 1:colcon.colcon_core.shell:create_environment_hook('pal_sea_arm_description', 'cmake_prefix_path')
[4.106s] INFO:colcon.colcon_core.shell:Creating environment hook '/opt/erc_ws/install/pal_sea_arm_description/share/pal_sea_arm_description/hook/cmake_prefix_path.ps1'
[4.107s] INFO:colcon.colcon_core.shell:Creating environment descriptor '/opt/erc_ws/install/pal_sea_arm_description/share/pal_sea_arm_description/hook/cmake_prefix_path.dsv'
[4.107s] INFO:colcon.colcon_core.shell:Creating environment hook '/opt/erc_ws/install/pal_sea_arm_description/share/pal_sea_arm_description/hook/cmake_prefix_path.sh'
[4.108s] Level 1:colcon.colcon_core.environment:checking '/opt/erc_ws/install/pal_sea_arm_description/bin'
[4.108s] Level 1:colcon.colcon_core.environment:checking '/opt/erc_ws/install/pal_sea_arm_description/lib/pkgconfig/pal_sea_arm_description.pc'
[4.108s] Level 1:colcon.colcon_core.environment:checking '/opt/erc_ws/install/pal_sea_arm_description/lib/python3.10/site-packages'
[4.108s] Level 1:colcon.colcon_core.environment:checking '/opt/erc_ws/install/pal_sea_arm_description/bin'
[4.109s] INFO:colcon.colcon_core.shell:Creating package script '/opt/erc_ws/install/pal_sea_arm_description/share/pal_sea_arm_description/package.ps1'
[4.109s] INFO:colcon.colcon_core.shell:Creating package descriptor '/opt/erc_ws/install/pal_sea_arm_description/share/pal_sea_arm_description/package.dsv'
[4.110s] INFO:colcon.colcon_core.shell:Creating package script '/opt/erc_ws/install/pal_sea_arm_description/share/pal_sea_arm_description/package.sh'
[4.110s] INFO:colcon.colcon_core.shell:Creating package script '/opt/erc_ws/install/pal_sea_arm_description/share/pal_sea_arm_description/package.bash'
[4.111s] INFO:colcon.colcon_core.shell:Creating package script '/opt/erc_ws/install/pal_sea_arm_description/share/pal_sea_arm_description/package.zsh'
[4.111s] Level 1:colcon.colcon_core.environment:create_file_with_runtime_dependencies(/opt/erc_ws/install/pal_sea_arm_description/share/colcon-core/packages/pal_sea_arm_description)
[4.115s] INFO:colcon.colcon_ros.task.ament_cmake.build:Building ROS package in '/opt/erc_ws/src/tiago_pro_robot/tiago_pro_description' with build type 'ament_cmake'
[4.115s] INFO:colcon.colcon_cmake.task.cmake.build:Building CMake package in '/opt/erc_ws/src/tiago_pro_robot/tiago_pro_description'
[4.116s] INFO:colcon.colcon_core.shell:Skip shell extension 'powershell' for command environment: Not usable outside of PowerShell
[4.116s] DEBUG:colcon.colcon_core.shell:Skip shell extension 'dsv' for command environment
[4.122s] INFO:colcon.colcon_ros.task.ament_cmake.build:Building ROS package in '/opt/erc_ws/src/pal_sea_arm/pal_sea_arm_bringup' with build type 'ament_cmake'
[4.123s] INFO:colcon.colcon_cmake.task.cmake.build:Building CMake package in '/opt/erc_ws/src/pal_sea_arm/pal_sea_arm_bringup'
[4.123s] INFO:colcon.colcon_core.shell:Skip shell extension 'powershell' for command environment: Not usable outside of PowerShell
[4.123s] DEBUG:colcon.colcon_core.shell:Skip shell extension 'dsv' for command environment
[4.144s] DEBUG:colcon.colcon_core.event_handler.log_command:Invoking command in '/opt/erc_ws/build/tiago_pro_bringup': AMENT_PREFIX_PATH=/opt/erc_ws/install/pal_pro_gripper_wrapper:/opt/erc_ws/install/launch_pal:/opt/erc_ws/install/tiago_pro_robot:/opt/erc_ws/install/tiago_pro_head_robot:/opt/erc_ws/install/tiago_pro_bringup:/opt/erc_ws/install/tiago_pro_head_bringup:/opt/erc_ws/install/erc_bringup:/opt/erc_ws/install/tiago_pro_description:/opt/erc_ws/install/tiago_pro_head_description:/opt/erc_ws/install/tiago_pro_controller_configuration:/opt/erc_ws/install/tiago_pro_head_controller_configuration:/opt/erc_ws/install/sensors:/opt/erc_ws/install/pal_sea_arm:/opt/erc_ws/install/pal_sea_arm_bringup:/opt/erc_ws/install/pal_sea_arm_description:/opt/erc_ws/install/pal_pro_gripper_simulation:/opt/erc_ws/install/pal_pro_gripper_bringup:/opt/erc_ws/install/pal_pro_gripper:/opt/erc_ws/install/pal_pro_gripper_description:/opt/erc_ws/install/pal_gripper_simulation:/opt/erc_ws/install/pal_gripper:/opt/erc_ws/install/pal_gripper_description:/opt/erc_ws/install/omni_base_robot:/opt/erc_ws/install/omni_base_bringup:/opt/erc_ws/install/omni_base_description:/opt/erc_ws/install/pal_urdf_utils:/opt/erc_ws/install/pal_sea_arm_controller_configuration:/opt/erc_ws/install/pal_pro_gripper_controller_configuration:/opt/erc_ws/install/pal_gripper_controller_configuration:/opt/erc_ws/install/omni_base_controller_configuration:/opt/erc_ws/install/gz_ros2_control:/opt/erc_ws/install/erc_solution:/opt/erc_ws/install/erc_description:/opt/ros/humble CMAKE_PREFIX_PATH=/opt/erc_ws/install/tiago_pro_head_bringup:/opt/erc_ws/install/tiago_pro_controller_configuration:/opt/erc_ws/install/tiago_pro_head_description:/opt/erc_ws/install/pal_sea_arm_controller_configuration:/opt/erc_ws/install/tiago_pro_head_controller_configuration:/opt/erc_ws/install/pal_pro_gripper_controller_configuration:/opt/erc_ws/install/pal_urdf_utils:/opt/erc_ws/install/omni_base_controller_configuration:/opt/erc_ws/install/tiago_pro_robot:/opt/erc_ws/install/tiago_pro_head_robot:/opt/erc_ws/install/tiago_pro_bringup:/opt/erc_ws/install/erc_bringup:/opt/erc_ws/install/tiago_pro_description:/opt/erc_ws/install/pal_sea_arm:/opt/erc_ws/install/pal_sea_arm_bringup:/opt/erc_ws/install/pal_sea_arm_description:/opt/erc_ws/install/pal_pro_gripper_simulation:/opt/erc_ws/install/pal_pro_gripper_bringup:/opt/erc_ws/install/pal_pro_gripper:/opt/erc_ws/install/pal_pro_gripper_description:/opt/erc_ws/install/pal_gripper_simulation:/opt/erc_ws/install/pal_gripper:/opt/erc_ws/install/pal_gripper_description:/opt/erc_ws/install/omni_base_robot:/opt/erc_ws/install/omni_base_bringup:/opt/erc_ws/install/omni_base_description:/opt/erc_ws/install/pal_gripper_controller_configuration:/opt/erc_ws/install/gz_ros2_control:/opt/erc_ws/install/erc_description:/opt/erc_ws/install/sensors:/opt/erc_ws/install/pal_pro_gripper_wrapper:/opt/erc_ws/install/launch_pal:/opt/erc_ws/install/erc_solution:/opt/ros/humble PYTHONPATH=/opt/erc_ws/build/pal_pro_gripper_wrapper:/opt/erc_ws/install/pal_pro_gripper_wrapper/lib/python3.10/site-packages:/opt/erc_ws/build/launch_pal:/opt/erc_ws/install/launch_pal/lib/python3.10/site-packages:/opt/erc_ws/install/tiago_pro_description/local/lib/python3.10/dist-packages:/opt/erc_ws/install/tiago_pro_head_description/local/lib/python3.10/dist-packages:/opt/erc_ws/build/sensors:/opt/erc_ws/install/sensors/lib/python3.10/site-packages:/opt/erc_ws/install/pal_sea_arm_description/local/lib/python3.10/dist-packages:/opt/erc_ws/install/pal_pro_gripper_description/local/lib/python3.10/dist-packages:/opt/erc_ws/install/omni_base_description/local/lib/python3.10/dist-packages:/opt/erc_ws/build/erc_solution:/opt/erc_ws/install/erc_solution/lib/python3.10/site-packages:/opt/ros/humble/lib/python3.10/site-packages:/opt/ros/humble/local/lib/python3.10/dist-packages /usr/bin/cmake --build /opt/erc_ws/build/tiago_pro_bringup -- -j16 -l16
[4.149s] DEBUG:colcon.colcon_core.event_handler.log_command:Invoking command in '/opt/erc_ws/build/tiago_pro_head_robot': AMENT_PREFIX_PATH=/opt/erc_ws/install/launch_pal:/opt/erc_ws/install/tiago_pro_robot:/opt/erc_ws/install/tiago_pro_head_robot:/opt/erc_ws/install/tiago_pro_bringup:/opt/erc_ws/install/tiago_pro_head_bringup:/opt/erc_ws/install/erc_bringup:/opt/erc_ws/install/tiago_pro_description:/opt/erc_ws/install/tiago_pro_head_description:/opt/erc_ws/install/tiago_pro_controller_configuration:/opt/erc_ws/install/tiago_pro_head_controller_configuration:/opt/erc_ws/install/sensors:/opt/erc_ws/install/pal_sea_arm:/opt/erc_ws/install/pal_sea_arm_bringup:/opt/erc_ws/install/pal_sea_arm_description:/opt/erc_ws/install/pal_pro_gripper_simulation:/opt/erc_ws/install/pal_pro_gripper_bringup:/opt/erc_ws/install/pal_pro_gripper:/opt/erc_ws/install/pal_pro_gripper_description:/opt/erc_ws/install/pal_gripper_simulation:/opt/erc_ws/install/pal_gripper:/opt/erc_ws/install/pal_gripper_description:/opt/erc_ws/install/omni_base_robot:/opt/erc_ws/install/omni_base_bringup:/opt/erc_ws/install/omni_base_description:/opt/erc_ws/install/pal_urdf_utils:/opt/erc_ws/install/pal_sea_arm_controller_configuration:/opt/erc_ws/install/pal_pro_gripper_controller_configuration:/opt/erc_ws/install/pal_pro_gripper_wrapper:/opt/erc_ws/install/pal_gripper_controller_configuration:/opt/erc_ws/install/omni_base_controller_configuration:/opt/erc_ws/install/gz_ros2_control:/opt/erc_ws/install/erc_solution:/opt/erc_ws/install/erc_description:/opt/ros/humble CMAKE_PREFIX_PATH=/opt/erc_ws/install/tiago_pro_head_bringup:/opt/erc_ws/install/tiago_pro_head_description:/opt/erc_ws/install/tiago_pro_head_controller_configuration:/opt/erc_ws/install/pal_urdf_utils:/opt/erc_ws/install/tiago_pro_robot:/opt/erc_ws/install/tiago_pro_head_robot:/opt/erc_ws/install/tiago_pro_bringup:/opt/erc_ws/install/erc_bringup:/opt/erc_ws/install/tiago_pro_description:/opt/erc_ws/install/tiago_pro_controller_configuration:/opt/erc_ws/install/pal_sea_arm:/opt/erc_ws/install/pal_sea_arm_bringup:/opt/erc_ws/install/pal_sea_arm_description:/opt/erc_ws/install/pal_pro_gripper_simulation:/opt/erc_ws/install/pal_pro_gripper_bringup:/opt/erc_ws/install/pal_pro_gripper:/opt/erc_ws/install/pal_pro_gripper_description:/opt/erc_ws/install/pal_gripper_simulation:/opt/erc_ws/install/pal_gripper:/opt/erc_ws/install/pal_gripper_description:/opt/erc_ws/install/omni_base_robot:/opt/erc_ws/install/omni_base_bringup:/opt/erc_ws/install/omni_base_description:/opt/erc_ws/install/pal_sea_arm_controller_configuration:/opt/erc_ws/install/pal_pro_gripper_controller_configuration:/opt/erc_ws/install/pal_gripper_controller_configuration:/opt/erc_ws/install/omni_base_controller_configuration:/opt/erc_ws/install/gz_ros2_control:/opt/erc_ws/install/erc_description:/opt/erc_ws/install/sensors:/opt/erc_ws/install/pal_pro_gripper_wrapper:/opt/erc_ws/install/launch_pal:/opt/erc_ws/install/erc_solution:/opt/ros/humble PYTHONPATH=/opt/erc_ws/build/launch_pal:/opt/erc_ws/install/launch_pal/lib/python3.10/site-packages:/opt/erc_ws/install/tiago_pro_description/local/lib/python3.10/dist-packages:/opt/erc_ws/install/tiago_pro_head_description/local/lib/python3.10/dist-packages:/opt/erc_ws/build/sensors:/opt/erc_ws/install/sensors/lib/python3.10/site-packages:/opt/erc_ws/install/pal_sea_arm_description/local/lib/python3.10/dist-packages:/opt/erc_ws/install/pal_pro_gripper_description/local/lib/python3.10/dist-packages:/opt/erc_ws/install/omni_base_description/local/lib/python3.10/dist-packages:/opt/erc_ws/build/pal_pro_gripper_wrapper:/opt/erc_ws/install/pal_pro_gripper_wrapper/lib/python3.10/site-packages:/opt/erc_ws/build/erc_solution:/opt/erc_ws/install/erc_solution/lib/python3.10/site-packages:/opt/ros/humble/lib/python3.10/site-packages:/opt/ros/humble/local/lib/python3.10/dist-packages /usr/bin/cmake --build /opt/erc_ws/build/tiago_pro_head_robot -- -j16 -l16
[4.157s] DEBUG:colcon.colcon_core.event_handler.log_command:Invoking command in '/opt/erc_ws/build/tiago_pro_description': AMENT_PREFIX_PATH=/opt/erc_ws/install/pal_pro_gripper_wrapper:/opt/erc_ws/install/launch_pal:/opt/erc_ws/install/tiago_pro_robot:/opt/erc_ws/install/tiago_pro_head_robot:/opt/erc_ws/install/tiago_pro_bringup:/opt/erc_ws/install/tiago_pro_head_bringup:/opt/erc_ws/install/erc_bringup:/opt/erc_ws/install/tiago_pro_description:/opt/erc_ws/install/tiago_pro_head_description:/opt/erc_ws/install/tiago_pro_controller_configuration:/opt/erc_ws/install/tiago_pro_head_controller_configuration:/opt/erc_ws/install/sensors:/opt/erc_ws/install/pal_sea_arm:/opt/erc_ws/install/pal_sea_arm_bringup:/opt/erc_ws/install/pal_sea_arm_description:/opt/erc_ws/install/pal_pro_gripper_simulation:/opt/erc_ws/install/pal_pro_gripper_bringup:/opt/erc_ws/install/pal_pro_gripper:/opt/erc_ws/install/pal_pro_gripper_description:/opt/erc_ws/install/pal_gripper_simulation:/opt/erc_ws/install/pal_gripper:/opt/erc_ws/install/pal_gripper_description:/opt/erc_ws/install/omni_base_robot:/opt/erc_ws/install/omni_base_bringup:/opt/erc_ws/install/omni_base_description:/opt/erc_ws/install/pal_urdf_utils:/opt/erc_ws/install/pal_sea_arm_controller_configuration:/opt/erc_ws/install/pal_pro_gripper_controller_configuration:/opt/erc_ws/install/pal_gripper_controller_configuration:/opt/erc_ws/install/omni_base_controller_configuration:/opt/erc_ws/install/gz_ros2_control:/opt/erc_ws/install/erc_solution:/opt/erc_ws/install/erc_description:/opt/ros/humble CMAKE_PREFIX_PATH=/opt/erc_ws/install/pal_sea_arm_description:/opt/erc_ws/install/tiago_pro_head_description:/opt/erc_ws/install/pal_sea_arm_controller_configuration:/opt/erc_ws/install/tiago_pro_head_controller_configuration:/opt/erc_ws/install/pal_pro_gripper_description:/opt/erc_ws/install/pal_pro_gripper_controller_configuration:/opt/erc_ws/install/omni_base_description:/opt/erc_ws/install/pal_urdf_utils:/opt/erc_ws/install/tiago_pro_robot:/opt/erc_ws/install/tiago_pro_head_robot:/opt/erc_ws/install/tiago_pro_bringup:/opt/erc_ws/install/tiago_pro_head_bringup:/opt/erc_ws/install/erc_bringup:/opt/erc_ws/install/tiago_pro_description:/opt/erc_ws/install/tiago_pro_controller_configuration:/opt/erc_ws/install/pal_sea_arm:/opt/erc_ws/install/pal_sea_arm_bringup:/opt/erc_ws/install/pal_pro_gripper_simulation:/opt/erc_ws/install/pal_pro_gripper_bringup:/opt/erc_ws/install/pal_pro_gripper:/opt/erc_ws/install/pal_gripper_simulation:/opt/erc_ws/install/pal_gripper:/opt/erc_ws/install/pal_gripper_description:/opt/erc_ws/install/omni_base_robot:/opt/erc_ws/install/omni_base_bringup:/opt/erc_ws/install/pal_gripper_controller_configuration:/opt/erc_ws/install/omni_base_controller_configuration:/opt/erc_ws/install/gz_ros2_control:/opt/erc_ws/install/erc_description:/opt/erc_ws/install/sensors:/opt/erc_ws/install/pal_pro_gripper_wrapper:/opt/erc_ws/install/launch_pal:/opt/erc_ws/install/erc_solution:/opt/ros/humble PYTHONPATH=/opt/erc_ws/build/pal_pro_gripper_wrapper:/opt/erc_ws/install/pal_pro_gripper_wrapper/lib/python3.10/site-packages:/opt/erc_ws/build/launch_pal:/opt/erc_ws/install/launch_pal/lib/python3.10/site-packages:/opt/erc_ws/install/tiago_pro_description/local/lib/python3.10/dist-packages:/opt/erc_ws/install/tiago_pro_head_description/local/lib/python3.10/dist-packages:/opt/erc_ws/build/sensors:/opt/erc_ws/install/sensors/lib/python3.10/site-packages:/opt/erc_ws/install/pal_sea_arm_description/local/lib/python3.10/dist-packages:/opt/erc_ws/install/pal_pro_gripper_description/local/lib/python3.10/dist-packages:/opt/erc_ws/install/omni_base_description/local/lib/python3.10/dist-packages:/opt/erc_ws/build/erc_solution:/opt/erc_ws/install/erc_solution/lib/python3.10/site-packages:/opt/ros/humble/lib/python3.10/site-packages:/opt/ros/humble/local/lib/python3.10/dist-packages /usr/bin/cmake --build /opt/erc_ws/build/tiago_pro_description -- -j16 -l16
[4.162s] DEBUG:colcon.colcon_core.event_handler.log_command:Invoking command in '/opt/erc_ws/build/pal_sea_arm_bringup': AMENT_PREFIX_PATH=/opt/erc_ws/install/pal_pro_gripper_wrapper:/opt/erc_ws/install/launch_pal:/opt/erc_ws/install/tiago_pro_robot:/opt/erc_ws/install/tiago_pro_head_robot:/opt/erc_ws/install/tiago_pro_bringup:/opt/erc_ws/install/tiago_pro_head_bringup:/opt/erc_ws/install/erc_bringup:/opt/erc_ws/install/tiago_pro_description:/opt/erc_ws/install/tiago_pro_head_description:/opt/erc_ws/install/tiago_pro_controller_configuration:/opt/erc_ws/install/tiago_pro_head_controller_configuration:/opt/erc_ws/install/sensors:/opt/erc_ws/install/pal_sea_arm:/opt/erc_ws/install/pal_sea_arm_bringup:/opt/erc_ws/install/pal_sea_arm_description:/opt/erc_ws/install/pal_pro_gripper_simulation:/opt/erc_ws/install/pal_pro_gripper_bringup:/opt/erc_ws/install/pal_pro_gripper:/opt/erc_ws/install/pal_pro_gripper_description:/opt/erc_ws/install/pal_gripper_simulation:/opt/erc_ws/install/pal_gripper:/opt/erc_ws/install/pal_gripper_description:/opt/erc_ws/install/omni_base_robot:/opt/erc_ws/install/omni_base_bringup:/opt/erc_ws/install/omni_base_description:/opt/erc_ws/install/pal_urdf_utils:/opt/erc_ws/install/pal_sea_arm_controller_configuration:/opt/erc_ws/install/pal_pro_gripper_controller_configuration:/opt/erc_ws/install/pal_gripper_controller_configuration:/opt/erc_ws/install/omni_base_controller_configuration:/opt/erc_ws/install/gz_ros2_control:/opt/erc_ws/install/erc_solution:/opt/erc_ws/install/erc_description:/opt/ros/humble CMAKE_PREFIX_PATH=/opt/erc_ws/install/pal_sea_arm_description:/opt/erc_ws/install/pal_sea_arm_controller_configuration:/opt/erc_ws/install/pal_pro_gripper_description:/opt/erc_ws/install/pal_pro_gripper_controller_configuration:/opt/erc_ws/install/pal_urdf_utils:/opt/erc_ws/install/tiago_pro_robot:/opt/erc_ws/install/tiago_pro_head_robot:/opt/erc_ws/install/tiago_pro_bringup:/opt/erc_ws/install/tiago_pro_head_bringup:/opt/erc_ws/install/erc_bringup:/opt/erc_ws/install/tiago_pro_description:/opt/erc_ws/install/tiago_pro_head_description:/opt/erc_ws/install/tiago_pro_controller_configuration:/opt/erc_ws/install/tiago_pro_head_controller_configuration:/opt/erc_ws/install/pal_sea_arm:/opt/erc_ws/install/pal_sea_arm_bringup:/opt/erc_ws/install/pal_pro_gripper_simulation:/opt/erc_ws/install/pal_pro_gripper_bringup:/opt/erc_ws/install/pal_pro_gripper:/opt/erc_ws/install/pal_gripper_simulation:/opt/erc_ws/install/pal_gripper:/opt/erc_ws/install/pal_gripper_description:/opt/erc_ws/install/omni_base_robot:/opt/erc_ws/install/omni_base_bringup:/opt/erc_ws/install/omni_base_description:/opt/erc_ws/install/pal_gripper_controller_configuration:/opt/erc_ws/install/omni_base_controller_configuration:/opt/erc_ws/install/gz_ros2_control:/opt/erc_ws/install/erc_description:/opt/erc_ws/install/sensors:/opt/erc_ws/install/pal_pro_gripper_wrapper:/opt/erc_ws/install/launch_pal:/opt/erc_ws/install/erc_solution:/opt/ros/humble PYTHONPATH=/opt/erc_ws/build/pal_pro_gripper_wrapper:/opt/erc_ws/install/pal_pro_gripper_wrapper/lib/python3.10/site-packages:/opt/erc_ws/build/launch_pal:/opt/erc_ws/install/launch_pal/lib/python3.10/site-packages:/opt/erc_ws/install/tiago_pro_description/local/lib/python3.10/dist-packages:/opt/erc_ws/install/tiago_pro_head_description/local/lib/python3.10/dist-packages:/opt/erc_ws/build/sensors:/opt/erc_ws/install/sensors/lib/python3.10/site-packages:/opt/erc_ws/install/pal_sea_arm_description/local/lib/python3.10/dist-packages:/opt/erc_ws/install/pal_pro_gripper_description/local/lib/python3.10/dist-packages:/opt/erc_ws/install/omni_base_description/local/lib/python3.10/dist-packages:/opt/erc_ws/build/erc_solution:/opt/erc_ws/install/erc_solution/lib/python3.10/site-packages:/opt/ros/humble/lib/python3.10/site-packages:/opt/ros/humble/local/lib/python3.10/dist-packages /usr/bin/cmake --build /opt/erc_ws/build/pal_sea_arm_bringup -- -j16 -l16
[4.190s] DEBUG:colcon.colcon_core.event_handler.log_command:Invoked command in '/opt/erc_ws/build/tiago_pro_head_robot' returned '0': AMENT_PREFIX_PATH=/opt/erc_ws/install/launch_pal:/opt/erc_ws/install/tiago_pro_robot:/opt/erc_ws/install/tiago_pro_head_robot:/opt/erc_ws/install/tiago_pro_bringup:/opt/erc_ws/install/tiago_pro_head_bringup:/opt/erc_ws/install/erc_bringup:/opt/erc_ws/install/tiago_pro_description:/opt/erc_ws/install/tiago_pro_head_description:/opt/erc_ws/install/tiago_pro_controller_configuration:/opt/erc_ws/install/tiago_pro_head_controller_configuration:/opt/erc_ws/install/sensors:/opt/erc_ws/install/pal_sea_arm:/opt/erc_ws/install/pal_sea_arm_bringup:/opt/erc_ws/install/pal_sea_arm_description:/opt/erc_ws/install/pal_pro_gripper_simulation:/opt/erc_ws/install/pal_pro_gripper_bringup:/opt/erc_ws/install/pal_pro_gripper:/opt/erc_ws/install/pal_pro_gripper_description:/opt/erc_ws/install/pal_gripper_simulation:/opt/erc_ws/install/pal_gripper:/opt/erc_ws/install/pal_gripper_description:/opt/erc_ws/install/omni_base_robot:/opt/erc_ws/install/omni_base_bringup:/opt/erc_ws/install/omni_base_description:/opt/erc_ws/install/pal_urdf_utils:/opt/erc_ws/install/pal_sea_arm_controller_configuration:/opt/erc_ws/install/pal_pro_gripper_controller_configuration:/opt/erc_ws/install/pal_pro_gripper_wrapper:/opt/erc_ws/install/pal_gripper_controller_configuration:/opt/erc_ws/install/omni_base_controller_configuration:/opt/erc_ws/install/gz_ros2_control:/opt/erc_ws/install/erc_solution:/opt/erc_ws/install/erc_description:/opt/ros/humble CMAKE_PREFIX_PATH=/opt/erc_ws/install/tiago_pro_head_bringup:/opt/erc_ws/install/tiago_pro_head_description:/opt/erc_ws/install/tiago_pro_head_controller_configuration:/opt/erc_ws/install/pal_urdf_utils:/opt/erc_ws/install/tiago_pro_robot:/opt/erc_ws/install/tiago_pro_head_robot:/opt/erc_ws/install/tiago_pro_bringup:/opt/erc_ws/install/erc_bringup:/opt/erc_ws/install/tiago_pro_description:/opt/erc_ws/install/tiago_pro_controller_configuration:/opt/erc_ws/install/pal_sea_arm:/opt/erc_ws/install/pal_sea_arm_bringup:/opt/erc_ws/install/pal_sea_arm_description:/opt/erc_ws/install/pal_pro_gripper_simulation:/opt/erc_ws/install/pal_pro_gripper_bringup:/opt/erc_ws/install/pal_pro_gripper:/opt/erc_ws/install/pal_pro_gripper_description:/opt/erc_ws/install/pal_gripper_simulation:/opt/erc_ws/install/pal_gripper:/opt/erc_ws/install/pal_gripper_description:/opt/erc_ws/install/omni_base_robot:/opt/erc_ws/install/omni_base_bringup:/opt/erc_ws/install/omni_base_description:/opt/erc_ws/install/pal_sea_arm_controller_configuration:/opt/erc_ws/install/pal_pro_gripper_controller_configuration:/opt/erc_ws/install/pal_gripper_controller_configuration:/opt/erc_ws/install/omni_base_controller_configuration:/opt/erc_ws/install/gz_ros2_control:/opt/erc_ws/install/erc_description:/opt/erc_ws/install/sensors:/opt/erc_ws/install/pal_pro_gripper_wrapper:/opt/erc_ws/install/launch_pal:/opt/erc_ws/install/erc_solution:/opt/ros/humble PYTHONPATH=/opt/erc_ws/build/launch_pal:/opt/erc_ws/install/launch_pal/lib/python3.10/site-packages:/opt/erc_ws/install/tiago_pro_description/local/lib/python3.10/dist-packages:/opt/erc_ws/install/tiago_pro_head_description/local/lib/python3.10/dist-packages:/opt/erc_ws/build/sensors:/opt/erc_ws/install/sensors/lib/python3.10/site-packages:/opt/erc_ws/install/pal_sea_arm_description/local/lib/python3.10/dist-packages:/opt/erc_ws/install/pal_pro_gripper_description/local/lib/python3.10/dist-packages:/opt/erc_ws/install/omni_base_description/local/lib/python3.10/dist-packages:/opt/erc_ws/build/pal_pro_gripper_wrapper:/opt/erc_ws/install/pal_pro_gripper_wrapper/lib/python3.10/site-packages:/opt/erc_ws/build/erc_solution:/opt/erc_ws/install/erc_solution/lib/python3.10/site-packages:/opt/ros/humble/lib/python3.10/site-packages:/opt/ros/humble/local/lib/python3.10/dist-packages /usr/bin/cmake --build /opt/erc_ws/build/tiago_pro_head_robot -- -j16 -l16
[4.192s] DEBUG:colcon.colcon_core.event_handler.log_command:Invoking command in '/opt/erc_ws/build/tiago_pro_head_robot': AMENT_PREFIX_PATH=/opt/erc_ws/install/launch_pal:/opt/erc_ws/install/tiago_pro_robot:/opt/erc_ws/install/tiago_pro_head_robot:/opt/erc_ws/install/tiago_pro_bringup:/opt/erc_ws/install/tiago_pro_head_bringup:/opt/erc_ws/install/erc_bringup:/opt/erc_ws/install/tiago_pro_description:/opt/erc_ws/install/tiago_pro_head_description:/opt/erc_ws/install/tiago_pro_controller_configuration:/opt/erc_ws/install/tiago_pro_head_controller_configuration:/opt/erc_ws/install/sensors:/opt/erc_ws/install/pal_sea_arm:/opt/erc_ws/install/pal_sea_arm_bringup:/opt/erc_ws/install/pal_sea_arm_description:/opt/erc_ws/install/pal_pro_gripper_simulation:/opt/erc_ws/install/pal_pro_gripper_bringup:/opt/erc_ws/install/pal_pro_gripper:/opt/erc_ws/install/pal_pro_gripper_description:/opt/erc_ws/install/pal_gripper_simulation:/opt/erc_ws/install/pal_gripper:/opt/erc_ws/install/pal_gripper_description:/opt/erc_ws/install/omni_base_robot:/opt/erc_ws/install/omni_base_bringup:/opt/erc_ws/install/omni_base_description:/opt/erc_ws/install/pal_urdf_utils:/opt/erc_ws/install/pal_sea_arm_controller_configuration:/opt/erc_ws/install/pal_pro_gripper_controller_configuration:/opt/erc_ws/install/pal_pro_gripper_wrapper:/opt/erc_ws/install/pal_gripper_controller_configuration:/opt/erc_ws/install/omni_base_controller_configuration:/opt/erc_ws/install/gz_ros2_control:/opt/erc_ws/install/erc_solution:/opt/erc_ws/install/erc_description:/opt/ros/humble CMAKE_PREFIX_PATH=/opt/erc_ws/install/tiago_pro_head_bringup:/opt/erc_ws/install/tiago_pro_head_description:/opt/erc_ws/install/tiago_pro_head_controller_configuration:/opt/erc_ws/install/pal_urdf_utils:/opt/erc_ws/install/tiago_pro_robot:/opt/erc_ws/install/tiago_pro_head_robot:/opt/erc_ws/install/tiago_pro_bringup:/opt/erc_ws/install/erc_bringup:/opt/erc_ws/install/tiago_pro_description:/opt/erc_ws/install/tiago_pro_controller_configuration:/opt/erc_ws/install/pal_sea_arm:/opt/erc_ws/install/pal_sea_arm_bringup:/opt/erc_ws/install/pal_sea_arm_description:/opt/erc_ws/install/pal_pro_gripper_simulation:/opt/erc_ws/install/pal_pro_gripper_bringup:/opt/erc_ws/install/pal_pro_gripper:/opt/erc_ws/install/pal_pro_gripper_description:/opt/erc_ws/install/pal_gripper_simulation:/opt/erc_ws/install/pal_gripper:/opt/erc_ws/install/pal_gripper_description:/opt/erc_ws/install/omni_base_robot:/opt/erc_ws/install/omni_base_bringup:/opt/erc_ws/install/omni_base_description:/opt/erc_ws/install/pal_sea_arm_controller_configuration:/opt/erc_ws/install/pal_pro_gripper_controller_configuration:/opt/erc_ws/install/pal_gripper_controller_configuration:/opt/erc_ws/install/omni_base_controller_configuration:/opt/erc_ws/install/gz_ros2_control:/opt/erc_ws/install/erc_description:/opt/erc_ws/install/sensors:/opt/erc_ws/install/pal_pro_gripper_wrapper:/opt/erc_ws/install/launch_pal:/opt/erc_ws/install/erc_solution:/opt/ros/humble PYTHONPATH=/opt/erc_ws/build/launch_pal:/opt/erc_ws/install/launch_pal/lib/python3.10/site-packages:/opt/erc_ws/install/tiago_pro_description/local/lib/python3.10/dist-packages:/opt/erc_ws/install/tiago_pro_head_description/local/lib/python3.10/dist-packages:/opt/erc_ws/build/sensors:/opt/erc_ws/install/sensors/lib/python3.10/site-packages:/opt/erc_ws/install/pal_sea_arm_description/local/lib/python3.10/dist-packages:/opt/erc_ws/install/pal_pro_gripper_description/local/lib/python3.10/dist-packages:/opt/erc_ws/install/omni_base_description/local/lib/python3.10/dist-packages:/opt/erc_ws/build/pal_pro_gripper_wrapper:/opt/erc_ws/install/pal_pro_gripper_wrapper/lib/python3.10/site-packages:/opt/erc_ws/build/erc_solution:/opt/erc_ws/install/erc_solution/lib/python3.10/site-packages:/opt/ros/humble/lib/python3.10/site-packages:/opt/ros/humble/local/lib/python3.10/dist-packages /usr/bin/cmake --install /opt/erc_ws/build/tiago_pro_head_robot
[4.197s] DEBUG:colcon.colcon_core.event_handler.log_command:Invoked command in '/opt/erc_ws/build/tiago_pro_bringup' returned '0': AMENT_PREFIX_PATH=/opt/erc_ws/install/pal_pro_gripper_wrapper:/opt/erc_ws/install/launch_pal:/opt/erc_ws/install/tiago_pro_robot:/opt/erc_ws/install/tiago_pro_head_robot:/opt/erc_ws/install/tiago_pro_bringup:/opt/erc_ws/install/tiago_pro_head_bringup:/opt/erc_ws/install/erc_bringup:/opt/erc_ws/install/tiago_pro_description:/opt/erc_ws/install/tiago_pro_head_description:/opt/erc_ws/install/tiago_pro_controller_configuration:/opt/erc_ws/install/tiago_pro_head_controller_configuration:/opt/erc_ws/install/sensors:/opt/erc_ws/install/pal_sea_arm:/opt/erc_ws/install/pal_sea_arm_bringup:/opt/erc_ws/install/pal_sea_arm_description:/opt/erc_ws/install/pal_pro_gripper_simulation:/opt/erc_ws/install/pal_pro_gripper_bringup:/opt/erc_ws/install/pal_pro_gripper:/opt/erc_ws/install/pal_pro_gripper_description:/opt/erc_ws/install/pal_gripper_simulation:/opt/erc_ws/install/pal_gripper:/opt/erc_ws/install/pal_gripper_description:/opt/erc_ws/install/omni_base_robot:/opt/erc_ws/install/omni_base_bringup:/opt/erc_ws/install/omni_base_description:/opt/erc_ws/install/pal_urdf_utils:/opt/erc_ws/install/pal_sea_arm_controller_configuration:/opt/erc_ws/install/pal_pro_gripper_controller_configuration:/opt/erc_ws/install/pal_gripper_controller_configuration:/opt/erc_ws/install/omni_base_controller_configuration:/opt/erc_ws/install/gz_ros2_control:/opt/erc_ws/install/erc_solution:/opt/erc_ws/install/erc_description:/opt/ros/humble CMAKE_PREFIX_PATH=/opt/erc_ws/install/tiago_pro_head_bringup:/opt/erc_ws/install/tiago_pro_controller_configuration:/opt/erc_ws/install/tiago_pro_head_description:/opt/erc_ws/install/pal_sea_arm_controller_configuration:/opt/erc_ws/install/tiago_pro_head_controller_configuration:/opt/erc_ws/install/pal_pro_gripper_controller_configuration:/opt/erc_ws/install/pal_urdf_utils:/opt/erc_ws/install/omni_base_controller_configuration:/opt/erc_ws/install/tiago_pro_robot:/opt/erc_ws/install/tiago_pro_head_robot:/opt/erc_ws/install/tiago_pro_bringup:/opt/erc_ws/install/erc_bringup:/opt/erc_ws/install/tiago_pro_description:/opt/erc_ws/install/pal_sea_arm:/opt/erc_ws/install/pal_sea_arm_bringup:/opt/erc_ws/install/pal_sea_arm_description:/opt/erc_ws/install/pal_pro_gripper_simulation:/opt/erc_ws/install/pal_pro_gripper_bringup:/opt/erc_ws/install/pal_pro_gripper:/opt/erc_ws/install/pal_pro_gripper_description:/opt/erc_ws/install/pal_gripper_simulation:/opt/erc_ws/install/pal_gripper:/opt/erc_ws/install/pal_gripper_description:/opt/erc_ws/install/omni_base_robot:/opt/erc_ws/install/omni_base_bringup:/opt/erc_ws/install/omni_base_description:/opt/erc_ws/install/pal_gripper_controller_configuration:/opt/erc_ws/install/gz_ros2_control:/opt/erc_ws/install/erc_description:/opt/erc_ws/install/sensors:/opt/erc_ws/install/pal_pro_gripper_wrapper:/opt/erc_ws/install/launch_pal:/opt/erc_ws/install/erc_solution:/opt/ros/humble PYTHONPATH=/opt/erc_ws/build/pal_pro_gripper_wrapper:/opt/erc_ws/install/pal_pro_gripper_wrapper/lib/python3.10/site-packages:/opt/erc_ws/build/launch_pal:/opt/erc_ws/install/launch_pal/lib/python3.10/site-packages:/opt/erc_ws/install/tiago_pro_description/local/lib/python3.10/dist-packages:/opt/erc_ws/install/tiago_pro_head_description/local/lib/python3.10/dist-packages:/opt/erc_ws/build/sensors:/opt/erc_ws/install/sensors/lib/python3.10/site-packages:/opt/erc_ws/install/pal_sea_arm_description/local/lib/python3.10/dist-packages:/opt/erc_ws/install/pal_pro_gripper_description/local/lib/python3.10/dist-packages:/opt/erc_ws/install/omni_base_description/local/lib/python3.10/dist-packages:/opt/erc_ws/build/erc_solution:/opt/erc_ws/install/erc_solution/lib/python3.10/site-packages:/opt/ros/humble/lib/python3.10/site-packages:/opt/ros/humble/local/lib/python3.10/dist-packages /usr/bin/cmake --build /opt/erc_ws/build/tiago_pro_bringup -- -j16 -l16
[4.200s] DEBUG:colcon.colcon_core.event_handler.log_command:Invoking command in '/opt/erc_ws/build/tiago_pro_bringup': AMENT_PREFIX_PATH=/opt/erc_ws/install/pal_pro_gripper_wrapper:/opt/erc_ws/install/launch_pal:/opt/erc_ws/install/tiago_pro_robot:/opt/erc_ws/install/tiago_pro_head_robot:/opt/erc_ws/install/tiago_pro_bringup:/opt/erc_ws/install/tiago_pro_head_bringup:/opt/erc_ws/install/erc_bringup:/opt/erc_ws/install/tiago_pro_description:/opt/erc_ws/install/tiago_pro_head_description:/opt/erc_ws/install/tiago_pro_controller_configuration:/opt/erc_ws/install/tiago_pro_head_controller_configuration:/opt/erc_ws/install/sensors:/opt/erc_ws/install/pal_sea_arm:/opt/erc_ws/install/pal_sea_arm_bringup:/opt/erc_ws/install/pal_sea_arm_description:/opt/erc_ws/install/pal_pro_gripper_simulation:/opt/erc_ws/install/pal_pro_gripper_bringup:/opt/erc_ws/install/pal_pro_gripper:/opt/erc_ws/install/pal_pro_gripper_description:/opt/erc_ws/install/pal_gripper_simulation:/opt/erc_ws/install/pal_gripper:/opt/erc_ws/install/pal_gripper_description:/opt/erc_ws/install/omni_base_robot:/opt/erc_ws/install/omni_base_bringup:/opt/erc_ws/install/omni_base_description:/opt/erc_ws/install/pal_urdf_utils:/opt/erc_ws/install/pal_sea_arm_controller_configuration:/opt/erc_ws/install/pal_pro_gripper_controller_configuration:/opt/erc_ws/install/pal_gripper_controller_configuration:/opt/erc_ws/install/omni_base_controller_configuration:/opt/erc_ws/install/gz_ros2_control:/opt/erc_ws/install/erc_solution:/opt/erc_ws/install/erc_description:/opt/ros/humble CMAKE_PREFIX_PATH=/opt/erc_ws/install/tiago_pro_head_bringup:/opt/erc_ws/install/tiago_pro_controller_configuration:/opt/erc_ws/install/tiago_pro_head_description:/opt/erc_ws/install/pal_sea_arm_controller_configuration:/opt/erc_ws/install/tiago_pro_head_controller_configuration:/opt/erc_ws/install/pal_pro_gripper_controller_configuration:/opt/erc_ws/install/pal_urdf_utils:/opt/erc_ws/install/omni_base_controller_configuration:/opt/erc_ws/install/tiago_pro_robot:/opt/erc_ws/install/tiago_pro_head_robot:/opt/erc_ws/install/tiago_pro_bringup:/opt/erc_ws/install/erc_bringup:/opt/erc_ws/install/tiago_pro_description:/opt/erc_ws/install/pal_sea_arm:/opt/erc_ws/install/pal_sea_arm_bringup:/opt/erc_ws/install/pal_sea_arm_description:/opt/erc_ws/install/pal_pro_gripper_simulation:/opt/erc_ws/install/pal_pro_gripper_bringup:/opt/erc_ws/install/pal_pro_gripper:/opt/erc_ws/install/pal_pro_gripper_description:/opt/erc_ws/install/pal_gripper_simulation:/opt/erc_ws/install/pal_gripper:/opt/erc_ws/install/pal_gripper_description:/opt/erc_ws/install/omni_base_robot:/opt/erc_ws/install/omni_base_bringup:/opt/erc_ws/install/omni_base_description:/opt/erc_ws/install/pal_gripper_controller_configuration:/opt/erc_ws/install/gz_ros2_control:/opt/erc_ws/install/erc_description:/opt/erc_ws/install/sensors:/opt/erc_ws/install/pal_pro_gripper_wrapper:/opt/erc_ws/install/launch_pal:/opt/erc_ws/install/erc_solution:/opt/ros/humble PYTHONPATH=/opt/erc_ws/build/pal_pro_gripper_wrapper:/opt/erc_ws/install/pal_pro_gripper_wrapper/lib/python3.10/site-packages:/opt/erc_ws/build/launch_pal:/opt/erc_ws/install/launch_pal/lib/python3.10/site-packages:/opt/erc_ws/install/tiago_pro_description/local/lib/python3.10/dist-packages:/opt/erc_ws/install/tiago_pro_head_description/local/lib/python3.10/dist-packages:/opt/erc_ws/build/sensors:/opt/erc_ws/install/sensors/lib/python3.10/site-packages:/opt/erc_ws/install/pal_sea_arm_description/local/lib/python3.10/dist-packages:/opt/erc_ws/install/pal_pro_gripper_description/local/lib/python3.10/dist-packages:/opt/erc_ws/install/omni_base_description/local/lib/python3.10/dist-packages:/opt/erc_ws/build/erc_solution:/opt/erc_ws/install/erc_solution/lib/python3.10/site-packages:/opt/ros/humble/lib/python3.10/site-packages:/opt/ros/humble/local/lib/python3.10/dist-packages /usr/bin/cmake --install /opt/erc_ws/build/tiago_pro_bringup
[4.206s] DEBUG:colcon.colcon_core.event_handler.log_command:Invoked command in '/opt/erc_ws/build/pal_sea_arm_bringup' returned '0': AMENT_PREFIX_PATH=/opt/erc_ws/install/pal_pro_gripper_wrapper:/opt/erc_ws/install/launch_pal:/opt/erc_ws/install/tiago_pro_robot:/opt/erc_ws/install/tiago_pro_head_robot:/opt/erc_ws/install/tiago_pro_bringup:/opt/erc_ws/install/tiago_pro_head_bringup:/opt/erc_ws/install/erc_bringup:/opt/erc_ws/install/tiago_pro_description:/opt/erc_ws/install/tiago_pro_head_description:/opt/erc_ws/install/tiago_pro_controller_configuration:/opt/erc_ws/install/tiago_pro_head_controller_configuration:/opt/erc_ws/install/sensors:/opt/erc_ws/install/pal_sea_arm:/opt/erc_ws/install/pal_sea_arm_bringup:/opt/erc_ws/install/pal_sea_arm_description:/opt/erc_ws/install/pal_pro_gripper_simulation:/opt/erc_ws/install/pal_pro_gripper_bringup:/opt/erc_ws/install/pal_pro_gripper:/opt/erc_ws/install/pal_pro_gripper_description:/opt/erc_ws/install/pal_gripper_simulation:/opt/erc_ws/install/pal_gripper:/opt/erc_ws/install/pal_gripper_description:/opt/erc_ws/install/omni_base_robot:/opt/erc_ws/install/omni_base_bringup:/opt/erc_ws/install/omni_base_description:/opt/erc_ws/install/pal_urdf_utils:/opt/erc_ws/install/pal_sea_arm_controller_configuration:/opt/erc_ws/install/pal_pro_gripper_controller_configuration:/opt/erc_ws/install/pal_gripper_controller_configuration:/opt/erc_ws/install/omni_base_controller_configuration:/opt/erc_ws/install/gz_ros2_control:/opt/erc_ws/install/erc_solution:/opt/erc_ws/install/erc_description:/opt/ros/humble CMAKE_PREFIX_PATH=/opt/erc_ws/install/pal_sea_arm_description:/opt/erc_ws/install/pal_sea_arm_controller_configuration:/opt/erc_ws/install/pal_pro_gripper_description:/opt/erc_ws/install/pal_pro_gripper_controller_configuration:/opt/erc_ws/install/pal_urdf_utils:/opt/erc_ws/install/tiago_pro_robot:/opt/erc_ws/install/tiago_pro_head_robot:/opt/erc_ws/install/tiago_pro_bringup:/opt/erc_ws/install/tiago_pro_head_bringup:/opt/erc_ws/install/erc_bringup:/opt/erc_ws/install/tiago_pro_description:/opt/erc_ws/install/tiago_pro_head_description:/opt/erc_ws/install/tiago_pro_controller_configuration:/opt/erc_ws/install/tiago_pro_head_controller_configuration:/opt/erc_ws/install/pal_sea_arm:/opt/erc_ws/install/pal_sea_arm_bringup:/opt/erc_ws/install/pal_pro_gripper_simulation:/opt/erc_ws/install/pal_pro_gripper_bringup:/opt/erc_ws/install/pal_pro_gripper:/opt/erc_ws/install/pal_gripper_simulation:/opt/erc_ws/install/pal_gripper:/opt/erc_ws/install/pal_gripper_description:/opt/erc_ws/install/omni_base_robot:/opt/erc_ws/install/omni_base_bringup:/opt/erc_ws/install/omni_base_description:/opt/erc_ws/install/pal_gripper_controller_configuration:/opt/erc_ws/install/omni_base_controller_configuration:/opt/erc_ws/install/gz_ros2_control:/opt/erc_ws/install/erc_description:/opt/erc_ws/install/sensors:/opt/erc_ws/install/pal_pro_gripper_wrapper:/opt/erc_ws/install/launch_pal:/opt/erc_ws/install/erc_solution:/opt/ros/humble PYTHONPATH=/opt/erc_ws/build/pal_pro_gripper_wrapper:/opt/erc_ws/install/pal_pro_gripper_wrapper/lib/python3.10/site-packages:/opt/erc_ws/build/launch_pal:/opt/erc_ws/install/launch_pal/lib/python3.10/site-packages:/opt/erc_ws/install/tiago_pro_description/local/lib/python3.10/dist-packages:/opt/erc_ws/install/tiago_pro_head_description/local/lib/python3.10/dist-packages:/opt/erc_ws/build/sensors:/opt/erc_ws/install/sensors/lib/python3.10/site-packages:/opt/erc_ws/install/pal_sea_arm_description/local/lib/python3.10/dist-packages:/opt/erc_ws/install/pal_pro_gripper_description/local/lib/python3.10/dist-packages:/opt/erc_ws/install/omni_base_description/local/lib/python3.10/dist-packages:/opt/erc_ws/build/erc_solution:/opt/erc_ws/install/erc_solution/lib/python3.10/site-packages:/opt/ros/humble/lib/python3.10/site-packages:/opt/ros/humble/local/lib/python3.10/dist-packages /usr/bin/cmake --build /opt/erc_ws/build/pal_sea_arm_bringup -- -j16 -l16
[4.208s] DEBUG:colcon.colcon_core.event_handler.log_command:Invoking command in '/opt/erc_ws/build/pal_sea_arm_bringup': AMENT_PREFIX_PATH=/opt/erc_ws/install/pal_pro_gripper_wrapper:/opt/erc_ws/install/launch_pal:/opt/erc_ws/install/tiago_pro_robot:/opt/erc_ws/install/tiago_pro_head_robot:/opt/erc_ws/install/tiago_pro_bringup:/opt/erc_ws/install/tiago_pro_head_bringup:/opt/erc_ws/install/erc_bringup:/opt/erc_ws/install/tiago_pro_description:/opt/erc_ws/install/tiago_pro_head_description:/opt/erc_ws/install/tiago_pro_controller_configuration:/opt/erc_ws/install/tiago_pro_head_controller_configuration:/opt/erc_ws/install/sensors:/opt/erc_ws/install/pal_sea_arm:/opt/erc_ws/install/pal_sea_arm_bringup:/opt/erc_ws/install/pal_sea_arm_description:/opt/erc_ws/install/pal_pro_gripper_simulation:/opt/erc_ws/install/pal_pro_gripper_bringup:/opt/erc_ws/install/pal_pro_gripper:/opt/erc_ws/install/pal_pro_gripper_description:/opt/erc_ws/install/pal_gripper_simulation:/opt/erc_ws/install/pal_gripper:/opt/erc_ws/install/pal_gripper_description:/opt/erc_ws/install/omni_base_robot:/opt/erc_ws/install/omni_base_bringup:/opt/erc_ws/install/omni_base_description:/opt/erc_ws/install/pal_urdf_utils:/opt/erc_ws/install/pal_sea_arm_controller_configuration:/opt/erc_ws/install/pal_pro_gripper_controller_configuration:/opt/erc_ws/install/pal_gripper_controller_configuration:/opt/erc_ws/install/omni_base_controller_configuration:/opt/erc_ws/install/gz_ros2_control:/opt/erc_ws/install/erc_solution:/opt/erc_ws/install/erc_description:/opt/ros/humble CMAKE_PREFIX_PATH=/opt/erc_ws/install/pal_sea_arm_description:/opt/erc_ws/install/pal_sea_arm_controller_configuration:/opt/erc_ws/install/pal_pro_gripper_description:/opt/erc_ws/install/pal_pro_gripper_controller_configuration:/opt/erc_ws/install/pal_urdf_utils:/opt/erc_ws/install/tiago_pro_robot:/opt/erc_ws/install/tiago_pro_head_robot:/opt/erc_ws/install/tiago_pro_bringup:/opt/erc_ws/install/tiago_pro_head_bringup:/opt/erc_ws/install/erc_bringup:/opt/erc_ws/install/tiago_pro_description:/opt/erc_ws/install/tiago_pro_head_description:/opt/erc_ws/install/tiago_pro_controller_configuration:/opt/erc_ws/install/tiago_pro_head_controller_configuration:/opt/erc_ws/install/pal_sea_arm:/opt/erc_ws/install/pal_sea_arm_bringup:/opt/erc_ws/install/pal_pro_gripper_simulation:/opt/erc_ws/install/pal_pro_gripper_bringup:/opt/erc_ws/install/pal_pro_gripper:/opt/erc_ws/install/pal_gripper_simulation:/opt/erc_ws/install/pal_gripper:/opt/erc_ws/install/pal_gripper_description:/opt/erc_ws/install/omni_base_robot:/opt/erc_ws/install/omni_base_bringup:/opt/erc_ws/install/omni_base_description:/opt/erc_ws/install/pal_gripper_controller_configuration:/opt/erc_ws/install/omni_base_controller_configuration:/opt/erc_ws/install/gz_ros2_control:/opt/erc_ws/install/erc_description:/opt/erc_ws/install/sensors:/opt/erc_ws/install/pal_pro_gripper_wrapper:/opt/erc_ws/install/launch_pal:/opt/erc_ws/install/erc_solution:/opt/ros/humble PYTHONPATH=/opt/erc_ws/build/pal_pro_gripper_wrapper:/opt/erc_ws/install/pal_pro_gripper_wrapper/lib/python3.10/site-packages:/opt/erc_ws/build/launch_pal:/opt/erc_ws/install/launch_pal/lib/python3.10/site-packages:/opt/erc_ws/install/tiago_pro_description/local/lib/python3.10/dist-packages:/opt/erc_ws/install/tiago_pro_head_description/local/lib/python3.10/dist-packages:/opt/erc_ws/build/sensors:/opt/erc_ws/install/sensors/lib/python3.10/site-packages:/opt/erc_ws/install/pal_sea_arm_description/local/lib/python3.10/dist-packages:/opt/erc_ws/install/pal_pro_gripper_description/local/lib/python3.10/dist-packages:/opt/erc_ws/install/omni_base_description/local/lib/python3.10/dist-packages:/opt/erc_ws/build/erc_solution:/opt/erc_ws/install/erc_solution/lib/python3.10/site-packages:/opt/ros/humble/lib/python3.10/site-packages:/opt/ros/humble/local/lib/python3.10/dist-packages /usr/bin/cmake --install /opt/erc_ws/build/pal_sea_arm_bringup
[4.220s] Level 1:colcon.colcon_core.environment:create_environment_scripts_only(tiago_pro_head_robot)
[4.221s] Level 1:colcon.colcon_core.environment:checking '/opt/erc_ws/install/tiago_pro_head_robot' for CMake module files
[4.226s] DEBUG:colcon.colcon_core.event_handler.log_command:Invoked command in '/opt/erc_ws/build/tiago_pro_head_robot' returned '0': AMENT_PREFIX_PATH=/opt/erc_ws/install/launch_pal:/opt/erc_ws/install/tiago_pro_robot:/opt/erc_ws/install/tiago_pro_head_robot:/opt/erc_ws/install/tiago_pro_bringup:/opt/erc_ws/install/tiago_pro_head_bringup:/opt/erc_ws/install/erc_bringup:/opt/erc_ws/install/tiago_pro_description:/opt/erc_ws/install/tiago_pro_head_description:/opt/erc_ws/install/tiago_pro_controller_configuration:/opt/erc_ws/install/tiago_pro_head_controller_configuration:/opt/erc_ws/install/sensors:/opt/erc_ws/install/pal_sea_arm:/opt/erc_ws/install/pal_sea_arm_bringup:/opt/erc_ws/install/pal_sea_arm_description:/opt/erc_ws/install/pal_pro_gripper_simulation:/opt/erc_ws/install/pal_pro_gripper_bringup:/opt/erc_ws/install/pal_pro_gripper:/opt/erc_ws/install/pal_pro_gripper_description:/opt/erc_ws/install/pal_gripper_simulation:/opt/erc_ws/install/pal_gripper:/opt/erc_ws/install/pal_gripper_description:/opt/erc_ws/install/omni_base_robot:/opt/erc_ws/install/omni_base_bringup:/opt/erc_ws/install/omni_base_description:/opt/erc_ws/install/pal_urdf_utils:/opt/erc_ws/install/pal_sea_arm_controller_configuration:/opt/erc_ws/install/pal_pro_gripper_controller_configuration:/opt/erc_ws/install/pal_pro_gripper_wrapper:/opt/erc_ws/install/pal_gripper_controller_configuration:/opt/erc_ws/install/omni_base_controller_configuration:/opt/erc_ws/install/gz_ros2_control:/opt/erc_ws/install/erc_solution:/opt/erc_ws/install/erc_description:/opt/ros/humble CMAKE_PREFIX_PATH=/opt/erc_ws/install/tiago_pro_head_bringup:/opt/erc_ws/install/tiago_pro_head_description:/opt/erc_ws/install/tiago_pro_head_controller_configuration:/opt/erc_ws/install/pal_urdf_utils:/opt/erc_ws/install/tiago_pro_robot:/opt/erc_ws/install/tiago_pro_head_robot:/opt/erc_ws/install/tiago_pro_bringup:/opt/erc_ws/install/erc_bringup:/opt/erc_ws/install/tiago_pro_description:/opt/erc_ws/install/tiago_pro_controller_configuration:/opt/erc_ws/install/pal_sea_arm:/opt/erc_ws/install/pal_sea_arm_bringup:/opt/erc_ws/install/pal_sea_arm_description:/opt/erc_ws/install/pal_pro_gripper_simulation:/opt/erc_ws/install/pal_pro_gripper_bringup:/opt/erc_ws/install/pal_pro_gripper:/opt/erc_ws/install/pal_pro_gripper_description:/opt/erc_ws/install/pal_gripper_simulation:/opt/erc_ws/install/pal_gripper:/opt/erc_ws/install/pal_gripper_description:/opt/erc_ws/install/omni_base_robot:/opt/erc_ws/install/omni_base_bringup:/opt/erc_ws/install/omni_base_description:/opt/erc_ws/install/pal_sea_arm_controller_configuration:/opt/erc_ws/install/pal_pro_gripper_controller_configuration:/opt/erc_ws/install/pal_gripper_controller_configuration:/opt/erc_ws/install/omni_base_controller_configuration:/opt/erc_ws/install/gz_ros2_control:/opt/erc_ws/install/erc_description:/opt/erc_ws/install/sensors:/opt/erc_ws/install/pal_pro_gripper_wrapper:/opt/erc_ws/install/launch_pal:/opt/erc_ws/install/erc_solution:/opt/ros/humble PYTHONPATH=/opt/erc_ws/build/launch_pal:/opt/erc_ws/install/launch_pal/lib/python3.10/site-packages:/opt/erc_ws/install/tiago_pro_description/local/lib/python3.10/dist-packages:/opt/erc_ws/install/tiago_pro_head_description/local/lib/python3.10/dist-packages:/opt/erc_ws/build/sensors:/opt/erc_ws/install/sensors/lib/python3.10/site-packages:/opt/erc_ws/install/pal_sea_arm_description/local/lib/python3.10/dist-packages:/opt/erc_ws/install/pal_pro_gripper_description/local/lib/python3.10/dist-packages:/opt/erc_ws/install/omni_base_description/local/lib/python3.10/dist-packages:/opt/erc_ws/build/pal_pro_gripper_wrapper:/opt/erc_ws/install/pal_pro_gripper_wrapper/lib/python3.10/site-packages:/opt/erc_ws/build/erc_solution:/opt/erc_ws/install/erc_solution/lib/python3.10/site-packages:/opt/ros/humble/lib/python3.10/site-packages:/opt/ros/humble/local/lib/python3.10/dist-packages /usr/bin/cmake --install /opt/erc_ws/build/tiago_pro_head_robot
[4.227s] Level 1:colcon.colcon_core.environment:checking '/opt/erc_ws/install/tiago_pro_head_robot' for CMake config files
[4.228s] Level 1:colcon.colcon_core.shell:create_environment_hook('tiago_pro_head_robot', 'cmake_prefix_path')
[4.228s] INFO:colcon.colcon_core.shell:Creating environment hook '/opt/erc_ws/install/tiago_pro_head_robot/share/tiago_pro_head_robot/hook/cmake_prefix_path.ps1'
[4.229s] INFO:colcon.colcon_core.shell:Creating environment descriptor '/opt/erc_ws/install/tiago_pro_head_robot/share/tiago_pro_head_robot/hook/cmake_prefix_path.dsv'
[4.229s] INFO:colcon.colcon_core.shell:Creating environment hook '/opt/erc_ws/install/tiago_pro_head_robot/share/tiago_pro_head_robot/hook/cmake_prefix_path.sh'
[4.231s] Level 1:colcon.colcon_core.environment:checking '/opt/erc_ws/install/tiago_pro_head_robot/bin'
[4.231s] Level 1:colcon.colcon_core.environment:checking '/opt/erc_ws/install/tiago_pro_head_robot/lib/pkgconfig/tiago_pro_head_robot.pc'
[4.232s] Level 1:colcon.colcon_core.environment:checking '/opt/erc_ws/install/tiago_pro_head_robot/lib/python3.10/site-packages'
[4.232s] Level 1:colcon.colcon_core.environment:checking '/opt/erc_ws/install/tiago_pro_head_robot/bin'
[4.233s] INFO:colcon.colcon_core.shell:Creating package script '/opt/erc_ws/install/tiago_pro_head_robot/share/tiago_pro_head_robot/package.ps1'
[4.235s] INFO:colcon.colcon_core.shell:Creating package descriptor '/opt/erc_ws/install/tiago_pro_head_robot/share/tiago_pro_head_robot/package.dsv'
[4.237s] INFO:colcon.colcon_core.shell:Creating package script '/opt/erc_ws/install/tiago_pro_head_robot/share/tiago_pro_head_robot/package.sh'
[4.237s] INFO:colcon.colcon_core.shell:Creating package script '/opt/erc_ws/install/tiago_pro_head_robot/share/tiago_pro_head_robot/package.bash'
[4.238s] INFO:colcon.colcon_core.shell:Creating package script '/opt/erc_ws/install/tiago_pro_head_robot/share/tiago_pro_head_robot/package.zsh'
[4.238s] Level 1:colcon.colcon_core.environment:create_file_with_runtime_dependencies(/opt/erc_ws/install/tiago_pro_head_robot/share/colcon-core/packages/tiago_pro_head_robot)
[4.239s] Level 1:colcon.colcon_core.environment:create_environment_scripts_only(tiago_pro_head_robot)
[4.239s] Level 1:colcon.colcon_core.environment:checking '/opt/erc_ws/install/tiago_pro_head_robot' for CMake module files
[4.240s] Level 1:colcon.colcon_core.environment:checking '/opt/erc_ws/install/tiago_pro_head_robot' for CMake config files
[4.240s] Level 1:colcon.colcon_core.shell:create_environment_hook('tiago_pro_head_robot', 'cmake_prefix_path')
[4.240s] INFO:colcon.colcon_core.shell:Creating environment hook '/opt/erc_ws/install/tiago_pro_head_robot/share/tiago_pro_head_robot/hook/cmake_prefix_path.ps1'
[4.241s] INFO:colcon.colcon_core.shell:Creating environment descriptor '/opt/erc_ws/install/tiago_pro_head_robot/share/tiago_pro_head_robot/hook/cmake_prefix_path.dsv'
[4.242s] INFO:colcon.colcon_core.shell:Creating environment hook '/opt/erc_ws/install/tiago_pro_head_robot/share/tiago_pro_head_robot/hook/cmake_prefix_path.sh'
[4.242s] Level 1:colcon.colcon_core.environment:checking '/opt/erc_ws/install/tiago_pro_head_robot/bin'
[4.242s] Level 1:colcon.colcon_core.environment:checking '/opt/erc_ws/install/tiago_pro_head_robot/lib/pkgconfig/tiago_pro_head_robot.pc'
[4.243s] Level 1:colcon.colcon_core.environment:checking '/opt/erc_ws/install/tiago_pro_head_robot/lib/python3.10/site-packages'
[4.243s] Level 1:colcon.colcon_core.environment:checking '/opt/erc_ws/install/tiago_pro_head_robot/bin'
[4.244s] INFO:colcon.colcon_core.shell:Creating package script '/opt/erc_ws/install/tiago_pro_head_robot/share/tiago_pro_head_robot/package.ps1'
[4.245s] INFO:colcon.colcon_core.shell:Creating package descriptor '/opt/erc_ws/install/tiago_pro_head_robot/share/tiago_pro_head_robot/package.dsv'
[4.246s] INFO:colcon.colcon_core.shell:Creating package script '/opt/erc_ws/install/tiago_pro_head_robot/share/tiago_pro_head_robot/package.sh'
[4.246s] INFO:colcon.colcon_core.shell:Creating package script '/opt/erc_ws/install/tiago_pro_head_robot/share/tiago_pro_head_robot/package.bash'
[4.246s] INFO:colcon.colcon_core.shell:Creating package script '/opt/erc_ws/install/tiago_pro_head_robot/share/tiago_pro_head_robot/package.zsh'
[4.247s] Level 1:colcon.colcon_core.environment:create_file_with_runtime_dependencies(/opt/erc_ws/install/tiago_pro_head_robot/share/colcon-core/packages/tiago_pro_head_robot)
[4.249s] Level 1:colcon.colcon_core.environment:create_environment_scripts_only(pal_sea_arm_bringup)
[4.249s] Level 1:colcon.colcon_core.environment:checking '/opt/erc_ws/install/pal_sea_arm_bringup' for CMake module files
[4.250s] DEBUG:colcon.colcon_core.event_handler.log_command:Invoked command in '/opt/erc_ws/build/pal_sea_arm_bringup' returned '0': AMENT_PREFIX_PATH=/opt/erc_ws/install/pal_pro_gripper_wrapper:/opt/erc_ws/install/launch_pal:/opt/erc_ws/install/tiago_pro_robot:/opt/erc_ws/install/tiago_pro_head_robot:/opt/erc_ws/install/tiago_pro_bringup:/opt/erc_ws/install/tiago_pro_head_bringup:/opt/erc_ws/install/erc_bringup:/opt/erc_ws/install/tiago_pro_description:/opt/erc_ws/install/tiago_pro_head_description:/opt/erc_ws/install/tiago_pro_controller_configuration:/opt/erc_ws/install/tiago_pro_head_controller_configuration:/opt/erc_ws/install/sensors:/opt/erc_ws/install/pal_sea_arm:/opt/erc_ws/install/pal_sea_arm_bringup:/opt/erc_ws/install/pal_sea_arm_description:/opt/erc_ws/install/pal_pro_gripper_simulation:/opt/erc_ws/install/pal_pro_gripper_bringup:/opt/erc_ws/install/pal_pro_gripper:/opt/erc_ws/install/pal_pro_gripper_description:/opt/erc_ws/install/pal_gripper_simulation:/opt/erc_ws/install/pal_gripper:/opt/erc_ws/install/pal_gripper_description:/opt/erc_ws/install/omni_base_robot:/opt/erc_ws/install/omni_base_bringup:/opt/erc_ws/install/omni_base_description:/opt/erc_ws/install/pal_urdf_utils:/opt/erc_ws/install/pal_sea_arm_controller_configuration:/opt/erc_ws/install/pal_pro_gripper_controller_configuration:/opt/erc_ws/install/pal_gripper_controller_configuration:/opt/erc_ws/install/omni_base_controller_configuration:/opt/erc_ws/install/gz_ros2_control:/opt/erc_ws/install/erc_solution:/opt/erc_ws/install/erc_description:/opt/ros/humble CMAKE_PREFIX_PATH=/opt/erc_ws/install/pal_sea_arm_description:/opt/erc_ws/install/pal_sea_arm_controller_configuration:/opt/erc_ws/install/pal_pro_gripper_description:/opt/erc_ws/install/pal_pro_gripper_controller_configuration:/opt/erc_ws/install/pal_urdf_utils:/opt/erc_ws/install/tiago_pro_robot:/opt/erc_ws/install/tiago_pro_head_robot:/opt/erc_ws/install/tiago_pro_bringup:/opt/erc_ws/install/tiago_pro_head_bringup:/opt/erc_ws/install/erc_bringup:/opt/erc_ws/install/tiago_pro_description:/opt/erc_ws/install/tiago_pro_head_description:/opt/erc_ws/install/tiago_pro_controller_configuration:/opt/erc_ws/install/tiago_pro_head_controller_configuration:/opt/erc_ws/install/pal_sea_arm:/opt/erc_ws/install/pal_sea_arm_bringup:/opt/erc_ws/install/pal_pro_gripper_simulation:/opt/erc_ws/install/pal_pro_gripper_bringup:/opt/erc_ws/install/pal_pro_gripper:/opt/erc_ws/install/pal_gripper_simulation:/opt/erc_ws/install/pal_gripper:/opt/erc_ws/install/pal_gripper_description:/opt/erc_ws/install/omni_base_robot:/opt/erc_ws/install/omni_base_bringup:/opt/erc_ws/install/omni_base_description:/opt/erc_ws/install/pal_gripper_controller_configuration:/opt/erc_ws/install/omni_base_controller_configuration:/opt/erc_ws/install/gz_ros2_control:/opt/erc_ws/install/erc_description:/opt/erc_ws/install/sensors:/opt/erc_ws/install/pal_pro_gripper_wrapper:/opt/erc_ws/install/launch_pal:/opt/erc_ws/install/erc_solution:/opt/ros/humble PYTHONPATH=/opt/erc_ws/build/pal_pro_gripper_wrapper:/opt/erc_ws/install/pal_pro_gripper_wrapper/lib/python3.10/site-packages:/opt/erc_ws/build/launch_pal:/opt/erc_ws/install/launch_pal/lib/python3.10/site-packages:/opt/erc_ws/install/tiago_pro_description/local/lib/python3.10/dist-packages:/opt/erc_ws/install/tiago_pro_head_description/local/lib/python3.10/dist-packages:/opt/erc_ws/build/sensors:/opt/erc_ws/install/sensors/lib/python3.10/site-packages:/opt/erc_ws/install/pal_sea_arm_description/local/lib/python3.10/dist-packages:/opt/erc_ws/install/pal_pro_gripper_description/local/lib/python3.10/dist-packages:/opt/erc_ws/install/omni_base_description/local/lib/python3.10/dist-packages:/opt/erc_ws/build/erc_solution:/opt/erc_ws/install/erc_solution/lib/python3.10/site-packages:/opt/ros/humble/lib/python3.10/site-packages:/opt/ros/humble/local/lib/python3.10/dist-packages /usr/bin/cmake --install /opt/erc_ws/build/pal_sea_arm_bringup
[4.251s] Level 1:colcon.colcon_core.environment:checking '/opt/erc_ws/install/pal_sea_arm_bringup' for CMake config files
[4.252s] Level 1:colcon.colcon_core.shell:create_environment_hook('pal_sea_arm_bringup', 'cmake_prefix_path')
[4.252s] INFO:colcon.colcon_core.shell:Creating environment hook '/opt/erc_ws/install/pal_sea_arm_bringup/share/pal_sea_arm_bringup/hook/cmake_prefix_path.ps1'
[4.253s] INFO:colcon.colcon_core.shell:Creating environment descriptor '/opt/erc_ws/install/pal_sea_arm_bringup/share/pal_sea_arm_bringup/hook/cmake_prefix_path.dsv'
[4.253s] INFO:colcon.colcon_core.shell:Creating environment hook '/opt/erc_ws/install/pal_sea_arm_bringup/share/pal_sea_arm_bringup/hook/cmake_prefix_path.sh'
[4.254s] Level 1:colcon.colcon_core.environment:checking '/opt/erc_ws/install/pal_sea_arm_bringup/lib'
[4.254s] Level 1:colcon.colcon_core.environment:checking '/opt/erc_ws/install/pal_sea_arm_bringup/bin'
[4.254s] Level 1:colcon.colcon_core.environment:checking '/opt/erc_ws/install/pal_sea_arm_bringup/lib/pkgconfig/pal_sea_arm_bringup.pc'
[4.254s] Level 1:colcon.colcon_core.environment:checking '/opt/erc_ws/install/pal_sea_arm_bringup/lib/python3.10/site-packages'
[4.255s] Level 1:colcon.colcon_core.environment:checking '/opt/erc_ws/install/pal_sea_arm_bringup/bin'
[4.255s] INFO:colcon.colcon_core.shell:Creating package script '/opt/erc_ws/install/pal_sea_arm_bringup/share/pal_sea_arm_bringup/package.ps1'
[4.256s] INFO:colcon.colcon_core.shell:Creating package descriptor '/opt/erc_ws/install/pal_sea_arm_bringup/share/pal_sea_arm_bringup/package.dsv'
[4.256s] INFO:colcon.colcon_core.shell:Creating package script '/opt/erc_ws/install/pal_sea_arm_bringup/share/pal_sea_arm_bringup/package.sh'
[4.257s] INFO:colcon.colcon_core.shell:Creating package script '/opt/erc_ws/install/pal_sea_arm_bringup/share/pal_sea_arm_bringup/package.bash'
[4.257s] INFO:colcon.colcon_core.shell:Creating package script '/opt/erc_ws/install/pal_sea_arm_bringup/share/pal_sea_arm_bringup/package.zsh'
[4.258s] Level 1:colcon.colcon_core.environment:create_file_with_runtime_dependencies(/opt/erc_ws/install/pal_sea_arm_bringup/share/colcon-core/packages/pal_sea_arm_bringup)
[4.259s] Level 1:colcon.colcon_core.environment:create_environment_scripts_only(pal_sea_arm_bringup)
[4.259s] Level 1:colcon.colcon_core.environment:checking '/opt/erc_ws/install/pal_sea_arm_bringup' for CMake module files
[4.259s] Level 1:colcon.colcon_core.environment:checking '/opt/erc_ws/install/pal_sea_arm_bringup' for CMake config files
[4.260s] Level 1:colcon.colcon_core.shell:create_environment_hook('pal_sea_arm_bringup', 'cmake_prefix_path')
[4.260s] INFO:colcon.colcon_core.shell:Creating environment hook '/opt/erc_ws/install/pal_sea_arm_bringup/share/pal_sea_arm_bringup/hook/cmake_prefix_path.ps1'
[4.260s] INFO:colcon.colcon_core.shell:Creating environment descriptor '/opt/erc_ws/install/pal_sea_arm_bringup/share/pal_sea_arm_bringup/hook/cmake_prefix_path.dsv'
[4.261s] INFO:colcon.colcon_core.shell:Creating environment hook '/opt/erc_ws/install/pal_sea_arm_bringup/share/pal_sea_arm_bringup/hook/cmake_prefix_path.sh'
[4.261s] Level 1:colcon.colcon_core.environment:checking '/opt/erc_ws/install/pal_sea_arm_bringup/lib'
[4.261s] Level 1:colcon.colcon_core.environment:checking '/opt/erc_ws/install/pal_sea_arm_bringup/bin'
[4.261s] Level 1:colcon.colcon_core.environment:checking '/opt/erc_ws/install/pal_sea_arm_bringup/lib/pkgconfig/pal_sea_arm_bringup.pc'
[4.261s] Level 1:colcon.colcon_core.environment:checking '/opt/erc_ws/install/pal_sea_arm_bringup/lib/python3.10/site-packages'
[4.262s] Level 1:colcon.colcon_core.environment:checking '/opt/erc_ws/install/pal_sea_arm_bringup/bin'
[4.262s] INFO:colcon.colcon_core.shell:Creating package script '/opt/erc_ws/install/pal_sea_arm_bringup/share/pal_sea_arm_bringup/package.ps1'
[4.262s] INFO:colcon.colcon_core.shell:Creating package descriptor '/opt/erc_ws/install/pal_sea_arm_bringup/share/pal_sea_arm_bringup/package.dsv'
[4.263s] INFO:colcon.colcon_core.shell:Creating package script '/opt/erc_ws/install/pal_sea_arm_bringup/share/pal_sea_arm_bringup/package.sh'
[4.263s] INFO:colcon.colcon_core.shell:Creating package script '/opt/erc_ws/install/pal_sea_arm_bringup/share/pal_sea_arm_bringup/package.bash'
[4.263s] INFO:colcon.colcon_core.shell:Creating package script '/opt/erc_ws/install/pal_sea_arm_bringup/share/pal_sea_arm_bringup/package.zsh'
[4.264s] Level 1:colcon.colcon_core.environment:create_file_with_runtime_dependencies(/opt/erc_ws/install/pal_sea_arm_bringup/share/colcon-core/packages/pal_sea_arm_bringup)
[4.264s] Level 1:colcon.colcon_core.environment:create_environment_scripts_only(tiago_pro_bringup)
[4.264s] Level 1:colcon.colcon_core.environment:checking '/opt/erc_ws/install/tiago_pro_bringup' for CMake module files
[4.266s] DEBUG:colcon.colcon_core.event_handler.log_command:Invoked command in '/opt/erc_ws/build/tiago_pro_bringup' returned '0': AMENT_PREFIX_PATH=/opt/erc_ws/install/pal_pro_gripper_wrapper:/opt/erc_ws/install/launch_pal:/opt/erc_ws/install/tiago_pro_robot:/opt/erc_ws/install/tiago_pro_head_robot:/opt/erc_ws/install/tiago_pro_bringup:/opt/erc_ws/install/tiago_pro_head_bringup:/opt/erc_ws/install/erc_bringup:/opt/erc_ws/install/tiago_pro_description:/opt/erc_ws/install/tiago_pro_head_description:/opt/erc_ws/install/tiago_pro_controller_configuration:/opt/erc_ws/install/tiago_pro_head_controller_configuration:/opt/erc_ws/install/sensors:/opt/erc_ws/install/pal_sea_arm:/opt/erc_ws/install/pal_sea_arm_bringup:/opt/erc_ws/install/pal_sea_arm_description:/opt/erc_ws/install/pal_pro_gripper_simulation:/opt/erc_ws/install/pal_pro_gripper_bringup:/opt/erc_ws/install/pal_pro_gripper:/opt/erc_ws/install/pal_pro_gripper_description:/opt/erc_ws/install/pal_gripper_simulation:/opt/erc_ws/install/pal_gripper:/opt/erc_ws/install/pal_gripper_description:/opt/erc_ws/install/omni_base_robot:/opt/erc_ws/install/omni_base_bringup:/opt/erc_ws/install/omni_base_description:/opt/erc_ws/install/pal_urdf_utils:/opt/erc_ws/install/pal_sea_arm_controller_configuration:/opt/erc_ws/install/pal_pro_gripper_controller_configuration:/opt/erc_ws/install/pal_gripper_controller_configuration:/opt/erc_ws/install/omni_base_controller_configuration:/opt/erc_ws/install/gz_ros2_control:/opt/erc_ws/install/erc_solution:/opt/erc_ws/install/erc_description:/opt/ros/humble CMAKE_PREFIX_PATH=/opt/erc_ws/install/tiago_pro_head_bringup:/opt/erc_ws/install/tiago_pro_controller_configuration:/opt/erc_ws/install/tiago_pro_head_description:/opt/erc_ws/install/pal_sea_arm_controller_configuration:/opt/erc_ws/install/tiago_pro_head_controller_configuration:/opt/erc_ws/install/pal_pro_gripper_controller_configuration:/opt/erc_ws/install/pal_urdf_utils:/opt/erc_ws/install/omni_base_controller_configuration:/opt/erc_ws/install/tiago_pro_robot:/opt/erc_ws/install/tiago_pro_head_robot:/opt/erc_ws/install/tiago_pro_bringup:/opt/erc_ws/install/erc_bringup:/opt/erc_ws/install/tiago_pro_description:/opt/erc_ws/install/pal_sea_arm:/opt/erc_ws/install/pal_sea_arm_bringup:/opt/erc_ws/install/pal_sea_arm_description:/opt/erc_ws/install/pal_pro_gripper_simulation:/opt/erc_ws/install/pal_pro_gripper_bringup:/opt/erc_ws/install/pal_pro_gripper:/opt/erc_ws/install/pal_pro_gripper_description:/opt/erc_ws/install/pal_gripper_simulation:/opt/erc_ws/install/pal_gripper:/opt/erc_ws/install/pal_gripper_description:/opt/erc_ws/install/omni_base_robot:/opt/erc_ws/install/omni_base_bringup:/opt/erc_ws/install/omni_base_description:/opt/erc_ws/install/pal_gripper_controller_configuration:/opt/erc_ws/install/gz_ros2_control:/opt/erc_ws/install/erc_description:/opt/erc_ws/install/sensors:/opt/erc_ws/install/pal_pro_gripper_wrapper:/opt/erc_ws/install/launch_pal:/opt/erc_ws/install/erc_solution:/opt/ros/humble PYTHONPATH=/opt/erc_ws/build/pal_pro_gripper_wrapper:/opt/erc_ws/install/pal_pro_gripper_wrapper/lib/python3.10/site-packages:/opt/erc_ws/build/launch_pal:/opt/erc_ws/install/launch_pal/lib/python3.10/site-packages:/opt/erc_ws/install/tiago_pro_description/local/lib/python3.10/dist-packages:/opt/erc_ws/install/tiago_pro_head_description/local/lib/python3.10/dist-packages:/opt/erc_ws/build/sensors:/opt/erc_ws/install/sensors/lib/python3.10/site-packages:/opt/erc_ws/install/pal_sea_arm_description/local/lib/python3.10/dist-packages:/opt/erc_ws/install/pal_pro_gripper_description/local/lib/python3.10/dist-packages:/opt/erc_ws/install/omni_base_description/local/lib/python3.10/dist-packages:/opt/erc_ws/build/erc_solution:/opt/erc_ws/install/erc_solution/lib/python3.10/site-packages:/opt/ros/humble/lib/python3.10/site-packages:/opt/ros/humble/local/lib/python3.10/dist-packages /usr/bin/cmake --install /opt/erc_ws/build/tiago_pro_bringup
[4.266s] Level 1:colcon.colcon_core.environment:checking '/opt/erc_ws/install/tiago_pro_bringup' for CMake config files
[4.266s] Level 1:colcon.colcon_core.shell:create_environment_hook('tiago_pro_bringup', 'cmake_prefix_path')
[4.267s] INFO:colcon.colcon_core.shell:Creating environment hook '/opt/erc_ws/install/tiago_pro_bringup/share/tiago_pro_bringup/hook/cmake_prefix_path.ps1'
[4.267s] INFO:colcon.colcon_core.shell:Creating environment descriptor '/opt/erc_ws/install/tiago_pro_bringup/share/tiago_pro_bringup/hook/cmake_prefix_path.dsv'
[4.268s] INFO:colcon.colcon_core.shell:Creating environment hook '/opt/erc_ws/install/tiago_pro_bringup/share/tiago_pro_bringup/hook/cmake_prefix_path.sh'
[4.269s] Level 1:colcon.colcon_core.environment:checking '/opt/erc_ws/install/tiago_pro_bringup/lib'
[4.269s] Level 1:colcon.colcon_core.environment:checking '/opt/erc_ws/install/tiago_pro_bringup/bin'
[4.269s] Level 1:colcon.colcon_core.environment:checking '/opt/erc_ws/install/tiago_pro_bringup/lib/pkgconfig/tiago_pro_bringup.pc'
[4.269s] Level 1:colcon.colcon_core.environment:checking '/opt/erc_ws/install/tiago_pro_bringup/lib/python3.10/site-packages'
[4.269s] Level 1:colcon.colcon_core.environment:checking '/opt/erc_ws/install/tiago_pro_bringup/bin'
[4.270s] INFO:colcon.colcon_core.shell:Creating package script '/opt/erc_ws/install/tiago_pro_bringup/share/tiago_pro_bringup/package.ps1'
[4.270s] INFO:colcon.colcon_core.shell:Creating package descriptor '/opt/erc_ws/install/tiago_pro_bringup/share/tiago_pro_bringup/package.dsv'
[4.271s] INFO:colcon.colcon_core.shell:Creating package script '/opt/erc_ws/install/tiago_pro_bringup/share/tiago_pro_bringup/package.sh'
[4.271s] INFO:colcon.colcon_core.shell:Creating package script '/opt/erc_ws/install/tiago_pro_bringup/share/tiago_pro_bringup/package.bash'
[4.271s] INFO:colcon.colcon_core.shell:Creating package script '/opt/erc_ws/install/tiago_pro_bringup/share/tiago_pro_bringup/package.zsh'
[4.272s] Level 1:colcon.colcon_core.environment:create_file_with_runtime_dependencies(/opt/erc_ws/install/tiago_pro_bringup/share/colcon-core/packages/tiago_pro_bringup)
[4.272s] Level 1:colcon.colcon_core.environment:create_environment_scripts_only(tiago_pro_bringup)
[4.273s] Level 1:colcon.colcon_core.environment:checking '/opt/erc_ws/install/tiago_pro_bringup' for CMake module files
[4.273s] Level 1:colcon.colcon_core.environment:checking '/opt/erc_ws/install/tiago_pro_bringup' for CMake config files
[4.273s] Level 1:colcon.colcon_core.shell:create_environment_hook('tiago_pro_bringup', 'cmake_prefix_path')
[4.273s] INFO:colcon.colcon_core.shell:Creating environment hook '/opt/erc_ws/install/tiago_pro_bringup/share/tiago_pro_bringup/hook/cmake_prefix_path.ps1'
[4.274s] INFO:colcon.colcon_core.shell:Creating environment descriptor '/opt/erc_ws/install/tiago_pro_bringup/share/tiago_pro_bringup/hook/cmake_prefix_path.dsv'
[4.274s] INFO:colcon.colcon_core.shell:Creating environment hook '/opt/erc_ws/install/tiago_pro_bringup/share/tiago_pro_bringup/hook/cmake_prefix_path.sh'
[4.275s] Level 1:colcon.colcon_core.environment:checking '/opt/erc_ws/install/tiago_pro_bringup/lib'
[4.275s] Level 1:colcon.colcon_core.environment:checking '/opt/erc_ws/install/tiago_pro_bringup/bin'
[4.275s] Level 1:colcon.colcon_core.environment:checking '/opt/erc_ws/install/tiago_pro_bringup/lib/pkgconfig/tiago_pro_bringup.pc'
[4.275s] Level 1:colcon.colcon_core.environment:checking '/opt/erc_ws/install/tiago_pro_bringup/lib/python3.10/site-packages'
[4.276s] Level 1:colcon.colcon_core.environment:checking '/opt/erc_ws/install/tiago_pro_bringup/bin'
[4.276s] INFO:colcon.colcon_core.shell:Creating package script '/opt/erc_ws/install/tiago_pro_bringup/share/tiago_pro_bringup/package.ps1'
[4.277s] INFO:colcon.colcon_core.shell:Creating package descriptor '/opt/erc_ws/install/tiago_pro_bringup/share/tiago_pro_bringup/package.dsv'
[4.277s] INFO:colcon.colcon_core.shell:Creating package script '/opt/erc_ws/install/tiago_pro_bringup/share/tiago_pro_bringup/package.sh'
[4.278s] INFO:colcon.colcon_core.shell:Creating package script '/opt/erc_ws/install/tiago_pro_bringup/share/tiago_pro_bringup/package.bash'
[4.278s] INFO:colcon.colcon_core.shell:Creating package script '/opt/erc_ws/install/tiago_pro_bringup/share/tiago_pro_bringup/package.zsh'
[4.279s] Level 1:colcon.colcon_core.environment:create_file_with_runtime_dependencies(/opt/erc_ws/install/tiago_pro_bringup/share/colcon-core/packages/tiago_pro_bringup)
[4.279s] INFO:colcon.colcon_ros.task.ament_cmake.build:Building ROS package in '/opt/erc_ws/src/pal_sea_arm/pal_sea_arm' with build type 'ament_cmake'
[4.280s] INFO:colcon.colcon_cmake.task.cmake.build:Building CMake package in '/opt/erc_ws/src/pal_sea_arm/pal_sea_arm'
[4.280s] INFO:colcon.colcon_core.shell:Skip shell extension 'powershell' for command environment: Not usable outside of PowerShell
[4.280s] DEBUG:colcon.colcon_core.shell:Skip shell extension 'dsv' for command environment
[4.304s] DEBUG:colcon.colcon_core.event_handler.log_command:Invoking command in '/opt/erc_ws/build/pal_sea_arm': AMENT_PREFIX_PATH=/opt/erc_ws/install/pal_pro_gripper_wrapper:/opt/erc_ws/install/launch_pal:/opt/erc_ws/install/tiago_pro_robot:/opt/erc_ws/install/tiago_pro_head_robot:/opt/erc_ws/install/tiago_pro_bringup:/opt/erc_ws/install/tiago_pro_head_bringup:/opt/erc_ws/install/erc_bringup:/opt/erc_ws/install/tiago_pro_description:/opt/erc_ws/install/tiago_pro_head_description:/opt/erc_ws/install/tiago_pro_controller_configuration:/opt/erc_ws/install/tiago_pro_head_controller_configuration:/opt/erc_ws/install/sensors:/opt/erc_ws/install/pal_sea_arm:/opt/erc_ws/install/pal_sea_arm_bringup:/opt/erc_ws/install/pal_sea_arm_description:/opt/erc_ws/install/pal_pro_gripper_simulation:/opt/erc_ws/install/pal_pro_gripper_bringup:/opt/erc_ws/install/pal_pro_gripper:/opt/erc_ws/install/pal_pro_gripper_description:/opt/erc_ws/install/pal_gripper_simulation:/opt/erc_ws/install/pal_gripper:/opt/erc_ws/install/pal_gripper_description:/opt/erc_ws/install/omni_base_robot:/opt/erc_ws/install/omni_base_bringup:/opt/erc_ws/install/omni_base_description:/opt/erc_ws/install/pal_urdf_utils:/opt/erc_ws/install/pal_sea_arm_controller_configuration:/opt/erc_ws/install/pal_pro_gripper_controller_configuration:/opt/erc_ws/install/pal_gripper_controller_configuration:/opt/erc_ws/install/omni_base_controller_configuration:/opt/erc_ws/install/gz_ros2_control:/opt/erc_ws/install/erc_solution:/opt/erc_ws/install/erc_description:/opt/ros/humble CMAKE_PREFIX_PATH=/opt/erc_ws/install/pal_sea_arm_bringup:/opt/erc_ws/install/pal_sea_arm_description:/opt/erc_ws/install/pal_sea_arm_controller_configuration:/opt/erc_ws/install/pal_pro_gripper_description:/opt/erc_ws/install/pal_pro_gripper_controller_configuration:/opt/erc_ws/install/pal_urdf_utils:/opt/erc_ws/install/tiago_pro_robot:/opt/erc_ws/install/tiago_pro_head_robot:/opt/erc_ws/install/tiago_pro_bringup:/opt/erc_ws/install/tiago_pro_head_bringup:/opt/erc_ws/install/erc_bringup:/opt/erc_ws/install/tiago_pro_description:/opt/erc_ws/install/tiago_pro_head_description:/opt/erc_ws/install/tiago_pro_controller_configuration:/opt/erc_ws/install/tiago_pro_head_controller_configuration:/opt/erc_ws/install/pal_sea_arm:/opt/erc_ws/install/pal_pro_gripper_simulation:/opt/erc_ws/install/pal_pro_gripper_bringup:/opt/erc_ws/install/pal_pro_gripper:/opt/erc_ws/install/pal_gripper_simulation:/opt/erc_ws/install/pal_gripper:/opt/erc_ws/install/pal_gripper_description:/opt/erc_ws/install/omni_base_robot:/opt/erc_ws/install/omni_base_bringup:/opt/erc_ws/install/omni_base_description:/opt/erc_ws/install/pal_gripper_controller_configuration:/opt/erc_ws/install/omni_base_controller_configuration:/opt/erc_ws/install/gz_ros2_control:/opt/erc_ws/install/erc_description:/opt/erc_ws/install/sensors:/opt/erc_ws/install/pal_pro_gripper_wrapper:/opt/erc_ws/install/launch_pal:/opt/erc_ws/install/erc_solution:/opt/ros/humble PYTHONPATH=/opt/erc_ws/build/pal_pro_gripper_wrapper:/opt/erc_ws/install/pal_pro_gripper_wrapper/lib/python3.10/site-packages:/opt/erc_ws/build/launch_pal:/opt/erc_ws/install/launch_pal/lib/python3.10/site-packages:/opt/erc_ws/install/tiago_pro_description/local/lib/python3.10/dist-packages:/opt/erc_ws/install/tiago_pro_head_description/local/lib/python3.10/dist-packages:/opt/erc_ws/build/sensors:/opt/erc_ws/install/sensors/lib/python3.10/site-packages:/opt/erc_ws/install/pal_sea_arm_description/local/lib/python3.10/dist-packages:/opt/erc_ws/install/pal_pro_gripper_description/local/lib/python3.10/dist-packages:/opt/erc_ws/install/omni_base_description/local/lib/python3.10/dist-packages:/opt/erc_ws/build/erc_solution:/opt/erc_ws/install/erc_solution/lib/python3.10/site-packages:/opt/ros/humble/lib/python3.10/site-packages:/opt/ros/humble/local/lib/python3.10/dist-packages /usr/bin/cmake --build /opt/erc_ws/build/pal_sea_arm -- -j16 -l16
[4.341s] DEBUG:colcon.colcon_core.event_handler.log_command:Invoked command in '/opt/erc_ws/build/pal_sea_arm' returned '0': AMENT_PREFIX_PATH=/opt/erc_ws/install/pal_pro_gripper_wrapper:/opt/erc_ws/install/launch_pal:/opt/erc_ws/install/tiago_pro_robot:/opt/erc_ws/install/tiago_pro_head_robot:/opt/erc_ws/install/tiago_pro_bringup:/opt/erc_ws/install/tiago_pro_head_bringup:/opt/erc_ws/install/erc_bringup:/opt/erc_ws/install/tiago_pro_description:/opt/erc_ws/install/tiago_pro_head_description:/opt/erc_ws/install/tiago_pro_controller_configuration:/opt/erc_ws/install/tiago_pro_head_controller_configuration:/opt/erc_ws/install/sensors:/opt/erc_ws/install/pal_sea_arm:/opt/erc_ws/install/pal_sea_arm_bringup:/opt/erc_ws/install/pal_sea_arm_description:/opt/erc_ws/install/pal_pro_gripper_simulation:/opt/erc_ws/install/pal_pro_gripper_bringup:/opt/erc_ws/install/pal_pro_gripper:/opt/erc_ws/install/pal_pro_gripper_description:/opt/erc_ws/install/pal_gripper_simulation:/opt/erc_ws/install/pal_gripper:/opt/erc_ws/install/pal_gripper_description:/opt/erc_ws/install/omni_base_robot:/opt/erc_ws/install/omni_base_bringup:/opt/erc_ws/install/omni_base_description:/opt/erc_ws/install/pal_urdf_utils:/opt/erc_ws/install/pal_sea_arm_controller_configuration:/opt/erc_ws/install/pal_pro_gripper_controller_configuration:/opt/erc_ws/install/pal_gripper_controller_configuration:/opt/erc_ws/install/omni_base_controller_configuration:/opt/erc_ws/install/gz_ros2_control:/opt/erc_ws/install/erc_solution:/opt/erc_ws/install/erc_description:/opt/ros/humble CMAKE_PREFIX_PATH=/opt/erc_ws/install/pal_sea_arm_bringup:/opt/erc_ws/install/pal_sea_arm_description:/opt/erc_ws/install/pal_sea_arm_controller_configuration:/opt/erc_ws/install/pal_pro_gripper_description:/opt/erc_ws/install/pal_pro_gripper_controller_configuration:/opt/erc_ws/install/pal_urdf_utils:/opt/erc_ws/install/tiago_pro_robot:/opt/erc_ws/install/tiago_pro_head_robot:/opt/erc_ws/install/tiago_pro_bringup:/opt/erc_ws/install/tiago_pro_head_bringup:/opt/erc_ws/install/erc_bringup:/opt/erc_ws/install/tiago_pro_description:/opt/erc_ws/install/tiago_pro_head_description:/opt/erc_ws/install/tiago_pro_controller_configuration:/opt/erc_ws/install/tiago_pro_head_controller_configuration:/opt/erc_ws/install/pal_sea_arm:/opt/erc_ws/install/pal_pro_gripper_simulation:/opt/erc_ws/install/pal_pro_gripper_bringup:/opt/erc_ws/install/pal_pro_gripper:/opt/erc_ws/install/pal_gripper_simulation:/opt/erc_ws/install/pal_gripper:/opt/erc_ws/install/pal_gripper_description:/opt/erc_ws/install/omni_base_robot:/opt/erc_ws/install/omni_base_bringup:/opt/erc_ws/install/omni_base_description:/opt/erc_ws/install/pal_gripper_controller_configuration:/opt/erc_ws/install/omni_base_controller_configuration:/opt/erc_ws/install/gz_ros2_control:/opt/erc_ws/install/erc_description:/opt/erc_ws/install/sensors:/opt/erc_ws/install/pal_pro_gripper_wrapper:/opt/erc_ws/install/launch_pal:/opt/erc_ws/install/erc_solution:/opt/ros/humble PYTHONPATH=/opt/erc_ws/build/pal_pro_gripper_wrapper:/opt/erc_ws/install/pal_pro_gripper_wrapper/lib/python3.10/site-packages:/opt/erc_ws/build/launch_pal:/opt/erc_ws/install/launch_pal/lib/python3.10/site-packages:/opt/erc_ws/install/tiago_pro_description/local/lib/python3.10/dist-packages:/opt/erc_ws/install/tiago_pro_head_description/local/lib/python3.10/dist-packages:/opt/erc_ws/build/sensors:/opt/erc_ws/install/sensors/lib/python3.10/site-packages:/opt/erc_ws/install/pal_sea_arm_description/local/lib/python3.10/dist-packages:/opt/erc_ws/install/pal_pro_gripper_description/local/lib/python3.10/dist-packages:/opt/erc_ws/install/omni_base_description/local/lib/python3.10/dist-packages:/opt/erc_ws/build/erc_solution:/opt/erc_ws/install/erc_solution/lib/python3.10/site-packages:/opt/ros/humble/lib/python3.10/site-packages:/opt/ros/humble/local/lib/python3.10/dist-packages /usr/bin/cmake --build /opt/erc_ws/build/pal_sea_arm -- -j16 -l16
[4.343s] DEBUG:colcon.colcon_core.event_handler.log_command:Invoking command in '/opt/erc_ws/build/pal_sea_arm': AMENT_PREFIX_PATH=/opt/erc_ws/install/pal_pro_gripper_wrapper:/opt/erc_ws/install/launch_pal:/opt/erc_ws/install/tiago_pro_robot:/opt/erc_ws/install/tiago_pro_head_robot:/opt/erc_ws/install/tiago_pro_bringup:/opt/erc_ws/install/tiago_pro_head_bringup:/opt/erc_ws/install/erc_bringup:/opt/erc_ws/install/tiago_pro_description:/opt/erc_ws/install/tiago_pro_head_description:/opt/erc_ws/install/tiago_pro_controller_configuration:/opt/erc_ws/install/tiago_pro_head_controller_configuration:/opt/erc_ws/install/sensors:/opt/erc_ws/install/pal_sea_arm:/opt/erc_ws/install/pal_sea_arm_bringup:/opt/erc_ws/install/pal_sea_arm_description:/opt/erc_ws/install/pal_pro_gripper_simulation:/opt/erc_ws/install/pal_pro_gripper_bringup:/opt/erc_ws/install/pal_pro_gripper:/opt/erc_ws/install/pal_pro_gripper_description:/opt/erc_ws/install/pal_gripper_simulation:/opt/erc_ws/install/pal_gripper:/opt/erc_ws/install/pal_gripper_description:/opt/erc_ws/install/omni_base_robot:/opt/erc_ws/install/omni_base_bringup:/opt/erc_ws/install/omni_base_description:/opt/erc_ws/install/pal_urdf_utils:/opt/erc_ws/install/pal_sea_arm_controller_configuration:/opt/erc_ws/install/pal_pro_gripper_controller_configuration:/opt/erc_ws/install/pal_gripper_controller_configuration:/opt/erc_ws/install/omni_base_controller_configuration:/opt/erc_ws/install/gz_ros2_control:/opt/erc_ws/install/erc_solution:/opt/erc_ws/install/erc_description:/opt/ros/humble CMAKE_PREFIX_PATH=/opt/erc_ws/install/pal_sea_arm_bringup:/opt/erc_ws/install/pal_sea_arm_description:/opt/erc_ws/install/pal_sea_arm_controller_configuration:/opt/erc_ws/install/pal_pro_gripper_description:/opt/erc_ws/install/pal_pro_gripper_controller_configuration:/opt/erc_ws/install/pal_urdf_utils:/opt/erc_ws/install/tiago_pro_robot:/opt/erc_ws/install/tiago_pro_head_robot:/opt/erc_ws/install/tiago_pro_bringup:/opt/erc_ws/install/tiago_pro_head_bringup:/opt/erc_ws/install/erc_bringup:/opt/erc_ws/install/tiago_pro_description:/opt/erc_ws/install/tiago_pro_head_description:/opt/erc_ws/install/tiago_pro_controller_configuration:/opt/erc_ws/install/tiago_pro_head_controller_configuration:/opt/erc_ws/install/pal_sea_arm:/opt/erc_ws/install/pal_pro_gripper_simulation:/opt/erc_ws/install/pal_pro_gripper_bringup:/opt/erc_ws/install/pal_pro_gripper:/opt/erc_ws/install/pal_gripper_simulation:/opt/erc_ws/install/pal_gripper:/opt/erc_ws/install/pal_gripper_description:/opt/erc_ws/install/omni_base_robot:/opt/erc_ws/install/omni_base_bringup:/opt/erc_ws/install/omni_base_description:/opt/erc_ws/install/pal_gripper_controller_configuration:/opt/erc_ws/install/omni_base_controller_configuration:/opt/erc_ws/install/gz_ros2_control:/opt/erc_ws/install/erc_description:/opt/erc_ws/install/sensors:/opt/erc_ws/install/pal_pro_gripper_wrapper:/opt/erc_ws/install/launch_pal:/opt/erc_ws/install/erc_solution:/opt/ros/humble PYTHONPATH=/opt/erc_ws/build/pal_pro_gripper_wrapper:/opt/erc_ws/install/pal_pro_gripper_wrapper/lib/python3.10/site-packages:/opt/erc_ws/build/launch_pal:/opt/erc_ws/install/launch_pal/lib/python3.10/site-packages:/opt/erc_ws/install/tiago_pro_description/local/lib/python3.10/dist-packages:/opt/erc_ws/install/tiago_pro_head_description/local/lib/python3.10/dist-packages:/opt/erc_ws/build/sensors:/opt/erc_ws/install/sensors/lib/python3.10/site-packages:/opt/erc_ws/install/pal_sea_arm_description/local/lib/python3.10/dist-packages:/opt/erc_ws/install/pal_pro_gripper_description/local/lib/python3.10/dist-packages:/opt/erc_ws/install/omni_base_description/local/lib/python3.10/dist-packages:/opt/erc_ws/build/erc_solution:/opt/erc_ws/install/erc_solution/lib/python3.10/site-packages:/opt/ros/humble/lib/python3.10/site-packages:/opt/ros/humble/local/lib/python3.10/dist-packages /usr/bin/cmake --install /opt/erc_ws/build/pal_sea_arm
[4.368s] Level 1:colcon.colcon_core.environment:create_environment_scripts_only(pal_sea_arm)
[4.368s] Level 1:colcon.colcon_core.environment:checking '/opt/erc_ws/install/pal_sea_arm' for CMake module files
[4.369s] Level 1:colcon.colcon_core.environment:checking '/opt/erc_ws/install/pal_sea_arm' for CMake config files
[4.370s] Level 1:colcon.colcon_core.shell:create_environment_hook('pal_sea_arm', 'cmake_prefix_path')
[4.370s] INFO:colcon.colcon_core.shell:Creating environment hook '/opt/erc_ws/install/pal_sea_arm/share/pal_sea_arm/hook/cmake_prefix_path.ps1'
[4.372s] INFO:colcon.colcon_core.shell:Creating environment descriptor '/opt/erc_ws/install/pal_sea_arm/share/pal_sea_arm/hook/cmake_prefix_path.dsv'
[4.372s] INFO:colcon.colcon_core.shell:Creating environment hook '/opt/erc_ws/install/pal_sea_arm/share/pal_sea_arm/hook/cmake_prefix_path.sh'
[4.374s] DEBUG:colcon.colcon_core.event_handler.log_command:Invoked command in '/opt/erc_ws/build/pal_sea_arm' returned '0': AMENT_PREFIX_PATH=/opt/erc_ws/install/pal_pro_gripper_wrapper:/opt/erc_ws/install/launch_pal:/opt/erc_ws/install/tiago_pro_robot:/opt/erc_ws/install/tiago_pro_head_robot:/opt/erc_ws/install/tiago_pro_bringup:/opt/erc_ws/install/tiago_pro_head_bringup:/opt/erc_ws/install/erc_bringup:/opt/erc_ws/install/tiago_pro_description:/opt/erc_ws/install/tiago_pro_head_description:/opt/erc_ws/install/tiago_pro_controller_configuration:/opt/erc_ws/install/tiago_pro_head_controller_configuration:/opt/erc_ws/install/sensors:/opt/erc_ws/install/pal_sea_arm:/opt/erc_ws/install/pal_sea_arm_bringup:/opt/erc_ws/install/pal_sea_arm_description:/opt/erc_ws/install/pal_pro_gripper_simulation:/opt/erc_ws/install/pal_pro_gripper_bringup:/opt/erc_ws/install/pal_pro_gripper:/opt/erc_ws/install/pal_pro_gripper_description:/opt/erc_ws/install/pal_gripper_simulation:/opt/erc_ws/install/pal_gripper:/opt/erc_ws/install/pal_gripper_description:/opt/erc_ws/install/omni_base_robot:/opt/erc_ws/install/omni_base_bringup:/opt/erc_ws/install/omni_base_description:/opt/erc_ws/install/pal_urdf_utils:/opt/erc_ws/install/pal_sea_arm_controller_configuration:/opt/erc_ws/install/pal_pro_gripper_controller_configuration:/opt/erc_ws/install/pal_gripper_controller_configuration:/opt/erc_ws/install/omni_base_controller_configuration:/opt/erc_ws/install/gz_ros2_control:/opt/erc_ws/install/erc_solution:/opt/erc_ws/install/erc_description:/opt/ros/humble CMAKE_PREFIX_PATH=/opt/erc_ws/install/pal_sea_arm_bringup:/opt/erc_ws/install/pal_sea_arm_description:/opt/erc_ws/install/pal_sea_arm_controller_configuration:/opt/erc_ws/install/pal_pro_gripper_description:/opt/erc_ws/install/pal_pro_gripper_controller_configuration:/opt/erc_ws/install/pal_urdf_utils:/opt/erc_ws/install/tiago_pro_robot:/opt/erc_ws/install/tiago_pro_head_robot:/opt/erc_ws/install/tiago_pro_bringup:/opt/erc_ws/install/tiago_pro_head_bringup:/opt/erc_ws/install/erc_bringup:/opt/erc_ws/install/tiago_pro_description:/opt/erc_ws/install/tiago_pro_head_description:/opt/erc_ws/install/tiago_pro_controller_configuration:/opt/erc_ws/install/tiago_pro_head_controller_configuration:/opt/erc_ws/install/pal_sea_arm:/opt/erc_ws/install/pal_pro_gripper_simulation:/opt/erc_ws/install/pal_pro_gripper_bringup:/opt/erc_ws/install/pal_pro_gripper:/opt/erc_ws/install/pal_gripper_simulation:/opt/erc_ws/install/pal_gripper:/opt/erc_ws/install/pal_gripper_description:/opt/erc_ws/install/omni_base_robot:/opt/erc_ws/install/omni_base_bringup:/opt/erc_ws/install/omni_base_description:/opt/erc_ws/install/pal_gripper_controller_configuration:/opt/erc_ws/install/omni_base_controller_configuration:/opt/erc_ws/install/gz_ros2_control:/opt/erc_ws/install/erc_description:/opt/erc_ws/install/sensors:/opt/erc_ws/install/pal_pro_gripper_wrapper:/opt/erc_ws/install/launch_pal:/opt/erc_ws/install/erc_solution:/opt/ros/humble PYTHONPATH=/opt/erc_ws/build/pal_pro_gripper_wrapper:/opt/erc_ws/install/pal_pro_gripper_wrapper/lib/python3.10/site-packages:/opt/erc_ws/build/launch_pal:/opt/erc_ws/install/launch_pal/lib/python3.10/site-packages:/opt/erc_ws/install/tiago_pro_description/local/lib/python3.10/dist-packages:/opt/erc_ws/install/tiago_pro_head_description/local/lib/python3.10/dist-packages:/opt/erc_ws/build/sensors:/opt/erc_ws/install/sensors/lib/python3.10/site-packages:/opt/erc_ws/install/pal_sea_arm_description/local/lib/python3.10/dist-packages:/opt/erc_ws/install/pal_pro_gripper_description/local/lib/python3.10/dist-packages:/opt/erc_ws/install/omni_base_description/local/lib/python3.10/dist-packages:/opt/erc_ws/build/erc_solution:/opt/erc_ws/install/erc_solution/lib/python3.10/site-packages:/opt/ros/humble/lib/python3.10/site-packages:/opt/ros/humble/local/lib/python3.10/dist-packages /usr/bin/cmake --install /opt/erc_ws/build/pal_sea_arm
[4.374s] Level 1:colcon.colcon_core.environment:checking '/opt/erc_ws/install/pal_sea_arm/bin'
[4.374s] Level 1:colcon.colcon_core.environment:checking '/opt/erc_ws/install/pal_sea_arm/lib/pkgconfig/pal_sea_arm.pc'
[4.374s] Level 1:colcon.colcon_core.environment:checking '/opt/erc_ws/install/pal_sea_arm/lib/python3.10/site-packages'
[4.375s] Level 1:colcon.colcon_core.environment:checking '/opt/erc_ws/install/pal_sea_arm/bin'
[4.375s] INFO:colcon.colcon_core.shell:Creating package script '/opt/erc_ws/install/pal_sea_arm/share/pal_sea_arm/package.ps1'
[4.376s] INFO:colcon.colcon_core.shell:Creating package descriptor '/opt/erc_ws/install/pal_sea_arm/share/pal_sea_arm/package.dsv'
[4.377s] INFO:colcon.colcon_core.shell:Creating package script '/opt/erc_ws/install/pal_sea_arm/share/pal_sea_arm/package.sh'
[4.377s] INFO:colcon.colcon_core.shell:Creating package script '/opt/erc_ws/install/pal_sea_arm/share/pal_sea_arm/package.bash'
[4.378s] INFO:colcon.colcon_core.shell:Creating package script '/opt/erc_ws/install/pal_sea_arm/share/pal_sea_arm/package.zsh'
[4.378s] Level 1:colcon.colcon_core.environment:create_file_with_runtime_dependencies(/opt/erc_ws/install/pal_sea_arm/share/colcon-core/packages/pal_sea_arm)
[4.379s] Level 1:colcon.colcon_core.environment:create_environment_scripts_only(pal_sea_arm)
[4.379s] Level 1:colcon.colcon_core.environment:checking '/opt/erc_ws/install/pal_sea_arm' for CMake module files
[4.380s] Level 1:colcon.colcon_core.environment:checking '/opt/erc_ws/install/pal_sea_arm' for CMake config files
[4.380s] Level 1:colcon.colcon_core.shell:create_environment_hook('pal_sea_arm', 'cmake_prefix_path')
[4.380s] INFO:colcon.colcon_core.shell:Creating environment hook '/opt/erc_ws/install/pal_sea_arm/share/pal_sea_arm/hook/cmake_prefix_path.ps1'
[4.381s] INFO:colcon.colcon_core.shell:Creating environment descriptor '/opt/erc_ws/install/pal_sea_arm/share/pal_sea_arm/hook/cmake_prefix_path.dsv'
[4.381s] INFO:colcon.colcon_core.shell:Creating environment hook '/opt/erc_ws/install/pal_sea_arm/share/pal_sea_arm/hook/cmake_prefix_path.sh'
[4.382s] Level 1:colcon.colcon_core.environment:checking '/opt/erc_ws/install/pal_sea_arm/bin'
[4.382s] Level 1:colcon.colcon_core.environment:checking '/opt/erc_ws/install/pal_sea_arm/lib/pkgconfig/pal_sea_arm.pc'
[4.382s] Level 1:colcon.colcon_core.environment:checking '/opt/erc_ws/install/pal_sea_arm/lib/python3.10/site-packages'
[4.382s] Level 1:colcon.colcon_core.environment:checking '/opt/erc_ws/install/pal_sea_arm/bin'
[4.382s] INFO:colcon.colcon_core.shell:Creating package script '/opt/erc_ws/install/pal_sea_arm/share/pal_sea_arm/package.ps1'
[4.383s] INFO:colcon.colcon_core.shell:Creating package descriptor '/opt/erc_ws/install/pal_sea_arm/share/pal_sea_arm/package.dsv'
[4.384s] INFO:colcon.colcon_core.shell:Creating package script '/opt/erc_ws/install/pal_sea_arm/share/pal_sea_arm/package.sh'
[4.384s] INFO:colcon.colcon_core.shell:Creating package script '/opt/erc_ws/install/pal_sea_arm/share/pal_sea_arm/package.bash'
[4.385s] INFO:colcon.colcon_core.shell:Creating package script '/opt/erc_ws/install/pal_sea_arm/share/pal_sea_arm/package.zsh'
[4.385s] Level 1:colcon.colcon_core.environment:create_file_with_runtime_dependencies(/opt/erc_ws/install/pal_sea_arm/share/colcon-core/packages/pal_sea_arm)
[4.515s] DEBUG:colcon.colcon_core.event_handler.log_command:Invoked command in '/opt/erc_ws/build/tiago_pro_description' returned '0': AMENT_PREFIX_PATH=/opt/erc_ws/install/pal_pro_gripper_wrapper:/opt/erc_ws/install/launch_pal:/opt/erc_ws/install/tiago_pro_robot:/opt/erc_ws/install/tiago_pro_head_robot:/opt/erc_ws/install/tiago_pro_bringup:/opt/erc_ws/install/tiago_pro_head_bringup:/opt/erc_ws/install/erc_bringup:/opt/erc_ws/install/tiago_pro_description:/opt/erc_ws/install/tiago_pro_head_description:/opt/erc_ws/install/tiago_pro_controller_configuration:/opt/erc_ws/install/tiago_pro_head_controller_configuration:/opt/erc_ws/install/sensors:/opt/erc_ws/install/pal_sea_arm:/opt/erc_ws/install/pal_sea_arm_bringup:/opt/erc_ws/install/pal_sea_arm_description:/opt/erc_ws/install/pal_pro_gripper_simulation:/opt/erc_ws/install/pal_pro_gripper_bringup:/opt/erc_ws/install/pal_pro_gripper:/opt/erc_ws/install/pal_pro_gripper_description:/opt/erc_ws/install/pal_gripper_simulation:/opt/erc_ws/install/pal_gripper:/opt/erc_ws/install/pal_gripper_description:/opt/erc_ws/install/omni_base_robot:/opt/erc_ws/install/omni_base_bringup:/opt/erc_ws/install/omni_base_description:/opt/erc_ws/install/pal_urdf_utils:/opt/erc_ws/install/pal_sea_arm_controller_configuration:/opt/erc_ws/install/pal_pro_gripper_controller_configuration:/opt/erc_ws/install/pal_gripper_controller_configuration:/opt/erc_ws/install/omni_base_controller_configuration:/opt/erc_ws/install/gz_ros2_control:/opt/erc_ws/install/erc_solution:/opt/erc_ws/install/erc_description:/opt/ros/humble CMAKE_PREFIX_PATH=/opt/erc_ws/install/pal_sea_arm_description:/opt/erc_ws/install/tiago_pro_head_description:/opt/erc_ws/install/pal_sea_arm_controller_configuration:/opt/erc_ws/install/tiago_pro_head_controller_configuration:/opt/erc_ws/install/pal_pro_gripper_description:/opt/erc_ws/install/pal_pro_gripper_controller_configuration:/opt/erc_ws/install/omni_base_description:/opt/erc_ws/install/pal_urdf_utils:/opt/erc_ws/install/tiago_pro_robot:/opt/erc_ws/install/tiago_pro_head_robot:/opt/erc_ws/install/tiago_pro_bringup:/opt/erc_ws/install/tiago_pro_head_bringup:/opt/erc_ws/install/erc_bringup:/opt/erc_ws/install/tiago_pro_description:/opt/erc_ws/install/tiago_pro_controller_configuration:/opt/erc_ws/install/pal_sea_arm:/opt/erc_ws/install/pal_sea_arm_bringup:/opt/erc_ws/install/pal_pro_gripper_simulation:/opt/erc_ws/install/pal_pro_gripper_bringup:/opt/erc_ws/install/pal_pro_gripper:/opt/erc_ws/install/pal_gripper_simulation:/opt/erc_ws/install/pal_gripper:/opt/erc_ws/install/pal_gripper_description:/opt/erc_ws/install/omni_base_robot:/opt/erc_ws/install/omni_base_bringup:/opt/erc_ws/install/pal_gripper_controller_configuration:/opt/erc_ws/install/omni_base_controller_configuration:/opt/erc_ws/install/gz_ros2_control:/opt/erc_ws/install/erc_description:/opt/erc_ws/install/sensors:/opt/erc_ws/install/pal_pro_gripper_wrapper:/opt/erc_ws/install/launch_pal:/opt/erc_ws/install/erc_solution:/opt/ros/humble PYTHONPATH=/opt/erc_ws/build/pal_pro_gripper_wrapper:/opt/erc_ws/install/pal_pro_gripper_wrapper/lib/python3.10/site-packages:/opt/erc_ws/build/launch_pal:/opt/erc_ws/install/launch_pal/lib/python3.10/site-packages:/opt/erc_ws/install/tiago_pro_description/local/lib/python3.10/dist-packages:/opt/erc_ws/install/tiago_pro_head_description/local/lib/python3.10/dist-packages:/opt/erc_ws/build/sensors:/opt/erc_ws/install/sensors/lib/python3.10/site-packages:/opt/erc_ws/install/pal_sea_arm_description/local/lib/python3.10/dist-packages:/opt/erc_ws/install/pal_pro_gripper_description/local/lib/python3.10/dist-packages:/opt/erc_ws/install/omni_base_description/local/lib/python3.10/dist-packages:/opt/erc_ws/build/erc_solution:/opt/erc_ws/install/erc_solution/lib/python3.10/site-packages:/opt/ros/humble/lib/python3.10/site-packages:/opt/ros/humble/local/lib/python3.10/dist-packages /usr/bin/cmake --build /opt/erc_ws/build/tiago_pro_description -- -j16 -l16
[4.523s] DEBUG:colcon.colcon_core.event_handler.log_command:Invoking command in '/opt/erc_ws/build/tiago_pro_description': AMENT_PREFIX_PATH=/opt/erc_ws/install/pal_pro_gripper_wrapper:/opt/erc_ws/install/launch_pal:/opt/erc_ws/install/tiago_pro_robot:/opt/erc_ws/install/tiago_pro_head_robot:/opt/erc_ws/install/tiago_pro_bringup:/opt/erc_ws/install/tiago_pro_head_bringup:/opt/erc_ws/install/erc_bringup:/opt/erc_ws/install/tiago_pro_description:/opt/erc_ws/install/tiago_pro_head_description:/opt/erc_ws/install/tiago_pro_controller_configuration:/opt/erc_ws/install/tiago_pro_head_controller_configuration:/opt/erc_ws/install/sensors:/opt/erc_ws/install/pal_sea_arm:/opt/erc_ws/install/pal_sea_arm_bringup:/opt/erc_ws/install/pal_sea_arm_description:/opt/erc_ws/install/pal_pro_gripper_simulation:/opt/erc_ws/install/pal_pro_gripper_bringup:/opt/erc_ws/install/pal_pro_gripper:/opt/erc_ws/install/pal_pro_gripper_description:/opt/erc_ws/install/pal_gripper_simulation:/opt/erc_ws/install/pal_gripper:/opt/erc_ws/install/pal_gripper_description:/opt/erc_ws/install/omni_base_robot:/opt/erc_ws/install/omni_base_bringup:/opt/erc_ws/install/omni_base_description:/opt/erc_ws/install/pal_urdf_utils:/opt/erc_ws/install/pal_sea_arm_controller_configuration:/opt/erc_ws/install/pal_pro_gripper_controller_configuration:/opt/erc_ws/install/pal_gripper_controller_configuration:/opt/erc_ws/install/omni_base_controller_configuration:/opt/erc_ws/install/gz_ros2_control:/opt/erc_ws/install/erc_solution:/opt/erc_ws/install/erc_description:/opt/ros/humble CMAKE_PREFIX_PATH=/opt/erc_ws/install/pal_sea_arm_description:/opt/erc_ws/install/tiago_pro_head_description:/opt/erc_ws/install/pal_sea_arm_controller_configuration:/opt/erc_ws/install/tiago_pro_head_controller_configuration:/opt/erc_ws/install/pal_pro_gripper_description:/opt/erc_ws/install/pal_pro_gripper_controller_configuration:/opt/erc_ws/install/omni_base_description:/opt/erc_ws/install/pal_urdf_utils:/opt/erc_ws/install/tiago_pro_robot:/opt/erc_ws/install/tiago_pro_head_robot:/opt/erc_ws/install/tiago_pro_bringup:/opt/erc_ws/install/tiago_pro_head_bringup:/opt/erc_ws/install/erc_bringup:/opt/erc_ws/install/tiago_pro_description:/opt/erc_ws/install/tiago_pro_controller_configuration:/opt/erc_ws/install/pal_sea_arm:/opt/erc_ws/install/pal_sea_arm_bringup:/opt/erc_ws/install/pal_pro_gripper_simulation:/opt/erc_ws/install/pal_pro_gripper_bringup:/opt/erc_ws/install/pal_pro_gripper:/opt/erc_ws/install/pal_gripper_simulation:/opt/erc_ws/install/pal_gripper:/opt/erc_ws/install/pal_gripper_description:/opt/erc_ws/install/omni_base_robot:/opt/erc_ws/install/omni_base_bringup:/opt/erc_ws/install/pal_gripper_controller_configuration:/opt/erc_ws/install/omni_base_controller_configuration:/opt/erc_ws/install/gz_ros2_control:/opt/erc_ws/install/erc_description:/opt/erc_ws/install/sensors:/opt/erc_ws/install/pal_pro_gripper_wrapper:/opt/erc_ws/install/launch_pal:/opt/erc_ws/install/erc_solution:/opt/ros/humble PYTHONPATH=/opt/erc_ws/build/pal_pro_gripper_wrapper:/opt/erc_ws/install/pal_pro_gripper_wrapper/lib/python3.10/site-packages:/opt/erc_ws/build/launch_pal:/opt/erc_ws/install/launch_pal/lib/python3.10/site-packages:/opt/erc_ws/install/tiago_pro_description/local/lib/python3.10/dist-packages:/opt/erc_ws/install/tiago_pro_head_description/local/lib/python3.10/dist-packages:/opt/erc_ws/build/sensors:/opt/erc_ws/install/sensors/lib/python3.10/site-packages:/opt/erc_ws/install/pal_sea_arm_description/local/lib/python3.10/dist-packages:/opt/erc_ws/install/pal_pro_gripper_description/local/lib/python3.10/dist-packages:/opt/erc_ws/install/omni_base_description/local/lib/python3.10/dist-packages:/opt/erc_ws/build/erc_solution:/opt/erc_ws/install/erc_solution/lib/python3.10/site-packages:/opt/ros/humble/lib/python3.10/site-packages:/opt/ros/humble/local/lib/python3.10/dist-packages /usr/bin/cmake --install /opt/erc_ws/build/tiago_pro_description
[4.597s] Level 1:colcon.colcon_core.environment:create_environment_scripts_only(tiago_pro_description)
[4.597s] Level 1:colcon.colcon_core.environment:checking '/opt/erc_ws/install/tiago_pro_description' for CMake module files
[4.598s] DEBUG:colcon.colcon_core.event_handler.log_command:Invoked command in '/opt/erc_ws/build/tiago_pro_description' returned '0': AMENT_PREFIX_PATH=/opt/erc_ws/install/pal_pro_gripper_wrapper:/opt/erc_ws/install/launch_pal:/opt/erc_ws/install/tiago_pro_robot:/opt/erc_ws/install/tiago_pro_head_robot:/opt/erc_ws/install/tiago_pro_bringup:/opt/erc_ws/install/tiago_pro_head_bringup:/opt/erc_ws/install/erc_bringup:/opt/erc_ws/install/tiago_pro_description:/opt/erc_ws/install/tiago_pro_head_description:/opt/erc_ws/install/tiago_pro_controller_configuration:/opt/erc_ws/install/tiago_pro_head_controller_configuration:/opt/erc_ws/install/sensors:/opt/erc_ws/install/pal_sea_arm:/opt/erc_ws/install/pal_sea_arm_bringup:/opt/erc_ws/install/pal_sea_arm_description:/opt/erc_ws/install/pal_pro_gripper_simulation:/opt/erc_ws/install/pal_pro_gripper_bringup:/opt/erc_ws/install/pal_pro_gripper:/opt/erc_ws/install/pal_pro_gripper_description:/opt/erc_ws/install/pal_gripper_simulation:/opt/erc_ws/install/pal_gripper:/opt/erc_ws/install/pal_gripper_description:/opt/erc_ws/install/omni_base_robot:/opt/erc_ws/install/omni_base_bringup:/opt/erc_ws/install/omni_base_description:/opt/erc_ws/install/pal_urdf_utils:/opt/erc_ws/install/pal_sea_arm_controller_configuration:/opt/erc_ws/install/pal_pro_gripper_controller_configuration:/opt/erc_ws/install/pal_gripper_controller_configuration:/opt/erc_ws/install/omni_base_controller_configuration:/opt/erc_ws/install/gz_ros2_control:/opt/erc_ws/install/erc_solution:/opt/erc_ws/install/erc_description:/opt/ros/humble CMAKE_PREFIX_PATH=/opt/erc_ws/install/pal_sea_arm_description:/opt/erc_ws/install/tiago_pro_head_description:/opt/erc_ws/install/pal_sea_arm_controller_configuration:/opt/erc_ws/install/tiago_pro_head_controller_configuration:/opt/erc_ws/install/pal_pro_gripper_description:/opt/erc_ws/install/pal_pro_gripper_controller_configuration:/opt/erc_ws/install/omni_base_description:/opt/erc_ws/install/pal_urdf_utils:/opt/erc_ws/install/tiago_pro_robot:/opt/erc_ws/install/tiago_pro_head_robot:/opt/erc_ws/install/tiago_pro_bringup:/opt/erc_ws/install/tiago_pro_head_bringup:/opt/erc_ws/install/erc_bringup:/opt/erc_ws/install/tiago_pro_description:/opt/erc_ws/install/tiago_pro_controller_configuration:/opt/erc_ws/install/pal_sea_arm:/opt/erc_ws/install/pal_sea_arm_bringup:/opt/erc_ws/install/pal_pro_gripper_simulation:/opt/erc_ws/install/pal_pro_gripper_bringup:/opt/erc_ws/install/pal_pro_gripper:/opt/erc_ws/install/pal_gripper_simulation:/opt/erc_ws/install/pal_gripper:/opt/erc_ws/install/pal_gripper_description:/opt/erc_ws/install/omni_base_robot:/opt/erc_ws/install/omni_base_bringup:/opt/erc_ws/install/pal_gripper_controller_configuration:/opt/erc_ws/install/omni_base_controller_configuration:/opt/erc_ws/install/gz_ros2_control:/opt/erc_ws/install/erc_description:/opt/erc_ws/install/sensors:/opt/erc_ws/install/pal_pro_gripper_wrapper:/opt/erc_ws/install/launch_pal:/opt/erc_ws/install/erc_solution:/opt/ros/humble PYTHONPATH=/opt/erc_ws/build/pal_pro_gripper_wrapper:/opt/erc_ws/install/pal_pro_gripper_wrapper/lib/python3.10/site-packages:/opt/erc_ws/build/launch_pal:/opt/erc_ws/install/launch_pal/lib/python3.10/site-packages:/opt/erc_ws/install/tiago_pro_description/local/lib/python3.10/dist-packages:/opt/erc_ws/install/tiago_pro_head_description/local/lib/python3.10/dist-packages:/opt/erc_ws/build/sensors:/opt/erc_ws/install/sensors/lib/python3.10/site-packages:/opt/erc_ws/install/pal_sea_arm_description/local/lib/python3.10/dist-packages:/opt/erc_ws/install/pal_pro_gripper_description/local/lib/python3.10/dist-packages:/opt/erc_ws/install/omni_base_description/local/lib/python3.10/dist-packages:/opt/erc_ws/build/erc_solution:/opt/erc_ws/install/erc_solution/lib/python3.10/site-packages:/opt/ros/humble/lib/python3.10/site-packages:/opt/ros/humble/local/lib/python3.10/dist-packages /usr/bin/cmake --install /opt/erc_ws/build/tiago_pro_description
[4.598s] Level 1:colcon.colcon_core.environment:checking '/opt/erc_ws/install/tiago_pro_description' for CMake config files
[4.598s] Level 1:colcon.colcon_core.shell:create_environment_hook('tiago_pro_description', 'cmake_prefix_path')
[4.599s] INFO:colcon.colcon_core.shell:Creating environment hook '/opt/erc_ws/install/tiago_pro_description/share/tiago_pro_description/hook/cmake_prefix_path.ps1'
[4.599s] INFO:colcon.colcon_core.shell:Creating environment descriptor '/opt/erc_ws/install/tiago_pro_description/share/tiago_pro_description/hook/cmake_prefix_path.dsv'
[4.599s] INFO:colcon.colcon_core.shell:Creating environment hook '/opt/erc_ws/install/tiago_pro_description/share/tiago_pro_description/hook/cmake_prefix_path.sh'
[4.600s] Level 1:colcon.colcon_core.environment:checking '/opt/erc_ws/install/tiago_pro_description/bin'
[4.600s] Level 1:colcon.colcon_core.environment:checking '/opt/erc_ws/install/tiago_pro_description/lib/pkgconfig/tiago_pro_description.pc'
[4.600s] Level 1:colcon.colcon_core.environment:checking '/opt/erc_ws/install/tiago_pro_description/lib/python3.10/site-packages'
[4.601s] Level 1:colcon.colcon_core.environment:checking '/opt/erc_ws/install/tiago_pro_description/bin'
[4.601s] INFO:colcon.colcon_core.shell:Creating package script '/opt/erc_ws/install/tiago_pro_description/share/tiago_pro_description/package.ps1'
[4.602s] INFO:colcon.colcon_core.shell:Creating package descriptor '/opt/erc_ws/install/tiago_pro_description/share/tiago_pro_description/package.dsv'
[4.602s] INFO:colcon.colcon_core.shell:Creating package script '/opt/erc_ws/install/tiago_pro_description/share/tiago_pro_description/package.sh'
[4.603s] INFO:colcon.colcon_core.shell:Creating package script '/opt/erc_ws/install/tiago_pro_description/share/tiago_pro_description/package.bash'
[4.603s] INFO:colcon.colcon_core.shell:Creating package script '/opt/erc_ws/install/tiago_pro_description/share/tiago_pro_description/package.zsh'
[4.603s] Level 1:colcon.colcon_core.environment:create_file_with_runtime_dependencies(/opt/erc_ws/install/tiago_pro_description/share/colcon-core/packages/tiago_pro_description)
[4.604s] Level 1:colcon.colcon_core.environment:create_environment_scripts_only(tiago_pro_description)
[4.604s] Level 1:colcon.colcon_core.environment:checking '/opt/erc_ws/install/tiago_pro_description' for CMake module files
[4.604s] Level 1:colcon.colcon_core.environment:checking '/opt/erc_ws/install/tiago_pro_description' for CMake config files
[4.605s] Level 1:colcon.colcon_core.shell:create_environment_hook('tiago_pro_description', 'cmake_prefix_path')
[4.605s] INFO:colcon.colcon_core.shell:Creating environment hook '/opt/erc_ws/install/tiago_pro_description/share/tiago_pro_description/hook/cmake_prefix_path.ps1'
[4.606s] INFO:colcon.colcon_core.shell:Creating environment descriptor '/opt/erc_ws/install/tiago_pro_description/share/tiago_pro_description/hook/cmake_prefix_path.dsv'
[4.606s] INFO:colcon.colcon_core.shell:Creating environment hook '/opt/erc_ws/install/tiago_pro_description/share/tiago_pro_description/hook/cmake_prefix_path.sh'
[4.606s] Level 1:colcon.colcon_core.environment:checking '/opt/erc_ws/install/tiago_pro_description/bin'
[4.606s] Level 1:colcon.colcon_core.environment:checking '/opt/erc_ws/install/tiago_pro_description/lib/pkgconfig/tiago_pro_description.pc'
[4.607s] Level 1:colcon.colcon_core.environment:checking '/opt/erc_ws/install/tiago_pro_description/lib/python3.10/site-packages'
[4.607s] Level 1:colcon.colcon_core.environment:checking '/opt/erc_ws/install/tiago_pro_description/bin'
[4.607s] INFO:colcon.colcon_core.shell:Creating package script '/opt/erc_ws/install/tiago_pro_description/share/tiago_pro_description/package.ps1'
[4.608s] INFO:colcon.colcon_core.shell:Creating package descriptor '/opt/erc_ws/install/tiago_pro_description/share/tiago_pro_description/package.dsv'
[4.608s] INFO:colcon.colcon_core.shell:Creating package script '/opt/erc_ws/install/tiago_pro_description/share/tiago_pro_description/package.sh'
[4.609s] INFO:colcon.colcon_core.shell:Creating package script '/opt/erc_ws/install/tiago_pro_description/share/tiago_pro_description/package.bash'
[4.609s] INFO:colcon.colcon_core.shell:Creating package script '/opt/erc_ws/install/tiago_pro_description/share/tiago_pro_description/package.zsh'
[4.610s] Level 1:colcon.colcon_core.environment:create_file_with_runtime_dependencies(/opt/erc_ws/install/tiago_pro_description/share/colcon-core/packages/tiago_pro_description)
[4.610s] INFO:colcon.colcon_ros.task.ament_cmake.build:Building ROS package in '/opt/erc_ws/src/erc_bringup' with build type 'ament_cmake'
[4.610s] INFO:colcon.colcon_cmake.task.cmake.build:Building CMake package in '/opt/erc_ws/src/erc_bringup'
[4.610s] INFO:colcon.colcon_core.shell:Skip shell extension 'powershell' for command environment: Not usable outside of PowerShell
[4.610s] DEBUG:colcon.colcon_core.shell:Skip shell extension 'dsv' for command environment
[4.619s] INFO:colcon.colcon_ros.task.ament_cmake.build:Building ROS package in '/opt/erc_ws/src/tiago_pro_robot/tiago_pro_robot' with build type 'ament_cmake'
[4.619s] INFO:colcon.colcon_cmake.task.cmake.build:Building CMake package in '/opt/erc_ws/src/tiago_pro_robot/tiago_pro_robot'
[4.619s] INFO:colcon.colcon_core.shell:Skip shell extension 'powershell' for command environment: Not usable outside of PowerShell
[4.620s] DEBUG:colcon.colcon_core.shell:Skip shell extension 'dsv' for command environment
[4.639s] DEBUG:colcon.colcon_core.event_handler.log_command:Invoking command in '/opt/erc_ws/build/erc_bringup': AMENT_PREFIX_PATH=/opt/erc_ws/install/pal_pro_gripper_wrapper:/opt/erc_ws/install/launch_pal:/opt/erc_ws/install/tiago_pro_robot:/opt/erc_ws/install/tiago_pro_head_robot:/opt/erc_ws/install/tiago_pro_bringup:/opt/erc_ws/install/tiago_pro_head_bringup:/opt/erc_ws/install/erc_bringup:/opt/erc_ws/install/tiago_pro_description:/opt/erc_ws/install/tiago_pro_head_description:/opt/erc_ws/install/tiago_pro_controller_configuration:/opt/erc_ws/install/tiago_pro_head_controller_configuration:/opt/erc_ws/install/sensors:/opt/erc_ws/install/pal_sea_arm:/opt/erc_ws/install/pal_sea_arm_bringup:/opt/erc_ws/install/pal_sea_arm_description:/opt/erc_ws/install/pal_pro_gripper_simulation:/opt/erc_ws/install/pal_pro_gripper_bringup:/opt/erc_ws/install/pal_pro_gripper:/opt/erc_ws/install/pal_pro_gripper_description:/opt/erc_ws/install/pal_gripper_simulation:/opt/erc_ws/install/pal_gripper:/opt/erc_ws/install/pal_gripper_description:/opt/erc_ws/install/omni_base_robot:/opt/erc_ws/install/omni_base_bringup:/opt/erc_ws/install/omni_base_description:/opt/erc_ws/install/pal_urdf_utils:/opt/erc_ws/install/pal_sea_arm_controller_configuration:/opt/erc_ws/install/pal_pro_gripper_controller_configuration:/opt/erc_ws/install/pal_gripper_controller_configuration:/opt/erc_ws/install/omni_base_controller_configuration:/opt/erc_ws/install/gz_ros2_control:/opt/erc_ws/install/erc_solution:/opt/erc_ws/install/erc_description:/opt/ros/humble CMAKE_PREFIX_PATH=/opt/erc_ws/install/tiago_pro_description:/opt/erc_ws/install/pal_sea_arm_description:/opt/erc_ws/install/tiago_pro_head_description:/opt/erc_ws/install/pal_sea_arm_controller_configuration:/opt/erc_ws/install/tiago_pro_head_controller_configuration:/opt/erc_ws/install/pal_pro_gripper_description:/opt/erc_ws/install/pal_pro_gripper_controller_configuration:/opt/erc_ws/install/omni_base_description:/opt/erc_ws/install/pal_urdf_utils:/opt/erc_ws/install/tiago_pro_robot:/opt/erc_ws/install/tiago_pro_head_robot:/opt/erc_ws/install/tiago_pro_bringup:/opt/erc_ws/install/tiago_pro_head_bringup:/opt/erc_ws/install/erc_bringup:/opt/erc_ws/install/tiago_pro_controller_configuration:/opt/erc_ws/install/pal_sea_arm:/opt/erc_ws/install/pal_sea_arm_bringup:/opt/erc_ws/install/pal_pro_gripper_simulation:/opt/erc_ws/install/pal_pro_gripper_bringup:/opt/erc_ws/install/pal_pro_gripper:/opt/erc_ws/install/pal_gripper_simulation:/opt/erc_ws/install/pal_gripper:/opt/erc_ws/install/pal_gripper_description:/opt/erc_ws/install/omni_base_robot:/opt/erc_ws/install/omni_base_bringup:/opt/erc_ws/install/pal_gripper_controller_configuration:/opt/erc_ws/install/omni_base_controller_configuration:/opt/erc_ws/install/gz_ros2_control:/opt/erc_ws/install/erc_description:/opt/erc_ws/install/sensors:/opt/erc_ws/install/pal_pro_gripper_wrapper:/opt/erc_ws/install/launch_pal:/opt/erc_ws/install/erc_solution:/opt/ros/humble PYTHONPATH=/opt/erc_ws/build/pal_pro_gripper_wrapper:/opt/erc_ws/install/pal_pro_gripper_wrapper/lib/python3.10/site-packages:/opt/erc_ws/build/launch_pal:/opt/erc_ws/install/launch_pal/lib/python3.10/site-packages:/opt/erc_ws/install/tiago_pro_description/local/lib/python3.10/dist-packages:/opt/erc_ws/install/tiago_pro_head_description/local/lib/python3.10/dist-packages:/opt/erc_ws/build/sensors:/opt/erc_ws/install/sensors/lib/python3.10/site-packages:/opt/erc_ws/install/pal_sea_arm_description/local/lib/python3.10/dist-packages:/opt/erc_ws/install/pal_pro_gripper_description/local/lib/python3.10/dist-packages:/opt/erc_ws/install/omni_base_description/local/lib/python3.10/dist-packages:/opt/erc_ws/build/erc_solution:/opt/erc_ws/install/erc_solution/lib/python3.10/site-packages:/opt/ros/humble/lib/python3.10/site-packages:/opt/ros/humble/local/lib/python3.10/dist-packages /usr/bin/cmake --build /opt/erc_ws/build/erc_bringup -- -j16 -l16
[4.673s] DEBUG:colcon.colcon_core.event_handler.log_command:Invoking command in '/opt/erc_ws/build/tiago_pro_robot': AMENT_PREFIX_PATH=/opt/erc_ws/install/pal_pro_gripper_wrapper:/opt/erc_ws/install/launch_pal:/opt/erc_ws/install/tiago_pro_robot:/opt/erc_ws/install/tiago_pro_head_robot:/opt/erc_ws/install/tiago_pro_bringup:/opt/erc_ws/install/tiago_pro_head_bringup:/opt/erc_ws/install/erc_bringup:/opt/erc_ws/install/tiago_pro_description:/opt/erc_ws/install/tiago_pro_head_description:/opt/erc_ws/install/tiago_pro_controller_configuration:/opt/erc_ws/install/tiago_pro_head_controller_configuration:/opt/erc_ws/install/sensors:/opt/erc_ws/install/pal_sea_arm:/opt/erc_ws/install/pal_sea_arm_bringup:/opt/erc_ws/install/pal_sea_arm_description:/opt/erc_ws/install/pal_pro_gripper_simulation:/opt/erc_ws/install/pal_pro_gripper_bringup:/opt/erc_ws/install/pal_pro_gripper:/opt/erc_ws/install/pal_pro_gripper_description:/opt/erc_ws/install/pal_gripper_simulation:/opt/erc_ws/install/pal_gripper:/opt/erc_ws/install/pal_gripper_description:/opt/erc_ws/install/omni_base_robot:/opt/erc_ws/install/omni_base_bringup:/opt/erc_ws/install/omni_base_description:/opt/erc_ws/install/pal_urdf_utils:/opt/erc_ws/install/pal_sea_arm_controller_configuration:/opt/erc_ws/install/pal_pro_gripper_controller_configuration:/opt/erc_ws/install/pal_gripper_controller_configuration:/opt/erc_ws/install/omni_base_controller_configuration:/opt/erc_ws/install/gz_ros2_control:/opt/erc_ws/install/erc_solution:/opt/erc_ws/install/erc_description:/opt/ros/humble CMAKE_PREFIX_PATH=/opt/erc_ws/install/tiago_pro_description:/opt/erc_ws/install/tiago_pro_bringup:/opt/erc_ws/install/tiago_pro_head_bringup:/opt/erc_ws/install/tiago_pro_controller_configuration:/opt/erc_ws/install/pal_sea_arm_description:/opt/erc_ws/install/tiago_pro_head_description:/opt/erc_ws/install/pal_sea_arm_controller_configuration:/opt/erc_ws/install/tiago_pro_head_controller_configuration:/opt/erc_ws/install/pal_pro_gripper_description:/opt/erc_ws/install/pal_pro_gripper_controller_configuration:/opt/erc_ws/install/omni_base_description:/opt/erc_ws/install/pal_urdf_utils:/opt/erc_ws/install/omni_base_controller_configuration:/opt/erc_ws/install/tiago_pro_robot:/opt/erc_ws/install/tiago_pro_head_robot:/opt/erc_ws/install/erc_bringup:/opt/erc_ws/install/pal_sea_arm:/opt/erc_ws/install/pal_sea_arm_bringup:/opt/erc_ws/install/pal_pro_gripper_simulation:/opt/erc_ws/install/pal_pro_gripper_bringup:/opt/erc_ws/install/pal_pro_gripper:/opt/erc_ws/install/pal_gripper_simulation:/opt/erc_ws/install/pal_gripper:/opt/erc_ws/install/pal_gripper_description:/opt/erc_ws/install/omni_base_robot:/opt/erc_ws/install/omni_base_bringup:/opt/erc_ws/install/pal_gripper_controller_configuration:/opt/erc_ws/install/gz_ros2_control:/opt/erc_ws/install/erc_description:/opt/erc_ws/install/sensors:/opt/erc_ws/install/pal_pro_gripper_wrapper:/opt/erc_ws/install/launch_pal:/opt/erc_ws/install/erc_solution:/opt/ros/humble PYTHONPATH=/opt/erc_ws/build/pal_pro_gripper_wrapper:/opt/erc_ws/install/pal_pro_gripper_wrapper/lib/python3.10/site-packages:/opt/erc_ws/build/launch_pal:/opt/erc_ws/install/launch_pal/lib/python3.10/site-packages:/opt/erc_ws/install/tiago_pro_description/local/lib/python3.10/dist-packages:/opt/erc_ws/install/tiago_pro_head_description/local/lib/python3.10/dist-packages:/opt/erc_ws/build/sensors:/opt/erc_ws/install/sensors/lib/python3.10/site-packages:/opt/erc_ws/install/pal_sea_arm_description/local/lib/python3.10/dist-packages:/opt/erc_ws/install/pal_pro_gripper_description/local/lib/python3.10/dist-packages:/opt/erc_ws/install/omni_base_description/local/lib/python3.10/dist-packages:/opt/erc_ws/build/erc_solution:/opt/erc_ws/install/erc_solution/lib/python3.10/site-packages:/opt/ros/humble/lib/python3.10/site-packages:/opt/ros/humble/local/lib/python3.10/dist-packages /usr/bin/cmake --build /opt/erc_ws/build/tiago_pro_robot -- -j16 -l16
[4.682s] DEBUG:colcon.colcon_core.event_handler.log_command:Invoked command in '/opt/erc_ws/build/erc_bringup' returned '0': AMENT_PREFIX_PATH=/opt/erc_ws/install/pal_pro_gripper_wrapper:/opt/erc_ws/install/launch_pal:/opt/erc_ws/install/tiago_pro_robot:/opt/erc_ws/install/tiago_pro_head_robot:/opt/erc_ws/install/tiago_pro_bringup:/opt/erc_ws/install/tiago_pro_head_bringup:/opt/erc_ws/install/erc_bringup:/opt/erc_ws/install/tiago_pro_description:/opt/erc_ws/install/tiago_pro_head_description:/opt/erc_ws/install/tiago_pro_controller_configuration:/opt/erc_ws/install/tiago_pro_head_controller_configuration:/opt/erc_ws/install/sensors:/opt/erc_ws/install/pal_sea_arm:/opt/erc_ws/install/pal_sea_arm_bringup:/opt/erc_ws/install/pal_sea_arm_description:/opt/erc_ws/install/pal_pro_gripper_simulation:/opt/erc_ws/install/pal_pro_gripper_bringup:/opt/erc_ws/install/pal_pro_gripper:/opt/erc_ws/install/pal_pro_gripper_description:/opt/erc_ws/install/pal_gripper_simulation:/opt/erc_ws/install/pal_gripper:/opt/erc_ws/install/pal_gripper_description:/opt/erc_ws/install/omni_base_robot:/opt/erc_ws/install/omni_base_bringup:/opt/erc_ws/install/omni_base_description:/opt/erc_ws/install/pal_urdf_utils:/opt/erc_ws/install/pal_sea_arm_controller_configuration:/opt/erc_ws/install/pal_pro_gripper_controller_configuration:/opt/erc_ws/install/pal_gripper_controller_configuration:/opt/erc_ws/install/omni_base_controller_configuration:/opt/erc_ws/install/gz_ros2_control:/opt/erc_ws/install/erc_solution:/opt/erc_ws/install/erc_description:/opt/ros/humble CMAKE_PREFIX_PATH=/opt/erc_ws/install/tiago_pro_description:/opt/erc_ws/install/pal_sea_arm_description:/opt/erc_ws/install/tiago_pro_head_description:/opt/erc_ws/install/pal_sea_arm_controller_configuration:/opt/erc_ws/install/tiago_pro_head_controller_configuration:/opt/erc_ws/install/pal_pro_gripper_description:/opt/erc_ws/install/pal_pro_gripper_controller_configuration:/opt/erc_ws/install/omni_base_description:/opt/erc_ws/install/pal_urdf_utils:/opt/erc_ws/install/tiago_pro_robot:/opt/erc_ws/install/tiago_pro_head_robot:/opt/erc_ws/install/tiago_pro_bringup:/opt/erc_ws/install/tiago_pro_head_bringup:/opt/erc_ws/install/erc_bringup:/opt/erc_ws/install/tiago_pro_controller_configuration:/opt/erc_ws/install/pal_sea_arm:/opt/erc_ws/install/pal_sea_arm_bringup:/opt/erc_ws/install/pal_pro_gripper_simulation:/opt/erc_ws/install/pal_pro_gripper_bringup:/opt/erc_ws/install/pal_pro_gripper:/opt/erc_ws/install/pal_gripper_simulation:/opt/erc_ws/install/pal_gripper:/opt/erc_ws/install/pal_gripper_description:/opt/erc_ws/install/omni_base_robot:/opt/erc_ws/install/omni_base_bringup:/opt/erc_ws/install/pal_gripper_controller_configuration:/opt/erc_ws/install/omni_base_controller_configuration:/opt/erc_ws/install/gz_ros2_control:/opt/erc_ws/install/erc_description:/opt/erc_ws/install/sensors:/opt/erc_ws/install/pal_pro_gripper_wrapper:/opt/erc_ws/install/launch_pal:/opt/erc_ws/install/erc_solution:/opt/ros/humble PYTHONPATH=/opt/erc_ws/build/pal_pro_gripper_wrapper:/opt/erc_ws/install/pal_pro_gripper_wrapper/lib/python3.10/site-packages:/opt/erc_ws/build/launch_pal:/opt/erc_ws/install/launch_pal/lib/python3.10/site-packages:/opt/erc_ws/install/tiago_pro_description/local/lib/python3.10/dist-packages:/opt/erc_ws/install/tiago_pro_head_description/local/lib/python3.10/dist-packages:/opt/erc_ws/build/sensors:/opt/erc_ws/install/sensors/lib/python3.10/site-packages:/opt/erc_ws/install/pal_sea_arm_description/local/lib/python3.10/dist-packages:/opt/erc_ws/install/pal_pro_gripper_description/local/lib/python3.10/dist-packages:/opt/erc_ws/install/omni_base_description/local/lib/python3.10/dist-packages:/opt/erc_ws/build/erc_solution:/opt/erc_ws/install/erc_solution/lib/python3.10/site-packages:/opt/ros/humble/lib/python3.10/site-packages:/opt/ros/humble/local/lib/python3.10/dist-packages /usr/bin/cmake --build /opt/erc_ws/build/erc_bringup -- -j16 -l16
[4.684s] DEBUG:colcon.colcon_core.event_handler.log_command:Invoking command in '/opt/erc_ws/build/erc_bringup': AMENT_PREFIX_PATH=/opt/erc_ws/install/pal_pro_gripper_wrapper:/opt/erc_ws/install/launch_pal:/opt/erc_ws/install/tiago_pro_robot:/opt/erc_ws/install/tiago_pro_head_robot:/opt/erc_ws/install/tiago_pro_bringup:/opt/erc_ws/install/tiago_pro_head_bringup:/opt/erc_ws/install/erc_bringup:/opt/erc_ws/install/tiago_pro_description:/opt/erc_ws/install/tiago_pro_head_description:/opt/erc_ws/install/tiago_pro_controller_configuration:/opt/erc_ws/install/tiago_pro_head_controller_configuration:/opt/erc_ws/install/sensors:/opt/erc_ws/install/pal_sea_arm:/opt/erc_ws/install/pal_sea_arm_bringup:/opt/erc_ws/install/pal_sea_arm_description:/opt/erc_ws/install/pal_pro_gripper_simulation:/opt/erc_ws/install/pal_pro_gripper_bringup:/opt/erc_ws/install/pal_pro_gripper:/opt/erc_ws/install/pal_pro_gripper_description:/opt/erc_ws/install/pal_gripper_simulation:/opt/erc_ws/install/pal_gripper:/opt/erc_ws/install/pal_gripper_description:/opt/erc_ws/install/omni_base_robot:/opt/erc_ws/install/omni_base_bringup:/opt/erc_ws/install/omni_base_description:/opt/erc_ws/install/pal_urdf_utils:/opt/erc_ws/install/pal_sea_arm_controller_configuration:/opt/erc_ws/install/pal_pro_gripper_controller_configuration:/opt/erc_ws/install/pal_gripper_controller_configuration:/opt/erc_ws/install/omni_base_controller_configuration:/opt/erc_ws/install/gz_ros2_control:/opt/erc_ws/install/erc_solution:/opt/erc_ws/install/erc_description:/opt/ros/humble CMAKE_PREFIX_PATH=/opt/erc_ws/install/tiago_pro_description:/opt/erc_ws/install/pal_sea_arm_description:/opt/erc_ws/install/tiago_pro_head_description:/opt/erc_ws/install/pal_sea_arm_controller_configuration:/opt/erc_ws/install/tiago_pro_head_controller_configuration:/opt/erc_ws/install/pal_pro_gripper_description:/opt/erc_ws/install/pal_pro_gripper_controller_configuration:/opt/erc_ws/install/omni_base_description:/opt/erc_ws/install/pal_urdf_utils:/opt/erc_ws/install/tiago_pro_robot:/opt/erc_ws/install/tiago_pro_head_robot:/opt/erc_ws/install/tiago_pro_bringup:/opt/erc_ws/install/tiago_pro_head_bringup:/opt/erc_ws/install/erc_bringup:/opt/erc_ws/install/tiago_pro_controller_configuration:/opt/erc_ws/install/pal_sea_arm:/opt/erc_ws/install/pal_sea_arm_bringup:/opt/erc_ws/install/pal_pro_gripper_simulation:/opt/erc_ws/install/pal_pro_gripper_bringup:/opt/erc_ws/install/pal_pro_gripper:/opt/erc_ws/install/pal_gripper_simulation:/opt/erc_ws/install/pal_gripper:/opt/erc_ws/install/pal_gripper_description:/opt/erc_ws/install/omni_base_robot:/opt/erc_ws/install/omni_base_bringup:/opt/erc_ws/install/pal_gripper_controller_configuration:/opt/erc_ws/install/omni_base_controller_configuration:/opt/erc_ws/install/gz_ros2_control:/opt/erc_ws/install/erc_description:/opt/erc_ws/install/sensors:/opt/erc_ws/install/pal_pro_gripper_wrapper:/opt/erc_ws/install/launch_pal:/opt/erc_ws/install/erc_solution:/opt/ros/humble PYTHONPATH=/opt/erc_ws/build/pal_pro_gripper_wrapper:/opt/erc_ws/install/pal_pro_gripper_wrapper/lib/python3.10/site-packages:/opt/erc_ws/build/launch_pal:/opt/erc_ws/install/launch_pal/lib/python3.10/site-packages:/opt/erc_ws/install/tiago_pro_description/local/lib/python3.10/dist-packages:/opt/erc_ws/install/tiago_pro_head_description/local/lib/python3.10/dist-packages:/opt/erc_ws/build/sensors:/opt/erc_ws/install/sensors/lib/python3.10/site-packages:/opt/erc_ws/install/pal_sea_arm_description/local/lib/python3.10/dist-packages:/opt/erc_ws/install/pal_pro_gripper_description/local/lib/python3.10/dist-packages:/opt/erc_ws/install/omni_base_description/local/lib/python3.10/dist-packages:/opt/erc_ws/build/erc_solution:/opt/erc_ws/install/erc_solution/lib/python3.10/site-packages:/opt/ros/humble/lib/python3.10/site-packages:/opt/ros/humble/local/lib/python3.10/dist-packages /usr/bin/cmake --install /opt/erc_ws/build/erc_bringup
[4.707s] Level 1:colcon.colcon_core.environment:create_environment_scripts_only(erc_bringup)
[4.707s] Level 1:colcon.colcon_core.environment:checking '/opt/erc_ws/install/erc_bringup' for CMake module files
[4.708s] DEBUG:colcon.colcon_core.event_handler.log_command:Invoked command in '/opt/erc_ws/build/erc_bringup' returned '0': AMENT_PREFIX_PATH=/opt/erc_ws/install/pal_pro_gripper_wrapper:/opt/erc_ws/install/launch_pal:/opt/erc_ws/install/tiago_pro_robot:/opt/erc_ws/install/tiago_pro_head_robot:/opt/erc_ws/install/tiago_pro_bringup:/opt/erc_ws/install/tiago_pro_head_bringup:/opt/erc_ws/install/erc_bringup:/opt/erc_ws/install/tiago_pro_description:/opt/erc_ws/install/tiago_pro_head_description:/opt/erc_ws/install/tiago_pro_controller_configuration:/opt/erc_ws/install/tiago_pro_head_controller_configuration:/opt/erc_ws/install/sensors:/opt/erc_ws/install/pal_sea_arm:/opt/erc_ws/install/pal_sea_arm_bringup:/opt/erc_ws/install/pal_sea_arm_description:/opt/erc_ws/install/pal_pro_gripper_simulation:/opt/erc_ws/install/pal_pro_gripper_bringup:/opt/erc_ws/install/pal_pro_gripper:/opt/erc_ws/install/pal_pro_gripper_description:/opt/erc_ws/install/pal_gripper_simulation:/opt/erc_ws/install/pal_gripper:/opt/erc_ws/install/pal_gripper_description:/opt/erc_ws/install/omni_base_robot:/opt/erc_ws/install/omni_base_bringup:/opt/erc_ws/install/omni_base_description:/opt/erc_ws/install/pal_urdf_utils:/opt/erc_ws/install/pal_sea_arm_controller_configuration:/opt/erc_ws/install/pal_pro_gripper_controller_configuration:/opt/erc_ws/install/pal_gripper_controller_configuration:/opt/erc_ws/install/omni_base_controller_configuration:/opt/erc_ws/install/gz_ros2_control:/opt/erc_ws/install/erc_solution:/opt/erc_ws/install/erc_description:/opt/ros/humble CMAKE_PREFIX_PATH=/opt/erc_ws/install/tiago_pro_description:/opt/erc_ws/install/pal_sea_arm_description:/opt/erc_ws/install/tiago_pro_head_description:/opt/erc_ws/install/pal_sea_arm_controller_configuration:/opt/erc_ws/install/tiago_pro_head_controller_configuration:/opt/erc_ws/install/pal_pro_gripper_description:/opt/erc_ws/install/pal_pro_gripper_controller_configuration:/opt/erc_ws/install/omni_base_description:/opt/erc_ws/install/pal_urdf_utils:/opt/erc_ws/install/tiago_pro_robot:/opt/erc_ws/install/tiago_pro_head_robot:/opt/erc_ws/install/tiago_pro_bringup:/opt/erc_ws/install/tiago_pro_head_bringup:/opt/erc_ws/install/erc_bringup:/opt/erc_ws/install/tiago_pro_controller_configuration:/opt/erc_ws/install/pal_sea_arm:/opt/erc_ws/install/pal_sea_arm_bringup:/opt/erc_ws/install/pal_pro_gripper_simulation:/opt/erc_ws/install/pal_pro_gripper_bringup:/opt/erc_ws/install/pal_pro_gripper:/opt/erc_ws/install/pal_gripper_simulation:/opt/erc_ws/install/pal_gripper:/opt/erc_ws/install/pal_gripper_description:/opt/erc_ws/install/omni_base_robot:/opt/erc_ws/install/omni_base_bringup:/opt/erc_ws/install/pal_gripper_controller_configuration:/opt/erc_ws/install/omni_base_controller_configuration:/opt/erc_ws/install/gz_ros2_control:/opt/erc_ws/install/erc_description:/opt/erc_ws/install/sensors:/opt/erc_ws/install/pal_pro_gripper_wrapper:/opt/erc_ws/install/launch_pal:/opt/erc_ws/install/erc_solution:/opt/ros/humble PYTHONPATH=/opt/erc_ws/build/pal_pro_gripper_wrapper:/opt/erc_ws/install/pal_pro_gripper_wrapper/lib/python3.10/site-packages:/opt/erc_ws/build/launch_pal:/opt/erc_ws/install/launch_pal/lib/python3.10/site-packages:/opt/erc_ws/install/tiago_pro_description/local/lib/python3.10/dist-packages:/opt/erc_ws/install/tiago_pro_head_description/local/lib/python3.10/dist-packages:/opt/erc_ws/build/sensors:/opt/erc_ws/install/sensors/lib/python3.10/site-packages:/opt/erc_ws/install/pal_sea_arm_description/local/lib/python3.10/dist-packages:/opt/erc_ws/install/pal_pro_gripper_description/local/lib/python3.10/dist-packages:/opt/erc_ws/install/omni_base_description/local/lib/python3.10/dist-packages:/opt/erc_ws/build/erc_solution:/opt/erc_ws/install/erc_solution/lib/python3.10/site-packages:/opt/ros/humble/lib/python3.10/site-packages:/opt/ros/humble/local/lib/python3.10/dist-packages /usr/bin/cmake --install /opt/erc_ws/build/erc_bringup
[4.709s] Level 1:colcon.colcon_core.environment:checking '/opt/erc_ws/install/erc_bringup' for CMake config files
[4.709s] Level 1:colcon.colcon_core.shell:create_environment_hook('erc_bringup', 'cmake_prefix_path')
[4.709s] INFO:colcon.colcon_core.shell:Creating environment hook '/opt/erc_ws/install/erc_bringup/share/erc_bringup/hook/cmake_prefix_path.ps1'
[4.710s] INFO:colcon.colcon_core.shell:Creating environment descriptor '/opt/erc_ws/install/erc_bringup/share/erc_bringup/hook/cmake_prefix_path.dsv'
[4.710s] INFO:colcon.colcon_core.shell:Creating environment hook '/opt/erc_ws/install/erc_bringup/share/erc_bringup/hook/cmake_prefix_path.sh'
[4.711s] Level 1:colcon.colcon_core.environment:checking '/opt/erc_ws/install/erc_bringup/lib'
[4.711s] Level 1:colcon.colcon_core.environment:checking '/opt/erc_ws/install/erc_bringup/bin'
[4.711s] Level 1:colcon.colcon_core.environment:checking '/opt/erc_ws/install/erc_bringup/lib/pkgconfig/erc_bringup.pc'
[4.712s] Level 1:colcon.colcon_core.environment:checking '/opt/erc_ws/install/erc_bringup/lib/python3.10/site-packages'
[4.712s] Level 1:colcon.colcon_core.environment:checking '/opt/erc_ws/install/erc_bringup/bin'
[4.712s] INFO:colcon.colcon_core.shell:Creating package script '/opt/erc_ws/install/erc_bringup/share/erc_bringup/package.ps1'
[4.714s] INFO:colcon.colcon_core.shell:Creating package descriptor '/opt/erc_ws/install/erc_bringup/share/erc_bringup/package.dsv'
[4.714s] INFO:colcon.colcon_core.shell:Creating package script '/opt/erc_ws/install/erc_bringup/share/erc_bringup/package.sh'
[4.715s] INFO:colcon.colcon_core.shell:Creating package script '/opt/erc_ws/install/erc_bringup/share/erc_bringup/package.bash'
[4.715s] INFO:colcon.colcon_core.shell:Creating package script '/opt/erc_ws/install/erc_bringup/share/erc_bringup/package.zsh'
[4.716s] Level 1:colcon.colcon_core.environment:create_file_with_runtime_dependencies(/opt/erc_ws/install/erc_bringup/share/colcon-core/packages/erc_bringup)
[4.717s] Level 1:colcon.colcon_core.environment:create_environment_scripts_only(erc_bringup)
[4.717s] Level 1:colcon.colcon_core.environment:checking '/opt/erc_ws/install/erc_bringup' for CMake module files
[4.717s] Level 1:colcon.colcon_core.environment:checking '/opt/erc_ws/install/erc_bringup' for CMake config files
[4.717s] Level 1:colcon.colcon_core.shell:create_environment_hook('erc_bringup', 'cmake_prefix_path')
[4.718s] INFO:colcon.colcon_core.shell:Creating environment hook '/opt/erc_ws/install/erc_bringup/share/erc_bringup/hook/cmake_prefix_path.ps1'
[4.718s] INFO:colcon.colcon_core.shell:Creating environment descriptor '/opt/erc_ws/install/erc_bringup/share/erc_bringup/hook/cmake_prefix_path.dsv'
[4.718s] INFO:colcon.colcon_core.shell:Creating environment hook '/opt/erc_ws/install/erc_bringup/share/erc_bringup/hook/cmake_prefix_path.sh'
[4.719s] Level 1:colcon.colcon_core.environment:checking '/opt/erc_ws/install/erc_bringup/lib'
[4.719s] Level 1:colcon.colcon_core.environment:checking '/opt/erc_ws/install/erc_bringup/bin'
[4.719s] Level 1:colcon.colcon_core.environment:checking '/opt/erc_ws/install/erc_bringup/lib/pkgconfig/erc_bringup.pc'
[4.720s] Level 1:colcon.colcon_core.environment:checking '/opt/erc_ws/install/erc_bringup/lib/python3.10/site-packages'
[4.720s] Level 1:colcon.colcon_core.environment:checking '/opt/erc_ws/install/erc_bringup/bin'
[4.720s] INFO:colcon.colcon_core.shell:Creating package script '/opt/erc_ws/install/erc_bringup/share/erc_bringup/package.ps1'
[4.721s] INFO:colcon.colcon_core.shell:Creating package descriptor '/opt/erc_ws/install/erc_bringup/share/erc_bringup/package.dsv'
[4.721s] INFO:colcon.colcon_core.shell:Creating package script '/opt/erc_ws/install/erc_bringup/share/erc_bringup/package.sh'
[4.721s] INFO:colcon.colcon_core.shell:Creating package script '/opt/erc_ws/install/erc_bringup/share/erc_bringup/package.bash'
[4.722s] INFO:colcon.colcon_core.shell:Creating package script '/opt/erc_ws/install/erc_bringup/share/erc_bringup/package.zsh'
[4.722s] Level 1:colcon.colcon_core.environment:create_file_with_runtime_dependencies(/opt/erc_ws/install/erc_bringup/share/colcon-core/packages/erc_bringup)
[4.726s] DEBUG:colcon.colcon_core.event_handler.log_command:Invoked command in '/opt/erc_ws/build/tiago_pro_robot' returned '0': AMENT_PREFIX_PATH=/opt/erc_ws/install/pal_pro_gripper_wrapper:/opt/erc_ws/install/launch_pal:/opt/erc_ws/install/tiago_pro_robot:/opt/erc_ws/install/tiago_pro_head_robot:/opt/erc_ws/install/tiago_pro_bringup:/opt/erc_ws/install/tiago_pro_head_bringup:/opt/erc_ws/install/erc_bringup:/opt/erc_ws/install/tiago_pro_description:/opt/erc_ws/install/tiago_pro_head_description:/opt/erc_ws/install/tiago_pro_controller_configuration:/opt/erc_ws/install/tiago_pro_head_controller_configuration:/opt/erc_ws/install/sensors:/opt/erc_ws/install/pal_sea_arm:/opt/erc_ws/install/pal_sea_arm_bringup:/opt/erc_ws/install/pal_sea_arm_description:/opt/erc_ws/install/pal_pro_gripper_simulation:/opt/erc_ws/install/pal_pro_gripper_bringup:/opt/erc_ws/install/pal_pro_gripper:/opt/erc_ws/install/pal_pro_gripper_description:/opt/erc_ws/install/pal_gripper_simulation:/opt/erc_ws/install/pal_gripper:/opt/erc_ws/install/pal_gripper_description:/opt/erc_ws/install/omni_base_robot:/opt/erc_ws/install/omni_base_bringup:/opt/erc_ws/install/omni_base_description:/opt/erc_ws/install/pal_urdf_utils:/opt/erc_ws/install/pal_sea_arm_controller_configuration:/opt/erc_ws/install/pal_pro_gripper_controller_configuration:/opt/erc_ws/install/pal_gripper_controller_configuration:/opt/erc_ws/install/omni_base_controller_configuration:/opt/erc_ws/install/gz_ros2_control:/opt/erc_ws/install/erc_solution:/opt/erc_ws/install/erc_description:/opt/ros/humble CMAKE_PREFIX_PATH=/opt/erc_ws/install/tiago_pro_description:/opt/erc_ws/install/tiago_pro_bringup:/opt/erc_ws/install/tiago_pro_head_bringup:/opt/erc_ws/install/tiago_pro_controller_configuration:/opt/erc_ws/install/pal_sea_arm_description:/opt/erc_ws/install/tiago_pro_head_description:/opt/erc_ws/install/pal_sea_arm_controller_configuration:/opt/erc_ws/install/tiago_pro_head_controller_configuration:/opt/erc_ws/install/pal_pro_gripper_description:/opt/erc_ws/install/pal_pro_gripper_controller_configuration:/opt/erc_ws/install/omni_base_description:/opt/erc_ws/install/pal_urdf_utils:/opt/erc_ws/install/omni_base_controller_configuration:/opt/erc_ws/install/tiago_pro_robot:/opt/erc_ws/install/tiago_pro_head_robot:/opt/erc_ws/install/erc_bringup:/opt/erc_ws/install/pal_sea_arm:/opt/erc_ws/install/pal_sea_arm_bringup:/opt/erc_ws/install/pal_pro_gripper_simulation:/opt/erc_ws/install/pal_pro_gripper_bringup:/opt/erc_ws/install/pal_pro_gripper:/opt/erc_ws/install/pal_gripper_simulation:/opt/erc_ws/install/pal_gripper:/opt/erc_ws/install/pal_gripper_description:/opt/erc_ws/install/omni_base_robot:/opt/erc_ws/install/omni_base_bringup:/opt/erc_ws/install/pal_gripper_controller_configuration:/opt/erc_ws/install/gz_ros2_control:/opt/erc_ws/install/erc_description:/opt/erc_ws/install/sensors:/opt/erc_ws/install/pal_pro_gripper_wrapper:/opt/erc_ws/install/launch_pal:/opt/erc_ws/install/erc_solution:/opt/ros/humble PYTHONPATH=/opt/erc_ws/build/pal_pro_gripper_wrapper:/opt/erc_ws/install/pal_pro_gripper_wrapper/lib/python3.10/site-packages:/opt/erc_ws/build/launch_pal:/opt/erc_ws/install/launch_pal/lib/python3.10/site-packages:/opt/erc_ws/install/tiago_pro_description/local/lib/python3.10/dist-packages:/opt/erc_ws/install/tiago_pro_head_description/local/lib/python3.10/dist-packages:/opt/erc_ws/build/sensors:/opt/erc_ws/install/sensors/lib/python3.10/site-packages:/opt/erc_ws/install/pal_sea_arm_description/local/lib/python3.10/dist-packages:/opt/erc_ws/install/pal_pro_gripper_description/local/lib/python3.10/dist-packages:/opt/erc_ws/install/omni_base_description/local/lib/python3.10/dist-packages:/opt/erc_ws/build/erc_solution:/opt/erc_ws/install/erc_solution/lib/python3.10/site-packages:/opt/ros/humble/lib/python3.10/site-packages:/opt/ros/humble/local/lib/python3.10/dist-packages /usr/bin/cmake --build /opt/erc_ws/build/tiago_pro_robot -- -j16 -l16
[4.728s] DEBUG:colcon.colcon_core.event_handler.log_command:Invoking command in '/opt/erc_ws/build/tiago_pro_robot': AMENT_PREFIX_PATH=/opt/erc_ws/install/pal_pro_gripper_wrapper:/opt/erc_ws/install/launch_pal:/opt/erc_ws/install/tiago_pro_robot:/opt/erc_ws/install/tiago_pro_head_robot:/opt/erc_ws/install/tiago_pro_bringup:/opt/erc_ws/install/tiago_pro_head_bringup:/opt/erc_ws/install/erc_bringup:/opt/erc_ws/install/tiago_pro_description:/opt/erc_ws/install/tiago_pro_head_description:/opt/erc_ws/install/tiago_pro_controller_configuration:/opt/erc_ws/install/tiago_pro_head_controller_configuration:/opt/erc_ws/install/sensors:/opt/erc_ws/install/pal_sea_arm:/opt/erc_ws/install/pal_sea_arm_bringup:/opt/erc_ws/install/pal_sea_arm_description:/opt/erc_ws/install/pal_pro_gripper_simulation:/opt/erc_ws/install/pal_pro_gripper_bringup:/opt/erc_ws/install/pal_pro_gripper:/opt/erc_ws/install/pal_pro_gripper_description:/opt/erc_ws/install/pal_gripper_simulation:/opt/erc_ws/install/pal_gripper:/opt/erc_ws/install/pal_gripper_description:/opt/erc_ws/install/omni_base_robot:/opt/erc_ws/install/omni_base_bringup:/opt/erc_ws/install/omni_base_description:/opt/erc_ws/install/pal_urdf_utils:/opt/erc_ws/install/pal_sea_arm_controller_configuration:/opt/erc_ws/install/pal_pro_gripper_controller_configuration:/opt/erc_ws/install/pal_gripper_controller_configuration:/opt/erc_ws/install/omni_base_controller_configuration:/opt/erc_ws/install/gz_ros2_control:/opt/erc_ws/install/erc_solution:/opt/erc_ws/install/erc_description:/opt/ros/humble CMAKE_PREFIX_PATH=/opt/erc_ws/install/tiago_pro_description:/opt/erc_ws/install/tiago_pro_bringup:/opt/erc_ws/install/tiago_pro_head_bringup:/opt/erc_ws/install/tiago_pro_controller_configuration:/opt/erc_ws/install/pal_sea_arm_description:/opt/erc_ws/install/tiago_pro_head_description:/opt/erc_ws/install/pal_sea_arm_controller_configuration:/opt/erc_ws/install/tiago_pro_head_controller_configuration:/opt/erc_ws/install/pal_pro_gripper_description:/opt/erc_ws/install/pal_pro_gripper_controller_configuration:/opt/erc_ws/install/omni_base_description:/opt/erc_ws/install/pal_urdf_utils:/opt/erc_ws/install/omni_base_controller_configuration:/opt/erc_ws/install/tiago_pro_robot:/opt/erc_ws/install/tiago_pro_head_robot:/opt/erc_ws/install/erc_bringup:/opt/erc_ws/install/pal_sea_arm:/opt/erc_ws/install/pal_sea_arm_bringup:/opt/erc_ws/install/pal_pro_gripper_simulation:/opt/erc_ws/install/pal_pro_gripper_bringup:/opt/erc_ws/install/pal_pro_gripper:/opt/erc_ws/install/pal_gripper_simulation:/opt/erc_ws/install/pal_gripper:/opt/erc_ws/install/pal_gripper_description:/opt/erc_ws/install/omni_base_robot:/opt/erc_ws/install/omni_base_bringup:/opt/erc_ws/install/pal_gripper_controller_configuration:/opt/erc_ws/install/gz_ros2_control:/opt/erc_ws/install/erc_description:/opt/erc_ws/install/sensors:/opt/erc_ws/install/pal_pro_gripper_wrapper:/opt/erc_ws/install/launch_pal:/opt/erc_ws/install/erc_solution:/opt/ros/humble PYTHONPATH=/opt/erc_ws/build/pal_pro_gripper_wrapper:/opt/erc_ws/install/pal_pro_gripper_wrapper/lib/python3.10/site-packages:/opt/erc_ws/build/launch_pal:/opt/erc_ws/install/launch_pal/lib/python3.10/site-packages:/opt/erc_ws/install/tiago_pro_description/local/lib/python3.10/dist-packages:/opt/erc_ws/install/tiago_pro_head_description/local/lib/python3.10/dist-packages:/opt/erc_ws/build/sensors:/opt/erc_ws/install/sensors/lib/python3.10/site-packages:/opt/erc_ws/install/pal_sea_arm_description/local/lib/python3.10/dist-packages:/opt/erc_ws/install/pal_pro_gripper_description/local/lib/python3.10/dist-packages:/opt/erc_ws/install/omni_base_description/local/lib/python3.10/dist-packages:/opt/erc_ws/build/erc_solution:/opt/erc_ws/install/erc_solution/lib/python3.10/site-packages:/opt/ros/humble/lib/python3.10/site-packages:/opt/ros/humble/local/lib/python3.10/dist-packages /usr/bin/cmake --install /opt/erc_ws/build/tiago_pro_robot
[4.753s] Level 1:colcon.colcon_core.environment:create_environment_scripts_only(tiago_pro_robot)
[4.753s] DEBUG:colcon.colcon_core.event_handler.log_command:Invoked command in '/opt/erc_ws/build/tiago_pro_robot' returned '0': AMENT_PREFIX_PATH=/opt/erc_ws/install/pal_pro_gripper_wrapper:/opt/erc_ws/install/launch_pal:/opt/erc_ws/install/tiago_pro_robot:/opt/erc_ws/install/tiago_pro_head_robot:/opt/erc_ws/install/tiago_pro_bringup:/opt/erc_ws/install/tiago_pro_head_bringup:/opt/erc_ws/install/erc_bringup:/opt/erc_ws/install/tiago_pro_description:/opt/erc_ws/install/tiago_pro_head_description:/opt/erc_ws/install/tiago_pro_controller_configuration:/opt/erc_ws/install/tiago_pro_head_controller_configuration:/opt/erc_ws/install/sensors:/opt/erc_ws/install/pal_sea_arm:/opt/erc_ws/install/pal_sea_arm_bringup:/opt/erc_ws/install/pal_sea_arm_description:/opt/erc_ws/install/pal_pro_gripper_simulation:/opt/erc_ws/install/pal_pro_gripper_bringup:/opt/erc_ws/install/pal_pro_gripper:/opt/erc_ws/install/pal_pro_gripper_description:/opt/erc_ws/install/pal_gripper_simulation:/opt/erc_ws/install/pal_gripper:/opt/erc_ws/install/pal_gripper_description:/opt/erc_ws/install/omni_base_robot:/opt/erc_ws/install/omni_base_bringup:/opt/erc_ws/install/omni_base_description:/opt/erc_ws/install/pal_urdf_utils:/opt/erc_ws/install/pal_sea_arm_controller_configuration:/opt/erc_ws/install/pal_pro_gripper_controller_configuration:/opt/erc_ws/install/pal_gripper_controller_configuration:/opt/erc_ws/install/omni_base_controller_configuration:/opt/erc_ws/install/gz_ros2_control:/opt/erc_ws/install/erc_solution:/opt/erc_ws/install/erc_description:/opt/ros/humble CMAKE_PREFIX_PATH=/opt/erc_ws/install/tiago_pro_description:/opt/erc_ws/install/tiago_pro_bringup:/opt/erc_ws/install/tiago_pro_head_bringup:/opt/erc_ws/install/tiago_pro_controller_configuration:/opt/erc_ws/install/pal_sea_arm_description:/opt/erc_ws/install/tiago_pro_head_description:/opt/erc_ws/install/pal_sea_arm_controller_configuration:/opt/erc_ws/install/tiago_pro_head_controller_configuration:/opt/erc_ws/install/pal_pro_gripper_description:/opt/erc_ws/install/pal_pro_gripper_controller_configuration:/opt/erc_ws/install/omni_base_description:/opt/erc_ws/install/pal_urdf_utils:/opt/erc_ws/install/omni_base_controller_configuration:/opt/erc_ws/install/tiago_pro_robot:/opt/erc_ws/install/tiago_pro_head_robot:/opt/erc_ws/install/erc_bringup:/opt/erc_ws/install/pal_sea_arm:/opt/erc_ws/install/pal_sea_arm_bringup:/opt/erc_ws/install/pal_pro_gripper_simulation:/opt/erc_ws/install/pal_pro_gripper_bringup:/opt/erc_ws/install/pal_pro_gripper:/opt/erc_ws/install/pal_gripper_simulation:/opt/erc_ws/install/pal_gripper:/opt/erc_ws/install/pal_gripper_description:/opt/erc_ws/install/omni_base_robot:/opt/erc_ws/install/omni_base_bringup:/opt/erc_ws/install/pal_gripper_controller_configuration:/opt/erc_ws/install/gz_ros2_control:/opt/erc_ws/install/erc_description:/opt/erc_ws/install/sensors:/opt/erc_ws/install/pal_pro_gripper_wrapper:/opt/erc_ws/install/launch_pal:/opt/erc_ws/install/erc_solution:/opt/ros/humble PYTHONPATH=/opt/erc_ws/build/pal_pro_gripper_wrapper:/opt/erc_ws/install/pal_pro_gripper_wrapper/lib/python3.10/site-packages:/opt/erc_ws/build/launch_pal:/opt/erc_ws/install/launch_pal/lib/python3.10/site-packages:/opt/erc_ws/install/tiago_pro_description/local/lib/python3.10/dist-packages:/opt/erc_ws/install/tiago_pro_head_description/local/lib/python3.10/dist-packages:/opt/erc_ws/build/sensors:/opt/erc_ws/install/sensors/lib/python3.10/site-packages:/opt/erc_ws/install/pal_sea_arm_description/local/lib/python3.10/dist-packages:/opt/erc_ws/install/pal_pro_gripper_description/local/lib/python3.10/dist-packages:/opt/erc_ws/install/omni_base_description/local/lib/python3.10/dist-packages:/opt/erc_ws/build/erc_solution:/opt/erc_ws/install/erc_solution/lib/python3.10/site-packages:/opt/ros/humble/lib/python3.10/site-packages:/opt/ros/humble/local/lib/python3.10/dist-packages /usr/bin/cmake --install /opt/erc_ws/build/tiago_pro_robot
[4.754s] Level 1:colcon.colcon_core.environment:checking '/opt/erc_ws/install/tiago_pro_robot' for CMake module files
[4.755s] Level 1:colcon.colcon_core.environment:checking '/opt/erc_ws/install/tiago_pro_robot' for CMake config files
[4.755s] Level 1:colcon.colcon_core.shell:create_environment_hook('tiago_pro_robot', 'cmake_prefix_path')
[4.756s] INFO:colcon.colcon_core.shell:Creating environment hook '/opt/erc_ws/install/tiago_pro_robot/share/tiago_pro_robot/hook/cmake_prefix_path.ps1'
[4.757s] INFO:colcon.colcon_core.shell:Creating environment descriptor '/opt/erc_ws/install/tiago_pro_robot/share/tiago_pro_robot/hook/cmake_prefix_path.dsv'
[4.758s] INFO:colcon.colcon_core.shell:Creating environment hook '/opt/erc_ws/install/tiago_pro_robot/share/tiago_pro_robot/hook/cmake_prefix_path.sh'
[4.759s] Level 1:colcon.colcon_core.environment:checking '/opt/erc_ws/install/tiago_pro_robot/bin'
[4.759s] Level 1:colcon.colcon_core.environment:checking '/opt/erc_ws/install/tiago_pro_robot/lib/pkgconfig/tiago_pro_robot.pc'
[4.759s] Level 1:colcon.colcon_core.environment:checking '/opt/erc_ws/install/tiago_pro_robot/lib/python3.10/site-packages'
[4.759s] Level 1:colcon.colcon_core.environment:checking '/opt/erc_ws/install/tiago_pro_robot/bin'
[4.760s] INFO:colcon.colcon_core.shell:Creating package script '/opt/erc_ws/install/tiago_pro_robot/share/tiago_pro_robot/package.ps1'
[4.760s] INFO:colcon.colcon_core.shell:Creating package descriptor '/opt/erc_ws/install/tiago_pro_robot/share/tiago_pro_robot/package.dsv'
[4.761s] INFO:colcon.colcon_core.shell:Creating package script '/opt/erc_ws/install/tiago_pro_robot/share/tiago_pro_robot/package.sh'
[4.761s] INFO:colcon.colcon_core.shell:Creating package script '/opt/erc_ws/install/tiago_pro_robot/share/tiago_pro_robot/package.bash'
[4.761s] INFO:colcon.colcon_core.shell:Creating package script '/opt/erc_ws/install/tiago_pro_robot/share/tiago_pro_robot/package.zsh'
[4.762s] Level 1:colcon.colcon_core.environment:create_file_with_runtime_dependencies(/opt/erc_ws/install/tiago_pro_robot/share/colcon-core/packages/tiago_pro_robot)
[4.762s] Level 1:colcon.colcon_core.environment:create_environment_scripts_only(tiago_pro_robot)
[4.762s] Level 1:colcon.colcon_core.environment:checking '/opt/erc_ws/install/tiago_pro_robot' for CMake module files
[4.763s] Level 1:colcon.colcon_core.environment:checking '/opt/erc_ws/install/tiago_pro_robot' for CMake config files
[4.763s] Level 1:colcon.colcon_core.shell:create_environment_hook('tiago_pro_robot', 'cmake_prefix_path')
[4.763s] INFO:colcon.colcon_core.shell:Creating environment hook '/opt/erc_ws/install/tiago_pro_robot/share/tiago_pro_robot/hook/cmake_prefix_path.ps1'
[4.763s] INFO:colcon.colcon_core.shell:Creating environment descriptor '/opt/erc_ws/install/tiago_pro_robot/share/tiago_pro_robot/hook/cmake_prefix_path.dsv'
[4.764s] INFO:colcon.colcon_core.shell:Creating environment hook '/opt/erc_ws/install/tiago_pro_robot/share/tiago_pro_robot/hook/cmake_prefix_path.sh'
[4.764s] Level 1:colcon.colcon_core.environment:checking '/opt/erc_ws/install/tiago_pro_robot/bin'
[4.765s] Level 1:colcon.colcon_core.environment:checking '/opt/erc_ws/install/tiago_pro_robot/lib/pkgconfig/tiago_pro_robot.pc'
[4.765s] Level 1:colcon.colcon_core.environment:checking '/opt/erc_ws/install/tiago_pro_robot/lib/python3.10/site-packages'
[4.765s] Level 1:colcon.colcon_core.environment:checking '/opt/erc_ws/install/tiago_pro_robot/bin'
[4.765s] INFO:colcon.colcon_core.shell:Creating package script '/opt/erc_ws/install/tiago_pro_robot/share/tiago_pro_robot/package.ps1'
[4.766s] INFO:colcon.colcon_core.shell:Creating package descriptor '/opt/erc_ws/install/tiago_pro_robot/share/tiago_pro_robot/package.dsv'
[4.767s] INFO:colcon.colcon_core.shell:Creating package script '/opt/erc_ws/install/tiago_pro_robot/share/tiago_pro_robot/package.sh'
[4.767s] INFO:colcon.colcon_core.shell:Creating package script '/opt/erc_ws/install/tiago_pro_robot/share/tiago_pro_robot/package.bash'
[4.768s] INFO:colcon.colcon_core.shell:Creating package script '/opt/erc_ws/install/tiago_pro_robot/share/tiago_pro_robot/package.zsh'
[4.768s] Level 1:colcon.colcon_core.environment:create_file_with_runtime_dependencies(/opt/erc_ws/install/tiago_pro_robot/share/colcon-core/packages/tiago_pro_robot)
[4.768s] DEBUG:colcon.colcon_parallel_executor.executor.parallel:closing loop
[4.769s] DEBUG:colcon.colcon_parallel_executor.executor.parallel:loop closed
[4.769s] DEBUG:colcon.colcon_parallel_executor.executor.parallel:run_until_complete finished with '0'
[4.770s] DEBUG:colcon.colcon_core.event_reactor:joining thread
[4.779s] INFO:colcon.colcon_core.plugin_system:Skipping extension 'colcon_notification.desktop_notification.notify_send': Could not find 'notify-send'
[4.779s] INFO:colcon.colcon_core.plugin_system:Skipping extension 'colcon_notification.desktop_notification.terminal_notifier': Not used on non-Darwin systems
[4.779s] INFO:colcon.colcon_core.plugin_system:Skipping extension 'colcon_notification.desktop_notification.win32': Not used on non-Windows systems
[4.779s] INFO:colcon.colcon_notification.desktop_notification:Sending desktop notification using 'notify2'
[4.782s] DEBUG:colcon.colcon_notification.desktop_notification.notify2:Failed to initialize notify2: org.freedesktop.DBus.Error.Spawn.ExecFailed: /usr/bin/dbus-launch terminated abnormally without any error message
[4.783s] DEBUG:colcon.colcon_core.event_reactor:joined thread
[4.784s] INFO:colcon.colcon_core.shell:Creating prefix script '/opt/erc_ws/install/local_setup.ps1'
[4.786s] INFO:colcon.colcon_core.shell:Creating prefix util module '/opt/erc_ws/install/_local_setup_util_ps1.py'
[4.787s] INFO:colcon.colcon_core.shell:Creating prefix chain script '/opt/erc_ws/install/setup.ps1'
[4.789s] INFO:colcon.colcon_core.shell:Creating prefix script '/opt/erc_ws/install/local_setup.sh'
[4.790s] INFO:colcon.colcon_core.shell:Creating prefix util module '/opt/erc_ws/install/_local_setup_util_sh.py'
[4.791s] INFO:colcon.colcon_core.shell:Creating prefix chain script '/opt/erc_ws/install/setup.sh'
[4.792s] INFO:colcon.colcon_core.shell:Creating prefix script '/opt/erc_ws/install/local_setup.bash'
[4.793s] INFO:colcon.colcon_core.shell:Creating prefix chain script '/opt/erc_ws/install/setup.bash'
[4.796s] INFO:colcon.colcon_core.shell:Creating prefix script '/opt/erc_ws/install/local_setup.zsh'
[4.796s] INFO:colcon.colcon_core.shell:Creating prefix chain script '/opt/erc_ws/install/setup.zsh'
