[0.194s] DEBUG:colcon:Command line arguments: ['/usr/bin/colcon', 'build', '--symlink-install']
[0.194s] DEBUG:colcon:Parsed command line arguments: Namespace(log_base=None, log_level=None, verb_name='build', build_base='build', install_base='install', merge_install=False, symlink_install=True, test_result_base=None, continue_on_error=False, executor='parallel', parallel_workers=16, event_handlers=None, ignore_user_meta=False, metas=['./colcon.meta'], base_paths=['.'], packages_ignore=None, packages_ignore_regex=None, paths=None, packages_up_to=None, packages_up_to_regex=None, packages_above=None, packages_above_and_dependencies=None, packages_above_depth=None, packages_select_by_dep=None, packages_skip_by_dep=None, packages_skip_up_to=None, packages_select_build_failed=False, packages_skip_build_finished=False, packages_select_test_failures=False, packages_skip_test_passed=False, packages_select=None, packages_skip=None, packages_select_regex=None, packages_skip_regex=None, packages_start=None, packages_end=None, cmake_args=None, cmake_target=None, cmake_target_skip_unavailable=False, cmake_clean_cache=False, cmake_clean_first=False, cmake_force_configure=False, ament_cmake_args=None, catkin_cmake_args=None, catkin_skip_building_tests=False, mixin_files=None, mixin=None, verb_parser=<colcon_mixin.mixin.mixin_argument.MixinArgumentDecorator object at 0x7c5da325ed40>, verb_extension=<colcon_core.verb.build.BuildVerb object at 0x7c5da336bfa0>, main=<bound method BuildVerb.main of <colcon_core.verb.build.BuildVerb object at 0x7c5da336bfa0>>, mixin_verb=('build',))
[0.435s] Level 1:colcon.colcon_core.package_discovery:discover_packages(colcon_meta) check parameters
[0.436s] INFO:colcon.colcon_metadata.package_discovery.colcon_meta:Using configuration from '/root/.colcon/metadata/default/Gazebo.meta'
[0.436s] INFO:colcon.colcon_metadata.package_discovery.colcon_meta:Using configuration from '/root/.colcon/metadata/default/fastdds.meta'
[0.437s] INFO:colcon.colcon_metadata.package_discovery.colcon_meta:Using configuration from '/root/.colcon/metadata/default/fastrtps.meta'
[0.437s] Level 1:colcon.colcon_core.package_discovery:discover_packages(recursive) check parameters
[0.437s] Level 1:colcon.colcon_core.package_discovery:discover_packages(ignore) check parameters
[0.437s] Level 1:colcon.colcon_core.package_discovery:discover_packages(path) check parameters
[0.437s] Level 1:colcon.colcon_core.package_discovery:discover_packages(colcon_meta) discover
[0.437s] Level 1:colcon.colcon_core.package_discovery:discover_packages(recursive) discover
[0.437s] INFO:colcon.colcon_core.package_discovery:Crawling recursively for packages in '/opt/erc_ws'
[0.438s] Level 1:colcon.colcon_core.package_identification:_identify(.) by extensions ['ignore', 'ignore_ament_install']
[0.438s] Level 1:colcon.colcon_core.package_identification:_identify(.) by extension 'ignore'
[0.438s] Level 1:colcon.colcon_core.package_identification:_identify(.) by extension 'ignore_ament_install'
[0.438s] Level 1:colcon.colcon_core.package_identification:_identify(.) by extensions ['colcon_pkg']
[0.438s] Level 1:colcon.colcon_core.package_identification:_identify(.) by extension 'colcon_pkg'
[0.438s] Level 1:colcon.colcon_core.package_identification:_identify(.) by extensions ['colcon_meta']
[0.438s] Level 1:colcon.colcon_core.package_identification:_identify(.) by extension 'colcon_meta'
[0.438s] Level 1:colcon.colcon_core.package_identification:_identify(.) by extensions ['ros']
[0.438s] Level 1:colcon.colcon_core.package_identification:_identify(.) by extension 'ros'
[0.454s] Level 1:colcon.colcon_core.package_identification:_identify(.) by extensions ['cmake', 'python']
[0.454s] Level 1:colcon.colcon_core.package_identification:_identify(.) by extension 'cmake'
[0.455s] Level 1:colcon.colcon_core.package_identification:_identify(.) by extension 'python'
[0.455s] Level 1:colcon.colcon_core.package_identification:_identify(.) by extensions ['python_setup_py']
[0.455s] Level 1:colcon.colcon_core.package_identification:_identify(.) by extension 'python_setup_py'
[0.455s] Level 1:colcon.colcon_core.package_identification:_identify(build) by extensions ['ignore', 'ignore_ament_install']
[0.455s] Level 1:colcon.colcon_core.package_identification:_identify(build) by extension 'ignore'
[0.455s] Level 1:colcon.colcon_core.package_identification:_identify(build) ignored
[0.458s] Level 1:colcon.colcon_core.package_identification:_identify(erc_images) by extensions ['ignore', 'ignore_ament_install']
[0.458s] Level 1:colcon.colcon_core.package_identification:_identify(erc_images) by extension 'ignore'
[0.458s] Level 1:colcon.colcon_core.package_identification:_identify(erc_images) by extension 'ignore_ament_install'
[0.459s] Level 1:colcon.colcon_core.package_identification:_identify(erc_images) by extensions ['colcon_pkg']
[0.459s] Level 1:colcon.colcon_core.package_identification:_identify(erc_images) by extension 'colcon_pkg'
[0.459s] Level 1:colcon.colcon_core.package_identification:_identify(erc_images) by extensions ['colcon_meta']
[0.459s] Level 1:colcon.colcon_core.package_identification:_identify(erc_images) by extension 'colcon_meta'
[0.459s] Level 1:colcon.colcon_core.package_identification:_identify(erc_images) by extensions ['ros']
[0.459s] Level 1:colcon.colcon_core.package_identification:_identify(erc_images) by extension 'ros'
[0.459s] Level 1:colcon.colcon_core.package_identification:_identify(erc_images) by extensions ['cmake', 'python']
[0.459s] Level 1:colcon.colcon_core.package_identification:_identify(erc_images) by extension 'cmake'
[0.459s] Level 1:colcon.colcon_core.package_identification:_identify(erc_images) by extension 'python'
[0.459s] Level 1:colcon.colcon_core.package_identification:_identify(erc_images) by extensions ['python_setup_py']
[0.459s] Level 1:colcon.colcon_core.package_identification:_identify(erc_images) by extension 'python_setup_py'
[0.459s] Level 1:colcon.colcon_core.package_identification:_identify(install) by extensions ['ignore', 'ignore_ament_install']
[0.460s] Level 1:colcon.colcon_core.package_identification:_identify(install) by extension 'ignore'
[0.460s] Level 1:colcon.colcon_core.package_identification:_identify(install) ignored
[0.460s] Level 1:colcon.colcon_core.package_identification:_identify(log) by extensions ['ignore', 'ignore_ament_install']
[0.460s] Level 1:colcon.colcon_core.package_identification:_identify(log) by extension 'ignore'
[0.460s] Level 1:colcon.colcon_core.package_identification:_identify(log) ignored
[0.460s] Level 1:colcon.colcon_core.package_identification:_identify(src) by extensions ['ignore', 'ignore_ament_install']
[0.460s] Level 1:colcon.colcon_core.package_identification:_identify(src) by extension 'ignore'
[0.460s] Level 1:colcon.colcon_core.package_identification:_identify(src) by extension 'ignore_ament_install'
[0.461s] Level 1:colcon.colcon_core.package_identification:_identify(src) by extensions ['colcon_pkg']
[0.461s] Level 1:colcon.colcon_core.package_identification:_identify(src) by extension 'colcon_pkg'
[0.461s] Level 1:colcon.colcon_core.package_identification:_identify(src) by extensions ['colcon_meta']
[0.461s] Level 1:colcon.colcon_core.package_identification:_identify(src) by extension 'colcon_meta'
[0.461s] Level 1:colcon.colcon_core.package_identification:_identify(src) by extensions ['ros']
[0.461s] Level 1:colcon.colcon_core.package_identification:_identify(src) by extension 'ros'
[0.461s] Level 1:colcon.colcon_core.package_identification:_identify(src) by extensions ['cmake', 'python']
[0.461s] Level 1:colcon.colcon_core.package_identification:_identify(src) by extension 'cmake'
[0.461s] Level 1:colcon.colcon_core.package_identification:_identify(src) by extension 'python'
[0.461s] Level 1:colcon.colcon_core.package_identification:_identify(src) by extensions ['python_setup_py']
[0.461s] Level 1:colcon.colcon_core.package_identification:_identify(src) by extension 'python_setup_py'
[0.461s] Level 1:colcon.colcon_core.package_identification:_identify(src/erc_bringup) by extensions ['ignore', 'ignore_ament_install']
[0.462s] Level 1:colcon.colcon_core.package_identification:_identify(src/erc_bringup) by extension 'ignore'
[0.462s] Level 1:colcon.colcon_core.package_identification:_identify(src/erc_bringup) by extension 'ignore_ament_install'
[0.462s] Level 1:colcon.colcon_core.package_identification:_identify(src/erc_bringup) by extensions ['colcon_pkg']
[0.462s] Level 1:colcon.colcon_core.package_identification:_identify(src/erc_bringup) by extension 'colcon_pkg'
[0.462s] Level 1:colcon.colcon_core.package_identification:_identify(src/erc_bringup) by extensions ['colcon_meta']
[0.462s] Level 1:colcon.colcon_core.package_identification:_identify(src/erc_bringup) by extension 'colcon_meta'
[0.462s] Level 1:colcon.colcon_core.package_identification:_identify(src/erc_bringup) by extensions ['ros']
[0.462s] Level 1:colcon.colcon_core.package_identification:_identify(src/erc_bringup) by extension 'ros'
[0.466s] DEBUG:colcon.colcon_core.package_identification:Package 'src/erc_bringup' with type 'ros.ament_cmake' and name 'erc_bringup'
[0.466s] Level 1:colcon.colcon_core.package_identification:_identify(src/erc_description) by extensions ['ignore', 'ignore_ament_install']
[0.466s] Level 1:colcon.colcon_core.package_identification:_identify(src/erc_description) by extension 'ignore'
[0.466s] Level 1:colcon.colcon_core.package_identification:_identify(src/erc_description) by extension 'ignore_ament_install'
[0.466s] Level 1:colcon.colcon_core.package_identification:_identify(src/erc_description) by extensions ['colcon_pkg']
[0.466s] Level 1:colcon.colcon_core.package_identification:_identify(src/erc_description) by extension 'colcon_pkg'
[0.466s] Level 1:colcon.colcon_core.package_identification:_identify(src/erc_description) by extensions ['colcon_meta']
[0.466s] Level 1:colcon.colcon_core.package_identification:_identify(src/erc_description) by extension 'colcon_meta'
[0.467s] Level 1:colcon.colcon_core.package_identification:_identify(src/erc_description) by extensions ['ros']
[0.467s] Level 1:colcon.colcon_core.package_identification:_identify(src/erc_description) by extension 'ros'
[0.467s] DEBUG:colcon.colcon_core.package_identification:Package 'src/erc_description' with type 'ros.ament_cmake' and name 'erc_description'
[0.467s] Level 1:colcon.colcon_core.package_identification:_identify(src/erc_solution) by extensions ['ignore', 'ignore_ament_install']
[0.468s] Level 1:colcon.colcon_core.package_identification:_identify(src/erc_solution) by extension 'ignore'
[0.468s] Level 1:colcon.colcon_core.package_identification:_identify(src/erc_solution) by extension 'ignore_ament_install'
[0.468s] Level 1:colcon.colcon_core.package_identification:_identify(src/erc_solution) by extensions ['colcon_pkg']
[0.468s] Level 1:colcon.colcon_core.package_identification:_identify(src/erc_solution) by extension 'colcon_pkg'
[0.468s] Level 1:colcon.colcon_core.package_identification:_identify(src/erc_solution) by extensions ['colcon_meta']
[0.468s] Level 1:colcon.colcon_core.package_identification:_identify(src/erc_solution) by extension 'colcon_meta'
[0.468s] Level 1:colcon.colcon_core.package_identification:_identify(src/erc_solution) by extensions ['ros']
[0.468s] Level 1:colcon.colcon_core.package_identification:_identify(src/erc_solution) by extension 'ros'
[0.469s] DEBUG:colcon.colcon_core.package_identification:Package 'src/erc_solution' with type 'ros.ament_python' and name 'erc_solution'
[0.469s] Level 1:colcon.colcon_core.package_identification:_identify(src/gz_ros2_control) by extensions ['ignore', 'ignore_ament_install']
[0.469s] Level 1:colcon.colcon_core.package_identification:_identify(src/gz_ros2_control) by extension 'ignore'
[0.469s] Level 1:colcon.colcon_core.package_identification:_identify(src/gz_ros2_control) by extension 'ignore_ament_install'
[0.469s] Level 1:colcon.colcon_core.package_identification:_identify(src/gz_ros2_control) by extensions ['colcon_pkg']
[0.469s] Level 1:colcon.colcon_core.package_identification:_identify(src/gz_ros2_control) by extension 'colcon_pkg'
[0.469s] Level 1:colcon.colcon_core.package_identification:_identify(src/gz_ros2_control) by extensions ['colcon_meta']
[0.469s] Level 1:colcon.colcon_core.package_identification:_identify(src/gz_ros2_control) by extension 'colcon_meta'
[0.469s] Level 1:colcon.colcon_core.package_identification:_identify(src/gz_ros2_control) by extensions ['ros']
[0.469s] Level 1:colcon.colcon_core.package_identification:_identify(src/gz_ros2_control) by extension 'ros'
[0.470s] Level 1:colcon.colcon_core.package_identification:_identify(src/gz_ros2_control) by extensions ['cmake', 'python']
[0.470s] Level 1:colcon.colcon_core.package_identification:_identify(src/gz_ros2_control) by extension 'cmake'
[0.470s] Level 1:colcon.colcon_core.package_identification:_identify(src/gz_ros2_control) by extension 'python'
[0.470s] Level 1:colcon.colcon_core.package_identification:_identify(src/gz_ros2_control) by extensions ['python_setup_py']
[0.470s] Level 1:colcon.colcon_core.package_identification:_identify(src/gz_ros2_control) by extension 'python_setup_py'
[0.470s] Level 1:colcon.colcon_core.package_identification:_identify(src/gz_ros2_control/Dockerfile) by extensions ['ignore', 'ignore_ament_install']
[0.470s] Level 1:colcon.colcon_core.package_identification:_identify(src/gz_ros2_control/Dockerfile) by extension 'ignore'
[0.470s] Level 1:colcon.colcon_core.package_identification:_identify(src/gz_ros2_control/Dockerfile) by extension 'ignore_ament_install'
[0.470s] Level 1:colcon.colcon_core.package_identification:_identify(src/gz_ros2_control/Dockerfile) by extensions ['colcon_pkg']
[0.470s] Level 1:colcon.colcon_core.package_identification:_identify(src/gz_ros2_control/Dockerfile) by extension 'colcon_pkg'
[0.471s] Level 1:colcon.colcon_core.package_identification:_identify(src/gz_ros2_control/Dockerfile) by extensions ['colcon_meta']
[0.471s] Level 1:colcon.colcon_core.package_identification:_identify(src/gz_ros2_control/Dockerfile) by extension 'colcon_meta'
[0.471s] Level 1:colcon.colcon_core.package_identification:_identify(src/gz_ros2_control/Dockerfile) by extensions ['ros']
[0.471s] Level 1:colcon.colcon_core.package_identification:_identify(src/gz_ros2_control/Dockerfile) by extension 'ros'
[0.471s] Level 1:colcon.colcon_core.package_identification:_identify(src/gz_ros2_control/Dockerfile) by extensions ['cmake', 'python']
[0.471s] Level 1:colcon.colcon_core.package_identification:_identify(src/gz_ros2_control/Dockerfile) by extension 'cmake'
[0.471s] Level 1:colcon.colcon_core.package_identification:_identify(src/gz_ros2_control/Dockerfile) by extension 'python'
[0.471s] Level 1:colcon.colcon_core.package_identification:_identify(src/gz_ros2_control/Dockerfile) by extensions ['python_setup_py']
[0.471s] Level 1:colcon.colcon_core.package_identification:_identify(src/gz_ros2_control/Dockerfile) by extension 'python_setup_py'
[0.471s] Level 1:colcon.colcon_core.package_identification:_identify(src/gz_ros2_control/doc) by extensions ['ignore', 'ignore_ament_install']
[0.471s] Level 1:colcon.colcon_core.package_identification:_identify(src/gz_ros2_control/doc) by extension 'ignore'
[0.471s] Level 1:colcon.colcon_core.package_identification:_identify(src/gz_ros2_control/doc) by extension 'ignore_ament_install'
[0.471s] Level 1:colcon.colcon_core.package_identification:_identify(src/gz_ros2_control/doc) by extensions ['colcon_pkg']
[0.471s] Level 1:colcon.colcon_core.package_identification:_identify(src/gz_ros2_control/doc) by extension 'colcon_pkg'
[0.471s] Level 1:colcon.colcon_core.package_identification:_identify(src/gz_ros2_control/doc) by extensions ['colcon_meta']
[0.471s] Level 1:colcon.colcon_core.package_identification:_identify(src/gz_ros2_control/doc) by extension 'colcon_meta'
[0.471s] Level 1:colcon.colcon_core.package_identification:_identify(src/gz_ros2_control/doc) by extensions ['ros']
[0.472s] Level 1:colcon.colcon_core.package_identification:_identify(src/gz_ros2_control/doc) by extension 'ros'
[0.472s] Level 1:colcon.colcon_core.package_identification:_identify(src/gz_ros2_control/doc) by extensions ['cmake', 'python']
[0.472s] Level 1:colcon.colcon_core.package_identification:_identify(src/gz_ros2_control/doc) by extension 'cmake'
[0.472s] Level 1:colcon.colcon_core.package_identification:_identify(src/gz_ros2_control/doc) by extension 'python'
[0.472s] Level 1:colcon.colcon_core.package_identification:_identify(src/gz_ros2_control/doc) by extensions ['python_setup_py']
[0.472s] Level 1:colcon.colcon_core.package_identification:_identify(src/gz_ros2_control/doc) by extension 'python_setup_py'
[0.472s] Level 1:colcon.colcon_core.package_identification:_identify(src/gz_ros2_control/doc/img) by extensions ['ignore', 'ignore_ament_install']
[0.472s] Level 1:colcon.colcon_core.package_identification:_identify(src/gz_ros2_control/doc/img) by extension 'ignore'
[0.472s] Level 1:colcon.colcon_core.package_identification:_identify(src/gz_ros2_control/doc/img) by extension 'ignore_ament_install'
[0.472s] Level 1:colcon.colcon_core.package_identification:_identify(src/gz_ros2_control/doc/img) by extensions ['colcon_pkg']
[0.472s] Level 1:colcon.colcon_core.package_identification:_identify(src/gz_ros2_control/doc/img) by extension 'colcon_pkg'
[0.472s] Level 1:colcon.colcon_core.package_identification:_identify(src/gz_ros2_control/doc/img) by extensions ['colcon_meta']
[0.472s] Level 1:colcon.colcon_core.package_identification:_identify(src/gz_ros2_control/doc/img) by extension 'colcon_meta'
[0.472s] Level 1:colcon.colcon_core.package_identification:_identify(src/gz_ros2_control/doc/img) by extensions ['ros']
[0.472s] Level 1:colcon.colcon_core.package_identification:_identify(src/gz_ros2_control/doc/img) by extension 'ros'
[0.472s] Level 1:colcon.colcon_core.package_identification:_identify(src/gz_ros2_control/doc/img) by extensions ['cmake', 'python']
[0.472s] Level 1:colcon.colcon_core.package_identification:_identify(src/gz_ros2_control/doc/img) by extension 'cmake'
[0.472s] Level 1:colcon.colcon_core.package_identification:_identify(src/gz_ros2_control/doc/img) by extension 'python'
[0.472s] Level 1:colcon.colcon_core.package_identification:_identify(src/gz_ros2_control/doc/img) by extensions ['python_setup_py']
[0.472s] Level 1:colcon.colcon_core.package_identification:_identify(src/gz_ros2_control/doc/img) by extension 'python_setup_py'
[0.473s] Level 1:colcon.colcon_core.package_identification:_identify(src/gz_ros2_control/gz_ros2_control) by extensions ['ignore', 'ignore_ament_install']
[0.473s] Level 1:colcon.colcon_core.package_identification:_identify(src/gz_ros2_control/gz_ros2_control) by extension 'ignore'
[0.473s] Level 1:colcon.colcon_core.package_identification:_identify(src/gz_ros2_control/gz_ros2_control) by extension 'ignore_ament_install'
[0.473s] Level 1:colcon.colcon_core.package_identification:_identify(src/gz_ros2_control/gz_ros2_control) by extensions ['colcon_pkg']
[0.473s] Level 1:colcon.colcon_core.package_identification:_identify(src/gz_ros2_control/gz_ros2_control) by extension 'colcon_pkg'
[0.473s] Level 1:colcon.colcon_core.package_identification:_identify(src/gz_ros2_control/gz_ros2_control) by extensions ['colcon_meta']
[0.473s] Level 1:colcon.colcon_core.package_identification:_identify(src/gz_ros2_control/gz_ros2_control) by extension 'colcon_meta'
[0.473s] Level 1:colcon.colcon_core.package_identification:_identify(src/gz_ros2_control/gz_ros2_control) by extensions ['ros']
[0.473s] Level 1:colcon.colcon_core.package_identification:_identify(src/gz_ros2_control/gz_ros2_control) by extension 'ros'
[0.480s] DEBUG:colcon.colcon_core.package_identification:Package 'src/gz_ros2_control/gz_ros2_control' with type 'ros.ament_cmake' and name 'gz_ros2_control'
[0.481s] Level 1:colcon.colcon_core.package_identification:_identify(src/launch_pal) by extensions ['ignore', 'ignore_ament_install']
[0.481s] Level 1:colcon.colcon_core.package_identification:_identify(src/launch_pal) by extension 'ignore'
[0.481s] Level 1:colcon.colcon_core.package_identification:_identify(src/launch_pal) by extension 'ignore_ament_install'
[0.481s] Level 1:colcon.colcon_core.package_identification:_identify(src/launch_pal) by extensions ['colcon_pkg']
[0.481s] Level 1:colcon.colcon_core.package_identification:_identify(src/launch_pal) by extension 'colcon_pkg'
[0.481s] Level 1:colcon.colcon_core.package_identification:_identify(src/launch_pal) by extensions ['colcon_meta']
[0.481s] Level 1:colcon.colcon_core.package_identification:_identify(src/launch_pal) by extension 'colcon_meta'
[0.481s] Level 1:colcon.colcon_core.package_identification:_identify(src/launch_pal) by extensions ['ros']
[0.481s] Level 1:colcon.colcon_core.package_identification:_identify(src/launch_pal) by extension 'ros'
[0.483s] DEBUG:colcon.colcon_core.package_identification:Package 'src/launch_pal' with type 'ros.ament_python' and name 'launch_pal'
[0.483s] Level 1:colcon.colcon_core.package_identification:_identify(src/omni_base_robot) by extensions ['ignore', 'ignore_ament_install']
[0.483s] Level 1:colcon.colcon_core.package_identification:_identify(src/omni_base_robot) by extension 'ignore'
[0.483s] Level 1:colcon.colcon_core.package_identification:_identify(src/omni_base_robot) by extension 'ignore_ament_install'
[0.484s] Level 1:colcon.colcon_core.package_identification:_identify(src/omni_base_robot) by extensions ['colcon_pkg']
[0.484s] Level 1:colcon.colcon_core.package_identification:_identify(src/omni_base_robot) by extension 'colcon_pkg'
[0.484s] Level 1:colcon.colcon_core.package_identification:_identify(src/omni_base_robot) by extensions ['colcon_meta']
[0.484s] Level 1:colcon.colcon_core.package_identification:_identify(src/omni_base_robot) by extension 'colcon_meta'
[0.484s] Level 1:colcon.colcon_core.package_identification:_identify(src/omni_base_robot) by extensions ['ros']
[0.484s] Level 1:colcon.colcon_core.package_identification:_identify(src/omni_base_robot) by extension 'ros'
[0.484s] Level 1:colcon.colcon_core.package_identification:_identify(src/omni_base_robot) by extensions ['cmake', 'python']
[0.484s] Level 1:colcon.colcon_core.package_identification:_identify(src/omni_base_robot) by extension 'cmake'
[0.484s] Level 1:colcon.colcon_core.package_identification:_identify(src/omni_base_robot) by extension 'python'
[0.484s] Level 1:colcon.colcon_core.package_identification:_identify(src/omni_base_robot) by extensions ['python_setup_py']
[0.484s] Level 1:colcon.colcon_core.package_identification:_identify(src/omni_base_robot) by extension 'python_setup_py'
[0.484s] Level 1:colcon.colcon_core.package_identification:_identify(src/omni_base_robot/omni_base_bringup) by extensions ['ignore', 'ignore_ament_install']
[0.484s] Level 1:colcon.colcon_core.package_identification:_identify(src/omni_base_robot/omni_base_bringup) by extension 'ignore'
[0.484s] Level 1:colcon.colcon_core.package_identification:_identify(src/omni_base_robot/omni_base_bringup) by extension 'ignore_ament_install'
[0.484s] Level 1:colcon.colcon_core.package_identification:_identify(src/omni_base_robot/omni_base_bringup) by extensions ['colcon_pkg']
[0.484s] Level 1:colcon.colcon_core.package_identification:_identify(src/omni_base_robot/omni_base_bringup) by extension 'colcon_pkg'
[0.484s] Level 1:colcon.colcon_core.package_identification:_identify(src/omni_base_robot/omni_base_bringup) by extensions ['colcon_meta']
[0.484s] Level 1:colcon.colcon_core.package_identification:_identify(src/omni_base_robot/omni_base_bringup) by extension 'colcon_meta'
[0.484s] Level 1:colcon.colcon_core.package_identification:_identify(src/omni_base_robot/omni_base_bringup) by extensions ['ros']
[0.484s] Level 1:colcon.colcon_core.package_identification:_identify(src/omni_base_robot/omni_base_bringup) by extension 'ros'
[0.486s] DEBUG:colcon.colcon_core.package_identification:Package 'src/omni_base_robot/omni_base_bringup' with type 'ros.ament_cmake' and name 'omni_base_bringup'
[0.486s] Level 1:colcon.colcon_core.package_identification:_identify(src/omni_base_robot/omni_base_controller_configuration) by extensions ['ignore', 'ignore_ament_install']
[0.486s] Level 1:colcon.colcon_core.package_identification:_identify(src/omni_base_robot/omni_base_controller_configuration) by extension 'ignore'
[0.486s] Level 1:colcon.colcon_core.package_identification:_identify(src/omni_base_robot/omni_base_controller_configuration) by extension 'ignore_ament_install'
[0.486s] Level 1:colcon.colcon_core.package_identification:_identify(src/omni_base_robot/omni_base_controller_configuration) by extensions ['colcon_pkg']
[0.487s] Level 1:colcon.colcon_core.package_identification:_identify(src/omni_base_robot/omni_base_controller_configuration) by extension 'colcon_pkg'
[0.487s] Level 1:colcon.colcon_core.package_identification:_identify(src/omni_base_robot/omni_base_controller_configuration) by extensions ['colcon_meta']
[0.487s] Level 1:colcon.colcon_core.package_identification:_identify(src/omni_base_robot/omni_base_controller_configuration) by extension 'colcon_meta'
[0.487s] Level 1:colcon.colcon_core.package_identification:_identify(src/omni_base_robot/omni_base_controller_configuration) by extensions ['ros']
[0.487s] Level 1:colcon.colcon_core.package_identification:_identify(src/omni_base_robot/omni_base_controller_configuration) by extension 'ros'
[0.489s] DEBUG:colcon.colcon_core.package_identification:Package 'src/omni_base_robot/omni_base_controller_configuration' with type 'ros.ament_cmake' and name 'omni_base_controller_configuration'
[0.489s] Level 1:colcon.colcon_core.package_identification:_identify(src/omni_base_robot/omni_base_description) by extensions ['ignore', 'ignore_ament_install']
[0.489s] Level 1:colcon.colcon_core.package_identification:_identify(src/omni_base_robot/omni_base_description) by extension 'ignore'
[0.489s] Level 1:colcon.colcon_core.package_identification:_identify(src/omni_base_robot/omni_base_description) by extension 'ignore_ament_install'
[0.489s] Level 1:colcon.colcon_core.package_identification:_identify(src/omni_base_robot/omni_base_description) by extensions ['colcon_pkg']
[0.489s] Level 1:colcon.colcon_core.package_identification:_identify(src/omni_base_robot/omni_base_description) by extension 'colcon_pkg'
[0.489s] Level 1:colcon.colcon_core.package_identification:_identify(src/omni_base_robot/omni_base_description) by extensions ['colcon_meta']
[0.489s] Level 1:colcon.colcon_core.package_identification:_identify(src/omni_base_robot/omni_base_description) by extension 'colcon_meta'
[0.489s] Level 1:colcon.colcon_core.package_identification:_identify(src/omni_base_robot/omni_base_description) by extensions ['ros']
[0.489s] Level 1:colcon.colcon_core.package_identification:_identify(src/omni_base_robot/omni_base_description) by extension 'ros'
[0.491s] DEBUG:colcon.colcon_core.package_identification:Package 'src/omni_base_robot/omni_base_description' with type 'ros.ament_cmake' and name 'omni_base_description'
[0.491s] Level 1:colcon.colcon_core.package_identification:_identify(src/omni_base_robot/omni_base_robot) by extensions ['ignore', 'ignore_ament_install']
[0.491s] Level 1:colcon.colcon_core.package_identification:_identify(src/omni_base_robot/omni_base_robot) by extension 'ignore'
[0.491s] Level 1:colcon.colcon_core.package_identification:_identify(src/omni_base_robot/omni_base_robot) by extension 'ignore_ament_install'
[0.491s] Level 1:colcon.colcon_core.package_identification:_identify(src/omni_base_robot/omni_base_robot) by extensions ['colcon_pkg']
[0.491s] Level 1:colcon.colcon_core.package_identification:_identify(src/omni_base_robot/omni_base_robot) by extension 'colcon_pkg'
[0.491s] Level 1:colcon.colcon_core.package_identification:_identify(src/omni_base_robot/omni_base_robot) by extensions ['colcon_meta']
[0.491s] Level 1:colcon.colcon_core.package_identification:_identify(src/omni_base_robot/omni_base_robot) by extension 'colcon_meta'
[0.491s] Level 1:colcon.colcon_core.package_identification:_identify(src/omni_base_robot/omni_base_robot) by extensions ['ros']
[0.491s] Level 1:colcon.colcon_core.package_identification:_identify(src/omni_base_robot/omni_base_robot) by extension 'ros'
[0.504s] DEBUG:colcon.colcon_core.package_identification:Package 'src/omni_base_robot/omni_base_robot' with type 'ros.ament_cmake' and name 'omni_base_robot'
[0.504s] Level 1:colcon.colcon_core.package_identification:_identify(src/pal_gripper) by extensions ['ignore', 'ignore_ament_install']
[0.504s] Level 1:colcon.colcon_core.package_identification:_identify(src/pal_gripper) by extension 'ignore'
[0.505s] Level 1:colcon.colcon_core.package_identification:_identify(src/pal_gripper) by extension 'ignore_ament_install'
[0.505s] Level 1:colcon.colcon_core.package_identification:_identify(src/pal_gripper) by extensions ['colcon_pkg']
[0.505s] Level 1:colcon.colcon_core.package_identification:_identify(src/pal_gripper) by extension 'colcon_pkg'
[0.505s] Level 1:colcon.colcon_core.package_identification:_identify(src/pal_gripper) by extensions ['colcon_meta']
[0.505s] Level 1:colcon.colcon_core.package_identification:_identify(src/pal_gripper) by extension 'colcon_meta'
[0.505s] Level 1:colcon.colcon_core.package_identification:_identify(src/pal_gripper) by extensions ['ros']
[0.505s] Level 1:colcon.colcon_core.package_identification:_identify(src/pal_gripper) by extension 'ros'
[0.505s] Level 1:colcon.colcon_core.package_identification:_identify(src/pal_gripper) by extensions ['cmake', 'python']
[0.505s] Level 1:colcon.colcon_core.package_identification:_identify(src/pal_gripper) by extension 'cmake'
[0.505s] Level 1:colcon.colcon_core.package_identification:_identify(src/pal_gripper) by extension 'python'
[0.505s] Level 1:colcon.colcon_core.package_identification:_identify(src/pal_gripper) by extensions ['python_setup_py']
[0.505s] Level 1:colcon.colcon_core.package_identification:_identify(src/pal_gripper) by extension 'python_setup_py'
[0.505s] Level 1:colcon.colcon_core.package_identification:_identify(src/pal_gripper/pal_gripper) by extensions ['ignore', 'ignore_ament_install']
[0.506s] Level 1:colcon.colcon_core.package_identification:_identify(src/pal_gripper/pal_gripper) by extension 'ignore'
[0.506s] Level 1:colcon.colcon_core.package_identification:_identify(src/pal_gripper/pal_gripper) by extension 'ignore_ament_install'
[0.506s] Level 1:colcon.colcon_core.package_identification:_identify(src/pal_gripper/pal_gripper) by extensions ['colcon_pkg']
[0.506s] Level 1:colcon.colcon_core.package_identification:_identify(src/pal_gripper/pal_gripper) by extension 'colcon_pkg'
[0.506s] Level 1:colcon.colcon_core.package_identification:_identify(src/pal_gripper/pal_gripper) by extensions ['colcon_meta']
[0.506s] Level 1:colcon.colcon_core.package_identification:_identify(src/pal_gripper/pal_gripper) by extension 'colcon_meta'
[0.506s] Level 1:colcon.colcon_core.package_identification:_identify(src/pal_gripper/pal_gripper) by extensions ['ros']
[0.506s] Level 1:colcon.colcon_core.package_identification:_identify(src/pal_gripper/pal_gripper) by extension 'ros'
[0.507s] DEBUG:colcon.colcon_core.package_identification:Package 'src/pal_gripper/pal_gripper' with type 'ros.ament_cmake' and name 'pal_gripper'
[0.507s] Level 1:colcon.colcon_core.package_identification:_identify(src/pal_gripper/pal_gripper_controller_configuration) by extensions ['ignore', 'ignore_ament_install']
[0.507s] Level 1:colcon.colcon_core.package_identification:_identify(src/pal_gripper/pal_gripper_controller_configuration) by extension 'ignore'
[0.507s] Level 1:colcon.colcon_core.package_identification:_identify(src/pal_gripper/pal_gripper_controller_configuration) by extension 'ignore_ament_install'
[0.507s] Level 1:colcon.colcon_core.package_identification:_identify(src/pal_gripper/pal_gripper_controller_configuration) by extensions ['colcon_pkg']
[0.507s] Level 1:colcon.colcon_core.package_identification:_identify(src/pal_gripper/pal_gripper_controller_configuration) by extension 'colcon_pkg'
[0.508s] Level 1:colcon.colcon_core.package_identification:_identify(src/pal_gripper/pal_gripper_controller_configuration) by extensions ['colcon_meta']
[0.508s] Level 1:colcon.colcon_core.package_identification:_identify(src/pal_gripper/pal_gripper_controller_configuration) by extension 'colcon_meta'
[0.508s] Level 1:colcon.colcon_core.package_identification:_identify(src/pal_gripper/pal_gripper_controller_configuration) by extensions ['ros']
[0.508s] Level 1:colcon.colcon_core.package_identification:_identify(src/pal_gripper/pal_gripper_controller_configuration) by extension 'ros'
[0.508s] DEBUG:colcon.colcon_core.package_identification:Package 'src/pal_gripper/pal_gripper_controller_configuration' with type 'ros.ament_cmake' and name 'pal_gripper_controller_configuration'
[0.509s] Level 1:colcon.colcon_core.package_identification:_identify(src/pal_gripper/pal_gripper_description) by extensions ['ignore', 'ignore_ament_install']
[0.509s] Level 1:colcon.colcon_core.package_identification:_identify(src/pal_gripper/pal_gripper_description) by extension 'ignore'
[0.509s] Level 1:colcon.colcon_core.package_identification:_identify(src/pal_gripper/pal_gripper_description) by extension 'ignore_ament_install'
[0.509s] Level 1:colcon.colcon_core.package_identification:_identify(src/pal_gripper/pal_gripper_description) by extensions ['colcon_pkg']
[0.509s] Level 1:colcon.colcon_core.package_identification:_identify(src/pal_gripper/pal_gripper_description) by extension 'colcon_pkg'
[0.509s] Level 1:colcon.colcon_core.package_identification:_identify(src/pal_gripper/pal_gripper_description) by extensions ['colcon_meta']
[0.509s] Level 1:colcon.colcon_core.package_identification:_identify(src/pal_gripper/pal_gripper_description) by extension 'colcon_meta'
[0.509s] Level 1:colcon.colcon_core.package_identification:_identify(src/pal_gripper/pal_gripper_description) by extensions ['ros']
[0.509s] Level 1:colcon.colcon_core.package_identification:_identify(src/pal_gripper/pal_gripper_description) by extension 'ros'
[0.511s] DEBUG:colcon.colcon_core.package_identification:Package 'src/pal_gripper/pal_gripper_description' with type 'ros.ament_cmake' and name 'pal_gripper_description'
[0.512s] Level 1:colcon.colcon_core.package_identification:_identify(src/pal_gripper/pal_gripper_simulation) by extensions ['ignore', 'ignore_ament_install']
[0.512s] Level 1:colcon.colcon_core.package_identification:_identify(src/pal_gripper/pal_gripper_simulation) by extension 'ignore'
[0.512s] Level 1:colcon.colcon_core.package_identification:_identify(src/pal_gripper/pal_gripper_simulation) by extension 'ignore_ament_install'
[0.512s] Level 1:colcon.colcon_core.package_identification:_identify(src/pal_gripper/pal_gripper_simulation) by extensions ['colcon_pkg']
[0.512s] Level 1:colcon.colcon_core.package_identification:_identify(src/pal_gripper/pal_gripper_simulation) by extension 'colcon_pkg'
[0.512s] Level 1:colcon.colcon_core.package_identification:_identify(src/pal_gripper/pal_gripper_simulation) by extensions ['colcon_meta']
[0.512s] Level 1:colcon.colcon_core.package_identification:_identify(src/pal_gripper/pal_gripper_simulation) by extension 'colcon_meta'
[0.512s] Level 1:colcon.colcon_core.package_identification:_identify(src/pal_gripper/pal_gripper_simulation) by extensions ['ros']
[0.512s] Level 1:colcon.colcon_core.package_identification:_identify(src/pal_gripper/pal_gripper_simulation) by extension 'ros'
[0.513s] DEBUG:colcon.colcon_core.package_identification:Package 'src/pal_gripper/pal_gripper_simulation' with type 'ros.ament_cmake' and name 'pal_gripper_simulation'
[0.514s] Level 1:colcon.colcon_core.package_identification:_identify(src/pal_pro_gripper) by extensions ['ignore', 'ignore_ament_install']
[0.514s] Level 1:colcon.colcon_core.package_identification:_identify(src/pal_pro_gripper) by extension 'ignore'
[0.514s] Level 1:colcon.colcon_core.package_identification:_identify(src/pal_pro_gripper) by extension 'ignore_ament_install'
[0.514s] Level 1:colcon.colcon_core.package_identification:_identify(src/pal_pro_gripper) by extensions ['colcon_pkg']
[0.514s] Level 1:colcon.colcon_core.package_identification:_identify(src/pal_pro_gripper) by extension 'colcon_pkg'
[0.514s] Level 1:colcon.colcon_core.package_identification:_identify(src/pal_pro_gripper) by extensions ['colcon_meta']
[0.514s] Level 1:colcon.colcon_core.package_identification:_identify(src/pal_pro_gripper) by extension 'colcon_meta'
[0.514s] Level 1:colcon.colcon_core.package_identification:_identify(src/pal_pro_gripper) by extensions ['ros']
[0.514s] Level 1:colcon.colcon_core.package_identification:_identify(src/pal_pro_gripper) by extension 'ros'
[0.514s] Level 1:colcon.colcon_core.package_identification:_identify(src/pal_pro_gripper) by extensions ['cmake', 'python']
[0.514s] Level 1:colcon.colcon_core.package_identification:_identify(src/pal_pro_gripper) by extension 'cmake'
[0.514s] Level 1:colcon.colcon_core.package_identification:_identify(src/pal_pro_gripper) by extension 'python'
[0.514s] Level 1:colcon.colcon_core.package_identification:_identify(src/pal_pro_gripper) by extensions ['python_setup_py']
[0.514s] Level 1:colcon.colcon_core.package_identification:_identify(src/pal_pro_gripper) by extension 'python_setup_py'
[0.515s] Level 1:colcon.colcon_core.package_identification:_identify(src/pal_pro_gripper/pal_pro_gripper) by extensions ['ignore', 'ignore_ament_install']
[0.515s] Level 1:colcon.colcon_core.package_identification:_identify(src/pal_pro_gripper/pal_pro_gripper) by extension 'ignore'
[0.515s] Level 1:colcon.colcon_core.package_identification:_identify(src/pal_pro_gripper/pal_pro_gripper) by extension 'ignore_ament_install'
[0.515s] Level 1:colcon.colcon_core.package_identification:_identify(src/pal_pro_gripper/pal_pro_gripper) by extensions ['colcon_pkg']
[0.515s] Level 1:colcon.colcon_core.package_identification:_identify(src/pal_pro_gripper/pal_pro_gripper) by extension 'colcon_pkg'
[0.515s] Level 1:colcon.colcon_core.package_identification:_identify(src/pal_pro_gripper/pal_pro_gripper) by extensions ['colcon_meta']
[0.515s] Level 1:colcon.colcon_core.package_identification:_identify(src/pal_pro_gripper/pal_pro_gripper) by extension 'colcon_meta'
[0.515s] Level 1:colcon.colcon_core.package_identification:_identify(src/pal_pro_gripper/pal_pro_gripper) by extensions ['ros']
[0.515s] Level 1:colcon.colcon_core.package_identification:_identify(src/pal_pro_gripper/pal_pro_gripper) by extension 'ros'
[0.516s] DEBUG:colcon.colcon_core.package_identification:Package 'src/pal_pro_gripper/pal_pro_gripper' with type 'ros.ament_cmake' and name 'pal_pro_gripper'
[0.516s] Level 1:colcon.colcon_core.package_identification:_identify(src/pal_pro_gripper/pal_pro_gripper_bringup) by extensions ['ignore', 'ignore_ament_install']
[0.516s] Level 1:colcon.colcon_core.package_identification:_identify(src/pal_pro_gripper/pal_pro_gripper_bringup) by extension 'ignore'
[0.516s] Level 1:colcon.colcon_core.package_identification:_identify(src/pal_pro_gripper/pal_pro_gripper_bringup) by extension 'ignore_ament_install'
[0.517s] Level 1:colcon.colcon_core.package_identification:_identify(src/pal_pro_gripper/pal_pro_gripper_bringup) by extensions ['colcon_pkg']
[0.517s] Level 1:colcon.colcon_core.package_identification:_identify(src/pal_pro_gripper/pal_pro_gripper_bringup) by extension 'colcon_pkg'
[0.517s] Level 1:colcon.colcon_core.package_identification:_identify(src/pal_pro_gripper/pal_pro_gripper_bringup) by extensions ['colcon_meta']
[0.517s] Level 1:colcon.colcon_core.package_identification:_identify(src/pal_pro_gripper/pal_pro_gripper_bringup) by extension 'colcon_meta'
[0.517s] Level 1:colcon.colcon_core.package_identification:_identify(src/pal_pro_gripper/pal_pro_gripper_bringup) by extensions ['ros']
[0.517s] Level 1:colcon.colcon_core.package_identification:_identify(src/pal_pro_gripper/pal_pro_gripper_bringup) by extension 'ros'
[0.517s] DEBUG:colcon.colcon_core.package_identification:Package 'src/pal_pro_gripper/pal_pro_gripper_bringup' with type 'ros.ament_cmake' and name 'pal_pro_gripper_bringup'
[0.518s] Level 1:colcon.colcon_core.package_identification:_identify(src/pal_pro_gripper/pal_pro_gripper_controller_configuration) by extensions ['ignore', 'ignore_ament_install']
[0.518s] Level 1:colcon.colcon_core.package_identification:_identify(src/pal_pro_gripper/pal_pro_gripper_controller_configuration) by extension 'ignore'
[0.518s] Level 1:colcon.colcon_core.package_identification:_identify(src/pal_pro_gripper/pal_pro_gripper_controller_configuration) by extension 'ignore_ament_install'
[0.518s] Level 1:colcon.colcon_core.package_identification:_identify(src/pal_pro_gripper/pal_pro_gripper_controller_configuration) by extensions ['colcon_pkg']
[0.518s] Level 1:colcon.colcon_core.package_identification:_identify(src/pal_pro_gripper/pal_pro_gripper_controller_configuration) by extension 'colcon_pkg'
[0.518s] Level 1:colcon.colcon_core.package_identification:_identify(src/pal_pro_gripper/pal_pro_gripper_controller_configuration) by extensions ['colcon_meta']
[0.518s] Level 1:colcon.colcon_core.package_identification:_identify(src/pal_pro_gripper/pal_pro_gripper_controller_configuration) by extension 'colcon_meta'
[0.518s] Level 1:colcon.colcon_core.package_identification:_identify(src/pal_pro_gripper/pal_pro_gripper_controller_configuration) by extensions ['ros']
[0.518s] Level 1:colcon.colcon_core.package_identification:_identify(src/pal_pro_gripper/pal_pro_gripper_controller_configuration) by extension 'ros'
[0.519s] DEBUG:colcon.colcon_core.package_identification:Package 'src/pal_pro_gripper/pal_pro_gripper_controller_configuration' with type 'ros.ament_cmake' and name 'pal_pro_gripper_controller_configuration'
[0.519s] Level 1:colcon.colcon_core.package_identification:_identify(src/pal_pro_gripper/pal_pro_gripper_description) by extensions ['ignore', 'ignore_ament_install']
[0.519s] Level 1:colcon.colcon_core.package_identification:_identify(src/pal_pro_gripper/pal_pro_gripper_description) by extension 'ignore'
[0.519s] Level 1:colcon.colcon_core.package_identification:_identify(src/pal_pro_gripper/pal_pro_gripper_description) by extension 'ignore_ament_install'
[0.520s] Level 1:colcon.colcon_core.package_identification:_identify(src/pal_pro_gripper/pal_pro_gripper_description) by extensions ['colcon_pkg']
[0.520s] Level 1:colcon.colcon_core.package_identification:_identify(src/pal_pro_gripper/pal_pro_gripper_description) by extension 'colcon_pkg'
[0.520s] Level 1:colcon.colcon_core.package_identification:_identify(src/pal_pro_gripper/pal_pro_gripper_description) by extensions ['colcon_meta']
[0.520s] Level 1:colcon.colcon_core.package_identification:_identify(src/pal_pro_gripper/pal_pro_gripper_description) by extension 'colcon_meta'
[0.520s] Level 1:colcon.colcon_core.package_identification:_identify(src/pal_pro_gripper/pal_pro_gripper_description) by extensions ['ros']
[0.520s] Level 1:colcon.colcon_core.package_identification:_identify(src/pal_pro_gripper/pal_pro_gripper_description) by extension 'ros'
[0.521s] DEBUG:colcon.colcon_core.package_identification:Package 'src/pal_pro_gripper/pal_pro_gripper_description' with type 'ros.ament_cmake' and name 'pal_pro_gripper_description'
[0.521s] Level 1:colcon.colcon_core.package_identification:_identify(src/pal_pro_gripper/pal_pro_gripper_simulation) by extensions ['ignore', 'ignore_ament_install']
[0.521s] Level 1:colcon.colcon_core.package_identification:_identify(src/pal_pro_gripper/pal_pro_gripper_simulation) by extension 'ignore'
[0.521s] Level 1:colcon.colcon_core.package_identification:_identify(src/pal_pro_gripper/pal_pro_gripper_simulation) by extension 'ignore_ament_install'
[0.521s] Level 1:colcon.colcon_core.package_identification:_identify(src/pal_pro_gripper/pal_pro_gripper_simulation) by extensions ['colcon_pkg']
[0.521s] Level 1:colcon.colcon_core.package_identification:_identify(src/pal_pro_gripper/pal_pro_gripper_simulation) by extension 'colcon_pkg'
[0.521s] Level 1:colcon.colcon_core.package_identification:_identify(src/pal_pro_gripper/pal_pro_gripper_simulation) by extensions ['colcon_meta']
[0.522s] Level 1:colcon.colcon_core.package_identification:_identify(src/pal_pro_gripper/pal_pro_gripper_simulation) by extension 'colcon_meta'
[0.522s] Level 1:colcon.colcon_core.package_identification:_identify(src/pal_pro_gripper/pal_pro_gripper_simulation) by extensions ['ros']
[0.522s] Level 1:colcon.colcon_core.package_identification:_identify(src/pal_pro_gripper/pal_pro_gripper_simulation) by extension 'ros'
[0.522s] DEBUG:colcon.colcon_core.package_identification:Package 'src/pal_pro_gripper/pal_pro_gripper_simulation' with type 'ros.ament_cmake' and name 'pal_pro_gripper_simulation'
[0.522s] Level 1:colcon.colcon_core.package_identification:_identify(src/pal_pro_gripper/pal_pro_gripper_wrapper) by extensions ['ignore', 'ignore_ament_install']
[0.522s] Level 1:colcon.colcon_core.package_identification:_identify(src/pal_pro_gripper/pal_pro_gripper_wrapper) by extension 'ignore'
[0.522s] Level 1:colcon.colcon_core.package_identification:_identify(src/pal_pro_gripper/pal_pro_gripper_wrapper) by extension 'ignore_ament_install'
[0.522s] Level 1:colcon.colcon_core.package_identification:_identify(src/pal_pro_gripper/pal_pro_gripper_wrapper) by extensions ['colcon_pkg']
[0.522s] Level 1:colcon.colcon_core.package_identification:_identify(src/pal_pro_gripper/pal_pro_gripper_wrapper) by extension 'colcon_pkg'
[0.523s] Level 1:colcon.colcon_core.package_identification:_identify(src/pal_pro_gripper/pal_pro_gripper_wrapper) by extensions ['colcon_meta']
[0.523s] Level 1:colcon.colcon_core.package_identification:_identify(src/pal_pro_gripper/pal_pro_gripper_wrapper) by extension 'colcon_meta'
[0.523s] Level 1:colcon.colcon_core.package_identification:_identify(src/pal_pro_gripper/pal_pro_gripper_wrapper) by extensions ['ros']
[0.523s] Level 1:colcon.colcon_core.package_identification:_identify(src/pal_pro_gripper/pal_pro_gripper_wrapper) by extension 'ros'
[0.523s] DEBUG:colcon.colcon_core.package_identification:Package 'src/pal_pro_gripper/pal_pro_gripper_wrapper' with type 'ros.ament_python' and name 'pal_pro_gripper_wrapper'
[0.523s] Level 1:colcon.colcon_core.package_identification:_identify(src/pal_sea_arm) by extensions ['ignore', 'ignore_ament_install']
[0.523s] Level 1:colcon.colcon_core.package_identification:_identify(src/pal_sea_arm) by extension 'ignore'
[0.523s] Level 1:colcon.colcon_core.package_identification:_identify(src/pal_sea_arm) by extension 'ignore_ament_install'
[0.523s] Level 1:colcon.colcon_core.package_identification:_identify(src/pal_sea_arm) by extensions ['colcon_pkg']
[0.523s] Level 1:colcon.colcon_core.package_identification:_identify(src/pal_sea_arm) by extension 'colcon_pkg'
[0.523s] Level 1:colcon.colcon_core.package_identification:_identify(src/pal_sea_arm) by extensions ['colcon_meta']
[0.523s] Level 1:colcon.colcon_core.package_identification:_identify(src/pal_sea_arm) by extension 'colcon_meta'
[0.524s] Level 1:colcon.colcon_core.package_identification:_identify(src/pal_sea_arm) by extensions ['ros']
[0.524s] Level 1:colcon.colcon_core.package_identification:_identify(src/pal_sea_arm) by extension 'ros'
[0.524s] Level 1:colcon.colcon_core.package_identification:_identify(src/pal_sea_arm) by extensions ['cmake', 'python']
[0.524s] Level 1:colcon.colcon_core.package_identification:_identify(src/pal_sea_arm) by extension 'cmake'
[0.524s] Level 1:colcon.colcon_core.package_identification:_identify(src/pal_sea_arm) by extension 'python'
[0.524s] Level 1:colcon.colcon_core.package_identification:_identify(src/pal_sea_arm) by extensions ['python_setup_py']
[0.524s] Level 1:colcon.colcon_core.package_identification:_identify(src/pal_sea_arm) by extension 'python_setup_py'
[0.524s] Level 1:colcon.colcon_core.package_identification:_identify(src/pal_sea_arm/pal_sea_arm) by extensions ['ignore', 'ignore_ament_install']
[0.524s] Level 1:colcon.colcon_core.package_identification:_identify(src/pal_sea_arm/pal_sea_arm) by extension 'ignore'
[0.524s] Level 1:colcon.colcon_core.package_identification:_identify(src/pal_sea_arm/pal_sea_arm) by extension 'ignore_ament_install'
[0.524s] Level 1:colcon.colcon_core.package_identification:_identify(src/pal_sea_arm/pal_sea_arm) by extensions ['colcon_pkg']
[0.524s] Level 1:colcon.colcon_core.package_identification:_identify(src/pal_sea_arm/pal_sea_arm) by extension 'colcon_pkg'
[0.524s] Level 1:colcon.colcon_core.package_identification:_identify(src/pal_sea_arm/pal_sea_arm) by extensions ['colcon_meta']
[0.524s] Level 1:colcon.colcon_core.package_identification:_identify(src/pal_sea_arm/pal_sea_arm) by extension 'colcon_meta'
[0.524s] Level 1:colcon.colcon_core.package_identification:_identify(src/pal_sea_arm/pal_sea_arm) by extensions ['ros']
[0.524s] Level 1:colcon.colcon_core.package_identification:_identify(src/pal_sea_arm/pal_sea_arm) by extension 'ros'
[0.524s] DEBUG:colcon.colcon_core.package_identification:Package 'src/pal_sea_arm/pal_sea_arm' with type 'ros.ament_cmake' and name 'pal_sea_arm'
[0.525s] Level 1:colcon.colcon_core.package_identification:_identify(src/pal_sea_arm/pal_sea_arm_bringup) by extensions ['ignore', 'ignore_ament_install']
[0.525s] Level 1:colcon.colcon_core.package_identification:_identify(src/pal_sea_arm/pal_sea_arm_bringup) by extension 'ignore'
[0.525s] Level 1:colcon.colcon_core.package_identification:_identify(src/pal_sea_arm/pal_sea_arm_bringup) by extension 'ignore_ament_install'
[0.525s] Level 1:colcon.colcon_core.package_identification:_identify(src/pal_sea_arm/pal_sea_arm_bringup) by extensions ['colcon_pkg']
[0.525s] Level 1:colcon.colcon_core.package_identification:_identify(src/pal_sea_arm/pal_sea_arm_bringup) by extension 'colcon_pkg'
[0.525s] Level 1:colcon.colcon_core.package_identification:_identify(src/pal_sea_arm/pal_sea_arm_bringup) by extensions ['colcon_meta']
[0.525s] Level 1:colcon.colcon_core.package_identification:_identify(src/pal_sea_arm/pal_sea_arm_bringup) by extension 'colcon_meta'
[0.525s] Level 1:colcon.colcon_core.package_identification:_identify(src/pal_sea_arm/pal_sea_arm_bringup) by extensions ['ros']
[0.525s] Level 1:colcon.colcon_core.package_identification:_identify(src/pal_sea_arm/pal_sea_arm_bringup) by extension 'ros'
[0.527s] DEBUG:colcon.colcon_core.package_identification:Package 'src/pal_sea_arm/pal_sea_arm_bringup' with type 'ros.ament_cmake' and name 'pal_sea_arm_bringup'
[0.527s] Level 1:colcon.colcon_core.package_identification:_identify(src/pal_sea_arm/pal_sea_arm_controller_configuration) by extensions ['ignore', 'ignore_ament_install']
[0.527s] Level 1:colcon.colcon_core.package_identification:_identify(src/pal_sea_arm/pal_sea_arm_controller_configuration) by extension 'ignore'
[0.527s] Level 1:colcon.colcon_core.package_identification:_identify(src/pal_sea_arm/pal_sea_arm_controller_configuration) by extension 'ignore_ament_install'
[0.527s] Level 1:colcon.colcon_core.package_identification:_identify(src/pal_sea_arm/pal_sea_arm_controller_configuration) by extensions ['colcon_pkg']
[0.527s] Level 1:colcon.colcon_core.package_identification:_identify(src/pal_sea_arm/pal_sea_arm_controller_configuration) by extension 'colcon_pkg'
[0.527s] Level 1:colcon.colcon_core.package_identification:_identify(src/pal_sea_arm/pal_sea_arm_controller_configuration) by extensions ['colcon_meta']
[0.527s] Level 1:colcon.colcon_core.package_identification:_identify(src/pal_sea_arm/pal_sea_arm_controller_configuration) by extension 'colcon_meta'
[0.527s] Level 1:colcon.colcon_core.package_identification:_identify(src/pal_sea_arm/pal_sea_arm_controller_configuration) by extensions ['ros']
[0.527s] Level 1:colcon.colcon_core.package_identification:_identify(src/pal_sea_arm/pal_sea_arm_controller_configuration) by extension 'ros'
[0.530s] DEBUG:colcon.colcon_core.package_identification:Package 'src/pal_sea_arm/pal_sea_arm_controller_configuration' with type 'ros.ament_cmake' and name 'pal_sea_arm_controller_configuration'
[0.530s] Level 1:colcon.colcon_core.package_identification:_identify(src/pal_sea_arm/pal_sea_arm_description) by extensions ['ignore', 'ignore_ament_install']
[0.530s] Level 1:colcon.colcon_core.package_identification:_identify(src/pal_sea_arm/pal_sea_arm_description) by extension 'ignore'
[0.530s] Level 1:colcon.colcon_core.package_identification:_identify(src/pal_sea_arm/pal_sea_arm_description) by extension 'ignore_ament_install'
[0.531s] Level 1:colcon.colcon_core.package_identification:_identify(src/pal_sea_arm/pal_sea_arm_description) by extensions ['colcon_pkg']
[0.531s] Level 1:colcon.colcon_core.package_identification:_identify(src/pal_sea_arm/pal_sea_arm_description) by extension 'colcon_pkg'
[0.531s] Level 1:colcon.colcon_core.package_identification:_identify(src/pal_sea_arm/pal_sea_arm_description) by extensions ['colcon_meta']
[0.531s] Level 1:colcon.colcon_core.package_identification:_identify(src/pal_sea_arm/pal_sea_arm_description) by extension 'colcon_meta'
[0.531s] Level 1:colcon.colcon_core.package_identification:_identify(src/pal_sea_arm/pal_sea_arm_description) by extensions ['ros']
[0.531s] Level 1:colcon.colcon_core.package_identification:_identify(src/pal_sea_arm/pal_sea_arm_description) by extension 'ros'
[0.533s] DEBUG:colcon.colcon_core.package_identification:Package 'src/pal_sea_arm/pal_sea_arm_description' with type 'ros.ament_cmake' and name 'pal_sea_arm_description'
[0.534s] Level 1:colcon.colcon_core.package_identification:_identify(src/pal_urdf_utils) by extensions ['ignore', 'ignore_ament_install']
[0.534s] Level 1:colcon.colcon_core.package_identification:_identify(src/pal_urdf_utils) by extension 'ignore'
[0.534s] Level 1:colcon.colcon_core.package_identification:_identify(src/pal_urdf_utils) by extension 'ignore_ament_install'
[0.534s] Level 1:colcon.colcon_core.package_identification:_identify(src/pal_urdf_utils) by extensions ['colcon_pkg']
[0.534s] Level 1:colcon.colcon_core.package_identification:_identify(src/pal_urdf_utils) by extension 'colcon_pkg'
[0.534s] Level 1:colcon.colcon_core.package_identification:_identify(src/pal_urdf_utils) by extensions ['colcon_meta']
[0.534s] Level 1:colcon.colcon_core.package_identification:_identify(src/pal_urdf_utils) by extension 'colcon_meta'
[0.534s] Level 1:colcon.colcon_core.package_identification:_identify(src/pal_urdf_utils) by extensions ['ros']
[0.534s] Level 1:colcon.colcon_core.package_identification:_identify(src/pal_urdf_utils) by extension 'ros'
[0.535s] DEBUG:colcon.colcon_core.package_identification:Package 'src/pal_urdf_utils' with type 'ros.ament_cmake' and name 'pal_urdf_utils'
[0.535s] Level 1:colcon.colcon_core.package_identification:_identify(src/sensors) by extensions ['ignore', 'ignore_ament_install']
[0.536s] Level 1:colcon.colcon_core.package_identification:_identify(src/sensors) by extension 'ignore'
[0.536s] Level 1:colcon.colcon_core.package_identification:_identify(src/sensors) by extension 'ignore_ament_install'
[0.536s] Level 1:colcon.colcon_core.package_identification:_identify(src/sensors) by extensions ['colcon_pkg']
[0.536s] Level 1:colcon.colcon_core.package_identification:_identify(src/sensors) by extension 'colcon_pkg'
[0.536s] Level 1:colcon.colcon_core.package_identification:_identify(src/sensors) by extensions ['colcon_meta']
[0.536s] Level 1:colcon.colcon_core.package_identification:_identify(src/sensors) by extension 'colcon_meta'
[0.536s] Level 1:colcon.colcon_core.package_identification:_identify(src/sensors) by extensions ['ros']
[0.536s] Level 1:colcon.colcon_core.package_identification:_identify(src/sensors) by extension 'ros'
[0.536s] DEBUG:colcon.colcon_core.package_identification:Package 'src/sensors' with type 'ros.ament_python' and name 'sensors'
[0.537s] Level 1:colcon.colcon_core.package_identification:_identify(src/tiago_pro_head_robot) by extensions ['ignore', 'ignore_ament_install']
[0.537s] Level 1:colcon.colcon_core.package_identification:_identify(src/tiago_pro_head_robot) by extension 'ignore'
[0.537s] Level 1:colcon.colcon_core.package_identification:_identify(src/tiago_pro_head_robot) by extension 'ignore_ament_install'
[0.537s] Level 1:colcon.colcon_core.package_identification:_identify(src/tiago_pro_head_robot) by extensions ['colcon_pkg']
[0.537s] Level 1:colcon.colcon_core.package_identification:_identify(src/tiago_pro_head_robot) by extension 'colcon_pkg'
[0.537s] Level 1:colcon.colcon_core.package_identification:_identify(src/tiago_pro_head_robot) by extensions ['colcon_meta']
[0.537s] Level 1:colcon.colcon_core.package_identification:_identify(src/tiago_pro_head_robot) by extension 'colcon_meta'
[0.537s] Level 1:colcon.colcon_core.package_identification:_identify(src/tiago_pro_head_robot) by extensions ['ros']
[0.537s] Level 1:colcon.colcon_core.package_identification:_identify(src/tiago_pro_head_robot) by extension 'ros'
[0.537s] Level 1:colcon.colcon_core.package_identification:_identify(src/tiago_pro_head_robot) by extensions ['cmake', 'python']
[0.537s] Level 1:colcon.colcon_core.package_identification:_identify(src/tiago_pro_head_robot) by extension 'cmake'
[0.537s] Level 1:colcon.colcon_core.package_identification:_identify(src/tiago_pro_head_robot) by extension 'python'
[0.537s] Level 1:colcon.colcon_core.package_identification:_identify(src/tiago_pro_head_robot) by extensions ['python_setup_py']
[0.537s] Level 1:colcon.colcon_core.package_identification:_identify(src/tiago_pro_head_robot) by extension 'python_setup_py'
[0.537s] Level 1:colcon.colcon_core.package_identification:_identify(src/tiago_pro_head_robot/tiago_pro_head_bringup) by extensions ['ignore', 'ignore_ament_install']
[0.538s] Level 1:colcon.colcon_core.package_identification:_identify(src/tiago_pro_head_robot/tiago_pro_head_bringup) by extension 'ignore'
[0.538s] Level 1:colcon.colcon_core.package_identification:_identify(src/tiago_pro_head_robot/tiago_pro_head_bringup) by extension 'ignore_ament_install'
[0.538s] Level 1:colcon.colcon_core.package_identification:_identify(src/tiago_pro_head_robot/tiago_pro_head_bringup) by extensions ['colcon_pkg']
[0.538s] Level 1:colcon.colcon_core.package_identification:_identify(src/tiago_pro_head_robot/tiago_pro_head_bringup) by extension 'colcon_pkg'
[0.538s] Level 1:colcon.colcon_core.package_identification:_identify(src/tiago_pro_head_robot/tiago_pro_head_bringup) by extensions ['colcon_meta']
[0.538s] Level 1:colcon.colcon_core.package_identification:_identify(src/tiago_pro_head_robot/tiago_pro_head_bringup) by extension 'colcon_meta'
[0.538s] Level 1:colcon.colcon_core.package_identification:_identify(src/tiago_pro_head_robot/tiago_pro_head_bringup) by extensions ['ros']
[0.538s] Level 1:colcon.colcon_core.package_identification:_identify(src/tiago_pro_head_robot/tiago_pro_head_bringup) by extension 'ros'
[0.539s] DEBUG:colcon.colcon_core.package_identification:Package 'src/tiago_pro_head_robot/tiago_pro_head_bringup' with type 'ros.ament_cmake' and name 'tiago_pro_head_bringup'
[0.539s] Level 1:colcon.colcon_core.package_identification:_identify(src/tiago_pro_head_robot/tiago_pro_head_controller_configuration) by extensions ['ignore', 'ignore_ament_install']
[0.539s] Level 1:colcon.colcon_core.package_identification:_identify(src/tiago_pro_head_robot/tiago_pro_head_controller_configuration) by extension 'ignore'
[0.539s] Level 1:colcon.colcon_core.package_identification:_identify(src/tiago_pro_head_robot/tiago_pro_head_controller_configuration) by extension 'ignore_ament_install'
[0.539s] Level 1:colcon.colcon_core.package_identification:_identify(src/tiago_pro_head_robot/tiago_pro_head_controller_configuration) by extensions ['colcon_pkg']
[0.539s] Level 1:colcon.colcon_core.package_identification:_identify(src/tiago_pro_head_robot/tiago_pro_head_controller_configuration) by extension 'colcon_pkg'
[0.539s] Level 1:colcon.colcon_core.package_identification:_identify(src/tiago_pro_head_robot/tiago_pro_head_controller_configuration) by extensions ['colcon_meta']
[0.539s] Level 1:colcon.colcon_core.package_identification:_identify(src/tiago_pro_head_robot/tiago_pro_head_controller_configuration) by extension 'colcon_meta'
[0.539s] Level 1:colcon.colcon_core.package_identification:_identify(src/tiago_pro_head_robot/tiago_pro_head_controller_configuration) by extensions ['ros']
[0.539s] Level 1:colcon.colcon_core.package_identification:_identify(src/tiago_pro_head_robot/tiago_pro_head_controller_configuration) by extension 'ros'
[0.540s] DEBUG:colcon.colcon_core.package_identification:Package 'src/tiago_pro_head_robot/tiago_pro_head_controller_configuration' with type 'ros.ament_cmake' and name 'tiago_pro_head_controller_configuration'
[0.541s] Level 1:colcon.colcon_core.package_identification:_identify(src/tiago_pro_head_robot/tiago_pro_head_description) by extensions ['ignore', 'ignore_ament_install']
[0.541s] Level 1:colcon.colcon_core.package_identification:_identify(src/tiago_pro_head_robot/tiago_pro_head_description) by extension 'ignore'
[0.541s] Level 1:colcon.colcon_core.package_identification:_identify(src/tiago_pro_head_robot/tiago_pro_head_description) by extension 'ignore_ament_install'
[0.541s] Level 1:colcon.colcon_core.package_identification:_identify(src/tiago_pro_head_robot/tiago_pro_head_description) by extensions ['colcon_pkg']
[0.541s] Level 1:colcon.colcon_core.package_identification:_identify(src/tiago_pro_head_robot/tiago_pro_head_description) by extension 'colcon_pkg'
[0.541s] Level 1:colcon.colcon_core.package_identification:_identify(src/tiago_pro_head_robot/tiago_pro_head_description) by extensions ['colcon_meta']
[0.541s] Level 1:colcon.colcon_core.package_identification:_identify(src/tiago_pro_head_robot/tiago_pro_head_description) by extension 'colcon_meta'
[0.541s] Level 1:colcon.colcon_core.package_identification:_identify(src/tiago_pro_head_robot/tiago_pro_head_description) by extensions ['ros']
[0.541s] Level 1:colcon.colcon_core.package_identification:_identify(src/tiago_pro_head_robot/tiago_pro_head_description) by extension 'ros'
[0.542s] DEBUG:colcon.colcon_core.package_identification:Package 'src/tiago_pro_head_robot/tiago_pro_head_description' with type 'ros.ament_cmake' and name 'tiago_pro_head_description'
[0.542s] Level 1:colcon.colcon_core.package_identification:_identify(src/tiago_pro_head_robot/tiago_pro_head_robot) by extensions ['ignore', 'ignore_ament_install']
[0.542s] Level 1:colcon.colcon_core.package_identification:_identify(src/tiago_pro_head_robot/tiago_pro_head_robot) by extension 'ignore'
[0.543s] Level 1:colcon.colcon_core.package_identification:_identify(src/tiago_pro_head_robot/tiago_pro_head_robot) by extension 'ignore_ament_install'
[0.543s] Level 1:colcon.colcon_core.package_identification:_identify(src/tiago_pro_head_robot/tiago_pro_head_robot) by extensions ['colcon_pkg']
[0.543s] Level 1:colcon.colcon_core.package_identification:_identify(src/tiago_pro_head_robot/tiago_pro_head_robot) by extension 'colcon_pkg'
[0.543s] Level 1:colcon.colcon_core.package_identification:_identify(src/tiago_pro_head_robot/tiago_pro_head_robot) by extensions ['colcon_meta']
[0.543s] Level 1:colcon.colcon_core.package_identification:_identify(src/tiago_pro_head_robot/tiago_pro_head_robot) by extension 'colcon_meta'
[0.543s] Level 1:colcon.colcon_core.package_identification:_identify(src/tiago_pro_head_robot/tiago_pro_head_robot) by extensions ['ros']
[0.543s] Level 1:colcon.colcon_core.package_identification:_identify(src/tiago_pro_head_robot/tiago_pro_head_robot) by extension 'ros'
[0.543s] DEBUG:colcon.colcon_core.package_identification:Package 'src/tiago_pro_head_robot/tiago_pro_head_robot' with type 'ros.ament_cmake' and name 'tiago_pro_head_robot'
[0.544s] Level 1:colcon.colcon_core.package_identification:_identify(src/tiago_pro_robot) by extensions ['ignore', 'ignore_ament_install']
[0.544s] Level 1:colcon.colcon_core.package_identification:_identify(src/tiago_pro_robot) by extension 'ignore'
[0.544s] Level 1:colcon.colcon_core.package_identification:_identify(src/tiago_pro_robot) by extension 'ignore_ament_install'
[0.544s] Level 1:colcon.colcon_core.package_identification:_identify(src/tiago_pro_robot) by extensions ['colcon_pkg']
[0.544s] Level 1:colcon.colcon_core.package_identification:_identify(src/tiago_pro_robot) by extension 'colcon_pkg'
[0.544s] Level 1:colcon.colcon_core.package_identification:_identify(src/tiago_pro_robot) by extensions ['colcon_meta']
[0.544s] Level 1:colcon.colcon_core.package_identification:_identify(src/tiago_pro_robot) by extension 'colcon_meta'
[0.544s] Level 1:colcon.colcon_core.package_identification:_identify(src/tiago_pro_robot) by extensions ['ros']
[0.544s] Level 1:colcon.colcon_core.package_identification:_identify(src/tiago_pro_robot) by extension 'ros'
[0.544s] Level 1:colcon.colcon_core.package_identification:_identify(src/tiago_pro_robot) by extensions ['cmake', 'python']
[0.544s] Level 1:colcon.colcon_core.package_identification:_identify(src/tiago_pro_robot) by extension 'cmake'
[0.544s] Level 1:colcon.colcon_core.package_identification:_identify(src/tiago_pro_robot) by extension 'python'
[0.544s] Level 1:colcon.colcon_core.package_identification:_identify(src/tiago_pro_robot) by extensions ['python_setup_py']
[0.544s] Level 1:colcon.colcon_core.package_identification:_identify(src/tiago_pro_robot) by extension 'python_setup_py'
[0.544s] Level 1:colcon.colcon_core.package_identification:_identify(src/tiago_pro_robot/tiago_pro_bringup) by extensions ['ignore', 'ignore_ament_install']
[0.544s] Level 1:colcon.colcon_core.package_identification:_identify(src/tiago_pro_robot/tiago_pro_bringup) by extension 'ignore'
[0.544s] Level 1:colcon.colcon_core.package_identification:_identify(src/tiago_pro_robot/tiago_pro_bringup) by extension 'ignore_ament_install'
[0.544s] Level 1:colcon.colcon_core.package_identification:_identify(src/tiago_pro_robot/tiago_pro_bringup) by extensions ['colcon_pkg']
[0.544s] Level 1:colcon.colcon_core.package_identification:_identify(src/tiago_pro_robot/tiago_pro_bringup) by extension 'colcon_pkg'
[0.544s] Level 1:colcon.colcon_core.package_identification:_identify(src/tiago_pro_robot/tiago_pro_bringup) by extensions ['colcon_meta']
[0.544s] Level 1:colcon.colcon_core.package_identification:_identify(src/tiago_pro_robot/tiago_pro_bringup) by extension 'colcon_meta'
[0.545s] Level 1:colcon.colcon_core.package_identification:_identify(src/tiago_pro_robot/tiago_pro_bringup) by extensions ['ros']
[0.545s] Level 1:colcon.colcon_core.package_identification:_identify(src/tiago_pro_robot/tiago_pro_bringup) by extension 'ros'
[0.546s] DEBUG:colcon.colcon_core.package_identification:Package 'src/tiago_pro_robot/tiago_pro_bringup' with type 'ros.ament_cmake' and name 'tiago_pro_bringup'
[0.547s] Level 1:colcon.colcon_core.package_identification:_identify(src/tiago_pro_robot/tiago_pro_controller_configuration) by extensions ['ignore', 'ignore_ament_install']
[0.547s] Level 1:colcon.colcon_core.package_identification:_identify(src/tiago_pro_robot/tiago_pro_controller_configuration) by extension 'ignore'
[0.547s] Level 1:colcon.colcon_core.package_identification:_identify(src/tiago_pro_robot/tiago_pro_controller_configuration) by extension 'ignore_ament_install'
[0.547s] Level 1:colcon.colcon_core.package_identification:_identify(src/tiago_pro_robot/tiago_pro_controller_configuration) by extensions ['colcon_pkg']
[0.547s] Level 1:colcon.colcon_core.package_identification:_identify(src/tiago_pro_robot/tiago_pro_controller_configuration) by extension 'colcon_pkg'
[0.547s] Level 1:colcon.colcon_core.package_identification:_identify(src/tiago_pro_robot/tiago_pro_controller_configuration) by extensions ['colcon_meta']
[0.547s] Level 1:colcon.colcon_core.package_identification:_identify(src/tiago_pro_robot/tiago_pro_controller_configuration) by extension 'colcon_meta'
[0.547s] Level 1:colcon.colcon_core.package_identification:_identify(src/tiago_pro_robot/tiago_pro_controller_configuration) by extensions ['ros']
[0.547s] Level 1:colcon.colcon_core.package_identification:_identify(src/tiago_pro_robot/tiago_pro_controller_configuration) by extension 'ros'
[0.550s] DEBUG:colcon.colcon_core.package_identification:Package 'src/tiago_pro_robot/tiago_pro_controller_configuration' with type 'ros.ament_cmake' and name 'tiago_pro_controller_configuration'
[0.550s] Level 1:colcon.colcon_core.package_identification:_identify(src/tiago_pro_robot/tiago_pro_description) by extensions ['ignore', 'ignore_ament_install']
[0.550s] Level 1:colcon.colcon_core.package_identification:_identify(src/tiago_pro_robot/tiago_pro_description) by extension 'ignore'
[0.550s] Level 1:colcon.colcon_core.package_identification:_identify(src/tiago_pro_robot/tiago_pro_description) by extension 'ignore_ament_install'
[0.550s] Level 1:colcon.colcon_core.package_identification:_identify(src/tiago_pro_robot/tiago_pro_description) by extensions ['colcon_pkg']
[0.550s] Level 1:colcon.colcon_core.package_identification:_identify(src/tiago_pro_robot/tiago_pro_description) by extension 'colcon_pkg'
[0.550s] Level 1:colcon.colcon_core.package_identification:_identify(src/tiago_pro_robot/tiago_pro_description) by extensions ['colcon_meta']
[0.550s] Level 1:colcon.colcon_core.package_identification:_identify(src/tiago_pro_robot/tiago_pro_description) by extension 'colcon_meta'
[0.550s] Level 1:colcon.colcon_core.package_identification:_identify(src/tiago_pro_robot/tiago_pro_description) by extensions ['ros']
[0.550s] Level 1:colcon.colcon_core.package_identification:_identify(src/tiago_pro_robot/tiago_pro_description) by extension 'ros'
[0.552s] DEBUG:colcon.colcon_core.package_identification:Package 'src/tiago_pro_robot/tiago_pro_description' with type 'ros.ament_cmake' and name 'tiago_pro_description'
[0.552s] Level 1:colcon.colcon_core.package_identification:_identify(src/tiago_pro_robot/tiago_pro_robot) by extensions ['ignore', 'ignore_ament_install']
[0.552s] Level 1:colcon.colcon_core.package_identification:_identify(src/tiago_pro_robot/tiago_pro_robot) by extension 'ignore'
[0.552s] Level 1:colcon.colcon_core.package_identification:_identify(src/tiago_pro_robot/tiago_pro_robot) by extension 'ignore_ament_install'
[0.552s] Level 1:colcon.colcon_core.package_identification:_identify(src/tiago_pro_robot/tiago_pro_robot) by extensions ['colcon_pkg']
[0.552s] Level 1:colcon.colcon_core.package_identification:_identify(src/tiago_pro_robot/tiago_pro_robot) by extension 'colcon_pkg'
[0.552s] Level 1:colcon.colcon_core.package_identification:_identify(src/tiago_pro_robot/tiago_pro_robot) by extensions ['colcon_meta']
[0.552s] Level 1:colcon.colcon_core.package_identification:_identify(src/tiago_pro_robot/tiago_pro_robot) by extension 'colcon_meta'
[0.552s] Level 1:colcon.colcon_core.package_identification:_identify(src/tiago_pro_robot/tiago_pro_robot) by extensions ['ros']
[0.552s] Level 1:colcon.colcon_core.package_identification:_identify(src/tiago_pro_robot/tiago_pro_robot) by extension 'ros'
[0.553s] DEBUG:colcon.colcon_core.package_identification:Package 'src/tiago_pro_robot/tiago_pro_robot' with type 'ros.ament_cmake' and name 'tiago_pro_robot'
[0.553s] Level 1:colcon.colcon_core.package_discovery:discover_packages(recursive) using defaults
[0.553s] Level 1:colcon.colcon_core.package_discovery:discover_packages(ignore) discover
[0.553s] Level 1:colcon.colcon_core.package_discovery:discover_packages(ignore) using defaults
[0.553s] Level 1:colcon.colcon_core.package_discovery:discover_packages(path) discover
[0.553s] Level 1:colcon.colcon_core.package_discovery:discover_packages(path) using defaults
[0.591s] Level 5:colcon.colcon_core.verb:set package 'erc_description' build argument 'cmake_args' from command line to 'None'
[0.591s] Level 5:colcon.colcon_core.verb:set package 'erc_description' build argument 'cmake_target' from command line to 'None'
[0.591s] Level 5:colcon.colcon_core.verb:set package 'erc_description' build argument 'cmake_target_skip_unavailable' from command line to 'False'
[0.591s] Level 5:colcon.colcon_core.verb:set package 'erc_description' build argument 'cmake_clean_cache' from command line to 'False'
[0.591s] Level 5:colcon.colcon_core.verb:set package 'erc_description' build argument 'cmake_clean_first' from command line to 'False'
[0.591s] Level 5:colcon.colcon_core.verb:set package 'erc_description' build argument 'cmake_force_configure' from command line to 'False'
[0.591s] Level 5:colcon.colcon_core.verb:set package 'erc_description' build argument 'ament_cmake_args' from command line to 'None'
[0.591s] Level 5:colcon.colcon_core.verb:set package 'erc_description' build argument 'catkin_cmake_args' from command line to 'None'
[0.591s] Level 5:colcon.colcon_core.verb:set package 'erc_description' build argument 'catkin_skip_building_tests' from command line to 'False'
[0.591s] DEBUG:colcon.colcon_core.verb:Building package 'erc_description' with the following arguments: {'ament_cmake_args': None, 'build_base': '/opt/erc_ws/build/erc_description', 'catkin_cmake_args': None, 'catkin_skip_building_tests': False, 'cmake_args': None, 'cmake_clean_cache': False, 'cmake_clean_first': False, 'cmake_force_configure': False, 'cmake_target': None, 'cmake_target_skip_unavailable': False, 'install_base': '/opt/erc_ws/install/erc_description', 'merge_install': False, 'path': '/opt/erc_ws/src/erc_description', 'symlink_install': True, 'test_result_base': None}
[0.592s] Level 5:colcon.colcon_core.verb:set package 'erc_solution' build argument 'cmake_args' from command line to 'None'
[0.592s] Level 5:colcon.colcon_core.verb:set package 'erc_solution' build argument 'cmake_target' from command line to 'None'
[0.592s] Level 5:colcon.colcon_core.verb:set package 'erc_solution' build argument 'cmake_target_skip_unavailable' from command line to 'False'
[0.592s] Level 5:colcon.colcon_core.verb:set package 'erc_solution' build argument 'cmake_clean_cache' from command line to 'False'
[0.592s] Level 5:colcon.colcon_core.verb:set package 'erc_solution' build argument 'cmake_clean_first' from command line to 'False'
[0.592s] Level 5:colcon.colcon_core.verb:set package 'erc_solution' build argument 'cmake_force_configure' from command line to 'False'
[0.592s] Level 5:colcon.colcon_core.verb:set package 'erc_solution' build argument 'ament_cmake_args' from command line to 'None'
[0.592s] Level 5:colcon.colcon_core.verb:set package 'erc_solution' build argument 'catkin_cmake_args' from command line to 'None'
[0.592s] Level 5:colcon.colcon_core.verb:set package 'erc_solution' build argument 'catkin_skip_building_tests' from command line to 'False'
[0.592s] DEBUG:colcon.colcon_core.verb:Building package 'erc_solution' with the following arguments: {'ament_cmake_args': None, 'build_base': '/opt/erc_ws/build/erc_solution', 'catkin_cmake_args': None, 'catkin_skip_building_tests': False, 'cmake_args': None, 'cmake_clean_cache': False, 'cmake_clean_first': False, 'cmake_force_configure': False, 'cmake_target': None, 'cmake_target_skip_unavailable': False, 'install_base': '/opt/erc_ws/install/erc_solution', 'merge_install': False, 'path': '/opt/erc_ws/src/erc_solution', 'symlink_install': True, 'test_result_base': None}
[0.592s] Level 5:colcon.colcon_core.verb:set package 'gz_ros2_control' build argument 'cmake_args' from command line to 'None'
[0.592s] Level 5:colcon.colcon_core.verb:set package 'gz_ros2_control' build argument 'cmake_target' from command line to 'None'
[0.592s] Level 5:colcon.colcon_core.verb:set package 'gz_ros2_control' build argument 'cmake_target_skip_unavailable' from command line to 'False'
[0.592s] Level 5:colcon.colcon_core.verb:set package 'gz_ros2_control' build argument 'cmake_clean_cache' from command line to 'False'
[0.592s] Level 5:colcon.colcon_core.verb:set package 'gz_ros2_control' build argument 'cmake_clean_first' from command line to 'False'
[0.592s] Level 5:colcon.colcon_core.verb:set package 'gz_ros2_control' build argument 'cmake_force_configure' from command line to 'False'
[0.592s] Level 5:colcon.colcon_core.verb:set package 'gz_ros2_control' build argument 'ament_cmake_args' from command line to 'None'
[0.592s] Level 5:colcon.colcon_core.verb:set package 'gz_ros2_control' build argument 'catkin_cmake_args' from command line to 'None'
[0.592s] Level 5:colcon.colcon_core.verb:set package 'gz_ros2_control' build argument 'catkin_skip_building_tests' from command line to 'False'
[0.592s] DEBUG:colcon.colcon_core.verb:Building package 'gz_ros2_control' with the following arguments: {'ament_cmake_args': None, 'build_base': '/opt/erc_ws/build/gz_ros2_control', 'catkin_cmake_args': None, 'catkin_skip_building_tests': False, 'cmake_args': None, 'cmake_clean_cache': False, 'cmake_clean_first': False, 'cmake_force_configure': False, 'cmake_target': None, 'cmake_target_skip_unavailable': False, 'install_base': '/opt/erc_ws/install/gz_ros2_control', 'merge_install': False, 'path': '/opt/erc_ws/src/gz_ros2_control/gz_ros2_control', 'symlink_install': True, 'test_result_base': None}
[0.593s] Level 5:colcon.colcon_core.verb:set package 'launch_pal' build argument 'cmake_args' from command line to 'None'
[0.593s] Level 5:colcon.colcon_core.verb:set package 'launch_pal' build argument 'cmake_target' from command line to 'None'
[0.593s] Level 5:colcon.colcon_core.verb:set package 'launch_pal' build argument 'cmake_target_skip_unavailable' from command line to 'False'
[0.593s] Level 5:colcon.colcon_core.verb:set package 'launch_pal' build argument 'cmake_clean_cache' from command line to 'False'
[0.593s] Level 5:colcon.colcon_core.verb:set package 'launch_pal' build argument 'cmake_clean_first' from command line to 'False'
[0.593s] Level 5:colcon.colcon_core.verb:set package 'launch_pal' build argument 'cmake_force_configure' from command line to 'False'
[0.593s] Level 5:colcon.colcon_core.verb:set package 'launch_pal' build argument 'ament_cmake_args' from command line to 'None'
[0.593s] Level 5:colcon.colcon_core.verb:set package 'launch_pal' build argument 'catkin_cmake_args' from command line to 'None'
[0.593s] Level 5:colcon.colcon_core.verb:set package 'launch_pal' build argument 'catkin_skip_building_tests' from command line to 'False'
[0.593s] DEBUG:colcon.colcon_core.verb:Building package 'launch_pal' with the following arguments: {'ament_cmake_args': None, 'build_base': '/opt/erc_ws/build/launch_pal', 'catkin_cmake_args': None, 'catkin_skip_building_tests': False, 'cmake_args': None, 'cmake_clean_cache': False, 'cmake_clean_first': False, 'cmake_force_configure': False, 'cmake_target': None, 'cmake_target_skip_unavailable': False, 'install_base': '/opt/erc_ws/install/launch_pal', 'merge_install': False, 'path': '/opt/erc_ws/src/launch_pal', 'symlink_install': True, 'test_result_base': None}
[0.593s] Level 5:colcon.colcon_core.verb:set package 'omni_base_controller_configuration' build argument 'cmake_args' from command line to 'None'
[0.593s] Level 5:colcon.colcon_core.verb:set package 'omni_base_controller_configuration' build argument 'cmake_target' from command line to 'None'
[0.593s] Level 5:colcon.colcon_core.verb:set package 'omni_base_controller_configuration' build argument 'cmake_target_skip_unavailable' from command line to 'False'
[0.593s] Level 5:colcon.colcon_core.verb:set package 'omni_base_controller_configuration' build argument 'cmake_clean_cache' from command line to 'False'
[0.593s] Level 5:colcon.colcon_core.verb:set package 'omni_base_controller_configuration' build argument 'cmake_clean_first' from command line to 'False'
[0.593s] Level 5:colcon.colcon_core.verb:set package 'omni_base_controller_configuration' build argument 'cmake_force_configure' from command line to 'False'
[0.593s] Level 5:colcon.colcon_core.verb:set package 'omni_base_controller_configuration' build argument 'ament_cmake_args' from command line to 'None'
[0.593s] Level 5:colcon.colcon_core.verb:set package 'omni_base_controller_configuration' build argument 'catkin_cmake_args' from command line to 'None'
[0.593s] Level 5:colcon.colcon_core.verb:set package 'omni_base_controller_configuration' build argument 'catkin_skip_building_tests' from command line to 'False'
[0.593s] DEBUG:colcon.colcon_core.verb:Building package 'omni_base_controller_configuration' with the following arguments: {'ament_cmake_args': None, 'build_base': '/opt/erc_ws/build/omni_base_controller_configuration', 'catkin_cmake_args': None, 'catkin_skip_building_tests': False, 'cmake_args': None, 'cmake_clean_cache': False, 'cmake_clean_first': False, 'cmake_force_configure': False, 'cmake_target': None, 'cmake_target_skip_unavailable': False, 'install_base': '/opt/erc_ws/install/omni_base_controller_configuration', 'merge_install': False, 'path': '/opt/erc_ws/src/omni_base_robot/omni_base_controller_configuration', 'symlink_install': True, 'test_result_base': None}
[0.594s] Level 5:colcon.colcon_core.verb:set package 'pal_gripper_controller_configuration' build argument 'cmake_args' from command line to 'None'
[0.594s] Level 5:colcon.colcon_core.verb:set package 'pal_gripper_controller_configuration' build argument 'cmake_target' from command line to 'None'
[0.594s] Level 5:colcon.colcon_core.verb:set package 'pal_gripper_controller_configuration' build argument 'cmake_target_skip_unavailable' from command line to 'False'
[0.594s] Level 5:colcon.colcon_core.verb:set package 'pal_gripper_controller_configuration' build argument 'cmake_clean_cache' from command line to 'False'
[0.594s] Level 5:colcon.colcon_core.verb:set package 'pal_gripper_controller_configuration' build argument 'cmake_clean_first' from command line to 'False'
[0.594s] Level 5:colcon.colcon_core.verb:set package 'pal_gripper_controller_configuration' build argument 'cmake_force_configure' from command line to 'False'
[0.594s] Level 5:colcon.colcon_core.verb:set package 'pal_gripper_controller_configuration' build argument 'ament_cmake_args' from command line to 'None'
[0.594s] Level 5:colcon.colcon_core.verb:set package 'pal_gripper_controller_configuration' build argument 'catkin_cmake_args' from command line to 'None'
[0.594s] Level 5:colcon.colcon_core.verb:set package 'pal_gripper_controller_configuration' build argument 'catkin_skip_building_tests' from command line to 'False'
[0.594s] DEBUG:colcon.colcon_core.verb:Building package 'pal_gripper_controller_configuration' with the following arguments: {'ament_cmake_args': None, 'build_base': '/opt/erc_ws/build/pal_gripper_controller_configuration', 'catkin_cmake_args': None, 'catkin_skip_building_tests': False, 'cmake_args': None, 'cmake_clean_cache': False, 'cmake_clean_first': False, 'cmake_force_configure': False, 'cmake_target': None, 'cmake_target_skip_unavailable': False, 'install_base': '/opt/erc_ws/install/pal_gripper_controller_configuration', 'merge_install': False, 'path': '/opt/erc_ws/src/pal_gripper/pal_gripper_controller_configuration', 'symlink_install': True, 'test_result_base': None}
[0.594s] Level 5:colcon.colcon_core.verb:set package 'pal_pro_gripper_wrapper' build argument 'cmake_args' from command line to 'None'
[0.594s] Level 5:colcon.colcon_core.verb:set package 'pal_pro_gripper_wrapper' build argument 'cmake_target' from command line to 'None'
[0.594s] Level 5:colcon.colcon_core.verb:set package 'pal_pro_gripper_wrapper' build argument 'cmake_target_skip_unavailable' from command line to 'False'
[0.594s] Level 5:colcon.colcon_core.verb:set package 'pal_pro_gripper_wrapper' build argument 'cmake_clean_cache' from command line to 'False'
[0.594s] Level 5:colcon.colcon_core.verb:set package 'pal_pro_gripper_wrapper' build argument 'cmake_clean_first' from command line to 'False'
[0.594s] Level 5:colcon.colcon_core.verb:set package 'pal_pro_gripper_wrapper' build argument 'cmake_force_configure' from command line to 'False'
[0.595s] Level 5:colcon.colcon_core.verb:set package 'pal_pro_gripper_wrapper' build argument 'ament_cmake_args' from command line to 'None'
[0.595s] Level 5:colcon.colcon_core.verb:set package 'pal_pro_gripper_wrapper' build argument 'catkin_cmake_args' from command line to 'None'
[0.595s] Level 5:colcon.colcon_core.verb:set package 'pal_pro_gripper_wrapper' build argument 'catkin_skip_building_tests' from command line to 'False'
[0.595s] DEBUG:colcon.colcon_core.verb:Building package 'pal_pro_gripper_wrapper' with the following arguments: {'ament_cmake_args': None, 'build_base': '/opt/erc_ws/build/pal_pro_gripper_wrapper', 'catkin_cmake_args': None, 'catkin_skip_building_tests': False, 'cmake_args': None, 'cmake_clean_cache': False, 'cmake_clean_first': False, 'cmake_force_configure': False, 'cmake_target': None, 'cmake_target_skip_unavailable': False, 'install_base': '/opt/erc_ws/install/pal_pro_gripper_wrapper', 'merge_install': False, 'path': '/opt/erc_ws/src/pal_pro_gripper/pal_pro_gripper_wrapper', 'symlink_install': True, 'test_result_base': None}
[0.595s] Level 5:colcon.colcon_core.verb:set package 'pal_urdf_utils' build argument 'cmake_args' from command line to 'None'
[0.595s] Level 5:colcon.colcon_core.verb:set package 'pal_urdf_utils' build argument 'cmake_target' from command line to 'None'
[0.595s] Level 5:colcon.colcon_core.verb:set package 'pal_urdf_utils' build argument 'cmake_target_skip_unavailable' from command line to 'False'
[0.595s] Level 5:colcon.colcon_core.verb:set package 'pal_urdf_utils' build argument 'cmake_clean_cache' from command line to 'False'
[0.595s] Level 5:colcon.colcon_core.verb:set package 'pal_urdf_utils' build argument 'cmake_clean_first' from command line to 'False'
[0.595s] Level 5:colcon.colcon_core.verb:set package 'pal_urdf_utils' build argument 'cmake_force_configure' from command line to 'False'
[0.595s] Level 5:colcon.colcon_core.verb:set package 'pal_urdf_utils' build argument 'ament_cmake_args' from command line to 'None'
[0.595s] Level 5:colcon.colcon_core.verb:set package 'pal_urdf_utils' build argument 'catkin_cmake_args' from command line to 'None'
[0.595s] Level 5:colcon.colcon_core.verb:set package 'pal_urdf_utils' build argument 'catkin_skip_building_tests' from command line to 'False'
[0.595s] DEBUG:colcon.colcon_core.verb:Building package 'pal_urdf_utils' with the following arguments: {'ament_cmake_args': None, 'build_base': '/opt/erc_ws/build/pal_urdf_utils', 'catkin_cmake_args': None, 'catkin_skip_building_tests': False, 'cmake_args': None, 'cmake_clean_cache': False, 'cmake_clean_first': False, 'cmake_force_configure': False, 'cmake_target': None, 'cmake_target_skip_unavailable': False, 'install_base': '/opt/erc_ws/install/pal_urdf_utils', 'merge_install': False, 'path': '/opt/erc_ws/src/pal_urdf_utils', 'symlink_install': True, 'test_result_base': None}
[0.595s] Level 5:colcon.colcon_core.verb:set package 'sensors' build argument 'cmake_args' from command line to 'None'
[0.595s] Level 5:colcon.colcon_core.verb:set package 'sensors' build argument 'cmake_target' from command line to 'None'
[0.596s] Level 5:colcon.colcon_core.verb:set package 'sensors' build argument 'cmake_target_skip_unavailable' from command line to 'False'
[0.596s] Level 5:colcon.colcon_core.verb:set package 'sensors' build argument 'cmake_clean_cache' from command line to 'False'
[0.596s] Level 5:colcon.colcon_core.verb:set package 'sensors' build argument 'cmake_clean_first' from command line to 'False'
[0.596s] Level 5:colcon.colcon_core.verb:set package 'sensors' build argument 'cmake_force_configure' from command line to 'False'
[0.596s] Level 5:colcon.colcon_core.verb:set package 'sensors' build argument 'ament_cmake_args' from command line to 'None'
[0.596s] Level 5:colcon.colcon_core.verb:set package 'sensors' build argument 'catkin_cmake_args' from command line to 'None'
[0.596s] Level 5:colcon.colcon_core.verb:set package 'sensors' build argument 'catkin_skip_building_tests' from command line to 'False'
[0.596s] DEBUG:colcon.colcon_core.verb:Building package 'sensors' with the following arguments: {'ament_cmake_args': None, 'build_base': '/opt/erc_ws/build/sensors', 'catkin_cmake_args': None, 'catkin_skip_building_tests': False, 'cmake_args': None, 'cmake_clean_cache': False, 'cmake_clean_first': False, 'cmake_force_configure': False, 'cmake_target': None, 'cmake_target_skip_unavailable': False, 'install_base': '/opt/erc_ws/install/sensors', 'merge_install': False, 'path': '/opt/erc_ws/src/sensors', 'symlink_install': True, 'test_result_base': None}
[0.596s] Level 5:colcon.colcon_core.verb:set package 'omni_base_description' build argument 'cmake_args' from command line to 'None'
[0.596s] Level 5:colcon.colcon_core.verb:set package 'omni_base_description' build argument 'cmake_target' from command line to 'None'
[0.596s] Level 5:colcon.colcon_core.verb:set package 'omni_base_description' build argument 'cmake_target_skip_unavailable' from command line to 'False'
[0.596s] Level 5:colcon.colcon_core.verb:set package 'omni_base_description' build argument 'cmake_clean_cache' from command line to 'False'
[0.596s] Level 5:colcon.colcon_core.verb:set package 'omni_base_description' build argument 'cmake_clean_first' from command line to 'False'
[0.596s] Level 5:colcon.colcon_core.verb:set package 'omni_base_description' build argument 'cmake_force_configure' from command line to 'False'
[0.596s] Level 5:colcon.colcon_core.verb:set package 'omni_base_description' build argument 'ament_cmake_args' from command line to 'None'
[0.596s] Level 5:colcon.colcon_core.verb:set package 'omni_base_description' build argument 'catkin_cmake_args' from command line to 'None'
[0.596s] Level 5:colcon.colcon_core.verb:set package 'omni_base_description' build argument 'catkin_skip_building_tests' from command line to 'False'
[0.596s] DEBUG:colcon.colcon_core.verb:Building package 'omni_base_description' with the following arguments: {'ament_cmake_args': None, 'build_base': '/opt/erc_ws/build/omni_base_description', 'catkin_cmake_args': None, 'catkin_skip_building_tests': False, 'cmake_args': None, 'cmake_clean_cache': False, 'cmake_clean_first': False, 'cmake_force_configure': False, 'cmake_target': None, 'cmake_target_skip_unavailable': False, 'install_base': '/opt/erc_ws/install/omni_base_description', 'merge_install': False, 'path': '/opt/erc_ws/src/omni_base_robot/omni_base_description', 'symlink_install': True, 'test_result_base': None}
[0.597s] Level 5:colcon.colcon_core.verb:set package 'pal_gripper_description' build argument 'cmake_args' from command line to 'None'
[0.597s] Level 5:colcon.colcon_core.verb:set package 'pal_gripper_description' build argument 'cmake_target' from command line to 'None'
[0.597s] Level 5:colcon.colcon_core.verb:set package 'pal_gripper_description' build argument 'cmake_target_skip_unavailable' from command line to 'False'
[0.597s] Level 5:colcon.colcon_core.verb:set package 'pal_gripper_description' build argument 'cmake_clean_cache' from command line to 'False'
[0.597s] Level 5:colcon.colcon_core.verb:set package 'pal_gripper_description' build argument 'cmake_clean_first' from command line to 'False'
[0.597s] Level 5:colcon.colcon_core.verb:set package 'pal_gripper_description' build argument 'cmake_force_configure' from command line to 'False'
[0.597s] Level 5:colcon.colcon_core.verb:set package 'pal_gripper_description' build argument 'ament_cmake_args' from command line to 'None'
[0.597s] Level 5:colcon.colcon_core.verb:set package 'pal_gripper_description' build argument 'catkin_cmake_args' from command line to 'None'
[0.597s] Level 5:colcon.colcon_core.verb:set package 'pal_gripper_description' build argument 'catkin_skip_building_tests' from command line to 'False'
[0.597s] DEBUG:colcon.colcon_core.verb:Building package 'pal_gripper_description' with the following arguments: {'ament_cmake_args': None, 'build_base': '/opt/erc_ws/build/pal_gripper_description', 'catkin_cmake_args': None, 'catkin_skip_building_tests': False, 'cmake_args': None, 'cmake_clean_cache': False, 'cmake_clean_first': False, 'cmake_force_configure': False, 'cmake_target': None, 'cmake_target_skip_unavailable': False, 'install_base': '/opt/erc_ws/install/pal_gripper_description', 'merge_install': False, 'path': '/opt/erc_ws/src/pal_gripper/pal_gripper_description', 'symlink_install': True, 'test_result_base': None}
[0.597s] Level 5:colcon.colcon_core.verb:set package 'pal_pro_gripper_controller_configuration' build argument 'cmake_args' from command line to 'None'
[0.597s] Level 5:colcon.colcon_core.verb:set package 'pal_pro_gripper_controller_configuration' build argument 'cmake_target' from command line to 'None'
[0.597s] Level 5:colcon.colcon_core.verb:set package 'pal_pro_gripper_controller_configuration' build argument 'cmake_target_skip_unavailable' from command line to 'False'
[0.597s] Level 5:colcon.colcon_core.verb:set package 'pal_pro_gripper_controller_configuration' build argument 'cmake_clean_cache' from command line to 'False'
[0.597s] Level 5:colcon.colcon_core.verb:set package 'pal_pro_gripper_controller_configuration' build argument 'cmake_clean_first' from command line to 'False'
[0.597s] Level 5:colcon.colcon_core.verb:set package 'pal_pro_gripper_controller_configuration' build argument 'cmake_force_configure' from command line to 'False'
[0.597s] Level 5:colcon.colcon_core.verb:set package 'pal_pro_gripper_controller_configuration' build argument 'ament_cmake_args' from command line to 'None'
[0.597s] Level 5:colcon.colcon_core.verb:set package 'pal_pro_gripper_controller_configuration' build argument 'catkin_cmake_args' from command line to 'None'
[0.597s] Level 5:colcon.colcon_core.verb:set package 'pal_pro_gripper_controller_configuration' build argument 'catkin_skip_building_tests' from command line to 'False'
[0.598s] DEBUG:colcon.colcon_core.verb:Building package 'pal_pro_gripper_controller_configuration' with the following arguments: {'ament_cmake_args': None, 'build_base': '/opt/erc_ws/build/pal_pro_gripper_controller_configuration', 'catkin_cmake_args': None, 'catkin_skip_building_tests': False, 'cmake_args': None, 'cmake_clean_cache': False, 'cmake_clean_first': False, 'cmake_force_configure': False, 'cmake_target': None, 'cmake_target_skip_unavailable': False, 'install_base': '/opt/erc_ws/install/pal_pro_gripper_controller_configuration', 'merge_install': False, 'path': '/opt/erc_ws/src/pal_pro_gripper/pal_pro_gripper_controller_configuration', 'symlink_install': True, 'test_result_base': None}
[0.598s] Level 5:colcon.colcon_core.verb:set package 'pal_pro_gripper_description' build argument 'cmake_args' from command line to 'None'
[0.598s] Level 5:colcon.colcon_core.verb:set package 'pal_pro_gripper_description' build argument 'cmake_target' from command line to 'None'
[0.598s] Level 5:colcon.colcon_core.verb:set package 'pal_pro_gripper_description' build argument 'cmake_target_skip_unavailable' from command line to 'False'
[0.598s] Level 5:colcon.colcon_core.verb:set package 'pal_pro_gripper_description' build argument 'cmake_clean_cache' from command line to 'False'
[0.598s] Level 5:colcon.colcon_core.verb:set package 'pal_pro_gripper_description' build argument 'cmake_clean_first' from command line to 'False'
[0.598s] Level 5:colcon.colcon_core.verb:set package 'pal_pro_gripper_description' build argument 'cmake_force_configure' from command line to 'False'
[0.598s] Level 5:colcon.colcon_core.verb:set package 'pal_pro_gripper_description' build argument 'ament_cmake_args' from command line to 'None'
[0.598s] Level 5:colcon.colcon_core.verb:set package 'pal_pro_gripper_description' build argument 'catkin_cmake_args' from command line to 'None'
[0.598s] Level 5:colcon.colcon_core.verb:set package 'pal_pro_gripper_description' build argument 'catkin_skip_building_tests' from command line to 'False'
[0.598s] DEBUG:colcon.colcon_core.verb:Building package 'pal_pro_gripper_description' with the following arguments: {'ament_cmake_args': None, 'build_base': '/opt/erc_ws/build/pal_pro_gripper_description', 'catkin_cmake_args': None, 'catkin_skip_building_tests': False, 'cmake_args': None, 'cmake_clean_cache': False, 'cmake_clean_first': False, 'cmake_force_configure': False, 'cmake_target': None, 'cmake_target_skip_unavailable': False, 'install_base': '/opt/erc_ws/install/pal_pro_gripper_description', 'merge_install': False, 'path': '/opt/erc_ws/src/pal_pro_gripper/pal_pro_gripper_description', 'symlink_install': True, 'test_result_base': None}
[0.598s] Level 5:colcon.colcon_core.verb:set package 'tiago_pro_head_controller_configuration' build argument 'cmake_args' from command line to 'None'
[0.598s] Level 5:colcon.colcon_core.verb:set package 'tiago_pro_head_controller_configuration' build argument 'cmake_target' from command line to 'None'
[0.598s] Level 5:colcon.colcon_core.verb:set package 'tiago_pro_head_controller_configuration' build argument 'cmake_target_skip_unavailable' from command line to 'False'
[0.598s] Level 5:colcon.colcon_core.verb:set package 'tiago_pro_head_controller_configuration' build argument 'cmake_clean_cache' from command line to 'False'
[0.598s] Level 5:colcon.colcon_core.verb:set package 'tiago_pro_head_controller_configuration' build argument 'cmake_clean_first' from command line to 'False'
[0.598s] Level 5:colcon.colcon_core.verb:set package 'tiago_pro_head_controller_configuration' build argument 'cmake_force_configure' from command line to 'False'
[0.599s] Level 5:colcon.colcon_core.verb:set package 'tiago_pro_head_controller_configuration' build argument 'ament_cmake_args' from command line to 'None'
[0.599s] Level 5:colcon.colcon_core.verb:set package 'tiago_pro_head_controller_configuration' build argument 'catkin_cmake_args' from command line to 'None'
[0.599s] Level 5:colcon.colcon_core.verb:set package 'tiago_pro_head_controller_configuration' build argument 'catkin_skip_building_tests' from command line to 'False'
[0.599s] DEBUG:colcon.colcon_core.verb:Building package 'tiago_pro_head_controller_configuration' with the following arguments: {'ament_cmake_args': None, 'build_base': '/opt/erc_ws/build/tiago_pro_head_controller_configuration', 'catkin_cmake_args': None, 'catkin_skip_building_tests': False, 'cmake_args': None, 'cmake_clean_cache': False, 'cmake_clean_first': False, 'cmake_force_configure': False, 'cmake_target': None, 'cmake_target_skip_unavailable': False, 'install_base': '/opt/erc_ws/install/tiago_pro_head_controller_configuration', 'merge_install': False, 'path': '/opt/erc_ws/src/tiago_pro_head_robot/tiago_pro_head_controller_configuration', 'symlink_install': True, 'test_result_base': None}
[0.599s] Level 5:colcon.colcon_core.verb:set package 'omni_base_bringup' build argument 'cmake_args' from command line to 'None'
[0.599s] Level 5:colcon.colcon_core.verb:set package 'omni_base_bringup' build argument 'cmake_target' from command line to 'None'
[0.599s] Level 5:colcon.colcon_core.verb:set package 'omni_base_bringup' build argument 'cmake_target_skip_unavailable' from command line to 'False'
[0.599s] Level 5:colcon.colcon_core.verb:set package 'omni_base_bringup' build argument 'cmake_clean_cache' from command line to 'False'
[0.599s] Level 5:colcon.colcon_core.verb:set package 'omni_base_bringup' build argument 'cmake_clean_first' from command line to 'False'
[0.599s] Level 5:colcon.colcon_core.verb:set package 'omni_base_bringup' build argument 'cmake_force_configure' from command line to 'False'
[0.599s] Level 5:colcon.colcon_core.verb:set package 'omni_base_bringup' build argument 'ament_cmake_args' from command line to 'None'
[0.599s] Level 5:colcon.colcon_core.verb:set package 'omni_base_bringup' build argument 'catkin_cmake_args' from command line to 'None'
[0.599s] Level 5:colcon.colcon_core.verb:set package 'omni_base_bringup' build argument 'catkin_skip_building_tests' from command line to 'False'
[0.599s] DEBUG:colcon.colcon_core.verb:Building package 'omni_base_bringup' with the following arguments: {'ament_cmake_args': None, 'build_base': '/opt/erc_ws/build/omni_base_bringup', 'catkin_cmake_args': None, 'catkin_skip_building_tests': False, 'cmake_args': None, 'cmake_clean_cache': False, 'cmake_clean_first': False, 'cmake_force_configure': False, 'cmake_target': None, 'cmake_target_skip_unavailable': False, 'install_base': '/opt/erc_ws/install/omni_base_bringup', 'merge_install': False, 'path': '/opt/erc_ws/src/omni_base_robot/omni_base_bringup', 'symlink_install': True, 'test_result_base': None}
[0.599s] Level 5:colcon.colcon_core.verb:set package 'pal_gripper' build argument 'cmake_args' from command line to 'None'
[0.599s] Level 5:colcon.colcon_core.verb:set package 'pal_gripper' build argument 'cmake_target' from command line to 'None'
[0.599s] Level 5:colcon.colcon_core.verb:set package 'pal_gripper' build argument 'cmake_target_skip_unavailable' from command line to 'False'
[0.599s] Level 5:colcon.colcon_core.verb:set package 'pal_gripper' build argument 'cmake_clean_cache' from command line to 'False'
[0.600s] Level 5:colcon.colcon_core.verb:set package 'pal_gripper' build argument 'cmake_clean_first' from command line to 'False'
[0.600s] Level 5:colcon.colcon_core.verb:set package 'pal_gripper' build argument 'cmake_force_configure' from command line to 'False'
[0.600s] Level 5:colcon.colcon_core.verb:set package 'pal_gripper' build argument 'ament_cmake_args' from command line to 'None'
[0.600s] Level 5:colcon.colcon_core.verb:set package 'pal_gripper' build argument 'catkin_cmake_args' from command line to 'None'
[0.600s] Level 5:colcon.colcon_core.verb:set package 'pal_gripper' build argument 'catkin_skip_building_tests' from command line to 'False'
[0.600s] DEBUG:colcon.colcon_core.verb:Building package 'pal_gripper' with the following arguments: {'ament_cmake_args': None, 'build_base': '/opt/erc_ws/build/pal_gripper', 'catkin_cmake_args': None, 'catkin_skip_building_tests': False, 'cmake_args': None, 'cmake_clean_cache': False, 'cmake_clean_first': False, 'cmake_force_configure': False, 'cmake_target': None, 'cmake_target_skip_unavailable': False, 'install_base': '/opt/erc_ws/install/pal_gripper', 'merge_install': False, 'path': '/opt/erc_ws/src/pal_gripper/pal_gripper', 'symlink_install': True, 'test_result_base': None}
[0.600s] Level 5:colcon.colcon_core.verb:set package 'pal_gripper_simulation' build argument 'cmake_args' from command line to 'None'
[0.600s] Level 5:colcon.colcon_core.verb:set package 'pal_gripper_simulation' build argument 'cmake_target' from command line to 'None'
[0.600s] Level 5:colcon.colcon_core.verb:set package 'pal_gripper_simulation' build argument 'cmake_target_skip_unavailable' from command line to 'False'
[0.600s] Level 5:colcon.colcon_core.verb:set package 'pal_gripper_simulation' build argument 'cmake_clean_cache' from command line to 'False'
[0.600s] Level 5:colcon.colcon_core.verb:set package 'pal_gripper_simulation' build argument 'cmake_clean_first' from command line to 'False'
[0.600s] Level 5:colcon.colcon_core.verb:set package 'pal_gripper_simulation' build argument 'cmake_force_configure' from command line to 'False'
[0.600s] Level 5:colcon.colcon_core.verb:set package 'pal_gripper_simulation' build argument 'ament_cmake_args' from command line to 'None'
[0.600s] Level 5:colcon.colcon_core.verb:set package 'pal_gripper_simulation' build argument 'catkin_cmake_args' from command line to 'None'
[0.600s] Level 5:colcon.colcon_core.verb:set package 'pal_gripper_simulation' build argument 'catkin_skip_building_tests' from command line to 'False'
[0.600s] DEBUG:colcon.colcon_core.verb:Building package 'pal_gripper_simulation' with the following arguments: {'ament_cmake_args': None, 'build_base': '/opt/erc_ws/build/pal_gripper_simulation', 'catkin_cmake_args': None, 'catkin_skip_building_tests': False, 'cmake_args': None, 'cmake_clean_cache': False, 'cmake_clean_first': False, 'cmake_force_configure': False, 'cmake_target': None, 'cmake_target_skip_unavailable': False, 'install_base': '/opt/erc_ws/install/pal_gripper_simulation', 'merge_install': False, 'path': '/opt/erc_ws/src/pal_gripper/pal_gripper_simulation', 'symlink_install': True, 'test_result_base': None}
[0.600s] Level 5:colcon.colcon_core.verb:set package 'pal_pro_gripper' build argument 'cmake_args' from command line to 'None'
[0.600s] Level 5:colcon.colcon_core.verb:set package 'pal_pro_gripper' build argument 'cmake_target' from command line to 'None'
[0.601s] Level 5:colcon.colcon_core.verb:set package 'pal_pro_gripper' build argument 'cmake_target_skip_unavailable' from command line to 'False'
[0.601s] Level 5:colcon.colcon_core.verb:set package 'pal_pro_gripper' build argument 'cmake_clean_cache' from command line to 'False'
[0.601s] Level 5:colcon.colcon_core.verb:set package 'pal_pro_gripper' build argument 'cmake_clean_first' from command line to 'False'
[0.601s] Level 5:colcon.colcon_core.verb:set package 'pal_pro_gripper' build argument 'cmake_force_configure' from command line to 'False'
[0.601s] Level 5:colcon.colcon_core.verb:set package 'pal_pro_gripper' build argument 'ament_cmake_args' from command line to 'None'
[0.601s] Level 5:colcon.colcon_core.verb:set package 'pal_pro_gripper' build argument 'catkin_cmake_args' from command line to 'None'
[0.601s] Level 5:colcon.colcon_core.verb:set package 'pal_pro_gripper' build argument 'catkin_skip_building_tests' from command line to 'False'
[0.601s] DEBUG:colcon.colcon_core.verb:Building package 'pal_pro_gripper' with the following arguments: {'ament_cmake_args': None, 'build_base': '/opt/erc_ws/build/pal_pro_gripper', 'catkin_cmake_args': None, 'catkin_skip_building_tests': False, 'cmake_args': None, 'cmake_clean_cache': False, 'cmake_clean_first': False, 'cmake_force_configure': False, 'cmake_target': None, 'cmake_target_skip_unavailable': False, 'install_base': '/opt/erc_ws/install/pal_pro_gripper', 'merge_install': False, 'path': '/opt/erc_ws/src/pal_pro_gripper/pal_pro_gripper', 'symlink_install': True, 'test_result_base': None}
[0.601s] Level 5:colcon.colcon_core.verb:set package 'pal_pro_gripper_bringup' build argument 'cmake_args' from command line to 'None'
[0.601s] Level 5:colcon.colcon_core.verb:set package 'pal_pro_gripper_bringup' build argument 'cmake_target' from command line to 'None'
[0.601s] Level 5:colcon.colcon_core.verb:set package 'pal_pro_gripper_bringup' build argument 'cmake_target_skip_unavailable' from command line to 'False'
[0.601s] Level 5:colcon.colcon_core.verb:set package 'pal_pro_gripper_bringup' build argument 'cmake_clean_cache' from command line to 'False'
[0.601s] Level 5:colcon.colcon_core.verb:set package 'pal_pro_gripper_bringup' build argument 'cmake_clean_first' from command line to 'False'
[0.601s] Level 5:colcon.colcon_core.verb:set package 'pal_pro_gripper_bringup' build argument 'cmake_force_configure' from command line to 'False'
[0.601s] Level 5:colcon.colcon_core.verb:set package 'pal_pro_gripper_bringup' build argument 'ament_cmake_args' from command line to 'None'
[0.601s] Level 5:colcon.colcon_core.verb:set package 'pal_pro_gripper_bringup' build argument 'catkin_cmake_args' from command line to 'None'
[0.601s] Level 5:colcon.colcon_core.verb:set package 'pal_pro_gripper_bringup' build argument 'catkin_skip_building_tests' from command line to 'False'
[0.601s] DEBUG:colcon.colcon_core.verb:Building package 'pal_pro_gripper_bringup' with the following arguments: {'ament_cmake_args': None, 'build_base': '/opt/erc_ws/build/pal_pro_gripper_bringup', 'catkin_cmake_args': None, 'catkin_skip_building_tests': False, 'cmake_args': None, 'cmake_clean_cache': False, 'cmake_clean_first': False, 'cmake_force_configure': False, 'cmake_target': None, 'cmake_target_skip_unavailable': False, 'install_base': '/opt/erc_ws/install/pal_pro_gripper_bringup', 'merge_install': False, 'path': '/opt/erc_ws/src/pal_pro_gripper/pal_pro_gripper_bringup', 'symlink_install': True, 'test_result_base': None}
[0.602s] Level 5:colcon.colcon_core.verb:set package 'pal_pro_gripper_simulation' build argument 'cmake_args' from command line to 'None'
[0.602s] Level 5:colcon.colcon_core.verb:set package 'pal_pro_gripper_simulation' build argument 'cmake_target' from command line to 'None'
[0.602s] Level 5:colcon.colcon_core.verb:set package 'pal_pro_gripper_simulation' build argument 'cmake_target_skip_unavailable' from command line to 'False'
[0.602s] Level 5:colcon.colcon_core.verb:set package 'pal_pro_gripper_simulation' build argument 'cmake_clean_cache' from command line to 'False'
[0.602s] Level 5:colcon.colcon_core.verb:set package 'pal_pro_gripper_simulation' build argument 'cmake_clean_first' from command line to 'False'
[0.602s] Level 5:colcon.colcon_core.verb:set package 'pal_pro_gripper_simulation' build argument 'cmake_force_configure' from command line to 'False'
[0.602s] Level 5:colcon.colcon_core.verb:set package 'pal_pro_gripper_simulation' build argument 'ament_cmake_args' from command line to 'None'
[0.602s] Level 5:colcon.colcon_core.verb:set package 'pal_pro_gripper_simulation' build argument 'catkin_cmake_args' from command line to 'None'
[0.602s] Level 5:colcon.colcon_core.verb:set package 'pal_pro_gripper_simulation' build argument 'catkin_skip_building_tests' from command line to 'False'
[0.602s] DEBUG:colcon.colcon_core.verb:Building package 'pal_pro_gripper_simulation' with the following arguments: {'ament_cmake_args': None, 'build_base': '/opt/erc_ws/build/pal_pro_gripper_simulation', 'catkin_cmake_args': None, 'catkin_skip_building_tests': False, 'cmake_args': None, 'cmake_clean_cache': False, 'cmake_clean_first': False, 'cmake_force_configure': False, 'cmake_target': None, 'cmake_target_skip_unavailable': False, 'install_base': '/opt/erc_ws/install/pal_pro_gripper_simulation', 'merge_install': False, 'path': '/opt/erc_ws/src/pal_pro_gripper/pal_pro_gripper_simulation', 'symlink_install': True, 'test_result_base': None}
[0.602s] Level 5:colcon.colcon_core.verb:set package 'pal_sea_arm_controller_configuration' build argument 'cmake_args' from command line to 'None'
[0.602s] Level 5:colcon.colcon_core.verb:set package 'pal_sea_arm_controller_configuration' build argument 'cmake_target' from command line to 'None'
[0.602s] Level 5:colcon.colcon_core.verb:set package 'pal_sea_arm_controller_configuration' build argument 'cmake_target_skip_unavailable' from command line to 'False'
[0.602s] Level 5:colcon.colcon_core.verb:set package 'pal_sea_arm_controller_configuration' build argument 'cmake_clean_cache' from command line to 'False'
[0.602s] Level 5:colcon.colcon_core.verb:set package 'pal_sea_arm_controller_configuration' build argument 'cmake_clean_first' from command line to 'False'
[0.602s] Level 5:colcon.colcon_core.verb:set package 'pal_sea_arm_controller_configuration' build argument 'cmake_force_configure' from command line to 'False'
[0.602s] Level 5:colcon.colcon_core.verb:set package 'pal_sea_arm_controller_configuration' build argument 'ament_cmake_args' from command line to 'None'
[0.602s] Level 5:colcon.colcon_core.verb:set package 'pal_sea_arm_controller_configuration' build argument 'catkin_cmake_args' from command line to 'None'
[0.602s] Level 5:colcon.colcon_core.verb:set package 'pal_sea_arm_controller_configuration' build argument 'catkin_skip_building_tests' from command line to 'False'
[0.602s] DEBUG:colcon.colcon_core.verb:Building package 'pal_sea_arm_controller_configuration' with the following arguments: {'ament_cmake_args': None, 'build_base': '/opt/erc_ws/build/pal_sea_arm_controller_configuration', 'catkin_cmake_args': None, 'catkin_skip_building_tests': False, 'cmake_args': None, 'cmake_clean_cache': False, 'cmake_clean_first': False, 'cmake_force_configure': False, 'cmake_target': None, 'cmake_target_skip_unavailable': False, 'install_base': '/opt/erc_ws/install/pal_sea_arm_controller_configuration', 'merge_install': False, 'path': '/opt/erc_ws/src/pal_sea_arm/pal_sea_arm_controller_configuration', 'symlink_install': True, 'test_result_base': None}
[0.603s] Level 5:colcon.colcon_core.verb:set package 'tiago_pro_head_description' build argument 'cmake_args' from command line to 'None'
[0.603s] Level 5:colcon.colcon_core.verb:set package 'tiago_pro_head_description' build argument 'cmake_target' from command line to 'None'
[0.603s] Level 5:colcon.colcon_core.verb:set package 'tiago_pro_head_description' build argument 'cmake_target_skip_unavailable' from command line to 'False'
[0.603s] Level 5:colcon.colcon_core.verb:set package 'tiago_pro_head_description' build argument 'cmake_clean_cache' from command line to 'False'
[0.603s] Level 5:colcon.colcon_core.verb:set package 'tiago_pro_head_description' build argument 'cmake_clean_first' from command line to 'False'
[0.603s] Level 5:colcon.colcon_core.verb:set package 'tiago_pro_head_description' build argument 'cmake_force_configure' from command line to 'False'
[0.603s] Level 5:colcon.colcon_core.verb:set package 'tiago_pro_head_description' build argument 'ament_cmake_args' from command line to 'None'
[0.603s] Level 5:colcon.colcon_core.verb:set package 'tiago_pro_head_description' build argument 'catkin_cmake_args' from command line to 'None'
[0.603s] Level 5:colcon.colcon_core.verb:set package 'tiago_pro_head_description' build argument 'catkin_skip_building_tests' from command line to 'False'
[0.603s] DEBUG:colcon.colcon_core.verb:Building package 'tiago_pro_head_description' with the following arguments: {'ament_cmake_args': None, 'build_base': '/opt/erc_ws/build/tiago_pro_head_description', 'catkin_cmake_args': None, 'catkin_skip_building_tests': False, 'cmake_args': None, 'cmake_clean_cache': False, 'cmake_clean_first': False, 'cmake_force_configure': False, 'cmake_target': None, 'cmake_target_skip_unavailable': False, 'install_base': '/opt/erc_ws/install/tiago_pro_head_description', 'merge_install': False, 'path': '/opt/erc_ws/src/tiago_pro_head_robot/tiago_pro_head_description', 'symlink_install': True, 'test_result_base': None}
[0.603s] Level 5:colcon.colcon_core.verb:set package 'omni_base_robot' build argument 'cmake_args' from command line to 'None'
[0.603s] Level 5:colcon.colcon_core.verb:set package 'omni_base_robot' build argument 'cmake_target' from command line to 'None'
[0.603s] Level 5:colcon.colcon_core.verb:set package 'omni_base_robot' build argument 'cmake_target_skip_unavailable' from command line to 'False'
[0.603s] Level 5:colcon.colcon_core.verb:set package 'omni_base_robot' build argument 'cmake_clean_cache' from command line to 'False'
[0.603s] Level 5:colcon.colcon_core.verb:set package 'omni_base_robot' build argument 'cmake_clean_first' from command line to 'False'
[0.603s] Level 5:colcon.colcon_core.verb:set package 'omni_base_robot' build argument 'cmake_force_configure' from command line to 'False'
[0.603s] Level 5:colcon.colcon_core.verb:set package 'omni_base_robot' build argument 'ament_cmake_args' from command line to 'None'
[0.603s] Level 5:colcon.colcon_core.verb:set package 'omni_base_robot' build argument 'catkin_cmake_args' from command line to 'None'
[0.603s] Level 5:colcon.colcon_core.verb:set package 'omni_base_robot' build argument 'catkin_skip_building_tests' from command line to 'False'
[0.603s] DEBUG:colcon.colcon_core.verb:Building package 'omni_base_robot' with the following arguments: {'ament_cmake_args': None, 'build_base': '/opt/erc_ws/build/omni_base_robot', 'catkin_cmake_args': None, 'catkin_skip_building_tests': False, 'cmake_args': None, 'cmake_clean_cache': False, 'cmake_clean_first': False, 'cmake_force_configure': False, 'cmake_target': None, 'cmake_target_skip_unavailable': False, 'install_base': '/opt/erc_ws/install/omni_base_robot', 'merge_install': False, 'path': '/opt/erc_ws/src/omni_base_robot/omni_base_robot', 'symlink_install': True, 'test_result_base': None}
[0.604s] Level 5:colcon.colcon_core.verb:set package 'pal_sea_arm_description' build argument 'cmake_args' from command line to 'None'
[0.604s] Level 5:colcon.colcon_core.verb:set package 'pal_sea_arm_description' build argument 'cmake_target' from command line to 'None'
[0.604s] Level 5:colcon.colcon_core.verb:set package 'pal_sea_arm_description' build argument 'cmake_target_skip_unavailable' from command line to 'False'
[0.604s] Level 5:colcon.colcon_core.verb:set package 'pal_sea_arm_description' build argument 'cmake_clean_cache' from command line to 'False'
[0.604s] Level 5:colcon.colcon_core.verb:set package 'pal_sea_arm_description' build argument 'cmake_clean_first' from command line to 'False'
[0.604s] Level 5:colcon.colcon_core.verb:set package 'pal_sea_arm_description' build argument 'cmake_force_configure' from command line to 'False'
[0.604s] Level 5:colcon.colcon_core.verb:set package 'pal_sea_arm_description' build argument 'ament_cmake_args' from command line to 'None'
[0.604s] Level 5:colcon.colcon_core.verb:set package 'pal_sea_arm_description' build argument 'catkin_cmake_args' from command line to 'None'
[0.604s] Level 5:colcon.colcon_core.verb:set package 'pal_sea_arm_description' build argument 'catkin_skip_building_tests' from command line to 'False'
[0.604s] DEBUG:colcon.colcon_core.verb:Building package 'pal_sea_arm_description' with the following arguments: {'ament_cmake_args': None, 'build_base': '/opt/erc_ws/build/pal_sea_arm_description', 'catkin_cmake_args': None, 'catkin_skip_building_tests': False, 'cmake_args': None, 'cmake_clean_cache': False, 'cmake_clean_first': False, 'cmake_force_configure': False, 'cmake_target': None, 'cmake_target_skip_unavailable': False, 'install_base': '/opt/erc_ws/install/pal_sea_arm_description', 'merge_install': False, 'path': '/opt/erc_ws/src/pal_sea_arm/pal_sea_arm_description', 'symlink_install': True, 'test_result_base': None}
[0.604s] Level 5:colcon.colcon_core.verb:set package 'tiago_pro_controller_configuration' build argument 'cmake_args' from command line to 'None'
[0.604s] Level 5:colcon.colcon_core.verb:set package 'tiago_pro_controller_configuration' build argument 'cmake_target' from command line to 'None'
[0.604s] Level 5:colcon.colcon_core.verb:set package 'tiago_pro_controller_configuration' build argument 'cmake_target_skip_unavailable' from command line to 'False'
[0.604s] Level 5:colcon.colcon_core.verb:set package 'tiago_pro_controller_configuration' build argument 'cmake_clean_cache' from command line to 'False'
[0.604s] Level 5:colcon.colcon_core.verb:set package 'tiago_pro_controller_configuration' build argument 'cmake_clean_first' from command line to 'False'
[0.604s] Level 5:colcon.colcon_core.verb:set package 'tiago_pro_controller_configuration' build argument 'cmake_force_configure' from command line to 'False'
[0.604s] Level 5:colcon.colcon_core.verb:set package 'tiago_pro_controller_configuration' build argument 'ament_cmake_args' from command line to 'None'
[0.604s] Level 5:colcon.colcon_core.verb:set package 'tiago_pro_controller_configuration' build argument 'catkin_cmake_args' from command line to 'None'
[0.604s] Level 5:colcon.colcon_core.verb:set package 'tiago_pro_controller_configuration' build argument 'catkin_skip_building_tests' from command line to 'False'
[0.604s] DEBUG:colcon.colcon_core.verb:Building package 'tiago_pro_controller_configuration' with the following arguments: {'ament_cmake_args': None, 'build_base': '/opt/erc_ws/build/tiago_pro_controller_configuration', 'catkin_cmake_args': None, 'catkin_skip_building_tests': False, 'cmake_args': None, 'cmake_clean_cache': False, 'cmake_clean_first': False, 'cmake_force_configure': False, 'cmake_target': None, 'cmake_target_skip_unavailable': False, 'install_base': '/opt/erc_ws/install/tiago_pro_controller_configuration', 'merge_install': False, 'path': '/opt/erc_ws/src/tiago_pro_robot/tiago_pro_controller_configuration', 'symlink_install': True, 'test_result_base': None}
[0.605s] Level 5:colcon.colcon_core.verb:set package 'tiago_pro_head_bringup' build argument 'cmake_args' from command line to 'None'
[0.605s] Level 5:colcon.colcon_core.verb:set package 'tiago_pro_head_bringup' build argument 'cmake_target' from command line to 'None'
[0.605s] Level 5:colcon.colcon_core.verb:set package 'tiago_pro_head_bringup' build argument 'cmake_target_skip_unavailable' from command line to 'False'
[0.605s] Level 5:colcon.colcon_core.verb:set package 'tiago_pro_head_bringup' build argument 'cmake_clean_cache' from command line to 'False'
[0.605s] Level 5:colcon.colcon_core.verb:set package 'tiago_pro_head_bringup' build argument 'cmake_clean_first' from command line to 'False'
[0.605s] Level 5:colcon.colcon_core.verb:set package 'tiago_pro_head_bringup' build argument 'cmake_force_configure' from command line to 'False'
[0.605s] Level 5:colcon.colcon_core.verb:set package 'tiago_pro_head_bringup' build argument 'ament_cmake_args' from command line to 'None'
[0.605s] Level 5:colcon.colcon_core.verb:set package 'tiago_pro_head_bringup' build argument 'catkin_cmake_args' from command line to 'None'
[0.605s] Level 5:colcon.colcon_core.verb:set package 'tiago_pro_head_bringup' build argument 'catkin_skip_building_tests' from command line to 'False'
[0.605s] DEBUG:colcon.colcon_core.verb:Building package 'tiago_pro_head_bringup' with the following arguments: {'ament_cmake_args': None, 'build_base': '/opt/erc_ws/build/tiago_pro_head_bringup', 'catkin_cmake_args': None, 'catkin_skip_building_tests': False, 'cmake_args': None, 'cmake_clean_cache': False, 'cmake_clean_first': False, 'cmake_force_configure': False, 'cmake_target': None, 'cmake_target_skip_unavailable': False, 'install_base': '/opt/erc_ws/install/tiago_pro_head_bringup', 'merge_install': False, 'path': '/opt/erc_ws/src/tiago_pro_head_robot/tiago_pro_head_bringup', 'symlink_install': True, 'test_result_base': None}
[0.605s] Level 5:colcon.colcon_core.verb:set package 'pal_sea_arm_bringup' build argument 'cmake_args' from command line to 'None'
[0.605s] Level 5:colcon.colcon_core.verb:set package 'pal_sea_arm_bringup' build argument 'cmake_target' from command line to 'None'
[0.605s] Level 5:colcon.colcon_core.verb:set package 'pal_sea_arm_bringup' build argument 'cmake_target_skip_unavailable' from command line to 'False'
[0.605s] Level 5:colcon.colcon_core.verb:set package 'pal_sea_arm_bringup' build argument 'cmake_clean_cache' from command line to 'False'
[0.605s] Level 5:colcon.colcon_core.verb:set package 'pal_sea_arm_bringup' build argument 'cmake_clean_first' from command line to 'False'
[0.605s] Level 5:colcon.colcon_core.verb:set package 'pal_sea_arm_bringup' build argument 'cmake_force_configure' from command line to 'False'
[0.605s] Level 5:colcon.colcon_core.verb:set package 'pal_sea_arm_bringup' build argument 'ament_cmake_args' from command line to 'None'
[0.605s] Level 5:colcon.colcon_core.verb:set package 'pal_sea_arm_bringup' build argument 'catkin_cmake_args' from command line to 'None'
[0.606s] Level 5:colcon.colcon_core.verb:set package 'pal_sea_arm_bringup' build argument 'catkin_skip_building_tests' from command line to 'False'
[0.606s] DEBUG:colcon.colcon_core.verb:Building package 'pal_sea_arm_bringup' with the following arguments: {'ament_cmake_args': None, 'build_base': '/opt/erc_ws/build/pal_sea_arm_bringup', 'catkin_cmake_args': None, 'catkin_skip_building_tests': False, 'cmake_args': None, 'cmake_clean_cache': False, 'cmake_clean_first': False, 'cmake_force_configure': False, 'cmake_target': None, 'cmake_target_skip_unavailable': False, 'install_base': '/opt/erc_ws/install/pal_sea_arm_bringup', 'merge_install': False, 'path': '/opt/erc_ws/src/pal_sea_arm/pal_sea_arm_bringup', 'symlink_install': True, 'test_result_base': None}
[0.606s] Level 5:colcon.colcon_core.verb:set package 'tiago_pro_bringup' build argument 'cmake_args' from command line to 'None'
[0.606s] Level 5:colcon.colcon_core.verb:set package 'tiago_pro_bringup' build argument 'cmake_target' from command line to 'None'
[0.606s] Level 5:colcon.colcon_core.verb:set package 'tiago_pro_bringup' build argument 'cmake_target_skip_unavailable' from command line to 'False'
[0.606s] Level 5:colcon.colcon_core.verb:set package 'tiago_pro_bringup' build argument 'cmake_clean_cache' from command line to 'False'
[0.606s] Level 5:colcon.colcon_core.verb:set package 'tiago_pro_bringup' build argument 'cmake_clean_first' from command line to 'False'
[0.606s] Level 5:colcon.colcon_core.verb:set package 'tiago_pro_bringup' build argument 'cmake_force_configure' from command line to 'False'
[0.606s] Level 5:colcon.colcon_core.verb:set package 'tiago_pro_bringup' build argument 'ament_cmake_args' from command line to 'None'
[0.606s] Level 5:colcon.colcon_core.verb:set package 'tiago_pro_bringup' build argument 'catkin_cmake_args' from command line to 'None'
[0.606s] Level 5:colcon.colcon_core.verb:set package 'tiago_pro_bringup' build argument 'catkin_skip_building_tests' from command line to 'False'
[0.606s] DEBUG:colcon.colcon_core.verb:Building package 'tiago_pro_bringup' with the following arguments: {'ament_cmake_args': None, 'build_base': '/opt/erc_ws/build/tiago_pro_bringup', 'catkin_cmake_args': None, 'catkin_skip_building_tests': False, 'cmake_args': None, 'cmake_clean_cache': False, 'cmake_clean_first': False, 'cmake_force_configure': False, 'cmake_target': None, 'cmake_target_skip_unavailable': False, 'install_base': '/opt/erc_ws/install/tiago_pro_bringup', 'merge_install': False, 'path': '/opt/erc_ws/src/tiago_pro_robot/tiago_pro_bringup', 'symlink_install': True, 'test_result_base': None}
[0.606s] Level 5:colcon.colcon_core.verb:set package 'tiago_pro_description' build argument 'cmake_args' from command line to 'None'
[0.607s] Level 5:colcon.colcon_core.verb:set package 'tiago_pro_description' build argument 'cmake_target' from command line to 'None'
[0.607s] Level 5:colcon.colcon_core.verb:set package 'tiago_pro_description' build argument 'cmake_target_skip_unavailable' from command line to 'False'
[0.607s] Level 5:colcon.colcon_core.verb:set package 'tiago_pro_description' build argument 'cmake_clean_cache' from command line to 'False'
[0.607s] Level 5:colcon.colcon_core.verb:set package 'tiago_pro_description' build argument 'cmake_clean_first' from command line to 'False'
[0.607s] Level 5:colcon.colcon_core.verb:set package 'tiago_pro_description' build argument 'cmake_force_configure' from command line to 'False'
[0.607s] Level 5:colcon.colcon_core.verb:set package 'tiago_pro_description' build argument 'ament_cmake_args' from command line to 'None'
[0.607s] Level 5:colcon.colcon_core.verb:set package 'tiago_pro_description' build argument 'catkin_cmake_args' from command line to 'None'
[0.607s] Level 5:colcon.colcon_core.verb:set package 'tiago_pro_description' build argument 'catkin_skip_building_tests' from command line to 'False'
[0.607s] DEBUG:colcon.colcon_core.verb:Building package 'tiago_pro_description' with the following arguments: {'ament_cmake_args': None, 'build_base': '/opt/erc_ws/build/tiago_pro_description', 'catkin_cmake_args': None, 'catkin_skip_building_tests': False, 'cmake_args': None, 'cmake_clean_cache': False, 'cmake_clean_first': False, 'cmake_force_configure': False, 'cmake_target': None, 'cmake_target_skip_unavailable': False, 'install_base': '/opt/erc_ws/install/tiago_pro_description', 'merge_install': False, 'path': '/opt/erc_ws/src/tiago_pro_robot/tiago_pro_description', 'symlink_install': True, 'test_result_base': None}
[0.607s] Level 5:colcon.colcon_core.verb:set package 'tiago_pro_head_robot' build argument 'cmake_args' from command line to 'None'
[0.607s] Level 5:colcon.colcon_core.verb:set package 'tiago_pro_head_robot' build argument 'cmake_target' from command line to 'None'
[0.607s] Level 5:colcon.colcon_core.verb:set package 'tiago_pro_head_robot' build argument 'cmake_target_skip_unavailable' from command line to 'False'
[0.607s] Level 5:colcon.colcon_core.verb:set package 'tiago_pro_head_robot' build argument 'cmake_clean_cache' from command line to 'False'
[0.607s] Level 5:colcon.colcon_core.verb:set package 'tiago_pro_head_robot' build argument 'cmake_clean_first' from command line to 'False'
[0.607s] Level 5:colcon.colcon_core.verb:set package 'tiago_pro_head_robot' build argument 'cmake_force_configure' from command line to 'False'
[0.607s] Level 5:colcon.colcon_core.verb:set package 'tiago_pro_head_robot' build argument 'ament_cmake_args' from command line to 'None'
[0.607s] Level 5:colcon.colcon_core.verb:set package 'tiago_pro_head_robot' build argument 'catkin_cmake_args' from command line to 'None'
[0.607s] Level 5:colcon.colcon_core.verb:set package 'tiago_pro_head_robot' build argument 'catkin_skip_building_tests' from command line to 'False'
[0.607s] DEBUG:colcon.colcon_core.verb:Building package 'tiago_pro_head_robot' with the following arguments: {'ament_cmake_args': None, 'build_base': '/opt/erc_ws/build/tiago_pro_head_robot', 'catkin_cmake_args': None, 'catkin_skip_building_tests': False, 'cmake_args': None, 'cmake_clean_cache': False, 'cmake_clean_first': False, 'cmake_force_configure': False, 'cmake_target': None, 'cmake_target_skip_unavailable': False, 'install_base': '/opt/erc_ws/install/tiago_pro_head_robot', 'merge_install': False, 'path': '/opt/erc_ws/src/tiago_pro_head_robot/tiago_pro_head_robot', 'symlink_install': True, 'test_result_base': None}
[0.608s] Level 5:colcon.colcon_core.verb:set package 'erc_bringup' build argument 'cmake_args' from command line to 'None'
[0.608s] Level 5:colcon.colcon_core.verb:set package 'erc_bringup' build argument 'cmake_target' from command line to 'None'
[0.608s] Level 5:colcon.colcon_core.verb:set package 'erc_bringup' build argument 'cmake_target_skip_unavailable' from command line to 'False'
[0.608s] Level 5:colcon.colcon_core.verb:set package 'erc_bringup' build argument 'cmake_clean_cache' from command line to 'False'
[0.608s] Level 5:colcon.colcon_core.verb:set package 'erc_bringup' build argument 'cmake_clean_first' from command line to 'False'
[0.608s] Level 5:colcon.colcon_core.verb:set package 'erc_bringup' build argument 'cmake_force_configure' from command line to 'False'
[0.608s] Level 5:colcon.colcon_core.verb:set package 'erc_bringup' build argument 'ament_cmake_args' from command line to 'None'
[0.608s] Level 5:colcon.colcon_core.verb:set package 'erc_bringup' build argument 'catkin_cmake_args' from command line to 'None'
[0.608s] Level 5:colcon.colcon_core.verb:set package 'erc_bringup' build argument 'catkin_skip_building_tests' from command line to 'False'
[0.608s] DEBUG:colcon.colcon_core.verb:Building package 'erc_bringup' with the following arguments: {'ament_cmake_args': None, 'build_base': '/opt/erc_ws/build/erc_bringup', 'catkin_cmake_args': None, 'catkin_skip_building_tests': False, 'cmake_args': None, 'cmake_clean_cache': False, 'cmake_clean_first': False, 'cmake_force_configure': False, 'cmake_target': None, 'cmake_target_skip_unavailable': False, 'install_base': '/opt/erc_ws/install/erc_bringup', 'merge_install': False, 'path': '/opt/erc_ws/src/erc_bringup', 'symlink_install': True, 'test_result_base': None}
[0.608s] Level 5:colcon.colcon_core.verb:set package 'pal_sea_arm' build argument 'cmake_args' from command line to 'None'
[0.608s] Level 5:colcon.colcon_core.verb:set package 'pal_sea_arm' build argument 'cmake_target' from command line to 'None'
[0.608s] Level 5:colcon.colcon_core.verb:set package 'pal_sea_arm' build argument 'cmake_target_skip_unavailable' from command line to 'False'
[0.608s] Level 5:colcon.colcon_core.verb:set package 'pal_sea_arm' build argument 'cmake_clean_cache' from command line to 'False'
[0.608s] Level 5:colcon.colcon_core.verb:set package 'pal_sea_arm' build argument 'cmake_clean_first' from command line to 'False'
[0.608s] Level 5:colcon.colcon_core.verb:set package 'pal_sea_arm' build argument 'cmake_force_configure' from command line to 'False'
[0.608s] Level 5:colcon.colcon_core.verb:set package 'pal_sea_arm' build argument 'ament_cmake_args' from command line to 'None'
[0.608s] Level 5:colcon.colcon_core.verb:set package 'pal_sea_arm' build argument 'catkin_cmake_args' from command line to 'None'
[0.608s] Level 5:colcon.colcon_core.verb:set package 'pal_sea_arm' build argument 'catkin_skip_building_tests' from command line to 'False'
[0.608s] DEBUG:colcon.colcon_core.verb:Building package 'pal_sea_arm' with the following arguments: {'ament_cmake_args': None, 'build_base': '/opt/erc_ws/build/pal_sea_arm', 'catkin_cmake_args': None, 'catkin_skip_building_tests': False, 'cmake_args': None, 'cmake_clean_cache': False, 'cmake_clean_first': False, 'cmake_force_configure': False, 'cmake_target': None, 'cmake_target_skip_unavailable': False, 'install_base': '/opt/erc_ws/install/pal_sea_arm', 'merge_install': False, 'path': '/opt/erc_ws/src/pal_sea_arm/pal_sea_arm', 'symlink_install': True, 'test_result_base': None}
[0.609s] Level 5:colcon.colcon_core.verb:set package 'tiago_pro_robot' build argument 'cmake_args' from command line to 'None'
[0.609s] Level 5:colcon.colcon_core.verb:set package 'tiago_pro_robot' build argument 'cmake_target' from command line to 'None'
[0.609s] Level 5:colcon.colcon_core.verb:set package 'tiago_pro_robot' build argument 'cmake_target_skip_unavailable' from command line to 'False'
[0.609s] Level 5:colcon.colcon_core.verb:set package 'tiago_pro_robot' build argument 'cmake_clean_cache' from command line to 'False'
[0.609s] Level 5:colcon.colcon_core.verb:set package 'tiago_pro_robot' build argument 'cmake_clean_first' from command line to 'False'
[0.609s] Level 5:colcon.colcon_core.verb:set package 'tiago_pro_robot' build argument 'cmake_force_configure' from command line to 'False'
[0.609s] Level 5:colcon.colcon_core.verb:set package 'tiago_pro_robot' build argument 'ament_cmake_args' from command line to 'None'
[0.609s] Level 5:colcon.colcon_core.verb:set package 'tiago_pro_robot' build argument 'catkin_cmake_args' from command line to 'None'
[0.609s] Level 5:colcon.colcon_core.verb:set package 'tiago_pro_robot' build argument 'catkin_skip_building_tests' from command line to 'False'
[0.609s] DEBUG:colcon.colcon_core.verb:Building package 'tiago_pro_robot' with the following arguments: {'ament_cmake_args': None, 'build_base': '/opt/erc_ws/build/tiago_pro_robot', 'catkin_cmake_args': None, 'catkin_skip_building_tests': False, 'cmake_args': None, 'cmake_clean_cache': False, 'cmake_clean_first': False, 'cmake_force_configure': False, 'cmake_target': None, 'cmake_target_skip_unavailable': False, 'install_base': '/opt/erc_ws/install/tiago_pro_robot', 'merge_install': False, 'path': '/opt/erc_ws/src/tiago_pro_robot/tiago_pro_robot', 'symlink_install': True, 'test_result_base': None}
[0.609s] INFO:colcon.colcon_core.executor:Executing jobs using 'parallel' executor
[0.611s] DEBUG:colcon.colcon_parallel_executor.executor.parallel:run_until_complete
[0.611s] INFO:colcon.colcon_ros.task.ament_python.build:Building ROS package in '/opt/erc_ws/src/launch_pal' with build type 'ament_python'
[0.611s] Level 1:colcon.colcon_core.shell:create_environment_hook('launch_pal', 'ament_prefix_path')
[0.618s] INFO:colcon.colcon_core.plugin_system:Skipping extension 'colcon_core.shell.bat': Not used on non-Windows systems
[0.619s] INFO:colcon.colcon_core.shell:Creating environment hook '/opt/erc_ws/install/launch_pal/share/launch_pal/hook/ament_prefix_path.ps1'
[0.620s] INFO:colcon.colcon_core.shell:Creating environment descriptor '/opt/erc_ws/install/launch_pal/share/launch_pal/hook/ament_prefix_path.dsv'
[0.621s] INFO:colcon.colcon_core.shell:Creating environment hook '/opt/erc_ws/install/launch_pal/share/launch_pal/hook/ament_prefix_path.sh'
[0.623s] INFO:colcon.colcon_core.shell:Skip shell extension 'powershell' for command environment: Not usable outside of PowerShell
[0.623s] DEBUG:colcon.colcon_core.shell:Skip shell extension 'dsv' for command environment
[0.643s] INFO:colcon.colcon_ros.task.ament_cmake.build:Building ROS package in '/opt/erc_ws/src/pal_urdf_utils' with build type 'ament_cmake'
[0.644s] INFO:colcon.colcon_cmake.task.cmake.build:Building CMake package in '/opt/erc_ws/src/pal_urdf_utils'
[0.644s] INFO:colcon.colcon_core.shell:Skip shell extension 'powershell' for command environment: Not usable outside of PowerShell
[0.644s] DEBUG:colcon.colcon_core.shell:Skip shell extension 'dsv' for command environment
[0.657s] INFO:colcon.colcon_ros.task.ament_python.build:Building ROS package in '/opt/erc_ws/src/pal_pro_gripper/pal_pro_gripper_wrapper' with build type 'ament_python'
[0.658s] Level 1:colcon.colcon_core.shell:create_environment_hook('pal_pro_gripper_wrapper', 'ament_prefix_path')
[0.658s] INFO:colcon.colcon_core.shell:Creating environment hook '/opt/erc_ws/install/pal_pro_gripper_wrapper/share/pal_pro_gripper_wrapper/hook/ament_prefix_path.ps1'
[0.659s] INFO:colcon.colcon_core.shell:Creating environment descriptor '/opt/erc_ws/install/pal_pro_gripper_wrapper/share/pal_pro_gripper_wrapper/hook/ament_prefix_path.dsv'
[0.659s] INFO:colcon.colcon_core.shell:Creating environment hook '/opt/erc_ws/install/pal_pro_gripper_wrapper/share/pal_pro_gripper_wrapper/hook/ament_prefix_path.sh'
[0.660s] INFO:colcon.colcon_core.shell:Skip shell extension 'powershell' for command environment: Not usable outside of PowerShell
[0.660s] DEBUG:colcon.colcon_core.shell:Skip shell extension 'dsv' for command environment
[0.669s] INFO:colcon.colcon_ros.task.ament_cmake.build:Building ROS package in '/opt/erc_ws/src/omni_base_robot/omni_base_controller_configuration' with build type 'ament_cmake'
[0.669s] INFO:colcon.colcon_cmake.task.cmake.build:Building CMake package in '/opt/erc_ws/src/omni_base_robot/omni_base_controller_configuration'
[0.670s] INFO:colcon.colcon_core.shell:Skip shell extension 'powershell' for command environment: Not usable outside of PowerShell
[0.670s] DEBUG:colcon.colcon_core.shell:Skip shell extension 'dsv' for command environment
[0.679s] INFO:colcon.colcon_ros.task.ament_cmake.build:Building ROS package in '/opt/erc_ws/src/pal_gripper/pal_gripper_controller_configuration' with build type 'ament_cmake'
[0.679s] INFO:colcon.colcon_cmake.task.cmake.build:Building CMake package in '/opt/erc_ws/src/pal_gripper/pal_gripper_controller_configuration'
[0.680s] INFO:colcon.colcon_core.shell:Skip shell extension 'powershell' for command environment: Not usable outside of PowerShell
[0.681s] DEBUG:colcon.colcon_core.shell:Skip shell extension 'dsv' for command environment
[0.691s] INFO:colcon.colcon_ros.task.ament_cmake.build:Building ROS package in '/opt/erc_ws/src/erc_description' with build type 'ament_cmake'
[0.691s] INFO:colcon.colcon_cmake.task.cmake.build:Building CMake package in '/opt/erc_ws/src/erc_description'
[0.692s] INFO:colcon.colcon_core.shell:Skip shell extension 'powershell' for command environment: Not usable outside of PowerShell
[0.692s] DEBUG:colcon.colcon_core.shell:Skip shell extension 'dsv' for command environment
[0.699s] INFO:colcon.colcon_ros.task.ament_python.build:Building ROS package in '/opt/erc_ws/src/erc_solution' with build type 'ament_python'
[0.699s] Level 1:colcon.colcon_core.shell:create_environment_hook('erc_solution', 'ament_prefix_path')
[0.699s] INFO:colcon.colcon_core.shell:Creating environment hook '/opt/erc_ws/install/erc_solution/share/erc_solution/hook/ament_prefix_path.ps1'
[0.701s] INFO:colcon.colcon_core.shell:Creating environment descriptor '/opt/erc_ws/install/erc_solution/share/erc_solution/hook/ament_prefix_path.dsv'
[0.701s] INFO:colcon.colcon_core.shell:Creating environment hook '/opt/erc_ws/install/erc_solution/share/erc_solution/hook/ament_prefix_path.sh'
[0.702s] INFO:colcon.colcon_core.shell:Skip shell extension 'powershell' for command environment: Not usable outside of PowerShell
[0.702s] DEBUG:colcon.colcon_core.shell:Skip shell extension 'dsv' for command environment
[0.713s] INFO:colcon.colcon_ros.task.ament_cmake.build:Building ROS package in '/opt/erc_ws/src/gz_ros2_control/gz_ros2_control' with build type 'ament_cmake'
[0.713s] INFO:colcon.colcon_cmake.task.cmake.build:Building CMake package in '/opt/erc_ws/src/gz_ros2_control/gz_ros2_control'
[0.714s] INFO:colcon.colcon_core.shell:Skip shell extension 'powershell' for command environment: Not usable outside of PowerShell
[0.714s] DEBUG:colcon.colcon_core.shell:Skip shell extension 'dsv' for command environment
[0.729s] INFO:colcon.colcon_ros.task.ament_python.build:Building ROS package in '/opt/erc_ws/src/sensors' with build type 'ament_python'
[0.729s] Level 1:colcon.colcon_core.shell:create_environment_hook('sensors', 'ament_prefix_path')
[0.730s] INFO:colcon.colcon_core.shell:Creating environment hook '/opt/erc_ws/install/sensors/share/sensors/hook/ament_prefix_path.ps1'
[0.733s] INFO:colcon.colcon_core.shell:Creating environment descriptor '/opt/erc_ws/install/sensors/share/sensors/hook/ament_prefix_path.dsv'
[0.734s] INFO:colcon.colcon_core.shell:Creating environment hook '/opt/erc_ws/install/sensors/share/sensors/hook/ament_prefix_path.sh'
[0.735s] INFO:colcon.colcon_core.shell:Skip shell extension 'powershell' for command environment: Not usable outside of PowerShell
[0.735s] DEBUG:colcon.colcon_core.shell:Skip shell extension 'dsv' for command environment
[1.022s] INFO:colcon.colcon_core.task.python.build:Building Python package in '/opt/erc_ws/src/launch_pal'
[1.023s] INFO:colcon.colcon_core.shell:Skip shell extension 'powershell' for command environment: Not usable outside of PowerShell
[1.023s] DEBUG:colcon.colcon_core.shell:Skip shell extension 'dsv' for command environment
[1.042s] DEBUG:colcon.colcon_core.event_handler.log_command:Invoking command in '/opt/erc_ws/build/pal_urdf_utils': CMAKE_PREFIX_PATH=${CMAKE_PREFIX_PATH}:/opt/erc_ws/install/sensors:/opt/erc_ws/install/pal_pro_gripper_wrapper:/opt/erc_ws/install/launch_pal:/opt/erc_ws/install/erc_solution:/opt/ros/humble /usr/bin/cmake --build /opt/erc_ws/build/pal_urdf_utils -- -j16 -l16
[1.315s] INFO:colcon.colcon_core.task.python.build:Building Python package in '/opt/erc_ws/src/pal_pro_gripper/pal_pro_gripper_wrapper'
[1.315s] INFO:colcon.colcon_core.shell:Skip shell extension 'powershell' for command environment: Not usable outside of PowerShell
[1.315s] DEBUG:colcon.colcon_core.shell:Skip shell extension 'dsv' for command environment
[1.330s] DEBUG:colcon.colcon_core.event_handler.log_command:Invoking command in '/opt/erc_ws/build/omni_base_controller_configuration': CMAKE_PREFIX_PATH=${CMAKE_PREFIX_PATH}:/opt/erc_ws/install/sensors:/opt/erc_ws/install/pal_pro_gripper_wrapper:/opt/erc_ws/install/launch_pal:/opt/erc_ws/install/erc_solution:/opt/ros/humble /usr/bin/cmake --build /opt/erc_ws/build/omni_base_controller_configuration -- -j16 -l16
[1.335s] DEBUG:colcon.colcon_core.event_handler.log_command:Invoking command in '/opt/erc_ws/build/pal_gripper_controller_configuration': CMAKE_PREFIX_PATH=${CMAKE_PREFIX_PATH}:/opt/erc_ws/install/sensors:/opt/erc_ws/install/pal_pro_gripper_wrapper:/opt/erc_ws/install/launch_pal:/opt/erc_ws/install/erc_solution:/opt/ros/humble /usr/bin/cmake --build /opt/erc_ws/build/pal_gripper_controller_configuration -- -j16 -l16
[1.350s] DEBUG:colcon.colcon_core.event_handler.log_command:Invoking command in '/opt/erc_ws/build/erc_description': CMAKE_PREFIX_PATH=${CMAKE_PREFIX_PATH}:/opt/erc_ws/install/sensors:/opt/erc_ws/install/pal_pro_gripper_wrapper:/opt/erc_ws/install/launch_pal:/opt/erc_ws/install/erc_solution:/opt/ros/humble /usr/bin/cmake --build /opt/erc_ws/build/erc_description -- -j16 -l16
[1.605s] INFO:colcon.colcon_core.task.python.build:Building Python package in '/opt/erc_ws/src/erc_solution'
[1.606s] INFO:colcon.colcon_core.shell:Skip shell extension 'powershell' for command environment: Not usable outside of PowerShell
[1.606s] DEBUG:colcon.colcon_core.shell:Skip shell extension 'dsv' for command environment
[1.626s] DEBUG:colcon.colcon_core.event_handler.log_command:Invoking command in '/opt/erc_ws/build/gz_ros2_control': CMAKE_PREFIX_PATH=${CMAKE_PREFIX_PATH}:/opt/erc_ws/install/sensors:/opt/erc_ws/install/pal_pro_gripper_wrapper:/opt/erc_ws/install/launch_pal:/opt/erc_ws/install/erc_solution:/opt/ros/humble /usr/bin/cmake --build /opt/erc_ws/build/gz_ros2_control -- -j16 -l16
[1.910s] INFO:colcon.colcon_core.task.python.build:Building Python package in '/opt/erc_ws/src/sensors'
[1.910s] INFO:colcon.colcon_core.shell:Skip shell extension 'powershell' for command environment: Not usable outside of PowerShell
[1.910s] DEBUG:colcon.colcon_core.shell:Skip shell extension 'dsv' for command environment
[1.947s] DEBUG:colcon.colcon_core.event_handler.log_command:Invoked command in '/opt/erc_ws/build/omni_base_controller_configuration' returned '0': CMAKE_PREFIX_PATH=${CMAKE_PREFIX_PATH}:/opt/erc_ws/install/sensors:/opt/erc_ws/install/pal_pro_gripper_wrapper:/opt/erc_ws/install/launch_pal:/opt/erc_ws/install/erc_solution:/opt/ros/humble /usr/bin/cmake --build /opt/erc_ws/build/omni_base_controller_configuration -- -j16 -l16
[1.962s] DEBUG:colcon.colcon_core.event_handler.log_command:Invoking command in '/opt/erc_ws/build/omni_base_controller_configuration': CMAKE_PREFIX_PATH=${CMAKE_PREFIX_PATH}:/opt/erc_ws/install/sensors:/opt/erc_ws/install/pal_pro_gripper_wrapper:/opt/erc_ws/install/launch_pal:/opt/erc_ws/install/erc_solution:/opt/ros/humble /usr/bin/cmake --install /opt/erc_ws/build/omni_base_controller_configuration
[1.964s] DEBUG:colcon.colcon_core.event_handler.log_command:Invoked command in '/opt/erc_ws/build/pal_urdf_utils' returned '0': CMAKE_PREFIX_PATH=${CMAKE_PREFIX_PATH}:/opt/erc_ws/install/sensors:/opt/erc_ws/install/pal_pro_gripper_wrapper:/opt/erc_ws/install/launch_pal:/opt/erc_ws/install/erc_solution:/opt/ros/humble /usr/bin/cmake --build /opt/erc_ws/build/pal_urdf_utils -- -j16 -l16
[1.966s] DEBUG:colcon.colcon_core.event_handler.log_command:Invoking command in '/opt/erc_ws/build/pal_urdf_utils': CMAKE_PREFIX_PATH=${CMAKE_PREFIX_PATH}:/opt/erc_ws/install/sensors:/opt/erc_ws/install/pal_pro_gripper_wrapper:/opt/erc_ws/install/launch_pal:/opt/erc_ws/install/erc_solution:/opt/ros/humble /usr/bin/cmake --install /opt/erc_ws/build/pal_urdf_utils
[1.970s] DEBUG:colcon.colcon_core.event_handler.log_command:Invoked command in '/opt/erc_ws/build/pal_gripper_controller_configuration' returned '0': CMAKE_PREFIX_PATH=${CMAKE_PREFIX_PATH}:/opt/erc_ws/install/sensors:/opt/erc_ws/install/pal_pro_gripper_wrapper:/opt/erc_ws/install/launch_pal:/opt/erc_ws/install/erc_solution:/opt/ros/humble /usr/bin/cmake --build /opt/erc_ws/build/pal_gripper_controller_configuration -- -j16 -l16
[1.974s] DEBUG:colcon.colcon_core.event_handler.log_command:Invoking command in '/opt/erc_ws/build/pal_gripper_controller_configuration': CMAKE_PREFIX_PATH=${CMAKE_PREFIX_PATH}:/opt/erc_ws/install/sensors:/opt/erc_ws/install/pal_pro_gripper_wrapper:/opt/erc_ws/install/launch_pal:/opt/erc_ws/install/erc_solution:/opt/ros/humble /usr/bin/cmake --install /opt/erc_ws/build/pal_gripper_controller_configuration
[1.983s] DEBUG:colcon.colcon_core.event_handler.log_command:Invoked command in '/opt/erc_ws/build/erc_description' returned '0': CMAKE_PREFIX_PATH=${CMAKE_PREFIX_PATH}:/opt/erc_ws/install/sensors:/opt/erc_ws/install/pal_pro_gripper_wrapper:/opt/erc_ws/install/launch_pal:/opt/erc_ws/install/erc_solution:/opt/ros/humble /usr/bin/cmake --build /opt/erc_ws/build/erc_description -- -j16 -l16
[1.983s] DEBUG:colcon.colcon_core.event_handler.log_command:Invoking command in '/opt/erc_ws/build/erc_description': CMAKE_PREFIX_PATH=${CMAKE_PREFIX_PATH}:/opt/erc_ws/install/sensors:/opt/erc_ws/install/pal_pro_gripper_wrapper:/opt/erc_ws/install/launch_pal:/opt/erc_ws/install/erc_solution:/opt/ros/humble /usr/bin/cmake --install /opt/erc_ws/build/erc_description
[1.985s] DEBUG:colcon.colcon_core.event_handler.log_command:Invoked command in '/opt/erc_ws/build/gz_ros2_control' returned '0': CMAKE_PREFIX_PATH=${CMAKE_PREFIX_PATH}:/opt/erc_ws/install/sensors:/opt/erc_ws/install/pal_pro_gripper_wrapper:/opt/erc_ws/install/launch_pal:/opt/erc_ws/install/erc_solution:/opt/ros/humble /usr/bin/cmake --build /opt/erc_ws/build/gz_ros2_control -- -j16 -l16
[1.995s] DEBUG:colcon.colcon_core.event_handler.log_command:Invoking command in '/opt/erc_ws/build/gz_ros2_control': CMAKE_PREFIX_PATH=${CMAKE_PREFIX_PATH}:/opt/erc_ws/install/sensors:/opt/erc_ws/install/pal_pro_gripper_wrapper:/opt/erc_ws/install/launch_pal:/opt/erc_ws/install/erc_solution:/opt/ros/humble /usr/bin/cmake --install /opt/erc_ws/build/gz_ros2_control
[2.074s] Level 1:colcon.colcon_core.environment:create_environment_scripts_only(pal_gripper_controller_configuration)
[2.086s] DEBUG:colcon.colcon_core.event_handler.log_command:Invoked command in '/opt/erc_ws/build/pal_gripper_controller_configuration' returned '0': CMAKE_PREFIX_PATH=${CMAKE_PREFIX_PATH}:/opt/erc_ws/install/sensors:/opt/erc_ws/install/pal_pro_gripper_wrapper:/opt/erc_ws/install/launch_pal:/opt/erc_ws/install/erc_solution:/opt/ros/humble /usr/bin/cmake --install /opt/erc_ws/build/pal_gripper_controller_configuration
[2.090s] Level 1:colcon.colcon_core.environment:checking '/opt/erc_ws/install/pal_gripper_controller_configuration' for CMake module files
[2.091s] Level 1:colcon.colcon_core.environment:checking '/opt/erc_ws/install/pal_gripper_controller_configuration' for CMake config files
[2.092s] Level 1:colcon.colcon_core.shell:create_environment_hook('pal_gripper_controller_configuration', 'cmake_prefix_path')
[2.092s] INFO:colcon.colcon_core.shell:Creating environment hook '/opt/erc_ws/install/pal_gripper_controller_configuration/share/pal_gripper_controller_configuration/hook/cmake_prefix_path.ps1'
[2.094s] INFO:colcon.colcon_core.shell:Creating environment descriptor '/opt/erc_ws/install/pal_gripper_controller_configuration/share/pal_gripper_controller_configuration/hook/cmake_prefix_path.dsv'
[2.094s] INFO:colcon.colcon_core.shell:Creating environment hook '/opt/erc_ws/install/pal_gripper_controller_configuration/share/pal_gripper_controller_configuration/hook/cmake_prefix_path.sh'
[2.095s] Level 1:colcon.colcon_core.environment:checking '/opt/erc_ws/install/pal_gripper_controller_configuration/bin'
[2.096s] Level 1:colcon.colcon_core.environment:checking '/opt/erc_ws/install/pal_gripper_controller_configuration/lib/pkgconfig/pal_gripper_controller_configuration.pc'
[2.096s] Level 1:colcon.colcon_core.environment:checking '/opt/erc_ws/install/pal_gripper_controller_configuration/lib/python3.10/site-packages'
[2.096s] Level 1:colcon.colcon_core.environment:checking '/opt/erc_ws/install/pal_gripper_controller_configuration/bin'
[2.097s] INFO:colcon.colcon_core.shell:Creating package script '/opt/erc_ws/install/pal_gripper_controller_configuration/share/pal_gripper_controller_configuration/package.ps1'
[2.099s] INFO:colcon.colcon_core.shell:Creating package descriptor '/opt/erc_ws/install/pal_gripper_controller_configuration/share/pal_gripper_controller_configuration/package.dsv'
[2.100s] INFO:colcon.colcon_core.shell:Creating package script '/opt/erc_ws/install/pal_gripper_controller_configuration/share/pal_gripper_controller_configuration/package.sh'
[2.101s] INFO:colcon.colcon_core.shell:Creating package script '/opt/erc_ws/install/pal_gripper_controller_configuration/share/pal_gripper_controller_configuration/package.bash'
[2.102s] INFO:colcon.colcon_core.shell:Creating package script '/opt/erc_ws/install/pal_gripper_controller_configuration/share/pal_gripper_controller_configuration/package.zsh'
[2.103s] Level 1:colcon.colcon_core.environment:create_file_with_runtime_dependencies(/opt/erc_ws/install/pal_gripper_controller_configuration/share/colcon-core/packages/pal_gripper_controller_configuration)
[2.105s] Level 1:colcon.colcon_core.environment:create_environment_scripts_only(pal_gripper_controller_configuration)
[2.105s] Level 1:colcon.colcon_core.environment:checking '/opt/erc_ws/install/pal_gripper_controller_configuration' for CMake module files
[2.105s] Level 1:colcon.colcon_core.environment:checking '/opt/erc_ws/install/pal_gripper_controller_configuration' for CMake config files
[2.106s] Level 1:colcon.colcon_core.shell:create_environment_hook('pal_gripper_controller_configuration', 'cmake_prefix_path')
[2.106s] INFO:colcon.colcon_core.shell:Creating environment hook '/opt/erc_ws/install/pal_gripper_controller_configuration/share/pal_gripper_controller_configuration/hook/cmake_prefix_path.ps1'
[2.107s] INFO:colcon.colcon_core.shell:Creating environment descriptor '/opt/erc_ws/install/pal_gripper_controller_configuration/share/pal_gripper_controller_configuration/hook/cmake_prefix_path.dsv'
[2.107s] INFO:colcon.colcon_core.shell:Creating environment hook '/opt/erc_ws/install/pal_gripper_controller_configuration/share/pal_gripper_controller_configuration/hook/cmake_prefix_path.sh'
[2.108s] Level 1:colcon.colcon_core.environment:checking '/opt/erc_ws/install/pal_gripper_controller_configuration/bin'
[2.108s] Level 1:colcon.colcon_core.environment:checking '/opt/erc_ws/install/pal_gripper_controller_configuration/lib/pkgconfig/pal_gripper_controller_configuration.pc'
[2.108s] Level 1:colcon.colcon_core.environment:checking '/opt/erc_ws/install/pal_gripper_controller_configuration/lib/python3.10/site-packages'
[2.109s] Level 1:colcon.colcon_core.environment:checking '/opt/erc_ws/install/pal_gripper_controller_configuration/bin'
[2.109s] INFO:colcon.colcon_core.shell:Creating package script '/opt/erc_ws/install/pal_gripper_controller_configuration/share/pal_gripper_controller_configuration/package.ps1'
[2.110s] INFO:colcon.colcon_core.shell:Creating package descriptor '/opt/erc_ws/install/pal_gripper_controller_configuration/share/pal_gripper_controller_configuration/package.dsv'
[2.110s] INFO:colcon.colcon_core.shell:Creating package script '/opt/erc_ws/install/pal_gripper_controller_configuration/share/pal_gripper_controller_configuration/package.sh'
[2.111s] INFO:colcon.colcon_core.shell:Creating package script '/opt/erc_ws/install/pal_gripper_controller_configuration/share/pal_gripper_controller_configuration/package.bash'
[2.111s] INFO:colcon.colcon_core.shell:Creating package script '/opt/erc_ws/install/pal_gripper_controller_configuration/share/pal_gripper_controller_configuration/package.zsh'
[2.112s] Level 1:colcon.colcon_core.environment:create_file_with_runtime_dependencies(/opt/erc_ws/install/pal_gripper_controller_configuration/share/colcon-core/packages/pal_gripper_controller_configuration)
[2.112s] Level 1:colcon.colcon_core.environment:create_environment_scripts_only(erc_description)
[2.113s] Level 1:colcon.colcon_core.environment:checking '/opt/erc_ws/install/erc_description' for CMake module files
[2.114s] Level 1:colcon.colcon_core.environment:checking '/opt/erc_ws/install/erc_description' for CMake config files
[2.115s] DEBUG:colcon.colcon_core.event_handler.log_command:Invoked command in '/opt/erc_ws/build/erc_description' returned '0': CMAKE_PREFIX_PATH=${CMAKE_PREFIX_PATH}:/opt/erc_ws/install/sensors:/opt/erc_ws/install/pal_pro_gripper_wrapper:/opt/erc_ws/install/launch_pal:/opt/erc_ws/install/erc_solution:/opt/ros/humble /usr/bin/cmake --install /opt/erc_ws/build/erc_description
[2.117s] Level 1:colcon.colcon_core.shell:create_environment_hook('erc_description', 'cmake_prefix_path')
[2.117s] INFO:colcon.colcon_core.shell:Creating environment hook '/opt/erc_ws/install/erc_description/share/erc_description/hook/cmake_prefix_path.ps1'
[2.119s] INFO:colcon.colcon_core.shell:Creating environment descriptor '/opt/erc_ws/install/erc_description/share/erc_description/hook/cmake_prefix_path.dsv'
[2.119s] INFO:colcon.colcon_core.shell:Creating environment hook '/opt/erc_ws/install/erc_description/share/erc_description/hook/cmake_prefix_path.sh'
[2.121s] Level 1:colcon.colcon_core.environment:checking '/opt/erc_ws/install/erc_description/bin'
[2.121s] Level 1:colcon.colcon_core.environment:checking '/opt/erc_ws/install/erc_description/lib/pkgconfig/erc_description.pc'
[2.121s] Level 1:colcon.colcon_core.environment:checking '/opt/erc_ws/install/erc_description/lib/python3.10/site-packages'
[2.122s] Level 1:colcon.colcon_core.environment:checking '/opt/erc_ws/install/erc_description/bin'
[2.122s] INFO:colcon.colcon_core.shell:Creating package script '/opt/erc_ws/install/erc_description/share/erc_description/package.ps1'
[2.123s] INFO:colcon.colcon_core.shell:Creating package descriptor '/opt/erc_ws/install/erc_description/share/erc_description/package.dsv'
[2.124s] INFO:colcon.colcon_core.shell:Creating package script '/opt/erc_ws/install/erc_description/share/erc_description/package.sh'
[2.125s] INFO:colcon.colcon_core.shell:Creating package script '/opt/erc_ws/install/erc_description/share/erc_description/package.bash'
[2.126s] INFO:colcon.colcon_core.shell:Creating package script '/opt/erc_ws/install/erc_description/share/erc_description/package.zsh'
[2.127s] Level 1:colcon.colcon_core.environment:create_file_with_runtime_dependencies(/opt/erc_ws/install/erc_description/share/colcon-core/packages/erc_description)
[2.128s] Level 1:colcon.colcon_core.environment:create_environment_scripts_only(erc_description)
[2.129s] Level 1:colcon.colcon_core.environment:checking '/opt/erc_ws/install/erc_description' for CMake module files
[2.129s] Level 1:colcon.colcon_core.environment:checking '/opt/erc_ws/install/erc_description' for CMake config files
[2.130s] Level 1:colcon.colcon_core.shell:create_environment_hook('erc_description', 'cmake_prefix_path')
[2.130s] INFO:colcon.colcon_core.shell:Creating environment hook '/opt/erc_ws/install/erc_description/share/erc_description/hook/cmake_prefix_path.ps1'
[2.130s] INFO:colcon.colcon_core.shell:Creating environment descriptor '/opt/erc_ws/install/erc_description/share/erc_description/hook/cmake_prefix_path.dsv'
[2.131s] INFO:colcon.colcon_core.shell:Creating environment hook '/opt/erc_ws/install/erc_description/share/erc_description/hook/cmake_prefix_path.sh'
[2.131s] Level 1:colcon.colcon_core.environment:checking '/opt/erc_ws/install/erc_description/bin'
[2.131s] Level 1:colcon.colcon_core.environment:checking '/opt/erc_ws/install/erc_description/lib/pkgconfig/erc_description.pc'
[2.132s] Level 1:colcon.colcon_core.environment:checking '/opt/erc_ws/install/erc_description/lib/python3.10/site-packages'
[2.132s] Level 1:colcon.colcon_core.environment:checking '/opt/erc_ws/install/erc_description/bin'
[2.132s] INFO:colcon.colcon_core.shell:Creating package script '/opt/erc_ws/install/erc_description/share/erc_description/package.ps1'
[2.133s] INFO:colcon.colcon_core.shell:Creating package descriptor '/opt/erc_ws/install/erc_description/share/erc_description/package.dsv'
[2.133s] INFO:colcon.colcon_core.shell:Creating package script '/opt/erc_ws/install/erc_description/share/erc_description/package.sh'
[2.134s] INFO:colcon.colcon_core.shell:Creating package script '/opt/erc_ws/install/erc_description/share/erc_description/package.bash'
[2.134s] INFO:colcon.colcon_core.shell:Creating package script '/opt/erc_ws/install/erc_description/share/erc_description/package.zsh'
[2.135s] Level 1:colcon.colcon_core.environment:create_file_with_runtime_dependencies(/opt/erc_ws/install/erc_description/share/colcon-core/packages/erc_description)
[2.136s] Level 1:colcon.colcon_core.environment:create_environment_scripts_only(pal_urdf_utils)
[2.136s] Level 1:colcon.colcon_core.environment:checking '/opt/erc_ws/install/pal_urdf_utils' for CMake module files
[2.137s] Level 1:colcon.colcon_core.environment:checking '/opt/erc_ws/install/pal_urdf_utils' for CMake config files
[2.139s] Level 1:colcon.colcon_core.shell:create_environment_hook('pal_urdf_utils', 'cmake_prefix_path')
[2.139s] INFO:colcon.colcon_core.shell:Creating environment hook '/opt/erc_ws/install/pal_urdf_utils/share/pal_urdf_utils/hook/cmake_prefix_path.ps1'
[2.140s] INFO:colcon.colcon_core.shell:Creating environment descriptor '/opt/erc_ws/install/pal_urdf_utils/share/pal_urdf_utils/hook/cmake_prefix_path.dsv'
[2.142s] DEBUG:colcon.colcon_core.event_handler.log_command:Invoked command in '/opt/erc_ws/build/pal_urdf_utils' returned '0': CMAKE_PREFIX_PATH=${CMAKE_PREFIX_PATH}:/opt/erc_ws/install/sensors:/opt/erc_ws/install/pal_pro_gripper_wrapper:/opt/erc_ws/install/launch_pal:/opt/erc_ws/install/erc_solution:/opt/ros/humble /usr/bin/cmake --install /opt/erc_ws/build/pal_urdf_utils
[2.143s] INFO:colcon.colcon_core.shell:Creating environment hook '/opt/erc_ws/install/pal_urdf_utils/share/pal_urdf_utils/hook/cmake_prefix_path.sh'
[2.144s] Level 1:colcon.colcon_core.environment:checking '/opt/erc_ws/install/pal_urdf_utils/bin'
[2.144s] Level 1:colcon.colcon_core.environment:checking '/opt/erc_ws/install/pal_urdf_utils/lib/pkgconfig/pal_urdf_utils.pc'
[2.145s] Level 1:colcon.colcon_core.environment:checking '/opt/erc_ws/install/pal_urdf_utils/lib/python3.10/site-packages'
[2.145s] Level 1:colcon.colcon_core.environment:checking '/opt/erc_ws/install/pal_urdf_utils/bin'
[2.145s] INFO:colcon.colcon_core.shell:Creating package script '/opt/erc_ws/install/pal_urdf_utils/share/pal_urdf_utils/package.ps1'
[2.146s] INFO:colcon.colcon_core.shell:Creating package descriptor '/opt/erc_ws/install/pal_urdf_utils/share/pal_urdf_utils/package.dsv'
[2.147s] INFO:colcon.colcon_core.shell:Creating package script '/opt/erc_ws/install/pal_urdf_utils/share/pal_urdf_utils/package.sh'
[2.147s] INFO:colcon.colcon_core.shell:Creating package script '/opt/erc_ws/install/pal_urdf_utils/share/pal_urdf_utils/package.bash'
[2.148s] INFO:colcon.colcon_core.shell:Creating package script '/opt/erc_ws/install/pal_urdf_utils/share/pal_urdf_utils/package.zsh'
[2.148s] Level 1:colcon.colcon_core.environment:create_file_with_runtime_dependencies(/opt/erc_ws/install/pal_urdf_utils/share/colcon-core/packages/pal_urdf_utils)
[2.149s] Level 1:colcon.colcon_core.environment:create_environment_scripts_only(pal_urdf_utils)
[2.149s] Level 1:colcon.colcon_core.environment:checking '/opt/erc_ws/install/pal_urdf_utils' for CMake module files
[2.149s] Level 1:colcon.colcon_core.environment:checking '/opt/erc_ws/install/pal_urdf_utils' for CMake config files
[2.150s] Level 1:colcon.colcon_core.shell:create_environment_hook('pal_urdf_utils', 'cmake_prefix_path')
[2.150s] INFO:colcon.colcon_core.shell:Creating environment hook '/opt/erc_ws/install/pal_urdf_utils/share/pal_urdf_utils/hook/cmake_prefix_path.ps1'
[2.150s] INFO:colcon.colcon_core.shell:Creating environment descriptor '/opt/erc_ws/install/pal_urdf_utils/share/pal_urdf_utils/hook/cmake_prefix_path.dsv'
[2.151s] INFO:colcon.colcon_core.shell:Creating environment hook '/opt/erc_ws/install/pal_urdf_utils/share/pal_urdf_utils/hook/cmake_prefix_path.sh'
[2.152s] Level 1:colcon.colcon_core.environment:checking '/opt/erc_ws/install/pal_urdf_utils/bin'
[2.152s] Level 1:colcon.colcon_core.environment:checking '/opt/erc_ws/install/pal_urdf_utils/lib/pkgconfig/pal_urdf_utils.pc'
[2.152s] Level 1:colcon.colcon_core.environment:checking '/opt/erc_ws/install/pal_urdf_utils/lib/python3.10/site-packages'
[2.152s] Level 1:colcon.colcon_core.environment:checking '/opt/erc_ws/install/pal_urdf_utils/bin'
[2.152s] INFO:colcon.colcon_core.shell:Creating package script '/opt/erc_ws/install/pal_urdf_utils/share/pal_urdf_utils/package.ps1'
[2.153s] INFO:colcon.colcon_core.shell:Creating package descriptor '/opt/erc_ws/install/pal_urdf_utils/share/pal_urdf_utils/package.dsv'
[2.154s] INFO:colcon.colcon_core.shell:Creating package script '/opt/erc_ws/install/pal_urdf_utils/share/pal_urdf_utils/package.sh'
[2.155s] INFO:colcon.colcon_core.shell:Creating package script '/opt/erc_ws/install/pal_urdf_utils/share/pal_urdf_utils/package.bash'
[2.156s] INFO:colcon.colcon_core.shell:Creating package script '/opt/erc_ws/install/pal_urdf_utils/share/pal_urdf_utils/package.zsh'
[2.156s] Level 1:colcon.colcon_core.environment:create_file_with_runtime_dependencies(/opt/erc_ws/install/pal_urdf_utils/share/colcon-core/packages/pal_urdf_utils)
[2.157s] Level 1:colcon.colcon_core.environment:create_environment_scripts_only(omni_base_controller_configuration)
[2.157s] Level 1:colcon.colcon_core.environment:checking '/opt/erc_ws/install/omni_base_controller_configuration' for CMake module files
[2.159s] DEBUG:colcon.colcon_core.event_handler.log_command:Invoked command in '/opt/erc_ws/build/omni_base_controller_configuration' returned '0': CMAKE_PREFIX_PATH=${CMAKE_PREFIX_PATH}:/opt/erc_ws/install/sensors:/opt/erc_ws/install/pal_pro_gripper_wrapper:/opt/erc_ws/install/launch_pal:/opt/erc_ws/install/erc_solution:/opt/ros/humble /usr/bin/cmake --install /opt/erc_ws/build/omni_base_controller_configuration
[2.160s] Level 1:colcon.colcon_core.environment:checking '/opt/erc_ws/install/omni_base_controller_configuration' for CMake config files
[2.160s] Level 1:colcon.colcon_core.shell:create_environment_hook('omni_base_controller_configuration', 'cmake_prefix_path')
[2.160s] INFO:colcon.colcon_core.shell:Creating environment hook '/opt/erc_ws/install/omni_base_controller_configuration/share/omni_base_controller_configuration/hook/cmake_prefix_path.ps1'
[2.161s] INFO:colcon.colcon_core.shell:Creating environment descriptor '/opt/erc_ws/install/omni_base_controller_configuration/share/omni_base_controller_configuration/hook/cmake_prefix_path.dsv'
[2.162s] INFO:colcon.colcon_core.shell:Creating environment hook '/opt/erc_ws/install/omni_base_controller_configuration/share/omni_base_controller_configuration/hook/cmake_prefix_path.sh'
[2.163s] Level 1:colcon.colcon_core.environment:checking '/opt/erc_ws/install/omni_base_controller_configuration/bin'
[2.163s] Level 1:colcon.colcon_core.environment:checking '/opt/erc_ws/install/omni_base_controller_configuration/lib/pkgconfig/omni_base_controller_configuration.pc'
[2.164s] Level 1:colcon.colcon_core.environment:checking '/opt/erc_ws/install/omni_base_controller_configuration/lib/python3.10/site-packages'
[2.164s] Level 1:colcon.colcon_core.environment:checking '/opt/erc_ws/install/omni_base_controller_configuration/bin'
[2.164s] INFO:colcon.colcon_core.shell:Creating package script '/opt/erc_ws/install/omni_base_controller_configuration/share/omni_base_controller_configuration/package.ps1'
[2.165s] INFO:colcon.colcon_core.shell:Creating package descriptor '/opt/erc_ws/install/omni_base_controller_configuration/share/omni_base_controller_configuration/package.dsv'
[2.166s] INFO:colcon.colcon_core.shell:Creating package script '/opt/erc_ws/install/omni_base_controller_configuration/share/omni_base_controller_configuration/package.sh'
[2.166s] INFO:colcon.colcon_core.shell:Creating package script '/opt/erc_ws/install/omni_base_controller_configuration/share/omni_base_controller_configuration/package.bash'
[2.167s] INFO:colcon.colcon_core.shell:Creating package script '/opt/erc_ws/install/omni_base_controller_configuration/share/omni_base_controller_configuration/package.zsh'
[2.167s] Level 1:colcon.colcon_core.environment:create_file_with_runtime_dependencies(/opt/erc_ws/install/omni_base_controller_configuration/share/colcon-core/packages/omni_base_controller_configuration)
[2.168s] Level 1:colcon.colcon_core.environment:create_environment_scripts_only(omni_base_controller_configuration)
[2.168s] Level 1:colcon.colcon_core.environment:checking '/opt/erc_ws/install/omni_base_controller_configuration' for CMake module files
[2.169s] Level 1:colcon.colcon_core.environment:checking '/opt/erc_ws/install/omni_base_controller_configuration' for CMake config files
[2.169s] Level 1:colcon.colcon_core.shell:create_environment_hook('omni_base_controller_configuration', 'cmake_prefix_path')
[2.169s] INFO:colcon.colcon_core.shell:Creating environment hook '/opt/erc_ws/install/omni_base_controller_configuration/share/omni_base_controller_configuration/hook/cmake_prefix_path.ps1'
[2.170s] INFO:colcon.colcon_core.shell:Creating environment descriptor '/opt/erc_ws/install/omni_base_controller_configuration/share/omni_base_controller_configuration/hook/cmake_prefix_path.dsv'
[2.171s] INFO:colcon.colcon_core.shell:Creating environment hook '/opt/erc_ws/install/omni_base_controller_configuration/share/omni_base_controller_configuration/hook/cmake_prefix_path.sh'
[2.172s] Level 1:colcon.colcon_core.environment:checking '/opt/erc_ws/install/omni_base_controller_configuration/bin'
[2.172s] Level 1:colcon.colcon_core.environment:checking '/opt/erc_ws/install/omni_base_controller_configuration/lib/pkgconfig/omni_base_controller_configuration.pc'
[2.172s] Level 1:colcon.colcon_core.environment:checking '/opt/erc_ws/install/omni_base_controller_configuration/lib/python3.10/site-packages'
[2.172s] Level 1:colcon.colcon_core.environment:checking '/opt/erc_ws/install/omni_base_controller_configuration/bin'
[2.173s] INFO:colcon.colcon_core.shell:Creating package script '/opt/erc_ws/install/omni_base_controller_configuration/share/omni_base_controller_configuration/package.ps1'
[2.173s] INFO:colcon.colcon_core.shell:Creating package descriptor '/opt/erc_ws/install/omni_base_controller_configuration/share/omni_base_controller_configuration/package.dsv'
[2.174s] INFO:colcon.colcon_core.shell:Creating package script '/opt/erc_ws/install/omni_base_controller_configuration/share/omni_base_controller_configuration/package.sh'
[2.174s] INFO:colcon.colcon_core.shell:Creating package script '/opt/erc_ws/install/omni_base_controller_configuration/share/omni_base_controller_configuration/package.bash'
[2.175s] INFO:colcon.colcon_core.shell:Creating package script '/opt/erc_ws/install/omni_base_controller_configuration/share/omni_base_controller_configuration/package.zsh'
[2.175s] Level 1:colcon.colcon_core.environment:create_file_with_runtime_dependencies(/opt/erc_ws/install/omni_base_controller_configuration/share/colcon-core/packages/omni_base_controller_configuration)
[2.176s] Level 1:colcon.colcon_core.environment:create_environment_scripts_only(gz_ros2_control)
[2.176s] Level 1:colcon.colcon_core.environment:checking '/opt/erc_ws/install/gz_ros2_control' for CMake module files
[2.178s] Level 1:colcon.colcon_core.environment:checking '/opt/erc_ws/install/gz_ros2_control' for CMake config files
[2.179s] DEBUG:colcon.colcon_core.event_handler.log_command:Invoked command in '/opt/erc_ws/build/gz_ros2_control' returned '0': CMAKE_PREFIX_PATH=${CMAKE_PREFIX_PATH}:/opt/erc_ws/install/sensors:/opt/erc_ws/install/pal_pro_gripper_wrapper:/opt/erc_ws/install/launch_pal:/opt/erc_ws/install/erc_solution:/opt/ros/humble /usr/bin/cmake --install /opt/erc_ws/build/gz_ros2_control
[2.180s] Level 1:colcon.colcon_core.shell:create_environment_hook('gz_ros2_control', 'cmake_prefix_path')
[2.180s] INFO:colcon.colcon_core.shell:Creating environment hook '/opt/erc_ws/install/gz_ros2_control/share/gz_ros2_control/hook/cmake_prefix_path.ps1'
[2.181s] INFO:colcon.colcon_core.shell:Creating environment descriptor '/opt/erc_ws/install/gz_ros2_control/share/gz_ros2_control/hook/cmake_prefix_path.dsv'
[2.181s] INFO:colcon.colcon_core.shell:Creating environment hook '/opt/erc_ws/install/gz_ros2_control/share/gz_ros2_control/hook/cmake_prefix_path.sh'
[2.182s] Level 1:colcon.colcon_core.environment:checking '/opt/erc_ws/install/gz_ros2_control/lib'
[2.182s] Level 1:colcon.colcon_core.shell:create_environment_hook('gz_ros2_control', 'ld_library_path_lib')
[2.183s] INFO:colcon.colcon_core.shell:Creating environment hook '/opt/erc_ws/install/gz_ros2_control/share/gz_ros2_control/hook/ld_library_path_lib.ps1'
[2.183s] INFO:colcon.colcon_core.shell:Creating environment descriptor '/opt/erc_ws/install/gz_ros2_control/share/gz_ros2_control/hook/ld_library_path_lib.dsv'
[2.184s] INFO:colcon.colcon_core.shell:Creating environment hook '/opt/erc_ws/install/gz_ros2_control/share/gz_ros2_control/hook/ld_library_path_lib.sh'
[2.185s] Level 1:colcon.colcon_core.environment:checking '/opt/erc_ws/install/gz_ros2_control/bin'
[2.185s] Level 1:colcon.colcon_core.environment:checking '/opt/erc_ws/install/gz_ros2_control/lib/pkgconfig/gz_ros2_control.pc'
[2.185s] Level 1:colcon.colcon_core.environment:checking '/opt/erc_ws/install/gz_ros2_control/lib/python3.10/site-packages'
[2.186s] Level 1:colcon.colcon_core.environment:checking '/opt/erc_ws/install/gz_ros2_control/bin'
[2.186s] INFO:colcon.colcon_core.shell:Creating package script '/opt/erc_ws/install/gz_ros2_control/share/gz_ros2_control/package.ps1'
[2.187s] INFO:colcon.colcon_core.shell:Creating package descriptor '/opt/erc_ws/install/gz_ros2_control/share/gz_ros2_control/package.dsv'
[2.187s] INFO:colcon.colcon_core.shell:Creating package script '/opt/erc_ws/install/gz_ros2_control/share/gz_ros2_control/package.sh'
[2.188s] INFO:colcon.colcon_core.shell:Creating package script '/opt/erc_ws/install/gz_ros2_control/share/gz_ros2_control/package.bash'
[2.188s] INFO:colcon.colcon_core.shell:Creating package script '/opt/erc_ws/install/gz_ros2_control/share/gz_ros2_control/package.zsh'
[2.189s] Level 1:colcon.colcon_core.environment:create_file_with_runtime_dependencies(/opt/erc_ws/install/gz_ros2_control/share/colcon-core/packages/gz_ros2_control)
[2.190s] Level 1:colcon.colcon_core.environment:create_environment_scripts_only(gz_ros2_control)
[2.190s] Level 1:colcon.colcon_core.environment:checking '/opt/erc_ws/install/gz_ros2_control' for CMake module files
[2.191s] Level 1:colcon.colcon_core.environment:checking '/opt/erc_ws/install/gz_ros2_control' for CMake config files
[2.191s] Level 1:colcon.colcon_core.shell:create_environment_hook('gz_ros2_control', 'cmake_prefix_path')
[2.191s] INFO:colcon.colcon_core.shell:Creating environment hook '/opt/erc_ws/install/gz_ros2_control/share/gz_ros2_control/hook/cmake_prefix_path.ps1'
[2.192s] INFO:colcon.colcon_core.shell:Creating environment descriptor '/opt/erc_ws/install/gz_ros2_control/share/gz_ros2_control/hook/cmake_prefix_path.dsv'
[2.192s] INFO:colcon.colcon_core.shell:Creating environment hook '/opt/erc_ws/install/gz_ros2_control/share/gz_ros2_control/hook/cmake_prefix_path.sh'
[2.193s] Level 1:colcon.colcon_core.environment:checking '/opt/erc_ws/install/gz_ros2_control/lib'
[2.193s] Level 1:colcon.colcon_core.shell:create_environment_hook('gz_ros2_control', 'ld_library_path_lib')
[2.194s] INFO:colcon.colcon_core.shell:Creating environment hook '/opt/erc_ws/install/gz_ros2_control/share/gz_ros2_control/hook/ld_library_path_lib.ps1'
[2.194s] INFO:colcon.colcon_core.shell:Creating environment descriptor '/opt/erc_ws/install/gz_ros2_control/share/gz_ros2_control/hook/ld_library_path_lib.dsv'
[2.194s] INFO:colcon.colcon_core.shell:Creating environment hook '/opt/erc_ws/install/gz_ros2_control/share/gz_ros2_control/hook/ld_library_path_lib.sh'
[2.195s] Level 1:colcon.colcon_core.environment:checking '/opt/erc_ws/install/gz_ros2_control/bin'
[2.195s] Level 1:colcon.colcon_core.environment:checking '/opt/erc_ws/install/gz_ros2_control/lib/pkgconfig/gz_ros2_control.pc'
[2.195s] Level 1:colcon.colcon_core.environment:checking '/opt/erc_ws/install/gz_ros2_control/lib/python3.10/site-packages'
[2.195s] Level 1:colcon.colcon_core.environment:checking '/opt/erc_ws/install/gz_ros2_control/bin'
[2.196s] INFO:colcon.colcon_core.shell:Creating package script '/opt/erc_ws/install/gz_ros2_control/share/gz_ros2_control/package.ps1'
[2.196s] INFO:colcon.colcon_core.shell:Creating package descriptor '/opt/erc_ws/install/gz_ros2_control/share/gz_ros2_control/package.dsv'
[2.197s] INFO:colcon.colcon_core.shell:Creating package script '/opt/erc_ws/install/gz_ros2_control/share/gz_ros2_control/package.sh'
[2.197s] INFO:colcon.colcon_core.shell:Creating package script '/opt/erc_ws/install/gz_ros2_control/share/gz_ros2_control/package.bash'
[2.198s] INFO:colcon.colcon_core.shell:Creating package script '/opt/erc_ws/install/gz_ros2_control/share/gz_ros2_control/package.zsh'
[2.198s] Level 1:colcon.colcon_core.environment:create_file_with_runtime_dependencies(/opt/erc_ws/install/gz_ros2_control/share/colcon-core/packages/gz_ros2_control)
[2.199s] INFO:colcon.colcon_ros.task.ament_cmake.build:Building ROS package in '/opt/erc_ws/src/pal_pro_gripper/pal_pro_gripper_description' with build type 'ament_cmake'
[2.199s] INFO:colcon.colcon_cmake.task.cmake.build:Building CMake package in '/opt/erc_ws/src/pal_pro_gripper/pal_pro_gripper_description'
[2.199s] INFO:colcon.colcon_core.shell:Skip shell extension 'powershell' for command environment: Not usable outside of PowerShell
[2.199s] DEBUG:colcon.colcon_core.shell:Skip shell extension 'dsv' for command environment
[2.209s] INFO:colcon.colcon_ros.task.ament_cmake.build:Building ROS package in '/opt/erc_ws/src/pal_gripper/pal_gripper_description' with build type 'ament_cmake'
[2.209s] INFO:colcon.colcon_cmake.task.cmake.build:Building CMake package in '/opt/erc_ws/src/pal_gripper/pal_gripper_description'
[2.210s] INFO:colcon.colcon_core.shell:Skip shell extension 'powershell' for command environment: Not usable outside of PowerShell
[2.210s] DEBUG:colcon.colcon_core.shell:Skip shell extension 'dsv' for command environment
[2.231s] DEBUG:colcon.colcon_core.event_handler.log_command:Invoking command in '/opt/erc_ws/build/pal_pro_gripper_description': CMAKE_PREFIX_PATH=/opt/erc_ws/install/pal_urdf_utils:/opt/erc_ws/install/tiago_pro_robot:/opt/erc_ws/install/tiago_pro_head_robot:/opt/erc_ws/install/tiago_pro_bringup:/opt/erc_ws/install/tiago_pro_head_bringup:/opt/erc_ws/install/erc_bringup:/opt/erc_ws/install/tiago_pro_description:/opt/erc_ws/install/tiago_pro_head_description:/opt/erc_ws/install/tiago_pro_controller_configuration:/opt/erc_ws/install/tiago_pro_head_controller_configuration:/opt/erc_ws/install/pal_sea_arm:/opt/erc_ws/install/pal_sea_arm_bringup:/opt/erc_ws/install/pal_sea_arm_description:/opt/erc_ws/install/pal_pro_gripper_simulation:/opt/erc_ws/install/pal_pro_gripper_bringup:/opt/erc_ws/install/pal_pro_gripper:/opt/erc_ws/install/pal_pro_gripper_description:/opt/erc_ws/install/pal_gripper_simulation:/opt/erc_ws/install/pal_gripper:/opt/erc_ws/install/pal_gripper_description:/opt/erc_ws/install/omni_base_robot:/opt/erc_ws/install/omni_base_bringup:/opt/erc_ws/install/omni_base_description:/opt/erc_ws/install/pal_sea_arm_controller_configuration:/opt/erc_ws/install/pal_pro_gripper_controller_configuration:/opt/erc_ws/install/pal_gripper_controller_configuration:/opt/erc_ws/install/omni_base_controller_configuration:/opt/erc_ws/install/gz_ros2_control:/opt/erc_ws/install/erc_description:/opt/erc_ws/install/sensors:/opt/erc_ws/install/pal_pro_gripper_wrapper:/opt/erc_ws/install/launch_pal:/opt/erc_ws/install/erc_solution:/opt/ros/humble /usr/bin/cmake --build /opt/erc_ws/build/pal_pro_gripper_description -- -j16 -l16
[2.246s] DEBUG:colcon.colcon_core.event_handler.log_command:Invoking command in '/opt/erc_ws/build/pal_gripper_description': CMAKE_PREFIX_PATH=/opt/erc_ws/install/pal_urdf_utils:/opt/erc_ws/install/tiago_pro_robot:/opt/erc_ws/install/tiago_pro_head_robot:/opt/erc_ws/install/tiago_pro_bringup:/opt/erc_ws/install/tiago_pro_head_bringup:/opt/erc_ws/install/erc_bringup:/opt/erc_ws/install/tiago_pro_description:/opt/erc_ws/install/tiago_pro_head_description:/opt/erc_ws/install/tiago_pro_controller_configuration:/opt/erc_ws/install/tiago_pro_head_controller_configuration:/opt/erc_ws/install/pal_sea_arm:/opt/erc_ws/install/pal_sea_arm_bringup:/opt/erc_ws/install/pal_sea_arm_description:/opt/erc_ws/install/pal_pro_gripper_simulation:/opt/erc_ws/install/pal_pro_gripper_bringup:/opt/erc_ws/install/pal_pro_gripper:/opt/erc_ws/install/pal_pro_gripper_description:/opt/erc_ws/install/pal_gripper_simulation:/opt/erc_ws/install/pal_gripper:/opt/erc_ws/install/pal_gripper_description:/opt/erc_ws/install/omni_base_robot:/opt/erc_ws/install/omni_base_bringup:/opt/erc_ws/install/omni_base_description:/opt/erc_ws/install/pal_sea_arm_controller_configuration:/opt/erc_ws/install/pal_pro_gripper_controller_configuration:/opt/erc_ws/install/pal_gripper_controller_configuration:/opt/erc_ws/install/omni_base_controller_configuration:/opt/erc_ws/install/gz_ros2_control:/opt/erc_ws/install/erc_description:/opt/erc_ws/install/sensors:/opt/erc_ws/install/pal_pro_gripper_wrapper:/opt/erc_ws/install/launch_pal:/opt/erc_ws/install/erc_solution:/opt/ros/humble /usr/bin/cmake --build /opt/erc_ws/build/pal_gripper_description -- -j16 -l16
[2.343s] DEBUG:colcon.colcon_core.event_handler.log_command:Invoked command in '/opt/erc_ws/build/pal_gripper_description' returned '0': CMAKE_PREFIX_PATH=/opt/erc_ws/install/pal_urdf_utils:/opt/erc_ws/install/tiago_pro_robot:/opt/erc_ws/install/tiago_pro_head_robot:/opt/erc_ws/install/tiago_pro_bringup:/opt/erc_ws/install/tiago_pro_head_bringup:/opt/erc_ws/install/erc_bringup:/opt/erc_ws/install/tiago_pro_description:/opt/erc_ws/install/tiago_pro_head_description:/opt/erc_ws/install/tiago_pro_controller_configuration:/opt/erc_ws/install/tiago_pro_head_controller_configuration:/opt/erc_ws/install/pal_sea_arm:/opt/erc_ws/install/pal_sea_arm_bringup:/opt/erc_ws/install/pal_sea_arm_description:/opt/erc_ws/install/pal_pro_gripper_simulation:/opt/erc_ws/install/pal_pro_gripper_bringup:/opt/erc_ws/install/pal_pro_gripper:/opt/erc_ws/install/pal_pro_gripper_description:/opt/erc_ws/install/pal_gripper_simulation:/opt/erc_ws/install/pal_gripper:/opt/erc_ws/install/pal_gripper_description:/opt/erc_ws/install/omni_base_robot:/opt/erc_ws/install/omni_base_bringup:/opt/erc_ws/install/omni_base_description:/opt/erc_ws/install/pal_sea_arm_controller_configuration:/opt/erc_ws/install/pal_pro_gripper_controller_configuration:/opt/erc_ws/install/pal_gripper_controller_configuration:/opt/erc_ws/install/omni_base_controller_configuration:/opt/erc_ws/install/gz_ros2_control:/opt/erc_ws/install/erc_description:/opt/erc_ws/install/sensors:/opt/erc_ws/install/pal_pro_gripper_wrapper:/opt/erc_ws/install/launch_pal:/opt/erc_ws/install/erc_solution:/opt/ros/humble /usr/bin/cmake --build /opt/erc_ws/build/pal_gripper_description -- -j16 -l16
[2.344s] DEBUG:colcon.colcon_core.event_handler.log_command:Invoking command in '/opt/erc_ws/build/pal_gripper_description': CMAKE_PREFIX_PATH=/opt/erc_ws/install/pal_urdf_utils:/opt/erc_ws/install/tiago_pro_robot:/opt/erc_ws/install/tiago_pro_head_robot:/opt/erc_ws/install/tiago_pro_bringup:/opt/erc_ws/install/tiago_pro_head_bringup:/opt/erc_ws/install/erc_bringup:/opt/erc_ws/install/tiago_pro_description:/opt/erc_ws/install/tiago_pro_head_description:/opt/erc_ws/install/tiago_pro_controller_configuration:/opt/erc_ws/install/tiago_pro_head_controller_configuration:/opt/erc_ws/install/pal_sea_arm:/opt/erc_ws/install/pal_sea_arm_bringup:/opt/erc_ws/install/pal_sea_arm_description:/opt/erc_ws/install/pal_pro_gripper_simulation:/opt/erc_ws/install/pal_pro_gripper_bringup:/opt/erc_ws/install/pal_pro_gripper:/opt/erc_ws/install/pal_pro_gripper_description:/opt/erc_ws/install/pal_gripper_simulation:/opt/erc_ws/install/pal_gripper:/opt/erc_ws/install/pal_gripper_description:/opt/erc_ws/install/omni_base_robot:/opt/erc_ws/install/omni_base_bringup:/opt/erc_ws/install/omni_base_description:/opt/erc_ws/install/pal_sea_arm_controller_configuration:/opt/erc_ws/install/pal_pro_gripper_controller_configuration:/opt/erc_ws/install/pal_gripper_controller_configuration:/opt/erc_ws/install/omni_base_controller_configuration:/opt/erc_ws/install/gz_ros2_control:/opt/erc_ws/install/erc_description:/opt/erc_ws/install/sensors:/opt/erc_ws/install/pal_pro_gripper_wrapper:/opt/erc_ws/install/launch_pal:/opt/erc_ws/install/erc_solution:/opt/ros/humble /usr/bin/cmake --install /opt/erc_ws/build/pal_gripper_description
[2.377s] Level 1:colcon.colcon_core.environment:create_environment_scripts_only(pal_gripper_description)
[2.378s] Level 1:colcon.colcon_core.environment:checking '/opt/erc_ws/install/pal_gripper_description' for CMake module files
[2.379s] Level 1:colcon.colcon_core.environment:checking '/opt/erc_ws/install/pal_gripper_description' for CMake config files
[2.380s] Level 1:colcon.colcon_core.shell:create_environment_hook('pal_gripper_description', 'cmake_prefix_path')
[2.380s] INFO:colcon.colcon_core.shell:Creating environment hook '/opt/erc_ws/install/pal_gripper_description/share/pal_gripper_description/hook/cmake_prefix_path.ps1'
[2.381s] INFO:colcon.colcon_core.shell:Creating environment descriptor '/opt/erc_ws/install/pal_gripper_description/share/pal_gripper_description/hook/cmake_prefix_path.dsv'
[2.386s] DEBUG:colcon.colcon_core.event_handler.log_command:Invoked command in '/opt/erc_ws/build/pal_gripper_description' returned '0': CMAKE_PREFIX_PATH=/opt/erc_ws/install/pal_urdf_utils:/opt/erc_ws/install/tiago_pro_robot:/opt/erc_ws/install/tiago_pro_head_robot:/opt/erc_ws/install/tiago_pro_bringup:/opt/erc_ws/install/tiago_pro_head_bringup:/opt/erc_ws/install/erc_bringup:/opt/erc_ws/install/tiago_pro_description:/opt/erc_ws/install/tiago_pro_head_description:/opt/erc_ws/install/tiago_pro_controller_configuration:/opt/erc_ws/install/tiago_pro_head_controller_configuration:/opt/erc_ws/install/pal_sea_arm:/opt/erc_ws/install/pal_sea_arm_bringup:/opt/erc_ws/install/pal_sea_arm_description:/opt/erc_ws/install/pal_pro_gripper_simulation:/opt/erc_ws/install/pal_pro_gripper_bringup:/opt/erc_ws/install/pal_pro_gripper:/opt/erc_ws/install/pal_pro_gripper_description:/opt/erc_ws/install/pal_gripper_simulation:/opt/erc_ws/install/pal_gripper:/opt/erc_ws/install/pal_gripper_description:/opt/erc_ws/install/omni_base_robot:/opt/erc_ws/install/omni_base_bringup:/opt/erc_ws/install/omni_base_description:/opt/erc_ws/install/pal_sea_arm_controller_configuration:/opt/erc_ws/install/pal_pro_gripper_controller_configuration:/opt/erc_ws/install/pal_gripper_controller_configuration:/opt/erc_ws/install/omni_base_controller_configuration:/opt/erc_ws/install/gz_ros2_control:/opt/erc_ws/install/erc_description:/opt/erc_ws/install/sensors:/opt/erc_ws/install/pal_pro_gripper_wrapper:/opt/erc_ws/install/launch_pal:/opt/erc_ws/install/erc_solution:/opt/ros/humble /usr/bin/cmake --install /opt/erc_ws/build/pal_gripper_description
[2.387s] INFO:colcon.colcon_core.shell:Creating environment hook '/opt/erc_ws/install/pal_gripper_description/share/pal_gripper_description/hook/cmake_prefix_path.sh'
[2.388s] Level 1:colcon.colcon_core.environment:checking '/opt/erc_ws/install/pal_gripper_description/bin'
[2.388s] Level 1:colcon.colcon_core.environment:checking '/opt/erc_ws/install/pal_gripper_description/lib/pkgconfig/pal_gripper_description.pc'
[2.388s] Level 1:colcon.colcon_core.environment:checking '/opt/erc_ws/install/pal_gripper_description/lib/python3.10/site-packages'
[2.388s] Level 1:colcon.colcon_core.environment:checking '/opt/erc_ws/install/pal_gripper_description/bin'
[2.389s] INFO:colcon.colcon_core.shell:Creating package script '/opt/erc_ws/install/pal_gripper_description/share/pal_gripper_description/package.ps1'
[2.390s] INFO:colcon.colcon_core.shell:Creating package descriptor '/opt/erc_ws/install/pal_gripper_description/share/pal_gripper_description/package.dsv'
[2.390s] INFO:colcon.colcon_core.shell:Creating package script '/opt/erc_ws/install/pal_gripper_description/share/pal_gripper_description/package.sh'
[2.390s] INFO:colcon.colcon_core.shell:Creating package script '/opt/erc_ws/install/pal_gripper_description/share/pal_gripper_description/package.bash'
[2.391s] INFO:colcon.colcon_core.shell:Creating package script '/opt/erc_ws/install/pal_gripper_description/share/pal_gripper_description/package.zsh'
[2.392s] Level 1:colcon.colcon_core.environment:create_file_with_runtime_dependencies(/opt/erc_ws/install/pal_gripper_description/share/colcon-core/packages/pal_gripper_description)
[2.392s] Level 1:colcon.colcon_core.environment:create_environment_scripts_only(pal_gripper_description)
[2.392s] Level 1:colcon.colcon_core.environment:checking '/opt/erc_ws/install/pal_gripper_description' for CMake module files
[2.393s] Level 1:colcon.colcon_core.environment:checking '/opt/erc_ws/install/pal_gripper_description' for CMake config files
[2.393s] Level 1:colcon.colcon_core.shell:create_environment_hook('pal_gripper_description', 'cmake_prefix_path')
[2.394s] INFO:colcon.colcon_core.shell:Creating environment hook '/opt/erc_ws/install/pal_gripper_description/share/pal_gripper_description/hook/cmake_prefix_path.ps1'
[2.394s] INFO:colcon.colcon_core.shell:Creating environment descriptor '/opt/erc_ws/install/pal_gripper_description/share/pal_gripper_description/hook/cmake_prefix_path.dsv'
[2.394s] INFO:colcon.colcon_core.shell:Creating environment hook '/opt/erc_ws/install/pal_gripper_description/share/pal_gripper_description/hook/cmake_prefix_path.sh'
[2.395s] Level 1:colcon.colcon_core.environment:checking '/opt/erc_ws/install/pal_gripper_description/bin'
[2.395s] Level 1:colcon.colcon_core.environment:checking '/opt/erc_ws/install/pal_gripper_description/lib/pkgconfig/pal_gripper_description.pc'
[2.395s] Level 1:colcon.colcon_core.environment:checking '/opt/erc_ws/install/pal_gripper_description/lib/python3.10/site-packages'
[2.396s] Level 1:colcon.colcon_core.environment:checking '/opt/erc_ws/install/pal_gripper_description/bin'
[2.396s] INFO:colcon.colcon_core.shell:Creating package script '/opt/erc_ws/install/pal_gripper_description/share/pal_gripper_description/package.ps1'
[2.397s] INFO:colcon.colcon_core.shell:Creating package descriptor '/opt/erc_ws/install/pal_gripper_description/share/pal_gripper_description/package.dsv'
[2.397s] INFO:colcon.colcon_core.shell:Creating package script '/opt/erc_ws/install/pal_gripper_description/share/pal_gripper_description/package.sh'
[2.398s] INFO:colcon.colcon_core.shell:Creating package script '/opt/erc_ws/install/pal_gripper_description/share/pal_gripper_description/package.bash'
[2.398s] INFO:colcon.colcon_core.shell:Creating package script '/opt/erc_ws/install/pal_gripper_description/share/pal_gripper_description/package.zsh'
[2.399s] Level 1:colcon.colcon_core.environment:create_file_with_runtime_dependencies(/opt/erc_ws/install/pal_gripper_description/share/colcon-core/packages/pal_gripper_description)
[2.400s] INFO:colcon.colcon_ros.task.ament_cmake.build:Building ROS package in '/opt/erc_ws/src/pal_gripper/pal_gripper' with build type 'ament_cmake'
[2.400s] INFO:colcon.colcon_cmake.task.cmake.build:Building CMake package in '/opt/erc_ws/src/pal_gripper/pal_gripper'
[2.400s] INFO:colcon.colcon_core.shell:Skip shell extension 'powershell' for command environment: Not usable outside of PowerShell
[2.400s] DEBUG:colcon.colcon_core.shell:Skip shell extension 'dsv' for command environment
[2.411s] INFO:colcon.colcon_ros.task.ament_cmake.build:Building ROS package in '/opt/erc_ws/src/pal_gripper/pal_gripper_simulation' with build type 'ament_cmake'
[2.412s] INFO:colcon.colcon_cmake.task.cmake.build:Building CMake package in '/opt/erc_ws/src/pal_gripper/pal_gripper_simulation'
[2.412s] INFO:colcon.colcon_core.shell:Skip shell extension 'powershell' for command environment: Not usable outside of PowerShell
[2.412s] DEBUG:colcon.colcon_core.shell:Skip shell extension 'dsv' for command environment
[2.438s] DEBUG:colcon.colcon_core.event_handler.log_command:Invoking command in '/opt/erc_ws/build/pal_gripper': CMAKE_PREFIX_PATH=/opt/erc_ws/install/pal_gripper_description:/opt/erc_ws/install/pal_urdf_utils:/opt/erc_ws/install/pal_gripper_controller_configuration:/opt/erc_ws/install/tiago_pro_robot:/opt/erc_ws/install/tiago_pro_head_robot:/opt/erc_ws/install/tiago_pro_bringup:/opt/erc_ws/install/tiago_pro_head_bringup:/opt/erc_ws/install/erc_bringup:/opt/erc_ws/install/tiago_pro_description:/opt/erc_ws/install/tiago_pro_head_description:/opt/erc_ws/install/tiago_pro_controller_configuration:/opt/erc_ws/install/tiago_pro_head_controller_configuration:/opt/erc_ws/install/pal_sea_arm:/opt/erc_ws/install/pal_sea_arm_bringup:/opt/erc_ws/install/pal_sea_arm_description:/opt/erc_ws/install/pal_pro_gripper_simulation:/opt/erc_ws/install/pal_pro_gripper_bringup:/opt/erc_ws/install/pal_pro_gripper:/opt/erc_ws/install/pal_pro_gripper_description:/opt/erc_ws/install/pal_gripper_simulation:/opt/erc_ws/install/pal_gripper:/opt/erc_ws/install/omni_base_robot:/opt/erc_ws/install/omni_base_bringup:/opt/erc_ws/install/omni_base_description:/opt/erc_ws/install/pal_sea_arm_controller_configuration:/opt/erc_ws/install/pal_pro_gripper_controller_configuration:/opt/erc_ws/install/omni_base_controller_configuration:/opt/erc_ws/install/gz_ros2_control:/opt/erc_ws/install/erc_description:/opt/erc_ws/install/sensors:/opt/erc_ws/install/pal_pro_gripper_wrapper:/opt/erc_ws/install/launch_pal:/opt/erc_ws/install/erc_solution:/opt/ros/humble /usr/bin/cmake --build /opt/erc_ws/build/pal_gripper -- -j16 -l16
[2.448s] DEBUG:colcon.colcon_core.event_handler.log_command:Invoking command in '/opt/erc_ws/build/pal_gripper_simulation': CMAKE_PREFIX_PATH=/opt/erc_ws/install/pal_gripper_description:/opt/erc_ws/install/pal_urdf_utils:/opt/erc_ws/install/pal_gripper_controller_configuration:/opt/erc_ws/install/tiago_pro_robot:/opt/erc_ws/install/tiago_pro_head_robot:/opt/erc_ws/install/tiago_pro_bringup:/opt/erc_ws/install/tiago_pro_head_bringup:/opt/erc_ws/install/erc_bringup:/opt/erc_ws/install/tiago_pro_description:/opt/erc_ws/install/tiago_pro_head_description:/opt/erc_ws/install/tiago_pro_controller_configuration:/opt/erc_ws/install/tiago_pro_head_controller_configuration:/opt/erc_ws/install/pal_sea_arm:/opt/erc_ws/install/pal_sea_arm_bringup:/opt/erc_ws/install/pal_sea_arm_description:/opt/erc_ws/install/pal_pro_gripper_simulation:/opt/erc_ws/install/pal_pro_gripper_bringup:/opt/erc_ws/install/pal_pro_gripper:/opt/erc_ws/install/pal_pro_gripper_description:/opt/erc_ws/install/pal_gripper_simulation:/opt/erc_ws/install/pal_gripper:/opt/erc_ws/install/omni_base_robot:/opt/erc_ws/install/omni_base_bringup:/opt/erc_ws/install/omni_base_description:/opt/erc_ws/install/pal_sea_arm_controller_configuration:/opt/erc_ws/install/pal_pro_gripper_controller_configuration:/opt/erc_ws/install/omni_base_controller_configuration:/opt/erc_ws/install/gz_ros2_control:/opt/erc_ws/install/erc_description:/opt/erc_ws/install/sensors:/opt/erc_ws/install/pal_pro_gripper_wrapper:/opt/erc_ws/install/launch_pal:/opt/erc_ws/install/erc_solution:/opt/ros/humble /usr/bin/cmake --build /opt/erc_ws/build/pal_gripper_simulation -- -j16 -l16
[2.524s] DEBUG:colcon.colcon_core.event_handler.log_command:Invoked command in '/opt/erc_ws/build/pal_gripper' returned '0': CMAKE_PREFIX_PATH=/opt/erc_ws/install/pal_gripper_description:/opt/erc_ws/install/pal_urdf_utils:/opt/erc_ws/install/pal_gripper_controller_configuration:/opt/erc_ws/install/tiago_pro_robot:/opt/erc_ws/install/tiago_pro_head_robot:/opt/erc_ws/install/tiago_pro_bringup:/opt/erc_ws/install/tiago_pro_head_bringup:/opt/erc_ws/install/erc_bringup:/opt/erc_ws/install/tiago_pro_description:/opt/erc_ws/install/tiago_pro_head_description:/opt/erc_ws/install/tiago_pro_controller_configuration:/opt/erc_ws/install/tiago_pro_head_controller_configuration:/opt/erc_ws/install/pal_sea_arm:/opt/erc_ws/install/pal_sea_arm_bringup:/opt/erc_ws/install/pal_sea_arm_description:/opt/erc_ws/install/pal_pro_gripper_simulation:/opt/erc_ws/install/pal_pro_gripper_bringup:/opt/erc_ws/install/pal_pro_gripper:/opt/erc_ws/install/pal_pro_gripper_description:/opt/erc_ws/install/pal_gripper_simulation:/opt/erc_ws/install/pal_gripper:/opt/erc_ws/install/omni_base_robot:/opt/erc_ws/install/omni_base_bringup:/opt/erc_ws/install/omni_base_description:/opt/erc_ws/install/pal_sea_arm_controller_configuration:/opt/erc_ws/install/pal_pro_gripper_controller_configuration:/opt/erc_ws/install/omni_base_controller_configuration:/opt/erc_ws/install/gz_ros2_control:/opt/erc_ws/install/erc_description:/opt/erc_ws/install/sensors:/opt/erc_ws/install/pal_pro_gripper_wrapper:/opt/erc_ws/install/launch_pal:/opt/erc_ws/install/erc_solution:/opt/ros/humble /usr/bin/cmake --build /opt/erc_ws/build/pal_gripper -- -j16 -l16
[2.527s] DEBUG:colcon.colcon_core.event_handler.log_command:Invoking command in '/opt/erc_ws/build/pal_gripper': CMAKE_PREFIX_PATH=/opt/erc_ws/install/pal_gripper_description:/opt/erc_ws/install/pal_urdf_utils:/opt/erc_ws/install/pal_gripper_controller_configuration:/opt/erc_ws/install/tiago_pro_robot:/opt/erc_ws/install/tiago_pro_head_robot:/opt/erc_ws/install/tiago_pro_bringup:/opt/erc_ws/install/tiago_pro_head_bringup:/opt/erc_ws/install/erc_bringup:/opt/erc_ws/install/tiago_pro_description:/opt/erc_ws/install/tiago_pro_head_description:/opt/erc_ws/install/tiago_pro_controller_configuration:/opt/erc_ws/install/tiago_pro_head_controller_configuration:/opt/erc_ws/install/pal_sea_arm:/opt/erc_ws/install/pal_sea_arm_bringup:/opt/erc_ws/install/pal_sea_arm_description:/opt/erc_ws/install/pal_pro_gripper_simulation:/opt/erc_ws/install/pal_pro_gripper_bringup:/opt/erc_ws/install/pal_pro_gripper:/opt/erc_ws/install/pal_pro_gripper_description:/opt/erc_ws/install/pal_gripper_simulation:/opt/erc_ws/install/pal_gripper:/opt/erc_ws/install/omni_base_robot:/opt/erc_ws/install/omni_base_bringup:/opt/erc_ws/install/omni_base_description:/opt/erc_ws/install/pal_sea_arm_controller_configuration:/opt/erc_ws/install/pal_pro_gripper_controller_configuration:/opt/erc_ws/install/omni_base_controller_configuration:/opt/erc_ws/install/gz_ros2_control:/opt/erc_ws/install/erc_description:/opt/erc_ws/install/sensors:/opt/erc_ws/install/pal_pro_gripper_wrapper:/opt/erc_ws/install/launch_pal:/opt/erc_ws/install/erc_solution:/opt/ros/humble /usr/bin/cmake --install /opt/erc_ws/build/pal_gripper
[2.545s] DEBUG:colcon.colcon_core.event_handler.log_command:Invoked command in '/opt/erc_ws/build/pal_gripper_simulation' returned '0': CMAKE_PREFIX_PATH=/opt/erc_ws/install/pal_gripper_description:/opt/erc_ws/install/pal_urdf_utils:/opt/erc_ws/install/pal_gripper_controller_configuration:/opt/erc_ws/install/tiago_pro_robot:/opt/erc_ws/install/tiago_pro_head_robot:/opt/erc_ws/install/tiago_pro_bringup:/opt/erc_ws/install/tiago_pro_head_bringup:/opt/erc_ws/install/erc_bringup:/opt/erc_ws/install/tiago_pro_description:/opt/erc_ws/install/tiago_pro_head_description:/opt/erc_ws/install/tiago_pro_controller_configuration:/opt/erc_ws/install/tiago_pro_head_controller_configuration:/opt/erc_ws/install/pal_sea_arm:/opt/erc_ws/install/pal_sea_arm_bringup:/opt/erc_ws/install/pal_sea_arm_description:/opt/erc_ws/install/pal_pro_gripper_simulation:/opt/erc_ws/install/pal_pro_gripper_bringup:/opt/erc_ws/install/pal_pro_gripper:/opt/erc_ws/install/pal_pro_gripper_description:/opt/erc_ws/install/pal_gripper_simulation:/opt/erc_ws/install/pal_gripper:/opt/erc_ws/install/omni_base_robot:/opt/erc_ws/install/omni_base_bringup:/opt/erc_ws/install/omni_base_description:/opt/erc_ws/install/pal_sea_arm_controller_configuration:/opt/erc_ws/install/pal_pro_gripper_controller_configuration:/opt/erc_ws/install/omni_base_controller_configuration:/opt/erc_ws/install/gz_ros2_control:/opt/erc_ws/install/erc_description:/opt/erc_ws/install/sensors:/opt/erc_ws/install/pal_pro_gripper_wrapper:/opt/erc_ws/install/launch_pal:/opt/erc_ws/install/erc_solution:/opt/ros/humble /usr/bin/cmake --build /opt/erc_ws/build/pal_gripper_simulation -- -j16 -l16
[2.547s] DEBUG:colcon.colcon_core.event_handler.log_command:Invoking command in '/opt/erc_ws/build/pal_gripper_simulation': CMAKE_PREFIX_PATH=/opt/erc_ws/install/pal_gripper_description:/opt/erc_ws/install/pal_urdf_utils:/opt/erc_ws/install/pal_gripper_controller_configuration:/opt/erc_ws/install/tiago_pro_robot:/opt/erc_ws/install/tiago_pro_head_robot:/opt/erc_ws/install/tiago_pro_bringup:/opt/erc_ws/install/tiago_pro_head_bringup:/opt/erc_ws/install/erc_bringup:/opt/erc_ws/install/tiago_pro_description:/opt/erc_ws/install/tiago_pro_head_description:/opt/erc_ws/install/tiago_pro_controller_configuration:/opt/erc_ws/install/tiago_pro_head_controller_configuration:/opt/erc_ws/install/pal_sea_arm:/opt/erc_ws/install/pal_sea_arm_bringup:/opt/erc_ws/install/pal_sea_arm_description:/opt/erc_ws/install/pal_pro_gripper_simulation:/opt/erc_ws/install/pal_pro_gripper_bringup:/opt/erc_ws/install/pal_pro_gripper:/opt/erc_ws/install/pal_pro_gripper_description:/opt/erc_ws/install/pal_gripper_simulation:/opt/erc_ws/install/pal_gripper:/opt/erc_ws/install/omni_base_robot:/opt/erc_ws/install/omni_base_bringup:/opt/erc_ws/install/omni_base_description:/opt/erc_ws/install/pal_sea_arm_controller_configuration:/opt/erc_ws/install/pal_pro_gripper_controller_configuration:/opt/erc_ws/install/omni_base_controller_configuration:/opt/erc_ws/install/gz_ros2_control:/opt/erc_ws/install/erc_description:/opt/erc_ws/install/sensors:/opt/erc_ws/install/pal_pro_gripper_wrapper:/opt/erc_ws/install/launch_pal:/opt/erc_ws/install/erc_solution:/opt/ros/humble /usr/bin/cmake --install /opt/erc_ws/build/pal_gripper_simulation
[2.558s] DEBUG:colcon.colcon_core.task.python.build:Available setuptools commands: egg_info, install_data, alias, build, install, rotate, build_clib, develop, bdist_egg, update_catalog, bdist_rpm, extract_messages, init_catalog, register, bdist_wheel, test, upload, build_py, easy_install, build_scripts, build_ext, install_scripts, dist_info, setopt, upload_docs, bdist, install_lib, symlink_data, install_egg_info, check, saveopts, install_headers, sdist, clean, compile_catalog, bdist_dumb
[2.570s] DEBUG:colcon.colcon_core.task.python.build:Available setuptools commands: egg_info, install_data, alias, build, install, rotate, build_clib, develop, bdist_egg, update_catalog, bdist_rpm, extract_messages, init_catalog, register, bdist_wheel, test, upload, build_py, easy_install, build_scripts, build_ext, install_scripts, dist_info, setopt, upload_docs, bdist, install_lib, symlink_data, install_egg_info, check, saveopts, install_headers, sdist, clean, compile_catalog, bdist_dumb
[2.577s] DEBUG:colcon.colcon_core.task.python.build:Available setuptools commands: egg_info, install_data, alias, build, install, rotate, build_clib, develop, bdist_egg, update_catalog, bdist_rpm, extract_messages, init_catalog, register, bdist_wheel, test, upload, build_py, easy_install, build_scripts, build_ext, install_scripts, dist_info, setopt, upload_docs, bdist, install_lib, symlink_data, install_egg_info, check, saveopts, install_headers, sdist, clean, compile_catalog, bdist_dumb
[2.585s] DEBUG:colcon.colcon_core.task.python.build:Available setuptools commands: egg_info, install_data, alias, build, install, rotate, build_clib, develop, bdist_egg, update_catalog, bdist_rpm, extract_messages, init_catalog, register, bdist_wheel, test, upload, build_py, easy_install, build_scripts, build_ext, install_scripts, dist_info, setopt, upload_docs, bdist, install_lib, symlink_data, install_egg_info, check, saveopts, install_headers, sdist, clean, compile_catalog, bdist_dumb
[2.590s] Level 1:colcon.colcon_core.environment:create_environment_scripts_only(pal_gripper)
[2.591s] Level 1:colcon.colcon_core.environment:checking '/opt/erc_ws/install/pal_gripper' for CMake module files
[2.591s] DEBUG:colcon.colcon_core.event_handler.log_command:Invoked command in '/opt/erc_ws/build/pal_gripper' returned '0': CMAKE_PREFIX_PATH=/opt/erc_ws/install/pal_gripper_description:/opt/erc_ws/install/pal_urdf_utils:/opt/erc_ws/install/pal_gripper_controller_configuration:/opt/erc_ws/install/tiago_pro_robot:/opt/erc_ws/install/tiago_pro_head_robot:/opt/erc_ws/install/tiago_pro_bringup:/opt/erc_ws/install/tiago_pro_head_bringup:/opt/erc_ws/install/erc_bringup:/opt/erc_ws/install/tiago_pro_description:/opt/erc_ws/install/tiago_pro_head_description:/opt/erc_ws/install/tiago_pro_controller_configuration:/opt/erc_ws/install/tiago_pro_head_controller_configuration:/opt/erc_ws/install/pal_sea_arm:/opt/erc_ws/install/pal_sea_arm_bringup:/opt/erc_ws/install/pal_sea_arm_description:/opt/erc_ws/install/pal_pro_gripper_simulation:/opt/erc_ws/install/pal_pro_gripper_bringup:/opt/erc_ws/install/pal_pro_gripper:/opt/erc_ws/install/pal_pro_gripper_description:/opt/erc_ws/install/pal_gripper_simulation:/opt/erc_ws/install/pal_gripper:/opt/erc_ws/install/omni_base_robot:/opt/erc_ws/install/omni_base_bringup:/opt/erc_ws/install/omni_base_description:/opt/erc_ws/install/pal_sea_arm_controller_configuration:/opt/erc_ws/install/pal_pro_gripper_controller_configuration:/opt/erc_ws/install/omni_base_controller_configuration:/opt/erc_ws/install/gz_ros2_control:/opt/erc_ws/install/erc_description:/opt/erc_ws/install/sensors:/opt/erc_ws/install/pal_pro_gripper_wrapper:/opt/erc_ws/install/launch_pal:/opt/erc_ws/install/erc_solution:/opt/ros/humble /usr/bin/cmake --install /opt/erc_ws/build/pal_gripper
[2.592s] Level 1:colcon.colcon_core.environment:checking '/opt/erc_ws/install/pal_gripper' for CMake config files
[2.592s] Level 1:colcon.colcon_core.shell:create_environment_hook('pal_gripper', 'cmake_prefix_path')
[2.593s] INFO:colcon.colcon_core.shell:Creating environment hook '/opt/erc_ws/install/pal_gripper/share/pal_gripper/hook/cmake_prefix_path.ps1'
[2.593s] INFO:colcon.colcon_core.shell:Creating environment descriptor '/opt/erc_ws/install/pal_gripper/share/pal_gripper/hook/cmake_prefix_path.dsv'
[2.594s] INFO:colcon.colcon_core.shell:Creating environment hook '/opt/erc_ws/install/pal_gripper/share/pal_gripper/hook/cmake_prefix_path.sh'
[2.595s] Level 1:colcon.colcon_core.environment:checking '/opt/erc_ws/install/pal_gripper/bin'
[2.595s] Level 1:colcon.colcon_core.environment:checking '/opt/erc_ws/install/pal_gripper/lib/pkgconfig/pal_gripper.pc'
[2.595s] Level 1:colcon.colcon_core.environment:checking '/opt/erc_ws/install/pal_gripper/lib/python3.10/site-packages'
[2.595s] Level 1:colcon.colcon_core.environment:checking '/opt/erc_ws/install/pal_gripper/bin'
[2.596s] INFO:colcon.colcon_core.shell:Creating package script '/opt/erc_ws/install/pal_gripper/share/pal_gripper/package.ps1'
[2.597s] INFO:colcon.colcon_core.shell:Creating package descriptor '/opt/erc_ws/install/pal_gripper/share/pal_gripper/package.dsv'
[2.599s] INFO:colcon.colcon_core.shell:Creating package script '/opt/erc_ws/install/pal_gripper/share/pal_gripper/package.sh'
[2.600s] INFO:colcon.colcon_core.shell:Creating package script '/opt/erc_ws/install/pal_gripper/share/pal_gripper/package.bash'
[2.600s] INFO:colcon.colcon_core.shell:Creating package script '/opt/erc_ws/install/pal_gripper/share/pal_gripper/package.zsh'
[2.601s] Level 1:colcon.colcon_core.environment:create_file_with_runtime_dependencies(/opt/erc_ws/install/pal_gripper/share/colcon-core/packages/pal_gripper)
[2.601s] Level 1:colcon.colcon_core.environment:create_environment_scripts_only(pal_gripper)
[2.602s] Level 1:colcon.colcon_core.environment:checking '/opt/erc_ws/install/pal_gripper' for CMake module files
[2.602s] Level 1:colcon.colcon_core.environment:checking '/opt/erc_ws/install/pal_gripper' for CMake config files
[2.602s] Level 1:colcon.colcon_core.shell:create_environment_hook('pal_gripper', 'cmake_prefix_path')
[2.602s] INFO:colcon.colcon_core.shell:Creating environment hook '/opt/erc_ws/install/pal_gripper/share/pal_gripper/hook/cmake_prefix_path.ps1'
[2.603s] INFO:colcon.colcon_core.shell:Creating environment descriptor '/opt/erc_ws/install/pal_gripper/share/pal_gripper/hook/cmake_prefix_path.dsv'
[2.603s] INFO:colcon.colcon_core.shell:Creating environment hook '/opt/erc_ws/install/pal_gripper/share/pal_gripper/hook/cmake_prefix_path.sh'
[2.603s] Level 1:colcon.colcon_core.environment:checking '/opt/erc_ws/install/pal_gripper/bin'
[2.603s] Level 1:colcon.colcon_core.environment:checking '/opt/erc_ws/install/pal_gripper/lib/pkgconfig/pal_gripper.pc'
[2.604s] Level 1:colcon.colcon_core.environment:checking '/opt/erc_ws/install/pal_gripper/lib/python3.10/site-packages'
[2.604s] Level 1:colcon.colcon_core.environment:checking '/opt/erc_ws/install/pal_gripper/bin'
[2.604s] INFO:colcon.colcon_core.shell:Creating package script '/opt/erc_ws/install/pal_gripper/share/pal_gripper/package.ps1'
[2.605s] INFO:colcon.colcon_core.shell:Creating package descriptor '/opt/erc_ws/install/pal_gripper/share/pal_gripper/package.dsv'
[2.605s] INFO:colcon.colcon_core.shell:Creating package script '/opt/erc_ws/install/pal_gripper/share/pal_gripper/package.sh'
[2.606s] INFO:colcon.colcon_core.shell:Creating package script '/opt/erc_ws/install/pal_gripper/share/pal_gripper/package.bash'
[2.606s] INFO:colcon.colcon_core.shell:Creating package script '/opt/erc_ws/install/pal_gripper/share/pal_gripper/package.zsh'
[2.607s] Level 1:colcon.colcon_core.environment:create_file_with_runtime_dependencies(/opt/erc_ws/install/pal_gripper/share/colcon-core/packages/pal_gripper)
[2.610s] Level 1:colcon.colcon_core.environment:create_environment_scripts_only(pal_gripper_simulation)
[2.610s] Level 1:colcon.colcon_core.environment:checking '/opt/erc_ws/install/pal_gripper_simulation' for CMake module files
[2.611s] Level 1:colcon.colcon_core.environment:checking '/opt/erc_ws/install/pal_gripper_simulation' for CMake config files
[2.612s] Level 1:colcon.colcon_core.shell:create_environment_hook('pal_gripper_simulation', 'cmake_prefix_path')
[2.613s] INFO:colcon.colcon_core.shell:Creating environment hook '/opt/erc_ws/install/pal_gripper_simulation/share/pal_gripper_simulation/hook/cmake_prefix_path.ps1'
[2.614s] INFO:colcon.colcon_core.shell:Creating environment descriptor '/opt/erc_ws/install/pal_gripper_simulation/share/pal_gripper_simulation/hook/cmake_prefix_path.dsv'
[2.615s] INFO:colcon.colcon_core.shell:Creating environment hook '/opt/erc_ws/install/pal_gripper_simulation/share/pal_gripper_simulation/hook/cmake_prefix_path.sh'
[2.616s] DEBUG:colcon.colcon_core.event_handler.log_command:Invoked command in '/opt/erc_ws/build/pal_gripper_simulation' returned '0': CMAKE_PREFIX_PATH=/opt/erc_ws/install/pal_gripper_description:/opt/erc_ws/install/pal_urdf_utils:/opt/erc_ws/install/pal_gripper_controller_configuration:/opt/erc_ws/install/tiago_pro_robot:/opt/erc_ws/install/tiago_pro_head_robot:/opt/erc_ws/install/tiago_pro_bringup:/opt/erc_ws/install/tiago_pro_head_bringup:/opt/erc_ws/install/erc_bringup:/opt/erc_ws/install/tiago_pro_description:/opt/erc_ws/install/tiago_pro_head_description:/opt/erc_ws/install/tiago_pro_controller_configuration:/opt/erc_ws/install/tiago_pro_head_controller_configuration:/opt/erc_ws/install/pal_sea_arm:/opt/erc_ws/install/pal_sea_arm_bringup:/opt/erc_ws/install/pal_sea_arm_description:/opt/erc_ws/install/pal_pro_gripper_simulation:/opt/erc_ws/install/pal_pro_gripper_bringup:/opt/erc_ws/install/pal_pro_gripper:/opt/erc_ws/install/pal_pro_gripper_description:/opt/erc_ws/install/pal_gripper_simulation:/opt/erc_ws/install/pal_gripper:/opt/erc_ws/install/omni_base_robot:/opt/erc_ws/install/omni_base_bringup:/opt/erc_ws/install/omni_base_description:/opt/erc_ws/install/pal_sea_arm_controller_configuration:/opt/erc_ws/install/pal_pro_gripper_controller_configuration:/opt/erc_ws/install/omni_base_controller_configuration:/opt/erc_ws/install/gz_ros2_control:/opt/erc_ws/install/erc_description:/opt/erc_ws/install/sensors:/opt/erc_ws/install/pal_pro_gripper_wrapper:/opt/erc_ws/install/launch_pal:/opt/erc_ws/install/erc_solution:/opt/ros/humble /usr/bin/cmake --install /opt/erc_ws/build/pal_gripper_simulation
[2.616s] Level 1:colcon.colcon_core.environment:checking '/opt/erc_ws/install/pal_gripper_simulation/bin'
[2.616s] Level 1:colcon.colcon_core.environment:checking '/opt/erc_ws/install/pal_gripper_simulation/lib/pkgconfig/pal_gripper_simulation.pc'
[2.617s] Level 1:colcon.colcon_core.environment:checking '/opt/erc_ws/install/pal_gripper_simulation/lib/python3.10/site-packages'
[2.617s] Level 1:colcon.colcon_core.environment:checking '/opt/erc_ws/install/pal_gripper_simulation/bin'
[2.618s] INFO:colcon.colcon_core.shell:Creating package script '/opt/erc_ws/install/pal_gripper_simulation/share/pal_gripper_simulation/package.ps1'
[2.619s] INFO:colcon.colcon_core.shell:Creating package descriptor '/opt/erc_ws/install/pal_gripper_simulation/share/pal_gripper_simulation/package.dsv'
[2.619s] INFO:colcon.colcon_core.shell:Creating package script '/opt/erc_ws/install/pal_gripper_simulation/share/pal_gripper_simulation/package.sh'
[2.620s] INFO:colcon.colcon_core.shell:Creating package script '/opt/erc_ws/install/pal_gripper_simulation/share/pal_gripper_simulation/package.bash'
[2.620s] INFO:colcon.colcon_core.shell:Creating package script '/opt/erc_ws/install/pal_gripper_simulation/share/pal_gripper_simulation/package.zsh'
[2.621s] Level 1:colcon.colcon_core.environment:create_file_with_runtime_dependencies(/opt/erc_ws/install/pal_gripper_simulation/share/colcon-core/packages/pal_gripper_simulation)
[2.622s] Level 1:colcon.colcon_core.environment:create_environment_scripts_only(pal_gripper_simulation)
[2.622s] Level 1:colcon.colcon_core.environment:checking '/opt/erc_ws/install/pal_gripper_simulation' for CMake module files
[2.622s] Level 1:colcon.colcon_core.environment:checking '/opt/erc_ws/install/pal_gripper_simulation' for CMake config files
[2.623s] Level 1:colcon.colcon_core.shell:create_environment_hook('pal_gripper_simulation', 'cmake_prefix_path')
[2.623s] INFO:colcon.colcon_core.shell:Creating environment hook '/opt/erc_ws/install/pal_gripper_simulation/share/pal_gripper_simulation/hook/cmake_prefix_path.ps1'
[2.623s] INFO:colcon.colcon_core.shell:Creating environment descriptor '/opt/erc_ws/install/pal_gripper_simulation/share/pal_gripper_simulation/hook/cmake_prefix_path.dsv'
[2.624s] INFO:colcon.colcon_core.shell:Creating environment hook '/opt/erc_ws/install/pal_gripper_simulation/share/pal_gripper_simulation/hook/cmake_prefix_path.sh'
[2.625s] Level 1:colcon.colcon_core.environment:checking '/opt/erc_ws/install/pal_gripper_simulation/bin'
[2.625s] Level 1:colcon.colcon_core.environment:checking '/opt/erc_ws/install/pal_gripper_simulation/lib/pkgconfig/pal_gripper_simulation.pc'
[2.625s] Level 1:colcon.colcon_core.environment:checking '/opt/erc_ws/install/pal_gripper_simulation/lib/python3.10/site-packages'
[2.625s] Level 1:colcon.colcon_core.environment:checking '/opt/erc_ws/install/pal_gripper_simulation/bin'
[2.626s] INFO:colcon.colcon_core.shell:Creating package script '/opt/erc_ws/install/pal_gripper_simulation/share/pal_gripper_simulation/package.ps1'
[2.626s] INFO:colcon.colcon_core.shell:Creating package descriptor '/opt/erc_ws/install/pal_gripper_simulation/share/pal_gripper_simulation/package.dsv'
[2.627s] INFO:colcon.colcon_core.shell:Creating package script '/opt/erc_ws/install/pal_gripper_simulation/share/pal_gripper_simulation/package.sh'
[2.627s] INFO:colcon.colcon_core.shell:Creating package script '/opt/erc_ws/install/pal_gripper_simulation/share/pal_gripper_simulation/package.bash'
[2.628s] INFO:colcon.colcon_core.shell:Creating package script '/opt/erc_ws/install/pal_gripper_simulation/share/pal_gripper_simulation/package.zsh'
[2.629s] Level 1:colcon.colcon_core.environment:create_file_with_runtime_dependencies(/opt/erc_ws/install/pal_gripper_simulation/share/colcon-core/packages/pal_gripper_simulation)
[2.828s] DEBUG:colcon.colcon_core.event_handler.log_command:Invoked command in '/opt/erc_ws/build/pal_pro_gripper_description' returned '0': CMAKE_PREFIX_PATH=/opt/erc_ws/install/pal_urdf_utils:/opt/erc_ws/install/tiago_pro_robot:/opt/erc_ws/install/tiago_pro_head_robot:/opt/erc_ws/install/tiago_pro_bringup:/opt/erc_ws/install/tiago_pro_head_bringup:/opt/erc_ws/install/erc_bringup:/opt/erc_ws/install/tiago_pro_description:/opt/erc_ws/install/tiago_pro_head_description:/opt/erc_ws/install/tiago_pro_controller_configuration:/opt/erc_ws/install/tiago_pro_head_controller_configuration:/opt/erc_ws/install/pal_sea_arm:/opt/erc_ws/install/pal_sea_arm_bringup:/opt/erc_ws/install/pal_sea_arm_description:/opt/erc_ws/install/pal_pro_gripper_simulation:/opt/erc_ws/install/pal_pro_gripper_bringup:/opt/erc_ws/install/pal_pro_gripper:/opt/erc_ws/install/pal_pro_gripper_description:/opt/erc_ws/install/pal_gripper_simulation:/opt/erc_ws/install/pal_gripper:/opt/erc_ws/install/pal_gripper_description:/opt/erc_ws/install/omni_base_robot:/opt/erc_ws/install/omni_base_bringup:/opt/erc_ws/install/omni_base_description:/opt/erc_ws/install/pal_sea_arm_controller_configuration:/opt/erc_ws/install/pal_pro_gripper_controller_configuration:/opt/erc_ws/install/pal_gripper_controller_configuration:/opt/erc_ws/install/omni_base_controller_configuration:/opt/erc_ws/install/gz_ros2_control:/opt/erc_ws/install/erc_description:/opt/erc_ws/install/sensors:/opt/erc_ws/install/pal_pro_gripper_wrapper:/opt/erc_ws/install/launch_pal:/opt/erc_ws/install/erc_solution:/opt/ros/humble /usr/bin/cmake --build /opt/erc_ws/build/pal_pro_gripper_description -- -j16 -l16
[2.832s] DEBUG:colcon.colcon_core.event_handler.log_command:Invoking command in '/opt/erc_ws/build/pal_pro_gripper_description': CMAKE_PREFIX_PATH=/opt/erc_ws/install/pal_urdf_utils:/opt/erc_ws/install/tiago_pro_robot:/opt/erc_ws/install/tiago_pro_head_robot:/opt/erc_ws/install/tiago_pro_bringup:/opt/erc_ws/install/tiago_pro_head_bringup:/opt/erc_ws/install/erc_bringup:/opt/erc_ws/install/tiago_pro_description:/opt/erc_ws/install/tiago_pro_head_description:/opt/erc_ws/install/tiago_pro_controller_configuration:/opt/erc_ws/install/tiago_pro_head_controller_configuration:/opt/erc_ws/install/pal_sea_arm:/opt/erc_ws/install/pal_sea_arm_bringup:/opt/erc_ws/install/pal_sea_arm_description:/opt/erc_ws/install/pal_pro_gripper_simulation:/opt/erc_ws/install/pal_pro_gripper_bringup:/opt/erc_ws/install/pal_pro_gripper:/opt/erc_ws/install/pal_pro_gripper_description:/opt/erc_ws/install/pal_gripper_simulation:/opt/erc_ws/install/pal_gripper:/opt/erc_ws/install/pal_gripper_description:/opt/erc_ws/install/omni_base_robot:/opt/erc_ws/install/omni_base_bringup:/opt/erc_ws/install/omni_base_description:/opt/erc_ws/install/pal_sea_arm_controller_configuration:/opt/erc_ws/install/pal_pro_gripper_controller_configuration:/opt/erc_ws/install/pal_gripper_controller_configuration:/opt/erc_ws/install/omni_base_controller_configuration:/opt/erc_ws/install/gz_ros2_control:/opt/erc_ws/install/erc_description:/opt/erc_ws/install/sensors:/opt/erc_ws/install/pal_pro_gripper_wrapper:/opt/erc_ws/install/launch_pal:/opt/erc_ws/install/erc_solution:/opt/ros/humble /usr/bin/cmake --install /opt/erc_ws/build/pal_pro_gripper_description
[2.916s] DEBUG:colcon.colcon_core.task.python.build:Available setuptools 'develop' options: --version, --quiet, --install-layout, --no-user-cfg, --prefix, --build-directory, --user, --help, --script-dir, --index-url, --no-find-links, --egg-path, --exclude-scripts, --no-deps, --multi-version, --upgrade, --site-dirs, --optimize, --editable, --record, --dry-run, --allow-hosts, --find-links, --install-dir, --verbose, --uninstall, --always-copy, --local-snapshots-ok, --zip-ok, --force-installation-into-system-dir, --always-unzip
[2.923s] DEBUG:colcon.colcon_core.task.python.build:Available setuptools 'develop' options: --version, --quiet, --install-layout, --no-user-cfg, --prefix, --build-directory, --user, --help, --script-dir, --index-url, --no-find-links, --egg-path, --exclude-scripts, --no-deps, --multi-version, --upgrade, --site-dirs, --optimize, --editable, --record, --dry-run, --allow-hosts, --find-links, --install-dir, --verbose, --uninstall, --always-copy, --local-snapshots-ok, --zip-ok, --force-installation-into-system-dir, --always-unzip
[2.923s] DEBUG:colcon.colcon_core.event_handler.log_command:Invoking command in '/opt/erc_ws/build/pal_pro_gripper_wrapper': PYTHONPATH=/opt/erc_ws/build/pal_pro_gripper_wrapper/prefix_override:/usr/lib/python3/dist-packages/colcon_core/task/python/colcon_distutils_commands:/opt/erc_ws/install/pal_pro_gripper_wrapper/lib/python3.10/site-packages:${PYTHONPATH} /usr/bin/python3 -W ignore:setup.py install is deprecated -W ignore:easy_install command is deprecated setup.py develop --editable --build-directory /opt/erc_ws/build/pal_pro_gripper_wrapper/build --no-deps symlink_data
[2.931s] DEBUG:colcon.colcon_core.event_handler.log_command:Invoking command in '/opt/erc_ws/build/erc_solution': PYTHONPATH=/opt/erc_ws/build/erc_solution/prefix_override:/usr/lib/python3/dist-packages/colcon_core/task/python/colcon_distutils_commands:/opt/erc_ws/install/erc_solution/lib/python3.10/site-packages:${PYTHONPATH} /usr/bin/python3 -W ignore:setup.py install is deprecated -W ignore:easy_install command is deprecated setup.py develop --editable --build-directory /opt/erc_ws/build/erc_solution/build --no-deps symlink_data
[2.932s] Level 1:colcon.colcon_core.environment:create_environment_scripts_only(pal_pro_gripper_description)
[2.933s] Level 1:colcon.colcon_core.environment:checking '/opt/erc_ws/install/pal_pro_gripper_description' for CMake module files
[2.934s] DEBUG:colcon.colcon_core.event_handler.log_command:Invoked command in '/opt/erc_ws/build/pal_pro_gripper_description' returned '0': CMAKE_PREFIX_PATH=/opt/erc_ws/install/pal_urdf_utils:/opt/erc_ws/install/tiago_pro_robot:/opt/erc_ws/install/tiago_pro_head_robot:/opt/erc_ws/install/tiago_pro_bringup:/opt/erc_ws/install/tiago_pro_head_bringup:/opt/erc_ws/install/erc_bringup:/opt/erc_ws/install/tiago_pro_description:/opt/erc_ws/install/tiago_pro_head_description:/opt/erc_ws/install/tiago_pro_controller_configuration:/opt/erc_ws/install/tiago_pro_head_controller_configuration:/opt/erc_ws/install/pal_sea_arm:/opt/erc_ws/install/pal_sea_arm_bringup:/opt/erc_ws/install/pal_sea_arm_description:/opt/erc_ws/install/pal_pro_gripper_simulation:/opt/erc_ws/install/pal_pro_gripper_bringup:/opt/erc_ws/install/pal_pro_gripper:/opt/erc_ws/install/pal_pro_gripper_description:/opt/erc_ws/install/pal_gripper_simulation:/opt/erc_ws/install/pal_gripper:/opt/erc_ws/install/pal_gripper_description:/opt/erc_ws/install/omni_base_robot:/opt/erc_ws/install/omni_base_bringup:/opt/erc_ws/install/omni_base_description:/opt/erc_ws/install/pal_sea_arm_controller_configuration:/opt/erc_ws/install/pal_pro_gripper_controller_configuration:/opt/erc_ws/install/pal_gripper_controller_configuration:/opt/erc_ws/install/omni_base_controller_configuration:/opt/erc_ws/install/gz_ros2_control:/opt/erc_ws/install/erc_description:/opt/erc_ws/install/sensors:/opt/erc_ws/install/pal_pro_gripper_wrapper:/opt/erc_ws/install/launch_pal:/opt/erc_ws/install/erc_solution:/opt/ros/humble /usr/bin/cmake --install /opt/erc_ws/build/pal_pro_gripper_description
[2.935s] Level 1:colcon.colcon_core.environment:checking '/opt/erc_ws/install/pal_pro_gripper_description' for CMake config files
[2.938s] Level 1:colcon.colcon_core.shell:create_environment_hook('pal_pro_gripper_description', 'cmake_prefix_path')
[2.938s] INFO:colcon.colcon_core.shell:Creating environment hook '/opt/erc_ws/install/pal_pro_gripper_description/share/pal_pro_gripper_description/hook/cmake_prefix_path.ps1'
[2.939s] INFO:colcon.colcon_core.shell:Creating environment descriptor '/opt/erc_ws/install/pal_pro_gripper_description/share/pal_pro_gripper_description/hook/cmake_prefix_path.dsv'
[2.940s] INFO:colcon.colcon_core.shell:Creating environment hook '/opt/erc_ws/install/pal_pro_gripper_description/share/pal_pro_gripper_description/hook/cmake_prefix_path.sh'
[2.941s] Level 1:colcon.colcon_core.environment:checking '/opt/erc_ws/install/pal_pro_gripper_description/bin'
[2.942s] Level 1:colcon.colcon_core.environment:checking '/opt/erc_ws/install/pal_pro_gripper_description/lib/pkgconfig/pal_pro_gripper_description.pc'
[2.942s] Level 1:colcon.colcon_core.environment:checking '/opt/erc_ws/install/pal_pro_gripper_description/lib/python3.10/site-packages'
[2.942s] Level 1:colcon.colcon_core.environment:checking '/opt/erc_ws/install/pal_pro_gripper_description/bin'
[2.943s] INFO:colcon.colcon_core.shell:Creating package script '/opt/erc_ws/install/pal_pro_gripper_description/share/pal_pro_gripper_description/package.ps1'
[2.944s] INFO:colcon.colcon_core.shell:Creating package descriptor '/opt/erc_ws/install/pal_pro_gripper_description/share/pal_pro_gripper_description/package.dsv'
[2.944s] INFO:colcon.colcon_core.shell:Creating package script '/opt/erc_ws/install/pal_pro_gripper_description/share/pal_pro_gripper_description/package.sh'
[2.945s] INFO:colcon.colcon_core.shell:Creating package script '/opt/erc_ws/install/pal_pro_gripper_description/share/pal_pro_gripper_description/package.bash'
[2.945s] INFO:colcon.colcon_core.shell:Creating package script '/opt/erc_ws/install/pal_pro_gripper_description/share/pal_pro_gripper_description/package.zsh'
[2.946s] Level 1:colcon.colcon_core.environment:create_file_with_runtime_dependencies(/opt/erc_ws/install/pal_pro_gripper_description/share/colcon-core/packages/pal_pro_gripper_description)
[2.946s] Level 1:colcon.colcon_core.environment:create_environment_scripts_only(pal_pro_gripper_description)
[2.947s] Level 1:colcon.colcon_core.environment:checking '/opt/erc_ws/install/pal_pro_gripper_description' for CMake module files
[2.947s] Level 1:colcon.colcon_core.environment:checking '/opt/erc_ws/install/pal_pro_gripper_description' for CMake config files
[2.948s] Level 1:colcon.colcon_core.shell:create_environment_hook('pal_pro_gripper_description', 'cmake_prefix_path')
[2.948s] INFO:colcon.colcon_core.shell:Creating environment hook '/opt/erc_ws/install/pal_pro_gripper_description/share/pal_pro_gripper_description/hook/cmake_prefix_path.ps1'
[2.948s] INFO:colcon.colcon_core.shell:Creating environment descriptor '/opt/erc_ws/install/pal_pro_gripper_description/share/pal_pro_gripper_description/hook/cmake_prefix_path.dsv'
[2.949s] INFO:colcon.colcon_core.shell:Creating environment hook '/opt/erc_ws/install/pal_pro_gripper_description/share/pal_pro_gripper_description/hook/cmake_prefix_path.sh'
[2.949s] Level 1:colcon.colcon_core.environment:checking '/opt/erc_ws/install/pal_pro_gripper_description/bin'
[2.949s] Level 1:colcon.colcon_core.environment:checking '/opt/erc_ws/install/pal_pro_gripper_description/lib/pkgconfig/pal_pro_gripper_description.pc'
[2.949s] Level 1:colcon.colcon_core.environment:checking '/opt/erc_ws/install/pal_pro_gripper_description/lib/python3.10/site-packages'
[2.950s] Level 1:colcon.colcon_core.environment:checking '/opt/erc_ws/install/pal_pro_gripper_description/bin'
[2.950s] INFO:colcon.colcon_core.shell:Creating package script '/opt/erc_ws/install/pal_pro_gripper_description/share/pal_pro_gripper_description/package.ps1'
[2.951s] INFO:colcon.colcon_core.shell:Creating package descriptor '/opt/erc_ws/install/pal_pro_gripper_description/share/pal_pro_gripper_description/package.dsv'
[2.951s] INFO:colcon.colcon_core.shell:Creating package script '/opt/erc_ws/install/pal_pro_gripper_description/share/pal_pro_gripper_description/package.sh'
[2.952s] INFO:colcon.colcon_core.shell:Creating package script '/opt/erc_ws/install/pal_pro_gripper_description/share/pal_pro_gripper_description/package.bash'
[2.952s] INFO:colcon.colcon_core.shell:Creating package script '/opt/erc_ws/install/pal_pro_gripper_description/share/pal_pro_gripper_description/package.zsh'
[2.953s] Level 1:colcon.colcon_core.environment:create_file_with_runtime_dependencies(/opt/erc_ws/install/pal_pro_gripper_description/share/colcon-core/packages/pal_pro_gripper_description)
[2.954s] DEBUG:colcon.colcon_core.task.python.build:Available setuptools 'develop' options: --version, --quiet, --install-layout, --no-user-cfg, --prefix, --build-directory, --user, --help, --script-dir, --index-url, --no-find-links, --egg-path, --exclude-scripts, --no-deps, --multi-version, --upgrade, --site-dirs, --optimize, --editable, --record, --dry-run, --allow-hosts, --find-links, --install-dir, --verbose, --uninstall, --always-copy, --local-snapshots-ok, --zip-ok, --force-installation-into-system-dir, --always-unzip
[2.958s] DEBUG:colcon.colcon_core.event_handler.log_command:Invoking command in '/opt/erc_ws/build/sensors': PYTHONPATH=/opt/erc_ws/build/sensors/prefix_override:/usr/lib/python3/dist-packages/colcon_core/task/python/colcon_distutils_commands:/opt/erc_ws/install/sensors/lib/python3.10/site-packages:${PYTHONPATH} /usr/bin/python3 -W ignore:setup.py install is deprecated -W ignore:easy_install command is deprecated setup.py develop --editable --build-directory /opt/erc_ws/build/sensors/build --no-deps symlink_data
[2.966s] DEBUG:colcon.colcon_core.task.python.build:Available setuptools 'develop' options: --version, --quiet, --install-layout, --no-user-cfg, --prefix, --build-directory, --user, --help, --script-dir, --index-url, --no-find-links, --egg-path, --exclude-scripts, --no-deps, --multi-version, --upgrade, --site-dirs, --optimize, --editable, --record, --dry-run, --allow-hosts, --find-links, --install-dir, --verbose, --uninstall, --always-copy, --local-snapshots-ok, --zip-ok, --force-installation-into-system-dir, --always-unzip
[2.978s] DEBUG:colcon.colcon_core.event_handler.log_command:Invoking command in '/opt/erc_ws/build/launch_pal': PYTHONPATH=/opt/erc_ws/build/launch_pal/prefix_override:/usr/lib/python3/dist-packages/colcon_core/task/python/colcon_distutils_commands:/opt/erc_ws/install/launch_pal/lib/python3.10/site-packages:${PYTHONPATH} /usr/bin/python3 -W ignore:setup.py install is deprecated -W ignore:easy_install command is deprecated setup.py develop --editable --build-directory /opt/erc_ws/build/launch_pal/build --no-deps symlink_data
[3.424s] Level 1:colcon.colcon_core.shell:create_environment_hook('erc_solution', 'pythonpath_develop')
[3.424s] INFO:colcon.colcon_core.shell:Creating environment hook '/opt/erc_ws/build/erc_solution/share/erc_solution/hook/pythonpath_develop.ps1'
[3.425s] DEBUG:colcon.colcon_core.event_handler.log_command:Invoked command in '/opt/erc_ws/build/erc_solution' returned '0': PYTHONPATH=/opt/erc_ws/build/erc_solution/prefix_override:/usr/lib/python3/dist-packages/colcon_core/task/python/colcon_distutils_commands:/opt/erc_ws/install/erc_solution/lib/python3.10/site-packages:${PYTHONPATH} /usr/bin/python3 -W ignore:setup.py install is deprecated -W ignore:easy_install command is deprecated setup.py develop --editable --build-directory /opt/erc_ws/build/erc_solution/build --no-deps symlink_data
[3.426s] INFO:colcon.colcon_core.shell:Creating environment descriptor '/opt/erc_ws/build/erc_solution/share/erc_solution/hook/pythonpath_develop.dsv'
[3.428s] INFO:colcon.colcon_core.shell:Creating environment hook '/opt/erc_ws/build/erc_solution/share/erc_solution/hook/pythonpath_develop.sh'
[3.429s] Level 1:colcon.colcon_core.environment:checking '/opt/erc_ws/install/erc_solution' for CMake module files
[3.429s] Level 1:colcon.colcon_core.environment:checking '/opt/erc_ws/install/erc_solution' for CMake config files
[3.431s] Level 1:colcon.colcon_core.environment:checking '/opt/erc_ws/install/erc_solution/lib'
[3.431s] Level 1:colcon.colcon_core.environment:checking '/opt/erc_ws/install/erc_solution/bin'
[3.431s] Level 1:colcon.colcon_core.environment:checking '/opt/erc_ws/install/erc_solution/lib/pkgconfig/erc_solution.pc'
[3.431s] Level 1:colcon.colcon_core.environment:checking '/opt/erc_ws/install/erc_solution/lib/python3.10/site-packages'
[3.431s] Level 1:colcon.colcon_core.shell:create_environment_hook('erc_solution', 'pythonpath')
[3.431s] INFO:colcon.colcon_core.shell:Creating environment hook '/opt/erc_ws/install/erc_solution/share/erc_solution/hook/pythonpath.ps1'
[3.432s] INFO:colcon.colcon_core.shell:Creating environment descriptor '/opt/erc_ws/install/erc_solution/share/erc_solution/hook/pythonpath.dsv'
[3.433s] INFO:colcon.colcon_core.shell:Creating environment hook '/opt/erc_ws/install/erc_solution/share/erc_solution/hook/pythonpath.sh'
[3.434s] Level 1:colcon.colcon_core.environment:checking '/opt/erc_ws/install/erc_solution/bin'
[3.434s] Level 1:colcon.colcon_core.environment:create_environment_scripts_only(erc_solution)
[3.435s] INFO:colcon.colcon_core.shell:Creating package script '/opt/erc_ws/install/erc_solution/share/erc_solution/package.ps1'
[3.436s] INFO:colcon.colcon_core.shell:Creating package descriptor '/opt/erc_ws/install/erc_solution/share/erc_solution/package.dsv'
[3.437s] INFO:colcon.colcon_core.shell:Creating package script '/opt/erc_ws/install/erc_solution/share/erc_solution/package.sh'
[3.438s] INFO:colcon.colcon_core.shell:Creating package script '/opt/erc_ws/install/erc_solution/share/erc_solution/package.bash'
[3.439s] INFO:colcon.colcon_core.shell:Creating package script '/opt/erc_ws/install/erc_solution/share/erc_solution/package.zsh'
[3.439s] Level 1:colcon.colcon_core.environment:create_file_with_runtime_dependencies(/opt/erc_ws/install/erc_solution/share/colcon-core/packages/erc_solution)
[3.441s] Level 1:colcon.colcon_core.shell:create_environment_hook('pal_pro_gripper_wrapper', 'pythonpath_develop')
[3.442s] INFO:colcon.colcon_core.shell:Creating environment hook '/opt/erc_ws/build/pal_pro_gripper_wrapper/share/pal_pro_gripper_wrapper/hook/pythonpath_develop.ps1'
[3.444s] DEBUG:colcon.colcon_core.event_handler.log_command:Invoked command in '/opt/erc_ws/build/pal_pro_gripper_wrapper' returned '0': PYTHONPATH=/opt/erc_ws/build/pal_pro_gripper_wrapper/prefix_override:/usr/lib/python3/dist-packages/colcon_core/task/python/colcon_distutils_commands:/opt/erc_ws/install/pal_pro_gripper_wrapper/lib/python3.10/site-packages:${PYTHONPATH} /usr/bin/python3 -W ignore:setup.py install is deprecated -W ignore:easy_install command is deprecated setup.py develop --editable --build-directory /opt/erc_ws/build/pal_pro_gripper_wrapper/build --no-deps symlink_data
[3.445s] INFO:colcon.colcon_core.shell:Creating environment descriptor '/opt/erc_ws/build/pal_pro_gripper_wrapper/share/pal_pro_gripper_wrapper/hook/pythonpath_develop.dsv'
[3.445s] INFO:colcon.colcon_core.shell:Creating environment hook '/opt/erc_ws/build/pal_pro_gripper_wrapper/share/pal_pro_gripper_wrapper/hook/pythonpath_develop.sh'
[3.447s] Level 1:colcon.colcon_core.environment:checking '/opt/erc_ws/install/pal_pro_gripper_wrapper' for CMake module files
[3.449s] Level 1:colcon.colcon_core.environment:checking '/opt/erc_ws/install/pal_pro_gripper_wrapper' for CMake config files
[3.452s] Level 1:colcon.colcon_core.environment:checking '/opt/erc_ws/install/pal_pro_gripper_wrapper/lib'
[3.452s] Level 1:colcon.colcon_core.environment:checking '/opt/erc_ws/install/pal_pro_gripper_wrapper/bin'
[3.453s] Level 1:colcon.colcon_core.environment:checking '/opt/erc_ws/install/pal_pro_gripper_wrapper/lib/pkgconfig/pal_pro_gripper_wrapper.pc'
[3.453s] Level 1:colcon.colcon_core.environment:checking '/opt/erc_ws/install/pal_pro_gripper_wrapper/lib/python3.10/site-packages'
[3.453s] Level 1:colcon.colcon_core.shell:create_environment_hook('pal_pro_gripper_wrapper', 'pythonpath')
[3.453s] INFO:colcon.colcon_core.shell:Creating environment hook '/opt/erc_ws/install/pal_pro_gripper_wrapper/share/pal_pro_gripper_wrapper/hook/pythonpath.ps1'
[3.455s] INFO:colcon.colcon_core.shell:Creating environment descriptor '/opt/erc_ws/install/pal_pro_gripper_wrapper/share/pal_pro_gripper_wrapper/hook/pythonpath.dsv'
[3.456s] INFO:colcon.colcon_core.shell:Creating environment hook '/opt/erc_ws/install/pal_pro_gripper_wrapper/share/pal_pro_gripper_wrapper/hook/pythonpath.sh'
[3.458s] Level 1:colcon.colcon_core.environment:checking '/opt/erc_ws/install/pal_pro_gripper_wrapper/bin'
[3.458s] Level 1:colcon.colcon_core.environment:create_environment_scripts_only(pal_pro_gripper_wrapper)
[3.458s] INFO:colcon.colcon_core.shell:Creating package script '/opt/erc_ws/install/pal_pro_gripper_wrapper/share/pal_pro_gripper_wrapper/package.ps1'
[3.460s] INFO:colcon.colcon_core.shell:Creating package descriptor '/opt/erc_ws/install/pal_pro_gripper_wrapper/share/pal_pro_gripper_wrapper/package.dsv'
[3.461s] INFO:colcon.colcon_core.shell:Creating package script '/opt/erc_ws/install/pal_pro_gripper_wrapper/share/pal_pro_gripper_wrapper/package.sh'
[3.462s] INFO:colcon.colcon_core.shell:Creating package script '/opt/erc_ws/install/pal_pro_gripper_wrapper/share/pal_pro_gripper_wrapper/package.bash'
[3.462s] INFO:colcon.colcon_core.shell:Creating package script '/opt/erc_ws/install/pal_pro_gripper_wrapper/share/pal_pro_gripper_wrapper/package.zsh'
[3.463s] Level 1:colcon.colcon_core.environment:create_file_with_runtime_dependencies(/opt/erc_ws/install/pal_pro_gripper_wrapper/share/colcon-core/packages/pal_pro_gripper_wrapper)
[3.467s] Level 1:colcon.colcon_core.shell:create_environment_hook('sensors', 'pythonpath_develop')
[3.468s] INFO:colcon.colcon_core.shell:Creating environment hook '/opt/erc_ws/build/sensors/share/sensors/hook/pythonpath_develop.ps1'
[3.468s] INFO:colcon.colcon_core.shell:Creating environment descriptor '/opt/erc_ws/build/sensors/share/sensors/hook/pythonpath_develop.dsv'
[3.469s] INFO:colcon.colcon_core.shell:Creating environment hook '/opt/erc_ws/build/sensors/share/sensors/hook/pythonpath_develop.sh'
[3.470s] Level 1:colcon.colcon_core.environment:checking '/opt/erc_ws/install/sensors' for CMake module files
[3.470s] Level 1:colcon.colcon_core.environment:checking '/opt/erc_ws/install/sensors' for CMake config files
[3.472s] Level 1:colcon.colcon_core.environment:checking '/opt/erc_ws/install/sensors/lib'
[3.472s] Level 1:colcon.colcon_core.environment:checking '/opt/erc_ws/install/sensors/bin'
[3.472s] Level 1:colcon.colcon_core.environment:checking '/opt/erc_ws/install/sensors/lib/pkgconfig/sensors.pc'
[3.473s] Level 1:colcon.colcon_core.environment:checking '/opt/erc_ws/install/sensors/lib/python3.10/site-packages'
[3.473s] Level 1:colcon.colcon_core.shell:create_environment_hook('sensors', 'pythonpath')
[3.473s] INFO:colcon.colcon_core.shell:Creating environment hook '/opt/erc_ws/install/sensors/share/sensors/hook/pythonpath.ps1'
[3.473s] DEBUG:colcon.colcon_core.event_handler.log_command:Invoked command in '/opt/erc_ws/build/sensors' returned '0': PYTHONPATH=/opt/erc_ws/build/sensors/prefix_override:/usr/lib/python3/dist-packages/colcon_core/task/python/colcon_distutils_commands:/opt/erc_ws/install/sensors/lib/python3.10/site-packages:${PYTHONPATH} /usr/bin/python3 -W ignore:setup.py install is deprecated -W ignore:easy_install command is deprecated setup.py develop --editable --build-directory /opt/erc_ws/build/sensors/build --no-deps symlink_data
[3.474s] INFO:colcon.colcon_core.shell:Creating environment descriptor '/opt/erc_ws/install/sensors/share/sensors/hook/pythonpath.dsv'
[3.475s] INFO:colcon.colcon_core.shell:Creating environment hook '/opt/erc_ws/install/sensors/share/sensors/hook/pythonpath.sh'
[3.476s] Level 1:colcon.colcon_core.environment:checking '/opt/erc_ws/install/sensors/bin'
[3.476s] Level 1:colcon.colcon_core.environment:create_environment_scripts_only(sensors)
[3.476s] INFO:colcon.colcon_core.shell:Creating package script '/opt/erc_ws/install/sensors/share/sensors/package.ps1'
[3.477s] INFO:colcon.colcon_core.shell:Creating package descriptor '/opt/erc_ws/install/sensors/share/sensors/package.dsv'
[3.478s] INFO:colcon.colcon_core.shell:Creating package script '/opt/erc_ws/install/sensors/share/sensors/package.sh'
[3.478s] INFO:colcon.colcon_core.shell:Creating package script '/opt/erc_ws/install/sensors/share/sensors/package.bash'
[3.479s] INFO:colcon.colcon_core.shell:Creating package script '/opt/erc_ws/install/sensors/share/sensors/package.zsh'
[3.479s] Level 1:colcon.colcon_core.environment:create_file_with_runtime_dependencies(/opt/erc_ws/install/sensors/share/colcon-core/packages/sensors)
[3.498s] Level 1:colcon.colcon_core.shell:create_environment_hook('launch_pal', 'pythonpath_develop')
[3.499s] INFO:colcon.colcon_core.shell:Creating environment hook '/opt/erc_ws/build/launch_pal/share/launch_pal/hook/pythonpath_develop.ps1'
[3.499s] DEBUG:colcon.colcon_core.event_handler.log_command:Invoked command in '/opt/erc_ws/build/launch_pal' returned '0': PYTHONPATH=/opt/erc_ws/build/launch_pal/prefix_override:/usr/lib/python3/dist-packages/colcon_core/task/python/colcon_distutils_commands:/opt/erc_ws/install/launch_pal/lib/python3.10/site-packages:${PYTHONPATH} /usr/bin/python3 -W ignore:setup.py install is deprecated -W ignore:easy_install command is deprecated setup.py develop --editable --build-directory /opt/erc_ws/build/launch_pal/build --no-deps symlink_data
[3.500s] INFO:colcon.colcon_core.shell:Creating environment descriptor '/opt/erc_ws/build/launch_pal/share/launch_pal/hook/pythonpath_develop.dsv'
[3.501s] INFO:colcon.colcon_core.shell:Creating environment hook '/opt/erc_ws/build/launch_pal/share/launch_pal/hook/pythonpath_develop.sh'
[3.503s] Level 1:colcon.colcon_core.environment:checking '/opt/erc_ws/install/launch_pal' for CMake module files
[3.503s] Level 1:colcon.colcon_core.environment:checking '/opt/erc_ws/install/launch_pal' for CMake config files
[3.504s] Level 1:colcon.colcon_core.environment:checking '/opt/erc_ws/install/launch_pal/lib'
[3.504s] Level 1:colcon.colcon_core.environment:checking '/opt/erc_ws/install/launch_pal/bin'
[3.504s] Level 1:colcon.colcon_core.environment:checking '/opt/erc_ws/install/launch_pal/lib/pkgconfig/launch_pal.pc'
[3.504s] Level 1:colcon.colcon_core.environment:checking '/opt/erc_ws/install/launch_pal/lib/python3.10/site-packages'
[3.505s] Level 1:colcon.colcon_core.shell:create_environment_hook('launch_pal', 'pythonpath')
[3.505s] INFO:colcon.colcon_core.shell:Creating environment hook '/opt/erc_ws/install/launch_pal/share/launch_pal/hook/pythonpath.ps1'
[3.505s] INFO:colcon.colcon_core.shell:Creating environment descriptor '/opt/erc_ws/install/launch_pal/share/launch_pal/hook/pythonpath.dsv'
[3.506s] INFO:colcon.colcon_core.shell:Creating environment hook '/opt/erc_ws/install/launch_pal/share/launch_pal/hook/pythonpath.sh'
[3.507s] Level 1:colcon.colcon_core.environment:checking '/opt/erc_ws/install/launch_pal/bin'
[3.507s] Level 1:colcon.colcon_core.environment:create_environment_scripts_only(launch_pal)
[3.507s] INFO:colcon.colcon_core.shell:Creating package script '/opt/erc_ws/install/launch_pal/share/launch_pal/package.ps1'
[3.508s] INFO:colcon.colcon_core.shell:Creating package descriptor '/opt/erc_ws/install/launch_pal/share/launch_pal/package.dsv'
[3.508s] INFO:colcon.colcon_core.shell:Creating package script '/opt/erc_ws/install/launch_pal/share/launch_pal/package.sh'
[3.509s] INFO:colcon.colcon_core.shell:Creating package script '/opt/erc_ws/install/launch_pal/share/launch_pal/package.bash'
[3.509s] INFO:colcon.colcon_core.shell:Creating package script '/opt/erc_ws/install/launch_pal/share/launch_pal/package.zsh'
[3.510s] Level 1:colcon.colcon_core.environment:create_file_with_runtime_dependencies(/opt/erc_ws/install/launch_pal/share/colcon-core/packages/launch_pal)
[3.511s] INFO:colcon.colcon_ros.task.ament_cmake.build:Building ROS package in '/opt/erc_ws/src/pal_pro_gripper/pal_pro_gripper_controller_configuration' with build type 'ament_cmake'
[3.511s] INFO:colcon.colcon_cmake.task.cmake.build:Building CMake package in '/opt/erc_ws/src/pal_pro_gripper/pal_pro_gripper_controller_configuration'
[3.511s] INFO:colcon.colcon_core.shell:Skip shell extension 'powershell' for command environment: Not usable outside of PowerShell
[3.511s] DEBUG:colcon.colcon_core.shell:Skip shell extension 'dsv' for command environment
[3.522s] INFO:colcon.colcon_ros.task.ament_cmake.build:Building ROS package in '/opt/erc_ws/src/tiago_pro_head_robot/tiago_pro_head_controller_configuration' with build type 'ament_cmake'
[3.522s] INFO:colcon.colcon_cmake.task.cmake.build:Building CMake package in '/opt/erc_ws/src/tiago_pro_head_robot/tiago_pro_head_controller_configuration'
[3.523s] INFO:colcon.colcon_core.shell:Skip shell extension 'powershell' for command environment: Not usable outside of PowerShell
[3.523s] DEBUG:colcon.colcon_core.shell:Skip shell extension 'dsv' for command environment
[3.535s] INFO:colcon.colcon_ros.task.ament_cmake.build:Building ROS package in '/opt/erc_ws/src/omni_base_robot/omni_base_description' with build type 'ament_cmake'
[3.535s] INFO:colcon.colcon_cmake.task.cmake.build:Building CMake package in '/opt/erc_ws/src/omni_base_robot/omni_base_description'
[3.536s] INFO:colcon.colcon_core.shell:Skip shell extension 'powershell' for command environment: Not usable outside of PowerShell
[3.536s] DEBUG:colcon.colcon_core.shell:Skip shell extension 'dsv' for command environment
[3.562s] DEBUG:colcon.colcon_core.event_handler.log_command:Invoking command in '/opt/erc_ws/build/pal_pro_gripper_controller_configuration': AMENT_PREFIX_PATH=/opt/erc_ws/install/pal_pro_gripper_wrapper:/opt/erc_ws/install/launch_pal:/opt/erc_ws/install/tiago_pro_robot:/opt/erc_ws/install/tiago_pro_head_robot:/opt/erc_ws/install/tiago_pro_bringup:/opt/erc_ws/install/tiago_pro_head_bringup:/opt/erc_ws/install/erc_bringup:/opt/erc_ws/install/tiago_pro_description:/opt/erc_ws/install/tiago_pro_head_description:/opt/erc_ws/install/tiago_pro_controller_configuration:/opt/erc_ws/install/tiago_pro_head_controller_configuration:/opt/erc_ws/install/sensors:/opt/erc_ws/install/pal_sea_arm:/opt/erc_ws/install/pal_sea_arm_bringup:/opt/erc_ws/install/pal_sea_arm_description:/opt/erc_ws/install/pal_pro_gripper_simulation:/opt/erc_ws/install/pal_pro_gripper_bringup:/opt/erc_ws/install/pal_pro_gripper:/opt/erc_ws/install/pal_pro_gripper_description:/opt/erc_ws/install/pal_gripper_simulation:/opt/erc_ws/install/pal_gripper:/opt/erc_ws/install/pal_gripper_description:/opt/erc_ws/install/omni_base_robot:/opt/erc_ws/install/omni_base_bringup:/opt/erc_ws/install/omni_base_description:/opt/erc_ws/install/pal_urdf_utils:/opt/erc_ws/install/pal_sea_arm_controller_configuration:/opt/erc_ws/install/pal_pro_gripper_controller_configuration:/opt/erc_ws/install/pal_gripper_controller_configuration:/opt/erc_ws/install/omni_base_controller_configuration:/opt/erc_ws/install/gz_ros2_control:/opt/erc_ws/install/erc_solution:/opt/erc_ws/install/erc_description:/opt/ros/humble CMAKE_PREFIX_PATH=${CMAKE_PREFIX_PATH}:/opt/erc_ws/install/sensors:/opt/erc_ws/install/pal_pro_gripper_wrapper:/opt/erc_ws/install/launch_pal:/opt/erc_ws/install/erc_solution:/opt/ros/humble PYTHONPATH=/opt/erc_ws/build/pal_pro_gripper_wrapper:/opt/erc_ws/install/pal_pro_gripper_wrapper/lib/python3.10/site-packages:/opt/erc_ws/build/launch_pal:/opt/erc_ws/install/launch_pal/lib/python3.10/site-packages:/opt/erc_ws/install/tiago_pro_description/local/lib/python3.10/dist-packages:/opt/erc_ws/install/tiago_pro_head_description/local/lib/python3.10/dist-packages:/opt/erc_ws/build/sensors:/opt/erc_ws/install/sensors/lib/python3.10/site-packages:/opt/erc_ws/install/pal_sea_arm_description/local/lib/python3.10/dist-packages:/opt/erc_ws/install/pal_pro_gripper_description/local/lib/python3.10/dist-packages:/opt/erc_ws/install/omni_base_description/local/lib/python3.10/dist-packages:/opt/erc_ws/build/erc_solution:/opt/erc_ws/install/erc_solution/lib/python3.10/site-packages:/opt/ros/humble/lib/python3.10/site-packages:/opt/ros/humble/local/lib/python3.10/dist-packages /usr/bin/cmake --build /opt/erc_ws/build/pal_pro_gripper_controller_configuration -- -j16 -l16
[3.566s] DEBUG:colcon.colcon_core.event_handler.log_command:Invoking command in '/opt/erc_ws/build/tiago_pro_head_controller_configuration': AMENT_PREFIX_PATH=/opt/erc_ws/install/launch_pal:/opt/erc_ws/install/tiago_pro_robot:/opt/erc_ws/install/tiago_pro_head_robot:/opt/erc_ws/install/tiago_pro_bringup:/opt/erc_ws/install/tiago_pro_head_bringup:/opt/erc_ws/install/erc_bringup:/opt/erc_ws/install/tiago_pro_description:/opt/erc_ws/install/tiago_pro_head_description:/opt/erc_ws/install/tiago_pro_controller_configuration:/opt/erc_ws/install/tiago_pro_head_controller_configuration:/opt/erc_ws/install/sensors:/opt/erc_ws/install/pal_sea_arm:/opt/erc_ws/install/pal_sea_arm_bringup:/opt/erc_ws/install/pal_sea_arm_description:/opt/erc_ws/install/pal_pro_gripper_simulation:/opt/erc_ws/install/pal_pro_gripper_bringup:/opt/erc_ws/install/pal_pro_gripper:/opt/erc_ws/install/pal_pro_gripper_description:/opt/erc_ws/install/pal_gripper_simulation:/opt/erc_ws/install/pal_gripper:/opt/erc_ws/install/pal_gripper_description:/opt/erc_ws/install/omni_base_robot:/opt/erc_ws/install/omni_base_bringup:/opt/erc_ws/install/omni_base_description:/opt/erc_ws/install/pal_urdf_utils:/opt/erc_ws/install/pal_sea_arm_controller_configuration:/opt/erc_ws/install/pal_pro_gripper_controller_configuration:/opt/erc_ws/install/pal_pro_gripper_wrapper:/opt/erc_ws/install/pal_gripper_controller_configuration:/opt/erc_ws/install/omni_base_controller_configuration:/opt/erc_ws/install/gz_ros2_control:/opt/erc_ws/install/erc_solution:/opt/erc_ws/install/erc_description:/opt/ros/humble CMAKE_PREFIX_PATH=${CMAKE_PREFIX_PATH}:/opt/erc_ws/install/sensors:/opt/erc_ws/install/pal_pro_gripper_wrapper:/opt/erc_ws/install/launch_pal:/opt/erc_ws/install/erc_solution:/opt/ros/humble PYTHONPATH=/opt/erc_ws/build/launch_pal:/opt/erc_ws/install/launch_pal/lib/python3.10/site-packages:/opt/erc_ws/install/tiago_pro_description/local/lib/python3.10/dist-packages:/opt/erc_ws/install/tiago_pro_head_description/local/lib/python3.10/dist-packages:/opt/erc_ws/build/sensors:/opt/erc_ws/install/sensors/lib/python3.10/site-packages:/opt/erc_ws/install/pal_sea_arm_description/local/lib/python3.10/dist-packages:/opt/erc_ws/install/pal_pro_gripper_description/local/lib/python3.10/dist-packages:/opt/erc_ws/install/omni_base_description/local/lib/python3.10/dist-packages:/opt/erc_ws/build/pal_pro_gripper_wrapper:/opt/erc_ws/install/pal_pro_gripper_wrapper/lib/python3.10/site-packages:/opt/erc_ws/build/erc_solution:/opt/erc_ws/install/erc_solution/lib/python3.10/site-packages:/opt/ros/humble/lib/python3.10/site-packages:/opt/ros/humble/local/lib/python3.10/dist-packages /usr/bin/cmake --build /opt/erc_ws/build/tiago_pro_head_controller_configuration -- -j16 -l16
[3.575s] DEBUG:colcon.colcon_core.event_handler.log_command:Invoking command in '/opt/erc_ws/build/omni_base_description': AMENT_PREFIX_PATH=/opt/erc_ws/install/launch_pal:/opt/erc_ws/install/tiago_pro_robot:/opt/erc_ws/install/tiago_pro_head_robot:/opt/erc_ws/install/tiago_pro_bringup:/opt/erc_ws/install/tiago_pro_head_bringup:/opt/erc_ws/install/erc_bringup:/opt/erc_ws/install/tiago_pro_description:/opt/erc_ws/install/tiago_pro_head_description:/opt/erc_ws/install/tiago_pro_controller_configuration:/opt/erc_ws/install/tiago_pro_head_controller_configuration:/opt/erc_ws/install/sensors:/opt/erc_ws/install/pal_sea_arm:/opt/erc_ws/install/pal_sea_arm_bringup:/opt/erc_ws/install/pal_sea_arm_description:/opt/erc_ws/install/pal_pro_gripper_simulation:/opt/erc_ws/install/pal_pro_gripper_bringup:/opt/erc_ws/install/pal_pro_gripper:/opt/erc_ws/install/pal_pro_gripper_description:/opt/erc_ws/install/pal_gripper_simulation:/opt/erc_ws/install/pal_gripper:/opt/erc_ws/install/pal_gripper_description:/opt/erc_ws/install/omni_base_robot:/opt/erc_ws/install/omni_base_bringup:/opt/erc_ws/install/omni_base_description:/opt/erc_ws/install/pal_urdf_utils:/opt/erc_ws/install/pal_sea_arm_controller_configuration:/opt/erc_ws/install/pal_pro_gripper_controller_configuration:/opt/erc_ws/install/pal_pro_gripper_wrapper:/opt/erc_ws/install/pal_gripper_controller_configuration:/opt/erc_ws/install/omni_base_controller_configuration:/opt/erc_ws/install/gz_ros2_control:/opt/erc_ws/install/erc_solution:/opt/erc_ws/install/erc_description:/opt/ros/humble CMAKE_PREFIX_PATH=/opt/erc_ws/install/pal_urdf_utils:/opt/erc_ws/install/tiago_pro_robot:/opt/erc_ws/install/tiago_pro_head_robot:/opt/erc_ws/install/tiago_pro_bringup:/opt/erc_ws/install/tiago_pro_head_bringup:/opt/erc_ws/install/erc_bringup:/opt/erc_ws/install/tiago_pro_description:/opt/erc_ws/install/tiago_pro_head_description:/opt/erc_ws/install/tiago_pro_controller_configuration:/opt/erc_ws/install/tiago_pro_head_controller_configuration:/opt/erc_ws/install/pal_sea_arm:/opt/erc_ws/install/pal_sea_arm_bringup:/opt/erc_ws/install/pal_sea_arm_description:/opt/erc_ws/install/pal_pro_gripper_simulation:/opt/erc_ws/install/pal_pro_gripper_bringup:/opt/erc_ws/install/pal_pro_gripper:/opt/erc_ws/install/pal_pro_gripper_description:/opt/erc_ws/install/pal_gripper_simulation:/opt/erc_ws/install/pal_gripper:/opt/erc_ws/install/pal_gripper_description:/opt/erc_ws/install/omni_base_robot:/opt/erc_ws/install/omni_base_bringup:/opt/erc_ws/install/omni_base_description:/opt/erc_ws/install/pal_sea_arm_controller_configuration:/opt/erc_ws/install/pal_pro_gripper_controller_configuration:/opt/erc_ws/install/pal_gripper_controller_configuration:/opt/erc_ws/install/omni_base_controller_configuration:/opt/erc_ws/install/gz_ros2_control:/opt/erc_ws/install/erc_description:/opt/erc_ws/install/sensors:/opt/erc_ws/install/pal_pro_gripper_wrapper:/opt/erc_ws/install/launch_pal:/opt/erc_ws/install/erc_solution:/opt/ros/humble PYTHONPATH=/opt/erc_ws/build/launch_pal:/opt/erc_ws/install/launch_pal/lib/python3.10/site-packages:/opt/erc_ws/install/tiago_pro_description/local/lib/python3.10/dist-packages:/opt/erc_ws/install/tiago_pro_head_description/local/lib/python3.10/dist-packages:/opt/erc_ws/build/sensors:/opt/erc_ws/install/sensors/lib/python3.10/site-packages:/opt/erc_ws/install/pal_sea_arm_description/local/lib/python3.10/dist-packages:/opt/erc_ws/install/pal_pro_gripper_description/local/lib/python3.10/dist-packages:/opt/erc_ws/install/omni_base_description/local/lib/python3.10/dist-packages:/opt/erc_ws/build/pal_pro_gripper_wrapper:/opt/erc_ws/install/pal_pro_gripper_wrapper/lib/python3.10/site-packages:/opt/erc_ws/build/erc_solution:/opt/erc_ws/install/erc_solution/lib/python3.10/site-packages:/opt/ros/humble/lib/python3.10/site-packages:/opt/ros/humble/local/lib/python3.10/dist-packages /usr/bin/cmake --build /opt/erc_ws/build/omni_base_description -- -j16 -l16
[3.615s] DEBUG:colcon.colcon_core.event_handler.log_command:Invoked command in '/opt/erc_ws/build/pal_pro_gripper_controller_configuration' returned '0': AMENT_PREFIX_PATH=/opt/erc_ws/install/pal_pro_gripper_wrapper:/opt/erc_ws/install/launch_pal:/opt/erc_ws/install/tiago_pro_robot:/opt/erc_ws/install/tiago_pro_head_robot:/opt/erc_ws/install/tiago_pro_bringup:/opt/erc_ws/install/tiago_pro_head_bringup:/opt/erc_ws/install/erc_bringup:/opt/erc_ws/install/tiago_pro_description:/opt/erc_ws/install/tiago_pro_head_description:/opt/erc_ws/install/tiago_pro_controller_configuration:/opt/erc_ws/install/tiago_pro_head_controller_configuration:/opt/erc_ws/install/sensors:/opt/erc_ws/install/pal_sea_arm:/opt/erc_ws/install/pal_sea_arm_bringup:/opt/erc_ws/install/pal_sea_arm_description:/opt/erc_ws/install/pal_pro_gripper_simulation:/opt/erc_ws/install/pal_pro_gripper_bringup:/opt/erc_ws/install/pal_pro_gripper:/opt/erc_ws/install/pal_pro_gripper_description:/opt/erc_ws/install/pal_gripper_simulation:/opt/erc_ws/install/pal_gripper:/opt/erc_ws/install/pal_gripper_description:/opt/erc_ws/install/omni_base_robot:/opt/erc_ws/install/omni_base_bringup:/opt/erc_ws/install/omni_base_description:/opt/erc_ws/install/pal_urdf_utils:/opt/erc_ws/install/pal_sea_arm_controller_configuration:/opt/erc_ws/install/pal_pro_gripper_controller_configuration:/opt/erc_ws/install/pal_gripper_controller_configuration:/opt/erc_ws/install/omni_base_controller_configuration:/opt/erc_ws/install/gz_ros2_control:/opt/erc_ws/install/erc_solution:/opt/erc_ws/install/erc_description:/opt/ros/humble CMAKE_PREFIX_PATH=${CMAKE_PREFIX_PATH}:/opt/erc_ws/install/sensors:/opt/erc_ws/install/pal_pro_gripper_wrapper:/opt/erc_ws/install/launch_pal:/opt/erc_ws/install/erc_solution:/opt/ros/humble PYTHONPATH=/opt/erc_ws/build/pal_pro_gripper_wrapper:/opt/erc_ws/install/pal_pro_gripper_wrapper/lib/python3.10/site-packages:/opt/erc_ws/build/launch_pal:/opt/erc_ws/install/launch_pal/lib/python3.10/site-packages:/opt/erc_ws/install/tiago_pro_description/local/lib/python3.10/dist-packages:/opt/erc_ws/install/tiago_pro_head_description/local/lib/python3.10/dist-packages:/opt/erc_ws/build/sensors:/opt/erc_ws/install/sensors/lib/python3.10/site-packages:/opt/erc_ws/install/pal_sea_arm_description/local/lib/python3.10/dist-packages:/opt/erc_ws/install/pal_pro_gripper_description/local/lib/python3.10/dist-packages:/opt/erc_ws/install/omni_base_description/local/lib/python3.10/dist-packages:/opt/erc_ws/build/erc_solution:/opt/erc_ws/install/erc_solution/lib/python3.10/site-packages:/opt/ros/humble/lib/python3.10/site-packages:/opt/ros/humble/local/lib/python3.10/dist-packages /usr/bin/cmake --build /opt/erc_ws/build/pal_pro_gripper_controller_configuration -- -j16 -l16
[3.620s] DEBUG:colcon.colcon_core.event_handler.log_command:Invoking command in '/opt/erc_ws/build/pal_pro_gripper_controller_configuration': AMENT_PREFIX_PATH=/opt/erc_ws/install/pal_pro_gripper_wrapper:/opt/erc_ws/install/launch_pal:/opt/erc_ws/install/tiago_pro_robot:/opt/erc_ws/install/tiago_pro_head_robot:/opt/erc_ws/install/tiago_pro_bringup:/opt/erc_ws/install/tiago_pro_head_bringup:/opt/erc_ws/install/erc_bringup:/opt/erc_ws/install/tiago_pro_description:/opt/erc_ws/install/tiago_pro_head_description:/opt/erc_ws/install/tiago_pro_controller_configuration:/opt/erc_ws/install/tiago_pro_head_controller_configuration:/opt/erc_ws/install/sensors:/opt/erc_ws/install/pal_sea_arm:/opt/erc_ws/install/pal_sea_arm_bringup:/opt/erc_ws/install/pal_sea_arm_description:/opt/erc_ws/install/pal_pro_gripper_simulation:/opt/erc_ws/install/pal_pro_gripper_bringup:/opt/erc_ws/install/pal_pro_gripper:/opt/erc_ws/install/pal_pro_gripper_description:/opt/erc_ws/install/pal_gripper_simulation:/opt/erc_ws/install/pal_gripper:/opt/erc_ws/install/pal_gripper_description:/opt/erc_ws/install/omni_base_robot:/opt/erc_ws/install/omni_base_bringup:/opt/erc_ws/install/omni_base_description:/opt/erc_ws/install/pal_urdf_utils:/opt/erc_ws/install/pal_sea_arm_controller_configuration:/opt/erc_ws/install/pal_pro_gripper_controller_configuration:/opt/erc_ws/install/pal_gripper_controller_configuration:/opt/erc_ws/install/omni_base_controller_configuration:/opt/erc_ws/install/gz_ros2_control:/opt/erc_ws/install/erc_solution:/opt/erc_ws/install/erc_description:/opt/ros/humble CMAKE_PREFIX_PATH=${CMAKE_PREFIX_PATH}:/opt/erc_ws/install/sensors:/opt/erc_ws/install/pal_pro_gripper_wrapper:/opt/erc_ws/install/launch_pal:/opt/erc_ws/install/erc_solution:/opt/ros/humble PYTHONPATH=/opt/erc_ws/build/pal_pro_gripper_wrapper:/opt/erc_ws/install/pal_pro_gripper_wrapper/lib/python3.10/site-packages:/opt/erc_ws/build/launch_pal:/opt/erc_ws/install/launch_pal/lib/python3.10/site-packages:/opt/erc_ws/install/tiago_pro_description/local/lib/python3.10/dist-packages:/opt/erc_ws/install/tiago_pro_head_description/local/lib/python3.10/dist-packages:/opt/erc_ws/build/sensors:/opt/erc_ws/install/sensors/lib/python3.10/site-packages:/opt/erc_ws/install/pal_sea_arm_description/local/lib/python3.10/dist-packages:/opt/erc_ws/install/pal_pro_gripper_description/local/lib/python3.10/dist-packages:/opt/erc_ws/install/omni_base_description/local/lib/python3.10/dist-packages:/opt/erc_ws/build/erc_solution:/opt/erc_ws/install/erc_solution/lib/python3.10/site-packages:/opt/ros/humble/lib/python3.10/site-packages:/opt/ros/humble/local/lib/python3.10/dist-packages /usr/bin/cmake --install /opt/erc_ws/build/pal_pro_gripper_controller_configuration
[3.622s] DEBUG:colcon.colcon_core.event_handler.log_command:Invoked command in '/opt/erc_ws/build/tiago_pro_head_controller_configuration' returned '0': AMENT_PREFIX_PATH=/opt/erc_ws/install/launch_pal:/opt/erc_ws/install/tiago_pro_robot:/opt/erc_ws/install/tiago_pro_head_robot:/opt/erc_ws/install/tiago_pro_bringup:/opt/erc_ws/install/tiago_pro_head_bringup:/opt/erc_ws/install/erc_bringup:/opt/erc_ws/install/tiago_pro_description:/opt/erc_ws/install/tiago_pro_head_description:/opt/erc_ws/install/tiago_pro_controller_configuration:/opt/erc_ws/install/tiago_pro_head_controller_configuration:/opt/erc_ws/install/sensors:/opt/erc_ws/install/pal_sea_arm:/opt/erc_ws/install/pal_sea_arm_bringup:/opt/erc_ws/install/pal_sea_arm_description:/opt/erc_ws/install/pal_pro_gripper_simulation:/opt/erc_ws/install/pal_pro_gripper_bringup:/opt/erc_ws/install/pal_pro_gripper:/opt/erc_ws/install/pal_pro_gripper_description:/opt/erc_ws/install/pal_gripper_simulation:/opt/erc_ws/install/pal_gripper:/opt/erc_ws/install/pal_gripper_description:/opt/erc_ws/install/omni_base_robot:/opt/erc_ws/install/omni_base_bringup:/opt/erc_ws/install/omni_base_description:/opt/erc_ws/install/pal_urdf_utils:/opt/erc_ws/install/pal_sea_arm_controller_configuration:/opt/erc_ws/install/pal_pro_gripper_controller_configuration:/opt/erc_ws/install/pal_pro_gripper_wrapper:/opt/erc_ws/install/pal_gripper_controller_configuration:/opt/erc_ws/install/omni_base_controller_configuration:/opt/erc_ws/install/gz_ros2_control:/opt/erc_ws/install/erc_solution:/opt/erc_ws/install/erc_description:/opt/ros/humble CMAKE_PREFIX_PATH=${CMAKE_PREFIX_PATH}:/opt/erc_ws/install/sensors:/opt/erc_ws/install/pal_pro_gripper_wrapper:/opt/erc_ws/install/launch_pal:/opt/erc_ws/install/erc_solution:/opt/ros/humble PYTHONPATH=/opt/erc_ws/build/launch_pal:/opt/erc_ws/install/launch_pal/lib/python3.10/site-packages:/opt/erc_ws/install/tiago_pro_description/local/lib/python3.10/dist-packages:/opt/erc_ws/install/tiago_pro_head_description/local/lib/python3.10/dist-packages:/opt/erc_ws/build/sensors:/opt/erc_ws/install/sensors/lib/python3.10/site-packages:/opt/erc_ws/install/pal_sea_arm_description/local/lib/python3.10/dist-packages:/opt/erc_ws/install/pal_pro_gripper_description/local/lib/python3.10/dist-packages:/opt/erc_ws/install/omni_base_description/local/lib/python3.10/dist-packages:/opt/erc_ws/build/pal_pro_gripper_wrapper:/opt/erc_ws/install/pal_pro_gripper_wrapper/lib/python3.10/site-packages:/opt/erc_ws/build/erc_solution:/opt/erc_ws/install/erc_solution/lib/python3.10/site-packages:/opt/ros/humble/lib/python3.10/site-packages:/opt/ros/humble/local/lib/python3.10/dist-packages /usr/bin/cmake --build /opt/erc_ws/build/tiago_pro_head_controller_configuration -- -j16 -l16
[3.627s] DEBUG:colcon.colcon_core.event_handler.log_command:Invoking command in '/opt/erc_ws/build/tiago_pro_head_controller_configuration': AMENT_PREFIX_PATH=/opt/erc_ws/install/launch_pal:/opt/erc_ws/install/tiago_pro_robot:/opt/erc_ws/install/tiago_pro_head_robot:/opt/erc_ws/install/tiago_pro_bringup:/opt/erc_ws/install/tiago_pro_head_bringup:/opt/erc_ws/install/erc_bringup:/opt/erc_ws/install/tiago_pro_description:/opt/erc_ws/install/tiago_pro_head_description:/opt/erc_ws/install/tiago_pro_controller_configuration:/opt/erc_ws/install/tiago_pro_head_controller_configuration:/opt/erc_ws/install/sensors:/opt/erc_ws/install/pal_sea_arm:/opt/erc_ws/install/pal_sea_arm_bringup:/opt/erc_ws/install/pal_sea_arm_description:/opt/erc_ws/install/pal_pro_gripper_simulation:/opt/erc_ws/install/pal_pro_gripper_bringup:/opt/erc_ws/install/pal_pro_gripper:/opt/erc_ws/install/pal_pro_gripper_description:/opt/erc_ws/install/pal_gripper_simulation:/opt/erc_ws/install/pal_gripper:/opt/erc_ws/install/pal_gripper_description:/opt/erc_ws/install/omni_base_robot:/opt/erc_ws/install/omni_base_bringup:/opt/erc_ws/install/omni_base_description:/opt/erc_ws/install/pal_urdf_utils:/opt/erc_ws/install/pal_sea_arm_controller_configuration:/opt/erc_ws/install/pal_pro_gripper_controller_configuration:/opt/erc_ws/install/pal_pro_gripper_wrapper:/opt/erc_ws/install/pal_gripper_controller_configuration:/opt/erc_ws/install/omni_base_controller_configuration:/opt/erc_ws/install/gz_ros2_control:/opt/erc_ws/install/erc_solution:/opt/erc_ws/install/erc_description:/opt/ros/humble CMAKE_PREFIX_PATH=${CMAKE_PREFIX_PATH}:/opt/erc_ws/install/sensors:/opt/erc_ws/install/pal_pro_gripper_wrapper:/opt/erc_ws/install/launch_pal:/opt/erc_ws/install/erc_solution:/opt/ros/humble PYTHONPATH=/opt/erc_ws/build/launch_pal:/opt/erc_ws/install/launch_pal/lib/python3.10/site-packages:/opt/erc_ws/install/tiago_pro_description/local/lib/python3.10/dist-packages:/opt/erc_ws/install/tiago_pro_head_description/local/lib/python3.10/dist-packages:/opt/erc_ws/build/sensors:/opt/erc_ws/install/sensors/lib/python3.10/site-packages:/opt/erc_ws/install/pal_sea_arm_description/local/lib/python3.10/dist-packages:/opt/erc_ws/install/pal_pro_gripper_description/local/lib/python3.10/dist-packages:/opt/erc_ws/install/omni_base_description/local/lib/python3.10/dist-packages:/opt/erc_ws/build/pal_pro_gripper_wrapper:/opt/erc_ws/install/pal_pro_gripper_wrapper/lib/python3.10/site-packages:/opt/erc_ws/build/erc_solution:/opt/erc_ws/install/erc_solution/lib/python3.10/site-packages:/opt/ros/humble/lib/python3.10/site-packages:/opt/ros/humble/local/lib/python3.10/dist-packages /usr/bin/cmake --install /opt/erc_ws/build/tiago_pro_head_controller_configuration
[3.657s] Level 1:colcon.colcon_core.environment:create_environment_scripts_only(pal_pro_gripper_controller_configuration)
[3.657s] Level 1:colcon.colcon_core.environment:checking '/opt/erc_ws/install/pal_pro_gripper_controller_configuration' for CMake module files
[3.658s] Level 1:colcon.colcon_core.environment:checking '/opt/erc_ws/install/pal_pro_gripper_controller_configuration' for CMake config files
[3.659s] Level 1:colcon.colcon_core.shell:create_environment_hook('pal_pro_gripper_controller_configuration', 'cmake_prefix_path')
[3.659s] INFO:colcon.colcon_core.shell:Creating environment hook '/opt/erc_ws/install/pal_pro_gripper_controller_configuration/share/pal_pro_gripper_controller_configuration/hook/cmake_prefix_path.ps1'
[3.660s] INFO:colcon.colcon_core.shell:Creating environment descriptor '/opt/erc_ws/install/pal_pro_gripper_controller_configuration/share/pal_pro_gripper_controller_configuration/hook/cmake_prefix_path.dsv'
[3.660s] INFO:colcon.colcon_core.shell:Creating environment hook '/opt/erc_ws/install/pal_pro_gripper_controller_configuration/share/pal_pro_gripper_controller_configuration/hook/cmake_prefix_path.sh'
[3.665s] DEBUG:colcon.colcon_core.event_handler.log_command:Invoked command in '/opt/erc_ws/build/pal_pro_gripper_controller_configuration' returned '0': AMENT_PREFIX_PATH=/opt/erc_ws/install/pal_pro_gripper_wrapper:/opt/erc_ws/install/launch_pal:/opt/erc_ws/install/tiago_pro_robot:/opt/erc_ws/install/tiago_pro_head_robot:/opt/erc_ws/install/tiago_pro_bringup:/opt/erc_ws/install/tiago_pro_head_bringup:/opt/erc_ws/install/erc_bringup:/opt/erc_ws/install/tiago_pro_description:/opt/erc_ws/install/tiago_pro_head_description:/opt/erc_ws/install/tiago_pro_controller_configuration:/opt/erc_ws/install/tiago_pro_head_controller_configuration:/opt/erc_ws/install/sensors:/opt/erc_ws/install/pal_sea_arm:/opt/erc_ws/install/pal_sea_arm_bringup:/opt/erc_ws/install/pal_sea_arm_description:/opt/erc_ws/install/pal_pro_gripper_simulation:/opt/erc_ws/install/pal_pro_gripper_bringup:/opt/erc_ws/install/pal_pro_gripper:/opt/erc_ws/install/pal_pro_gripper_description:/opt/erc_ws/install/pal_gripper_simulation:/opt/erc_ws/install/pal_gripper:/opt/erc_ws/install/pal_gripper_description:/opt/erc_ws/install/omni_base_robot:/opt/erc_ws/install/omni_base_bringup:/opt/erc_ws/install/omni_base_description:/opt/erc_ws/install/pal_urdf_utils:/opt/erc_ws/install/pal_sea_arm_controller_configuration:/opt/erc_ws/install/pal_pro_gripper_controller_configuration:/opt/erc_ws/install/pal_gripper_controller_configuration:/opt/erc_ws/install/omni_base_controller_configuration:/opt/erc_ws/install/gz_ros2_control:/opt/erc_ws/install/erc_solution:/opt/erc_ws/install/erc_description:/opt/ros/humble CMAKE_PREFIX_PATH=${CMAKE_PREFIX_PATH}:/opt/erc_ws/install/sensors:/opt/erc_ws/install/pal_pro_gripper_wrapper:/opt/erc_ws/install/launch_pal:/opt/erc_ws/install/erc_solution:/opt/ros/humble PYTHONPATH=/opt/erc_ws/build/pal_pro_gripper_wrapper:/opt/erc_ws/install/pal_pro_gripper_wrapper/lib/python3.10/site-packages:/opt/erc_ws/build/launch_pal:/opt/erc_ws/install/launch_pal/lib/python3.10/site-packages:/opt/erc_ws/install/tiago_pro_description/local/lib/python3.10/dist-packages:/opt/erc_ws/install/tiago_pro_head_description/local/lib/python3.10/dist-packages:/opt/erc_ws/build/sensors:/opt/erc_ws/install/sensors/lib/python3.10/site-packages:/opt/erc_ws/install/pal_sea_arm_description/local/lib/python3.10/dist-packages:/opt/erc_ws/install/pal_pro_gripper_description/local/lib/python3.10/dist-packages:/opt/erc_ws/install/omni_base_description/local/lib/python3.10/dist-packages:/opt/erc_ws/build/erc_solution:/opt/erc_ws/install/erc_solution/lib/python3.10/site-packages:/opt/ros/humble/lib/python3.10/site-packages:/opt/ros/humble/local/lib/python3.10/dist-packages /usr/bin/cmake --install /opt/erc_ws/build/pal_pro_gripper_controller_configuration
[3.666s] Level 1:colcon.colcon_core.environment:checking '/opt/erc_ws/install/pal_pro_gripper_controller_configuration/bin'
[3.666s] Level 1:colcon.colcon_core.environment:checking '/opt/erc_ws/install/pal_pro_gripper_controller_configuration/lib/pkgconfig/pal_pro_gripper_controller_configuration.pc'
[3.666s] Level 1:colcon.colcon_core.environment:checking '/opt/erc_ws/install/pal_pro_gripper_controller_configuration/lib/python3.10/site-packages'
[3.666s] Level 1:colcon.colcon_core.environment:checking '/opt/erc_ws/install/pal_pro_gripper_controller_configuration/bin'
[3.667s] INFO:colcon.colcon_core.shell:Creating package script '/opt/erc_ws/install/pal_pro_gripper_controller_configuration/share/pal_pro_gripper_controller_configuration/package.ps1'
[3.667s] INFO:colcon.colcon_core.shell:Creating package descriptor '/opt/erc_ws/install/pal_pro_gripper_controller_configuration/share/pal_pro_gripper_controller_configuration/package.dsv'
[3.674s] INFO:colcon.colcon_core.shell:Creating package script '/opt/erc_ws/install/pal_pro_gripper_controller_configuration/share/pal_pro_gripper_controller_configuration/package.sh'
[3.674s] INFO:colcon.colcon_core.shell:Creating package script '/opt/erc_ws/install/pal_pro_gripper_controller_configuration/share/pal_pro_gripper_controller_configuration/package.bash'
[3.675s] INFO:colcon.colcon_core.shell:Creating package script '/opt/erc_ws/install/pal_pro_gripper_controller_configuration/share/pal_pro_gripper_controller_configuration/package.zsh'
[3.675s] Level 1:colcon.colcon_core.environment:create_file_with_runtime_dependencies(/opt/erc_ws/install/pal_pro_gripper_controller_configuration/share/colcon-core/packages/pal_pro_gripper_controller_configuration)
[3.676s] Level 1:colcon.colcon_core.environment:create_environment_scripts_only(pal_pro_gripper_controller_configuration)
[3.676s] Level 1:colcon.colcon_core.environment:checking '/opt/erc_ws/install/pal_pro_gripper_controller_configuration' for CMake module files
[3.676s] Level 1:colcon.colcon_core.environment:checking '/opt/erc_ws/install/pal_pro_gripper_controller_configuration' for CMake config files
[3.677s] Level 1:colcon.colcon_core.shell:create_environment_hook('pal_pro_gripper_controller_configuration', 'cmake_prefix_path')
[3.677s] INFO:colcon.colcon_core.shell:Creating environment hook '/opt/erc_ws/install/pal_pro_gripper_controller_configuration/share/pal_pro_gripper_controller_configuration/hook/cmake_prefix_path.ps1'
[3.678s] INFO:colcon.colcon_core.shell:Creating environment descriptor '/opt/erc_ws/install/pal_pro_gripper_controller_configuration/share/pal_pro_gripper_controller_configuration/hook/cmake_prefix_path.dsv'
[3.678s] INFO:colcon.colcon_core.shell:Creating environment hook '/opt/erc_ws/install/pal_pro_gripper_controller_configuration/share/pal_pro_gripper_controller_configuration/hook/cmake_prefix_path.sh'
[3.679s] Level 1:colcon.colcon_core.environment:checking '/opt/erc_ws/install/pal_pro_gripper_controller_configuration/bin'
[3.679s] Level 1:colcon.colcon_core.environment:checking '/opt/erc_ws/install/pal_pro_gripper_controller_configuration/lib/pkgconfig/pal_pro_gripper_controller_configuration.pc'
[3.679s] Level 1:colcon.colcon_core.environment:checking '/opt/erc_ws/install/pal_pro_gripper_controller_configuration/lib/python3.10/site-packages'
[3.679s] Level 1:colcon.colcon_core.environment:checking '/opt/erc_ws/install/pal_pro_gripper_controller_configuration/bin'
[3.679s] INFO:colcon.colcon_core.shell:Creating package script '/opt/erc_ws/install/pal_pro_gripper_controller_configuration/share/pal_pro_gripper_controller_configuration/package.ps1'
[3.680s] INFO:colcon.colcon_core.shell:Creating package descriptor '/opt/erc_ws/install/pal_pro_gripper_controller_configuration/share/pal_pro_gripper_controller_configuration/package.dsv'
[3.681s] INFO:colcon.colcon_core.shell:Creating package script '/opt/erc_ws/install/pal_pro_gripper_controller_configuration/share/pal_pro_gripper_controller_configuration/package.sh'
[3.681s] INFO:colcon.colcon_core.shell:Creating package script '/opt/erc_ws/install/pal_pro_gripper_controller_configuration/share/pal_pro_gripper_controller_configuration/package.bash'
[3.682s] INFO:colcon.colcon_core.shell:Creating package script '/opt/erc_ws/install/pal_pro_gripper_controller_configuration/share/pal_pro_gripper_controller_configuration/package.zsh'
[3.682s] Level 1:colcon.colcon_core.environment:create_file_with_runtime_dependencies(/opt/erc_ws/install/pal_pro_gripper_controller_configuration/share/colcon-core/packages/pal_pro_gripper_controller_configuration)
[3.683s] INFO:colcon.colcon_ros.task.ament_cmake.build:Building ROS package in '/opt/erc_ws/src/pal_sea_arm/pal_sea_arm_controller_configuration' with build type 'ament_cmake'
[3.683s] INFO:colcon.colcon_cmake.task.cmake.build:Building CMake package in '/opt/erc_ws/src/pal_sea_arm/pal_sea_arm_controller_configuration'
[3.683s] INFO:colcon.colcon_core.shell:Skip shell extension 'powershell' for command environment: Not usable outside of PowerShell
[3.683s] DEBUG:colcon.colcon_core.shell:Skip shell extension 'dsv' for command environment
[3.691s] INFO:colcon.colcon_ros.task.ament_cmake.build:Building ROS package in '/opt/erc_ws/src/pal_pro_gripper/pal_pro_gripper' with build type 'ament_cmake'
[3.691s] INFO:colcon.colcon_cmake.task.cmake.build:Building CMake package in '/opt/erc_ws/src/pal_pro_gripper/pal_pro_gripper'
[3.692s] INFO:colcon.colcon_core.shell:Skip shell extension 'powershell' for command environment: Not usable outside of PowerShell
[3.692s] DEBUG:colcon.colcon_core.shell:Skip shell extension 'dsv' for command environment
[3.700s] INFO:colcon.colcon_ros.task.ament_cmake.build:Building ROS package in '/opt/erc_ws/src/pal_pro_gripper/pal_pro_gripper_bringup' with build type 'ament_cmake'
[3.701s] INFO:colcon.colcon_cmake.task.cmake.build:Building CMake package in '/opt/erc_ws/src/pal_pro_gripper/pal_pro_gripper_bringup'
[3.701s] INFO:colcon.colcon_core.shell:Skip shell extension 'powershell' for command environment: Not usable outside of PowerShell
[3.701s] DEBUG:colcon.colcon_core.shell:Skip shell extension 'dsv' for command environment
[3.709s] INFO:colcon.colcon_ros.task.ament_cmake.build:Building ROS package in '/opt/erc_ws/src/pal_pro_gripper/pal_pro_gripper_simulation' with build type 'ament_cmake'
[3.709s] INFO:colcon.colcon_cmake.task.cmake.build:Building CMake package in '/opt/erc_ws/src/pal_pro_gripper/pal_pro_gripper_simulation'
[3.709s] INFO:colcon.colcon_core.shell:Skip shell extension 'powershell' for command environment: Not usable outside of PowerShell
[3.710s] DEBUG:colcon.colcon_core.shell:Skip shell extension 'dsv' for command environment
[3.720s] Level 1:colcon.colcon_core.environment:create_environment_scripts_only(tiago_pro_head_controller_configuration)
[3.721s] Level 1:colcon.colcon_core.environment:checking '/opt/erc_ws/install/tiago_pro_head_controller_configuration' for CMake module files
[3.721s] DEBUG:colcon.colcon_core.event_handler.log_command:Invoked command in '/opt/erc_ws/build/tiago_pro_head_controller_configuration' returned '0': AMENT_PREFIX_PATH=/opt/erc_ws/install/launch_pal:/opt/erc_ws/install/tiago_pro_robot:/opt/erc_ws/install/tiago_pro_head_robot:/opt/erc_ws/install/tiago_pro_bringup:/opt/erc_ws/install/tiago_pro_head_bringup:/opt/erc_ws/install/erc_bringup:/opt/erc_ws/install/tiago_pro_description:/opt/erc_ws/install/tiago_pro_head_description:/opt/erc_ws/install/tiago_pro_controller_configuration:/opt/erc_ws/install/tiago_pro_head_controller_configuration:/opt/erc_ws/install/sensors:/opt/erc_ws/install/pal_sea_arm:/opt/erc_ws/install/pal_sea_arm_bringup:/opt/erc_ws/install/pal_sea_arm_description:/opt/erc_ws/install/pal_pro_gripper_simulation:/opt/erc_ws/install/pal_pro_gripper_bringup:/opt/erc_ws/install/pal_pro_gripper:/opt/erc_ws/install/pal_pro_gripper_description:/opt/erc_ws/install/pal_gripper_simulation:/opt/erc_ws/install/pal_gripper:/opt/erc_ws/install/pal_gripper_description:/opt/erc_ws/install/omni_base_robot:/opt/erc_ws/install/omni_base_bringup:/opt/erc_ws/install/omni_base_description:/opt/erc_ws/install/pal_urdf_utils:/opt/erc_ws/install/pal_sea_arm_controller_configuration:/opt/erc_ws/install/pal_pro_gripper_controller_configuration:/opt/erc_ws/install/pal_pro_gripper_wrapper:/opt/erc_ws/install/pal_gripper_controller_configuration:/opt/erc_ws/install/omni_base_controller_configuration:/opt/erc_ws/install/gz_ros2_control:/opt/erc_ws/install/erc_solution:/opt/erc_ws/install/erc_description:/opt/ros/humble CMAKE_PREFIX_PATH=${CMAKE_PREFIX_PATH}:/opt/erc_ws/install/sensors:/opt/erc_ws/install/pal_pro_gripper_wrapper:/opt/erc_ws/install/launch_pal:/opt/erc_ws/install/erc_solution:/opt/ros/humble PYTHONPATH=/opt/erc_ws/build/launch_pal:/opt/erc_ws/install/launch_pal/lib/python3.10/site-packages:/opt/erc_ws/install/tiago_pro_description/local/lib/python3.10/dist-packages:/opt/erc_ws/install/tiago_pro_head_description/local/lib/python3.10/dist-packages:/opt/erc_ws/build/sensors:/opt/erc_ws/install/sensors/lib/python3.10/site-packages:/opt/erc_ws/install/pal_sea_arm_description/local/lib/python3.10/dist-packages:/opt/erc_ws/install/pal_pro_gripper_description/local/lib/python3.10/dist-packages:/opt/erc_ws/install/omni_base_description/local/lib/python3.10/dist-packages:/opt/erc_ws/build/pal_pro_gripper_wrapper:/opt/erc_ws/install/pal_pro_gripper_wrapper/lib/python3.10/site-packages:/opt/erc_ws/build/erc_solution:/opt/erc_ws/install/erc_solution/lib/python3.10/site-packages:/opt/ros/humble/lib/python3.10/site-packages:/opt/ros/humble/local/lib/python3.10/dist-packages /usr/bin/cmake --install /opt/erc_ws/build/tiago_pro_head_controller_configuration
[3.722s] Level 1:colcon.colcon_core.environment:checking '/opt/erc_ws/install/tiago_pro_head_controller_configuration' for CMake config files
[3.722s] Level 1:colcon.colcon_core.shell:create_environment_hook('tiago_pro_head_controller_configuration', 'cmake_prefix_path')
[3.723s] INFO:colcon.colcon_core.shell:Creating environment hook '/opt/erc_ws/install/tiago_pro_head_controller_configuration/share/tiago_pro_head_controller_configuration/hook/cmake_prefix_path.ps1'
[3.723s] INFO:colcon.colcon_core.shell:Creating environment descriptor '/opt/erc_ws/install/tiago_pro_head_controller_configuration/share/tiago_pro_head_controller_configuration/hook/cmake_prefix_path.dsv'
[3.724s] INFO:colcon.colcon_core.shell:Creating environment hook '/opt/erc_ws/install/tiago_pro_head_controller_configuration/share/tiago_pro_head_controller_configuration/hook/cmake_prefix_path.sh'
[3.724s] Level 1:colcon.colcon_core.environment:checking '/opt/erc_ws/install/tiago_pro_head_controller_configuration/bin'
[3.724s] Level 1:colcon.colcon_core.environment:checking '/opt/erc_ws/install/tiago_pro_head_controller_configuration/lib/pkgconfig/tiago_pro_head_controller_configuration.pc'
[3.725s] Level 1:colcon.colcon_core.environment:checking '/opt/erc_ws/install/tiago_pro_head_controller_configuration/lib/python3.10/site-packages'
[3.725s] Level 1:colcon.colcon_core.environment:checking '/opt/erc_ws/install/tiago_pro_head_controller_configuration/bin'
[3.726s] INFO:colcon.colcon_core.shell:Creating package script '/opt/erc_ws/install/tiago_pro_head_controller_configuration/share/tiago_pro_head_controller_configuration/package.ps1'
[3.726s] INFO:colcon.colcon_core.shell:Creating package descriptor '/opt/erc_ws/install/tiago_pro_head_controller_configuration/share/tiago_pro_head_controller_configuration/package.dsv'
[3.727s] INFO:colcon.colcon_core.shell:Creating package script '/opt/erc_ws/install/tiago_pro_head_controller_configuration/share/tiago_pro_head_controller_configuration/package.sh'
[3.727s] INFO:colcon.colcon_core.shell:Creating package script '/opt/erc_ws/install/tiago_pro_head_controller_configuration/share/tiago_pro_head_controller_configuration/package.bash'
[3.728s] INFO:colcon.colcon_core.shell:Creating package script '/opt/erc_ws/install/tiago_pro_head_controller_configuration/share/tiago_pro_head_controller_configuration/package.zsh'
[3.728s] Level 1:colcon.colcon_core.environment:create_file_with_runtime_dependencies(/opt/erc_ws/install/tiago_pro_head_controller_configuration/share/colcon-core/packages/tiago_pro_head_controller_configuration)
[3.728s] Level 1:colcon.colcon_core.environment:create_environment_scripts_only(tiago_pro_head_controller_configuration)
[3.729s] Level 1:colcon.colcon_core.environment:checking '/opt/erc_ws/install/tiago_pro_head_controller_configuration' for CMake module files
[3.729s] Level 1:colcon.colcon_core.environment:checking '/opt/erc_ws/install/tiago_pro_head_controller_configuration' for CMake config files
[3.729s] Level 1:colcon.colcon_core.shell:create_environment_hook('tiago_pro_head_controller_configuration', 'cmake_prefix_path')
[3.730s] INFO:colcon.colcon_core.shell:Creating environment hook '/opt/erc_ws/install/tiago_pro_head_controller_configuration/share/tiago_pro_head_controller_configuration/hook/cmake_prefix_path.ps1'
[3.730s] INFO:colcon.colcon_core.shell:Creating environment descriptor '/opt/erc_ws/install/tiago_pro_head_controller_configuration/share/tiago_pro_head_controller_configuration/hook/cmake_prefix_path.dsv'
[3.730s] INFO:colcon.colcon_core.shell:Creating environment hook '/opt/erc_ws/install/tiago_pro_head_controller_configuration/share/tiago_pro_head_controller_configuration/hook/cmake_prefix_path.sh'
[3.731s] Level 1:colcon.colcon_core.environment:checking '/opt/erc_ws/install/tiago_pro_head_controller_configuration/bin'
[3.731s] Level 1:colcon.colcon_core.environment:checking '/opt/erc_ws/install/tiago_pro_head_controller_configuration/lib/pkgconfig/tiago_pro_head_controller_configuration.pc'
[3.731s] Level 1:colcon.colcon_core.environment:checking '/opt/erc_ws/install/tiago_pro_head_controller_configuration/lib/python3.10/site-packages'
[3.732s] Level 1:colcon.colcon_core.environment:checking '/opt/erc_ws/install/tiago_pro_head_controller_configuration/bin'
[3.732s] INFO:colcon.colcon_core.shell:Creating package script '/opt/erc_ws/install/tiago_pro_head_controller_configuration/share/tiago_pro_head_controller_configuration/package.ps1'
[3.733s] INFO:colcon.colcon_core.shell:Creating package descriptor '/opt/erc_ws/install/tiago_pro_head_controller_configuration/share/tiago_pro_head_controller_configuration/package.dsv'
[3.734s] INFO:colcon.colcon_core.shell:Creating package script '/opt/erc_ws/install/tiago_pro_head_controller_configuration/share/tiago_pro_head_controller_configuration/package.sh'
[3.734s] INFO:colcon.colcon_core.shell:Creating package script '/opt/erc_ws/install/tiago_pro_head_controller_configuration/share/tiago_pro_head_controller_configuration/package.bash'
[3.735s] INFO:colcon.colcon_core.shell:Creating package script '/opt/erc_ws/install/tiago_pro_head_controller_configuration/share/tiago_pro_head_controller_configuration/package.zsh'
[3.735s] Level 1:colcon.colcon_core.environment:create_file_with_runtime_dependencies(/opt/erc_ws/install/tiago_pro_head_controller_configuration/share/colcon-core/packages/tiago_pro_head_controller_configuration)
[3.736s] INFO:colcon.colcon_ros.task.ament_cmake.build:Building ROS package in '/opt/erc_ws/src/tiago_pro_head_robot/tiago_pro_head_description' with build type 'ament_cmake'
[3.736s] INFO:colcon.colcon_cmake.task.cmake.build:Building CMake package in '/opt/erc_ws/src/tiago_pro_head_robot/tiago_pro_head_description'
[3.736s] INFO:colcon.colcon_core.shell:Skip shell extension 'powershell' for command environment: Not usable outside of PowerShell
[3.736s] DEBUG:colcon.colcon_core.shell:Skip shell extension 'dsv' for command environment
[3.756s] DEBUG:colcon.colcon_core.event_handler.log_command:Invoking command in '/opt/erc_ws/build/pal_sea_arm_controller_configuration': AMENT_PREFIX_PATH=/opt/erc_ws/install/pal_pro_gripper_wrapper:/opt/erc_ws/install/launch_pal:/opt/erc_ws/install/tiago_pro_robot:/opt/erc_ws/install/tiago_pro_head_robot:/opt/erc_ws/install/tiago_pro_bringup:/opt/erc_ws/install/tiago_pro_head_bringup:/opt/erc_ws/install/erc_bringup:/opt/erc_ws/install/tiago_pro_description:/opt/erc_ws/install/tiago_pro_head_description:/opt/erc_ws/install/tiago_pro_controller_configuration:/opt/erc_ws/install/tiago_pro_head_controller_configuration:/opt/erc_ws/install/sensors:/opt/erc_ws/install/pal_sea_arm:/opt/erc_ws/install/pal_sea_arm_bringup:/opt/erc_ws/install/pal_sea_arm_description:/opt/erc_ws/install/pal_pro_gripper_simulation:/opt/erc_ws/install/pal_pro_gripper_bringup:/opt/erc_ws/install/pal_pro_gripper:/opt/erc_ws/install/pal_pro_gripper_description:/opt/erc_ws/install/pal_gripper_simulation:/opt/erc_ws/install/pal_gripper:/opt/erc_ws/install/pal_gripper_description:/opt/erc_ws/install/omni_base_robot:/opt/erc_ws/install/omni_base_bringup:/opt/erc_ws/install/omni_base_description:/opt/erc_ws/install/pal_urdf_utils:/opt/erc_ws/install/pal_sea_arm_controller_configuration:/opt/erc_ws/install/pal_pro_gripper_controller_configuration:/opt/erc_ws/install/pal_gripper_controller_configuration:/opt/erc_ws/install/omni_base_controller_configuration:/opt/erc_ws/install/gz_ros2_control:/opt/erc_ws/install/erc_solution:/opt/erc_ws/install/erc_description:/opt/ros/humble CMAKE_PREFIX_PATH=/opt/erc_ws/install/pal_pro_gripper_controller_configuration:/opt/erc_ws/install/tiago_pro_robot:/opt/erc_ws/install/tiago_pro_head_robot:/opt/erc_ws/install/tiago_pro_bringup:/opt/erc_ws/install/tiago_pro_head_bringup:/opt/erc_ws/install/erc_bringup:/opt/erc_ws/install/tiago_pro_description:/opt/erc_ws/install/tiago_pro_head_description:/opt/erc_ws/install/tiago_pro_controller_configuration:/opt/erc_ws/install/tiago_pro_head_controller_configuration:/opt/erc_ws/install/pal_sea_arm:/opt/erc_ws/install/pal_sea_arm_bringup:/opt/erc_ws/install/pal_sea_arm_description:/opt/erc_ws/install/pal_pro_gripper_simulation:/opt/erc_ws/install/pal_pro_gripper_bringup:/opt/erc_ws/install/pal_pro_gripper:/opt/erc_ws/install/pal_pro_gripper_description:/opt/erc_ws/install/pal_gripper_simulation:/opt/erc_ws/install/pal_gripper:/opt/erc_ws/install/pal_gripper_description:/opt/erc_ws/install/omni_base_robot:/opt/erc_ws/install/omni_base_bringup:/opt/erc_ws/install/omni_base_description:/opt/erc_ws/install/pal_urdf_utils:/opt/erc_ws/install/pal_sea_arm_controller_configuration:/opt/erc_ws/install/pal_gripper_controller_configuration:/opt/erc_ws/install/omni_base_controller_configuration:/opt/erc_ws/install/gz_ros2_control:/opt/erc_ws/install/erc_description:/opt/erc_ws/install/sensors:/opt/erc_ws/install/pal_pro_gripper_wrapper:/opt/erc_ws/install/launch_pal:/opt/erc_ws/install/erc_solution:/opt/ros/humble PYTHONPATH=/opt/erc_ws/build/pal_pro_gripper_wrapper:/opt/erc_ws/install/pal_pro_gripper_wrapper/lib/python3.10/site-packages:/opt/erc_ws/build/launch_pal:/opt/erc_ws/install/launch_pal/lib/python3.10/site-packages:/opt/erc_ws/install/tiago_pro_description/local/lib/python3.10/dist-packages:/opt/erc_ws/install/tiago_pro_head_description/local/lib/python3.10/dist-packages:/opt/erc_ws/build/sensors:/opt/erc_ws/install/sensors/lib/python3.10/site-packages:/opt/erc_ws/install/pal_sea_arm_description/local/lib/python3.10/dist-packages:/opt/erc_ws/install/pal_pro_gripper_description/local/lib/python3.10/dist-packages:/opt/erc_ws/install/omni_base_description/local/lib/python3.10/dist-packages:/opt/erc_ws/build/erc_solution:/opt/erc_ws/install/erc_solution/lib/python3.10/site-packages:/opt/ros/humble/lib/python3.10/site-packages:/opt/ros/humble/local/lib/python3.10/dist-packages /usr/bin/cmake --build /opt/erc_ws/build/pal_sea_arm_controller_configuration -- -j16 -l16
[3.763s] DEBUG:colcon.colcon_core.event_handler.log_command:Invoking command in '/opt/erc_ws/build/pal_pro_gripper': AMENT_PREFIX_PATH=/opt/erc_ws/install/pal_pro_gripper_wrapper:/opt/erc_ws/install/launch_pal:/opt/erc_ws/install/tiago_pro_robot:/opt/erc_ws/install/tiago_pro_head_robot:/opt/erc_ws/install/tiago_pro_bringup:/opt/erc_ws/install/tiago_pro_head_bringup:/opt/erc_ws/install/erc_bringup:/opt/erc_ws/install/tiago_pro_description:/opt/erc_ws/install/tiago_pro_head_description:/opt/erc_ws/install/tiago_pro_controller_configuration:/opt/erc_ws/install/tiago_pro_head_controller_configuration:/opt/erc_ws/install/sensors:/opt/erc_ws/install/pal_sea_arm:/opt/erc_ws/install/pal_sea_arm_bringup:/opt/erc_ws/install/pal_sea_arm_description:/opt/erc_ws/install/pal_pro_gripper_simulation:/opt/erc_ws/install/pal_pro_gripper_bringup:/opt/erc_ws/install/pal_pro_gripper:/opt/erc_ws/install/pal_pro_gripper_description:/opt/erc_ws/install/pal_gripper_simulation:/opt/erc_ws/install/pal_gripper:/opt/erc_ws/install/pal_gripper_description:/opt/erc_ws/install/omni_base_robot:/opt/erc_ws/install/omni_base_bringup:/opt/erc_ws/install/omni_base_description:/opt/erc_ws/install/pal_urdf_utils:/opt/erc_ws/install/pal_sea_arm_controller_configuration:/opt/erc_ws/install/pal_pro_gripper_controller_configuration:/opt/erc_ws/install/pal_gripper_controller_configuration:/opt/erc_ws/install/omni_base_controller_configuration:/opt/erc_ws/install/gz_ros2_control:/opt/erc_ws/install/erc_solution:/opt/erc_ws/install/erc_description:/opt/ros/humble CMAKE_PREFIX_PATH=/opt/erc_ws/install/pal_pro_gripper_description:/opt/erc_ws/install/pal_pro_gripper_controller_configuration:/opt/erc_ws/install/pal_urdf_utils:/opt/erc_ws/install/tiago_pro_robot:/opt/erc_ws/install/tiago_pro_head_robot:/opt/erc_ws/install/tiago_pro_bringup:/opt/erc_ws/install/tiago_pro_head_bringup:/opt/erc_ws/install/erc_bringup:/opt/erc_ws/install/tiago_pro_description:/opt/erc_ws/install/tiago_pro_head_description:/opt/erc_ws/install/tiago_pro_controller_configuration:/opt/erc_ws/install/tiago_pro_head_controller_configuration:/opt/erc_ws/install/pal_sea_arm:/opt/erc_ws/install/pal_sea_arm_bringup:/opt/erc_ws/install/pal_sea_arm_description:/opt/erc_ws/install/pal_pro_gripper_simulation:/opt/erc_ws/install/pal_pro_gripper_bringup:/opt/erc_ws/install/pal_pro_gripper:/opt/erc_ws/install/pal_gripper_simulation:/opt/erc_ws/install/pal_gripper:/opt/erc_ws/install/pal_gripper_description:/opt/erc_ws/install/omni_base_robot:/opt/erc_ws/install/omni_base_bringup:/opt/erc_ws/install/omni_base_description:/opt/erc_ws/install/pal_sea_arm_controller_configuration:/opt/erc_ws/install/pal_gripper_controller_configuration:/opt/erc_ws/install/omni_base_controller_configuration:/opt/erc_ws/install/gz_ros2_control:/opt/erc_ws/install/erc_description:/opt/erc_ws/install/sensors:/opt/erc_ws/install/pal_pro_gripper_wrapper:/opt/erc_ws/install/launch_pal:/opt/erc_ws/install/erc_solution:/opt/ros/humble PYTHONPATH=/opt/erc_ws/build/pal_pro_gripper_wrapper:/opt/erc_ws/install/pal_pro_gripper_wrapper/lib/python3.10/site-packages:/opt/erc_ws/build/launch_pal:/opt/erc_ws/install/launch_pal/lib/python3.10/site-packages:/opt/erc_ws/install/tiago_pro_description/local/lib/python3.10/dist-packages:/opt/erc_ws/install/tiago_pro_head_description/local/lib/python3.10/dist-packages:/opt/erc_ws/build/sensors:/opt/erc_ws/install/sensors/lib/python3.10/site-packages:/opt/erc_ws/install/pal_sea_arm_description/local/lib/python3.10/dist-packages:/opt/erc_ws/install/pal_pro_gripper_description/local/lib/python3.10/dist-packages:/opt/erc_ws/install/omni_base_description/local/lib/python3.10/dist-packages:/opt/erc_ws/build/erc_solution:/opt/erc_ws/install/erc_solution/lib/python3.10/site-packages:/opt/ros/humble/lib/python3.10/site-packages:/opt/ros/humble/local/lib/python3.10/dist-packages /usr/bin/cmake --build /opt/erc_ws/build/pal_pro_gripper -- -j16 -l16
[3.769s] DEBUG:colcon.colcon_core.event_handler.log_command:Invoking command in '/opt/erc_ws/build/pal_pro_gripper_bringup': AMENT_PREFIX_PATH=/opt/erc_ws/install/pal_pro_gripper_wrapper:/opt/erc_ws/install/launch_pal:/opt/erc_ws/install/tiago_pro_robot:/opt/erc_ws/install/tiago_pro_head_robot:/opt/erc_ws/install/tiago_pro_bringup:/opt/erc_ws/install/tiago_pro_head_bringup:/opt/erc_ws/install/erc_bringup:/opt/erc_ws/install/tiago_pro_description:/opt/erc_ws/install/tiago_pro_head_description:/opt/erc_ws/install/tiago_pro_controller_configuration:/opt/erc_ws/install/tiago_pro_head_controller_configuration:/opt/erc_ws/install/sensors:/opt/erc_ws/install/pal_sea_arm:/opt/erc_ws/install/pal_sea_arm_bringup:/opt/erc_ws/install/pal_sea_arm_description:/opt/erc_ws/install/pal_pro_gripper_simulation:/opt/erc_ws/install/pal_pro_gripper_bringup:/opt/erc_ws/install/pal_pro_gripper:/opt/erc_ws/install/pal_pro_gripper_description:/opt/erc_ws/install/pal_gripper_simulation:/opt/erc_ws/install/pal_gripper:/opt/erc_ws/install/pal_gripper_description:/opt/erc_ws/install/omni_base_robot:/opt/erc_ws/install/omni_base_bringup:/opt/erc_ws/install/omni_base_description:/opt/erc_ws/install/pal_urdf_utils:/opt/erc_ws/install/pal_sea_arm_controller_configuration:/opt/erc_ws/install/pal_pro_gripper_controller_configuration:/opt/erc_ws/install/pal_gripper_controller_configuration:/opt/erc_ws/install/omni_base_controller_configuration:/opt/erc_ws/install/gz_ros2_control:/opt/erc_ws/install/erc_solution:/opt/erc_ws/install/erc_description:/opt/ros/humble CMAKE_PREFIX_PATH=/opt/erc_ws/install/pal_pro_gripper_description:/opt/erc_ws/install/pal_pro_gripper_controller_configuration:/opt/erc_ws/install/pal_urdf_utils:/opt/erc_ws/install/tiago_pro_robot:/opt/erc_ws/install/tiago_pro_head_robot:/opt/erc_ws/install/tiago_pro_bringup:/opt/erc_ws/install/tiago_pro_head_bringup:/opt/erc_ws/install/erc_bringup:/opt/erc_ws/install/tiago_pro_description:/opt/erc_ws/install/tiago_pro_head_description:/opt/erc_ws/install/tiago_pro_controller_configuration:/opt/erc_ws/install/tiago_pro_head_controller_configuration:/opt/erc_ws/install/pal_sea_arm:/opt/erc_ws/install/pal_sea_arm_bringup:/opt/erc_ws/install/pal_sea_arm_description:/opt/erc_ws/install/pal_pro_gripper_simulation:/opt/erc_ws/install/pal_pro_gripper_bringup:/opt/erc_ws/install/pal_pro_gripper:/opt/erc_ws/install/pal_gripper_simulation:/opt/erc_ws/install/pal_gripper:/opt/erc_ws/install/pal_gripper_description:/opt/erc_ws/install/omni_base_robot:/opt/erc_ws/install/omni_base_bringup:/opt/erc_ws/install/omni_base_description:/opt/erc_ws/install/pal_sea_arm_controller_configuration:/opt/erc_ws/install/pal_gripper_controller_configuration:/opt/erc_ws/install/omni_base_controller_configuration:/opt/erc_ws/install/gz_ros2_control:/opt/erc_ws/install/erc_description:/opt/erc_ws/install/sensors:/opt/erc_ws/install/pal_pro_gripper_wrapper:/opt/erc_ws/install/launch_pal:/opt/erc_ws/install/erc_solution:/opt/ros/humble PYTHONPATH=/opt/erc_ws/build/pal_pro_gripper_wrapper:/opt/erc_ws/install/pal_pro_gripper_wrapper/lib/python3.10/site-packages:/opt/erc_ws/build/launch_pal:/opt/erc_ws/install/launch_pal/lib/python3.10/site-packages:/opt/erc_ws/install/tiago_pro_description/local/lib/python3.10/dist-packages:/opt/erc_ws/install/tiago_pro_head_description/local/lib/python3.10/dist-packages:/opt/erc_ws/build/sensors:/opt/erc_ws/install/sensors/lib/python3.10/site-packages:/opt/erc_ws/install/pal_sea_arm_description/local/lib/python3.10/dist-packages:/opt/erc_ws/install/pal_pro_gripper_description/local/lib/python3.10/dist-packages:/opt/erc_ws/install/omni_base_description/local/lib/python3.10/dist-packages:/opt/erc_ws/build/erc_solution:/opt/erc_ws/install/erc_solution/lib/python3.10/site-packages:/opt/ros/humble/lib/python3.10/site-packages:/opt/ros/humble/local/lib/python3.10/dist-packages /usr/bin/cmake --build /opt/erc_ws/build/pal_pro_gripper_bringup -- -j16 -l16
[3.775s] DEBUG:colcon.colcon_core.event_handler.log_command:Invoking command in '/opt/erc_ws/build/pal_pro_gripper_simulation': AMENT_PREFIX_PATH=/opt/erc_ws/install/pal_pro_gripper_wrapper:/opt/erc_ws/install/launch_pal:/opt/erc_ws/install/tiago_pro_robot:/opt/erc_ws/install/tiago_pro_head_robot:/opt/erc_ws/install/tiago_pro_bringup:/opt/erc_ws/install/tiago_pro_head_bringup:/opt/erc_ws/install/erc_bringup:/opt/erc_ws/install/tiago_pro_description:/opt/erc_ws/install/tiago_pro_head_description:/opt/erc_ws/install/tiago_pro_controller_configuration:/opt/erc_ws/install/tiago_pro_head_controller_configuration:/opt/erc_ws/install/sensors:/opt/erc_ws/install/pal_sea_arm:/opt/erc_ws/install/pal_sea_arm_bringup:/opt/erc_ws/install/pal_sea_arm_description:/opt/erc_ws/install/pal_pro_gripper_simulation:/opt/erc_ws/install/pal_pro_gripper_bringup:/opt/erc_ws/install/pal_pro_gripper:/opt/erc_ws/install/pal_pro_gripper_description:/opt/erc_ws/install/pal_gripper_simulation:/opt/erc_ws/install/pal_gripper:/opt/erc_ws/install/pal_gripper_description:/opt/erc_ws/install/omni_base_robot:/opt/erc_ws/install/omni_base_bringup:/opt/erc_ws/install/omni_base_description:/opt/erc_ws/install/pal_urdf_utils:/opt/erc_ws/install/pal_sea_arm_controller_configuration:/opt/erc_ws/install/pal_pro_gripper_controller_configuration:/opt/erc_ws/install/pal_gripper_controller_configuration:/opt/erc_ws/install/omni_base_controller_configuration:/opt/erc_ws/install/gz_ros2_control:/opt/erc_ws/install/erc_solution:/opt/erc_ws/install/erc_description:/opt/ros/humble CMAKE_PREFIX_PATH=/opt/erc_ws/install/pal_pro_gripper_description:/opt/erc_ws/install/pal_pro_gripper_controller_configuration:/opt/erc_ws/install/pal_urdf_utils:/opt/erc_ws/install/tiago_pro_robot:/opt/erc_ws/install/tiago_pro_head_robot:/opt/erc_ws/install/tiago_pro_bringup:/opt/erc_ws/install/tiago_pro_head_bringup:/opt/erc_ws/install/erc_bringup:/opt/erc_ws/install/tiago_pro_description:/opt/erc_ws/install/tiago_pro_head_description:/opt/erc_ws/install/tiago_pro_controller_configuration:/opt/erc_ws/install/tiago_pro_head_controller_configuration:/opt/erc_ws/install/pal_sea_arm:/opt/erc_ws/install/pal_sea_arm_bringup:/opt/erc_ws/install/pal_sea_arm_description:/opt/erc_ws/install/pal_pro_gripper_simulation:/opt/erc_ws/install/pal_pro_gripper_bringup:/opt/erc_ws/install/pal_pro_gripper:/opt/erc_ws/install/pal_gripper_simulation:/opt/erc_ws/install/pal_gripper:/opt/erc_ws/install/pal_gripper_description:/opt/erc_ws/install/omni_base_robot:/opt/erc_ws/install/omni_base_bringup:/opt/erc_ws/install/omni_base_description:/opt/erc_ws/install/pal_sea_arm_controller_configuration:/opt/erc_ws/install/pal_gripper_controller_configuration:/opt/erc_ws/install/omni_base_controller_configuration:/opt/erc_ws/install/gz_ros2_control:/opt/erc_ws/install/erc_description:/opt/erc_ws/install/sensors:/opt/erc_ws/install/pal_pro_gripper_wrapper:/opt/erc_ws/install/launch_pal:/opt/erc_ws/install/erc_solution:/opt/ros/humble PYTHONPATH=/opt/erc_ws/build/pal_pro_gripper_wrapper:/opt/erc_ws/install/pal_pro_gripper_wrapper/lib/python3.10/site-packages:/opt/erc_ws/build/launch_pal:/opt/erc_ws/install/launch_pal/lib/python3.10/site-packages:/opt/erc_ws/install/tiago_pro_description/local/lib/python3.10/dist-packages:/opt/erc_ws/install/tiago_pro_head_description/local/lib/python3.10/dist-packages:/opt/erc_ws/build/sensors:/opt/erc_ws/install/sensors/lib/python3.10/site-packages:/opt/erc_ws/install/pal_sea_arm_description/local/lib/python3.10/dist-packages:/opt/erc_ws/install/pal_pro_gripper_description/local/lib/python3.10/dist-packages:/opt/erc_ws/install/omni_base_description/local/lib/python3.10/dist-packages:/opt/erc_ws/build/erc_solution:/opt/erc_ws/install/erc_solution/lib/python3.10/site-packages:/opt/ros/humble/lib/python3.10/site-packages:/opt/ros/humble/local/lib/python3.10/dist-packages /usr/bin/cmake --build /opt/erc_ws/build/pal_pro_gripper_simulation -- -j16 -l16
[3.787s] DEBUG:colcon.colcon_core.event_handler.log_command:Invoking command in '/opt/erc_ws/build/tiago_pro_head_description': AMENT_PREFIX_PATH=/opt/erc_ws/install/launch_pal:/opt/erc_ws/install/tiago_pro_robot:/opt/erc_ws/install/tiago_pro_head_robot:/opt/erc_ws/install/tiago_pro_bringup:/opt/erc_ws/install/tiago_pro_head_bringup:/opt/erc_ws/install/erc_bringup:/opt/erc_ws/install/tiago_pro_description:/opt/erc_ws/install/tiago_pro_head_description:/opt/erc_ws/install/tiago_pro_controller_configuration:/opt/erc_ws/install/tiago_pro_head_controller_configuration:/opt/erc_ws/install/sensors:/opt/erc_ws/install/pal_sea_arm:/opt/erc_ws/install/pal_sea_arm_bringup:/opt/erc_ws/install/pal_sea_arm_description:/opt/erc_ws/install/pal_pro_gripper_simulation:/opt/erc_ws/install/pal_pro_gripper_bringup:/opt/erc_ws/install/pal_pro_gripper:/opt/erc_ws/install/pal_pro_gripper_description:/opt/erc_ws/install/pal_gripper_simulation:/opt/erc_ws/install/pal_gripper:/opt/erc_ws/install/pal_gripper_description:/opt/erc_ws/install/omni_base_robot:/opt/erc_ws/install/omni_base_bringup:/opt/erc_ws/install/omni_base_description:/opt/erc_ws/install/pal_urdf_utils:/opt/erc_ws/install/pal_sea_arm_controller_configuration:/opt/erc_ws/install/pal_pro_gripper_controller_configuration:/opt/erc_ws/install/pal_pro_gripper_wrapper:/opt/erc_ws/install/pal_gripper_controller_configuration:/opt/erc_ws/install/omni_base_controller_configuration:/opt/erc_ws/install/gz_ros2_control:/opt/erc_ws/install/erc_solution:/opt/erc_ws/install/erc_description:/opt/ros/humble CMAKE_PREFIX_PATH=/opt/erc_ws/install/tiago_pro_head_controller_configuration:/opt/erc_ws/install/pal_urdf_utils:/opt/erc_ws/install/tiago_pro_robot:/opt/erc_ws/install/tiago_pro_head_robot:/opt/erc_ws/install/tiago_pro_bringup:/opt/erc_ws/install/tiago_pro_head_bringup:/opt/erc_ws/install/erc_bringup:/opt/erc_ws/install/tiago_pro_description:/opt/erc_ws/install/tiago_pro_head_description:/opt/erc_ws/install/tiago_pro_controller_configuration:/opt/erc_ws/install/pal_sea_arm:/opt/erc_ws/install/pal_sea_arm_bringup:/opt/erc_ws/install/pal_sea_arm_description:/opt/erc_ws/install/pal_pro_gripper_simulation:/opt/erc_ws/install/pal_pro_gripper_bringup:/opt/erc_ws/install/pal_pro_gripper:/opt/erc_ws/install/pal_pro_gripper_description:/opt/erc_ws/install/pal_gripper_simulation:/opt/erc_ws/install/pal_gripper:/opt/erc_ws/install/pal_gripper_description:/opt/erc_ws/install/omni_base_robot:/opt/erc_ws/install/omni_base_bringup:/opt/erc_ws/install/omni_base_description:/opt/erc_ws/install/pal_sea_arm_controller_configuration:/opt/erc_ws/install/pal_pro_gripper_controller_configuration:/opt/erc_ws/install/pal_gripper_controller_configuration:/opt/erc_ws/install/omni_base_controller_configuration:/opt/erc_ws/install/gz_ros2_control:/opt/erc_ws/install/erc_description:/opt/erc_ws/install/sensors:/opt/erc_ws/install/pal_pro_gripper_wrapper:/opt/erc_ws/install/launch_pal:/opt/erc_ws/install/erc_solution:/opt/ros/humble PYTHONPATH=/opt/erc_ws/build/launch_pal:/opt/erc_ws/install/launch_pal/lib/python3.10/site-packages:/opt/erc_ws/install/tiago_pro_description/local/lib/python3.10/dist-packages:/opt/erc_ws/install/tiago_pro_head_description/local/lib/python3.10/dist-packages:/opt/erc_ws/build/sensors:/opt/erc_ws/install/sensors/lib/python3.10/site-packages:/opt/erc_ws/install/pal_sea_arm_description/local/lib/python3.10/dist-packages:/opt/erc_ws/install/pal_pro_gripper_description/local/lib/python3.10/dist-packages:/opt/erc_ws/install/omni_base_description/local/lib/python3.10/dist-packages:/opt/erc_ws/build/pal_pro_gripper_wrapper:/opt/erc_ws/install/pal_pro_gripper_wrapper/lib/python3.10/site-packages:/opt/erc_ws/build/erc_solution:/opt/erc_ws/install/erc_solution/lib/python3.10/site-packages:/opt/ros/humble/lib/python3.10/site-packages:/opt/ros/humble/local/lib/python3.10/dist-packages /usr/bin/cmake --build /opt/erc_ws/build/tiago_pro_head_description -- -j16 -l16
[3.804s] DEBUG:colcon.colcon_core.event_handler.log_command:Invoked command in '/opt/erc_ws/build/pal_sea_arm_controller_configuration' returned '0': AMENT_PREFIX_PATH=/opt/erc_ws/install/pal_pro_gripper_wrapper:/opt/erc_ws/install/launch_pal:/opt/erc_ws/install/tiago_pro_robot:/opt/erc_ws/install/tiago_pro_head_robot:/opt/erc_ws/install/tiago_pro_bringup:/opt/erc_ws/install/tiago_pro_head_bringup:/opt/erc_ws/install/erc_bringup:/opt/erc_ws/install/tiago_pro_description:/opt/erc_ws/install/tiago_pro_head_description:/opt/erc_ws/install/tiago_pro_controller_configuration:/opt/erc_ws/install/tiago_pro_head_controller_configuration:/opt/erc_ws/install/sensors:/opt/erc_ws/install/pal_sea_arm:/opt/erc_ws/install/pal_sea_arm_bringup:/opt/erc_ws/install/pal_sea_arm_description:/opt/erc_ws/install/pal_pro_gripper_simulation:/opt/erc_ws/install/pal_pro_gripper_bringup:/opt/erc_ws/install/pal_pro_gripper:/opt/erc_ws/install/pal_pro_gripper_description:/opt/erc_ws/install/pal_gripper_simulation:/opt/erc_ws/install/pal_gripper:/opt/erc_ws/install/pal_gripper_description:/opt/erc_ws/install/omni_base_robot:/opt/erc_ws/install/omni_base_bringup:/opt/erc_ws/install/omni_base_description:/opt/erc_ws/install/pal_urdf_utils:/opt/erc_ws/install/pal_sea_arm_controller_configuration:/opt/erc_ws/install/pal_pro_gripper_controller_configuration:/opt/erc_ws/install/pal_gripper_controller_configuration:/opt/erc_ws/install/omni_base_controller_configuration:/opt/erc_ws/install/gz_ros2_control:/opt/erc_ws/install/erc_solution:/opt/erc_ws/install/erc_description:/opt/ros/humble CMAKE_PREFIX_PATH=/opt/erc_ws/install/pal_pro_gripper_controller_configuration:/opt/erc_ws/install/tiago_pro_robot:/opt/erc_ws/install/tiago_pro_head_robot:/opt/erc_ws/install/tiago_pro_bringup:/opt/erc_ws/install/tiago_pro_head_bringup:/opt/erc_ws/install/erc_bringup:/opt/erc_ws/install/tiago_pro_description:/opt/erc_ws/install/tiago_pro_head_description:/opt/erc_ws/install/tiago_pro_controller_configuration:/opt/erc_ws/install/tiago_pro_head_controller_configuration:/opt/erc_ws/install/pal_sea_arm:/opt/erc_ws/install/pal_sea_arm_bringup:/opt/erc_ws/install/pal_sea_arm_description:/opt/erc_ws/install/pal_pro_gripper_simulation:/opt/erc_ws/install/pal_pro_gripper_bringup:/opt/erc_ws/install/pal_pro_gripper:/opt/erc_ws/install/pal_pro_gripper_description:/opt/erc_ws/install/pal_gripper_simulation:/opt/erc_ws/install/pal_gripper:/opt/erc_ws/install/pal_gripper_description:/opt/erc_ws/install/omni_base_robot:/opt/erc_ws/install/omni_base_bringup:/opt/erc_ws/install/omni_base_description:/opt/erc_ws/install/pal_urdf_utils:/opt/erc_ws/install/pal_sea_arm_controller_configuration:/opt/erc_ws/install/pal_gripper_controller_configuration:/opt/erc_ws/install/omni_base_controller_configuration:/opt/erc_ws/install/gz_ros2_control:/opt/erc_ws/install/erc_description:/opt/erc_ws/install/sensors:/opt/erc_ws/install/pal_pro_gripper_wrapper:/opt/erc_ws/install/launch_pal:/opt/erc_ws/install/erc_solution:/opt/ros/humble PYTHONPATH=/opt/erc_ws/build/pal_pro_gripper_wrapper:/opt/erc_ws/install/pal_pro_gripper_wrapper/lib/python3.10/site-packages:/opt/erc_ws/build/launch_pal:/opt/erc_ws/install/launch_pal/lib/python3.10/site-packages:/opt/erc_ws/install/tiago_pro_description/local/lib/python3.10/dist-packages:/opt/erc_ws/install/tiago_pro_head_description/local/lib/python3.10/dist-packages:/opt/erc_ws/build/sensors:/opt/erc_ws/install/sensors/lib/python3.10/site-packages:/opt/erc_ws/install/pal_sea_arm_description/local/lib/python3.10/dist-packages:/opt/erc_ws/install/pal_pro_gripper_description/local/lib/python3.10/dist-packages:/opt/erc_ws/install/omni_base_description/local/lib/python3.10/dist-packages:/opt/erc_ws/build/erc_solution:/opt/erc_ws/install/erc_solution/lib/python3.10/site-packages:/opt/ros/humble/lib/python3.10/site-packages:/opt/ros/humble/local/lib/python3.10/dist-packages /usr/bin/cmake --build /opt/erc_ws/build/pal_sea_arm_controller_configuration -- -j16 -l16
[3.804s] DEBUG:colcon.colcon_core.event_handler.log_command:Invoking command in '/opt/erc_ws/build/pal_sea_arm_controller_configuration': AMENT_PREFIX_PATH=/opt/erc_ws/install/pal_pro_gripper_wrapper:/opt/erc_ws/install/launch_pal:/opt/erc_ws/install/tiago_pro_robot:/opt/erc_ws/install/tiago_pro_head_robot:/opt/erc_ws/install/tiago_pro_bringup:/opt/erc_ws/install/tiago_pro_head_bringup:/opt/erc_ws/install/erc_bringup:/opt/erc_ws/install/tiago_pro_description:/opt/erc_ws/install/tiago_pro_head_description:/opt/erc_ws/install/tiago_pro_controller_configuration:/opt/erc_ws/install/tiago_pro_head_controller_configuration:/opt/erc_ws/install/sensors:/opt/erc_ws/install/pal_sea_arm:/opt/erc_ws/install/pal_sea_arm_bringup:/opt/erc_ws/install/pal_sea_arm_description:/opt/erc_ws/install/pal_pro_gripper_simulation:/opt/erc_ws/install/pal_pro_gripper_bringup:/opt/erc_ws/install/pal_pro_gripper:/opt/erc_ws/install/pal_pro_gripper_description:/opt/erc_ws/install/pal_gripper_simulation:/opt/erc_ws/install/pal_gripper:/opt/erc_ws/install/pal_gripper_description:/opt/erc_ws/install/omni_base_robot:/opt/erc_ws/install/omni_base_bringup:/opt/erc_ws/install/omni_base_description:/opt/erc_ws/install/pal_urdf_utils:/opt/erc_ws/install/pal_sea_arm_controller_configuration:/opt/erc_ws/install/pal_pro_gripper_controller_configuration:/opt/erc_ws/install/pal_gripper_controller_configuration:/opt/erc_ws/install/omni_base_controller_configuration:/opt/erc_ws/install/gz_ros2_control:/opt/erc_ws/install/erc_solution:/opt/erc_ws/install/erc_description:/opt/ros/humble CMAKE_PREFIX_PATH=/opt/erc_ws/install/pal_pro_gripper_controller_configuration:/opt/erc_ws/install/tiago_pro_robot:/opt/erc_ws/install/tiago_pro_head_robot:/opt/erc_ws/install/tiago_pro_bringup:/opt/erc_ws/install/tiago_pro_head_bringup:/opt/erc_ws/install/erc_bringup:/opt/erc_ws/install/tiago_pro_description:/opt/erc_ws/install/tiago_pro_head_description:/opt/erc_ws/install/tiago_pro_controller_configuration:/opt/erc_ws/install/tiago_pro_head_controller_configuration:/opt/erc_ws/install/pal_sea_arm:/opt/erc_ws/install/pal_sea_arm_bringup:/opt/erc_ws/install/pal_sea_arm_description:/opt/erc_ws/install/pal_pro_gripper_simulation:/opt/erc_ws/install/pal_pro_gripper_bringup:/opt/erc_ws/install/pal_pro_gripper:/opt/erc_ws/install/pal_pro_gripper_description:/opt/erc_ws/install/pal_gripper_simulation:/opt/erc_ws/install/pal_gripper:/opt/erc_ws/install/pal_gripper_description:/opt/erc_ws/install/omni_base_robot:/opt/erc_ws/install/omni_base_bringup:/opt/erc_ws/install/omni_base_description:/opt/erc_ws/install/pal_urdf_utils:/opt/erc_ws/install/pal_sea_arm_controller_configuration:/opt/erc_ws/install/pal_gripper_controller_configuration:/opt/erc_ws/install/omni_base_controller_configuration:/opt/erc_ws/install/gz_ros2_control:/opt/erc_ws/install/erc_description:/opt/erc_ws/install/sensors:/opt/erc_ws/install/pal_pro_gripper_wrapper:/opt/erc_ws/install/launch_pal:/opt/erc_ws/install/erc_solution:/opt/ros/humble PYTHONPATH=/opt/erc_ws/build/pal_pro_gripper_wrapper:/opt/erc_ws/install/pal_pro_gripper_wrapper/lib/python3.10/site-packages:/opt/erc_ws/build/launch_pal:/opt/erc_ws/install/launch_pal/lib/python3.10/site-packages:/opt/erc_ws/install/tiago_pro_description/local/lib/python3.10/dist-packages:/opt/erc_ws/install/tiago_pro_head_description/local/lib/python3.10/dist-packages:/opt/erc_ws/build/sensors:/opt/erc_ws/install/sensors/lib/python3.10/site-packages:/opt/erc_ws/install/pal_sea_arm_description/local/lib/python3.10/dist-packages:/opt/erc_ws/install/pal_pro_gripper_description/local/lib/python3.10/dist-packages:/opt/erc_ws/install/omni_base_description/local/lib/python3.10/dist-packages:/opt/erc_ws/build/erc_solution:/opt/erc_ws/install/erc_solution/lib/python3.10/site-packages:/opt/ros/humble/lib/python3.10/site-packages:/opt/ros/humble/local/lib/python3.10/dist-packages /usr/bin/cmake --install /opt/erc_ws/build/pal_sea_arm_controller_configuration
[3.836s] DEBUG:colcon.colcon_core.event_handler.log_command:Invoked command in '/opt/erc_ws/build/pal_pro_gripper' returned '0': AMENT_PREFIX_PATH=/opt/erc_ws/install/pal_pro_gripper_wrapper:/opt/erc_ws/install/launch_pal:/opt/erc_ws/install/tiago_pro_robot:/opt/erc_ws/install/tiago_pro_head_robot:/opt/erc_ws/install/tiago_pro_bringup:/opt/erc_ws/install/tiago_pro_head_bringup:/opt/erc_ws/install/erc_bringup:/opt/erc_ws/install/tiago_pro_description:/opt/erc_ws/install/tiago_pro_head_description:/opt/erc_ws/install/tiago_pro_controller_configuration:/opt/erc_ws/install/tiago_pro_head_controller_configuration:/opt/erc_ws/install/sensors:/opt/erc_ws/install/pal_sea_arm:/opt/erc_ws/install/pal_sea_arm_bringup:/opt/erc_ws/install/pal_sea_arm_description:/opt/erc_ws/install/pal_pro_gripper_simulation:/opt/erc_ws/install/pal_pro_gripper_bringup:/opt/erc_ws/install/pal_pro_gripper:/opt/erc_ws/install/pal_pro_gripper_description:/opt/erc_ws/install/pal_gripper_simulation:/opt/erc_ws/install/pal_gripper:/opt/erc_ws/install/pal_gripper_description:/opt/erc_ws/install/omni_base_robot:/opt/erc_ws/install/omni_base_bringup:/opt/erc_ws/install/omni_base_description:/opt/erc_ws/install/pal_urdf_utils:/opt/erc_ws/install/pal_sea_arm_controller_configuration:/opt/erc_ws/install/pal_pro_gripper_controller_configuration:/opt/erc_ws/install/pal_gripper_controller_configuration:/opt/erc_ws/install/omni_base_controller_configuration:/opt/erc_ws/install/gz_ros2_control:/opt/erc_ws/install/erc_solution:/opt/erc_ws/install/erc_description:/opt/ros/humble CMAKE_PREFIX_PATH=/opt/erc_ws/install/pal_pro_gripper_description:/opt/erc_ws/install/pal_pro_gripper_controller_configuration:/opt/erc_ws/install/pal_urdf_utils:/opt/erc_ws/install/tiago_pro_robot:/opt/erc_ws/install/tiago_pro_head_robot:/opt/erc_ws/install/tiago_pro_bringup:/opt/erc_ws/install/tiago_pro_head_bringup:/opt/erc_ws/install/erc_bringup:/opt/erc_ws/install/tiago_pro_description:/opt/erc_ws/install/tiago_pro_head_description:/opt/erc_ws/install/tiago_pro_controller_configuration:/opt/erc_ws/install/tiago_pro_head_controller_configuration:/opt/erc_ws/install/pal_sea_arm:/opt/erc_ws/install/pal_sea_arm_bringup:/opt/erc_ws/install/pal_sea_arm_description:/opt/erc_ws/install/pal_pro_gripper_simulation:/opt/erc_ws/install/pal_pro_gripper_bringup:/opt/erc_ws/install/pal_pro_gripper:/opt/erc_ws/install/pal_gripper_simulation:/opt/erc_ws/install/pal_gripper:/opt/erc_ws/install/pal_gripper_description:/opt/erc_ws/install/omni_base_robot:/opt/erc_ws/install/omni_base_bringup:/opt/erc_ws/install/omni_base_description:/opt/erc_ws/install/pal_sea_arm_controller_configuration:/opt/erc_ws/install/pal_gripper_controller_configuration:/opt/erc_ws/install/omni_base_controller_configuration:/opt/erc_ws/install/gz_ros2_control:/opt/erc_ws/install/erc_description:/opt/erc_ws/install/sensors:/opt/erc_ws/install/pal_pro_gripper_wrapper:/opt/erc_ws/install/launch_pal:/opt/erc_ws/install/erc_solution:/opt/ros/humble PYTHONPATH=/opt/erc_ws/build/pal_pro_gripper_wrapper:/opt/erc_ws/install/pal_pro_gripper_wrapper/lib/python3.10/site-packages:/opt/erc_ws/build/launch_pal:/opt/erc_ws/install/launch_pal/lib/python3.10/site-packages:/opt/erc_ws/install/tiago_pro_description/local/lib/python3.10/dist-packages:/opt/erc_ws/install/tiago_pro_head_description/local/lib/python3.10/dist-packages:/opt/erc_ws/build/sensors:/opt/erc_ws/install/sensors/lib/python3.10/site-packages:/opt/erc_ws/install/pal_sea_arm_description/local/lib/python3.10/dist-packages:/opt/erc_ws/install/pal_pro_gripper_description/local/lib/python3.10/dist-packages:/opt/erc_ws/install/omni_base_description/local/lib/python3.10/dist-packages:/opt/erc_ws/build/erc_solution:/opt/erc_ws/install/erc_solution/lib/python3.10/site-packages:/opt/ros/humble/lib/python3.10/site-packages:/opt/ros/humble/local/lib/python3.10/dist-packages /usr/bin/cmake --build /opt/erc_ws/build/pal_pro_gripper -- -j16 -l16
[3.836s] DEBUG:colcon.colcon_core.event_handler.log_command:Invoking command in '/opt/erc_ws/build/pal_pro_gripper': AMENT_PREFIX_PATH=/opt/erc_ws/install/pal_pro_gripper_wrapper:/opt/erc_ws/install/launch_pal:/opt/erc_ws/install/tiago_pro_robot:/opt/erc_ws/install/tiago_pro_head_robot:/opt/erc_ws/install/tiago_pro_bringup:/opt/erc_ws/install/tiago_pro_head_bringup:/opt/erc_ws/install/erc_bringup:/opt/erc_ws/install/tiago_pro_description:/opt/erc_ws/install/tiago_pro_head_description:/opt/erc_ws/install/tiago_pro_controller_configuration:/opt/erc_ws/install/tiago_pro_head_controller_configuration:/opt/erc_ws/install/sensors:/opt/erc_ws/install/pal_sea_arm:/opt/erc_ws/install/pal_sea_arm_bringup:/opt/erc_ws/install/pal_sea_arm_description:/opt/erc_ws/install/pal_pro_gripper_simulation:/opt/erc_ws/install/pal_pro_gripper_bringup:/opt/erc_ws/install/pal_pro_gripper:/opt/erc_ws/install/pal_pro_gripper_description:/opt/erc_ws/install/pal_gripper_simulation:/opt/erc_ws/install/pal_gripper:/opt/erc_ws/install/pal_gripper_description:/opt/erc_ws/install/omni_base_robot:/opt/erc_ws/install/omni_base_bringup:/opt/erc_ws/install/omni_base_description:/opt/erc_ws/install/pal_urdf_utils:/opt/erc_ws/install/pal_sea_arm_controller_configuration:/opt/erc_ws/install/pal_pro_gripper_controller_configuration:/opt/erc_ws/install/pal_gripper_controller_configuration:/opt/erc_ws/install/omni_base_controller_configuration:/opt/erc_ws/install/gz_ros2_control:/opt/erc_ws/install/erc_solution:/opt/erc_ws/install/erc_description:/opt/ros/humble CMAKE_PREFIX_PATH=/opt/erc_ws/install/pal_pro_gripper_description:/opt/erc_ws/install/pal_pro_gripper_controller_configuration:/opt/erc_ws/install/pal_urdf_utils:/opt/erc_ws/install/tiago_pro_robot:/opt/erc_ws/install/tiago_pro_head_robot:/opt/erc_ws/install/tiago_pro_bringup:/opt/erc_ws/install/tiago_pro_head_bringup:/opt/erc_ws/install/erc_bringup:/opt/erc_ws/install/tiago_pro_description:/opt/erc_ws/install/tiago_pro_head_description:/opt/erc_ws/install/tiago_pro_controller_configuration:/opt/erc_ws/install/tiago_pro_head_controller_configuration:/opt/erc_ws/install/pal_sea_arm:/opt/erc_ws/install/pal_sea_arm_bringup:/opt/erc_ws/install/pal_sea_arm_description:/opt/erc_ws/install/pal_pro_gripper_simulation:/opt/erc_ws/install/pal_pro_gripper_bringup:/opt/erc_ws/install/pal_pro_gripper:/opt/erc_ws/install/pal_gripper_simulation:/opt/erc_ws/install/pal_gripper:/opt/erc_ws/install/pal_gripper_description:/opt/erc_ws/install/omni_base_robot:/opt/erc_ws/install/omni_base_bringup:/opt/erc_ws/install/omni_base_description:/opt/erc_ws/install/pal_sea_arm_controller_configuration:/opt/erc_ws/install/pal_gripper_controller_configuration:/opt/erc_ws/install/omni_base_controller_configuration:/opt/erc_ws/install/gz_ros2_control:/opt/erc_ws/install/erc_description:/opt/erc_ws/install/sensors:/opt/erc_ws/install/pal_pro_gripper_wrapper:/opt/erc_ws/install/launch_pal:/opt/erc_ws/install/erc_solution:/opt/ros/humble PYTHONPATH=/opt/erc_ws/build/pal_pro_gripper_wrapper:/opt/erc_ws/install/pal_pro_gripper_wrapper/lib/python3.10/site-packages:/opt/erc_ws/build/launch_pal:/opt/erc_ws/install/launch_pal/lib/python3.10/site-packages:/opt/erc_ws/install/tiago_pro_description/local/lib/python3.10/dist-packages:/opt/erc_ws/install/tiago_pro_head_description/local/lib/python3.10/dist-packages:/opt/erc_ws/build/sensors:/opt/erc_ws/install/sensors/lib/python3.10/site-packages:/opt/erc_ws/install/pal_sea_arm_description/local/lib/python3.10/dist-packages:/opt/erc_ws/install/pal_pro_gripper_description/local/lib/python3.10/dist-packages:/opt/erc_ws/install/omni_base_description/local/lib/python3.10/dist-packages:/opt/erc_ws/build/erc_solution:/opt/erc_ws/install/erc_solution/lib/python3.10/site-packages:/opt/ros/humble/lib/python3.10/site-packages:/opt/ros/humble/local/lib/python3.10/dist-packages /usr/bin/cmake --install /opt/erc_ws/build/pal_pro_gripper
[3.847s] DEBUG:colcon.colcon_core.event_handler.log_command:Invoked command in '/opt/erc_ws/build/pal_pro_gripper_simulation' returned '0': AMENT_PREFIX_PATH=/opt/erc_ws/install/pal_pro_gripper_wrapper:/opt/erc_ws/install/launch_pal:/opt/erc_ws/install/tiago_pro_robot:/opt/erc_ws/install/tiago_pro_head_robot:/opt/erc_ws/install/tiago_pro_bringup:/opt/erc_ws/install/tiago_pro_head_bringup:/opt/erc_ws/install/erc_bringup:/opt/erc_ws/install/tiago_pro_description:/opt/erc_ws/install/tiago_pro_head_description:/opt/erc_ws/install/tiago_pro_controller_configuration:/opt/erc_ws/install/tiago_pro_head_controller_configuration:/opt/erc_ws/install/sensors:/opt/erc_ws/install/pal_sea_arm:/opt/erc_ws/install/pal_sea_arm_bringup:/opt/erc_ws/install/pal_sea_arm_description:/opt/erc_ws/install/pal_pro_gripper_simulation:/opt/erc_ws/install/pal_pro_gripper_bringup:/opt/erc_ws/install/pal_pro_gripper:/opt/erc_ws/install/pal_pro_gripper_description:/opt/erc_ws/install/pal_gripper_simulation:/opt/erc_ws/install/pal_gripper:/opt/erc_ws/install/pal_gripper_description:/opt/erc_ws/install/omni_base_robot:/opt/erc_ws/install/omni_base_bringup:/opt/erc_ws/install/omni_base_description:/opt/erc_ws/install/pal_urdf_utils:/opt/erc_ws/install/pal_sea_arm_controller_configuration:/opt/erc_ws/install/pal_pro_gripper_controller_configuration:/opt/erc_ws/install/pal_gripper_controller_configuration:/opt/erc_ws/install/omni_base_controller_configuration:/opt/erc_ws/install/gz_ros2_control:/opt/erc_ws/install/erc_solution:/opt/erc_ws/install/erc_description:/opt/ros/humble CMAKE_PREFIX_PATH=/opt/erc_ws/install/pal_pro_gripper_description:/opt/erc_ws/install/pal_pro_gripper_controller_configuration:/opt/erc_ws/install/pal_urdf_utils:/opt/erc_ws/install/tiago_pro_robot:/opt/erc_ws/install/tiago_pro_head_robot:/opt/erc_ws/install/tiago_pro_bringup:/opt/erc_ws/install/tiago_pro_head_bringup:/opt/erc_ws/install/erc_bringup:/opt/erc_ws/install/tiago_pro_description:/opt/erc_ws/install/tiago_pro_head_description:/opt/erc_ws/install/tiago_pro_controller_configuration:/opt/erc_ws/install/tiago_pro_head_controller_configuration:/opt/erc_ws/install/pal_sea_arm:/opt/erc_ws/install/pal_sea_arm_bringup:/opt/erc_ws/install/pal_sea_arm_description:/opt/erc_ws/install/pal_pro_gripper_simulation:/opt/erc_ws/install/pal_pro_gripper_bringup:/opt/erc_ws/install/pal_pro_gripper:/opt/erc_ws/install/pal_gripper_simulation:/opt/erc_ws/install/pal_gripper:/opt/erc_ws/install/pal_gripper_description:/opt/erc_ws/install/omni_base_robot:/opt/erc_ws/install/omni_base_bringup:/opt/erc_ws/install/omni_base_description:/opt/erc_ws/install/pal_sea_arm_controller_configuration:/opt/erc_ws/install/pal_gripper_controller_configuration:/opt/erc_ws/install/omni_base_controller_configuration:/opt/erc_ws/install/gz_ros2_control:/opt/erc_ws/install/erc_description:/opt/erc_ws/install/sensors:/opt/erc_ws/install/pal_pro_gripper_wrapper:/opt/erc_ws/install/launch_pal:/opt/erc_ws/install/erc_solution:/opt/ros/humble PYTHONPATH=/opt/erc_ws/build/pal_pro_gripper_wrapper:/opt/erc_ws/install/pal_pro_gripper_wrapper/lib/python3.10/site-packages:/opt/erc_ws/build/launch_pal:/opt/erc_ws/install/launch_pal/lib/python3.10/site-packages:/opt/erc_ws/install/tiago_pro_description/local/lib/python3.10/dist-packages:/opt/erc_ws/install/tiago_pro_head_description/local/lib/python3.10/dist-packages:/opt/erc_ws/build/sensors:/opt/erc_ws/install/sensors/lib/python3.10/site-packages:/opt/erc_ws/install/pal_sea_arm_description/local/lib/python3.10/dist-packages:/opt/erc_ws/install/pal_pro_gripper_description/local/lib/python3.10/dist-packages:/opt/erc_ws/install/omni_base_description/local/lib/python3.10/dist-packages:/opt/erc_ws/build/erc_solution:/opt/erc_ws/install/erc_solution/lib/python3.10/site-packages:/opt/ros/humble/lib/python3.10/site-packages:/opt/ros/humble/local/lib/python3.10/dist-packages /usr/bin/cmake --build /opt/erc_ws/build/pal_pro_gripper_simulation -- -j16 -l16
[3.853s] DEBUG:colcon.colcon_core.event_handler.log_command:Invoking command in '/opt/erc_ws/build/pal_pro_gripper_simulation': AMENT_PREFIX_PATH=/opt/erc_ws/install/pal_pro_gripper_wrapper:/opt/erc_ws/install/launch_pal:/opt/erc_ws/install/tiago_pro_robot:/opt/erc_ws/install/tiago_pro_head_robot:/opt/erc_ws/install/tiago_pro_bringup:/opt/erc_ws/install/tiago_pro_head_bringup:/opt/erc_ws/install/erc_bringup:/opt/erc_ws/install/tiago_pro_description:/opt/erc_ws/install/tiago_pro_head_description:/opt/erc_ws/install/tiago_pro_controller_configuration:/opt/erc_ws/install/tiago_pro_head_controller_configuration:/opt/erc_ws/install/sensors:/opt/erc_ws/install/pal_sea_arm:/opt/erc_ws/install/pal_sea_arm_bringup:/opt/erc_ws/install/pal_sea_arm_description:/opt/erc_ws/install/pal_pro_gripper_simulation:/opt/erc_ws/install/pal_pro_gripper_bringup:/opt/erc_ws/install/pal_pro_gripper:/opt/erc_ws/install/pal_pro_gripper_description:/opt/erc_ws/install/pal_gripper_simulation:/opt/erc_ws/install/pal_gripper:/opt/erc_ws/install/pal_gripper_description:/opt/erc_ws/install/omni_base_robot:/opt/erc_ws/install/omni_base_bringup:/opt/erc_ws/install/omni_base_description:/opt/erc_ws/install/pal_urdf_utils:/opt/erc_ws/install/pal_sea_arm_controller_configuration:/opt/erc_ws/install/pal_pro_gripper_controller_configuration:/opt/erc_ws/install/pal_gripper_controller_configuration:/opt/erc_ws/install/omni_base_controller_configuration:/opt/erc_ws/install/gz_ros2_control:/opt/erc_ws/install/erc_solution:/opt/erc_ws/install/erc_description:/opt/ros/humble CMAKE_PREFIX_PATH=/opt/erc_ws/install/pal_pro_gripper_description:/opt/erc_ws/install/pal_pro_gripper_controller_configuration:/opt/erc_ws/install/pal_urdf_utils:/opt/erc_ws/install/tiago_pro_robot:/opt/erc_ws/install/tiago_pro_head_robot:/opt/erc_ws/install/tiago_pro_bringup:/opt/erc_ws/install/tiago_pro_head_bringup:/opt/erc_ws/install/erc_bringup:/opt/erc_ws/install/tiago_pro_description:/opt/erc_ws/install/tiago_pro_head_description:/opt/erc_ws/install/tiago_pro_controller_configuration:/opt/erc_ws/install/tiago_pro_head_controller_configuration:/opt/erc_ws/install/pal_sea_arm:/opt/erc_ws/install/pal_sea_arm_bringup:/opt/erc_ws/install/pal_sea_arm_description:/opt/erc_ws/install/pal_pro_gripper_simulation:/opt/erc_ws/install/pal_pro_gripper_bringup:/opt/erc_ws/install/pal_pro_gripper:/opt/erc_ws/install/pal_gripper_simulation:/opt/erc_ws/install/pal_gripper:/opt/erc_ws/install/pal_gripper_description:/opt/erc_ws/install/omni_base_robot:/opt/erc_ws/install/omni_base_bringup:/opt/erc_ws/install/omni_base_description:/opt/erc_ws/install/pal_sea_arm_controller_configuration:/opt/erc_ws/install/pal_gripper_controller_configuration:/opt/erc_ws/install/omni_base_controller_configuration:/opt/erc_ws/install/gz_ros2_control:/opt/erc_ws/install/erc_description:/opt/erc_ws/install/sensors:/opt/erc_ws/install/pal_pro_gripper_wrapper:/opt/erc_ws/install/launch_pal:/opt/erc_ws/install/erc_solution:/opt/ros/humble PYTHONPATH=/opt/erc_ws/build/pal_pro_gripper_wrapper:/opt/erc_ws/install/pal_pro_gripper_wrapper/lib/python3.10/site-packages:/opt/erc_ws/build/launch_pal:/opt/erc_ws/install/launch_pal/lib/python3.10/site-packages:/opt/erc_ws/install/tiago_pro_description/local/lib/python3.10/dist-packages:/opt/erc_ws/install/tiago_pro_head_description/local/lib/python3.10/dist-packages:/opt/erc_ws/build/sensors:/opt/erc_ws/install/sensors/lib/python3.10/site-packages:/opt/erc_ws/install/pal_sea_arm_description/local/lib/python3.10/dist-packages:/opt/erc_ws/install/pal_pro_gripper_description/local/lib/python3.10/dist-packages:/opt/erc_ws/install/omni_base_description/local/lib/python3.10/dist-packages:/opt/erc_ws/build/erc_solution:/opt/erc_ws/install/erc_solution/lib/python3.10/site-packages:/opt/ros/humble/lib/python3.10/site-packages:/opt/ros/humble/local/lib/python3.10/dist-packages /usr/bin/cmake --install /opt/erc_ws/build/pal_pro_gripper_simulation
[3.853s] DEBUG:colcon.colcon_core.event_handler.log_command:Invoked command in '/opt/erc_ws/build/pal_pro_gripper_bringup' returned '0': AMENT_PREFIX_PATH=/opt/erc_ws/install/pal_pro_gripper_wrapper:/opt/erc_ws/install/launch_pal:/opt/erc_ws/install/tiago_pro_robot:/opt/erc_ws/install/tiago_pro_head_robot:/opt/erc_ws/install/tiago_pro_bringup:/opt/erc_ws/install/tiago_pro_head_bringup:/opt/erc_ws/install/erc_bringup:/opt/erc_ws/install/tiago_pro_description:/opt/erc_ws/install/tiago_pro_head_description:/opt/erc_ws/install/tiago_pro_controller_configuration:/opt/erc_ws/install/tiago_pro_head_controller_configuration:/opt/erc_ws/install/sensors:/opt/erc_ws/install/pal_sea_arm:/opt/erc_ws/install/pal_sea_arm_bringup:/opt/erc_ws/install/pal_sea_arm_description:/opt/erc_ws/install/pal_pro_gripper_simulation:/opt/erc_ws/install/pal_pro_gripper_bringup:/opt/erc_ws/install/pal_pro_gripper:/opt/erc_ws/install/pal_pro_gripper_description:/opt/erc_ws/install/pal_gripper_simulation:/opt/erc_ws/install/pal_gripper:/opt/erc_ws/install/pal_gripper_description:/opt/erc_ws/install/omni_base_robot:/opt/erc_ws/install/omni_base_bringup:/opt/erc_ws/install/omni_base_description:/opt/erc_ws/install/pal_urdf_utils:/opt/erc_ws/install/pal_sea_arm_controller_configuration:/opt/erc_ws/install/pal_pro_gripper_controller_configuration:/opt/erc_ws/install/pal_gripper_controller_configuration:/opt/erc_ws/install/omni_base_controller_configuration:/opt/erc_ws/install/gz_ros2_control:/opt/erc_ws/install/erc_solution:/opt/erc_ws/install/erc_description:/opt/ros/humble CMAKE_PREFIX_PATH=/opt/erc_ws/install/pal_pro_gripper_description:/opt/erc_ws/install/pal_pro_gripper_controller_configuration:/opt/erc_ws/install/pal_urdf_utils:/opt/erc_ws/install/tiago_pro_robot:/opt/erc_ws/install/tiago_pro_head_robot:/opt/erc_ws/install/tiago_pro_bringup:/opt/erc_ws/install/tiago_pro_head_bringup:/opt/erc_ws/install/erc_bringup:/opt/erc_ws/install/tiago_pro_description:/opt/erc_ws/install/tiago_pro_head_description:/opt/erc_ws/install/tiago_pro_controller_configuration:/opt/erc_ws/install/tiago_pro_head_controller_configuration:/opt/erc_ws/install/pal_sea_arm:/opt/erc_ws/install/pal_sea_arm_bringup:/opt/erc_ws/install/pal_sea_arm_description:/opt/erc_ws/install/pal_pro_gripper_simulation:/opt/erc_ws/install/pal_pro_gripper_bringup:/opt/erc_ws/install/pal_pro_gripper:/opt/erc_ws/install/pal_gripper_simulation:/opt/erc_ws/install/pal_gripper:/opt/erc_ws/install/pal_gripper_description:/opt/erc_ws/install/omni_base_robot:/opt/erc_ws/install/omni_base_bringup:/opt/erc_ws/install/omni_base_description:/opt/erc_ws/install/pal_sea_arm_controller_configuration:/opt/erc_ws/install/pal_gripper_controller_configuration:/opt/erc_ws/install/omni_base_controller_configuration:/opt/erc_ws/install/gz_ros2_control:/opt/erc_ws/install/erc_description:/opt/erc_ws/install/sensors:/opt/erc_ws/install/pal_pro_gripper_wrapper:/opt/erc_ws/install/launch_pal:/opt/erc_ws/install/erc_solution:/opt/ros/humble PYTHONPATH=/opt/erc_ws/build/pal_pro_gripper_wrapper:/opt/erc_ws/install/pal_pro_gripper_wrapper/lib/python3.10/site-packages:/opt/erc_ws/build/launch_pal:/opt/erc_ws/install/launch_pal/lib/python3.10/site-packages:/opt/erc_ws/install/tiago_pro_description/local/lib/python3.10/dist-packages:/opt/erc_ws/install/tiago_pro_head_description/local/lib/python3.10/dist-packages:/opt/erc_ws/build/sensors:/opt/erc_ws/install/sensors/lib/python3.10/site-packages:/opt/erc_ws/install/pal_sea_arm_description/local/lib/python3.10/dist-packages:/opt/erc_ws/install/pal_pro_gripper_description/local/lib/python3.10/dist-packages:/opt/erc_ws/install/omni_base_description/local/lib/python3.10/dist-packages:/opt/erc_ws/build/erc_solution:/opt/erc_ws/install/erc_solution/lib/python3.10/site-packages:/opt/ros/humble/lib/python3.10/site-packages:/opt/ros/humble/local/lib/python3.10/dist-packages /usr/bin/cmake --build /opt/erc_ws/build/pal_pro_gripper_bringup -- -j16 -l16
[3.854s] DEBUG:colcon.colcon_core.event_handler.log_command:Invoking command in '/opt/erc_ws/build/pal_pro_gripper_bringup': AMENT_PREFIX_PATH=/opt/erc_ws/install/pal_pro_gripper_wrapper:/opt/erc_ws/install/launch_pal:/opt/erc_ws/install/tiago_pro_robot:/opt/erc_ws/install/tiago_pro_head_robot:/opt/erc_ws/install/tiago_pro_bringup:/opt/erc_ws/install/tiago_pro_head_bringup:/opt/erc_ws/install/erc_bringup:/opt/erc_ws/install/tiago_pro_description:/opt/erc_ws/install/tiago_pro_head_description:/opt/erc_ws/install/tiago_pro_controller_configuration:/opt/erc_ws/install/tiago_pro_head_controller_configuration:/opt/erc_ws/install/sensors:/opt/erc_ws/install/pal_sea_arm:/opt/erc_ws/install/pal_sea_arm_bringup:/opt/erc_ws/install/pal_sea_arm_description:/opt/erc_ws/install/pal_pro_gripper_simulation:/opt/erc_ws/install/pal_pro_gripper_bringup:/opt/erc_ws/install/pal_pro_gripper:/opt/erc_ws/install/pal_pro_gripper_description:/opt/erc_ws/install/pal_gripper_simulation:/opt/erc_ws/install/pal_gripper:/opt/erc_ws/install/pal_gripper_description:/opt/erc_ws/install/omni_base_robot:/opt/erc_ws/install/omni_base_bringup:/opt/erc_ws/install/omni_base_description:/opt/erc_ws/install/pal_urdf_utils:/opt/erc_ws/install/pal_sea_arm_controller_configuration:/opt/erc_ws/install/pal_pro_gripper_controller_configuration:/opt/erc_ws/install/pal_gripper_controller_configuration:/opt/erc_ws/install/omni_base_controller_configuration:/opt/erc_ws/install/gz_ros2_control:/opt/erc_ws/install/erc_solution:/opt/erc_ws/install/erc_description:/opt/ros/humble CMAKE_PREFIX_PATH=/opt/erc_ws/install/pal_pro_gripper_description:/opt/erc_ws/install/pal_pro_gripper_controller_configuration:/opt/erc_ws/install/pal_urdf_utils:/opt/erc_ws/install/tiago_pro_robot:/opt/erc_ws/install/tiago_pro_head_robot:/opt/erc_ws/install/tiago_pro_bringup:/opt/erc_ws/install/tiago_pro_head_bringup:/opt/erc_ws/install/erc_bringup:/opt/erc_ws/install/tiago_pro_description:/opt/erc_ws/install/tiago_pro_head_description:/opt/erc_ws/install/tiago_pro_controller_configuration:/opt/erc_ws/install/tiago_pro_head_controller_configuration:/opt/erc_ws/install/pal_sea_arm:/opt/erc_ws/install/pal_sea_arm_bringup:/opt/erc_ws/install/pal_sea_arm_description:/opt/erc_ws/install/pal_pro_gripper_simulation:/opt/erc_ws/install/pal_pro_gripper_bringup:/opt/erc_ws/install/pal_pro_gripper:/opt/erc_ws/install/pal_gripper_simulation:/opt/erc_ws/install/pal_gripper:/opt/erc_ws/install/pal_gripper_description:/opt/erc_ws/install/omni_base_robot:/opt/erc_ws/install/omni_base_bringup:/opt/erc_ws/install/omni_base_description:/opt/erc_ws/install/pal_sea_arm_controller_configuration:/opt/erc_ws/install/pal_gripper_controller_configuration:/opt/erc_ws/install/omni_base_controller_configuration:/opt/erc_ws/install/gz_ros2_control:/opt/erc_ws/install/erc_description:/opt/erc_ws/install/sensors:/opt/erc_ws/install/pal_pro_gripper_wrapper:/opt/erc_ws/install/launch_pal:/opt/erc_ws/install/erc_solution:/opt/ros/humble PYTHONPATH=/opt/erc_ws/build/pal_pro_gripper_wrapper:/opt/erc_ws/install/pal_pro_gripper_wrapper/lib/python3.10/site-packages:/opt/erc_ws/build/launch_pal:/opt/erc_ws/install/launch_pal/lib/python3.10/site-packages:/opt/erc_ws/install/tiago_pro_description/local/lib/python3.10/dist-packages:/opt/erc_ws/install/tiago_pro_head_description/local/lib/python3.10/dist-packages:/opt/erc_ws/build/sensors:/opt/erc_ws/install/sensors/lib/python3.10/site-packages:/opt/erc_ws/install/pal_sea_arm_description/local/lib/python3.10/dist-packages:/opt/erc_ws/install/pal_pro_gripper_description/local/lib/python3.10/dist-packages:/opt/erc_ws/install/omni_base_description/local/lib/python3.10/dist-packages:/opt/erc_ws/build/erc_solution:/opt/erc_ws/install/erc_solution/lib/python3.10/site-packages:/opt/ros/humble/lib/python3.10/site-packages:/opt/ros/humble/local/lib/python3.10/dist-packages /usr/bin/cmake --install /opt/erc_ws/build/pal_pro_gripper_bringup
[3.855s] Level 1:colcon.colcon_core.environment:create_environment_scripts_only(pal_sea_arm_controller_configuration)
[3.856s] Level 1:colcon.colcon_core.environment:checking '/opt/erc_ws/install/pal_sea_arm_controller_configuration' for CMake module files
[3.860s] DEBUG:colcon.colcon_core.event_handler.log_command:Invoked command in '/opt/erc_ws/build/pal_sea_arm_controller_configuration' returned '0': AMENT_PREFIX_PATH=/opt/erc_ws/install/pal_pro_gripper_wrapper:/opt/erc_ws/install/launch_pal:/opt/erc_ws/install/tiago_pro_robot:/opt/erc_ws/install/tiago_pro_head_robot:/opt/erc_ws/install/tiago_pro_bringup:/opt/erc_ws/install/tiago_pro_head_bringup:/opt/erc_ws/install/erc_bringup:/opt/erc_ws/install/tiago_pro_description:/opt/erc_ws/install/tiago_pro_head_description:/opt/erc_ws/install/tiago_pro_controller_configuration:/opt/erc_ws/install/tiago_pro_head_controller_configuration:/opt/erc_ws/install/sensors:/opt/erc_ws/install/pal_sea_arm:/opt/erc_ws/install/pal_sea_arm_bringup:/opt/erc_ws/install/pal_sea_arm_description:/opt/erc_ws/install/pal_pro_gripper_simulation:/opt/erc_ws/install/pal_pro_gripper_bringup:/opt/erc_ws/install/pal_pro_gripper:/opt/erc_ws/install/pal_pro_gripper_description:/opt/erc_ws/install/pal_gripper_simulation:/opt/erc_ws/install/pal_gripper:/opt/erc_ws/install/pal_gripper_description:/opt/erc_ws/install/omni_base_robot:/opt/erc_ws/install/omni_base_bringup:/opt/erc_ws/install/omni_base_description:/opt/erc_ws/install/pal_urdf_utils:/opt/erc_ws/install/pal_sea_arm_controller_configuration:/opt/erc_ws/install/pal_pro_gripper_controller_configuration:/opt/erc_ws/install/pal_gripper_controller_configuration:/opt/erc_ws/install/omni_base_controller_configuration:/opt/erc_ws/install/gz_ros2_control:/opt/erc_ws/install/erc_solution:/opt/erc_ws/install/erc_description:/opt/ros/humble CMAKE_PREFIX_PATH=/opt/erc_ws/install/pal_pro_gripper_controller_configuration:/opt/erc_ws/install/tiago_pro_robot:/opt/erc_ws/install/tiago_pro_head_robot:/opt/erc_ws/install/tiago_pro_bringup:/opt/erc_ws/install/tiago_pro_head_bringup:/opt/erc_ws/install/erc_bringup:/opt/erc_ws/install/tiago_pro_description:/opt/erc_ws/install/tiago_pro_head_description:/opt/erc_ws/install/tiago_pro_controller_configuration:/opt/erc_ws/install/tiago_pro_head_controller_configuration:/opt/erc_ws/install/pal_sea_arm:/opt/erc_ws/install/pal_sea_arm_bringup:/opt/erc_ws/install/pal_sea_arm_description:/opt/erc_ws/install/pal_pro_gripper_simulation:/opt/erc_ws/install/pal_pro_gripper_bringup:/opt/erc_ws/install/pal_pro_gripper:/opt/erc_ws/install/pal_pro_gripper_description:/opt/erc_ws/install/pal_gripper_simulation:/opt/erc_ws/install/pal_gripper:/opt/erc_ws/install/pal_gripper_description:/opt/erc_ws/install/omni_base_robot:/opt/erc_ws/install/omni_base_bringup:/opt/erc_ws/install/omni_base_description:/opt/erc_ws/install/pal_urdf_utils:/opt/erc_ws/install/pal_sea_arm_controller_configuration:/opt/erc_ws/install/pal_gripper_controller_configuration:/opt/erc_ws/install/omni_base_controller_configuration:/opt/erc_ws/install/gz_ros2_control:/opt/erc_ws/install/erc_description:/opt/erc_ws/install/sensors:/opt/erc_ws/install/pal_pro_gripper_wrapper:/opt/erc_ws/install/launch_pal:/opt/erc_ws/install/erc_solution:/opt/ros/humble PYTHONPATH=/opt/erc_ws/build/pal_pro_gripper_wrapper:/opt/erc_ws/install/pal_pro_gripper_wrapper/lib/python3.10/site-packages:/opt/erc_ws/build/launch_pal:/opt/erc_ws/install/launch_pal/lib/python3.10/site-packages:/opt/erc_ws/install/tiago_pro_description/local/lib/python3.10/dist-packages:/opt/erc_ws/install/tiago_pro_head_description/local/lib/python3.10/dist-packages:/opt/erc_ws/build/sensors:/opt/erc_ws/install/sensors/lib/python3.10/site-packages:/opt/erc_ws/install/pal_sea_arm_description/local/lib/python3.10/dist-packages:/opt/erc_ws/install/pal_pro_gripper_description/local/lib/python3.10/dist-packages:/opt/erc_ws/install/omni_base_description/local/lib/python3.10/dist-packages:/opt/erc_ws/build/erc_solution:/opt/erc_ws/install/erc_solution/lib/python3.10/site-packages:/opt/ros/humble/lib/python3.10/site-packages:/opt/ros/humble/local/lib/python3.10/dist-packages /usr/bin/cmake --install /opt/erc_ws/build/pal_sea_arm_controller_configuration
[3.866s] Level 1:colcon.colcon_core.environment:checking '/opt/erc_ws/install/pal_sea_arm_controller_configuration' for CMake config files
[3.867s] Level 1:colcon.colcon_core.shell:create_environment_hook('pal_sea_arm_controller_configuration', 'cmake_prefix_path')
[3.867s] INFO:colcon.colcon_core.shell:Creating environment hook '/opt/erc_ws/install/pal_sea_arm_controller_configuration/share/pal_sea_arm_controller_configuration/hook/cmake_prefix_path.ps1'
[3.870s] INFO:colcon.colcon_core.shell:Creating environment descriptor '/opt/erc_ws/install/pal_sea_arm_controller_configuration/share/pal_sea_arm_controller_configuration/hook/cmake_prefix_path.dsv'
[3.871s] INFO:colcon.colcon_core.shell:Creating environment hook '/opt/erc_ws/install/pal_sea_arm_controller_configuration/share/pal_sea_arm_controller_configuration/hook/cmake_prefix_path.sh'
[3.872s] Level 1:colcon.colcon_core.environment:checking '/opt/erc_ws/install/pal_sea_arm_controller_configuration/bin'
[3.872s] Level 1:colcon.colcon_core.environment:checking '/opt/erc_ws/install/pal_sea_arm_controller_configuration/lib/pkgconfig/pal_sea_arm_controller_configuration.pc'
[3.872s] Level 1:colcon.colcon_core.environment:checking '/opt/erc_ws/install/pal_sea_arm_controller_configuration/lib/python3.10/site-packages'
[3.873s] Level 1:colcon.colcon_core.environment:checking '/opt/erc_ws/install/pal_sea_arm_controller_configuration/bin'
[3.874s] INFO:colcon.colcon_core.shell:Creating package script '/opt/erc_ws/install/pal_sea_arm_controller_configuration/share/pal_sea_arm_controller_configuration/package.ps1'
[3.875s] INFO:colcon.colcon_core.shell:Creating package descriptor '/opt/erc_ws/install/pal_sea_arm_controller_configuration/share/pal_sea_arm_controller_configuration/package.dsv'
[3.876s] INFO:colcon.colcon_core.shell:Creating package script '/opt/erc_ws/install/pal_sea_arm_controller_configuration/share/pal_sea_arm_controller_configuration/package.sh'
[3.880s] INFO:colcon.colcon_core.shell:Creating package script '/opt/erc_ws/install/pal_sea_arm_controller_configuration/share/pal_sea_arm_controller_configuration/package.bash'
[3.880s] INFO:colcon.colcon_core.shell:Creating package script '/opt/erc_ws/install/pal_sea_arm_controller_configuration/share/pal_sea_arm_controller_configuration/package.zsh'
[3.881s] Level 1:colcon.colcon_core.environment:create_file_with_runtime_dependencies(/opt/erc_ws/install/pal_sea_arm_controller_configuration/share/colcon-core/packages/pal_sea_arm_controller_configuration)
[3.890s] Level 1:colcon.colcon_core.environment:create_environment_scripts_only(pal_sea_arm_controller_configuration)
[3.890s] Level 1:colcon.colcon_core.environment:checking '/opt/erc_ws/install/pal_sea_arm_controller_configuration' for CMake module files
[3.890s] Level 1:colcon.colcon_core.environment:checking '/opt/erc_ws/install/pal_sea_arm_controller_configuration' for CMake config files
[3.891s] Level 1:colcon.colcon_core.shell:create_environment_hook('pal_sea_arm_controller_configuration', 'cmake_prefix_path')
[3.891s] INFO:colcon.colcon_core.shell:Creating environment hook '/opt/erc_ws/install/pal_sea_arm_controller_configuration/share/pal_sea_arm_controller_configuration/hook/cmake_prefix_path.ps1'
[3.892s] INFO:colcon.colcon_core.shell:Creating environment descriptor '/opt/erc_ws/install/pal_sea_arm_controller_configuration/share/pal_sea_arm_controller_configuration/hook/cmake_prefix_path.dsv'
[3.892s] INFO:colcon.colcon_core.shell:Creating environment hook '/opt/erc_ws/install/pal_sea_arm_controller_configuration/share/pal_sea_arm_controller_configuration/hook/cmake_prefix_path.sh'
[3.893s] Level 1:colcon.colcon_core.environment:checking '/opt/erc_ws/install/pal_sea_arm_controller_configuration/bin'
[3.893s] Level 1:colcon.colcon_core.environment:checking '/opt/erc_ws/install/pal_sea_arm_controller_configuration/lib/pkgconfig/pal_sea_arm_controller_configuration.pc'
[3.894s] Level 1:colcon.colcon_core.environment:checking '/opt/erc_ws/install/pal_sea_arm_controller_configuration/lib/python3.10/site-packages'
[3.894s] Level 1:colcon.colcon_core.environment:checking '/opt/erc_ws/install/pal_sea_arm_controller_configuration/bin'
[3.894s] INFO:colcon.colcon_core.shell:Creating package script '/opt/erc_ws/install/pal_sea_arm_controller_configuration/share/pal_sea_arm_controller_configuration/package.ps1'
[3.895s] INFO:colcon.colcon_core.shell:Creating package descriptor '/opt/erc_ws/install/pal_sea_arm_controller_configuration/share/pal_sea_arm_controller_configuration/package.dsv'
[3.896s] INFO:colcon.colcon_core.shell:Creating package script '/opt/erc_ws/install/pal_sea_arm_controller_configuration/share/pal_sea_arm_controller_configuration/package.sh'
[3.896s] INFO:colcon.colcon_core.shell:Creating package script '/opt/erc_ws/install/pal_sea_arm_controller_configuration/share/pal_sea_arm_controller_configuration/package.bash'
[3.896s] INFO:colcon.colcon_core.shell:Creating package script '/opt/erc_ws/install/pal_sea_arm_controller_configuration/share/pal_sea_arm_controller_configuration/package.zsh'
[3.901s] Level 1:colcon.colcon_core.environment:create_file_with_runtime_dependencies(/opt/erc_ws/install/pal_sea_arm_controller_configuration/share/colcon-core/packages/pal_sea_arm_controller_configuration)
[3.902s] INFO:colcon.colcon_ros.task.ament_cmake.build:Building ROS package in '/opt/erc_ws/src/pal_sea_arm/pal_sea_arm_description' with build type 'ament_cmake'
[3.903s] INFO:colcon.colcon_cmake.task.cmake.build:Building CMake package in '/opt/erc_ws/src/pal_sea_arm/pal_sea_arm_description'
[3.903s] INFO:colcon.colcon_core.shell:Skip shell extension 'powershell' for command environment: Not usable outside of PowerShell
[3.903s] DEBUG:colcon.colcon_core.shell:Skip shell extension 'dsv' for command environment
[3.914s] INFO:colcon.colcon_ros.task.ament_cmake.build:Building ROS package in '/opt/erc_ws/src/tiago_pro_robot/tiago_pro_controller_configuration' with build type 'ament_cmake'
[3.914s] INFO:colcon.colcon_cmake.task.cmake.build:Building CMake package in '/opt/erc_ws/src/tiago_pro_robot/tiago_pro_controller_configuration'
[3.915s] INFO:colcon.colcon_core.shell:Skip shell extension 'powershell' for command environment: Not usable outside of PowerShell
[3.915s] DEBUG:colcon.colcon_core.shell:Skip shell extension 'dsv' for command environment
[3.932s] Level 1:colcon.colcon_core.environment:create_environment_scripts_only(pal_pro_gripper)
[3.932s] DEBUG:colcon.colcon_core.event_handler.log_command:Invoked command in '/opt/erc_ws/build/pal_pro_gripper' returned '0': AMENT_PREFIX_PATH=/opt/erc_ws/install/pal_pro_gripper_wrapper:/opt/erc_ws/install/launch_pal:/opt/erc_ws/install/tiago_pro_robot:/opt/erc_ws/install/tiago_pro_head_robot:/opt/erc_ws/install/tiago_pro_bringup:/opt/erc_ws/install/tiago_pro_head_bringup:/opt/erc_ws/install/erc_bringup:/opt/erc_ws/install/tiago_pro_description:/opt/erc_ws/install/tiago_pro_head_description:/opt/erc_ws/install/tiago_pro_controller_configuration:/opt/erc_ws/install/tiago_pro_head_controller_configuration:/opt/erc_ws/install/sensors:/opt/erc_ws/install/pal_sea_arm:/opt/erc_ws/install/pal_sea_arm_bringup:/opt/erc_ws/install/pal_sea_arm_description:/opt/erc_ws/install/pal_pro_gripper_simulation:/opt/erc_ws/install/pal_pro_gripper_bringup:/opt/erc_ws/install/pal_pro_gripper:/opt/erc_ws/install/pal_pro_gripper_description:/opt/erc_ws/install/pal_gripper_simulation:/opt/erc_ws/install/pal_gripper:/opt/erc_ws/install/pal_gripper_description:/opt/erc_ws/install/omni_base_robot:/opt/erc_ws/install/omni_base_bringup:/opt/erc_ws/install/omni_base_description:/opt/erc_ws/install/pal_urdf_utils:/opt/erc_ws/install/pal_sea_arm_controller_configuration:/opt/erc_ws/install/pal_pro_gripper_controller_configuration:/opt/erc_ws/install/pal_gripper_controller_configuration:/opt/erc_ws/install/omni_base_controller_configuration:/opt/erc_ws/install/gz_ros2_control:/opt/erc_ws/install/erc_solution:/opt/erc_ws/install/erc_description:/opt/ros/humble CMAKE_PREFIX_PATH=/opt/erc_ws/install/pal_pro_gripper_description:/opt/erc_ws/install/pal_pro_gripper_controller_configuration:/opt/erc_ws/install/pal_urdf_utils:/opt/erc_ws/install/tiago_pro_robot:/opt/erc_ws/install/tiago_pro_head_robot:/opt/erc_ws/install/tiago_pro_bringup:/opt/erc_ws/install/tiago_pro_head_bringup:/opt/erc_ws/install/erc_bringup:/opt/erc_ws/install/tiago_pro_description:/opt/erc_ws/install/tiago_pro_head_description:/opt/erc_ws/install/tiago_pro_controller_configuration:/opt/erc_ws/install/tiago_pro_head_controller_configuration:/opt/erc_ws/install/pal_sea_arm:/opt/erc_ws/install/pal_sea_arm_bringup:/opt/erc_ws/install/pal_sea_arm_description:/opt/erc_ws/install/pal_pro_gripper_simulation:/opt/erc_ws/install/pal_pro_gripper_bringup:/opt/erc_ws/install/pal_pro_gripper:/opt/erc_ws/install/pal_gripper_simulation:/opt/erc_ws/install/pal_gripper:/opt/erc_ws/install/pal_gripper_description:/opt/erc_ws/install/omni_base_robot:/opt/erc_ws/install/omni_base_bringup:/opt/erc_ws/install/omni_base_description:/opt/erc_ws/install/pal_sea_arm_controller_configuration:/opt/erc_ws/install/pal_gripper_controller_configuration:/opt/erc_ws/install/omni_base_controller_configuration:/opt/erc_ws/install/gz_ros2_control:/opt/erc_ws/install/erc_description:/opt/erc_ws/install/sensors:/opt/erc_ws/install/pal_pro_gripper_wrapper:/opt/erc_ws/install/launch_pal:/opt/erc_ws/install/erc_solution:/opt/ros/humble PYTHONPATH=/opt/erc_ws/build/pal_pro_gripper_wrapper:/opt/erc_ws/install/pal_pro_gripper_wrapper/lib/python3.10/site-packages:/opt/erc_ws/build/launch_pal:/opt/erc_ws/install/launch_pal/lib/python3.10/site-packages:/opt/erc_ws/install/tiago_pro_description/local/lib/python3.10/dist-packages:/opt/erc_ws/install/tiago_pro_head_description/local/lib/python3.10/dist-packages:/opt/erc_ws/build/sensors:/opt/erc_ws/install/sensors/lib/python3.10/site-packages:/opt/erc_ws/install/pal_sea_arm_description/local/lib/python3.10/dist-packages:/opt/erc_ws/install/pal_pro_gripper_description/local/lib/python3.10/dist-packages:/opt/erc_ws/install/omni_base_description/local/lib/python3.10/dist-packages:/opt/erc_ws/build/erc_solution:/opt/erc_ws/install/erc_solution/lib/python3.10/site-packages:/opt/ros/humble/lib/python3.10/site-packages:/opt/ros/humble/local/lib/python3.10/dist-packages /usr/bin/cmake --install /opt/erc_ws/build/pal_pro_gripper
[3.932s] Level 1:colcon.colcon_core.environment:checking '/opt/erc_ws/install/pal_pro_gripper' for CMake module files
[3.933s] Level 1:colcon.colcon_core.environment:checking '/opt/erc_ws/install/pal_pro_gripper' for CMake config files
[3.935s] Level 1:colcon.colcon_core.shell:create_environment_hook('pal_pro_gripper', 'cmake_prefix_path')
[3.935s] INFO:colcon.colcon_core.shell:Creating environment hook '/opt/erc_ws/install/pal_pro_gripper/share/pal_pro_gripper/hook/cmake_prefix_path.ps1'
[3.936s] INFO:colcon.colcon_core.shell:Creating environment descriptor '/opt/erc_ws/install/pal_pro_gripper/share/pal_pro_gripper/hook/cmake_prefix_path.dsv'
[3.936s] INFO:colcon.colcon_core.shell:Creating environment hook '/opt/erc_ws/install/pal_pro_gripper/share/pal_pro_gripper/hook/cmake_prefix_path.sh'
[3.937s] Level 1:colcon.colcon_core.environment:checking '/opt/erc_ws/install/pal_pro_gripper/bin'
[3.937s] Level 1:colcon.colcon_core.environment:checking '/opt/erc_ws/install/pal_pro_gripper/lib/pkgconfig/pal_pro_gripper.pc'
[3.938s] Level 1:colcon.colcon_core.environment:checking '/opt/erc_ws/install/pal_pro_gripper/lib/python3.10/site-packages'
[3.938s] Level 1:colcon.colcon_core.environment:checking '/opt/erc_ws/install/pal_pro_gripper/bin'
[3.938s] INFO:colcon.colcon_core.shell:Creating package script '/opt/erc_ws/install/pal_pro_gripper/share/pal_pro_gripper/package.ps1'
[3.939s] INFO:colcon.colcon_core.shell:Creating package descriptor '/opt/erc_ws/install/pal_pro_gripper/share/pal_pro_gripper/package.dsv'
[3.939s] INFO:colcon.colcon_core.shell:Creating package script '/opt/erc_ws/install/pal_pro_gripper/share/pal_pro_gripper/package.sh'
[3.940s] INFO:colcon.colcon_core.shell:Creating package script '/opt/erc_ws/install/pal_pro_gripper/share/pal_pro_gripper/package.bash'
[3.940s] INFO:colcon.colcon_core.shell:Creating package script '/opt/erc_ws/install/pal_pro_gripper/share/pal_pro_gripper/package.zsh'
[3.941s] Level 1:colcon.colcon_core.environment:create_file_with_runtime_dependencies(/opt/erc_ws/install/pal_pro_gripper/share/colcon-core/packages/pal_pro_gripper)
[3.942s] Level 1:colcon.colcon_core.environment:create_environment_scripts_only(pal_pro_gripper)
[3.942s] Level 1:colcon.colcon_core.environment:checking '/opt/erc_ws/install/pal_pro_gripper' for CMake module files
[3.942s] Level 1:colcon.colcon_core.environment:checking '/opt/erc_ws/install/pal_pro_gripper' for CMake config files
[3.943s] Level 1:colcon.colcon_core.shell:create_environment_hook('pal_pro_gripper', 'cmake_prefix_path')
[3.943s] INFO:colcon.colcon_core.shell:Creating environment hook '/opt/erc_ws/install/pal_pro_gripper/share/pal_pro_gripper/hook/cmake_prefix_path.ps1'
[3.944s] INFO:colcon.colcon_core.shell:Creating environment descriptor '/opt/erc_ws/install/pal_pro_gripper/share/pal_pro_gripper/hook/cmake_prefix_path.dsv'
[3.944s] INFO:colcon.colcon_core.shell:Creating environment hook '/opt/erc_ws/install/pal_pro_gripper/share/pal_pro_gripper/hook/cmake_prefix_path.sh'
[3.945s] Level 1:colcon.colcon_core.environment:checking '/opt/erc_ws/install/pal_pro_gripper/bin'
[3.945s] Level 1:colcon.colcon_core.environment:checking '/opt/erc_ws/install/pal_pro_gripper/lib/pkgconfig/pal_pro_gripper.pc'
[3.945s] Level 1:colcon.colcon_core.environment:checking '/opt/erc_ws/install/pal_pro_gripper/lib/python3.10/site-packages'
[3.945s] Level 1:colcon.colcon_core.environment:checking '/opt/erc_ws/install/pal_pro_gripper/bin'
[3.946s] INFO:colcon.colcon_core.shell:Creating package script '/opt/erc_ws/install/pal_pro_gripper/share/pal_pro_gripper/package.ps1'
[3.947s] INFO:colcon.colcon_core.shell:Creating package descriptor '/opt/erc_ws/install/pal_pro_gripper/share/pal_pro_gripper/package.dsv'
[3.947s] INFO:colcon.colcon_core.shell:Creating package script '/opt/erc_ws/install/pal_pro_gripper/share/pal_pro_gripper/package.sh'
[3.948s] INFO:colcon.colcon_core.shell:Creating package script '/opt/erc_ws/install/pal_pro_gripper/share/pal_pro_gripper/package.bash'
[3.948s] INFO:colcon.colcon_core.shell:Creating package script '/opt/erc_ws/install/pal_pro_gripper/share/pal_pro_gripper/package.zsh'
[3.949s] Level 1:colcon.colcon_core.environment:create_file_with_runtime_dependencies(/opt/erc_ws/install/pal_pro_gripper/share/colcon-core/packages/pal_pro_gripper)
[3.949s] Level 1:colcon.colcon_core.environment:create_environment_scripts_only(pal_pro_gripper_bringup)
[3.950s] Level 1:colcon.colcon_core.environment:checking '/opt/erc_ws/install/pal_pro_gripper_bringup' for CMake module files
[3.952s] Level 1:colcon.colcon_core.environment:checking '/opt/erc_ws/install/pal_pro_gripper_bringup' for CMake config files
[3.953s] Level 1:colcon.colcon_core.shell:create_environment_hook('pal_pro_gripper_bringup', 'cmake_prefix_path')
[3.953s] INFO:colcon.colcon_core.shell:Creating environment hook '/opt/erc_ws/install/pal_pro_gripper_bringup/share/pal_pro_gripper_bringup/hook/cmake_prefix_path.ps1'
[3.954s] INFO:colcon.colcon_core.shell:Creating environment descriptor '/opt/erc_ws/install/pal_pro_gripper_bringup/share/pal_pro_gripper_bringup/hook/cmake_prefix_path.dsv'
[3.955s] INFO:colcon.colcon_core.shell:Creating environment hook '/opt/erc_ws/install/pal_pro_gripper_bringup/share/pal_pro_gripper_bringup/hook/cmake_prefix_path.sh'
[3.955s] Level 1:colcon.colcon_core.environment:checking '/opt/erc_ws/install/pal_pro_gripper_bringup/bin'
[3.955s] Level 1:colcon.colcon_core.environment:checking '/opt/erc_ws/install/pal_pro_gripper_bringup/lib/pkgconfig/pal_pro_gripper_bringup.pc'
[3.956s] Level 1:colcon.colcon_core.environment:checking '/opt/erc_ws/install/pal_pro_gripper_bringup/lib/python3.10/site-packages'
[3.956s] Level 1:colcon.colcon_core.environment:checking '/opt/erc_ws/install/pal_pro_gripper_bringup/bin'
[3.957s] INFO:colcon.colcon_core.shell:Creating package script '/opt/erc_ws/install/pal_pro_gripper_bringup/share/pal_pro_gripper_bringup/package.ps1'
[3.957s] DEBUG:colcon.colcon_core.event_handler.log_command:Invoked command in '/opt/erc_ws/build/pal_pro_gripper_bringup' returned '0': AMENT_PREFIX_PATH=/opt/erc_ws/install/pal_pro_gripper_wrapper:/opt/erc_ws/install/launch_pal:/opt/erc_ws/install/tiago_pro_robot:/opt/erc_ws/install/tiago_pro_head_robot:/opt/erc_ws/install/tiago_pro_bringup:/opt/erc_ws/install/tiago_pro_head_bringup:/opt/erc_ws/install/erc_bringup:/opt/erc_ws/install/tiago_pro_description:/opt/erc_ws/install/tiago_pro_head_description:/opt/erc_ws/install/tiago_pro_controller_configuration:/opt/erc_ws/install/tiago_pro_head_controller_configuration:/opt/erc_ws/install/sensors:/opt/erc_ws/install/pal_sea_arm:/opt/erc_ws/install/pal_sea_arm_bringup:/opt/erc_ws/install/pal_sea_arm_description:/opt/erc_ws/install/pal_pro_gripper_simulation:/opt/erc_ws/install/pal_pro_gripper_bringup:/opt/erc_ws/install/pal_pro_gripper:/opt/erc_ws/install/pal_pro_gripper_description:/opt/erc_ws/install/pal_gripper_simulation:/opt/erc_ws/install/pal_gripper:/opt/erc_ws/install/pal_gripper_description:/opt/erc_ws/install/omni_base_robot:/opt/erc_ws/install/omni_base_bringup:/opt/erc_ws/install/omni_base_description:/opt/erc_ws/install/pal_urdf_utils:/opt/erc_ws/install/pal_sea_arm_controller_configuration:/opt/erc_ws/install/pal_pro_gripper_controller_configuration:/opt/erc_ws/install/pal_gripper_controller_configuration:/opt/erc_ws/install/omni_base_controller_configuration:/opt/erc_ws/install/gz_ros2_control:/opt/erc_ws/install/erc_solution:/opt/erc_ws/install/erc_description:/opt/ros/humble CMAKE_PREFIX_PATH=/opt/erc_ws/install/pal_pro_gripper_description:/opt/erc_ws/install/pal_pro_gripper_controller_configuration:/opt/erc_ws/install/pal_urdf_utils:/opt/erc_ws/install/tiago_pro_robot:/opt/erc_ws/install/tiago_pro_head_robot:/opt/erc_ws/install/tiago_pro_bringup:/opt/erc_ws/install/tiago_pro_head_bringup:/opt/erc_ws/install/erc_bringup:/opt/erc_ws/install/tiago_pro_description:/opt/erc_ws/install/tiago_pro_head_description:/opt/erc_ws/install/tiago_pro_controller_configuration:/opt/erc_ws/install/tiago_pro_head_controller_configuration:/opt/erc_ws/install/pal_sea_arm:/opt/erc_ws/install/pal_sea_arm_bringup:/opt/erc_ws/install/pal_sea_arm_description:/opt/erc_ws/install/pal_pro_gripper_simulation:/opt/erc_ws/install/pal_pro_gripper_bringup:/opt/erc_ws/install/pal_pro_gripper:/opt/erc_ws/install/pal_gripper_simulation:/opt/erc_ws/install/pal_gripper:/opt/erc_ws/install/pal_gripper_description:/opt/erc_ws/install/omni_base_robot:/opt/erc_ws/install/omni_base_bringup:/opt/erc_ws/install/omni_base_description:/opt/erc_ws/install/pal_sea_arm_controller_configuration:/opt/erc_ws/install/pal_gripper_controller_configuration:/opt/erc_ws/install/omni_base_controller_configuration:/opt/erc_ws/install/gz_ros2_control:/opt/erc_ws/install/erc_description:/opt/erc_ws/install/sensors:/opt/erc_ws/install/pal_pro_gripper_wrapper:/opt/erc_ws/install/launch_pal:/opt/erc_ws/install/erc_solution:/opt/ros/humble PYTHONPATH=/opt/erc_ws/build/pal_pro_gripper_wrapper:/opt/erc_ws/install/pal_pro_gripper_wrapper/lib/python3.10/site-packages:/opt/erc_ws/build/launch_pal:/opt/erc_ws/install/launch_pal/lib/python3.10/site-packages:/opt/erc_ws/install/tiago_pro_description/local/lib/python3.10/dist-packages:/opt/erc_ws/install/tiago_pro_head_description/local/lib/python3.10/dist-packages:/opt/erc_ws/build/sensors:/opt/erc_ws/install/sensors/lib/python3.10/site-packages:/opt/erc_ws/install/pal_sea_arm_description/local/lib/python3.10/dist-packages:/opt/erc_ws/install/pal_pro_gripper_description/local/lib/python3.10/dist-packages:/opt/erc_ws/install/omni_base_description/local/lib/python3.10/dist-packages:/opt/erc_ws/build/erc_solution:/opt/erc_ws/install/erc_solution/lib/python3.10/site-packages:/opt/ros/humble/lib/python3.10/site-packages:/opt/ros/humble/local/lib/python3.10/dist-packages /usr/bin/cmake --install /opt/erc_ws/build/pal_pro_gripper_bringup
[3.958s] INFO:colcon.colcon_core.shell:Creating package descriptor '/opt/erc_ws/install/pal_pro_gripper_bringup/share/pal_pro_gripper_bringup/package.dsv'
[3.959s] INFO:colcon.colcon_core.shell:Creating package script '/opt/erc_ws/install/pal_pro_gripper_bringup/share/pal_pro_gripper_bringup/package.sh'
[3.959s] INFO:colcon.colcon_core.shell:Creating package script '/opt/erc_ws/install/pal_pro_gripper_bringup/share/pal_pro_gripper_bringup/package.bash'
[3.960s] INFO:colcon.colcon_core.shell:Creating package script '/opt/erc_ws/install/pal_pro_gripper_bringup/share/pal_pro_gripper_bringup/package.zsh'
[3.960s] Level 1:colcon.colcon_core.environment:create_file_with_runtime_dependencies(/opt/erc_ws/install/pal_pro_gripper_bringup/share/colcon-core/packages/pal_pro_gripper_bringup)
[3.961s] Level 1:colcon.colcon_core.environment:create_environment_scripts_only(pal_pro_gripper_bringup)
[3.961s] Level 1:colcon.colcon_core.environment:checking '/opt/erc_ws/install/pal_pro_gripper_bringup' for CMake module files
[3.962s] Level 1:colcon.colcon_core.environment:checking '/opt/erc_ws/install/pal_pro_gripper_bringup' for CMake config files
[3.962s] Level 1:colcon.colcon_core.shell:create_environment_hook('pal_pro_gripper_bringup', 'cmake_prefix_path')
[3.962s] INFO:colcon.colcon_core.shell:Creating environment hook '/opt/erc_ws/install/pal_pro_gripper_bringup/share/pal_pro_gripper_bringup/hook/cmake_prefix_path.ps1'
[3.963s] INFO:colcon.colcon_core.shell:Creating environment descriptor '/opt/erc_ws/install/pal_pro_gripper_bringup/share/pal_pro_gripper_bringup/hook/cmake_prefix_path.dsv'
[3.963s] INFO:colcon.colcon_core.shell:Creating environment hook '/opt/erc_ws/install/pal_pro_gripper_bringup/share/pal_pro_gripper_bringup/hook/cmake_prefix_path.sh'
[3.964s] Level 1:colcon.colcon_core.environment:checking '/opt/erc_ws/install/pal_pro_gripper_bringup/bin'
[3.964s] Level 1:colcon.colcon_core.environment:checking '/opt/erc_ws/install/pal_pro_gripper_bringup/lib/pkgconfig/pal_pro_gripper_bringup.pc'
[3.964s] Level 1:colcon.colcon_core.environment:checking '/opt/erc_ws/install/pal_pro_gripper_bringup/lib/python3.10/site-packages'
[3.964s] Level 1:colcon.colcon_core.environment:checking '/opt/erc_ws/install/pal_pro_gripper_bringup/bin'
[3.965s] INFO:colcon.colcon_core.shell:Creating package script '/opt/erc_ws/install/pal_pro_gripper_bringup/share/pal_pro_gripper_bringup/package.ps1'
[3.965s] INFO:colcon.colcon_core.shell:Creating package descriptor '/opt/erc_ws/install/pal_pro_gripper_bringup/share/pal_pro_gripper_bringup/package.dsv'
[3.966s] INFO:colcon.colcon_core.shell:Creating package script '/opt/erc_ws/install/pal_pro_gripper_bringup/share/pal_pro_gripper_bringup/package.sh'
[3.966s] INFO:colcon.colcon_core.shell:Creating package script '/opt/erc_ws/install/pal_pro_gripper_bringup/share/pal_pro_gripper_bringup/package.bash'
[3.967s] INFO:colcon.colcon_core.shell:Creating package script '/opt/erc_ws/install/pal_pro_gripper_bringup/share/pal_pro_gripper_bringup/package.zsh'
[3.968s] Level 1:colcon.colcon_core.environment:create_file_with_runtime_dependencies(/opt/erc_ws/install/pal_pro_gripper_bringup/share/colcon-core/packages/pal_pro_gripper_bringup)
[3.969s] Level 1:colcon.colcon_core.environment:create_environment_scripts_only(pal_pro_gripper_simulation)
[3.969s] Level 1:colcon.colcon_core.environment:checking '/opt/erc_ws/install/pal_pro_gripper_simulation' for CMake module files
[3.970s] Level 1:colcon.colcon_core.environment:checking '/opt/erc_ws/install/pal_pro_gripper_simulation' for CMake config files
[3.970s] Level 1:colcon.colcon_core.shell:create_environment_hook('pal_pro_gripper_simulation', 'cmake_prefix_path')
[3.971s] INFO:colcon.colcon_core.shell:Creating environment hook '/opt/erc_ws/install/pal_pro_gripper_simulation/share/pal_pro_gripper_simulation/hook/cmake_prefix_path.ps1'
[3.971s] INFO:colcon.colcon_core.shell:Creating environment descriptor '/opt/erc_ws/install/pal_pro_gripper_simulation/share/pal_pro_gripper_simulation/hook/cmake_prefix_path.dsv'
[3.972s] INFO:colcon.colcon_core.shell:Creating environment hook '/opt/erc_ws/install/pal_pro_gripper_simulation/share/pal_pro_gripper_simulation/hook/cmake_prefix_path.sh'
[3.972s] Level 1:colcon.colcon_core.environment:checking '/opt/erc_ws/install/pal_pro_gripper_simulation/bin'
[3.972s] Level 1:colcon.colcon_core.environment:checking '/opt/erc_ws/install/pal_pro_gripper_simulation/lib/pkgconfig/pal_pro_gripper_simulation.pc'
[3.972s] Level 1:colcon.colcon_core.environment:checking '/opt/erc_ws/install/pal_pro_gripper_simulation/lib/python3.10/site-packages'
[3.973s] Level 1:colcon.colcon_core.environment:checking '/opt/erc_ws/install/pal_pro_gripper_simulation/bin'
[3.973s] INFO:colcon.colcon_core.shell:Creating package script '/opt/erc_ws/install/pal_pro_gripper_simulation/share/pal_pro_gripper_simulation/package.ps1'
[3.975s] DEBUG:colcon.colcon_core.event_handler.log_command:Invoked command in '/opt/erc_ws/build/pal_pro_gripper_simulation' returned '0': AMENT_PREFIX_PATH=/opt/erc_ws/install/pal_pro_gripper_wrapper:/opt/erc_ws/install/launch_pal:/opt/erc_ws/install/tiago_pro_robot:/opt/erc_ws/install/tiago_pro_head_robot:/opt/erc_ws/install/tiago_pro_bringup:/opt/erc_ws/install/tiago_pro_head_bringup:/opt/erc_ws/install/erc_bringup:/opt/erc_ws/install/tiago_pro_description:/opt/erc_ws/install/tiago_pro_head_description:/opt/erc_ws/install/tiago_pro_controller_configuration:/opt/erc_ws/install/tiago_pro_head_controller_configuration:/opt/erc_ws/install/sensors:/opt/erc_ws/install/pal_sea_arm:/opt/erc_ws/install/pal_sea_arm_bringup:/opt/erc_ws/install/pal_sea_arm_description:/opt/erc_ws/install/pal_pro_gripper_simulation:/opt/erc_ws/install/pal_pro_gripper_bringup:/opt/erc_ws/install/pal_pro_gripper:/opt/erc_ws/install/pal_pro_gripper_description:/opt/erc_ws/install/pal_gripper_simulation:/opt/erc_ws/install/pal_gripper:/opt/erc_ws/install/pal_gripper_description:/opt/erc_ws/install/omni_base_robot:/opt/erc_ws/install/omni_base_bringup:/opt/erc_ws/install/omni_base_description:/opt/erc_ws/install/pal_urdf_utils:/opt/erc_ws/install/pal_sea_arm_controller_configuration:/opt/erc_ws/install/pal_pro_gripper_controller_configuration:/opt/erc_ws/install/pal_gripper_controller_configuration:/opt/erc_ws/install/omni_base_controller_configuration:/opt/erc_ws/install/gz_ros2_control:/opt/erc_ws/install/erc_solution:/opt/erc_ws/install/erc_description:/opt/ros/humble CMAKE_PREFIX_PATH=/opt/erc_ws/install/pal_pro_gripper_description:/opt/erc_ws/install/pal_pro_gripper_controller_configuration:/opt/erc_ws/install/pal_urdf_utils:/opt/erc_ws/install/tiago_pro_robot:/opt/erc_ws/install/tiago_pro_head_robot:/opt/erc_ws/install/tiago_pro_bringup:/opt/erc_ws/install/tiago_pro_head_bringup:/opt/erc_ws/install/erc_bringup:/opt/erc_ws/install/tiago_pro_description:/opt/erc_ws/install/tiago_pro_head_description:/opt/erc_ws/install/tiago_pro_controller_configuration:/opt/erc_ws/install/tiago_pro_head_controller_configuration:/opt/erc_ws/install/pal_sea_arm:/opt/erc_ws/install/pal_sea_arm_bringup:/opt/erc_ws/install/pal_sea_arm_description:/opt/erc_ws/install/pal_pro_gripper_simulation:/opt/erc_ws/install/pal_pro_gripper_bringup:/opt/erc_ws/install/pal_pro_gripper:/opt/erc_ws/install/pal_gripper_simulation:/opt/erc_ws/install/pal_gripper:/opt/erc_ws/install/pal_gripper_description:/opt/erc_ws/install/omni_base_robot:/opt/erc_ws/install/omni_base_bringup:/opt/erc_ws/install/omni_base_description:/opt/erc_ws/install/pal_sea_arm_controller_configuration:/opt/erc_ws/install/pal_gripper_controller_configuration:/opt/erc_ws/install/omni_base_controller_configuration:/opt/erc_ws/install/gz_ros2_control:/opt/erc_ws/install/erc_description:/opt/erc_ws/install/sensors:/opt/erc_ws/install/pal_pro_gripper_wrapper:/opt/erc_ws/install/launch_pal:/opt/erc_ws/install/erc_solution:/opt/ros/humble PYTHONPATH=/opt/erc_ws/build/pal_pro_gripper_wrapper:/opt/erc_ws/install/pal_pro_gripper_wrapper/lib/python3.10/site-packages:/opt/erc_ws/build/launch_pal:/opt/erc_ws/install/launch_pal/lib/python3.10/site-packages:/opt/erc_ws/install/tiago_pro_description/local/lib/python3.10/dist-packages:/opt/erc_ws/install/tiago_pro_head_description/local/lib/python3.10/dist-packages:/opt/erc_ws/build/sensors:/opt/erc_ws/install/sensors/lib/python3.10/site-packages:/opt/erc_ws/install/pal_sea_arm_description/local/lib/python3.10/dist-packages:/opt/erc_ws/install/pal_pro_gripper_description/local/lib/python3.10/dist-packages:/opt/erc_ws/install/omni_base_description/local/lib/python3.10/dist-packages:/opt/erc_ws/build/erc_solution:/opt/erc_ws/install/erc_solution/lib/python3.10/site-packages:/opt/ros/humble/lib/python3.10/site-packages:/opt/ros/humble/local/lib/python3.10/dist-packages /usr/bin/cmake --install /opt/erc_ws/build/pal_pro_gripper_simulation
[3.975s] INFO:colcon.colcon_core.shell:Creating package descriptor '/opt/erc_ws/install/pal_pro_gripper_simulation/share/pal_pro_gripper_simulation/package.dsv'
[3.976s] INFO:colcon.colcon_core.shell:Creating package script '/opt/erc_ws/install/pal_pro_gripper_simulation/share/pal_pro_gripper_simulation/package.sh'
[3.977s] INFO:colcon.colcon_core.shell:Creating package script '/opt/erc_ws/install/pal_pro_gripper_simulation/share/pal_pro_gripper_simulation/package.bash'
[3.977s] INFO:colcon.colcon_core.shell:Creating package script '/opt/erc_ws/install/pal_pro_gripper_simulation/share/pal_pro_gripper_simulation/package.zsh'
[3.978s] Level 1:colcon.colcon_core.environment:create_file_with_runtime_dependencies(/opt/erc_ws/install/pal_pro_gripper_simulation/share/colcon-core/packages/pal_pro_gripper_simulation)
[3.978s] Level 1:colcon.colcon_core.environment:create_environment_scripts_only(pal_pro_gripper_simulation)
[3.979s] Level 1:colcon.colcon_core.environment:checking '/opt/erc_ws/install/pal_pro_gripper_simulation' for CMake module files
[3.979s] Level 1:colcon.colcon_core.environment:checking '/opt/erc_ws/install/pal_pro_gripper_simulation' for CMake config files
[3.979s] Level 1:colcon.colcon_core.shell:create_environment_hook('pal_pro_gripper_simulation', 'cmake_prefix_path')
[3.979s] INFO:colcon.colcon_core.shell:Creating environment hook '/opt/erc_ws/install/pal_pro_gripper_simulation/share/pal_pro_gripper_simulation/hook/cmake_prefix_path.ps1'
[3.980s] INFO:colcon.colcon_core.shell:Creating environment descriptor '/opt/erc_ws/install/pal_pro_gripper_simulation/share/pal_pro_gripper_simulation/hook/cmake_prefix_path.dsv'
[3.980s] INFO:colcon.colcon_core.shell:Creating environment hook '/opt/erc_ws/install/pal_pro_gripper_simulation/share/pal_pro_gripper_simulation/hook/cmake_prefix_path.sh'
[3.981s] Level 1:colcon.colcon_core.environment:checking '/opt/erc_ws/install/pal_pro_gripper_simulation/bin'
[3.981s] Level 1:colcon.colcon_core.environment:checking '/opt/erc_ws/install/pal_pro_gripper_simulation/lib/pkgconfig/pal_pro_gripper_simulation.pc'
[3.982s] Level 1:colcon.colcon_core.environment:checking '/opt/erc_ws/install/pal_pro_gripper_simulation/lib/python3.10/site-packages'
[3.982s] Level 1:colcon.colcon_core.environment:checking '/opt/erc_ws/install/pal_pro_gripper_simulation/bin'
[3.983s] INFO:colcon.colcon_core.shell:Creating package script '/opt/erc_ws/install/pal_pro_gripper_simulation/share/pal_pro_gripper_simulation/package.ps1'
[3.984s] INFO:colcon.colcon_core.shell:Creating package descriptor '/opt/erc_ws/install/pal_pro_gripper_simulation/share/pal_pro_gripper_simulation/package.dsv'
[3.985s] INFO:colcon.colcon_core.shell:Creating package script '/opt/erc_ws/install/pal_pro_gripper_simulation/share/pal_pro_gripper_simulation/package.sh'
[3.986s] INFO:colcon.colcon_core.shell:Creating package script '/opt/erc_ws/install/pal_pro_gripper_simulation/share/pal_pro_gripper_simulation/package.bash'
[3.987s] INFO:colcon.colcon_core.shell:Creating package script '/opt/erc_ws/install/pal_pro_gripper_simulation/share/pal_pro_gripper_simulation/package.zsh'
[3.987s] Level 1:colcon.colcon_core.environment:create_file_with_runtime_dependencies(/opt/erc_ws/install/pal_pro_gripper_simulation/share/colcon-core/packages/pal_pro_gripper_simulation)
[4.002s] DEBUG:colcon.colcon_core.event_handler.log_command:Invoking command in '/opt/erc_ws/build/pal_sea_arm_description': AMENT_PREFIX_PATH=/opt/erc_ws/install/pal_pro_gripper_wrapper:/opt/erc_ws/install/launch_pal:/opt/erc_ws/install/tiago_pro_robot:/opt/erc_ws/install/tiago_pro_head_robot:/opt/erc_ws/install/tiago_pro_bringup:/opt/erc_ws/install/tiago_pro_head_bringup:/opt/erc_ws/install/erc_bringup:/opt/erc_ws/install/tiago_pro_description:/opt/erc_ws/install/tiago_pro_head_description:/opt/erc_ws/install/tiago_pro_controller_configuration:/opt/erc_ws/install/tiago_pro_head_controller_configuration:/opt/erc_ws/install/sensors:/opt/erc_ws/install/pal_sea_arm:/opt/erc_ws/install/pal_sea_arm_bringup:/opt/erc_ws/install/pal_sea_arm_description:/opt/erc_ws/install/pal_pro_gripper_simulation:/opt/erc_ws/install/pal_pro_gripper_bringup:/opt/erc_ws/install/pal_pro_gripper:/opt/erc_ws/install/pal_pro_gripper_description:/opt/erc_ws/install/pal_gripper_simulation:/opt/erc_ws/install/pal_gripper:/opt/erc_ws/install/pal_gripper_description:/opt/erc_ws/install/omni_base_robot:/opt/erc_ws/install/omni_base_bringup:/opt/erc_ws/install/omni_base_description:/opt/erc_ws/install/pal_urdf_utils:/opt/erc_ws/install/pal_sea_arm_controller_configuration:/opt/erc_ws/install/pal_pro_gripper_controller_configuration:/opt/erc_ws/install/pal_gripper_controller_configuration:/opt/erc_ws/install/omni_base_controller_configuration:/opt/erc_ws/install/gz_ros2_control:/opt/erc_ws/install/erc_solution:/opt/erc_ws/install/erc_description:/opt/ros/humble CMAKE_PREFIX_PATH=/opt/erc_ws/install/pal_sea_arm_controller_configuration:/opt/erc_ws/install/pal_pro_gripper_description:/opt/erc_ws/install/pal_pro_gripper_controller_configuration:/opt/erc_ws/install/pal_urdf_utils:/opt/erc_ws/install/tiago_pro_robot:/opt/erc_ws/install/tiago_pro_head_robot:/opt/erc_ws/install/tiago_pro_bringup:/opt/erc_ws/install/tiago_pro_head_bringup:/opt/erc_ws/install/erc_bringup:/opt/erc_ws/install/tiago_pro_description:/opt/erc_ws/install/tiago_pro_head_description:/opt/erc_ws/install/tiago_pro_controller_configuration:/opt/erc_ws/install/tiago_pro_head_controller_configuration:/opt/erc_ws/install/pal_sea_arm:/opt/erc_ws/install/pal_sea_arm_bringup:/opt/erc_ws/install/pal_sea_arm_description:/opt/erc_ws/install/pal_pro_gripper_simulation:/opt/erc_ws/install/pal_pro_gripper_bringup:/opt/erc_ws/install/pal_pro_gripper:/opt/erc_ws/install/pal_gripper_simulation:/opt/erc_ws/install/pal_gripper:/opt/erc_ws/install/pal_gripper_description:/opt/erc_ws/install/omni_base_robot:/opt/erc_ws/install/omni_base_bringup:/opt/erc_ws/install/omni_base_description:/opt/erc_ws/install/pal_gripper_controller_configuration:/opt/erc_ws/install/omni_base_controller_configuration:/opt/erc_ws/install/gz_ros2_control:/opt/erc_ws/install/erc_description:/opt/erc_ws/install/sensors:/opt/erc_ws/install/pal_pro_gripper_wrapper:/opt/erc_ws/install/launch_pal:/opt/erc_ws/install/erc_solution:/opt/ros/humble PYTHONPATH=/opt/erc_ws/build/pal_pro_gripper_wrapper:/opt/erc_ws/install/pal_pro_gripper_wrapper/lib/python3.10/site-packages:/opt/erc_ws/build/launch_pal:/opt/erc_ws/install/launch_pal/lib/python3.10/site-packages:/opt/erc_ws/install/tiago_pro_description/local/lib/python3.10/dist-packages:/opt/erc_ws/install/tiago_pro_head_description/local/lib/python3.10/dist-packages:/opt/erc_ws/build/sensors:/opt/erc_ws/install/sensors/lib/python3.10/site-packages:/opt/erc_ws/install/pal_sea_arm_description/local/lib/python3.10/dist-packages:/opt/erc_ws/install/pal_pro_gripper_description/local/lib/python3.10/dist-packages:/opt/erc_ws/install/omni_base_description/local/lib/python3.10/dist-packages:/opt/erc_ws/build/erc_solution:/opt/erc_ws/install/erc_solution/lib/python3.10/site-packages:/opt/ros/humble/lib/python3.10/site-packages:/opt/ros/humble/local/lib/python3.10/dist-packages /usr/bin/cmake --build /opt/erc_ws/build/pal_sea_arm_description -- -j16 -l16
[4.005s] DEBUG:colcon.colcon_core.event_handler.log_command:Invoking command in '/opt/erc_ws/build/tiago_pro_controller_configuration': AMENT_PREFIX_PATH=/opt/erc_ws/install/pal_pro_gripper_wrapper:/opt/erc_ws/install/launch_pal:/opt/erc_ws/install/tiago_pro_robot:/opt/erc_ws/install/tiago_pro_head_robot:/opt/erc_ws/install/tiago_pro_bringup:/opt/erc_ws/install/tiago_pro_head_bringup:/opt/erc_ws/install/erc_bringup:/opt/erc_ws/install/tiago_pro_description:/opt/erc_ws/install/tiago_pro_head_description:/opt/erc_ws/install/tiago_pro_controller_configuration:/opt/erc_ws/install/tiago_pro_head_controller_configuration:/opt/erc_ws/install/sensors:/opt/erc_ws/install/pal_sea_arm:/opt/erc_ws/install/pal_sea_arm_bringup:/opt/erc_ws/install/pal_sea_arm_description:/opt/erc_ws/install/pal_pro_gripper_simulation:/opt/erc_ws/install/pal_pro_gripper_bringup:/opt/erc_ws/install/pal_pro_gripper:/opt/erc_ws/install/pal_pro_gripper_description:/opt/erc_ws/install/pal_gripper_simulation:/opt/erc_ws/install/pal_gripper:/opt/erc_ws/install/pal_gripper_description:/opt/erc_ws/install/omni_base_robot:/opt/erc_ws/install/omni_base_bringup:/opt/erc_ws/install/omni_base_description:/opt/erc_ws/install/pal_urdf_utils:/opt/erc_ws/install/pal_sea_arm_controller_configuration:/opt/erc_ws/install/pal_pro_gripper_controller_configuration:/opt/erc_ws/install/pal_gripper_controller_configuration:/opt/erc_ws/install/omni_base_controller_configuration:/opt/erc_ws/install/gz_ros2_control:/opt/erc_ws/install/erc_solution:/opt/erc_ws/install/erc_description:/opt/ros/humble CMAKE_PREFIX_PATH=/opt/erc_ws/install/pal_sea_arm_controller_configuration:/opt/erc_ws/install/tiago_pro_head_controller_configuration:/opt/erc_ws/install/pal_pro_gripper_controller_configuration:/opt/erc_ws/install/omni_base_controller_configuration:/opt/erc_ws/install/tiago_pro_robot:/opt/erc_ws/install/tiago_pro_head_robot:/opt/erc_ws/install/tiago_pro_bringup:/opt/erc_ws/install/tiago_pro_head_bringup:/opt/erc_ws/install/erc_bringup:/opt/erc_ws/install/tiago_pro_description:/opt/erc_ws/install/tiago_pro_head_description:/opt/erc_ws/install/tiago_pro_controller_configuration:/opt/erc_ws/install/pal_sea_arm:/opt/erc_ws/install/pal_sea_arm_bringup:/opt/erc_ws/install/pal_sea_arm_description:/opt/erc_ws/install/pal_pro_gripper_simulation:/opt/erc_ws/install/pal_pro_gripper_bringup:/opt/erc_ws/install/pal_pro_gripper:/opt/erc_ws/install/pal_pro_gripper_description:/opt/erc_ws/install/pal_gripper_simulation:/opt/erc_ws/install/pal_gripper:/opt/erc_ws/install/pal_gripper_description:/opt/erc_ws/install/omni_base_robot:/opt/erc_ws/install/omni_base_bringup:/opt/erc_ws/install/omni_base_description:/opt/erc_ws/install/pal_urdf_utils:/opt/erc_ws/install/pal_gripper_controller_configuration:/opt/erc_ws/install/gz_ros2_control:/opt/erc_ws/install/erc_description:/opt/erc_ws/install/sensors:/opt/erc_ws/install/pal_pro_gripper_wrapper:/opt/erc_ws/install/launch_pal:/opt/erc_ws/install/erc_solution:/opt/ros/humble PYTHONPATH=/opt/erc_ws/build/pal_pro_gripper_wrapper:/opt/erc_ws/install/pal_pro_gripper_wrapper/lib/python3.10/site-packages:/opt/erc_ws/build/launch_pal:/opt/erc_ws/install/launch_pal/lib/python3.10/site-packages:/opt/erc_ws/install/tiago_pro_description/local/lib/python3.10/dist-packages:/opt/erc_ws/install/tiago_pro_head_description/local/lib/python3.10/dist-packages:/opt/erc_ws/build/sensors:/opt/erc_ws/install/sensors/lib/python3.10/site-packages:/opt/erc_ws/install/pal_sea_arm_description/local/lib/python3.10/dist-packages:/opt/erc_ws/install/pal_pro_gripper_description/local/lib/python3.10/dist-packages:/opt/erc_ws/install/omni_base_description/local/lib/python3.10/dist-packages:/opt/erc_ws/build/erc_solution:/opt/erc_ws/install/erc_solution/lib/python3.10/site-packages:/opt/ros/humble/lib/python3.10/site-packages:/opt/ros/humble/local/lib/python3.10/dist-packages /usr/bin/cmake --build /opt/erc_ws/build/tiago_pro_controller_configuration -- -j16 -l16
[4.014s] DEBUG:colcon.colcon_core.event_handler.log_command:Invoked command in '/opt/erc_ws/build/omni_base_description' returned '0': AMENT_PREFIX_PATH=/opt/erc_ws/install/launch_pal:/opt/erc_ws/install/tiago_pro_robot:/opt/erc_ws/install/tiago_pro_head_robot:/opt/erc_ws/install/tiago_pro_bringup:/opt/erc_ws/install/tiago_pro_head_bringup:/opt/erc_ws/install/erc_bringup:/opt/erc_ws/install/tiago_pro_description:/opt/erc_ws/install/tiago_pro_head_description:/opt/erc_ws/install/tiago_pro_controller_configuration:/opt/erc_ws/install/tiago_pro_head_controller_configuration:/opt/erc_ws/install/sensors:/opt/erc_ws/install/pal_sea_arm:/opt/erc_ws/install/pal_sea_arm_bringup:/opt/erc_ws/install/pal_sea_arm_description:/opt/erc_ws/install/pal_pro_gripper_simulation:/opt/erc_ws/install/pal_pro_gripper_bringup:/opt/erc_ws/install/pal_pro_gripper:/opt/erc_ws/install/pal_pro_gripper_description:/opt/erc_ws/install/pal_gripper_simulation:/opt/erc_ws/install/pal_gripper:/opt/erc_ws/install/pal_gripper_description:/opt/erc_ws/install/omni_base_robot:/opt/erc_ws/install/omni_base_bringup:/opt/erc_ws/install/omni_base_description:/opt/erc_ws/install/pal_urdf_utils:/opt/erc_ws/install/pal_sea_arm_controller_configuration:/opt/erc_ws/install/pal_pro_gripper_controller_configuration:/opt/erc_ws/install/pal_pro_gripper_wrapper:/opt/erc_ws/install/pal_gripper_controller_configuration:/opt/erc_ws/install/omni_base_controller_configuration:/opt/erc_ws/install/gz_ros2_control:/opt/erc_ws/install/erc_solution:/opt/erc_ws/install/erc_description:/opt/ros/humble CMAKE_PREFIX_PATH=/opt/erc_ws/install/pal_urdf_utils:/opt/erc_ws/install/tiago_pro_robot:/opt/erc_ws/install/tiago_pro_head_robot:/opt/erc_ws/install/tiago_pro_bringup:/opt/erc_ws/install/tiago_pro_head_bringup:/opt/erc_ws/install/erc_bringup:/opt/erc_ws/install/tiago_pro_description:/opt/erc_ws/install/tiago_pro_head_description:/opt/erc_ws/install/tiago_pro_controller_configuration:/opt/erc_ws/install/tiago_pro_head_controller_configuration:/opt/erc_ws/install/pal_sea_arm:/opt/erc_ws/install/pal_sea_arm_bringup:/opt/erc_ws/install/pal_sea_arm_description:/opt/erc_ws/install/pal_pro_gripper_simulation:/opt/erc_ws/install/pal_pro_gripper_bringup:/opt/erc_ws/install/pal_pro_gripper:/opt/erc_ws/install/pal_pro_gripper_description:/opt/erc_ws/install/pal_gripper_simulation:/opt/erc_ws/install/pal_gripper:/opt/erc_ws/install/pal_gripper_description:/opt/erc_ws/install/omni_base_robot:/opt/erc_ws/install/omni_base_bringup:/opt/erc_ws/install/omni_base_description:/opt/erc_ws/install/pal_sea_arm_controller_configuration:/opt/erc_ws/install/pal_pro_gripper_controller_configuration:/opt/erc_ws/install/pal_gripper_controller_configuration:/opt/erc_ws/install/omni_base_controller_configuration:/opt/erc_ws/install/gz_ros2_control:/opt/erc_ws/install/erc_description:/opt/erc_ws/install/sensors:/opt/erc_ws/install/pal_pro_gripper_wrapper:/opt/erc_ws/install/launch_pal:/opt/erc_ws/install/erc_solution:/opt/ros/humble PYTHONPATH=/opt/erc_ws/build/launch_pal:/opt/erc_ws/install/launch_pal/lib/python3.10/site-packages:/opt/erc_ws/install/tiago_pro_description/local/lib/python3.10/dist-packages:/opt/erc_ws/install/tiago_pro_head_description/local/lib/python3.10/dist-packages:/opt/erc_ws/build/sensors:/opt/erc_ws/install/sensors/lib/python3.10/site-packages:/opt/erc_ws/install/pal_sea_arm_description/local/lib/python3.10/dist-packages:/opt/erc_ws/install/pal_pro_gripper_description/local/lib/python3.10/dist-packages:/opt/erc_ws/install/omni_base_description/local/lib/python3.10/dist-packages:/opt/erc_ws/build/pal_pro_gripper_wrapper:/opt/erc_ws/install/pal_pro_gripper_wrapper/lib/python3.10/site-packages:/opt/erc_ws/build/erc_solution:/opt/erc_ws/install/erc_solution/lib/python3.10/site-packages:/opt/ros/humble/lib/python3.10/site-packages:/opt/ros/humble/local/lib/python3.10/dist-packages /usr/bin/cmake --build /opt/erc_ws/build/omni_base_description -- -j16 -l16
[4.018s] DEBUG:colcon.colcon_core.event_handler.log_command:Invoking command in '/opt/erc_ws/build/omni_base_description': AMENT_PREFIX_PATH=/opt/erc_ws/install/launch_pal:/opt/erc_ws/install/tiago_pro_robot:/opt/erc_ws/install/tiago_pro_head_robot:/opt/erc_ws/install/tiago_pro_bringup:/opt/erc_ws/install/tiago_pro_head_bringup:/opt/erc_ws/install/erc_bringup:/opt/erc_ws/install/tiago_pro_description:/opt/erc_ws/install/tiago_pro_head_description:/opt/erc_ws/install/tiago_pro_controller_configuration:/opt/erc_ws/install/tiago_pro_head_controller_configuration:/opt/erc_ws/install/sensors:/opt/erc_ws/install/pal_sea_arm:/opt/erc_ws/install/pal_sea_arm_bringup:/opt/erc_ws/install/pal_sea_arm_description:/opt/erc_ws/install/pal_pro_gripper_simulation:/opt/erc_ws/install/pal_pro_gripper_bringup:/opt/erc_ws/install/pal_pro_gripper:/opt/erc_ws/install/pal_pro_gripper_description:/opt/erc_ws/install/pal_gripper_simulation:/opt/erc_ws/install/pal_gripper:/opt/erc_ws/install/pal_gripper_description:/opt/erc_ws/install/omni_base_robot:/opt/erc_ws/install/omni_base_bringup:/opt/erc_ws/install/omni_base_description:/opt/erc_ws/install/pal_urdf_utils:/opt/erc_ws/install/pal_sea_arm_controller_configuration:/opt/erc_ws/install/pal_pro_gripper_controller_configuration:/opt/erc_ws/install/pal_pro_gripper_wrapper:/opt/erc_ws/install/pal_gripper_controller_configuration:/opt/erc_ws/install/omni_base_controller_configuration:/opt/erc_ws/install/gz_ros2_control:/opt/erc_ws/install/erc_solution:/opt/erc_ws/install/erc_description:/opt/ros/humble CMAKE_PREFIX_PATH=/opt/erc_ws/install/pal_urdf_utils:/opt/erc_ws/install/tiago_pro_robot:/opt/erc_ws/install/tiago_pro_head_robot:/opt/erc_ws/install/tiago_pro_bringup:/opt/erc_ws/install/tiago_pro_head_bringup:/opt/erc_ws/install/erc_bringup:/opt/erc_ws/install/tiago_pro_description:/opt/erc_ws/install/tiago_pro_head_description:/opt/erc_ws/install/tiago_pro_controller_configuration:/opt/erc_ws/install/tiago_pro_head_controller_configuration:/opt/erc_ws/install/pal_sea_arm:/opt/erc_ws/install/pal_sea_arm_bringup:/opt/erc_ws/install/pal_sea_arm_description:/opt/erc_ws/install/pal_pro_gripper_simulation:/opt/erc_ws/install/pal_pro_gripper_bringup:/opt/erc_ws/install/pal_pro_gripper:/opt/erc_ws/install/pal_pro_gripper_description:/opt/erc_ws/install/pal_gripper_simulation:/opt/erc_ws/install/pal_gripper:/opt/erc_ws/install/pal_gripper_description:/opt/erc_ws/install/omni_base_robot:/opt/erc_ws/install/omni_base_bringup:/opt/erc_ws/install/omni_base_description:/opt/erc_ws/install/pal_sea_arm_controller_configuration:/opt/erc_ws/install/pal_pro_gripper_controller_configuration:/opt/erc_ws/install/pal_gripper_controller_configuration:/opt/erc_ws/install/omni_base_controller_configuration:/opt/erc_ws/install/gz_ros2_control:/opt/erc_ws/install/erc_description:/opt/erc_ws/install/sensors:/opt/erc_ws/install/pal_pro_gripper_wrapper:/opt/erc_ws/install/launch_pal:/opt/erc_ws/install/erc_solution:/opt/ros/humble PYTHONPATH=/opt/erc_ws/build/launch_pal:/opt/erc_ws/install/launch_pal/lib/python3.10/site-packages:/opt/erc_ws/install/tiago_pro_description/local/lib/python3.10/dist-packages:/opt/erc_ws/install/tiago_pro_head_description/local/lib/python3.10/dist-packages:/opt/erc_ws/build/sensors:/opt/erc_ws/install/sensors/lib/python3.10/site-packages:/opt/erc_ws/install/pal_sea_arm_description/local/lib/python3.10/dist-packages:/opt/erc_ws/install/pal_pro_gripper_description/local/lib/python3.10/dist-packages:/opt/erc_ws/install/omni_base_description/local/lib/python3.10/dist-packages:/opt/erc_ws/build/pal_pro_gripper_wrapper:/opt/erc_ws/install/pal_pro_gripper_wrapper/lib/python3.10/site-packages:/opt/erc_ws/build/erc_solution:/opt/erc_ws/install/erc_solution/lib/python3.10/site-packages:/opt/ros/humble/lib/python3.10/site-packages:/opt/ros/humble/local/lib/python3.10/dist-packages /usr/bin/cmake --install /opt/erc_ws/build/omni_base_description
[4.064s] DEBUG:colcon.colcon_core.event_handler.log_command:Invoked command in '/opt/erc_ws/build/tiago_pro_controller_configuration' returned '0': AMENT_PREFIX_PATH=/opt/erc_ws/install/pal_pro_gripper_wrapper:/opt/erc_ws/install/launch_pal:/opt/erc_ws/install/tiago_pro_robot:/opt/erc_ws/install/tiago_pro_head_robot:/opt/erc_ws/install/tiago_pro_bringup:/opt/erc_ws/install/tiago_pro_head_bringup:/opt/erc_ws/install/erc_bringup:/opt/erc_ws/install/tiago_pro_description:/opt/erc_ws/install/tiago_pro_head_description:/opt/erc_ws/install/tiago_pro_controller_configuration:/opt/erc_ws/install/tiago_pro_head_controller_configuration:/opt/erc_ws/install/sensors:/opt/erc_ws/install/pal_sea_arm:/opt/erc_ws/install/pal_sea_arm_bringup:/opt/erc_ws/install/pal_sea_arm_description:/opt/erc_ws/install/pal_pro_gripper_simulation:/opt/erc_ws/install/pal_pro_gripper_bringup:/opt/erc_ws/install/pal_pro_gripper:/opt/erc_ws/install/pal_pro_gripper_description:/opt/erc_ws/install/pal_gripper_simulation:/opt/erc_ws/install/pal_gripper:/opt/erc_ws/install/pal_gripper_description:/opt/erc_ws/install/omni_base_robot:/opt/erc_ws/install/omni_base_bringup:/opt/erc_ws/install/omni_base_description:/opt/erc_ws/install/pal_urdf_utils:/opt/erc_ws/install/pal_sea_arm_controller_configuration:/opt/erc_ws/install/pal_pro_gripper_controller_configuration:/opt/erc_ws/install/pal_gripper_controller_configuration:/opt/erc_ws/install/omni_base_controller_configuration:/opt/erc_ws/install/gz_ros2_control:/opt/erc_ws/install/erc_solution:/opt/erc_ws/install/erc_description:/opt/ros/humble CMAKE_PREFIX_PATH=/opt/erc_ws/install/pal_sea_arm_controller_configuration:/opt/erc_ws/install/tiago_pro_head_controller_configuration:/opt/erc_ws/install/pal_pro_gripper_controller_configuration:/opt/erc_ws/install/omni_base_controller_configuration:/opt/erc_ws/install/tiago_pro_robot:/opt/erc_ws/install/tiago_pro_head_robot:/opt/erc_ws/install/tiago_pro_bringup:/opt/erc_ws/install/tiago_pro_head_bringup:/opt/erc_ws/install/erc_bringup:/opt/erc_ws/install/tiago_pro_description:/opt/erc_ws/install/tiago_pro_head_description:/opt/erc_ws/install/tiago_pro_controller_configuration:/opt/erc_ws/install/pal_sea_arm:/opt/erc_ws/install/pal_sea_arm_bringup:/opt/erc_ws/install/pal_sea_arm_description:/opt/erc_ws/install/pal_pro_gripper_simulation:/opt/erc_ws/install/pal_pro_gripper_bringup:/opt/erc_ws/install/pal_pro_gripper:/opt/erc_ws/install/pal_pro_gripper_description:/opt/erc_ws/install/pal_gripper_simulation:/opt/erc_ws/install/pal_gripper:/opt/erc_ws/install/pal_gripper_description:/opt/erc_ws/install/omni_base_robot:/opt/erc_ws/install/omni_base_bringup:/opt/erc_ws/install/omni_base_description:/opt/erc_ws/install/pal_urdf_utils:/opt/erc_ws/install/pal_gripper_controller_configuration:/opt/erc_ws/install/gz_ros2_control:/opt/erc_ws/install/erc_description:/opt/erc_ws/install/sensors:/opt/erc_ws/install/pal_pro_gripper_wrapper:/opt/erc_ws/install/launch_pal:/opt/erc_ws/install/erc_solution:/opt/ros/humble PYTHONPATH=/opt/erc_ws/build/pal_pro_gripper_wrapper:/opt/erc_ws/install/pal_pro_gripper_wrapper/lib/python3.10/site-packages:/opt/erc_ws/build/launch_pal:/opt/erc_ws/install/launch_pal/lib/python3.10/site-packages:/opt/erc_ws/install/tiago_pro_description/local/lib/python3.10/dist-packages:/opt/erc_ws/install/tiago_pro_head_description/local/lib/python3.10/dist-packages:/opt/erc_ws/build/sensors:/opt/erc_ws/install/sensors/lib/python3.10/site-packages:/opt/erc_ws/install/pal_sea_arm_description/local/lib/python3.10/dist-packages:/opt/erc_ws/install/pal_pro_gripper_description/local/lib/python3.10/dist-packages:/opt/erc_ws/install/omni_base_description/local/lib/python3.10/dist-packages:/opt/erc_ws/build/erc_solution:/opt/erc_ws/install/erc_solution/lib/python3.10/site-packages:/opt/ros/humble/lib/python3.10/site-packages:/opt/ros/humble/local/lib/python3.10/dist-packages /usr/bin/cmake --build /opt/erc_ws/build/tiago_pro_controller_configuration -- -j16 -l16
[4.068s] DEBUG:colcon.colcon_core.event_handler.log_command:Invoking command in '/opt/erc_ws/build/tiago_pro_controller_configuration': AMENT_PREFIX_PATH=/opt/erc_ws/install/pal_pro_gripper_wrapper:/opt/erc_ws/install/launch_pal:/opt/erc_ws/install/tiago_pro_robot:/opt/erc_ws/install/tiago_pro_head_robot:/opt/erc_ws/install/tiago_pro_bringup:/opt/erc_ws/install/tiago_pro_head_bringup:/opt/erc_ws/install/erc_bringup:/opt/erc_ws/install/tiago_pro_description:/opt/erc_ws/install/tiago_pro_head_description:/opt/erc_ws/install/tiago_pro_controller_configuration:/opt/erc_ws/install/tiago_pro_head_controller_configuration:/opt/erc_ws/install/sensors:/opt/erc_ws/install/pal_sea_arm:/opt/erc_ws/install/pal_sea_arm_bringup:/opt/erc_ws/install/pal_sea_arm_description:/opt/erc_ws/install/pal_pro_gripper_simulation:/opt/erc_ws/install/pal_pro_gripper_bringup:/opt/erc_ws/install/pal_pro_gripper:/opt/erc_ws/install/pal_pro_gripper_description:/opt/erc_ws/install/pal_gripper_simulation:/opt/erc_ws/install/pal_gripper:/opt/erc_ws/install/pal_gripper_description:/opt/erc_ws/install/omni_base_robot:/opt/erc_ws/install/omni_base_bringup:/opt/erc_ws/install/omni_base_description:/opt/erc_ws/install/pal_urdf_utils:/opt/erc_ws/install/pal_sea_arm_controller_configuration:/opt/erc_ws/install/pal_pro_gripper_controller_configuration:/opt/erc_ws/install/pal_gripper_controller_configuration:/opt/erc_ws/install/omni_base_controller_configuration:/opt/erc_ws/install/gz_ros2_control:/opt/erc_ws/install/erc_solution:/opt/erc_ws/install/erc_description:/opt/ros/humble CMAKE_PREFIX_PATH=/opt/erc_ws/install/pal_sea_arm_controller_configuration:/opt/erc_ws/install/tiago_pro_head_controller_configuration:/opt/erc_ws/install/pal_pro_gripper_controller_configuration:/opt/erc_ws/install/omni_base_controller_configuration:/opt/erc_ws/install/tiago_pro_robot:/opt/erc_ws/install/tiago_pro_head_robot:/opt/erc_ws/install/tiago_pro_bringup:/opt/erc_ws/install/tiago_pro_head_bringup:/opt/erc_ws/install/erc_bringup:/opt/erc_ws/install/tiago_pro_description:/opt/erc_ws/install/tiago_pro_head_description:/opt/erc_ws/install/tiago_pro_controller_configuration:/opt/erc_ws/install/pal_sea_arm:/opt/erc_ws/install/pal_sea_arm_bringup:/opt/erc_ws/install/pal_sea_arm_description:/opt/erc_ws/install/pal_pro_gripper_simulation:/opt/erc_ws/install/pal_pro_gripper_bringup:/opt/erc_ws/install/pal_pro_gripper:/opt/erc_ws/install/pal_pro_gripper_description:/opt/erc_ws/install/pal_gripper_simulation:/opt/erc_ws/install/pal_gripper:/opt/erc_ws/install/pal_gripper_description:/opt/erc_ws/install/omni_base_robot:/opt/erc_ws/install/omni_base_bringup:/opt/erc_ws/install/omni_base_description:/opt/erc_ws/install/pal_urdf_utils:/opt/erc_ws/install/pal_gripper_controller_configuration:/opt/erc_ws/install/gz_ros2_control:/opt/erc_ws/install/erc_description:/opt/erc_ws/install/sensors:/opt/erc_ws/install/pal_pro_gripper_wrapper:/opt/erc_ws/install/launch_pal:/opt/erc_ws/install/erc_solution:/opt/ros/humble PYTHONPATH=/opt/erc_ws/build/pal_pro_gripper_wrapper:/opt/erc_ws/install/pal_pro_gripper_wrapper/lib/python3.10/site-packages:/opt/erc_ws/build/launch_pal:/opt/erc_ws/install/launch_pal/lib/python3.10/site-packages:/opt/erc_ws/install/tiago_pro_description/local/lib/python3.10/dist-packages:/opt/erc_ws/install/tiago_pro_head_description/local/lib/python3.10/dist-packages:/opt/erc_ws/build/sensors:/opt/erc_ws/install/sensors/lib/python3.10/site-packages:/opt/erc_ws/install/pal_sea_arm_description/local/lib/python3.10/dist-packages:/opt/erc_ws/install/pal_pro_gripper_description/local/lib/python3.10/dist-packages:/opt/erc_ws/install/omni_base_description/local/lib/python3.10/dist-packages:/opt/erc_ws/build/erc_solution:/opt/erc_ws/install/erc_solution/lib/python3.10/site-packages:/opt/ros/humble/lib/python3.10/site-packages:/opt/ros/humble/local/lib/python3.10/dist-packages /usr/bin/cmake --install /opt/erc_ws/build/tiago_pro_controller_configuration
[4.115s] Level 1:colcon.colcon_core.environment:create_environment_scripts_only(omni_base_description)
[4.115s] Level 1:colcon.colcon_core.environment:checking '/opt/erc_ws/install/omni_base_description' for CMake module files
[4.117s] DEBUG:colcon.colcon_core.event_handler.log_command:Invoked command in '/opt/erc_ws/build/omni_base_description' returned '0': AMENT_PREFIX_PATH=/opt/erc_ws/install/launch_pal:/opt/erc_ws/install/tiago_pro_robot:/opt/erc_ws/install/tiago_pro_head_robot:/opt/erc_ws/install/tiago_pro_bringup:/opt/erc_ws/install/tiago_pro_head_bringup:/opt/erc_ws/install/erc_bringup:/opt/erc_ws/install/tiago_pro_description:/opt/erc_ws/install/tiago_pro_head_description:/opt/erc_ws/install/tiago_pro_controller_configuration:/opt/erc_ws/install/tiago_pro_head_controller_configuration:/opt/erc_ws/install/sensors:/opt/erc_ws/install/pal_sea_arm:/opt/erc_ws/install/pal_sea_arm_bringup:/opt/erc_ws/install/pal_sea_arm_description:/opt/erc_ws/install/pal_pro_gripper_simulation:/opt/erc_ws/install/pal_pro_gripper_bringup:/opt/erc_ws/install/pal_pro_gripper:/opt/erc_ws/install/pal_pro_gripper_description:/opt/erc_ws/install/pal_gripper_simulation:/opt/erc_ws/install/pal_gripper:/opt/erc_ws/install/pal_gripper_description:/opt/erc_ws/install/omni_base_robot:/opt/erc_ws/install/omni_base_bringup:/opt/erc_ws/install/omni_base_description:/opt/erc_ws/install/pal_urdf_utils:/opt/erc_ws/install/pal_sea_arm_controller_configuration:/opt/erc_ws/install/pal_pro_gripper_controller_configuration:/opt/erc_ws/install/pal_pro_gripper_wrapper:/opt/erc_ws/install/pal_gripper_controller_configuration:/opt/erc_ws/install/omni_base_controller_configuration:/opt/erc_ws/install/gz_ros2_control:/opt/erc_ws/install/erc_solution:/opt/erc_ws/install/erc_description:/opt/ros/humble CMAKE_PREFIX_PATH=/opt/erc_ws/install/pal_urdf_utils:/opt/erc_ws/install/tiago_pro_robot:/opt/erc_ws/install/tiago_pro_head_robot:/opt/erc_ws/install/tiago_pro_bringup:/opt/erc_ws/install/tiago_pro_head_bringup:/opt/erc_ws/install/erc_bringup:/opt/erc_ws/install/tiago_pro_description:/opt/erc_ws/install/tiago_pro_head_description:/opt/erc_ws/install/tiago_pro_controller_configuration:/opt/erc_ws/install/tiago_pro_head_controller_configuration:/opt/erc_ws/install/pal_sea_arm:/opt/erc_ws/install/pal_sea_arm_bringup:/opt/erc_ws/install/pal_sea_arm_description:/opt/erc_ws/install/pal_pro_gripper_simulation:/opt/erc_ws/install/pal_pro_gripper_bringup:/opt/erc_ws/install/pal_pro_gripper:/opt/erc_ws/install/pal_pro_gripper_description:/opt/erc_ws/install/pal_gripper_simulation:/opt/erc_ws/install/pal_gripper:/opt/erc_ws/install/pal_gripper_description:/opt/erc_ws/install/omni_base_robot:/opt/erc_ws/install/omni_base_bringup:/opt/erc_ws/install/omni_base_description:/opt/erc_ws/install/pal_sea_arm_controller_configuration:/opt/erc_ws/install/pal_pro_gripper_controller_configuration:/opt/erc_ws/install/pal_gripper_controller_configuration:/opt/erc_ws/install/omni_base_controller_configuration:/opt/erc_ws/install/gz_ros2_control:/opt/erc_ws/install/erc_description:/opt/erc_ws/install/sensors:/opt/erc_ws/install/pal_pro_gripper_wrapper:/opt/erc_ws/install/launch_pal:/opt/erc_ws/install/erc_solution:/opt/ros/humble PYTHONPATH=/opt/erc_ws/build/launch_pal:/opt/erc_ws/install/launch_pal/lib/python3.10/site-packages:/opt/erc_ws/install/tiago_pro_description/local/lib/python3.10/dist-packages:/opt/erc_ws/install/tiago_pro_head_description/local/lib/python3.10/dist-packages:/opt/erc_ws/build/sensors:/opt/erc_ws/install/sensors/lib/python3.10/site-packages:/opt/erc_ws/install/pal_sea_arm_description/local/lib/python3.10/dist-packages:/opt/erc_ws/install/pal_pro_gripper_description/local/lib/python3.10/dist-packages:/opt/erc_ws/install/omni_base_description/local/lib/python3.10/dist-packages:/opt/erc_ws/build/pal_pro_gripper_wrapper:/opt/erc_ws/install/pal_pro_gripper_wrapper/lib/python3.10/site-packages:/opt/erc_ws/build/erc_solution:/opt/erc_ws/install/erc_solution/lib/python3.10/site-packages:/opt/ros/humble/lib/python3.10/site-packages:/opt/ros/humble/local/lib/python3.10/dist-packages /usr/bin/cmake --install /opt/erc_ws/build/omni_base_description
[4.122s] Level 1:colcon.colcon_core.environment:checking '/opt/erc_ws/install/omni_base_description' for CMake config files
[4.123s] Level 1:colcon.colcon_core.shell:create_environment_hook('omni_base_description', 'cmake_prefix_path')
[4.124s] INFO:colcon.colcon_core.shell:Creating environment hook '/opt/erc_ws/install/omni_base_description/share/omni_base_description/hook/cmake_prefix_path.ps1'
[4.125s] INFO:colcon.colcon_core.shell:Creating environment descriptor '/opt/erc_ws/install/omni_base_description/share/omni_base_description/hook/cmake_prefix_path.dsv'
[4.126s] INFO:colcon.colcon_core.shell:Creating environment hook '/opt/erc_ws/install/omni_base_description/share/omni_base_description/hook/cmake_prefix_path.sh'
[4.129s] Level 1:colcon.colcon_core.environment:checking '/opt/erc_ws/install/omni_base_description/bin'
[4.129s] Level 1:colcon.colcon_core.environment:checking '/opt/erc_ws/install/omni_base_description/lib/pkgconfig/omni_base_description.pc'
[4.129s] Level 1:colcon.colcon_core.environment:checking '/opt/erc_ws/install/omni_base_description/lib/python3.10/site-packages'
[4.129s] Level 1:colcon.colcon_core.environment:checking '/opt/erc_ws/install/omni_base_description/bin'
[4.129s] INFO:colcon.colcon_core.shell:Creating package script '/opt/erc_ws/install/omni_base_description/share/omni_base_description/package.ps1'
[4.130s] INFO:colcon.colcon_core.shell:Creating package descriptor '/opt/erc_ws/install/omni_base_description/share/omni_base_description/package.dsv'
[4.131s] INFO:colcon.colcon_core.shell:Creating package script '/opt/erc_ws/install/omni_base_description/share/omni_base_description/package.sh'
[4.132s] INFO:colcon.colcon_core.shell:Creating package script '/opt/erc_ws/install/omni_base_description/share/omni_base_description/package.bash'
[4.133s] INFO:colcon.colcon_core.shell:Creating package script '/opt/erc_ws/install/omni_base_description/share/omni_base_description/package.zsh'
[4.133s] Level 1:colcon.colcon_core.environment:create_file_with_runtime_dependencies(/opt/erc_ws/install/omni_base_description/share/colcon-core/packages/omni_base_description)
[4.134s] Level 1:colcon.colcon_core.environment:create_environment_scripts_only(omni_base_description)
[4.134s] Level 1:colcon.colcon_core.environment:checking '/opt/erc_ws/install/omni_base_description' for CMake module files
[4.135s] Level 1:colcon.colcon_core.environment:checking '/opt/erc_ws/install/omni_base_description' for CMake config files
[4.135s] Level 1:colcon.colcon_core.shell:create_environment_hook('omni_base_description', 'cmake_prefix_path')
[4.135s] INFO:colcon.colcon_core.shell:Creating environment hook '/opt/erc_ws/install/omni_base_description/share/omni_base_description/hook/cmake_prefix_path.ps1'
[4.136s] INFO:colcon.colcon_core.shell:Creating environment descriptor '/opt/erc_ws/install/omni_base_description/share/omni_base_description/hook/cmake_prefix_path.dsv'
[4.136s] INFO:colcon.colcon_core.shell:Creating environment hook '/opt/erc_ws/install/omni_base_description/share/omni_base_description/hook/cmake_prefix_path.sh'
[4.137s] Level 1:colcon.colcon_core.environment:checking '/opt/erc_ws/install/omni_base_description/bin'
[4.137s] Level 1:colcon.colcon_core.environment:checking '/opt/erc_ws/install/omni_base_description/lib/pkgconfig/omni_base_description.pc'
[4.137s] Level 1:colcon.colcon_core.environment:checking '/opt/erc_ws/install/omni_base_description/lib/python3.10/site-packages'
[4.137s] Level 1:colcon.colcon_core.environment:checking '/opt/erc_ws/install/omni_base_description/bin'
[4.138s] INFO:colcon.colcon_core.shell:Creating package script '/opt/erc_ws/install/omni_base_description/share/omni_base_description/package.ps1'
[4.139s] INFO:colcon.colcon_core.shell:Creating package descriptor '/opt/erc_ws/install/omni_base_description/share/omni_base_description/package.dsv'
[4.139s] INFO:colcon.colcon_core.shell:Creating package script '/opt/erc_ws/install/omni_base_description/share/omni_base_description/package.sh'
[4.140s] INFO:colcon.colcon_core.shell:Creating package script '/opt/erc_ws/install/omni_base_description/share/omni_base_description/package.bash'
[4.140s] INFO:colcon.colcon_core.shell:Creating package script '/opt/erc_ws/install/omni_base_description/share/omni_base_description/package.zsh'
[4.141s] Level 1:colcon.colcon_core.environment:create_file_with_runtime_dependencies(/opt/erc_ws/install/omni_base_description/share/colcon-core/packages/omni_base_description)
[4.142s] INFO:colcon.colcon_ros.task.ament_cmake.build:Building ROS package in '/opt/erc_ws/src/omni_base_robot/omni_base_bringup' with build type 'ament_cmake'
[4.142s] INFO:colcon.colcon_cmake.task.cmake.build:Building CMake package in '/opt/erc_ws/src/omni_base_robot/omni_base_bringup'
[4.142s] INFO:colcon.colcon_core.shell:Skip shell extension 'powershell' for command environment: Not usable outside of PowerShell
[4.143s] DEBUG:colcon.colcon_core.shell:Skip shell extension 'dsv' for command environment
[4.154s] Level 1:colcon.colcon_core.environment:create_environment_scripts_only(tiago_pro_controller_configuration)
[4.155s] Level 1:colcon.colcon_core.environment:checking '/opt/erc_ws/install/tiago_pro_controller_configuration' for CMake module files
[4.155s] DEBUG:colcon.colcon_core.event_handler.log_command:Invoked command in '/opt/erc_ws/build/tiago_pro_controller_configuration' returned '0': AMENT_PREFIX_PATH=/opt/erc_ws/install/pal_pro_gripper_wrapper:/opt/erc_ws/install/launch_pal:/opt/erc_ws/install/tiago_pro_robot:/opt/erc_ws/install/tiago_pro_head_robot:/opt/erc_ws/install/tiago_pro_bringup:/opt/erc_ws/install/tiago_pro_head_bringup:/opt/erc_ws/install/erc_bringup:/opt/erc_ws/install/tiago_pro_description:/opt/erc_ws/install/tiago_pro_head_description:/opt/erc_ws/install/tiago_pro_controller_configuration:/opt/erc_ws/install/tiago_pro_head_controller_configuration:/opt/erc_ws/install/sensors:/opt/erc_ws/install/pal_sea_arm:/opt/erc_ws/install/pal_sea_arm_bringup:/opt/erc_ws/install/pal_sea_arm_description:/opt/erc_ws/install/pal_pro_gripper_simulation:/opt/erc_ws/install/pal_pro_gripper_bringup:/opt/erc_ws/install/pal_pro_gripper:/opt/erc_ws/install/pal_pro_gripper_description:/opt/erc_ws/install/pal_gripper_simulation:/opt/erc_ws/install/pal_gripper:/opt/erc_ws/install/pal_gripper_description:/opt/erc_ws/install/omni_base_robot:/opt/erc_ws/install/omni_base_bringup:/opt/erc_ws/install/omni_base_description:/opt/erc_ws/install/pal_urdf_utils:/opt/erc_ws/install/pal_sea_arm_controller_configuration:/opt/erc_ws/install/pal_pro_gripper_controller_configuration:/opt/erc_ws/install/pal_gripper_controller_configuration:/opt/erc_ws/install/omni_base_controller_configuration:/opt/erc_ws/install/gz_ros2_control:/opt/erc_ws/install/erc_solution:/opt/erc_ws/install/erc_description:/opt/ros/humble CMAKE_PREFIX_PATH=/opt/erc_ws/install/pal_sea_arm_controller_configuration:/opt/erc_ws/install/tiago_pro_head_controller_configuration:/opt/erc_ws/install/pal_pro_gripper_controller_configuration:/opt/erc_ws/install/omni_base_controller_configuration:/opt/erc_ws/install/tiago_pro_robot:/opt/erc_ws/install/tiago_pro_head_robot:/opt/erc_ws/install/tiago_pro_bringup:/opt/erc_ws/install/tiago_pro_head_bringup:/opt/erc_ws/install/erc_bringup:/opt/erc_ws/install/tiago_pro_description:/opt/erc_ws/install/tiago_pro_head_description:/opt/erc_ws/install/tiago_pro_controller_configuration:/opt/erc_ws/install/pal_sea_arm:/opt/erc_ws/install/pal_sea_arm_bringup:/opt/erc_ws/install/pal_sea_arm_description:/opt/erc_ws/install/pal_pro_gripper_simulation:/opt/erc_ws/install/pal_pro_gripper_bringup:/opt/erc_ws/install/pal_pro_gripper:/opt/erc_ws/install/pal_pro_gripper_description:/opt/erc_ws/install/pal_gripper_simulation:/opt/erc_ws/install/pal_gripper:/opt/erc_ws/install/pal_gripper_description:/opt/erc_ws/install/omni_base_robot:/opt/erc_ws/install/omni_base_bringup:/opt/erc_ws/install/omni_base_description:/opt/erc_ws/install/pal_urdf_utils:/opt/erc_ws/install/pal_gripper_controller_configuration:/opt/erc_ws/install/gz_ros2_control:/opt/erc_ws/install/erc_description:/opt/erc_ws/install/sensors:/opt/erc_ws/install/pal_pro_gripper_wrapper:/opt/erc_ws/install/launch_pal:/opt/erc_ws/install/erc_solution:/opt/ros/humble PYTHONPATH=/opt/erc_ws/build/pal_pro_gripper_wrapper:/opt/erc_ws/install/pal_pro_gripper_wrapper/lib/python3.10/site-packages:/opt/erc_ws/build/launch_pal:/opt/erc_ws/install/launch_pal/lib/python3.10/site-packages:/opt/erc_ws/install/tiago_pro_description/local/lib/python3.10/dist-packages:/opt/erc_ws/install/tiago_pro_head_description/local/lib/python3.10/dist-packages:/opt/erc_ws/build/sensors:/opt/erc_ws/install/sensors/lib/python3.10/site-packages:/opt/erc_ws/install/pal_sea_arm_description/local/lib/python3.10/dist-packages:/opt/erc_ws/install/pal_pro_gripper_description/local/lib/python3.10/dist-packages:/opt/erc_ws/install/omni_base_description/local/lib/python3.10/dist-packages:/opt/erc_ws/build/erc_solution:/opt/erc_ws/install/erc_solution/lib/python3.10/site-packages:/opt/ros/humble/lib/python3.10/site-packages:/opt/ros/humble/local/lib/python3.10/dist-packages /usr/bin/cmake --install /opt/erc_ws/build/tiago_pro_controller_configuration
[4.156s] Level 1:colcon.colcon_core.environment:checking '/opt/erc_ws/install/tiago_pro_controller_configuration' for CMake config files
[4.157s] Level 1:colcon.colcon_core.shell:create_environment_hook('tiago_pro_controller_configuration', 'cmake_prefix_path')
[4.157s] INFO:colcon.colcon_core.shell:Creating environment hook '/opt/erc_ws/install/tiago_pro_controller_configuration/share/tiago_pro_controller_configuration/hook/cmake_prefix_path.ps1'
[4.159s] INFO:colcon.colcon_core.shell:Creating environment descriptor '/opt/erc_ws/install/tiago_pro_controller_configuration/share/tiago_pro_controller_configuration/hook/cmake_prefix_path.dsv'
[4.160s] INFO:colcon.colcon_core.shell:Creating environment hook '/opt/erc_ws/install/tiago_pro_controller_configuration/share/tiago_pro_controller_configuration/hook/cmake_prefix_path.sh'
[4.161s] Level 1:colcon.colcon_core.environment:checking '/opt/erc_ws/install/tiago_pro_controller_configuration/bin'
[4.161s] Level 1:colcon.colcon_core.environment:checking '/opt/erc_ws/install/tiago_pro_controller_configuration/lib/pkgconfig/tiago_pro_controller_configuration.pc'
[4.162s] Level 1:colcon.colcon_core.environment:checking '/opt/erc_ws/install/tiago_pro_controller_configuration/lib/python3.10/site-packages'
[4.162s] Level 1:colcon.colcon_core.environment:checking '/opt/erc_ws/install/tiago_pro_controller_configuration/bin'
[4.163s] INFO:colcon.colcon_core.shell:Creating package script '/opt/erc_ws/install/tiago_pro_controller_configuration/share/tiago_pro_controller_configuration/package.ps1'
[4.164s] INFO:colcon.colcon_core.shell:Creating package descriptor '/opt/erc_ws/install/tiago_pro_controller_configuration/share/tiago_pro_controller_configuration/package.dsv'
[4.164s] INFO:colcon.colcon_core.shell:Creating package script '/opt/erc_ws/install/tiago_pro_controller_configuration/share/tiago_pro_controller_configuration/package.sh'
[4.165s] INFO:colcon.colcon_core.shell:Creating package script '/opt/erc_ws/install/tiago_pro_controller_configuration/share/tiago_pro_controller_configuration/package.bash'
[4.166s] INFO:colcon.colcon_core.shell:Creating package script '/opt/erc_ws/install/tiago_pro_controller_configuration/share/tiago_pro_controller_configuration/package.zsh'
[4.167s] Level 1:colcon.colcon_core.environment:create_file_with_runtime_dependencies(/opt/erc_ws/install/tiago_pro_controller_configuration/share/colcon-core/packages/tiago_pro_controller_configuration)
[4.168s] Level 1:colcon.colcon_core.environment:create_environment_scripts_only(tiago_pro_controller_configuration)
[4.168s] Level 1:colcon.colcon_core.environment:checking '/opt/erc_ws/install/tiago_pro_controller_configuration' for CMake module files
[4.169s] Level 1:colcon.colcon_core.environment:checking '/opt/erc_ws/install/tiago_pro_controller_configuration' for CMake config files
[4.169s] Level 1:colcon.colcon_core.shell:create_environment_hook('tiago_pro_controller_configuration', 'cmake_prefix_path')
[4.170s] INFO:colcon.colcon_core.shell:Creating environment hook '/opt/erc_ws/install/tiago_pro_controller_configuration/share/tiago_pro_controller_configuration/hook/cmake_prefix_path.ps1'
[4.171s] INFO:colcon.colcon_core.shell:Creating environment descriptor '/opt/erc_ws/install/tiago_pro_controller_configuration/share/tiago_pro_controller_configuration/hook/cmake_prefix_path.dsv'
[4.172s] INFO:colcon.colcon_core.shell:Creating environment hook '/opt/erc_ws/install/tiago_pro_controller_configuration/share/tiago_pro_controller_configuration/hook/cmake_prefix_path.sh'
[4.172s] Level 1:colcon.colcon_core.environment:checking '/opt/erc_ws/install/tiago_pro_controller_configuration/bin'
[4.173s] Level 1:colcon.colcon_core.environment:checking '/opt/erc_ws/install/tiago_pro_controller_configuration/lib/pkgconfig/tiago_pro_controller_configuration.pc'
[4.173s] Level 1:colcon.colcon_core.environment:checking '/opt/erc_ws/install/tiago_pro_controller_configuration/lib/python3.10/site-packages'
[4.173s] Level 1:colcon.colcon_core.environment:checking '/opt/erc_ws/install/tiago_pro_controller_configuration/bin'
[4.174s] INFO:colcon.colcon_core.shell:Creating package script '/opt/erc_ws/install/tiago_pro_controller_configuration/share/tiago_pro_controller_configuration/package.ps1'
[4.175s] INFO:colcon.colcon_core.shell:Creating package descriptor '/opt/erc_ws/install/tiago_pro_controller_configuration/share/tiago_pro_controller_configuration/package.dsv'
[4.175s] INFO:colcon.colcon_core.shell:Creating package script '/opt/erc_ws/install/tiago_pro_controller_configuration/share/tiago_pro_controller_configuration/package.sh'
[4.176s] INFO:colcon.colcon_core.shell:Creating package script '/opt/erc_ws/install/tiago_pro_controller_configuration/share/tiago_pro_controller_configuration/package.bash'
[4.177s] INFO:colcon.colcon_core.shell:Creating package script '/opt/erc_ws/install/tiago_pro_controller_configuration/share/tiago_pro_controller_configuration/package.zsh'
[4.178s] Level 1:colcon.colcon_core.environment:create_file_with_runtime_dependencies(/opt/erc_ws/install/tiago_pro_controller_configuration/share/colcon-core/packages/tiago_pro_controller_configuration)
[4.185s] DEBUG:colcon.colcon_core.event_handler.log_command:Invoking command in '/opt/erc_ws/build/omni_base_bringup': AMENT_PREFIX_PATH=/opt/erc_ws/install/launch_pal:/opt/erc_ws/install/tiago_pro_robot:/opt/erc_ws/install/tiago_pro_head_robot:/opt/erc_ws/install/tiago_pro_bringup:/opt/erc_ws/install/tiago_pro_head_bringup:/opt/erc_ws/install/erc_bringup:/opt/erc_ws/install/tiago_pro_description:/opt/erc_ws/install/tiago_pro_head_description:/opt/erc_ws/install/tiago_pro_controller_configuration:/opt/erc_ws/install/tiago_pro_head_controller_configuration:/opt/erc_ws/install/sensors:/opt/erc_ws/install/pal_sea_arm:/opt/erc_ws/install/pal_sea_arm_bringup:/opt/erc_ws/install/pal_sea_arm_description:/opt/erc_ws/install/pal_pro_gripper_simulation:/opt/erc_ws/install/pal_pro_gripper_bringup:/opt/erc_ws/install/pal_pro_gripper:/opt/erc_ws/install/pal_pro_gripper_description:/opt/erc_ws/install/pal_gripper_simulation:/opt/erc_ws/install/pal_gripper:/opt/erc_ws/install/pal_gripper_description:/opt/erc_ws/install/omni_base_robot:/opt/erc_ws/install/omni_base_bringup:/opt/erc_ws/install/omni_base_description:/opt/erc_ws/install/pal_urdf_utils:/opt/erc_ws/install/pal_sea_arm_controller_configuration:/opt/erc_ws/install/pal_pro_gripper_controller_configuration:/opt/erc_ws/install/pal_pro_gripper_wrapper:/opt/erc_ws/install/pal_gripper_controller_configuration:/opt/erc_ws/install/omni_base_controller_configuration:/opt/erc_ws/install/gz_ros2_control:/opt/erc_ws/install/erc_solution:/opt/erc_ws/install/erc_description:/opt/ros/humble CMAKE_PREFIX_PATH=/opt/erc_ws/install/omni_base_description:/opt/erc_ws/install/pal_urdf_utils:/opt/erc_ws/install/omni_base_controller_configuration:/opt/erc_ws/install/tiago_pro_robot:/opt/erc_ws/install/tiago_pro_head_robot:/opt/erc_ws/install/tiago_pro_bringup:/opt/erc_ws/install/tiago_pro_head_bringup:/opt/erc_ws/install/erc_bringup:/opt/erc_ws/install/tiago_pro_description:/opt/erc_ws/install/tiago_pro_head_description:/opt/erc_ws/install/tiago_pro_controller_configuration:/opt/erc_ws/install/tiago_pro_head_controller_configuration:/opt/erc_ws/install/pal_sea_arm:/opt/erc_ws/install/pal_sea_arm_bringup:/opt/erc_ws/install/pal_sea_arm_description:/opt/erc_ws/install/pal_pro_gripper_simulation:/opt/erc_ws/install/pal_pro_gripper_bringup:/opt/erc_ws/install/pal_pro_gripper:/opt/erc_ws/install/pal_pro_gripper_description:/opt/erc_ws/install/pal_gripper_simulation:/opt/erc_ws/install/pal_gripper:/opt/erc_ws/install/pal_gripper_description:/opt/erc_ws/install/omni_base_robot:/opt/erc_ws/install/omni_base_bringup:/opt/erc_ws/install/pal_sea_arm_controller_configuration:/opt/erc_ws/install/pal_pro_gripper_controller_configuration:/opt/erc_ws/install/pal_gripper_controller_configuration:/opt/erc_ws/install/gz_ros2_control:/opt/erc_ws/install/erc_description:/opt/erc_ws/install/sensors:/opt/erc_ws/install/pal_pro_gripper_wrapper:/opt/erc_ws/install/launch_pal:/opt/erc_ws/install/erc_solution:/opt/ros/humble PYTHONPATH=/opt/erc_ws/build/launch_pal:/opt/erc_ws/install/launch_pal/lib/python3.10/site-packages:/opt/erc_ws/install/tiago_pro_description/local/lib/python3.10/dist-packages:/opt/erc_ws/install/tiago_pro_head_description/local/lib/python3.10/dist-packages:/opt/erc_ws/build/sensors:/opt/erc_ws/install/sensors/lib/python3.10/site-packages:/opt/erc_ws/install/pal_sea_arm_description/local/lib/python3.10/dist-packages:/opt/erc_ws/install/pal_pro_gripper_description/local/lib/python3.10/dist-packages:/opt/erc_ws/install/omni_base_description/local/lib/python3.10/dist-packages:/opt/erc_ws/build/pal_pro_gripper_wrapper:/opt/erc_ws/install/pal_pro_gripper_wrapper/lib/python3.10/site-packages:/opt/erc_ws/build/erc_solution:/opt/erc_ws/install/erc_solution/lib/python3.10/site-packages:/opt/ros/humble/lib/python3.10/site-packages:/opt/ros/humble/local/lib/python3.10/dist-packages /usr/bin/cmake --build /opt/erc_ws/build/omni_base_bringup -- -j16 -l16
[4.230s] DEBUG:colcon.colcon_core.event_handler.log_command:Invoked command in '/opt/erc_ws/build/omni_base_bringup' returned '0': AMENT_PREFIX_PATH=/opt/erc_ws/install/launch_pal:/opt/erc_ws/install/tiago_pro_robot:/opt/erc_ws/install/tiago_pro_head_robot:/opt/erc_ws/install/tiago_pro_bringup:/opt/erc_ws/install/tiago_pro_head_bringup:/opt/erc_ws/install/erc_bringup:/opt/erc_ws/install/tiago_pro_description:/opt/erc_ws/install/tiago_pro_head_description:/opt/erc_ws/install/tiago_pro_controller_configuration:/opt/erc_ws/install/tiago_pro_head_controller_configuration:/opt/erc_ws/install/sensors:/opt/erc_ws/install/pal_sea_arm:/opt/erc_ws/install/pal_sea_arm_bringup:/opt/erc_ws/install/pal_sea_arm_description:/opt/erc_ws/install/pal_pro_gripper_simulation:/opt/erc_ws/install/pal_pro_gripper_bringup:/opt/erc_ws/install/pal_pro_gripper:/opt/erc_ws/install/pal_pro_gripper_description:/opt/erc_ws/install/pal_gripper_simulation:/opt/erc_ws/install/pal_gripper:/opt/erc_ws/install/pal_gripper_description:/opt/erc_ws/install/omni_base_robot:/opt/erc_ws/install/omni_base_bringup:/opt/erc_ws/install/omni_base_description:/opt/erc_ws/install/pal_urdf_utils:/opt/erc_ws/install/pal_sea_arm_controller_configuration:/opt/erc_ws/install/pal_pro_gripper_controller_configuration:/opt/erc_ws/install/pal_pro_gripper_wrapper:/opt/erc_ws/install/pal_gripper_controller_configuration:/opt/erc_ws/install/omni_base_controller_configuration:/opt/erc_ws/install/gz_ros2_control:/opt/erc_ws/install/erc_solution:/opt/erc_ws/install/erc_description:/opt/ros/humble CMAKE_PREFIX_PATH=/opt/erc_ws/install/omni_base_description:/opt/erc_ws/install/pal_urdf_utils:/opt/erc_ws/install/omni_base_controller_configuration:/opt/erc_ws/install/tiago_pro_robot:/opt/erc_ws/install/tiago_pro_head_robot:/opt/erc_ws/install/tiago_pro_bringup:/opt/erc_ws/install/tiago_pro_head_bringup:/opt/erc_ws/install/erc_bringup:/opt/erc_ws/install/tiago_pro_description:/opt/erc_ws/install/tiago_pro_head_description:/opt/erc_ws/install/tiago_pro_controller_configuration:/opt/erc_ws/install/tiago_pro_head_controller_configuration:/opt/erc_ws/install/pal_sea_arm:/opt/erc_ws/install/pal_sea_arm_bringup:/opt/erc_ws/install/pal_sea_arm_description:/opt/erc_ws/install/pal_pro_gripper_simulation:/opt/erc_ws/install/pal_pro_gripper_bringup:/opt/erc_ws/install/pal_pro_gripper:/opt/erc_ws/install/pal_pro_gripper_description:/opt/erc_ws/install/pal_gripper_simulation:/opt/erc_ws/install/pal_gripper:/opt/erc_ws/install/pal_gripper_description:/opt/erc_ws/install/omni_base_robot:/opt/erc_ws/install/omni_base_bringup:/opt/erc_ws/install/pal_sea_arm_controller_configuration:/opt/erc_ws/install/pal_pro_gripper_controller_configuration:/opt/erc_ws/install/pal_gripper_controller_configuration:/opt/erc_ws/install/gz_ros2_control:/opt/erc_ws/install/erc_description:/opt/erc_ws/install/sensors:/opt/erc_ws/install/pal_pro_gripper_wrapper:/opt/erc_ws/install/launch_pal:/opt/erc_ws/install/erc_solution:/opt/ros/humble PYTHONPATH=/opt/erc_ws/build/launch_pal:/opt/erc_ws/install/launch_pal/lib/python3.10/site-packages:/opt/erc_ws/install/tiago_pro_description/local/lib/python3.10/dist-packages:/opt/erc_ws/install/tiago_pro_head_description/local/lib/python3.10/dist-packages:/opt/erc_ws/build/sensors:/opt/erc_ws/install/sensors/lib/python3.10/site-packages:/opt/erc_ws/install/pal_sea_arm_description/local/lib/python3.10/dist-packages:/opt/erc_ws/install/pal_pro_gripper_description/local/lib/python3.10/dist-packages:/opt/erc_ws/install/omni_base_description/local/lib/python3.10/dist-packages:/opt/erc_ws/build/pal_pro_gripper_wrapper:/opt/erc_ws/install/pal_pro_gripper_wrapper/lib/python3.10/site-packages:/opt/erc_ws/build/erc_solution:/opt/erc_ws/install/erc_solution/lib/python3.10/site-packages:/opt/ros/humble/lib/python3.10/site-packages:/opt/ros/humble/local/lib/python3.10/dist-packages /usr/bin/cmake --build /opt/erc_ws/build/omni_base_bringup -- -j16 -l16
[4.233s] DEBUG:colcon.colcon_core.event_handler.log_command:Invoking command in '/opt/erc_ws/build/omni_base_bringup': AMENT_PREFIX_PATH=/opt/erc_ws/install/launch_pal:/opt/erc_ws/install/tiago_pro_robot:/opt/erc_ws/install/tiago_pro_head_robot:/opt/erc_ws/install/tiago_pro_bringup:/opt/erc_ws/install/tiago_pro_head_bringup:/opt/erc_ws/install/erc_bringup:/opt/erc_ws/install/tiago_pro_description:/opt/erc_ws/install/tiago_pro_head_description:/opt/erc_ws/install/tiago_pro_controller_configuration:/opt/erc_ws/install/tiago_pro_head_controller_configuration:/opt/erc_ws/install/sensors:/opt/erc_ws/install/pal_sea_arm:/opt/erc_ws/install/pal_sea_arm_bringup:/opt/erc_ws/install/pal_sea_arm_description:/opt/erc_ws/install/pal_pro_gripper_simulation:/opt/erc_ws/install/pal_pro_gripper_bringup:/opt/erc_ws/install/pal_pro_gripper:/opt/erc_ws/install/pal_pro_gripper_description:/opt/erc_ws/install/pal_gripper_simulation:/opt/erc_ws/install/pal_gripper:/opt/erc_ws/install/pal_gripper_description:/opt/erc_ws/install/omni_base_robot:/opt/erc_ws/install/omni_base_bringup:/opt/erc_ws/install/omni_base_description:/opt/erc_ws/install/pal_urdf_utils:/opt/erc_ws/install/pal_sea_arm_controller_configuration:/opt/erc_ws/install/pal_pro_gripper_controller_configuration:/opt/erc_ws/install/pal_pro_gripper_wrapper:/opt/erc_ws/install/pal_gripper_controller_configuration:/opt/erc_ws/install/omni_base_controller_configuration:/opt/erc_ws/install/gz_ros2_control:/opt/erc_ws/install/erc_solution:/opt/erc_ws/install/erc_description:/opt/ros/humble CMAKE_PREFIX_PATH=/opt/erc_ws/install/omni_base_description:/opt/erc_ws/install/pal_urdf_utils:/opt/erc_ws/install/omni_base_controller_configuration:/opt/erc_ws/install/tiago_pro_robot:/opt/erc_ws/install/tiago_pro_head_robot:/opt/erc_ws/install/tiago_pro_bringup:/opt/erc_ws/install/tiago_pro_head_bringup:/opt/erc_ws/install/erc_bringup:/opt/erc_ws/install/tiago_pro_description:/opt/erc_ws/install/tiago_pro_head_description:/opt/erc_ws/install/tiago_pro_controller_configuration:/opt/erc_ws/install/tiago_pro_head_controller_configuration:/opt/erc_ws/install/pal_sea_arm:/opt/erc_ws/install/pal_sea_arm_bringup:/opt/erc_ws/install/pal_sea_arm_description:/opt/erc_ws/install/pal_pro_gripper_simulation:/opt/erc_ws/install/pal_pro_gripper_bringup:/opt/erc_ws/install/pal_pro_gripper:/opt/erc_ws/install/pal_pro_gripper_description:/opt/erc_ws/install/pal_gripper_simulation:/opt/erc_ws/install/pal_gripper:/opt/erc_ws/install/pal_gripper_description:/opt/erc_ws/install/omni_base_robot:/opt/erc_ws/install/omni_base_bringup:/opt/erc_ws/install/pal_sea_arm_controller_configuration:/opt/erc_ws/install/pal_pro_gripper_controller_configuration:/opt/erc_ws/install/pal_gripper_controller_configuration:/opt/erc_ws/install/gz_ros2_control:/opt/erc_ws/install/erc_description:/opt/erc_ws/install/sensors:/opt/erc_ws/install/pal_pro_gripper_wrapper:/opt/erc_ws/install/launch_pal:/opt/erc_ws/install/erc_solution:/opt/ros/humble PYTHONPATH=/opt/erc_ws/build/launch_pal:/opt/erc_ws/install/launch_pal/lib/python3.10/site-packages:/opt/erc_ws/install/tiago_pro_description/local/lib/python3.10/dist-packages:/opt/erc_ws/install/tiago_pro_head_description/local/lib/python3.10/dist-packages:/opt/erc_ws/build/sensors:/opt/erc_ws/install/sensors/lib/python3.10/site-packages:/opt/erc_ws/install/pal_sea_arm_description/local/lib/python3.10/dist-packages:/opt/erc_ws/install/pal_pro_gripper_description/local/lib/python3.10/dist-packages:/opt/erc_ws/install/omni_base_description/local/lib/python3.10/dist-packages:/opt/erc_ws/build/pal_pro_gripper_wrapper:/opt/erc_ws/install/pal_pro_gripper_wrapper/lib/python3.10/site-packages:/opt/erc_ws/build/erc_solution:/opt/erc_ws/install/erc_solution/lib/python3.10/site-packages:/opt/ros/humble/lib/python3.10/site-packages:/opt/ros/humble/local/lib/python3.10/dist-packages /usr/bin/cmake --install /opt/erc_ws/build/omni_base_bringup
[4.237s] DEBUG:colcon.colcon_core.event_handler.log_command:Invoked command in '/opt/erc_ws/build/tiago_pro_head_description' returned '0': AMENT_PREFIX_PATH=/opt/erc_ws/install/launch_pal:/opt/erc_ws/install/tiago_pro_robot:/opt/erc_ws/install/tiago_pro_head_robot:/opt/erc_ws/install/tiago_pro_bringup:/opt/erc_ws/install/tiago_pro_head_bringup:/opt/erc_ws/install/erc_bringup:/opt/erc_ws/install/tiago_pro_description:/opt/erc_ws/install/tiago_pro_head_description:/opt/erc_ws/install/tiago_pro_controller_configuration:/opt/erc_ws/install/tiago_pro_head_controller_configuration:/opt/erc_ws/install/sensors:/opt/erc_ws/install/pal_sea_arm:/opt/erc_ws/install/pal_sea_arm_bringup:/opt/erc_ws/install/pal_sea_arm_description:/opt/erc_ws/install/pal_pro_gripper_simulation:/opt/erc_ws/install/pal_pro_gripper_bringup:/opt/erc_ws/install/pal_pro_gripper:/opt/erc_ws/install/pal_pro_gripper_description:/opt/erc_ws/install/pal_gripper_simulation:/opt/erc_ws/install/pal_gripper:/opt/erc_ws/install/pal_gripper_description:/opt/erc_ws/install/omni_base_robot:/opt/erc_ws/install/omni_base_bringup:/opt/erc_ws/install/omni_base_description:/opt/erc_ws/install/pal_urdf_utils:/opt/erc_ws/install/pal_sea_arm_controller_configuration:/opt/erc_ws/install/pal_pro_gripper_controller_configuration:/opt/erc_ws/install/pal_pro_gripper_wrapper:/opt/erc_ws/install/pal_gripper_controller_configuration:/opt/erc_ws/install/omni_base_controller_configuration:/opt/erc_ws/install/gz_ros2_control:/opt/erc_ws/install/erc_solution:/opt/erc_ws/install/erc_description:/opt/ros/humble CMAKE_PREFIX_PATH=/opt/erc_ws/install/tiago_pro_head_controller_configuration:/opt/erc_ws/install/pal_urdf_utils:/opt/erc_ws/install/tiago_pro_robot:/opt/erc_ws/install/tiago_pro_head_robot:/opt/erc_ws/install/tiago_pro_bringup:/opt/erc_ws/install/tiago_pro_head_bringup:/opt/erc_ws/install/erc_bringup:/opt/erc_ws/install/tiago_pro_description:/opt/erc_ws/install/tiago_pro_head_description:/opt/erc_ws/install/tiago_pro_controller_configuration:/opt/erc_ws/install/pal_sea_arm:/opt/erc_ws/install/pal_sea_arm_bringup:/opt/erc_ws/install/pal_sea_arm_description:/opt/erc_ws/install/pal_pro_gripper_simulation:/opt/erc_ws/install/pal_pro_gripper_bringup:/opt/erc_ws/install/pal_pro_gripper:/opt/erc_ws/install/pal_pro_gripper_description:/opt/erc_ws/install/pal_gripper_simulation:/opt/erc_ws/install/pal_gripper:/opt/erc_ws/install/pal_gripper_description:/opt/erc_ws/install/omni_base_robot:/opt/erc_ws/install/omni_base_bringup:/opt/erc_ws/install/omni_base_description:/opt/erc_ws/install/pal_sea_arm_controller_configuration:/opt/erc_ws/install/pal_pro_gripper_controller_configuration:/opt/erc_ws/install/pal_gripper_controller_configuration:/opt/erc_ws/install/omni_base_controller_configuration:/opt/erc_ws/install/gz_ros2_control:/opt/erc_ws/install/erc_description:/opt/erc_ws/install/sensors:/opt/erc_ws/install/pal_pro_gripper_wrapper:/opt/erc_ws/install/launch_pal:/opt/erc_ws/install/erc_solution:/opt/ros/humble PYTHONPATH=/opt/erc_ws/build/launch_pal:/opt/erc_ws/install/launch_pal/lib/python3.10/site-packages:/opt/erc_ws/install/tiago_pro_description/local/lib/python3.10/dist-packages:/opt/erc_ws/install/tiago_pro_head_description/local/lib/python3.10/dist-packages:/opt/erc_ws/build/sensors:/opt/erc_ws/install/sensors/lib/python3.10/site-packages:/opt/erc_ws/install/pal_sea_arm_description/local/lib/python3.10/dist-packages:/opt/erc_ws/install/pal_pro_gripper_description/local/lib/python3.10/dist-packages:/opt/erc_ws/install/omni_base_description/local/lib/python3.10/dist-packages:/opt/erc_ws/build/pal_pro_gripper_wrapper:/opt/erc_ws/install/pal_pro_gripper_wrapper/lib/python3.10/site-packages:/opt/erc_ws/build/erc_solution:/opt/erc_ws/install/erc_solution/lib/python3.10/site-packages:/opt/ros/humble/lib/python3.10/site-packages:/opt/ros/humble/local/lib/python3.10/dist-packages /usr/bin/cmake --build /opt/erc_ws/build/tiago_pro_head_description -- -j16 -l16
[4.239s] DEBUG:colcon.colcon_core.event_handler.log_command:Invoking command in '/opt/erc_ws/build/tiago_pro_head_description': AMENT_PREFIX_PATH=/opt/erc_ws/install/launch_pal:/opt/erc_ws/install/tiago_pro_robot:/opt/erc_ws/install/tiago_pro_head_robot:/opt/erc_ws/install/tiago_pro_bringup:/opt/erc_ws/install/tiago_pro_head_bringup:/opt/erc_ws/install/erc_bringup:/opt/erc_ws/install/tiago_pro_description:/opt/erc_ws/install/tiago_pro_head_description:/opt/erc_ws/install/tiago_pro_controller_configuration:/opt/erc_ws/install/tiago_pro_head_controller_configuration:/opt/erc_ws/install/sensors:/opt/erc_ws/install/pal_sea_arm:/opt/erc_ws/install/pal_sea_arm_bringup:/opt/erc_ws/install/pal_sea_arm_description:/opt/erc_ws/install/pal_pro_gripper_simulation:/opt/erc_ws/install/pal_pro_gripper_bringup:/opt/erc_ws/install/pal_pro_gripper:/opt/erc_ws/install/pal_pro_gripper_description:/opt/erc_ws/install/pal_gripper_simulation:/opt/erc_ws/install/pal_gripper:/opt/erc_ws/install/pal_gripper_description:/opt/erc_ws/install/omni_base_robot:/opt/erc_ws/install/omni_base_bringup:/opt/erc_ws/install/omni_base_description:/opt/erc_ws/install/pal_urdf_utils:/opt/erc_ws/install/pal_sea_arm_controller_configuration:/opt/erc_ws/install/pal_pro_gripper_controller_configuration:/opt/erc_ws/install/pal_pro_gripper_wrapper:/opt/erc_ws/install/pal_gripper_controller_configuration:/opt/erc_ws/install/omni_base_controller_configuration:/opt/erc_ws/install/gz_ros2_control:/opt/erc_ws/install/erc_solution:/opt/erc_ws/install/erc_description:/opt/ros/humble CMAKE_PREFIX_PATH=/opt/erc_ws/install/tiago_pro_head_controller_configuration:/opt/erc_ws/install/pal_urdf_utils:/opt/erc_ws/install/tiago_pro_robot:/opt/erc_ws/install/tiago_pro_head_robot:/opt/erc_ws/install/tiago_pro_bringup:/opt/erc_ws/install/tiago_pro_head_bringup:/opt/erc_ws/install/erc_bringup:/opt/erc_ws/install/tiago_pro_description:/opt/erc_ws/install/tiago_pro_head_description:/opt/erc_ws/install/tiago_pro_controller_configuration:/opt/erc_ws/install/pal_sea_arm:/opt/erc_ws/install/pal_sea_arm_bringup:/opt/erc_ws/install/pal_sea_arm_description:/opt/erc_ws/install/pal_pro_gripper_simulation:/opt/erc_ws/install/pal_pro_gripper_bringup:/opt/erc_ws/install/pal_pro_gripper:/opt/erc_ws/install/pal_pro_gripper_description:/opt/erc_ws/install/pal_gripper_simulation:/opt/erc_ws/install/pal_gripper:/opt/erc_ws/install/pal_gripper_description:/opt/erc_ws/install/omni_base_robot:/opt/erc_ws/install/omni_base_bringup:/opt/erc_ws/install/omni_base_description:/opt/erc_ws/install/pal_sea_arm_controller_configuration:/opt/erc_ws/install/pal_pro_gripper_controller_configuration:/opt/erc_ws/install/pal_gripper_controller_configuration:/opt/erc_ws/install/omni_base_controller_configuration:/opt/erc_ws/install/gz_ros2_control:/opt/erc_ws/install/erc_description:/opt/erc_ws/install/sensors:/opt/erc_ws/install/pal_pro_gripper_wrapper:/opt/erc_ws/install/launch_pal:/opt/erc_ws/install/erc_solution:/opt/ros/humble PYTHONPATH=/opt/erc_ws/build/launch_pal:/opt/erc_ws/install/launch_pal/lib/python3.10/site-packages:/opt/erc_ws/install/tiago_pro_description/local/lib/python3.10/dist-packages:/opt/erc_ws/install/tiago_pro_head_description/local/lib/python3.10/dist-packages:/opt/erc_ws/build/sensors:/opt/erc_ws/install/sensors/lib/python3.10/site-packages:/opt/erc_ws/install/pal_sea_arm_description/local/lib/python3.10/dist-packages:/opt/erc_ws/install/pal_pro_gripper_description/local/lib/python3.10/dist-packages:/opt/erc_ws/install/omni_base_description/local/lib/python3.10/dist-packages:/opt/erc_ws/build/pal_pro_gripper_wrapper:/opt/erc_ws/install/pal_pro_gripper_wrapper/lib/python3.10/site-packages:/opt/erc_ws/build/erc_solution:/opt/erc_ws/install/erc_solution/lib/python3.10/site-packages:/opt/ros/humble/lib/python3.10/site-packages:/opt/ros/humble/local/lib/python3.10/dist-packages /usr/bin/cmake --install /opt/erc_ws/build/tiago_pro_head_description
[4.263s] Level 1:colcon.colcon_core.environment:create_environment_scripts_only(omni_base_bringup)
[4.263s] Level 1:colcon.colcon_core.environment:checking '/opt/erc_ws/install/omni_base_bringup' for CMake module files
[4.266s] Level 1:colcon.colcon_core.environment:checking '/opt/erc_ws/install/omni_base_bringup' for CMake config files
[4.267s] Level 1:colcon.colcon_core.shell:create_environment_hook('omni_base_bringup', 'cmake_prefix_path')
[4.267s] INFO:colcon.colcon_core.shell:Creating environment hook '/opt/erc_ws/install/omni_base_bringup/share/omni_base_bringup/hook/cmake_prefix_path.ps1'
[4.268s] DEBUG:colcon.colcon_core.event_handler.log_command:Invoked command in '/opt/erc_ws/build/omni_base_bringup' returned '0': AMENT_PREFIX_PATH=/opt/erc_ws/install/launch_pal:/opt/erc_ws/install/tiago_pro_robot:/opt/erc_ws/install/tiago_pro_head_robot:/opt/erc_ws/install/tiago_pro_bringup:/opt/erc_ws/install/tiago_pro_head_bringup:/opt/erc_ws/install/erc_bringup:/opt/erc_ws/install/tiago_pro_description:/opt/erc_ws/install/tiago_pro_head_description:/opt/erc_ws/install/tiago_pro_controller_configuration:/opt/erc_ws/install/tiago_pro_head_controller_configuration:/opt/erc_ws/install/sensors:/opt/erc_ws/install/pal_sea_arm:/opt/erc_ws/install/pal_sea_arm_bringup:/opt/erc_ws/install/pal_sea_arm_description:/opt/erc_ws/install/pal_pro_gripper_simulation:/opt/erc_ws/install/pal_pro_gripper_bringup:/opt/erc_ws/install/pal_pro_gripper:/opt/erc_ws/install/pal_pro_gripper_description:/opt/erc_ws/install/pal_gripper_simulation:/opt/erc_ws/install/pal_gripper:/opt/erc_ws/install/pal_gripper_description:/opt/erc_ws/install/omni_base_robot:/opt/erc_ws/install/omni_base_bringup:/opt/erc_ws/install/omni_base_description:/opt/erc_ws/install/pal_urdf_utils:/opt/erc_ws/install/pal_sea_arm_controller_configuration:/opt/erc_ws/install/pal_pro_gripper_controller_configuration:/opt/erc_ws/install/pal_pro_gripper_wrapper:/opt/erc_ws/install/pal_gripper_controller_configuration:/opt/erc_ws/install/omni_base_controller_configuration:/opt/erc_ws/install/gz_ros2_control:/opt/erc_ws/install/erc_solution:/opt/erc_ws/install/erc_description:/opt/ros/humble CMAKE_PREFIX_PATH=/opt/erc_ws/install/omni_base_description:/opt/erc_ws/install/pal_urdf_utils:/opt/erc_ws/install/omni_base_controller_configuration:/opt/erc_ws/install/tiago_pro_robot:/opt/erc_ws/install/tiago_pro_head_robot:/opt/erc_ws/install/tiago_pro_bringup:/opt/erc_ws/install/tiago_pro_head_bringup:/opt/erc_ws/install/erc_bringup:/opt/erc_ws/install/tiago_pro_description:/opt/erc_ws/install/tiago_pro_head_description:/opt/erc_ws/install/tiago_pro_controller_configuration:/opt/erc_ws/install/tiago_pro_head_controller_configuration:/opt/erc_ws/install/pal_sea_arm:/opt/erc_ws/install/pal_sea_arm_bringup:/opt/erc_ws/install/pal_sea_arm_description:/opt/erc_ws/install/pal_pro_gripper_simulation:/opt/erc_ws/install/pal_pro_gripper_bringup:/opt/erc_ws/install/pal_pro_gripper:/opt/erc_ws/install/pal_pro_gripper_description:/opt/erc_ws/install/pal_gripper_simulation:/opt/erc_ws/install/pal_gripper:/opt/erc_ws/install/pal_gripper_description:/opt/erc_ws/install/omni_base_robot:/opt/erc_ws/install/omni_base_bringup:/opt/erc_ws/install/pal_sea_arm_controller_configuration:/opt/erc_ws/install/pal_pro_gripper_controller_configuration:/opt/erc_ws/install/pal_gripper_controller_configuration:/opt/erc_ws/install/gz_ros2_control:/opt/erc_ws/install/erc_description:/opt/erc_ws/install/sensors:/opt/erc_ws/install/pal_pro_gripper_wrapper:/opt/erc_ws/install/launch_pal:/opt/erc_ws/install/erc_solution:/opt/ros/humble PYTHONPATH=/opt/erc_ws/build/launch_pal:/opt/erc_ws/install/launch_pal/lib/python3.10/site-packages:/opt/erc_ws/install/tiago_pro_description/local/lib/python3.10/dist-packages:/opt/erc_ws/install/tiago_pro_head_description/local/lib/python3.10/dist-packages:/opt/erc_ws/build/sensors:/opt/erc_ws/install/sensors/lib/python3.10/site-packages:/opt/erc_ws/install/pal_sea_arm_description/local/lib/python3.10/dist-packages:/opt/erc_ws/install/pal_pro_gripper_description/local/lib/python3.10/dist-packages:/opt/erc_ws/install/omni_base_description/local/lib/python3.10/dist-packages:/opt/erc_ws/build/pal_pro_gripper_wrapper:/opt/erc_ws/install/pal_pro_gripper_wrapper/lib/python3.10/site-packages:/opt/erc_ws/build/erc_solution:/opt/erc_ws/install/erc_solution/lib/python3.10/site-packages:/opt/ros/humble/lib/python3.10/site-packages:/opt/ros/humble/local/lib/python3.10/dist-packages /usr/bin/cmake --install /opt/erc_ws/build/omni_base_bringup
[4.269s] INFO:colcon.colcon_core.shell:Creating environment descriptor '/opt/erc_ws/install/omni_base_bringup/share/omni_base_bringup/hook/cmake_prefix_path.dsv'
[4.270s] INFO:colcon.colcon_core.shell:Creating environment hook '/opt/erc_ws/install/omni_base_bringup/share/omni_base_bringup/hook/cmake_prefix_path.sh'
[4.271s] Level 1:colcon.colcon_core.environment:checking '/opt/erc_ws/install/omni_base_bringup/bin'
[4.272s] Level 1:colcon.colcon_core.environment:checking '/opt/erc_ws/install/omni_base_bringup/lib/pkgconfig/omni_base_bringup.pc'
[4.272s] Level 1:colcon.colcon_core.environment:checking '/opt/erc_ws/install/omni_base_bringup/lib/python3.10/site-packages'
[4.272s] Level 1:colcon.colcon_core.environment:checking '/opt/erc_ws/install/omni_base_bringup/bin'
[4.273s] INFO:colcon.colcon_core.shell:Creating package script '/opt/erc_ws/install/omni_base_bringup/share/omni_base_bringup/package.ps1'
[4.275s] INFO:colcon.colcon_core.shell:Creating package descriptor '/opt/erc_ws/install/omni_base_bringup/share/omni_base_bringup/package.dsv'
[4.276s] INFO:colcon.colcon_core.shell:Creating package script '/opt/erc_ws/install/omni_base_bringup/share/omni_base_bringup/package.sh'
[4.278s] INFO:colcon.colcon_core.shell:Creating package script '/opt/erc_ws/install/omni_base_bringup/share/omni_base_bringup/package.bash'
[4.278s] INFO:colcon.colcon_core.shell:Creating package script '/opt/erc_ws/install/omni_base_bringup/share/omni_base_bringup/package.zsh'
[4.279s] Level 1:colcon.colcon_core.environment:create_file_with_runtime_dependencies(/opt/erc_ws/install/omni_base_bringup/share/colcon-core/packages/omni_base_bringup)
[4.280s] Level 1:colcon.colcon_core.environment:create_environment_scripts_only(omni_base_bringup)
[4.281s] Level 1:colcon.colcon_core.environment:checking '/opt/erc_ws/install/omni_base_bringup' for CMake module files
[4.282s] Level 1:colcon.colcon_core.environment:checking '/opt/erc_ws/install/omni_base_bringup' for CMake config files
[4.282s] Level 1:colcon.colcon_core.shell:create_environment_hook('omni_base_bringup', 'cmake_prefix_path')
[4.283s] INFO:colcon.colcon_core.shell:Creating environment hook '/opt/erc_ws/install/omni_base_bringup/share/omni_base_bringup/hook/cmake_prefix_path.ps1'
[4.283s] INFO:colcon.colcon_core.shell:Creating environment descriptor '/opt/erc_ws/install/omni_base_bringup/share/omni_base_bringup/hook/cmake_prefix_path.dsv'
[4.283s] INFO:colcon.colcon_core.shell:Creating environment hook '/opt/erc_ws/install/omni_base_bringup/share/omni_base_bringup/hook/cmake_prefix_path.sh'
[4.284s] Level 1:colcon.colcon_core.environment:checking '/opt/erc_ws/install/omni_base_bringup/bin'
[4.284s] Level 1:colcon.colcon_core.environment:checking '/opt/erc_ws/install/omni_base_bringup/lib/pkgconfig/omni_base_bringup.pc'
[4.284s] Level 1:colcon.colcon_core.environment:checking '/opt/erc_ws/install/omni_base_bringup/lib/python3.10/site-packages'
[4.285s] Level 1:colcon.colcon_core.environment:checking '/opt/erc_ws/install/omni_base_bringup/bin'
[4.285s] INFO:colcon.colcon_core.shell:Creating package script '/opt/erc_ws/install/omni_base_bringup/share/omni_base_bringup/package.ps1'
[4.286s] INFO:colcon.colcon_core.shell:Creating package descriptor '/opt/erc_ws/install/omni_base_bringup/share/omni_base_bringup/package.dsv'
[4.286s] INFO:colcon.colcon_core.shell:Creating package script '/opt/erc_ws/install/omni_base_bringup/share/omni_base_bringup/package.sh'
[4.287s] INFO:colcon.colcon_core.shell:Creating package script '/opt/erc_ws/install/omni_base_bringup/share/omni_base_bringup/package.bash'
[4.287s] INFO:colcon.colcon_core.shell:Creating package script '/opt/erc_ws/install/omni_base_bringup/share/omni_base_bringup/package.zsh'
[4.287s] Level 1:colcon.colcon_core.environment:create_file_with_runtime_dependencies(/opt/erc_ws/install/omni_base_bringup/share/colcon-core/packages/omni_base_bringup)
[4.288s] INFO:colcon.colcon_ros.task.ament_cmake.build:Building ROS package in '/opt/erc_ws/src/omni_base_robot/omni_base_robot' with build type 'ament_cmake'
[4.288s] INFO:colcon.colcon_cmake.task.cmake.build:Building CMake package in '/opt/erc_ws/src/omni_base_robot/omni_base_robot'
[4.288s] INFO:colcon.colcon_core.shell:Skip shell extension 'powershell' for command environment: Not usable outside of PowerShell
[4.288s] DEBUG:colcon.colcon_core.shell:Skip shell extension 'dsv' for command environment
[4.319s] DEBUG:colcon.colcon_core.event_handler.log_command:Invoking command in '/opt/erc_ws/build/omni_base_robot': AMENT_PREFIX_PATH=/opt/erc_ws/install/launch_pal:/opt/erc_ws/install/tiago_pro_robot:/opt/erc_ws/install/tiago_pro_head_robot:/opt/erc_ws/install/tiago_pro_bringup:/opt/erc_ws/install/tiago_pro_head_bringup:/opt/erc_ws/install/erc_bringup:/opt/erc_ws/install/tiago_pro_description:/opt/erc_ws/install/tiago_pro_head_description:/opt/erc_ws/install/tiago_pro_controller_configuration:/opt/erc_ws/install/tiago_pro_head_controller_configuration:/opt/erc_ws/install/sensors:/opt/erc_ws/install/pal_sea_arm:/opt/erc_ws/install/pal_sea_arm_bringup:/opt/erc_ws/install/pal_sea_arm_description:/opt/erc_ws/install/pal_pro_gripper_simulation:/opt/erc_ws/install/pal_pro_gripper_bringup:/opt/erc_ws/install/pal_pro_gripper:/opt/erc_ws/install/pal_pro_gripper_description:/opt/erc_ws/install/pal_gripper_simulation:/opt/erc_ws/install/pal_gripper:/opt/erc_ws/install/pal_gripper_description:/opt/erc_ws/install/omni_base_robot:/opt/erc_ws/install/omni_base_bringup:/opt/erc_ws/install/omni_base_description:/opt/erc_ws/install/pal_urdf_utils:/opt/erc_ws/install/pal_sea_arm_controller_configuration:/opt/erc_ws/install/pal_pro_gripper_controller_configuration:/opt/erc_ws/install/pal_pro_gripper_wrapper:/opt/erc_ws/install/pal_gripper_controller_configuration:/opt/erc_ws/install/omni_base_controller_configuration:/opt/erc_ws/install/gz_ros2_control:/opt/erc_ws/install/erc_solution:/opt/erc_ws/install/erc_description:/opt/ros/humble CMAKE_PREFIX_PATH=/opt/erc_ws/install/omni_base_bringup:/opt/erc_ws/install/omni_base_description:/opt/erc_ws/install/pal_urdf_utils:/opt/erc_ws/install/omni_base_controller_configuration:/opt/erc_ws/install/tiago_pro_robot:/opt/erc_ws/install/tiago_pro_head_robot:/opt/erc_ws/install/tiago_pro_bringup:/opt/erc_ws/install/tiago_pro_head_bringup:/opt/erc_ws/install/erc_bringup:/opt/erc_ws/install/tiago_pro_description:/opt/erc_ws/install/tiago_pro_head_description:/opt/erc_ws/install/tiago_pro_controller_configuration:/opt/erc_ws/install/tiago_pro_head_controller_configuration:/opt/erc_ws/install/pal_sea_arm:/opt/erc_ws/install/pal_sea_arm_bringup:/opt/erc_ws/install/pal_sea_arm_description:/opt/erc_ws/install/pal_pro_gripper_simulation:/opt/erc_ws/install/pal_pro_gripper_bringup:/opt/erc_ws/install/pal_pro_gripper:/opt/erc_ws/install/pal_pro_gripper_description:/opt/erc_ws/install/pal_gripper_simulation:/opt/erc_ws/install/pal_gripper:/opt/erc_ws/install/pal_gripper_description:/opt/erc_ws/install/omni_base_robot:/opt/erc_ws/install/pal_sea_arm_controller_configuration:/opt/erc_ws/install/pal_pro_gripper_controller_configuration:/opt/erc_ws/install/pal_gripper_controller_configuration:/opt/erc_ws/install/gz_ros2_control:/opt/erc_ws/install/erc_description:/opt/erc_ws/install/sensors:/opt/erc_ws/install/pal_pro_gripper_wrapper:/opt/erc_ws/install/launch_pal:/opt/erc_ws/install/erc_solution:/opt/ros/humble PYTHONPATH=/opt/erc_ws/build/launch_pal:/opt/erc_ws/install/launch_pal/lib/python3.10/site-packages:/opt/erc_ws/install/tiago_pro_description/local/lib/python3.10/dist-packages:/opt/erc_ws/install/tiago_pro_head_description/local/lib/python3.10/dist-packages:/opt/erc_ws/build/sensors:/opt/erc_ws/install/sensors/lib/python3.10/site-packages:/opt/erc_ws/install/pal_sea_arm_description/local/lib/python3.10/dist-packages:/opt/erc_ws/install/pal_pro_gripper_description/local/lib/python3.10/dist-packages:/opt/erc_ws/install/omni_base_description/local/lib/python3.10/dist-packages:/opt/erc_ws/build/pal_pro_gripper_wrapper:/opt/erc_ws/install/pal_pro_gripper_wrapper/lib/python3.10/site-packages:/opt/erc_ws/build/erc_solution:/opt/erc_ws/install/erc_solution/lib/python3.10/site-packages:/opt/ros/humble/lib/python3.10/site-packages:/opt/ros/humble/local/lib/python3.10/dist-packages /usr/bin/cmake --build /opt/erc_ws/build/omni_base_robot -- -j16 -l16
[4.330s] Level 1:colcon.colcon_core.environment:create_environment_scripts_only(tiago_pro_head_description)
[4.331s] DEBUG:colcon.colcon_core.event_handler.log_command:Invoked command in '/opt/erc_ws/build/tiago_pro_head_description' returned '0': AMENT_PREFIX_PATH=/opt/erc_ws/install/launch_pal:/opt/erc_ws/install/tiago_pro_robot:/opt/erc_ws/install/tiago_pro_head_robot:/opt/erc_ws/install/tiago_pro_bringup:/opt/erc_ws/install/tiago_pro_head_bringup:/opt/erc_ws/install/erc_bringup:/opt/erc_ws/install/tiago_pro_description:/opt/erc_ws/install/tiago_pro_head_description:/opt/erc_ws/install/tiago_pro_controller_configuration:/opt/erc_ws/install/tiago_pro_head_controller_configuration:/opt/erc_ws/install/sensors:/opt/erc_ws/install/pal_sea_arm:/opt/erc_ws/install/pal_sea_arm_bringup:/opt/erc_ws/install/pal_sea_arm_description:/opt/erc_ws/install/pal_pro_gripper_simulation:/opt/erc_ws/install/pal_pro_gripper_bringup:/opt/erc_ws/install/pal_pro_gripper:/opt/erc_ws/install/pal_pro_gripper_description:/opt/erc_ws/install/pal_gripper_simulation:/opt/erc_ws/install/pal_gripper:/opt/erc_ws/install/pal_gripper_description:/opt/erc_ws/install/omni_base_robot:/opt/erc_ws/install/omni_base_bringup:/opt/erc_ws/install/omni_base_description:/opt/erc_ws/install/pal_urdf_utils:/opt/erc_ws/install/pal_sea_arm_controller_configuration:/opt/erc_ws/install/pal_pro_gripper_controller_configuration:/opt/erc_ws/install/pal_pro_gripper_wrapper:/opt/erc_ws/install/pal_gripper_controller_configuration:/opt/erc_ws/install/omni_base_controller_configuration:/opt/erc_ws/install/gz_ros2_control:/opt/erc_ws/install/erc_solution:/opt/erc_ws/install/erc_description:/opt/ros/humble CMAKE_PREFIX_PATH=/opt/erc_ws/install/tiago_pro_head_controller_configuration:/opt/erc_ws/install/pal_urdf_utils:/opt/erc_ws/install/tiago_pro_robot:/opt/erc_ws/install/tiago_pro_head_robot:/opt/erc_ws/install/tiago_pro_bringup:/opt/erc_ws/install/tiago_pro_head_bringup:/opt/erc_ws/install/erc_bringup:/opt/erc_ws/install/tiago_pro_description:/opt/erc_ws/install/tiago_pro_head_description:/opt/erc_ws/install/tiago_pro_controller_configuration:/opt/erc_ws/install/pal_sea_arm:/opt/erc_ws/install/pal_sea_arm_bringup:/opt/erc_ws/install/pal_sea_arm_description:/opt/erc_ws/install/pal_pro_gripper_simulation:/opt/erc_ws/install/pal_pro_gripper_bringup:/opt/erc_ws/install/pal_pro_gripper:/opt/erc_ws/install/pal_pro_gripper_description:/opt/erc_ws/install/pal_gripper_simulation:/opt/erc_ws/install/pal_gripper:/opt/erc_ws/install/pal_gripper_description:/opt/erc_ws/install/omni_base_robot:/opt/erc_ws/install/omni_base_bringup:/opt/erc_ws/install/omni_base_description:/opt/erc_ws/install/pal_sea_arm_controller_configuration:/opt/erc_ws/install/pal_pro_gripper_controller_configuration:/opt/erc_ws/install/pal_gripper_controller_configuration:/opt/erc_ws/install/omni_base_controller_configuration:/opt/erc_ws/install/gz_ros2_control:/opt/erc_ws/install/erc_description:/opt/erc_ws/install/sensors:/opt/erc_ws/install/pal_pro_gripper_wrapper:/opt/erc_ws/install/launch_pal:/opt/erc_ws/install/erc_solution:/opt/ros/humble PYTHONPATH=/opt/erc_ws/build/launch_pal:/opt/erc_ws/install/launch_pal/lib/python3.10/site-packages:/opt/erc_ws/install/tiago_pro_description/local/lib/python3.10/dist-packages:/opt/erc_ws/install/tiago_pro_head_description/local/lib/python3.10/dist-packages:/opt/erc_ws/build/sensors:/opt/erc_ws/install/sensors/lib/python3.10/site-packages:/opt/erc_ws/install/pal_sea_arm_description/local/lib/python3.10/dist-packages:/opt/erc_ws/install/pal_pro_gripper_description/local/lib/python3.10/dist-packages:/opt/erc_ws/install/omni_base_description/local/lib/python3.10/dist-packages:/opt/erc_ws/build/pal_pro_gripper_wrapper:/opt/erc_ws/install/pal_pro_gripper_wrapper/lib/python3.10/site-packages:/opt/erc_ws/build/erc_solution:/opt/erc_ws/install/erc_solution/lib/python3.10/site-packages:/opt/ros/humble/lib/python3.10/site-packages:/opt/ros/humble/local/lib/python3.10/dist-packages /usr/bin/cmake --install /opt/erc_ws/build/tiago_pro_head_description
[4.331s] Level 1:colcon.colcon_core.environment:checking '/opt/erc_ws/install/tiago_pro_head_description' for CMake module files
[4.332s] Level 1:colcon.colcon_core.environment:checking '/opt/erc_ws/install/tiago_pro_head_description' for CMake config files
[4.333s] Level 1:colcon.colcon_core.shell:create_environment_hook('tiago_pro_head_description', 'cmake_prefix_path')
[4.333s] INFO:colcon.colcon_core.shell:Creating environment hook '/opt/erc_ws/install/tiago_pro_head_description/share/tiago_pro_head_description/hook/cmake_prefix_path.ps1'
[4.334s] INFO:colcon.colcon_core.shell:Creating environment descriptor '/opt/erc_ws/install/tiago_pro_head_description/share/tiago_pro_head_description/hook/cmake_prefix_path.dsv'
[4.335s] INFO:colcon.colcon_core.shell:Creating environment hook '/opt/erc_ws/install/tiago_pro_head_description/share/tiago_pro_head_description/hook/cmake_prefix_path.sh'
[4.336s] Level 1:colcon.colcon_core.environment:checking '/opt/erc_ws/install/tiago_pro_head_description/bin'
[4.337s] Level 1:colcon.colcon_core.environment:checking '/opt/erc_ws/install/tiago_pro_head_description/lib/pkgconfig/tiago_pro_head_description.pc'
[4.337s] Level 1:colcon.colcon_core.environment:checking '/opt/erc_ws/install/tiago_pro_head_description/lib/python3.10/site-packages'
[4.337s] Level 1:colcon.colcon_core.environment:checking '/opt/erc_ws/install/tiago_pro_head_description/bin'
[4.338s] INFO:colcon.colcon_core.shell:Creating package script '/opt/erc_ws/install/tiago_pro_head_description/share/tiago_pro_head_description/package.ps1'
[4.342s] INFO:colcon.colcon_core.shell:Creating package descriptor '/opt/erc_ws/install/tiago_pro_head_description/share/tiago_pro_head_description/package.dsv'
[4.343s] INFO:colcon.colcon_core.shell:Creating package script '/opt/erc_ws/install/tiago_pro_head_description/share/tiago_pro_head_description/package.sh'
[4.344s] INFO:colcon.colcon_core.shell:Creating package script '/opt/erc_ws/install/tiago_pro_head_description/share/tiago_pro_head_description/package.bash'
[4.344s] INFO:colcon.colcon_core.shell:Creating package script '/opt/erc_ws/install/tiago_pro_head_description/share/tiago_pro_head_description/package.zsh'
[4.344s] Level 1:colcon.colcon_core.environment:create_file_with_runtime_dependencies(/opt/erc_ws/install/tiago_pro_head_description/share/colcon-core/packages/tiago_pro_head_description)
[4.345s] Level 1:colcon.colcon_core.environment:create_environment_scripts_only(tiago_pro_head_description)
[4.345s] Level 1:colcon.colcon_core.environment:checking '/opt/erc_ws/install/tiago_pro_head_description' for CMake module files
[4.346s] Level 1:colcon.colcon_core.environment:checking '/opt/erc_ws/install/tiago_pro_head_description' for CMake config files
[4.346s] Level 1:colcon.colcon_core.shell:create_environment_hook('tiago_pro_head_description', 'cmake_prefix_path')
[4.347s] INFO:colcon.colcon_core.shell:Creating environment hook '/opt/erc_ws/install/tiago_pro_head_description/share/tiago_pro_head_description/hook/cmake_prefix_path.ps1'
[4.347s] INFO:colcon.colcon_core.shell:Creating environment descriptor '/opt/erc_ws/install/tiago_pro_head_description/share/tiago_pro_head_description/hook/cmake_prefix_path.dsv'
[4.347s] INFO:colcon.colcon_core.shell:Creating environment hook '/opt/erc_ws/install/tiago_pro_head_description/share/tiago_pro_head_description/hook/cmake_prefix_path.sh'
[4.348s] Level 1:colcon.colcon_core.environment:checking '/opt/erc_ws/install/tiago_pro_head_description/bin'
[4.348s] Level 1:colcon.colcon_core.environment:checking '/opt/erc_ws/install/tiago_pro_head_description/lib/pkgconfig/tiago_pro_head_description.pc'
[4.348s] Level 1:colcon.colcon_core.environment:checking '/opt/erc_ws/install/tiago_pro_head_description/lib/python3.10/site-packages'
[4.349s] Level 1:colcon.colcon_core.environment:checking '/opt/erc_ws/install/tiago_pro_head_description/bin'
[4.349s] INFO:colcon.colcon_core.shell:Creating package script '/opt/erc_ws/install/tiago_pro_head_description/share/tiago_pro_head_description/package.ps1'
[4.350s] INFO:colcon.colcon_core.shell:Creating package descriptor '/opt/erc_ws/install/tiago_pro_head_description/share/tiago_pro_head_description/package.dsv'
[4.350s] INFO:colcon.colcon_core.shell:Creating package script '/opt/erc_ws/install/tiago_pro_head_description/share/tiago_pro_head_description/package.sh'
[4.351s] INFO:colcon.colcon_core.shell:Creating package script '/opt/erc_ws/install/tiago_pro_head_description/share/tiago_pro_head_description/package.bash'
[4.351s] INFO:colcon.colcon_core.shell:Creating package script '/opt/erc_ws/install/tiago_pro_head_description/share/tiago_pro_head_description/package.zsh'
[4.351s] Level 1:colcon.colcon_core.environment:create_file_with_runtime_dependencies(/opt/erc_ws/install/tiago_pro_head_description/share/colcon-core/packages/tiago_pro_head_description)
[4.352s] INFO:colcon.colcon_ros.task.ament_cmake.build:Building ROS package in '/opt/erc_ws/src/tiago_pro_head_robot/tiago_pro_head_bringup' with build type 'ament_cmake'
[4.352s] INFO:colcon.colcon_cmake.task.cmake.build:Building CMake package in '/opt/erc_ws/src/tiago_pro_head_robot/tiago_pro_head_bringup'
[4.352s] INFO:colcon.colcon_core.shell:Skip shell extension 'powershell' for command environment: Not usable outside of PowerShell
[4.353s] DEBUG:colcon.colcon_core.shell:Skip shell extension 'dsv' for command environment
[4.370s] DEBUG:colcon.colcon_core.event_handler.log_command:Invoked command in '/opt/erc_ws/build/omni_base_robot' returned '0': AMENT_PREFIX_PATH=/opt/erc_ws/install/launch_pal:/opt/erc_ws/install/tiago_pro_robot:/opt/erc_ws/install/tiago_pro_head_robot:/opt/erc_ws/install/tiago_pro_bringup:/opt/erc_ws/install/tiago_pro_head_bringup:/opt/erc_ws/install/erc_bringup:/opt/erc_ws/install/tiago_pro_description:/opt/erc_ws/install/tiago_pro_head_description:/opt/erc_ws/install/tiago_pro_controller_configuration:/opt/erc_ws/install/tiago_pro_head_controller_configuration:/opt/erc_ws/install/sensors:/opt/erc_ws/install/pal_sea_arm:/opt/erc_ws/install/pal_sea_arm_bringup:/opt/erc_ws/install/pal_sea_arm_description:/opt/erc_ws/install/pal_pro_gripper_simulation:/opt/erc_ws/install/pal_pro_gripper_bringup:/opt/erc_ws/install/pal_pro_gripper:/opt/erc_ws/install/pal_pro_gripper_description:/opt/erc_ws/install/pal_gripper_simulation:/opt/erc_ws/install/pal_gripper:/opt/erc_ws/install/pal_gripper_description:/opt/erc_ws/install/omni_base_robot:/opt/erc_ws/install/omni_base_bringup:/opt/erc_ws/install/omni_base_description:/opt/erc_ws/install/pal_urdf_utils:/opt/erc_ws/install/pal_sea_arm_controller_configuration:/opt/erc_ws/install/pal_pro_gripper_controller_configuration:/opt/erc_ws/install/pal_pro_gripper_wrapper:/opt/erc_ws/install/pal_gripper_controller_configuration:/opt/erc_ws/install/omni_base_controller_configuration:/opt/erc_ws/install/gz_ros2_control:/opt/erc_ws/install/erc_solution:/opt/erc_ws/install/erc_description:/opt/ros/humble CMAKE_PREFIX_PATH=/opt/erc_ws/install/omni_base_bringup:/opt/erc_ws/install/omni_base_description:/opt/erc_ws/install/pal_urdf_utils:/opt/erc_ws/install/omni_base_controller_configuration:/opt/erc_ws/install/tiago_pro_robot:/opt/erc_ws/install/tiago_pro_head_robot:/opt/erc_ws/install/tiago_pro_bringup:/opt/erc_ws/install/tiago_pro_head_bringup:/opt/erc_ws/install/erc_bringup:/opt/erc_ws/install/tiago_pro_description:/opt/erc_ws/install/tiago_pro_head_description:/opt/erc_ws/install/tiago_pro_controller_configuration:/opt/erc_ws/install/tiago_pro_head_controller_configuration:/opt/erc_ws/install/pal_sea_arm:/opt/erc_ws/install/pal_sea_arm_bringup:/opt/erc_ws/install/pal_sea_arm_description:/opt/erc_ws/install/pal_pro_gripper_simulation:/opt/erc_ws/install/pal_pro_gripper_bringup:/opt/erc_ws/install/pal_pro_gripper:/opt/erc_ws/install/pal_pro_gripper_description:/opt/erc_ws/install/pal_gripper_simulation:/opt/erc_ws/install/pal_gripper:/opt/erc_ws/install/pal_gripper_description:/opt/erc_ws/install/omni_base_robot:/opt/erc_ws/install/pal_sea_arm_controller_configuration:/opt/erc_ws/install/pal_pro_gripper_controller_configuration:/opt/erc_ws/install/pal_gripper_controller_configuration:/opt/erc_ws/install/gz_ros2_control:/opt/erc_ws/install/erc_description:/opt/erc_ws/install/sensors:/opt/erc_ws/install/pal_pro_gripper_wrapper:/opt/erc_ws/install/launch_pal:/opt/erc_ws/install/erc_solution:/opt/ros/humble PYTHONPATH=/opt/erc_ws/build/launch_pal:/opt/erc_ws/install/launch_pal/lib/python3.10/site-packages:/opt/erc_ws/install/tiago_pro_description/local/lib/python3.10/dist-packages:/opt/erc_ws/install/tiago_pro_head_description/local/lib/python3.10/dist-packages:/opt/erc_ws/build/sensors:/opt/erc_ws/install/sensors/lib/python3.10/site-packages:/opt/erc_ws/install/pal_sea_arm_description/local/lib/python3.10/dist-packages:/opt/erc_ws/install/pal_pro_gripper_description/local/lib/python3.10/dist-packages:/opt/erc_ws/install/omni_base_description/local/lib/python3.10/dist-packages:/opt/erc_ws/build/pal_pro_gripper_wrapper:/opt/erc_ws/install/pal_pro_gripper_wrapper/lib/python3.10/site-packages:/opt/erc_ws/build/erc_solution:/opt/erc_ws/install/erc_solution/lib/python3.10/site-packages:/opt/ros/humble/lib/python3.10/site-packages:/opt/ros/humble/local/lib/python3.10/dist-packages /usr/bin/cmake --build /opt/erc_ws/build/omni_base_robot -- -j16 -l16
[4.371s] DEBUG:colcon.colcon_core.event_handler.log_command:Invoking command in '/opt/erc_ws/build/omni_base_robot': AMENT_PREFIX_PATH=/opt/erc_ws/install/launch_pal:/opt/erc_ws/install/tiago_pro_robot:/opt/erc_ws/install/tiago_pro_head_robot:/opt/erc_ws/install/tiago_pro_bringup:/opt/erc_ws/install/tiago_pro_head_bringup:/opt/erc_ws/install/erc_bringup:/opt/erc_ws/install/tiago_pro_description:/opt/erc_ws/install/tiago_pro_head_description:/opt/erc_ws/install/tiago_pro_controller_configuration:/opt/erc_ws/install/tiago_pro_head_controller_configuration:/opt/erc_ws/install/sensors:/opt/erc_ws/install/pal_sea_arm:/opt/erc_ws/install/pal_sea_arm_bringup:/opt/erc_ws/install/pal_sea_arm_description:/opt/erc_ws/install/pal_pro_gripper_simulation:/opt/erc_ws/install/pal_pro_gripper_bringup:/opt/erc_ws/install/pal_pro_gripper:/opt/erc_ws/install/pal_pro_gripper_description:/opt/erc_ws/install/pal_gripper_simulation:/opt/erc_ws/install/pal_gripper:/opt/erc_ws/install/pal_gripper_description:/opt/erc_ws/install/omni_base_robot:/opt/erc_ws/install/omni_base_bringup:/opt/erc_ws/install/omni_base_description:/opt/erc_ws/install/pal_urdf_utils:/opt/erc_ws/install/pal_sea_arm_controller_configuration:/opt/erc_ws/install/pal_pro_gripper_controller_configuration:/opt/erc_ws/install/pal_pro_gripper_wrapper:/opt/erc_ws/install/pal_gripper_controller_configuration:/opt/erc_ws/install/omni_base_controller_configuration:/opt/erc_ws/install/gz_ros2_control:/opt/erc_ws/install/erc_solution:/opt/erc_ws/install/erc_description:/opt/ros/humble CMAKE_PREFIX_PATH=/opt/erc_ws/install/omni_base_bringup:/opt/erc_ws/install/omni_base_description:/opt/erc_ws/install/pal_urdf_utils:/opt/erc_ws/install/omni_base_controller_configuration:/opt/erc_ws/install/tiago_pro_robot:/opt/erc_ws/install/tiago_pro_head_robot:/opt/erc_ws/install/tiago_pro_bringup:/opt/erc_ws/install/tiago_pro_head_bringup:/opt/erc_ws/install/erc_bringup:/opt/erc_ws/install/tiago_pro_description:/opt/erc_ws/install/tiago_pro_head_description:/opt/erc_ws/install/tiago_pro_controller_configuration:/opt/erc_ws/install/tiago_pro_head_controller_configuration:/opt/erc_ws/install/pal_sea_arm:/opt/erc_ws/install/pal_sea_arm_bringup:/opt/erc_ws/install/pal_sea_arm_description:/opt/erc_ws/install/pal_pro_gripper_simulation:/opt/erc_ws/install/pal_pro_gripper_bringup:/opt/erc_ws/install/pal_pro_gripper:/opt/erc_ws/install/pal_pro_gripper_description:/opt/erc_ws/install/pal_gripper_simulation:/opt/erc_ws/install/pal_gripper:/opt/erc_ws/install/pal_gripper_description:/opt/erc_ws/install/omni_base_robot:/opt/erc_ws/install/pal_sea_arm_controller_configuration:/opt/erc_ws/install/pal_pro_gripper_controller_configuration:/opt/erc_ws/install/pal_gripper_controller_configuration:/opt/erc_ws/install/gz_ros2_control:/opt/erc_ws/install/erc_description:/opt/erc_ws/install/sensors:/opt/erc_ws/install/pal_pro_gripper_wrapper:/opt/erc_ws/install/launch_pal:/opt/erc_ws/install/erc_solution:/opt/ros/humble PYTHONPATH=/opt/erc_ws/build/launch_pal:/opt/erc_ws/install/launch_pal/lib/python3.10/site-packages:/opt/erc_ws/install/tiago_pro_description/local/lib/python3.10/dist-packages:/opt/erc_ws/install/tiago_pro_head_description/local/lib/python3.10/dist-packages:/opt/erc_ws/build/sensors:/opt/erc_ws/install/sensors/lib/python3.10/site-packages:/opt/erc_ws/install/pal_sea_arm_description/local/lib/python3.10/dist-packages:/opt/erc_ws/install/pal_pro_gripper_description/local/lib/python3.10/dist-packages:/opt/erc_ws/install/omni_base_description/local/lib/python3.10/dist-packages:/opt/erc_ws/build/pal_pro_gripper_wrapper:/opt/erc_ws/install/pal_pro_gripper_wrapper/lib/python3.10/site-packages:/opt/erc_ws/build/erc_solution:/opt/erc_ws/install/erc_solution/lib/python3.10/site-packages:/opt/ros/humble/lib/python3.10/site-packages:/opt/ros/humble/local/lib/python3.10/dist-packages /usr/bin/cmake --install /opt/erc_ws/build/omni_base_robot
[4.383s] DEBUG:colcon.colcon_core.event_handler.log_command:Invoking command in '/opt/erc_ws/build/tiago_pro_head_bringup': AMENT_PREFIX_PATH=/opt/erc_ws/install/launch_pal:/opt/erc_ws/install/tiago_pro_robot:/opt/erc_ws/install/tiago_pro_head_robot:/opt/erc_ws/install/tiago_pro_bringup:/opt/erc_ws/install/tiago_pro_head_bringup:/opt/erc_ws/install/erc_bringup:/opt/erc_ws/install/tiago_pro_description:/opt/erc_ws/install/tiago_pro_head_description:/opt/erc_ws/install/tiago_pro_controller_configuration:/opt/erc_ws/install/tiago_pro_head_controller_configuration:/opt/erc_ws/install/sensors:/opt/erc_ws/install/pal_sea_arm:/opt/erc_ws/install/pal_sea_arm_bringup:/opt/erc_ws/install/pal_sea_arm_description:/opt/erc_ws/install/pal_pro_gripper_simulation:/opt/erc_ws/install/pal_pro_gripper_bringup:/opt/erc_ws/install/pal_pro_gripper:/opt/erc_ws/install/pal_pro_gripper_description:/opt/erc_ws/install/pal_gripper_simulation:/opt/erc_ws/install/pal_gripper:/opt/erc_ws/install/pal_gripper_description:/opt/erc_ws/install/omni_base_robot:/opt/erc_ws/install/omni_base_bringup:/opt/erc_ws/install/omni_base_description:/opt/erc_ws/install/pal_urdf_utils:/opt/erc_ws/install/pal_sea_arm_controller_configuration:/opt/erc_ws/install/pal_pro_gripper_controller_configuration:/opt/erc_ws/install/pal_pro_gripper_wrapper:/opt/erc_ws/install/pal_gripper_controller_configuration:/opt/erc_ws/install/omni_base_controller_configuration:/opt/erc_ws/install/gz_ros2_control:/opt/erc_ws/install/erc_solution:/opt/erc_ws/install/erc_description:/opt/ros/humble CMAKE_PREFIX_PATH=/opt/erc_ws/install/tiago_pro_head_description:/opt/erc_ws/install/tiago_pro_head_controller_configuration:/opt/erc_ws/install/pal_urdf_utils:/opt/erc_ws/install/tiago_pro_robot:/opt/erc_ws/install/tiago_pro_head_robot:/opt/erc_ws/install/tiago_pro_bringup:/opt/erc_ws/install/tiago_pro_head_bringup:/opt/erc_ws/install/erc_bringup:/opt/erc_ws/install/tiago_pro_description:/opt/erc_ws/install/tiago_pro_controller_configuration:/opt/erc_ws/install/pal_sea_arm:/opt/erc_ws/install/pal_sea_arm_bringup:/opt/erc_ws/install/pal_sea_arm_description:/opt/erc_ws/install/pal_pro_gripper_simulation:/opt/erc_ws/install/pal_pro_gripper_bringup:/opt/erc_ws/install/pal_pro_gripper:/opt/erc_ws/install/pal_pro_gripper_description:/opt/erc_ws/install/pal_gripper_simulation:/opt/erc_ws/install/pal_gripper:/opt/erc_ws/install/pal_gripper_description:/opt/erc_ws/install/omni_base_robot:/opt/erc_ws/install/omni_base_bringup:/opt/erc_ws/install/omni_base_description:/opt/erc_ws/install/pal_sea_arm_controller_configuration:/opt/erc_ws/install/pal_pro_gripper_controller_configuration:/opt/erc_ws/install/pal_gripper_controller_configuration:/opt/erc_ws/install/omni_base_controller_configuration:/opt/erc_ws/install/gz_ros2_control:/opt/erc_ws/install/erc_description:/opt/erc_ws/install/sensors:/opt/erc_ws/install/pal_pro_gripper_wrapper:/opt/erc_ws/install/launch_pal:/opt/erc_ws/install/erc_solution:/opt/ros/humble PYTHONPATH=/opt/erc_ws/build/launch_pal:/opt/erc_ws/install/launch_pal/lib/python3.10/site-packages:/opt/erc_ws/install/tiago_pro_description/local/lib/python3.10/dist-packages:/opt/erc_ws/install/tiago_pro_head_description/local/lib/python3.10/dist-packages:/opt/erc_ws/build/sensors:/opt/erc_ws/install/sensors/lib/python3.10/site-packages:/opt/erc_ws/install/pal_sea_arm_description/local/lib/python3.10/dist-packages:/opt/erc_ws/install/pal_pro_gripper_description/local/lib/python3.10/dist-packages:/opt/erc_ws/install/omni_base_description/local/lib/python3.10/dist-packages:/opt/erc_ws/build/pal_pro_gripper_wrapper:/opt/erc_ws/install/pal_pro_gripper_wrapper/lib/python3.10/site-packages:/opt/erc_ws/build/erc_solution:/opt/erc_ws/install/erc_solution/lib/python3.10/site-packages:/opt/ros/humble/lib/python3.10/site-packages:/opt/ros/humble/local/lib/python3.10/dist-packages /usr/bin/cmake --build /opt/erc_ws/build/tiago_pro_head_bringup -- -j16 -l16
[4.399s] DEBUG:colcon.colcon_core.event_handler.log_command:Invoked command in '/opt/erc_ws/build/pal_sea_arm_description' returned '0': AMENT_PREFIX_PATH=/opt/erc_ws/install/pal_pro_gripper_wrapper:/opt/erc_ws/install/launch_pal:/opt/erc_ws/install/tiago_pro_robot:/opt/erc_ws/install/tiago_pro_head_robot:/opt/erc_ws/install/tiago_pro_bringup:/opt/erc_ws/install/tiago_pro_head_bringup:/opt/erc_ws/install/erc_bringup:/opt/erc_ws/install/tiago_pro_description:/opt/erc_ws/install/tiago_pro_head_description:/opt/erc_ws/install/tiago_pro_controller_configuration:/opt/erc_ws/install/tiago_pro_head_controller_configuration:/opt/erc_ws/install/sensors:/opt/erc_ws/install/pal_sea_arm:/opt/erc_ws/install/pal_sea_arm_bringup:/opt/erc_ws/install/pal_sea_arm_description:/opt/erc_ws/install/pal_pro_gripper_simulation:/opt/erc_ws/install/pal_pro_gripper_bringup:/opt/erc_ws/install/pal_pro_gripper:/opt/erc_ws/install/pal_pro_gripper_description:/opt/erc_ws/install/pal_gripper_simulation:/opt/erc_ws/install/pal_gripper:/opt/erc_ws/install/pal_gripper_description:/opt/erc_ws/install/omni_base_robot:/opt/erc_ws/install/omni_base_bringup:/opt/erc_ws/install/omni_base_description:/opt/erc_ws/install/pal_urdf_utils:/opt/erc_ws/install/pal_sea_arm_controller_configuration:/opt/erc_ws/install/pal_pro_gripper_controller_configuration:/opt/erc_ws/install/pal_gripper_controller_configuration:/opt/erc_ws/install/omni_base_controller_configuration:/opt/erc_ws/install/gz_ros2_control:/opt/erc_ws/install/erc_solution:/opt/erc_ws/install/erc_description:/opt/ros/humble CMAKE_PREFIX_PATH=/opt/erc_ws/install/pal_sea_arm_controller_configuration:/opt/erc_ws/install/pal_pro_gripper_description:/opt/erc_ws/install/pal_pro_gripper_controller_configuration:/opt/erc_ws/install/pal_urdf_utils:/opt/erc_ws/install/tiago_pro_robot:/opt/erc_ws/install/tiago_pro_head_robot:/opt/erc_ws/install/tiago_pro_bringup:/opt/erc_ws/install/tiago_pro_head_bringup:/opt/erc_ws/install/erc_bringup:/opt/erc_ws/install/tiago_pro_description:/opt/erc_ws/install/tiago_pro_head_description:/opt/erc_ws/install/tiago_pro_controller_configuration:/opt/erc_ws/install/tiago_pro_head_controller_configuration:/opt/erc_ws/install/pal_sea_arm:/opt/erc_ws/install/pal_sea_arm_bringup:/opt/erc_ws/install/pal_sea_arm_description:/opt/erc_ws/install/pal_pro_gripper_simulation:/opt/erc_ws/install/pal_pro_gripper_bringup:/opt/erc_ws/install/pal_pro_gripper:/opt/erc_ws/install/pal_gripper_simulation:/opt/erc_ws/install/pal_gripper:/opt/erc_ws/install/pal_gripper_description:/opt/erc_ws/install/omni_base_robot:/opt/erc_ws/install/omni_base_bringup:/opt/erc_ws/install/omni_base_description:/opt/erc_ws/install/pal_gripper_controller_configuration:/opt/erc_ws/install/omni_base_controller_configuration:/opt/erc_ws/install/gz_ros2_control:/opt/erc_ws/install/erc_description:/opt/erc_ws/install/sensors:/opt/erc_ws/install/pal_pro_gripper_wrapper:/opt/erc_ws/install/launch_pal:/opt/erc_ws/install/erc_solution:/opt/ros/humble PYTHONPATH=/opt/erc_ws/build/pal_pro_gripper_wrapper:/opt/erc_ws/install/pal_pro_gripper_wrapper/lib/python3.10/site-packages:/opt/erc_ws/build/launch_pal:/opt/erc_ws/install/launch_pal/lib/python3.10/site-packages:/opt/erc_ws/install/tiago_pro_description/local/lib/python3.10/dist-packages:/opt/erc_ws/install/tiago_pro_head_description/local/lib/python3.10/dist-packages:/opt/erc_ws/build/sensors:/opt/erc_ws/install/sensors/lib/python3.10/site-packages:/opt/erc_ws/install/pal_sea_arm_description/local/lib/python3.10/dist-packages:/opt/erc_ws/install/pal_pro_gripper_description/local/lib/python3.10/dist-packages:/opt/erc_ws/install/omni_base_description/local/lib/python3.10/dist-packages:/opt/erc_ws/build/erc_solution:/opt/erc_ws/install/erc_solution/lib/python3.10/site-packages:/opt/ros/humble/lib/python3.10/site-packages:/opt/ros/humble/local/lib/python3.10/dist-packages /usr/bin/cmake --build /opt/erc_ws/build/pal_sea_arm_description -- -j16 -l16
[4.401s] DEBUG:colcon.colcon_core.event_handler.log_command:Invoking command in '/opt/erc_ws/build/pal_sea_arm_description': AMENT_PREFIX_PATH=/opt/erc_ws/install/pal_pro_gripper_wrapper:/opt/erc_ws/install/launch_pal:/opt/erc_ws/install/tiago_pro_robot:/opt/erc_ws/install/tiago_pro_head_robot:/opt/erc_ws/install/tiago_pro_bringup:/opt/erc_ws/install/tiago_pro_head_bringup:/opt/erc_ws/install/erc_bringup:/opt/erc_ws/install/tiago_pro_description:/opt/erc_ws/install/tiago_pro_head_description:/opt/erc_ws/install/tiago_pro_controller_configuration:/opt/erc_ws/install/tiago_pro_head_controller_configuration:/opt/erc_ws/install/sensors:/opt/erc_ws/install/pal_sea_arm:/opt/erc_ws/install/pal_sea_arm_bringup:/opt/erc_ws/install/pal_sea_arm_description:/opt/erc_ws/install/pal_pro_gripper_simulation:/opt/erc_ws/install/pal_pro_gripper_bringup:/opt/erc_ws/install/pal_pro_gripper:/opt/erc_ws/install/pal_pro_gripper_description:/opt/erc_ws/install/pal_gripper_simulation:/opt/erc_ws/install/pal_gripper:/opt/erc_ws/install/pal_gripper_description:/opt/erc_ws/install/omni_base_robot:/opt/erc_ws/install/omni_base_bringup:/opt/erc_ws/install/omni_base_description:/opt/erc_ws/install/pal_urdf_utils:/opt/erc_ws/install/pal_sea_arm_controller_configuration:/opt/erc_ws/install/pal_pro_gripper_controller_configuration:/opt/erc_ws/install/pal_gripper_controller_configuration:/opt/erc_ws/install/omni_base_controller_configuration:/opt/erc_ws/install/gz_ros2_control:/opt/erc_ws/install/erc_solution:/opt/erc_ws/install/erc_description:/opt/ros/humble CMAKE_PREFIX_PATH=/opt/erc_ws/install/pal_sea_arm_controller_configuration:/opt/erc_ws/install/pal_pro_gripper_description:/opt/erc_ws/install/pal_pro_gripper_controller_configuration:/opt/erc_ws/install/pal_urdf_utils:/opt/erc_ws/install/tiago_pro_robot:/opt/erc_ws/install/tiago_pro_head_robot:/opt/erc_ws/install/tiago_pro_bringup:/opt/erc_ws/install/tiago_pro_head_bringup:/opt/erc_ws/install/erc_bringup:/opt/erc_ws/install/tiago_pro_description:/opt/erc_ws/install/tiago_pro_head_description:/opt/erc_ws/install/tiago_pro_controller_configuration:/opt/erc_ws/install/tiago_pro_head_controller_configuration:/opt/erc_ws/install/pal_sea_arm:/opt/erc_ws/install/pal_sea_arm_bringup:/opt/erc_ws/install/pal_sea_arm_description:/opt/erc_ws/install/pal_pro_gripper_simulation:/opt/erc_ws/install/pal_pro_gripper_bringup:/opt/erc_ws/install/pal_pro_gripper:/opt/erc_ws/install/pal_gripper_simulation:/opt/erc_ws/install/pal_gripper:/opt/erc_ws/install/pal_gripper_description:/opt/erc_ws/install/omni_base_robot:/opt/erc_ws/install/omni_base_bringup:/opt/erc_ws/install/omni_base_description:/opt/erc_ws/install/pal_gripper_controller_configuration:/opt/erc_ws/install/omni_base_controller_configuration:/opt/erc_ws/install/gz_ros2_control:/opt/erc_ws/install/erc_description:/opt/erc_ws/install/sensors:/opt/erc_ws/install/pal_pro_gripper_wrapper:/opt/erc_ws/install/launch_pal:/opt/erc_ws/install/erc_solution:/opt/ros/humble PYTHONPATH=/opt/erc_ws/build/pal_pro_gripper_wrapper:/opt/erc_ws/install/pal_pro_gripper_wrapper/lib/python3.10/site-packages:/opt/erc_ws/build/launch_pal:/opt/erc_ws/install/launch_pal/lib/python3.10/site-packages:/opt/erc_ws/install/tiago_pro_description/local/lib/python3.10/dist-packages:/opt/erc_ws/install/tiago_pro_head_description/local/lib/python3.10/dist-packages:/opt/erc_ws/build/sensors:/opt/erc_ws/install/sensors/lib/python3.10/site-packages:/opt/erc_ws/install/pal_sea_arm_description/local/lib/python3.10/dist-packages:/opt/erc_ws/install/pal_pro_gripper_description/local/lib/python3.10/dist-packages:/opt/erc_ws/install/omni_base_description/local/lib/python3.10/dist-packages:/opt/erc_ws/build/erc_solution:/opt/erc_ws/install/erc_solution/lib/python3.10/site-packages:/opt/ros/humble/lib/python3.10/site-packages:/opt/ros/humble/local/lib/python3.10/dist-packages /usr/bin/cmake --install /opt/erc_ws/build/pal_sea_arm_description
[4.405s] Level 1:colcon.colcon_core.environment:create_environment_scripts_only(omni_base_robot)
[4.405s] Level 1:colcon.colcon_core.environment:checking '/opt/erc_ws/install/omni_base_robot' for CMake module files
[4.406s] Level 1:colcon.colcon_core.environment:checking '/opt/erc_ws/install/omni_base_robot' for CMake config files
[4.407s] Level 1:colcon.colcon_core.shell:create_environment_hook('omni_base_robot', 'cmake_prefix_path')
[4.407s] INFO:colcon.colcon_core.shell:Creating environment hook '/opt/erc_ws/install/omni_base_robot/share/omni_base_robot/hook/cmake_prefix_path.ps1'
[4.408s] DEBUG:colcon.colcon_core.event_handler.log_command:Invoked command in '/opt/erc_ws/build/omni_base_robot' returned '0': AMENT_PREFIX_PATH=/opt/erc_ws/install/launch_pal:/opt/erc_ws/install/tiago_pro_robot:/opt/erc_ws/install/tiago_pro_head_robot:/opt/erc_ws/install/tiago_pro_bringup:/opt/erc_ws/install/tiago_pro_head_bringup:/opt/erc_ws/install/erc_bringup:/opt/erc_ws/install/tiago_pro_description:/opt/erc_ws/install/tiago_pro_head_description:/opt/erc_ws/install/tiago_pro_controller_configuration:/opt/erc_ws/install/tiago_pro_head_controller_configuration:/opt/erc_ws/install/sensors:/opt/erc_ws/install/pal_sea_arm:/opt/erc_ws/install/pal_sea_arm_bringup:/opt/erc_ws/install/pal_sea_arm_description:/opt/erc_ws/install/pal_pro_gripper_simulation:/opt/erc_ws/install/pal_pro_gripper_bringup:/opt/erc_ws/install/pal_pro_gripper:/opt/erc_ws/install/pal_pro_gripper_description:/opt/erc_ws/install/pal_gripper_simulation:/opt/erc_ws/install/pal_gripper:/opt/erc_ws/install/pal_gripper_description:/opt/erc_ws/install/omni_base_robot:/opt/erc_ws/install/omni_base_bringup:/opt/erc_ws/install/omni_base_description:/opt/erc_ws/install/pal_urdf_utils:/opt/erc_ws/install/pal_sea_arm_controller_configuration:/opt/erc_ws/install/pal_pro_gripper_controller_configuration:/opt/erc_ws/install/pal_pro_gripper_wrapper:/opt/erc_ws/install/pal_gripper_controller_configuration:/opt/erc_ws/install/omni_base_controller_configuration:/opt/erc_ws/install/gz_ros2_control:/opt/erc_ws/install/erc_solution:/opt/erc_ws/install/erc_description:/opt/ros/humble CMAKE_PREFIX_PATH=/opt/erc_ws/install/omni_base_bringup:/opt/erc_ws/install/omni_base_description:/opt/erc_ws/install/pal_urdf_utils:/opt/erc_ws/install/omni_base_controller_configuration:/opt/erc_ws/install/tiago_pro_robot:/opt/erc_ws/install/tiago_pro_head_robot:/opt/erc_ws/install/tiago_pro_bringup:/opt/erc_ws/install/tiago_pro_head_bringup:/opt/erc_ws/install/erc_bringup:/opt/erc_ws/install/tiago_pro_description:/opt/erc_ws/install/tiago_pro_head_description:/opt/erc_ws/install/tiago_pro_controller_configuration:/opt/erc_ws/install/tiago_pro_head_controller_configuration:/opt/erc_ws/install/pal_sea_arm:/opt/erc_ws/install/pal_sea_arm_bringup:/opt/erc_ws/install/pal_sea_arm_description:/opt/erc_ws/install/pal_pro_gripper_simulation:/opt/erc_ws/install/pal_pro_gripper_bringup:/opt/erc_ws/install/pal_pro_gripper:/opt/erc_ws/install/pal_pro_gripper_description:/opt/erc_ws/install/pal_gripper_simulation:/opt/erc_ws/install/pal_gripper:/opt/erc_ws/install/pal_gripper_description:/opt/erc_ws/install/omni_base_robot:/opt/erc_ws/install/pal_sea_arm_controller_configuration:/opt/erc_ws/install/pal_pro_gripper_controller_configuration:/opt/erc_ws/install/pal_gripper_controller_configuration:/opt/erc_ws/install/gz_ros2_control:/opt/erc_ws/install/erc_description:/opt/erc_ws/install/sensors:/opt/erc_ws/install/pal_pro_gripper_wrapper:/opt/erc_ws/install/launch_pal:/opt/erc_ws/install/erc_solution:/opt/ros/humble PYTHONPATH=/opt/erc_ws/build/launch_pal:/opt/erc_ws/install/launch_pal/lib/python3.10/site-packages:/opt/erc_ws/install/tiago_pro_description/local/lib/python3.10/dist-packages:/opt/erc_ws/install/tiago_pro_head_description/local/lib/python3.10/dist-packages:/opt/erc_ws/build/sensors:/opt/erc_ws/install/sensors/lib/python3.10/site-packages:/opt/erc_ws/install/pal_sea_arm_description/local/lib/python3.10/dist-packages:/opt/erc_ws/install/pal_pro_gripper_description/local/lib/python3.10/dist-packages:/opt/erc_ws/install/omni_base_description/local/lib/python3.10/dist-packages:/opt/erc_ws/build/pal_pro_gripper_wrapper:/opt/erc_ws/install/pal_pro_gripper_wrapper/lib/python3.10/site-packages:/opt/erc_ws/build/erc_solution:/opt/erc_ws/install/erc_solution/lib/python3.10/site-packages:/opt/ros/humble/lib/python3.10/site-packages:/opt/ros/humble/local/lib/python3.10/dist-packages /usr/bin/cmake --install /opt/erc_ws/build/omni_base_robot
[4.409s] INFO:colcon.colcon_core.shell:Creating environment descriptor '/opt/erc_ws/install/omni_base_robot/share/omni_base_robot/hook/cmake_prefix_path.dsv'
[4.409s] INFO:colcon.colcon_core.shell:Creating environment hook '/opt/erc_ws/install/omni_base_robot/share/omni_base_robot/hook/cmake_prefix_path.sh'
[4.410s] Level 1:colcon.colcon_core.environment:checking '/opt/erc_ws/install/omni_base_robot/bin'
[4.410s] Level 1:colcon.colcon_core.environment:checking '/opt/erc_ws/install/omni_base_robot/lib/pkgconfig/omni_base_robot.pc'
[4.410s] Level 1:colcon.colcon_core.environment:checking '/opt/erc_ws/install/omni_base_robot/lib/python3.10/site-packages'
[4.411s] Level 1:colcon.colcon_core.environment:checking '/opt/erc_ws/install/omni_base_robot/bin'
[4.411s] INFO:colcon.colcon_core.shell:Creating package script '/opt/erc_ws/install/omni_base_robot/share/omni_base_robot/package.ps1'
[4.412s] INFO:colcon.colcon_core.shell:Creating package descriptor '/opt/erc_ws/install/omni_base_robot/share/omni_base_robot/package.dsv'
[4.413s] INFO:colcon.colcon_core.shell:Creating package script '/opt/erc_ws/install/omni_base_robot/share/omni_base_robot/package.sh'
[4.414s] INFO:colcon.colcon_core.shell:Creating package script '/opt/erc_ws/install/omni_base_robot/share/omni_base_robot/package.bash'
[4.414s] INFO:colcon.colcon_core.shell:Creating package script '/opt/erc_ws/install/omni_base_robot/share/omni_base_robot/package.zsh'
[4.415s] Level 1:colcon.colcon_core.environment:create_file_with_runtime_dependencies(/opt/erc_ws/install/omni_base_robot/share/colcon-core/packages/omni_base_robot)
[4.415s] Level 1:colcon.colcon_core.environment:create_environment_scripts_only(omni_base_robot)
[4.416s] Level 1:colcon.colcon_core.environment:checking '/opt/erc_ws/install/omni_base_robot' for CMake module files
[4.416s] Level 1:colcon.colcon_core.environment:checking '/opt/erc_ws/install/omni_base_robot' for CMake config files
[4.416s] Level 1:colcon.colcon_core.shell:create_environment_hook('omni_base_robot', 'cmake_prefix_path')
[4.417s] INFO:colcon.colcon_core.shell:Creating environment hook '/opt/erc_ws/install/omni_base_robot/share/omni_base_robot/hook/cmake_prefix_path.ps1'
[4.417s] INFO:colcon.colcon_core.shell:Creating environment descriptor '/opt/erc_ws/install/omni_base_robot/share/omni_base_robot/hook/cmake_prefix_path.dsv'
[4.417s] INFO:colcon.colcon_core.shell:Creating environment hook '/opt/erc_ws/install/omni_base_robot/share/omni_base_robot/hook/cmake_prefix_path.sh'
[4.418s] Level 1:colcon.colcon_core.environment:checking '/opt/erc_ws/install/omni_base_robot/bin'
[4.418s] Level 1:colcon.colcon_core.environment:checking '/opt/erc_ws/install/omni_base_robot/lib/pkgconfig/omni_base_robot.pc'
[4.418s] Level 1:colcon.colcon_core.environment:checking '/opt/erc_ws/install/omni_base_robot/lib/python3.10/site-packages'
[4.419s] Level 1:colcon.colcon_core.environment:checking '/opt/erc_ws/install/omni_base_robot/bin'
[4.419s] INFO:colcon.colcon_core.shell:Creating package script '/opt/erc_ws/install/omni_base_robot/share/omni_base_robot/package.ps1'
[4.420s] INFO:colcon.colcon_core.shell:Creating package descriptor '/opt/erc_ws/install/omni_base_robot/share/omni_base_robot/package.dsv'
[4.421s] INFO:colcon.colcon_core.shell:Creating package script '/opt/erc_ws/install/omni_base_robot/share/omni_base_robot/package.sh'
[4.421s] INFO:colcon.colcon_core.shell:Creating package script '/opt/erc_ws/install/omni_base_robot/share/omni_base_robot/package.bash'
[4.422s] INFO:colcon.colcon_core.shell:Creating package script '/opt/erc_ws/install/omni_base_robot/share/omni_base_robot/package.zsh'
[4.422s] Level 1:colcon.colcon_core.environment:create_file_with_runtime_dependencies(/opt/erc_ws/install/omni_base_robot/share/colcon-core/packages/omni_base_robot)
[4.451s] DEBUG:colcon.colcon_core.event_handler.log_command:Invoked command in '/opt/erc_ws/build/tiago_pro_head_bringup' returned '0': AMENT_PREFIX_PATH=/opt/erc_ws/install/launch_pal:/opt/erc_ws/install/tiago_pro_robot:/opt/erc_ws/install/tiago_pro_head_robot:/opt/erc_ws/install/tiago_pro_bringup:/opt/erc_ws/install/tiago_pro_head_bringup:/opt/erc_ws/install/erc_bringup:/opt/erc_ws/install/tiago_pro_description:/opt/erc_ws/install/tiago_pro_head_description:/opt/erc_ws/install/tiago_pro_controller_configuration:/opt/erc_ws/install/tiago_pro_head_controller_configuration:/opt/erc_ws/install/sensors:/opt/erc_ws/install/pal_sea_arm:/opt/erc_ws/install/pal_sea_arm_bringup:/opt/erc_ws/install/pal_sea_arm_description:/opt/erc_ws/install/pal_pro_gripper_simulation:/opt/erc_ws/install/pal_pro_gripper_bringup:/opt/erc_ws/install/pal_pro_gripper:/opt/erc_ws/install/pal_pro_gripper_description:/opt/erc_ws/install/pal_gripper_simulation:/opt/erc_ws/install/pal_gripper:/opt/erc_ws/install/pal_gripper_description:/opt/erc_ws/install/omni_base_robot:/opt/erc_ws/install/omni_base_bringup:/opt/erc_ws/install/omni_base_description:/opt/erc_ws/install/pal_urdf_utils:/opt/erc_ws/install/pal_sea_arm_controller_configuration:/opt/erc_ws/install/pal_pro_gripper_controller_configuration:/opt/erc_ws/install/pal_pro_gripper_wrapper:/opt/erc_ws/install/pal_gripper_controller_configuration:/opt/erc_ws/install/omni_base_controller_configuration:/opt/erc_ws/install/gz_ros2_control:/opt/erc_ws/install/erc_solution:/opt/erc_ws/install/erc_description:/opt/ros/humble CMAKE_PREFIX_PATH=/opt/erc_ws/install/tiago_pro_head_description:/opt/erc_ws/install/tiago_pro_head_controller_configuration:/opt/erc_ws/install/pal_urdf_utils:/opt/erc_ws/install/tiago_pro_robot:/opt/erc_ws/install/tiago_pro_head_robot:/opt/erc_ws/install/tiago_pro_bringup:/opt/erc_ws/install/tiago_pro_head_bringup:/opt/erc_ws/install/erc_bringup:/opt/erc_ws/install/tiago_pro_description:/opt/erc_ws/install/tiago_pro_controller_configuration:/opt/erc_ws/install/pal_sea_arm:/opt/erc_ws/install/pal_sea_arm_bringup:/opt/erc_ws/install/pal_sea_arm_description:/opt/erc_ws/install/pal_pro_gripper_simulation:/opt/erc_ws/install/pal_pro_gripper_bringup:/opt/erc_ws/install/pal_pro_gripper:/opt/erc_ws/install/pal_pro_gripper_description:/opt/erc_ws/install/pal_gripper_simulation:/opt/erc_ws/install/pal_gripper:/opt/erc_ws/install/pal_gripper_description:/opt/erc_ws/install/omni_base_robot:/opt/erc_ws/install/omni_base_bringup:/opt/erc_ws/install/omni_base_description:/opt/erc_ws/install/pal_sea_arm_controller_configuration:/opt/erc_ws/install/pal_pro_gripper_controller_configuration:/opt/erc_ws/install/pal_gripper_controller_configuration:/opt/erc_ws/install/omni_base_controller_configuration:/opt/erc_ws/install/gz_ros2_control:/opt/erc_ws/install/erc_description:/opt/erc_ws/install/sensors:/opt/erc_ws/install/pal_pro_gripper_wrapper:/opt/erc_ws/install/launch_pal:/opt/erc_ws/install/erc_solution:/opt/ros/humble PYTHONPATH=/opt/erc_ws/build/launch_pal:/opt/erc_ws/install/launch_pal/lib/python3.10/site-packages:/opt/erc_ws/install/tiago_pro_description/local/lib/python3.10/dist-packages:/opt/erc_ws/install/tiago_pro_head_description/local/lib/python3.10/dist-packages:/opt/erc_ws/build/sensors:/opt/erc_ws/install/sensors/lib/python3.10/site-packages:/opt/erc_ws/install/pal_sea_arm_description/local/lib/python3.10/dist-packages:/opt/erc_ws/install/pal_pro_gripper_description/local/lib/python3.10/dist-packages:/opt/erc_ws/install/omni_base_description/local/lib/python3.10/dist-packages:/opt/erc_ws/build/pal_pro_gripper_wrapper:/opt/erc_ws/install/pal_pro_gripper_wrapper/lib/python3.10/site-packages:/opt/erc_ws/build/erc_solution:/opt/erc_ws/install/erc_solution/lib/python3.10/site-packages:/opt/ros/humble/lib/python3.10/site-packages:/opt/ros/humble/local/lib/python3.10/dist-packages /usr/bin/cmake --build /opt/erc_ws/build/tiago_pro_head_bringup -- -j16 -l16
[4.451s] DEBUG:colcon.colcon_core.event_handler.log_command:Invoking command in '/opt/erc_ws/build/tiago_pro_head_bringup': AMENT_PREFIX_PATH=/opt/erc_ws/install/launch_pal:/opt/erc_ws/install/tiago_pro_robot:/opt/erc_ws/install/tiago_pro_head_robot:/opt/erc_ws/install/tiago_pro_bringup:/opt/erc_ws/install/tiago_pro_head_bringup:/opt/erc_ws/install/erc_bringup:/opt/erc_ws/install/tiago_pro_description:/opt/erc_ws/install/tiago_pro_head_description:/opt/erc_ws/install/tiago_pro_controller_configuration:/opt/erc_ws/install/tiago_pro_head_controller_configuration:/opt/erc_ws/install/sensors:/opt/erc_ws/install/pal_sea_arm:/opt/erc_ws/install/pal_sea_arm_bringup:/opt/erc_ws/install/pal_sea_arm_description:/opt/erc_ws/install/pal_pro_gripper_simulation:/opt/erc_ws/install/pal_pro_gripper_bringup:/opt/erc_ws/install/pal_pro_gripper:/opt/erc_ws/install/pal_pro_gripper_description:/opt/erc_ws/install/pal_gripper_simulation:/opt/erc_ws/install/pal_gripper:/opt/erc_ws/install/pal_gripper_description:/opt/erc_ws/install/omni_base_robot:/opt/erc_ws/install/omni_base_bringup:/opt/erc_ws/install/omni_base_description:/opt/erc_ws/install/pal_urdf_utils:/opt/erc_ws/install/pal_sea_arm_controller_configuration:/opt/erc_ws/install/pal_pro_gripper_controller_configuration:/opt/erc_ws/install/pal_pro_gripper_wrapper:/opt/erc_ws/install/pal_gripper_controller_configuration:/opt/erc_ws/install/omni_base_controller_configuration:/opt/erc_ws/install/gz_ros2_control:/opt/erc_ws/install/erc_solution:/opt/erc_ws/install/erc_description:/opt/ros/humble CMAKE_PREFIX_PATH=/opt/erc_ws/install/tiago_pro_head_description:/opt/erc_ws/install/tiago_pro_head_controller_configuration:/opt/erc_ws/install/pal_urdf_utils:/opt/erc_ws/install/tiago_pro_robot:/opt/erc_ws/install/tiago_pro_head_robot:/opt/erc_ws/install/tiago_pro_bringup:/opt/erc_ws/install/tiago_pro_head_bringup:/opt/erc_ws/install/erc_bringup:/opt/erc_ws/install/tiago_pro_description:/opt/erc_ws/install/tiago_pro_controller_configuration:/opt/erc_ws/install/pal_sea_arm:/opt/erc_ws/install/pal_sea_arm_bringup:/opt/erc_ws/install/pal_sea_arm_description:/opt/erc_ws/install/pal_pro_gripper_simulation:/opt/erc_ws/install/pal_pro_gripper_bringup:/opt/erc_ws/install/pal_pro_gripper:/opt/erc_ws/install/pal_pro_gripper_description:/opt/erc_ws/install/pal_gripper_simulation:/opt/erc_ws/install/pal_gripper:/opt/erc_ws/install/pal_gripper_description:/opt/erc_ws/install/omni_base_robot:/opt/erc_ws/install/omni_base_bringup:/opt/erc_ws/install/omni_base_description:/opt/erc_ws/install/pal_sea_arm_controller_configuration:/opt/erc_ws/install/pal_pro_gripper_controller_configuration:/opt/erc_ws/install/pal_gripper_controller_configuration:/opt/erc_ws/install/omni_base_controller_configuration:/opt/erc_ws/install/gz_ros2_control:/opt/erc_ws/install/erc_description:/opt/erc_ws/install/sensors:/opt/erc_ws/install/pal_pro_gripper_wrapper:/opt/erc_ws/install/launch_pal:/opt/erc_ws/install/erc_solution:/opt/ros/humble PYTHONPATH=/opt/erc_ws/build/launch_pal:/opt/erc_ws/install/launch_pal/lib/python3.10/site-packages:/opt/erc_ws/install/tiago_pro_description/local/lib/python3.10/dist-packages:/opt/erc_ws/install/tiago_pro_head_description/local/lib/python3.10/dist-packages:/opt/erc_ws/build/sensors:/opt/erc_ws/install/sensors/lib/python3.10/site-packages:/opt/erc_ws/install/pal_sea_arm_description/local/lib/python3.10/dist-packages:/opt/erc_ws/install/pal_pro_gripper_description/local/lib/python3.10/dist-packages:/opt/erc_ws/install/omni_base_description/local/lib/python3.10/dist-packages:/opt/erc_ws/build/pal_pro_gripper_wrapper:/opt/erc_ws/install/pal_pro_gripper_wrapper/lib/python3.10/site-packages:/opt/erc_ws/build/erc_solution:/opt/erc_ws/install/erc_solution/lib/python3.10/site-packages:/opt/ros/humble/lib/python3.10/site-packages:/opt/ros/humble/local/lib/python3.10/dist-packages /usr/bin/cmake --install /opt/erc_ws/build/tiago_pro_head_bringup
[4.469s] Level 1:colcon.colcon_core.environment:create_environment_scripts_only(tiago_pro_head_bringup)
[4.470s] Level 1:colcon.colcon_core.environment:checking '/opt/erc_ws/install/tiago_pro_head_bringup' for CMake module files
[4.470s] Level 1:colcon.colcon_core.environment:checking '/opt/erc_ws/install/tiago_pro_head_bringup' for CMake config files
[4.471s] DEBUG:colcon.colcon_core.event_handler.log_command:Invoked command in '/opt/erc_ws/build/tiago_pro_head_bringup' returned '0': AMENT_PREFIX_PATH=/opt/erc_ws/install/launch_pal:/opt/erc_ws/install/tiago_pro_robot:/opt/erc_ws/install/tiago_pro_head_robot:/opt/erc_ws/install/tiago_pro_bringup:/opt/erc_ws/install/tiago_pro_head_bringup:/opt/erc_ws/install/erc_bringup:/opt/erc_ws/install/tiago_pro_description:/opt/erc_ws/install/tiago_pro_head_description:/opt/erc_ws/install/tiago_pro_controller_configuration:/opt/erc_ws/install/tiago_pro_head_controller_configuration:/opt/erc_ws/install/sensors:/opt/erc_ws/install/pal_sea_arm:/opt/erc_ws/install/pal_sea_arm_bringup:/opt/erc_ws/install/pal_sea_arm_description:/opt/erc_ws/install/pal_pro_gripper_simulation:/opt/erc_ws/install/pal_pro_gripper_bringup:/opt/erc_ws/install/pal_pro_gripper:/opt/erc_ws/install/pal_pro_gripper_description:/opt/erc_ws/install/pal_gripper_simulation:/opt/erc_ws/install/pal_gripper:/opt/erc_ws/install/pal_gripper_description:/opt/erc_ws/install/omni_base_robot:/opt/erc_ws/install/omni_base_bringup:/opt/erc_ws/install/omni_base_description:/opt/erc_ws/install/pal_urdf_utils:/opt/erc_ws/install/pal_sea_arm_controller_configuration:/opt/erc_ws/install/pal_pro_gripper_controller_configuration:/opt/erc_ws/install/pal_pro_gripper_wrapper:/opt/erc_ws/install/pal_gripper_controller_configuration:/opt/erc_ws/install/omni_base_controller_configuration:/opt/erc_ws/install/gz_ros2_control:/opt/erc_ws/install/erc_solution:/opt/erc_ws/install/erc_description:/opt/ros/humble CMAKE_PREFIX_PATH=/opt/erc_ws/install/tiago_pro_head_description:/opt/erc_ws/install/tiago_pro_head_controller_configuration:/opt/erc_ws/install/pal_urdf_utils:/opt/erc_ws/install/tiago_pro_robot:/opt/erc_ws/install/tiago_pro_head_robot:/opt/erc_ws/install/tiago_pro_bringup:/opt/erc_ws/install/tiago_pro_head_bringup:/opt/erc_ws/install/erc_bringup:/opt/erc_ws/install/tiago_pro_description:/opt/erc_ws/install/tiago_pro_controller_configuration:/opt/erc_ws/install/pal_sea_arm:/opt/erc_ws/install/pal_sea_arm_bringup:/opt/erc_ws/install/pal_sea_arm_description:/opt/erc_ws/install/pal_pro_gripper_simulation:/opt/erc_ws/install/pal_pro_gripper_bringup:/opt/erc_ws/install/pal_pro_gripper:/opt/erc_ws/install/pal_pro_gripper_description:/opt/erc_ws/install/pal_gripper_simulation:/opt/erc_ws/install/pal_gripper:/opt/erc_ws/install/pal_gripper_description:/opt/erc_ws/install/omni_base_robot:/opt/erc_ws/install/omni_base_bringup:/opt/erc_ws/install/omni_base_description:/opt/erc_ws/install/pal_sea_arm_controller_configuration:/opt/erc_ws/install/pal_pro_gripper_controller_configuration:/opt/erc_ws/install/pal_gripper_controller_configuration:/opt/erc_ws/install/omni_base_controller_configuration:/opt/erc_ws/install/gz_ros2_control:/opt/erc_ws/install/erc_description:/opt/erc_ws/install/sensors:/opt/erc_ws/install/pal_pro_gripper_wrapper:/opt/erc_ws/install/launch_pal:/opt/erc_ws/install/erc_solution:/opt/ros/humble PYTHONPATH=/opt/erc_ws/build/launch_pal:/opt/erc_ws/install/launch_pal/lib/python3.10/site-packages:/opt/erc_ws/install/tiago_pro_description/local/lib/python3.10/dist-packages:/opt/erc_ws/install/tiago_pro_head_description/local/lib/python3.10/dist-packages:/opt/erc_ws/build/sensors:/opt/erc_ws/install/sensors/lib/python3.10/site-packages:/opt/erc_ws/install/pal_sea_arm_description/local/lib/python3.10/dist-packages:/opt/erc_ws/install/pal_pro_gripper_description/local/lib/python3.10/dist-packages:/opt/erc_ws/install/omni_base_description/local/lib/python3.10/dist-packages:/opt/erc_ws/build/pal_pro_gripper_wrapper:/opt/erc_ws/install/pal_pro_gripper_wrapper/lib/python3.10/site-packages:/opt/erc_ws/build/erc_solution:/opt/erc_ws/install/erc_solution/lib/python3.10/site-packages:/opt/ros/humble/lib/python3.10/site-packages:/opt/ros/humble/local/lib/python3.10/dist-packages /usr/bin/cmake --install /opt/erc_ws/build/tiago_pro_head_bringup
[4.472s] Level 1:colcon.colcon_core.shell:create_environment_hook('tiago_pro_head_bringup', 'cmake_prefix_path')
[4.472s] INFO:colcon.colcon_core.shell:Creating environment hook '/opt/erc_ws/install/tiago_pro_head_bringup/share/tiago_pro_head_bringup/hook/cmake_prefix_path.ps1'
[4.473s] INFO:colcon.colcon_core.shell:Creating environment descriptor '/opt/erc_ws/install/tiago_pro_head_bringup/share/tiago_pro_head_bringup/hook/cmake_prefix_path.dsv'
[4.474s] INFO:colcon.colcon_core.shell:Creating environment hook '/opt/erc_ws/install/tiago_pro_head_bringup/share/tiago_pro_head_bringup/hook/cmake_prefix_path.sh'
[4.475s] Level 1:colcon.colcon_core.environment:checking '/opt/erc_ws/install/tiago_pro_head_bringup/bin'
[4.475s] Level 1:colcon.colcon_core.environment:checking '/opt/erc_ws/install/tiago_pro_head_bringup/lib/pkgconfig/tiago_pro_head_bringup.pc'
[4.475s] Level 1:colcon.colcon_core.environment:checking '/opt/erc_ws/install/tiago_pro_head_bringup/lib/python3.10/site-packages'
[4.475s] Level 1:colcon.colcon_core.environment:checking '/opt/erc_ws/install/tiago_pro_head_bringup/bin'
[4.476s] INFO:colcon.colcon_core.shell:Creating package script '/opt/erc_ws/install/tiago_pro_head_bringup/share/tiago_pro_head_bringup/package.ps1'
[4.476s] INFO:colcon.colcon_core.shell:Creating package descriptor '/opt/erc_ws/install/tiago_pro_head_bringup/share/tiago_pro_head_bringup/package.dsv'
[4.477s] INFO:colcon.colcon_core.shell:Creating package script '/opt/erc_ws/install/tiago_pro_head_bringup/share/tiago_pro_head_bringup/package.sh'
[4.477s] INFO:colcon.colcon_core.shell:Creating package script '/opt/erc_ws/install/tiago_pro_head_bringup/share/tiago_pro_head_bringup/package.bash'
[4.478s] INFO:colcon.colcon_core.shell:Creating package script '/opt/erc_ws/install/tiago_pro_head_bringup/share/tiago_pro_head_bringup/package.zsh'
[4.478s] Level 1:colcon.colcon_core.environment:create_file_with_runtime_dependencies(/opt/erc_ws/install/tiago_pro_head_bringup/share/colcon-core/packages/tiago_pro_head_bringup)
[4.479s] Level 1:colcon.colcon_core.environment:create_environment_scripts_only(tiago_pro_head_bringup)
[4.479s] Level 1:colcon.colcon_core.environment:checking '/opt/erc_ws/install/tiago_pro_head_bringup' for CMake module files
[4.479s] Level 1:colcon.colcon_core.environment:checking '/opt/erc_ws/install/tiago_pro_head_bringup' for CMake config files
[4.480s] Level 1:colcon.colcon_core.shell:create_environment_hook('tiago_pro_head_bringup', 'cmake_prefix_path')
[4.480s] INFO:colcon.colcon_core.shell:Creating environment hook '/opt/erc_ws/install/tiago_pro_head_bringup/share/tiago_pro_head_bringup/hook/cmake_prefix_path.ps1'
[4.481s] INFO:colcon.colcon_core.shell:Creating environment descriptor '/opt/erc_ws/install/tiago_pro_head_bringup/share/tiago_pro_head_bringup/hook/cmake_prefix_path.dsv'
[4.481s] INFO:colcon.colcon_core.shell:Creating environment hook '/opt/erc_ws/install/tiago_pro_head_bringup/share/tiago_pro_head_bringup/hook/cmake_prefix_path.sh'
[4.482s] Level 1:colcon.colcon_core.environment:checking '/opt/erc_ws/install/tiago_pro_head_bringup/bin'
[4.482s] Level 1:colcon.colcon_core.environment:checking '/opt/erc_ws/install/tiago_pro_head_bringup/lib/pkgconfig/tiago_pro_head_bringup.pc'
[4.482s] Level 1:colcon.colcon_core.environment:checking '/opt/erc_ws/install/tiago_pro_head_bringup/lib/python3.10/site-packages'
[4.482s] Level 1:colcon.colcon_core.environment:checking '/opt/erc_ws/install/tiago_pro_head_bringup/bin'
[4.483s] INFO:colcon.colcon_core.shell:Creating package script '/opt/erc_ws/install/tiago_pro_head_bringup/share/tiago_pro_head_bringup/package.ps1'
[4.483s] INFO:colcon.colcon_core.shell:Creating package descriptor '/opt/erc_ws/install/tiago_pro_head_bringup/share/tiago_pro_head_bringup/package.dsv'
[4.483s] INFO:colcon.colcon_core.shell:Creating package script '/opt/erc_ws/install/tiago_pro_head_bringup/share/tiago_pro_head_bringup/package.sh'
[4.484s] INFO:colcon.colcon_core.shell:Creating package script '/opt/erc_ws/install/tiago_pro_head_bringup/share/tiago_pro_head_bringup/package.bash'
[4.484s] INFO:colcon.colcon_core.shell:Creating package script '/opt/erc_ws/install/tiago_pro_head_bringup/share/tiago_pro_head_bringup/package.zsh'
[4.485s] Level 1:colcon.colcon_core.environment:create_file_with_runtime_dependencies(/opt/erc_ws/install/tiago_pro_head_bringup/share/colcon-core/packages/tiago_pro_head_bringup)
[4.485s] INFO:colcon.colcon_ros.task.ament_cmake.build:Building ROS package in '/opt/erc_ws/src/tiago_pro_robot/tiago_pro_bringup' with build type 'ament_cmake'
[4.486s] INFO:colcon.colcon_cmake.task.cmake.build:Building CMake package in '/opt/erc_ws/src/tiago_pro_robot/tiago_pro_bringup'
[4.486s] INFO:colcon.colcon_core.shell:Skip shell extension 'powershell' for command environment: Not usable outside of PowerShell
[4.486s] DEBUG:colcon.colcon_core.shell:Skip shell extension 'dsv' for command environment
[4.497s] INFO:colcon.colcon_ros.task.ament_cmake.build:Building ROS package in '/opt/erc_ws/src/tiago_pro_head_robot/tiago_pro_head_robot' with build type 'ament_cmake'
[4.497s] INFO:colcon.colcon_cmake.task.cmake.build:Building CMake package in '/opt/erc_ws/src/tiago_pro_head_robot/tiago_pro_head_robot'
[4.497s] INFO:colcon.colcon_core.shell:Skip shell extension 'powershell' for command environment: Not usable outside of PowerShell
[4.497s] DEBUG:colcon.colcon_core.shell:Skip shell extension 'dsv' for command environment
[4.522s] Level 1:colcon.colcon_core.environment:create_environment_scripts_only(pal_sea_arm_description)
[4.522s] Level 1:colcon.colcon_core.environment:checking '/opt/erc_ws/install/pal_sea_arm_description' for CMake module files
[4.523s] Level 1:colcon.colcon_core.environment:checking '/opt/erc_ws/install/pal_sea_arm_description' for CMake config files
[4.525s] DEBUG:colcon.colcon_core.event_handler.log_command:Invoked command in '/opt/erc_ws/build/pal_sea_arm_description' returned '0': AMENT_PREFIX_PATH=/opt/erc_ws/install/pal_pro_gripper_wrapper:/opt/erc_ws/install/launch_pal:/opt/erc_ws/install/tiago_pro_robot:/opt/erc_ws/install/tiago_pro_head_robot:/opt/erc_ws/install/tiago_pro_bringup:/opt/erc_ws/install/tiago_pro_head_bringup:/opt/erc_ws/install/erc_bringup:/opt/erc_ws/install/tiago_pro_description:/opt/erc_ws/install/tiago_pro_head_description:/opt/erc_ws/install/tiago_pro_controller_configuration:/opt/erc_ws/install/tiago_pro_head_controller_configuration:/opt/erc_ws/install/sensors:/opt/erc_ws/install/pal_sea_arm:/opt/erc_ws/install/pal_sea_arm_bringup:/opt/erc_ws/install/pal_sea_arm_description:/opt/erc_ws/install/pal_pro_gripper_simulation:/opt/erc_ws/install/pal_pro_gripper_bringup:/opt/erc_ws/install/pal_pro_gripper:/opt/erc_ws/install/pal_pro_gripper_description:/opt/erc_ws/install/pal_gripper_simulation:/opt/erc_ws/install/pal_gripper:/opt/erc_ws/install/pal_gripper_description:/opt/erc_ws/install/omni_base_robot:/opt/erc_ws/install/omni_base_bringup:/opt/erc_ws/install/omni_base_description:/opt/erc_ws/install/pal_urdf_utils:/opt/erc_ws/install/pal_sea_arm_controller_configuration:/opt/erc_ws/install/pal_pro_gripper_controller_configuration:/opt/erc_ws/install/pal_gripper_controller_configuration:/opt/erc_ws/install/omni_base_controller_configuration:/opt/erc_ws/install/gz_ros2_control:/opt/erc_ws/install/erc_solution:/opt/erc_ws/install/erc_description:/opt/ros/humble CMAKE_PREFIX_PATH=/opt/erc_ws/install/pal_sea_arm_controller_configuration:/opt/erc_ws/install/pal_pro_gripper_description:/opt/erc_ws/install/pal_pro_gripper_controller_configuration:/opt/erc_ws/install/pal_urdf_utils:/opt/erc_ws/install/tiago_pro_robot:/opt/erc_ws/install/tiago_pro_head_robot:/opt/erc_ws/install/tiago_pro_bringup:/opt/erc_ws/install/tiago_pro_head_bringup:/opt/erc_ws/install/erc_bringup:/opt/erc_ws/install/tiago_pro_description:/opt/erc_ws/install/tiago_pro_head_description:/opt/erc_ws/install/tiago_pro_controller_configuration:/opt/erc_ws/install/tiago_pro_head_controller_configuration:/opt/erc_ws/install/pal_sea_arm:/opt/erc_ws/install/pal_sea_arm_bringup:/opt/erc_ws/install/pal_sea_arm_description:/opt/erc_ws/install/pal_pro_gripper_simulation:/opt/erc_ws/install/pal_pro_gripper_bringup:/opt/erc_ws/install/pal_pro_gripper:/opt/erc_ws/install/pal_gripper_simulation:/opt/erc_ws/install/pal_gripper:/opt/erc_ws/install/pal_gripper_description:/opt/erc_ws/install/omni_base_robot:/opt/erc_ws/install/omni_base_bringup:/opt/erc_ws/install/omni_base_description:/opt/erc_ws/install/pal_gripper_controller_configuration:/opt/erc_ws/install/omni_base_controller_configuration:/opt/erc_ws/install/gz_ros2_control:/opt/erc_ws/install/erc_description:/opt/erc_ws/install/sensors:/opt/erc_ws/install/pal_pro_gripper_wrapper:/opt/erc_ws/install/launch_pal:/opt/erc_ws/install/erc_solution:/opt/ros/humble PYTHONPATH=/opt/erc_ws/build/pal_pro_gripper_wrapper:/opt/erc_ws/install/pal_pro_gripper_wrapper/lib/python3.10/site-packages:/opt/erc_ws/build/launch_pal:/opt/erc_ws/install/launch_pal/lib/python3.10/site-packages:/opt/erc_ws/install/tiago_pro_description/local/lib/python3.10/dist-packages:/opt/erc_ws/install/tiago_pro_head_description/local/lib/python3.10/dist-packages:/opt/erc_ws/build/sensors:/opt/erc_ws/install/sensors/lib/python3.10/site-packages:/opt/erc_ws/install/pal_sea_arm_description/local/lib/python3.10/dist-packages:/opt/erc_ws/install/pal_pro_gripper_description/local/lib/python3.10/dist-packages:/opt/erc_ws/install/omni_base_description/local/lib/python3.10/dist-packages:/opt/erc_ws/build/erc_solution:/opt/erc_ws/install/erc_solution/lib/python3.10/site-packages:/opt/ros/humble/lib/python3.10/site-packages:/opt/ros/humble/local/lib/python3.10/dist-packages /usr/bin/cmake --install /opt/erc_ws/build/pal_sea_arm_description
[4.526s] Level 1:colcon.colcon_core.shell:create_environment_hook('pal_sea_arm_description', 'cmake_prefix_path')
[4.526s] INFO:colcon.colcon_core.shell:Creating environment hook '/opt/erc_ws/install/pal_sea_arm_description/share/pal_sea_arm_description/hook/cmake_prefix_path.ps1'
[4.527s] INFO:colcon.colcon_core.shell:Creating environment descriptor '/opt/erc_ws/install/pal_sea_arm_description/share/pal_sea_arm_description/hook/cmake_prefix_path.dsv'
[4.527s] INFO:colcon.colcon_core.shell:Creating environment hook '/opt/erc_ws/install/pal_sea_arm_description/share/pal_sea_arm_description/hook/cmake_prefix_path.sh'
[4.528s] Level 1:colcon.colcon_core.environment:checking '/opt/erc_ws/install/pal_sea_arm_description/bin'
[4.528s] Level 1:colcon.colcon_core.environment:checking '/opt/erc_ws/install/pal_sea_arm_description/lib/pkgconfig/pal_sea_arm_description.pc'
[4.528s] Level 1:colcon.colcon_core.environment:checking '/opt/erc_ws/install/pal_sea_arm_description/lib/python3.10/site-packages'
[4.528s] Level 1:colcon.colcon_core.environment:checking '/opt/erc_ws/install/pal_sea_arm_description/bin'
[4.529s] INFO:colcon.colcon_core.shell:Creating package script '/opt/erc_ws/install/pal_sea_arm_description/share/pal_sea_arm_description/package.ps1'
[4.530s] INFO:colcon.colcon_core.shell:Creating package descriptor '/opt/erc_ws/install/pal_sea_arm_description/share/pal_sea_arm_description/package.dsv'
[4.531s] INFO:colcon.colcon_core.shell:Creating package script '/opt/erc_ws/install/pal_sea_arm_description/share/pal_sea_arm_description/package.sh'
[4.532s] INFO:colcon.colcon_core.shell:Creating package script '/opt/erc_ws/install/pal_sea_arm_description/share/pal_sea_arm_description/package.bash'
[4.533s] INFO:colcon.colcon_core.shell:Creating package script '/opt/erc_ws/install/pal_sea_arm_description/share/pal_sea_arm_description/package.zsh'
[4.533s] Level 1:colcon.colcon_core.environment:create_file_with_runtime_dependencies(/opt/erc_ws/install/pal_sea_arm_description/share/colcon-core/packages/pal_sea_arm_description)
[4.535s] Level 1:colcon.colcon_core.environment:create_environment_scripts_only(pal_sea_arm_description)
[4.535s] Level 1:colcon.colcon_core.environment:checking '/opt/erc_ws/install/pal_sea_arm_description' for CMake module files
[4.536s] Level 1:colcon.colcon_core.environment:checking '/opt/erc_ws/install/pal_sea_arm_description' for CMake config files
[4.537s] Level 1:colcon.colcon_core.shell:create_environment_hook('pal_sea_arm_description', 'cmake_prefix_path')
[4.537s] INFO:colcon.colcon_core.shell:Creating environment hook '/opt/erc_ws/install/pal_sea_arm_description/share/pal_sea_arm_description/hook/cmake_prefix_path.ps1'
[4.538s] INFO:colcon.colcon_core.shell:Creating environment descriptor '/opt/erc_ws/install/pal_sea_arm_description/share/pal_sea_arm_description/hook/cmake_prefix_path.dsv'
[4.538s] INFO:colcon.colcon_core.shell:Creating environment hook '/opt/erc_ws/install/pal_sea_arm_description/share/pal_sea_arm_description/hook/cmake_prefix_path.sh'
[4.539s] Level 1:colcon.colcon_core.environment:checking '/opt/erc_ws/install/pal_sea_arm_description/bin'
[4.539s] Level 1:colcon.colcon_core.environment:checking '/opt/erc_ws/install/pal_sea_arm_description/lib/pkgconfig/pal_sea_arm_description.pc'
[4.539s] Level 1:colcon.colcon_core.environment:checking '/opt/erc_ws/install/pal_sea_arm_description/lib/python3.10/site-packages'
[4.539s] Level 1:colcon.colcon_core.environment:checking '/opt/erc_ws/install/pal_sea_arm_description/bin'
[4.539s] INFO:colcon.colcon_core.shell:Creating package script '/opt/erc_ws/install/pal_sea_arm_description/share/pal_sea_arm_description/package.ps1'
[4.540s] INFO:colcon.colcon_core.shell:Creating package descriptor '/opt/erc_ws/install/pal_sea_arm_description/share/pal_sea_arm_description/package.dsv'
[4.541s] INFO:colcon.colcon_core.shell:Creating package script '/opt/erc_ws/install/pal_sea_arm_description/share/pal_sea_arm_description/package.sh'
[4.541s] INFO:colcon.colcon_core.shell:Creating package script '/opt/erc_ws/install/pal_sea_arm_description/share/pal_sea_arm_description/package.bash'
[4.542s] INFO:colcon.colcon_core.shell:Creating package script '/opt/erc_ws/install/pal_sea_arm_description/share/pal_sea_arm_description/package.zsh'
[4.543s] Level 1:colcon.colcon_core.environment:create_file_with_runtime_dependencies(/opt/erc_ws/install/pal_sea_arm_description/share/colcon-core/packages/pal_sea_arm_description)
[4.545s] INFO:colcon.colcon_ros.task.ament_cmake.build:Building ROS package in '/opt/erc_ws/src/tiago_pro_robot/tiago_pro_description' with build type 'ament_cmake'
[4.545s] INFO:colcon.colcon_cmake.task.cmake.build:Building CMake package in '/opt/erc_ws/src/tiago_pro_robot/tiago_pro_description'
[4.545s] INFO:colcon.colcon_core.shell:Skip shell extension 'powershell' for command environment: Not usable outside of PowerShell
[4.545s] DEBUG:colcon.colcon_core.shell:Skip shell extension 'dsv' for command environment
[4.553s] INFO:colcon.colcon_ros.task.ament_cmake.build:Building ROS package in '/opt/erc_ws/src/pal_sea_arm/pal_sea_arm_bringup' with build type 'ament_cmake'
[4.553s] INFO:colcon.colcon_cmake.task.cmake.build:Building CMake package in '/opt/erc_ws/src/pal_sea_arm/pal_sea_arm_bringup'
[4.553s] INFO:colcon.colcon_core.shell:Skip shell extension 'powershell' for command environment: Not usable outside of PowerShell
[4.553s] DEBUG:colcon.colcon_core.shell:Skip shell extension 'dsv' for command environment
[4.571s] DEBUG:colcon.colcon_core.event_handler.log_command:Invoking command in '/opt/erc_ws/build/tiago_pro_bringup': AMENT_PREFIX_PATH=/opt/erc_ws/install/pal_pro_gripper_wrapper:/opt/erc_ws/install/launch_pal:/opt/erc_ws/install/tiago_pro_robot:/opt/erc_ws/install/tiago_pro_head_robot:/opt/erc_ws/install/tiago_pro_bringup:/opt/erc_ws/install/tiago_pro_head_bringup:/opt/erc_ws/install/erc_bringup:/opt/erc_ws/install/tiago_pro_description:/opt/erc_ws/install/tiago_pro_head_description:/opt/erc_ws/install/tiago_pro_controller_configuration:/opt/erc_ws/install/tiago_pro_head_controller_configuration:/opt/erc_ws/install/sensors:/opt/erc_ws/install/pal_sea_arm:/opt/erc_ws/install/pal_sea_arm_bringup:/opt/erc_ws/install/pal_sea_arm_description:/opt/erc_ws/install/pal_pro_gripper_simulation:/opt/erc_ws/install/pal_pro_gripper_bringup:/opt/erc_ws/install/pal_pro_gripper:/opt/erc_ws/install/pal_pro_gripper_description:/opt/erc_ws/install/pal_gripper_simulation:/opt/erc_ws/install/pal_gripper:/opt/erc_ws/install/pal_gripper_description:/opt/erc_ws/install/omni_base_robot:/opt/erc_ws/install/omni_base_bringup:/opt/erc_ws/install/omni_base_description:/opt/erc_ws/install/pal_urdf_utils:/opt/erc_ws/install/pal_sea_arm_controller_configuration:/opt/erc_ws/install/pal_pro_gripper_controller_configuration:/opt/erc_ws/install/pal_gripper_controller_configuration:/opt/erc_ws/install/omni_base_controller_configuration:/opt/erc_ws/install/gz_ros2_control:/opt/erc_ws/install/erc_solution:/opt/erc_ws/install/erc_description:/opt/ros/humble CMAKE_PREFIX_PATH=/opt/erc_ws/install/tiago_pro_head_bringup:/opt/erc_ws/install/tiago_pro_controller_configuration:/opt/erc_ws/install/tiago_pro_head_description:/opt/erc_ws/install/pal_sea_arm_controller_configuration:/opt/erc_ws/install/tiago_pro_head_controller_configuration:/opt/erc_ws/install/pal_pro_gripper_controller_configuration:/opt/erc_ws/install/pal_urdf_utils:/opt/erc_ws/install/omni_base_controller_configuration:/opt/erc_ws/install/tiago_pro_robot:/opt/erc_ws/install/tiago_pro_head_robot:/opt/erc_ws/install/tiago_pro_bringup:/opt/erc_ws/install/erc_bringup:/opt/erc_ws/install/tiago_pro_description:/opt/erc_ws/install/pal_sea_arm:/opt/erc_ws/install/pal_sea_arm_bringup:/opt/erc_ws/install/pal_sea_arm_description:/opt/erc_ws/install/pal_pro_gripper_simulation:/opt/erc_ws/install/pal_pro_gripper_bringup:/opt/erc_ws/install/pal_pro_gripper:/opt/erc_ws/install/pal_pro_gripper_description:/opt/erc_ws/install/pal_gripper_simulation:/opt/erc_ws/install/pal_gripper:/opt/erc_ws/install/pal_gripper_description:/opt/erc_ws/install/omni_base_robot:/opt/erc_ws/install/omni_base_bringup:/opt/erc_ws/install/omni_base_description:/opt/erc_ws/install/pal_gripper_controller_configuration:/opt/erc_ws/install/gz_ros2_control:/opt/erc_ws/install/erc_description:/opt/erc_ws/install/sensors:/opt/erc_ws/install/pal_pro_gripper_wrapper:/opt/erc_ws/install/launch_pal:/opt/erc_ws/install/erc_solution:/opt/ros/humble PYTHONPATH=/opt/erc_ws/build/pal_pro_gripper_wrapper:/opt/erc_ws/install/pal_pro_gripper_wrapper/lib/python3.10/site-packages:/opt/erc_ws/build/launch_pal:/opt/erc_ws/install/launch_pal/lib/python3.10/site-packages:/opt/erc_ws/install/tiago_pro_description/local/lib/python3.10/dist-packages:/opt/erc_ws/install/tiago_pro_head_description/local/lib/python3.10/dist-packages:/opt/erc_ws/build/sensors:/opt/erc_ws/install/sensors/lib/python3.10/site-packages:/opt/erc_ws/install/pal_sea_arm_description/local/lib/python3.10/dist-packages:/opt/erc_ws/install/pal_pro_gripper_description/local/lib/python3.10/dist-packages:/opt/erc_ws/install/omni_base_description/local/lib/python3.10/dist-packages:/opt/erc_ws/build/erc_solution:/opt/erc_ws/install/erc_solution/lib/python3.10/site-packages:/opt/ros/humble/lib/python3.10/site-packages:/opt/ros/humble/local/lib/python3.10/dist-packages /usr/bin/cmake --build /opt/erc_ws/build/tiago_pro_bringup -- -j16 -l16
[4.587s] DEBUG:colcon.colcon_core.event_handler.log_command:Invoking command in '/opt/erc_ws/build/tiago_pro_head_robot': AMENT_PREFIX_PATH=/opt/erc_ws/install/launch_pal:/opt/erc_ws/install/tiago_pro_robot:/opt/erc_ws/install/tiago_pro_head_robot:/opt/erc_ws/install/tiago_pro_bringup:/opt/erc_ws/install/tiago_pro_head_bringup:/opt/erc_ws/install/erc_bringup:/opt/erc_ws/install/tiago_pro_description:/opt/erc_ws/install/tiago_pro_head_description:/opt/erc_ws/install/tiago_pro_controller_configuration:/opt/erc_ws/install/tiago_pro_head_controller_configuration:/opt/erc_ws/install/sensors:/opt/erc_ws/install/pal_sea_arm:/opt/erc_ws/install/pal_sea_arm_bringup:/opt/erc_ws/install/pal_sea_arm_description:/opt/erc_ws/install/pal_pro_gripper_simulation:/opt/erc_ws/install/pal_pro_gripper_bringup:/opt/erc_ws/install/pal_pro_gripper:/opt/erc_ws/install/pal_pro_gripper_description:/opt/erc_ws/install/pal_gripper_simulation:/opt/erc_ws/install/pal_gripper:/opt/erc_ws/install/pal_gripper_description:/opt/erc_ws/install/omni_base_robot:/opt/erc_ws/install/omni_base_bringup:/opt/erc_ws/install/omni_base_description:/opt/erc_ws/install/pal_urdf_utils:/opt/erc_ws/install/pal_sea_arm_controller_configuration:/opt/erc_ws/install/pal_pro_gripper_controller_configuration:/opt/erc_ws/install/pal_pro_gripper_wrapper:/opt/erc_ws/install/pal_gripper_controller_configuration:/opt/erc_ws/install/omni_base_controller_configuration:/opt/erc_ws/install/gz_ros2_control:/opt/erc_ws/install/erc_solution:/opt/erc_ws/install/erc_description:/opt/ros/humble CMAKE_PREFIX_PATH=/opt/erc_ws/install/tiago_pro_head_bringup:/opt/erc_ws/install/tiago_pro_head_description:/opt/erc_ws/install/tiago_pro_head_controller_configuration:/opt/erc_ws/install/pal_urdf_utils:/opt/erc_ws/install/tiago_pro_robot:/opt/erc_ws/install/tiago_pro_head_robot:/opt/erc_ws/install/tiago_pro_bringup:/opt/erc_ws/install/erc_bringup:/opt/erc_ws/install/tiago_pro_description:/opt/erc_ws/install/tiago_pro_controller_configuration:/opt/erc_ws/install/pal_sea_arm:/opt/erc_ws/install/pal_sea_arm_bringup:/opt/erc_ws/install/pal_sea_arm_description:/opt/erc_ws/install/pal_pro_gripper_simulation:/opt/erc_ws/install/pal_pro_gripper_bringup:/opt/erc_ws/install/pal_pro_gripper:/opt/erc_ws/install/pal_pro_gripper_description:/opt/erc_ws/install/pal_gripper_simulation:/opt/erc_ws/install/pal_gripper:/opt/erc_ws/install/pal_gripper_description:/opt/erc_ws/install/omni_base_robot:/opt/erc_ws/install/omni_base_bringup:/opt/erc_ws/install/omni_base_description:/opt/erc_ws/install/pal_sea_arm_controller_configuration:/opt/erc_ws/install/pal_pro_gripper_controller_configuration:/opt/erc_ws/install/pal_gripper_controller_configuration:/opt/erc_ws/install/omni_base_controller_configuration:/opt/erc_ws/install/gz_ros2_control:/opt/erc_ws/install/erc_description:/opt/erc_ws/install/sensors:/opt/erc_ws/install/pal_pro_gripper_wrapper:/opt/erc_ws/install/launch_pal:/opt/erc_ws/install/erc_solution:/opt/ros/humble PYTHONPATH=/opt/erc_ws/build/launch_pal:/opt/erc_ws/install/launch_pal/lib/python3.10/site-packages:/opt/erc_ws/install/tiago_pro_description/local/lib/python3.10/dist-packages:/opt/erc_ws/install/tiago_pro_head_description/local/lib/python3.10/dist-packages:/opt/erc_ws/build/sensors:/opt/erc_ws/install/sensors/lib/python3.10/site-packages:/opt/erc_ws/install/pal_sea_arm_description/local/lib/python3.10/dist-packages:/opt/erc_ws/install/pal_pro_gripper_description/local/lib/python3.10/dist-packages:/opt/erc_ws/install/omni_base_description/local/lib/python3.10/dist-packages:/opt/erc_ws/build/pal_pro_gripper_wrapper:/opt/erc_ws/install/pal_pro_gripper_wrapper/lib/python3.10/site-packages:/opt/erc_ws/build/erc_solution:/opt/erc_ws/install/erc_solution/lib/python3.10/site-packages:/opt/ros/humble/lib/python3.10/site-packages:/opt/ros/humble/local/lib/python3.10/dist-packages /usr/bin/cmake --build /opt/erc_ws/build/tiago_pro_head_robot -- -j16 -l16
[4.590s] DEBUG:colcon.colcon_core.event_handler.log_command:Invoking command in '/opt/erc_ws/build/tiago_pro_description': AMENT_PREFIX_PATH=/opt/erc_ws/install/pal_pro_gripper_wrapper:/opt/erc_ws/install/launch_pal:/opt/erc_ws/install/tiago_pro_robot:/opt/erc_ws/install/tiago_pro_head_robot:/opt/erc_ws/install/tiago_pro_bringup:/opt/erc_ws/install/tiago_pro_head_bringup:/opt/erc_ws/install/erc_bringup:/opt/erc_ws/install/tiago_pro_description:/opt/erc_ws/install/tiago_pro_head_description:/opt/erc_ws/install/tiago_pro_controller_configuration:/opt/erc_ws/install/tiago_pro_head_controller_configuration:/opt/erc_ws/install/sensors:/opt/erc_ws/install/pal_sea_arm:/opt/erc_ws/install/pal_sea_arm_bringup:/opt/erc_ws/install/pal_sea_arm_description:/opt/erc_ws/install/pal_pro_gripper_simulation:/opt/erc_ws/install/pal_pro_gripper_bringup:/opt/erc_ws/install/pal_pro_gripper:/opt/erc_ws/install/pal_pro_gripper_description:/opt/erc_ws/install/pal_gripper_simulation:/opt/erc_ws/install/pal_gripper:/opt/erc_ws/install/pal_gripper_description:/opt/erc_ws/install/omni_base_robot:/opt/erc_ws/install/omni_base_bringup:/opt/erc_ws/install/omni_base_description:/opt/erc_ws/install/pal_urdf_utils:/opt/erc_ws/install/pal_sea_arm_controller_configuration:/opt/erc_ws/install/pal_pro_gripper_controller_configuration:/opt/erc_ws/install/pal_gripper_controller_configuration:/opt/erc_ws/install/omni_base_controller_configuration:/opt/erc_ws/install/gz_ros2_control:/opt/erc_ws/install/erc_solution:/opt/erc_ws/install/erc_description:/opt/ros/humble CMAKE_PREFIX_PATH=/opt/erc_ws/install/pal_sea_arm_description:/opt/erc_ws/install/tiago_pro_head_description:/opt/erc_ws/install/pal_sea_arm_controller_configuration:/opt/erc_ws/install/tiago_pro_head_controller_configuration:/opt/erc_ws/install/pal_pro_gripper_description:/opt/erc_ws/install/pal_pro_gripper_controller_configuration:/opt/erc_ws/install/omni_base_description:/opt/erc_ws/install/pal_urdf_utils:/opt/erc_ws/install/tiago_pro_robot:/opt/erc_ws/install/tiago_pro_head_robot:/opt/erc_ws/install/tiago_pro_bringup:/opt/erc_ws/install/tiago_pro_head_bringup:/opt/erc_ws/install/erc_bringup:/opt/erc_ws/install/tiago_pro_description:/opt/erc_ws/install/tiago_pro_controller_configuration:/opt/erc_ws/install/pal_sea_arm:/opt/erc_ws/install/pal_sea_arm_bringup:/opt/erc_ws/install/pal_pro_gripper_simulation:/opt/erc_ws/install/pal_pro_gripper_bringup:/opt/erc_ws/install/pal_pro_gripper:/opt/erc_ws/install/pal_gripper_simulation:/opt/erc_ws/install/pal_gripper:/opt/erc_ws/install/pal_gripper_description:/opt/erc_ws/install/omni_base_robot:/opt/erc_ws/install/omni_base_bringup:/opt/erc_ws/install/pal_gripper_controller_configuration:/opt/erc_ws/install/omni_base_controller_configuration:/opt/erc_ws/install/gz_ros2_control:/opt/erc_ws/install/erc_description:/opt/erc_ws/install/sensors:/opt/erc_ws/install/pal_pro_gripper_wrapper:/opt/erc_ws/install/launch_pal:/opt/erc_ws/install/erc_solution:/opt/ros/humble PYTHONPATH=/opt/erc_ws/build/pal_pro_gripper_wrapper:/opt/erc_ws/install/pal_pro_gripper_wrapper/lib/python3.10/site-packages:/opt/erc_ws/build/launch_pal:/opt/erc_ws/install/launch_pal/lib/python3.10/site-packages:/opt/erc_ws/install/tiago_pro_description/local/lib/python3.10/dist-packages:/opt/erc_ws/install/tiago_pro_head_description/local/lib/python3.10/dist-packages:/opt/erc_ws/build/sensors:/opt/erc_ws/install/sensors/lib/python3.10/site-packages:/opt/erc_ws/install/pal_sea_arm_description/local/lib/python3.10/dist-packages:/opt/erc_ws/install/pal_pro_gripper_description/local/lib/python3.10/dist-packages:/opt/erc_ws/install/omni_base_description/local/lib/python3.10/dist-packages:/opt/erc_ws/build/erc_solution:/opt/erc_ws/install/erc_solution/lib/python3.10/site-packages:/opt/ros/humble/lib/python3.10/site-packages:/opt/ros/humble/local/lib/python3.10/dist-packages /usr/bin/cmake --build /opt/erc_ws/build/tiago_pro_description -- -j16 -l16
[4.600s] DEBUG:colcon.colcon_core.event_handler.log_command:Invoking command in '/opt/erc_ws/build/pal_sea_arm_bringup': AMENT_PREFIX_PATH=/opt/erc_ws/install/pal_pro_gripper_wrapper:/opt/erc_ws/install/launch_pal:/opt/erc_ws/install/tiago_pro_robot:/opt/erc_ws/install/tiago_pro_head_robot:/opt/erc_ws/install/tiago_pro_bringup:/opt/erc_ws/install/tiago_pro_head_bringup:/opt/erc_ws/install/erc_bringup:/opt/erc_ws/install/tiago_pro_description:/opt/erc_ws/install/tiago_pro_head_description:/opt/erc_ws/install/tiago_pro_controller_configuration:/opt/erc_ws/install/tiago_pro_head_controller_configuration:/opt/erc_ws/install/sensors:/opt/erc_ws/install/pal_sea_arm:/opt/erc_ws/install/pal_sea_arm_bringup:/opt/erc_ws/install/pal_sea_arm_description:/opt/erc_ws/install/pal_pro_gripper_simulation:/opt/erc_ws/install/pal_pro_gripper_bringup:/opt/erc_ws/install/pal_pro_gripper:/opt/erc_ws/install/pal_pro_gripper_description:/opt/erc_ws/install/pal_gripper_simulation:/opt/erc_ws/install/pal_gripper:/opt/erc_ws/install/pal_gripper_description:/opt/erc_ws/install/omni_base_robot:/opt/erc_ws/install/omni_base_bringup:/opt/erc_ws/install/omni_base_description:/opt/erc_ws/install/pal_urdf_utils:/opt/erc_ws/install/pal_sea_arm_controller_configuration:/opt/erc_ws/install/pal_pro_gripper_controller_configuration:/opt/erc_ws/install/pal_gripper_controller_configuration:/opt/erc_ws/install/omni_base_controller_configuration:/opt/erc_ws/install/gz_ros2_control:/opt/erc_ws/install/erc_solution:/opt/erc_ws/install/erc_description:/opt/ros/humble CMAKE_PREFIX_PATH=/opt/erc_ws/install/pal_sea_arm_description:/opt/erc_ws/install/pal_sea_arm_controller_configuration:/opt/erc_ws/install/pal_pro_gripper_description:/opt/erc_ws/install/pal_pro_gripper_controller_configuration:/opt/erc_ws/install/pal_urdf_utils:/opt/erc_ws/install/tiago_pro_robot:/opt/erc_ws/install/tiago_pro_head_robot:/opt/erc_ws/install/tiago_pro_bringup:/opt/erc_ws/install/tiago_pro_head_bringup:/opt/erc_ws/install/erc_bringup:/opt/erc_ws/install/tiago_pro_description:/opt/erc_ws/install/tiago_pro_head_description:/opt/erc_ws/install/tiago_pro_controller_configuration:/opt/erc_ws/install/tiago_pro_head_controller_configuration:/opt/erc_ws/install/pal_sea_arm:/opt/erc_ws/install/pal_sea_arm_bringup:/opt/erc_ws/install/pal_pro_gripper_simulation:/opt/erc_ws/install/pal_pro_gripper_bringup:/opt/erc_ws/install/pal_pro_gripper:/opt/erc_ws/install/pal_gripper_simulation:/opt/erc_ws/install/pal_gripper:/opt/erc_ws/install/pal_gripper_description:/opt/erc_ws/install/omni_base_robot:/opt/erc_ws/install/omni_base_bringup:/opt/erc_ws/install/omni_base_description:/opt/erc_ws/install/pal_gripper_controller_configuration:/opt/erc_ws/install/omni_base_controller_configuration:/opt/erc_ws/install/gz_ros2_control:/opt/erc_ws/install/erc_description:/opt/erc_ws/install/sensors:/opt/erc_ws/install/pal_pro_gripper_wrapper:/opt/erc_ws/install/launch_pal:/opt/erc_ws/install/erc_solution:/opt/ros/humble PYTHONPATH=/opt/erc_ws/build/pal_pro_gripper_wrapper:/opt/erc_ws/install/pal_pro_gripper_wrapper/lib/python3.10/site-packages:/opt/erc_ws/build/launch_pal:/opt/erc_ws/install/launch_pal/lib/python3.10/site-packages:/opt/erc_ws/install/tiago_pro_description/local/lib/python3.10/dist-packages:/opt/erc_ws/install/tiago_pro_head_description/local/lib/python3.10/dist-packages:/opt/erc_ws/build/sensors:/opt/erc_ws/install/sensors/lib/python3.10/site-packages:/opt/erc_ws/install/pal_sea_arm_description/local/lib/python3.10/dist-packages:/opt/erc_ws/install/pal_pro_gripper_description/local/lib/python3.10/dist-packages:/opt/erc_ws/install/omni_base_description/local/lib/python3.10/dist-packages:/opt/erc_ws/build/erc_solution:/opt/erc_ws/install/erc_solution/lib/python3.10/site-packages:/opt/ros/humble/lib/python3.10/site-packages:/opt/ros/humble/local/lib/python3.10/dist-packages /usr/bin/cmake --build /opt/erc_ws/build/pal_sea_arm_bringup -- -j16 -l16
[4.627s] DEBUG:colcon.colcon_core.event_handler.log_command:Invoked command in '/opt/erc_ws/build/tiago_pro_bringup' returned '0': AMENT_PREFIX_PATH=/opt/erc_ws/install/pal_pro_gripper_wrapper:/opt/erc_ws/install/launch_pal:/opt/erc_ws/install/tiago_pro_robot:/opt/erc_ws/install/tiago_pro_head_robot:/opt/erc_ws/install/tiago_pro_bringup:/opt/erc_ws/install/tiago_pro_head_bringup:/opt/erc_ws/install/erc_bringup:/opt/erc_ws/install/tiago_pro_description:/opt/erc_ws/install/tiago_pro_head_description:/opt/erc_ws/install/tiago_pro_controller_configuration:/opt/erc_ws/install/tiago_pro_head_controller_configuration:/opt/erc_ws/install/sensors:/opt/erc_ws/install/pal_sea_arm:/opt/erc_ws/install/pal_sea_arm_bringup:/opt/erc_ws/install/pal_sea_arm_description:/opt/erc_ws/install/pal_pro_gripper_simulation:/opt/erc_ws/install/pal_pro_gripper_bringup:/opt/erc_ws/install/pal_pro_gripper:/opt/erc_ws/install/pal_pro_gripper_description:/opt/erc_ws/install/pal_gripper_simulation:/opt/erc_ws/install/pal_gripper:/opt/erc_ws/install/pal_gripper_description:/opt/erc_ws/install/omni_base_robot:/opt/erc_ws/install/omni_base_bringup:/opt/erc_ws/install/omni_base_description:/opt/erc_ws/install/pal_urdf_utils:/opt/erc_ws/install/pal_sea_arm_controller_configuration:/opt/erc_ws/install/pal_pro_gripper_controller_configuration:/opt/erc_ws/install/pal_gripper_controller_configuration:/opt/erc_ws/install/omni_base_controller_configuration:/opt/erc_ws/install/gz_ros2_control:/opt/erc_ws/install/erc_solution:/opt/erc_ws/install/erc_description:/opt/ros/humble CMAKE_PREFIX_PATH=/opt/erc_ws/install/tiago_pro_head_bringup:/opt/erc_ws/install/tiago_pro_controller_configuration:/opt/erc_ws/install/tiago_pro_head_description:/opt/erc_ws/install/pal_sea_arm_controller_configuration:/opt/erc_ws/install/tiago_pro_head_controller_configuration:/opt/erc_ws/install/pal_pro_gripper_controller_configuration:/opt/erc_ws/install/pal_urdf_utils:/opt/erc_ws/install/omni_base_controller_configuration:/opt/erc_ws/install/tiago_pro_robot:/opt/erc_ws/install/tiago_pro_head_robot:/opt/erc_ws/install/tiago_pro_bringup:/opt/erc_ws/install/erc_bringup:/opt/erc_ws/install/tiago_pro_description:/opt/erc_ws/install/pal_sea_arm:/opt/erc_ws/install/pal_sea_arm_bringup:/opt/erc_ws/install/pal_sea_arm_description:/opt/erc_ws/install/pal_pro_gripper_simulation:/opt/erc_ws/install/pal_pro_gripper_bringup:/opt/erc_ws/install/pal_pro_gripper:/opt/erc_ws/install/pal_pro_gripper_description:/opt/erc_ws/install/pal_gripper_simulation:/opt/erc_ws/install/pal_gripper:/opt/erc_ws/install/pal_gripper_description:/opt/erc_ws/install/omni_base_robot:/opt/erc_ws/install/omni_base_bringup:/opt/erc_ws/install/omni_base_description:/opt/erc_ws/install/pal_gripper_controller_configuration:/opt/erc_ws/install/gz_ros2_control:/opt/erc_ws/install/erc_description:/opt/erc_ws/install/sensors:/opt/erc_ws/install/pal_pro_gripper_wrapper:/opt/erc_ws/install/launch_pal:/opt/erc_ws/install/erc_solution:/opt/ros/humble PYTHONPATH=/opt/erc_ws/build/pal_pro_gripper_wrapper:/opt/erc_ws/install/pal_pro_gripper_wrapper/lib/python3.10/site-packages:/opt/erc_ws/build/launch_pal:/opt/erc_ws/install/launch_pal/lib/python3.10/site-packages:/opt/erc_ws/install/tiago_pro_description/local/lib/python3.10/dist-packages:/opt/erc_ws/install/tiago_pro_head_description/local/lib/python3.10/dist-packages:/opt/erc_ws/build/sensors:/opt/erc_ws/install/sensors/lib/python3.10/site-packages:/opt/erc_ws/install/pal_sea_arm_description/local/lib/python3.10/dist-packages:/opt/erc_ws/install/pal_pro_gripper_description/local/lib/python3.10/dist-packages:/opt/erc_ws/install/omni_base_description/local/lib/python3.10/dist-packages:/opt/erc_ws/build/erc_solution:/opt/erc_ws/install/erc_solution/lib/python3.10/site-packages:/opt/ros/humble/lib/python3.10/site-packages:/opt/ros/humble/local/lib/python3.10/dist-packages /usr/bin/cmake --build /opt/erc_ws/build/tiago_pro_bringup -- -j16 -l16
[4.631s] DEBUG:colcon.colcon_core.event_handler.log_command:Invoking command in '/opt/erc_ws/build/tiago_pro_bringup': AMENT_PREFIX_PATH=/opt/erc_ws/install/pal_pro_gripper_wrapper:/opt/erc_ws/install/launch_pal:/opt/erc_ws/install/tiago_pro_robot:/opt/erc_ws/install/tiago_pro_head_robot:/opt/erc_ws/install/tiago_pro_bringup:/opt/erc_ws/install/tiago_pro_head_bringup:/opt/erc_ws/install/erc_bringup:/opt/erc_ws/install/tiago_pro_description:/opt/erc_ws/install/tiago_pro_head_description:/opt/erc_ws/install/tiago_pro_controller_configuration:/opt/erc_ws/install/tiago_pro_head_controller_configuration:/opt/erc_ws/install/sensors:/opt/erc_ws/install/pal_sea_arm:/opt/erc_ws/install/pal_sea_arm_bringup:/opt/erc_ws/install/pal_sea_arm_description:/opt/erc_ws/install/pal_pro_gripper_simulation:/opt/erc_ws/install/pal_pro_gripper_bringup:/opt/erc_ws/install/pal_pro_gripper:/opt/erc_ws/install/pal_pro_gripper_description:/opt/erc_ws/install/pal_gripper_simulation:/opt/erc_ws/install/pal_gripper:/opt/erc_ws/install/pal_gripper_description:/opt/erc_ws/install/omni_base_robot:/opt/erc_ws/install/omni_base_bringup:/opt/erc_ws/install/omni_base_description:/opt/erc_ws/install/pal_urdf_utils:/opt/erc_ws/install/pal_sea_arm_controller_configuration:/opt/erc_ws/install/pal_pro_gripper_controller_configuration:/opt/erc_ws/install/pal_gripper_controller_configuration:/opt/erc_ws/install/omni_base_controller_configuration:/opt/erc_ws/install/gz_ros2_control:/opt/erc_ws/install/erc_solution:/opt/erc_ws/install/erc_description:/opt/ros/humble CMAKE_PREFIX_PATH=/opt/erc_ws/install/tiago_pro_head_bringup:/opt/erc_ws/install/tiago_pro_controller_configuration:/opt/erc_ws/install/tiago_pro_head_description:/opt/erc_ws/install/pal_sea_arm_controller_configuration:/opt/erc_ws/install/tiago_pro_head_controller_configuration:/opt/erc_ws/install/pal_pro_gripper_controller_configuration:/opt/erc_ws/install/pal_urdf_utils:/opt/erc_ws/install/omni_base_controller_configuration:/opt/erc_ws/install/tiago_pro_robot:/opt/erc_ws/install/tiago_pro_head_robot:/opt/erc_ws/install/tiago_pro_bringup:/opt/erc_ws/install/erc_bringup:/opt/erc_ws/install/tiago_pro_description:/opt/erc_ws/install/pal_sea_arm:/opt/erc_ws/install/pal_sea_arm_bringup:/opt/erc_ws/install/pal_sea_arm_description:/opt/erc_ws/install/pal_pro_gripper_simulation:/opt/erc_ws/install/pal_pro_gripper_bringup:/opt/erc_ws/install/pal_pro_gripper:/opt/erc_ws/install/pal_pro_gripper_description:/opt/erc_ws/install/pal_gripper_simulation:/opt/erc_ws/install/pal_gripper:/opt/erc_ws/install/pal_gripper_description:/opt/erc_ws/install/omni_base_robot:/opt/erc_ws/install/omni_base_bringup:/opt/erc_ws/install/omni_base_description:/opt/erc_ws/install/pal_gripper_controller_configuration:/opt/erc_ws/install/gz_ros2_control:/opt/erc_ws/install/erc_description:/opt/erc_ws/install/sensors:/opt/erc_ws/install/pal_pro_gripper_wrapper:/opt/erc_ws/install/launch_pal:/opt/erc_ws/install/erc_solution:/opt/ros/humble PYTHONPATH=/opt/erc_ws/build/pal_pro_gripper_wrapper:/opt/erc_ws/install/pal_pro_gripper_wrapper/lib/python3.10/site-packages:/opt/erc_ws/build/launch_pal:/opt/erc_ws/install/launch_pal/lib/python3.10/site-packages:/opt/erc_ws/install/tiago_pro_description/local/lib/python3.10/dist-packages:/opt/erc_ws/install/tiago_pro_head_description/local/lib/python3.10/dist-packages:/opt/erc_ws/build/sensors:/opt/erc_ws/install/sensors/lib/python3.10/site-packages:/opt/erc_ws/install/pal_sea_arm_description/local/lib/python3.10/dist-packages:/opt/erc_ws/install/pal_pro_gripper_description/local/lib/python3.10/dist-packages:/opt/erc_ws/install/omni_base_description/local/lib/python3.10/dist-packages:/opt/erc_ws/build/erc_solution:/opt/erc_ws/install/erc_solution/lib/python3.10/site-packages:/opt/ros/humble/lib/python3.10/site-packages:/opt/ros/humble/local/lib/python3.10/dist-packages /usr/bin/cmake --install /opt/erc_ws/build/tiago_pro_bringup
[4.633s] DEBUG:colcon.colcon_core.event_handler.log_command:Invoked command in '/opt/erc_ws/build/tiago_pro_head_robot' returned '0': AMENT_PREFIX_PATH=/opt/erc_ws/install/launch_pal:/opt/erc_ws/install/tiago_pro_robot:/opt/erc_ws/install/tiago_pro_head_robot:/opt/erc_ws/install/tiago_pro_bringup:/opt/erc_ws/install/tiago_pro_head_bringup:/opt/erc_ws/install/erc_bringup:/opt/erc_ws/install/tiago_pro_description:/opt/erc_ws/install/tiago_pro_head_description:/opt/erc_ws/install/tiago_pro_controller_configuration:/opt/erc_ws/install/tiago_pro_head_controller_configuration:/opt/erc_ws/install/sensors:/opt/erc_ws/install/pal_sea_arm:/opt/erc_ws/install/pal_sea_arm_bringup:/opt/erc_ws/install/pal_sea_arm_description:/opt/erc_ws/install/pal_pro_gripper_simulation:/opt/erc_ws/install/pal_pro_gripper_bringup:/opt/erc_ws/install/pal_pro_gripper:/opt/erc_ws/install/pal_pro_gripper_description:/opt/erc_ws/install/pal_gripper_simulation:/opt/erc_ws/install/pal_gripper:/opt/erc_ws/install/pal_gripper_description:/opt/erc_ws/install/omni_base_robot:/opt/erc_ws/install/omni_base_bringup:/opt/erc_ws/install/omni_base_description:/opt/erc_ws/install/pal_urdf_utils:/opt/erc_ws/install/pal_sea_arm_controller_configuration:/opt/erc_ws/install/pal_pro_gripper_controller_configuration:/opt/erc_ws/install/pal_pro_gripper_wrapper:/opt/erc_ws/install/pal_gripper_controller_configuration:/opt/erc_ws/install/omni_base_controller_configuration:/opt/erc_ws/install/gz_ros2_control:/opt/erc_ws/install/erc_solution:/opt/erc_ws/install/erc_description:/opt/ros/humble CMAKE_PREFIX_PATH=/opt/erc_ws/install/tiago_pro_head_bringup:/opt/erc_ws/install/tiago_pro_head_description:/opt/erc_ws/install/tiago_pro_head_controller_configuration:/opt/erc_ws/install/pal_urdf_utils:/opt/erc_ws/install/tiago_pro_robot:/opt/erc_ws/install/tiago_pro_head_robot:/opt/erc_ws/install/tiago_pro_bringup:/opt/erc_ws/install/erc_bringup:/opt/erc_ws/install/tiago_pro_description:/opt/erc_ws/install/tiago_pro_controller_configuration:/opt/erc_ws/install/pal_sea_arm:/opt/erc_ws/install/pal_sea_arm_bringup:/opt/erc_ws/install/pal_sea_arm_description:/opt/erc_ws/install/pal_pro_gripper_simulation:/opt/erc_ws/install/pal_pro_gripper_bringup:/opt/erc_ws/install/pal_pro_gripper:/opt/erc_ws/install/pal_pro_gripper_description:/opt/erc_ws/install/pal_gripper_simulation:/opt/erc_ws/install/pal_gripper:/opt/erc_ws/install/pal_gripper_description:/opt/erc_ws/install/omni_base_robot:/opt/erc_ws/install/omni_base_bringup:/opt/erc_ws/install/omni_base_description:/opt/erc_ws/install/pal_sea_arm_controller_configuration:/opt/erc_ws/install/pal_pro_gripper_controller_configuration:/opt/erc_ws/install/pal_gripper_controller_configuration:/opt/erc_ws/install/omni_base_controller_configuration:/opt/erc_ws/install/gz_ros2_control:/opt/erc_ws/install/erc_description:/opt/erc_ws/install/sensors:/opt/erc_ws/install/pal_pro_gripper_wrapper:/opt/erc_ws/install/launch_pal:/opt/erc_ws/install/erc_solution:/opt/ros/humble PYTHONPATH=/opt/erc_ws/build/launch_pal:/opt/erc_ws/install/launch_pal/lib/python3.10/site-packages:/opt/erc_ws/install/tiago_pro_description/local/lib/python3.10/dist-packages:/opt/erc_ws/install/tiago_pro_head_description/local/lib/python3.10/dist-packages:/opt/erc_ws/build/sensors:/opt/erc_ws/install/sensors/lib/python3.10/site-packages:/opt/erc_ws/install/pal_sea_arm_description/local/lib/python3.10/dist-packages:/opt/erc_ws/install/pal_pro_gripper_description/local/lib/python3.10/dist-packages:/opt/erc_ws/install/omni_base_description/local/lib/python3.10/dist-packages:/opt/erc_ws/build/pal_pro_gripper_wrapper:/opt/erc_ws/install/pal_pro_gripper_wrapper/lib/python3.10/site-packages:/opt/erc_ws/build/erc_solution:/opt/erc_ws/install/erc_solution/lib/python3.10/site-packages:/opt/ros/humble/lib/python3.10/site-packages:/opt/ros/humble/local/lib/python3.10/dist-packages /usr/bin/cmake --build /opt/erc_ws/build/tiago_pro_head_robot -- -j16 -l16
[4.635s] DEBUG:colcon.colcon_core.event_handler.log_command:Invoking command in '/opt/erc_ws/build/tiago_pro_head_robot': AMENT_PREFIX_PATH=/opt/erc_ws/install/launch_pal:/opt/erc_ws/install/tiago_pro_robot:/opt/erc_ws/install/tiago_pro_head_robot:/opt/erc_ws/install/tiago_pro_bringup:/opt/erc_ws/install/tiago_pro_head_bringup:/opt/erc_ws/install/erc_bringup:/opt/erc_ws/install/tiago_pro_description:/opt/erc_ws/install/tiago_pro_head_description:/opt/erc_ws/install/tiago_pro_controller_configuration:/opt/erc_ws/install/tiago_pro_head_controller_configuration:/opt/erc_ws/install/sensors:/opt/erc_ws/install/pal_sea_arm:/opt/erc_ws/install/pal_sea_arm_bringup:/opt/erc_ws/install/pal_sea_arm_description:/opt/erc_ws/install/pal_pro_gripper_simulation:/opt/erc_ws/install/pal_pro_gripper_bringup:/opt/erc_ws/install/pal_pro_gripper:/opt/erc_ws/install/pal_pro_gripper_description:/opt/erc_ws/install/pal_gripper_simulation:/opt/erc_ws/install/pal_gripper:/opt/erc_ws/install/pal_gripper_description:/opt/erc_ws/install/omni_base_robot:/opt/erc_ws/install/omni_base_bringup:/opt/erc_ws/install/omni_base_description:/opt/erc_ws/install/pal_urdf_utils:/opt/erc_ws/install/pal_sea_arm_controller_configuration:/opt/erc_ws/install/pal_pro_gripper_controller_configuration:/opt/erc_ws/install/pal_pro_gripper_wrapper:/opt/erc_ws/install/pal_gripper_controller_configuration:/opt/erc_ws/install/omni_base_controller_configuration:/opt/erc_ws/install/gz_ros2_control:/opt/erc_ws/install/erc_solution:/opt/erc_ws/install/erc_description:/opt/ros/humble CMAKE_PREFIX_PATH=/opt/erc_ws/install/tiago_pro_head_bringup:/opt/erc_ws/install/tiago_pro_head_description:/opt/erc_ws/install/tiago_pro_head_controller_configuration:/opt/erc_ws/install/pal_urdf_utils:/opt/erc_ws/install/tiago_pro_robot:/opt/erc_ws/install/tiago_pro_head_robot:/opt/erc_ws/install/tiago_pro_bringup:/opt/erc_ws/install/erc_bringup:/opt/erc_ws/install/tiago_pro_description:/opt/erc_ws/install/tiago_pro_controller_configuration:/opt/erc_ws/install/pal_sea_arm:/opt/erc_ws/install/pal_sea_arm_bringup:/opt/erc_ws/install/pal_sea_arm_description:/opt/erc_ws/install/pal_pro_gripper_simulation:/opt/erc_ws/install/pal_pro_gripper_bringup:/opt/erc_ws/install/pal_pro_gripper:/opt/erc_ws/install/pal_pro_gripper_description:/opt/erc_ws/install/pal_gripper_simulation:/opt/erc_ws/install/pal_gripper:/opt/erc_ws/install/pal_gripper_description:/opt/erc_ws/install/omni_base_robot:/opt/erc_ws/install/omni_base_bringup:/opt/erc_ws/install/omni_base_description:/opt/erc_ws/install/pal_sea_arm_controller_configuration:/opt/erc_ws/install/pal_pro_gripper_controller_configuration:/opt/erc_ws/install/pal_gripper_controller_configuration:/opt/erc_ws/install/omni_base_controller_configuration:/opt/erc_ws/install/gz_ros2_control:/opt/erc_ws/install/erc_description:/opt/erc_ws/install/sensors:/opt/erc_ws/install/pal_pro_gripper_wrapper:/opt/erc_ws/install/launch_pal:/opt/erc_ws/install/erc_solution:/opt/ros/humble PYTHONPATH=/opt/erc_ws/build/launch_pal:/opt/erc_ws/install/launch_pal/lib/python3.10/site-packages:/opt/erc_ws/install/tiago_pro_description/local/lib/python3.10/dist-packages:/opt/erc_ws/install/tiago_pro_head_description/local/lib/python3.10/dist-packages:/opt/erc_ws/build/sensors:/opt/erc_ws/install/sensors/lib/python3.10/site-packages:/opt/erc_ws/install/pal_sea_arm_description/local/lib/python3.10/dist-packages:/opt/erc_ws/install/pal_pro_gripper_description/local/lib/python3.10/dist-packages:/opt/erc_ws/install/omni_base_description/local/lib/python3.10/dist-packages:/opt/erc_ws/build/pal_pro_gripper_wrapper:/opt/erc_ws/install/pal_pro_gripper_wrapper/lib/python3.10/site-packages:/opt/erc_ws/build/erc_solution:/opt/erc_ws/install/erc_solution/lib/python3.10/site-packages:/opt/ros/humble/lib/python3.10/site-packages:/opt/ros/humble/local/lib/python3.10/dist-packages /usr/bin/cmake --install /opt/erc_ws/build/tiago_pro_head_robot
[4.664s] DEBUG:colcon.colcon_core.event_handler.log_command:Invoked command in '/opt/erc_ws/build/pal_sea_arm_bringup' returned '0': AMENT_PREFIX_PATH=/opt/erc_ws/install/pal_pro_gripper_wrapper:/opt/erc_ws/install/launch_pal:/opt/erc_ws/install/tiago_pro_robot:/opt/erc_ws/install/tiago_pro_head_robot:/opt/erc_ws/install/tiago_pro_bringup:/opt/erc_ws/install/tiago_pro_head_bringup:/opt/erc_ws/install/erc_bringup:/opt/erc_ws/install/tiago_pro_description:/opt/erc_ws/install/tiago_pro_head_description:/opt/erc_ws/install/tiago_pro_controller_configuration:/opt/erc_ws/install/tiago_pro_head_controller_configuration:/opt/erc_ws/install/sensors:/opt/erc_ws/install/pal_sea_arm:/opt/erc_ws/install/pal_sea_arm_bringup:/opt/erc_ws/install/pal_sea_arm_description:/opt/erc_ws/install/pal_pro_gripper_simulation:/opt/erc_ws/install/pal_pro_gripper_bringup:/opt/erc_ws/install/pal_pro_gripper:/opt/erc_ws/install/pal_pro_gripper_description:/opt/erc_ws/install/pal_gripper_simulation:/opt/erc_ws/install/pal_gripper:/opt/erc_ws/install/pal_gripper_description:/opt/erc_ws/install/omni_base_robot:/opt/erc_ws/install/omni_base_bringup:/opt/erc_ws/install/omni_base_description:/opt/erc_ws/install/pal_urdf_utils:/opt/erc_ws/install/pal_sea_arm_controller_configuration:/opt/erc_ws/install/pal_pro_gripper_controller_configuration:/opt/erc_ws/install/pal_gripper_controller_configuration:/opt/erc_ws/install/omni_base_controller_configuration:/opt/erc_ws/install/gz_ros2_control:/opt/erc_ws/install/erc_solution:/opt/erc_ws/install/erc_description:/opt/ros/humble CMAKE_PREFIX_PATH=/opt/erc_ws/install/pal_sea_arm_description:/opt/erc_ws/install/pal_sea_arm_controller_configuration:/opt/erc_ws/install/pal_pro_gripper_description:/opt/erc_ws/install/pal_pro_gripper_controller_configuration:/opt/erc_ws/install/pal_urdf_utils:/opt/erc_ws/install/tiago_pro_robot:/opt/erc_ws/install/tiago_pro_head_robot:/opt/erc_ws/install/tiago_pro_bringup:/opt/erc_ws/install/tiago_pro_head_bringup:/opt/erc_ws/install/erc_bringup:/opt/erc_ws/install/tiago_pro_description:/opt/erc_ws/install/tiago_pro_head_description:/opt/erc_ws/install/tiago_pro_controller_configuration:/opt/erc_ws/install/tiago_pro_head_controller_configuration:/opt/erc_ws/install/pal_sea_arm:/opt/erc_ws/install/pal_sea_arm_bringup:/opt/erc_ws/install/pal_pro_gripper_simulation:/opt/erc_ws/install/pal_pro_gripper_bringup:/opt/erc_ws/install/pal_pro_gripper:/opt/erc_ws/install/pal_gripper_simulation:/opt/erc_ws/install/pal_gripper:/opt/erc_ws/install/pal_gripper_description:/opt/erc_ws/install/omni_base_robot:/opt/erc_ws/install/omni_base_bringup:/opt/erc_ws/install/omni_base_description:/opt/erc_ws/install/pal_gripper_controller_configuration:/opt/erc_ws/install/omni_base_controller_configuration:/opt/erc_ws/install/gz_ros2_control:/opt/erc_ws/install/erc_description:/opt/erc_ws/install/sensors:/opt/erc_ws/install/pal_pro_gripper_wrapper:/opt/erc_ws/install/launch_pal:/opt/erc_ws/install/erc_solution:/opt/ros/humble PYTHONPATH=/opt/erc_ws/build/pal_pro_gripper_wrapper:/opt/erc_ws/install/pal_pro_gripper_wrapper/lib/python3.10/site-packages:/opt/erc_ws/build/launch_pal:/opt/erc_ws/install/launch_pal/lib/python3.10/site-packages:/opt/erc_ws/install/tiago_pro_description/local/lib/python3.10/dist-packages:/opt/erc_ws/install/tiago_pro_head_description/local/lib/python3.10/dist-packages:/opt/erc_ws/build/sensors:/opt/erc_ws/install/sensors/lib/python3.10/site-packages:/opt/erc_ws/install/pal_sea_arm_description/local/lib/python3.10/dist-packages:/opt/erc_ws/install/pal_pro_gripper_description/local/lib/python3.10/dist-packages:/opt/erc_ws/install/omni_base_description/local/lib/python3.10/dist-packages:/opt/erc_ws/build/erc_solution:/opt/erc_ws/install/erc_solution/lib/python3.10/site-packages:/opt/ros/humble/lib/python3.10/site-packages:/opt/ros/humble/local/lib/python3.10/dist-packages /usr/bin/cmake --build /opt/erc_ws/build/pal_sea_arm_bringup -- -j16 -l16
[4.667s] DEBUG:colcon.colcon_core.event_handler.log_command:Invoking command in '/opt/erc_ws/build/pal_sea_arm_bringup': AMENT_PREFIX_PATH=/opt/erc_ws/install/pal_pro_gripper_wrapper:/opt/erc_ws/install/launch_pal:/opt/erc_ws/install/tiago_pro_robot:/opt/erc_ws/install/tiago_pro_head_robot:/opt/erc_ws/install/tiago_pro_bringup:/opt/erc_ws/install/tiago_pro_head_bringup:/opt/erc_ws/install/erc_bringup:/opt/erc_ws/install/tiago_pro_description:/opt/erc_ws/install/tiago_pro_head_description:/opt/erc_ws/install/tiago_pro_controller_configuration:/opt/erc_ws/install/tiago_pro_head_controller_configuration:/opt/erc_ws/install/sensors:/opt/erc_ws/install/pal_sea_arm:/opt/erc_ws/install/pal_sea_arm_bringup:/opt/erc_ws/install/pal_sea_arm_description:/opt/erc_ws/install/pal_pro_gripper_simulation:/opt/erc_ws/install/pal_pro_gripper_bringup:/opt/erc_ws/install/pal_pro_gripper:/opt/erc_ws/install/pal_pro_gripper_description:/opt/erc_ws/install/pal_gripper_simulation:/opt/erc_ws/install/pal_gripper:/opt/erc_ws/install/pal_gripper_description:/opt/erc_ws/install/omni_base_robot:/opt/erc_ws/install/omni_base_bringup:/opt/erc_ws/install/omni_base_description:/opt/erc_ws/install/pal_urdf_utils:/opt/erc_ws/install/pal_sea_arm_controller_configuration:/opt/erc_ws/install/pal_pro_gripper_controller_configuration:/opt/erc_ws/install/pal_gripper_controller_configuration:/opt/erc_ws/install/omni_base_controller_configuration:/opt/erc_ws/install/gz_ros2_control:/opt/erc_ws/install/erc_solution:/opt/erc_ws/install/erc_description:/opt/ros/humble CMAKE_PREFIX_PATH=/opt/erc_ws/install/pal_sea_arm_description:/opt/erc_ws/install/pal_sea_arm_controller_configuration:/opt/erc_ws/install/pal_pro_gripper_description:/opt/erc_ws/install/pal_pro_gripper_controller_configuration:/opt/erc_ws/install/pal_urdf_utils:/opt/erc_ws/install/tiago_pro_robot:/opt/erc_ws/install/tiago_pro_head_robot:/opt/erc_ws/install/tiago_pro_bringup:/opt/erc_ws/install/tiago_pro_head_bringup:/opt/erc_ws/install/erc_bringup:/opt/erc_ws/install/tiago_pro_description:/opt/erc_ws/install/tiago_pro_head_description:/opt/erc_ws/install/tiago_pro_controller_configuration:/opt/erc_ws/install/tiago_pro_head_controller_configuration:/opt/erc_ws/install/pal_sea_arm:/opt/erc_ws/install/pal_sea_arm_bringup:/opt/erc_ws/install/pal_pro_gripper_simulation:/opt/erc_ws/install/pal_pro_gripper_bringup:/opt/erc_ws/install/pal_pro_gripper:/opt/erc_ws/install/pal_gripper_simulation:/opt/erc_ws/install/pal_gripper:/opt/erc_ws/install/pal_gripper_description:/opt/erc_ws/install/omni_base_robot:/opt/erc_ws/install/omni_base_bringup:/opt/erc_ws/install/omni_base_description:/opt/erc_ws/install/pal_gripper_controller_configuration:/opt/erc_ws/install/omni_base_controller_configuration:/opt/erc_ws/install/gz_ros2_control:/opt/erc_ws/install/erc_description:/opt/erc_ws/install/sensors:/opt/erc_ws/install/pal_pro_gripper_wrapper:/opt/erc_ws/install/launch_pal:/opt/erc_ws/install/erc_solution:/opt/ros/humble PYTHONPATH=/opt/erc_ws/build/pal_pro_gripper_wrapper:/opt/erc_ws/install/pal_pro_gripper_wrapper/lib/python3.10/site-packages:/opt/erc_ws/build/launch_pal:/opt/erc_ws/install/launch_pal/lib/python3.10/site-packages:/opt/erc_ws/install/tiago_pro_description/local/lib/python3.10/dist-packages:/opt/erc_ws/install/tiago_pro_head_description/local/lib/python3.10/dist-packages:/opt/erc_ws/build/sensors:/opt/erc_ws/install/sensors/lib/python3.10/site-packages:/opt/erc_ws/install/pal_sea_arm_description/local/lib/python3.10/dist-packages:/opt/erc_ws/install/pal_pro_gripper_description/local/lib/python3.10/dist-packages:/opt/erc_ws/install/omni_base_description/local/lib/python3.10/dist-packages:/opt/erc_ws/build/erc_solution:/opt/erc_ws/install/erc_solution/lib/python3.10/site-packages:/opt/ros/humble/lib/python3.10/site-packages:/opt/ros/humble/local/lib/python3.10/dist-packages /usr/bin/cmake --install /opt/erc_ws/build/pal_sea_arm_bringup
[4.677s] Level 1:colcon.colcon_core.environment:create_environment_scripts_only(tiago_pro_bringup)
[4.677s] Level 1:colcon.colcon_core.environment:checking '/opt/erc_ws/install/tiago_pro_bringup' for CMake module files
[4.678s] DEBUG:colcon.colcon_core.event_handler.log_command:Invoked command in '/opt/erc_ws/build/tiago_pro_bringup' returned '0': AMENT_PREFIX_PATH=/opt/erc_ws/install/pal_pro_gripper_wrapper:/opt/erc_ws/install/launch_pal:/opt/erc_ws/install/tiago_pro_robot:/opt/erc_ws/install/tiago_pro_head_robot:/opt/erc_ws/install/tiago_pro_bringup:/opt/erc_ws/install/tiago_pro_head_bringup:/opt/erc_ws/install/erc_bringup:/opt/erc_ws/install/tiago_pro_description:/opt/erc_ws/install/tiago_pro_head_description:/opt/erc_ws/install/tiago_pro_controller_configuration:/opt/erc_ws/install/tiago_pro_head_controller_configuration:/opt/erc_ws/install/sensors:/opt/erc_ws/install/pal_sea_arm:/opt/erc_ws/install/pal_sea_arm_bringup:/opt/erc_ws/install/pal_sea_arm_description:/opt/erc_ws/install/pal_pro_gripper_simulation:/opt/erc_ws/install/pal_pro_gripper_bringup:/opt/erc_ws/install/pal_pro_gripper:/opt/erc_ws/install/pal_pro_gripper_description:/opt/erc_ws/install/pal_gripper_simulation:/opt/erc_ws/install/pal_gripper:/opt/erc_ws/install/pal_gripper_description:/opt/erc_ws/install/omni_base_robot:/opt/erc_ws/install/omni_base_bringup:/opt/erc_ws/install/omni_base_description:/opt/erc_ws/install/pal_urdf_utils:/opt/erc_ws/install/pal_sea_arm_controller_configuration:/opt/erc_ws/install/pal_pro_gripper_controller_configuration:/opt/erc_ws/install/pal_gripper_controller_configuration:/opt/erc_ws/install/omni_base_controller_configuration:/opt/erc_ws/install/gz_ros2_control:/opt/erc_ws/install/erc_solution:/opt/erc_ws/install/erc_description:/opt/ros/humble CMAKE_PREFIX_PATH=/opt/erc_ws/install/tiago_pro_head_bringup:/opt/erc_ws/install/tiago_pro_controller_configuration:/opt/erc_ws/install/tiago_pro_head_description:/opt/erc_ws/install/pal_sea_arm_controller_configuration:/opt/erc_ws/install/tiago_pro_head_controller_configuration:/opt/erc_ws/install/pal_pro_gripper_controller_configuration:/opt/erc_ws/install/pal_urdf_utils:/opt/erc_ws/install/omni_base_controller_configuration:/opt/erc_ws/install/tiago_pro_robot:/opt/erc_ws/install/tiago_pro_head_robot:/opt/erc_ws/install/tiago_pro_bringup:/opt/erc_ws/install/erc_bringup:/opt/erc_ws/install/tiago_pro_description:/opt/erc_ws/install/pal_sea_arm:/opt/erc_ws/install/pal_sea_arm_bringup:/opt/erc_ws/install/pal_sea_arm_description:/opt/erc_ws/install/pal_pro_gripper_simulation:/opt/erc_ws/install/pal_pro_gripper_bringup:/opt/erc_ws/install/pal_pro_gripper:/opt/erc_ws/install/pal_pro_gripper_description:/opt/erc_ws/install/pal_gripper_simulation:/opt/erc_ws/install/pal_gripper:/opt/erc_ws/install/pal_gripper_description:/opt/erc_ws/install/omni_base_robot:/opt/erc_ws/install/omni_base_bringup:/opt/erc_ws/install/omni_base_description:/opt/erc_ws/install/pal_gripper_controller_configuration:/opt/erc_ws/install/gz_ros2_control:/opt/erc_ws/install/erc_description:/opt/erc_ws/install/sensors:/opt/erc_ws/install/pal_pro_gripper_wrapper:/opt/erc_ws/install/launch_pal:/opt/erc_ws/install/erc_solution:/opt/ros/humble PYTHONPATH=/opt/erc_ws/build/pal_pro_gripper_wrapper:/opt/erc_ws/install/pal_pro_gripper_wrapper/lib/python3.10/site-packages:/opt/erc_ws/build/launch_pal:/opt/erc_ws/install/launch_pal/lib/python3.10/site-packages:/opt/erc_ws/install/tiago_pro_description/local/lib/python3.10/dist-packages:/opt/erc_ws/install/tiago_pro_head_description/local/lib/python3.10/dist-packages:/opt/erc_ws/build/sensors:/opt/erc_ws/install/sensors/lib/python3.10/site-packages:/opt/erc_ws/install/pal_sea_arm_description/local/lib/python3.10/dist-packages:/opt/erc_ws/install/pal_pro_gripper_description/local/lib/python3.10/dist-packages:/opt/erc_ws/install/omni_base_description/local/lib/python3.10/dist-packages:/opt/erc_ws/build/erc_solution:/opt/erc_ws/install/erc_solution/lib/python3.10/site-packages:/opt/ros/humble/lib/python3.10/site-packages:/opt/ros/humble/local/lib/python3.10/dist-packages /usr/bin/cmake --install /opt/erc_ws/build/tiago_pro_bringup
[4.681s] Level 1:colcon.colcon_core.environment:checking '/opt/erc_ws/install/tiago_pro_bringup' for CMake config files
[4.682s] Level 1:colcon.colcon_core.shell:create_environment_hook('tiago_pro_bringup', 'cmake_prefix_path')
[4.682s] INFO:colcon.colcon_core.shell:Creating environment hook '/opt/erc_ws/install/tiago_pro_bringup/share/tiago_pro_bringup/hook/cmake_prefix_path.ps1'
[4.683s] INFO:colcon.colcon_core.shell:Creating environment descriptor '/opt/erc_ws/install/tiago_pro_bringup/share/tiago_pro_bringup/hook/cmake_prefix_path.dsv'
[4.685s] INFO:colcon.colcon_core.shell:Creating environment hook '/opt/erc_ws/install/tiago_pro_bringup/share/tiago_pro_bringup/hook/cmake_prefix_path.sh'
[4.685s] Level 1:colcon.colcon_core.environment:checking '/opt/erc_ws/install/tiago_pro_bringup/lib'
[4.686s] Level 1:colcon.colcon_core.environment:checking '/opt/erc_ws/install/tiago_pro_bringup/bin'
[4.686s] Level 1:colcon.colcon_core.environment:checking '/opt/erc_ws/install/tiago_pro_bringup/lib/pkgconfig/tiago_pro_bringup.pc'
[4.686s] Level 1:colcon.colcon_core.environment:checking '/opt/erc_ws/install/tiago_pro_bringup/lib/python3.10/site-packages'
[4.686s] Level 1:colcon.colcon_core.environment:checking '/opt/erc_ws/install/tiago_pro_bringup/bin'
[4.686s] INFO:colcon.colcon_core.shell:Creating package script '/opt/erc_ws/install/tiago_pro_bringup/share/tiago_pro_bringup/package.ps1'
[4.687s] INFO:colcon.colcon_core.shell:Creating package descriptor '/opt/erc_ws/install/tiago_pro_bringup/share/tiago_pro_bringup/package.dsv'
[4.687s] INFO:colcon.colcon_core.shell:Creating package script '/opt/erc_ws/install/tiago_pro_bringup/share/tiago_pro_bringup/package.sh'
[4.688s] INFO:colcon.colcon_core.shell:Creating package script '/opt/erc_ws/install/tiago_pro_bringup/share/tiago_pro_bringup/package.bash'
[4.688s] INFO:colcon.colcon_core.shell:Creating package script '/opt/erc_ws/install/tiago_pro_bringup/share/tiago_pro_bringup/package.zsh'
[4.688s] Level 1:colcon.colcon_core.environment:create_file_with_runtime_dependencies(/opt/erc_ws/install/tiago_pro_bringup/share/colcon-core/packages/tiago_pro_bringup)
[4.689s] Level 1:colcon.colcon_core.environment:create_environment_scripts_only(tiago_pro_bringup)
[4.689s] Level 1:colcon.colcon_core.environment:checking '/opt/erc_ws/install/tiago_pro_bringup' for CMake module files
[4.690s] Level 1:colcon.colcon_core.environment:checking '/opt/erc_ws/install/tiago_pro_bringup' for CMake config files
[4.690s] Level 1:colcon.colcon_core.shell:create_environment_hook('tiago_pro_bringup', 'cmake_prefix_path')
[4.690s] INFO:colcon.colcon_core.shell:Creating environment hook '/opt/erc_ws/install/tiago_pro_bringup/share/tiago_pro_bringup/hook/cmake_prefix_path.ps1'
[4.690s] INFO:colcon.colcon_core.shell:Creating environment descriptor '/opt/erc_ws/install/tiago_pro_bringup/share/tiago_pro_bringup/hook/cmake_prefix_path.dsv'
[4.691s] INFO:colcon.colcon_core.shell:Creating environment hook '/opt/erc_ws/install/tiago_pro_bringup/share/tiago_pro_bringup/hook/cmake_prefix_path.sh'
[4.691s] Level 1:colcon.colcon_core.environment:checking '/opt/erc_ws/install/tiago_pro_bringup/lib'
[4.691s] Level 1:colcon.colcon_core.environment:checking '/opt/erc_ws/install/tiago_pro_bringup/bin'
[4.691s] Level 1:colcon.colcon_core.environment:checking '/opt/erc_ws/install/tiago_pro_bringup/lib/pkgconfig/tiago_pro_bringup.pc'
[4.692s] Level 1:colcon.colcon_core.environment:checking '/opt/erc_ws/install/tiago_pro_bringup/lib/python3.10/site-packages'
[4.692s] Level 1:colcon.colcon_core.environment:checking '/opt/erc_ws/install/tiago_pro_bringup/bin'
[4.692s] INFO:colcon.colcon_core.shell:Creating package script '/opt/erc_ws/install/tiago_pro_bringup/share/tiago_pro_bringup/package.ps1'
[4.693s] INFO:colcon.colcon_core.shell:Creating package descriptor '/opt/erc_ws/install/tiago_pro_bringup/share/tiago_pro_bringup/package.dsv'
[4.693s] INFO:colcon.colcon_core.shell:Creating package script '/opt/erc_ws/install/tiago_pro_bringup/share/tiago_pro_bringup/package.sh'
[4.694s] INFO:colcon.colcon_core.shell:Creating package script '/opt/erc_ws/install/tiago_pro_bringup/share/tiago_pro_bringup/package.bash'
[4.694s] INFO:colcon.colcon_core.shell:Creating package script '/opt/erc_ws/install/tiago_pro_bringup/share/tiago_pro_bringup/package.zsh'
[4.694s] Level 1:colcon.colcon_core.environment:create_file_with_runtime_dependencies(/opt/erc_ws/install/tiago_pro_bringup/share/colcon-core/packages/tiago_pro_bringup)
[4.697s] Level 1:colcon.colcon_core.environment:create_environment_scripts_only(pal_sea_arm_bringup)
[4.697s] Level 1:colcon.colcon_core.environment:checking '/opt/erc_ws/install/pal_sea_arm_bringup' for CMake module files
[4.698s] Level 1:colcon.colcon_core.environment:checking '/opt/erc_ws/install/pal_sea_arm_bringup' for CMake config files
[4.699s] Level 1:colcon.colcon_core.shell:create_environment_hook('pal_sea_arm_bringup', 'cmake_prefix_path')
[4.699s] INFO:colcon.colcon_core.shell:Creating environment hook '/opt/erc_ws/install/pal_sea_arm_bringup/share/pal_sea_arm_bringup/hook/cmake_prefix_path.ps1'
[4.700s] INFO:colcon.colcon_core.shell:Creating environment descriptor '/opt/erc_ws/install/pal_sea_arm_bringup/share/pal_sea_arm_bringup/hook/cmake_prefix_path.dsv'
[4.701s] INFO:colcon.colcon_core.shell:Creating environment hook '/opt/erc_ws/install/pal_sea_arm_bringup/share/pal_sea_arm_bringup/hook/cmake_prefix_path.sh'
[4.702s] DEBUG:colcon.colcon_core.event_handler.log_command:Invoked command in '/opt/erc_ws/build/pal_sea_arm_bringup' returned '0': AMENT_PREFIX_PATH=/opt/erc_ws/install/pal_pro_gripper_wrapper:/opt/erc_ws/install/launch_pal:/opt/erc_ws/install/tiago_pro_robot:/opt/erc_ws/install/tiago_pro_head_robot:/opt/erc_ws/install/tiago_pro_bringup:/opt/erc_ws/install/tiago_pro_head_bringup:/opt/erc_ws/install/erc_bringup:/opt/erc_ws/install/tiago_pro_description:/opt/erc_ws/install/tiago_pro_head_description:/opt/erc_ws/install/tiago_pro_controller_configuration:/opt/erc_ws/install/tiago_pro_head_controller_configuration:/opt/erc_ws/install/sensors:/opt/erc_ws/install/pal_sea_arm:/opt/erc_ws/install/pal_sea_arm_bringup:/opt/erc_ws/install/pal_sea_arm_description:/opt/erc_ws/install/pal_pro_gripper_simulation:/opt/erc_ws/install/pal_pro_gripper_bringup:/opt/erc_ws/install/pal_pro_gripper:/opt/erc_ws/install/pal_pro_gripper_description:/opt/erc_ws/install/pal_gripper_simulation:/opt/erc_ws/install/pal_gripper:/opt/erc_ws/install/pal_gripper_description:/opt/erc_ws/install/omni_base_robot:/opt/erc_ws/install/omni_base_bringup:/opt/erc_ws/install/omni_base_description:/opt/erc_ws/install/pal_urdf_utils:/opt/erc_ws/install/pal_sea_arm_controller_configuration:/opt/erc_ws/install/pal_pro_gripper_controller_configuration:/opt/erc_ws/install/pal_gripper_controller_configuration:/opt/erc_ws/install/omni_base_controller_configuration:/opt/erc_ws/install/gz_ros2_control:/opt/erc_ws/install/erc_solution:/opt/erc_ws/install/erc_description:/opt/ros/humble CMAKE_PREFIX_PATH=/opt/erc_ws/install/pal_sea_arm_description:/opt/erc_ws/install/pal_sea_arm_controller_configuration:/opt/erc_ws/install/pal_pro_gripper_description:/opt/erc_ws/install/pal_pro_gripper_controller_configuration:/opt/erc_ws/install/pal_urdf_utils:/opt/erc_ws/install/tiago_pro_robot:/opt/erc_ws/install/tiago_pro_head_robot:/opt/erc_ws/install/tiago_pro_bringup:/opt/erc_ws/install/tiago_pro_head_bringup:/opt/erc_ws/install/erc_bringup:/opt/erc_ws/install/tiago_pro_description:/opt/erc_ws/install/tiago_pro_head_description:/opt/erc_ws/install/tiago_pro_controller_configuration:/opt/erc_ws/install/tiago_pro_head_controller_configuration:/opt/erc_ws/install/pal_sea_arm:/opt/erc_ws/install/pal_sea_arm_bringup:/opt/erc_ws/install/pal_pro_gripper_simulation:/opt/erc_ws/install/pal_pro_gripper_bringup:/opt/erc_ws/install/pal_pro_gripper:/opt/erc_ws/install/pal_gripper_simulation:/opt/erc_ws/install/pal_gripper:/opt/erc_ws/install/pal_gripper_description:/opt/erc_ws/install/omni_base_robot:/opt/erc_ws/install/omni_base_bringup:/opt/erc_ws/install/omni_base_description:/opt/erc_ws/install/pal_gripper_controller_configuration:/opt/erc_ws/install/omni_base_controller_configuration:/opt/erc_ws/install/gz_ros2_control:/opt/erc_ws/install/erc_description:/opt/erc_ws/install/sensors:/opt/erc_ws/install/pal_pro_gripper_wrapper:/opt/erc_ws/install/launch_pal:/opt/erc_ws/install/erc_solution:/opt/ros/humble PYTHONPATH=/opt/erc_ws/build/pal_pro_gripper_wrapper:/opt/erc_ws/install/pal_pro_gripper_wrapper/lib/python3.10/site-packages:/opt/erc_ws/build/launch_pal:/opt/erc_ws/install/launch_pal/lib/python3.10/site-packages:/opt/erc_ws/install/tiago_pro_description/local/lib/python3.10/dist-packages:/opt/erc_ws/install/tiago_pro_head_description/local/lib/python3.10/dist-packages:/opt/erc_ws/build/sensors:/opt/erc_ws/install/sensors/lib/python3.10/site-packages:/opt/erc_ws/install/pal_sea_arm_description/local/lib/python3.10/dist-packages:/opt/erc_ws/install/pal_pro_gripper_description/local/lib/python3.10/dist-packages:/opt/erc_ws/install/omni_base_description/local/lib/python3.10/dist-packages:/opt/erc_ws/build/erc_solution:/opt/erc_ws/install/erc_solution/lib/python3.10/site-packages:/opt/ros/humble/lib/python3.10/site-packages:/opt/ros/humble/local/lib/python3.10/dist-packages /usr/bin/cmake --install /opt/erc_ws/build/pal_sea_arm_bringup
[4.703s] Level 1:colcon.colcon_core.environment:checking '/opt/erc_ws/install/pal_sea_arm_bringup/lib'
[4.703s] Level 1:colcon.colcon_core.environment:checking '/opt/erc_ws/install/pal_sea_arm_bringup/bin'
[4.703s] Level 1:colcon.colcon_core.environment:checking '/opt/erc_ws/install/pal_sea_arm_bringup/lib/pkgconfig/pal_sea_arm_bringup.pc'
[4.703s] Level 1:colcon.colcon_core.environment:checking '/opt/erc_ws/install/pal_sea_arm_bringup/lib/python3.10/site-packages'
[4.703s] Level 1:colcon.colcon_core.environment:checking '/opt/erc_ws/install/pal_sea_arm_bringup/bin'
[4.703s] INFO:colcon.colcon_core.shell:Creating package script '/opt/erc_ws/install/pal_sea_arm_bringup/share/pal_sea_arm_bringup/package.ps1'
[4.704s] INFO:colcon.colcon_core.shell:Creating package descriptor '/opt/erc_ws/install/pal_sea_arm_bringup/share/pal_sea_arm_bringup/package.dsv'
[4.705s] INFO:colcon.colcon_core.shell:Creating package script '/opt/erc_ws/install/pal_sea_arm_bringup/share/pal_sea_arm_bringup/package.sh'
[4.705s] INFO:colcon.colcon_core.shell:Creating package script '/opt/erc_ws/install/pal_sea_arm_bringup/share/pal_sea_arm_bringup/package.bash'
[4.706s] INFO:colcon.colcon_core.shell:Creating package script '/opt/erc_ws/install/pal_sea_arm_bringup/share/pal_sea_arm_bringup/package.zsh'
[4.706s] Level 1:colcon.colcon_core.environment:create_file_with_runtime_dependencies(/opt/erc_ws/install/pal_sea_arm_bringup/share/colcon-core/packages/pal_sea_arm_bringup)
[4.707s] Level 1:colcon.colcon_core.environment:create_environment_scripts_only(pal_sea_arm_bringup)
[4.707s] Level 1:colcon.colcon_core.environment:checking '/opt/erc_ws/install/pal_sea_arm_bringup' for CMake module files
[4.707s] Level 1:colcon.colcon_core.environment:checking '/opt/erc_ws/install/pal_sea_arm_bringup' for CMake config files
[4.707s] Level 1:colcon.colcon_core.shell:create_environment_hook('pal_sea_arm_bringup', 'cmake_prefix_path')
[4.708s] INFO:colcon.colcon_core.shell:Creating environment hook '/opt/erc_ws/install/pal_sea_arm_bringup/share/pal_sea_arm_bringup/hook/cmake_prefix_path.ps1'
[4.708s] INFO:colcon.colcon_core.shell:Creating environment descriptor '/opt/erc_ws/install/pal_sea_arm_bringup/share/pal_sea_arm_bringup/hook/cmake_prefix_path.dsv'
[4.708s] INFO:colcon.colcon_core.shell:Creating environment hook '/opt/erc_ws/install/pal_sea_arm_bringup/share/pal_sea_arm_bringup/hook/cmake_prefix_path.sh'
[4.709s] Level 1:colcon.colcon_core.environment:checking '/opt/erc_ws/install/pal_sea_arm_bringup/lib'
[4.709s] Level 1:colcon.colcon_core.environment:checking '/opt/erc_ws/install/pal_sea_arm_bringup/bin'
[4.709s] Level 1:colcon.colcon_core.environment:checking '/opt/erc_ws/install/pal_sea_arm_bringup/lib/pkgconfig/pal_sea_arm_bringup.pc'
[4.709s] Level 1:colcon.colcon_core.environment:checking '/opt/erc_ws/install/pal_sea_arm_bringup/lib/python3.10/site-packages'
[4.709s] Level 1:colcon.colcon_core.environment:checking '/opt/erc_ws/install/pal_sea_arm_bringup/bin'
[4.710s] INFO:colcon.colcon_core.shell:Creating package script '/opt/erc_ws/install/pal_sea_arm_bringup/share/pal_sea_arm_bringup/package.ps1'
[4.710s] INFO:colcon.colcon_core.shell:Creating package descriptor '/opt/erc_ws/install/pal_sea_arm_bringup/share/pal_sea_arm_bringup/package.dsv'
[4.711s] INFO:colcon.colcon_core.shell:Creating package script '/opt/erc_ws/install/pal_sea_arm_bringup/share/pal_sea_arm_bringup/package.sh'
[4.711s] INFO:colcon.colcon_core.shell:Creating package script '/opt/erc_ws/install/pal_sea_arm_bringup/share/pal_sea_arm_bringup/package.bash'
[4.712s] INFO:colcon.colcon_core.shell:Creating package script '/opt/erc_ws/install/pal_sea_arm_bringup/share/pal_sea_arm_bringup/package.zsh'
[4.712s] Level 1:colcon.colcon_core.environment:create_file_with_runtime_dependencies(/opt/erc_ws/install/pal_sea_arm_bringup/share/colcon-core/packages/pal_sea_arm_bringup)
[4.712s] Level 1:colcon.colcon_core.environment:create_environment_scripts_only(tiago_pro_head_robot)
[4.713s] Level 1:colcon.colcon_core.environment:checking '/opt/erc_ws/install/tiago_pro_head_robot' for CMake module files
[4.713s] Level 1:colcon.colcon_core.environment:checking '/opt/erc_ws/install/tiago_pro_head_robot' for CMake config files
[4.714s] Level 1:colcon.colcon_core.shell:create_environment_hook('tiago_pro_head_robot', 'cmake_prefix_path')
[4.714s] INFO:colcon.colcon_core.shell:Creating environment hook '/opt/erc_ws/install/tiago_pro_head_robot/share/tiago_pro_head_robot/hook/cmake_prefix_path.ps1'
[4.715s] INFO:colcon.colcon_core.shell:Creating environment descriptor '/opt/erc_ws/install/tiago_pro_head_robot/share/tiago_pro_head_robot/hook/cmake_prefix_path.dsv'
[4.715s] INFO:colcon.colcon_core.shell:Creating environment hook '/opt/erc_ws/install/tiago_pro_head_robot/share/tiago_pro_head_robot/hook/cmake_prefix_path.sh'
[4.715s] Level 1:colcon.colcon_core.environment:checking '/opt/erc_ws/install/tiago_pro_head_robot/bin'
[4.716s] Level 1:colcon.colcon_core.environment:checking '/opt/erc_ws/install/tiago_pro_head_robot/lib/pkgconfig/tiago_pro_head_robot.pc'
[4.716s] Level 1:colcon.colcon_core.environment:checking '/opt/erc_ws/install/tiago_pro_head_robot/lib/python3.10/site-packages'
[4.716s] Level 1:colcon.colcon_core.environment:checking '/opt/erc_ws/install/tiago_pro_head_robot/bin'
[4.716s] INFO:colcon.colcon_core.shell:Creating package script '/opt/erc_ws/install/tiago_pro_head_robot/share/tiago_pro_head_robot/package.ps1'
[4.717s] INFO:colcon.colcon_core.shell:Creating package descriptor '/opt/erc_ws/install/tiago_pro_head_robot/share/tiago_pro_head_robot/package.dsv'
[4.718s] INFO:colcon.colcon_core.shell:Creating package script '/opt/erc_ws/install/tiago_pro_head_robot/share/tiago_pro_head_robot/package.sh'
[4.719s] DEBUG:colcon.colcon_core.event_handler.log_command:Invoked command in '/opt/erc_ws/build/tiago_pro_head_robot' returned '0': AMENT_PREFIX_PATH=/opt/erc_ws/install/launch_pal:/opt/erc_ws/install/tiago_pro_robot:/opt/erc_ws/install/tiago_pro_head_robot:/opt/erc_ws/install/tiago_pro_bringup:/opt/erc_ws/install/tiago_pro_head_bringup:/opt/erc_ws/install/erc_bringup:/opt/erc_ws/install/tiago_pro_description:/opt/erc_ws/install/tiago_pro_head_description:/opt/erc_ws/install/tiago_pro_controller_configuration:/opt/erc_ws/install/tiago_pro_head_controller_configuration:/opt/erc_ws/install/sensors:/opt/erc_ws/install/pal_sea_arm:/opt/erc_ws/install/pal_sea_arm_bringup:/opt/erc_ws/install/pal_sea_arm_description:/opt/erc_ws/install/pal_pro_gripper_simulation:/opt/erc_ws/install/pal_pro_gripper_bringup:/opt/erc_ws/install/pal_pro_gripper:/opt/erc_ws/install/pal_pro_gripper_description:/opt/erc_ws/install/pal_gripper_simulation:/opt/erc_ws/install/pal_gripper:/opt/erc_ws/install/pal_gripper_description:/opt/erc_ws/install/omni_base_robot:/opt/erc_ws/install/omni_base_bringup:/opt/erc_ws/install/omni_base_description:/opt/erc_ws/install/pal_urdf_utils:/opt/erc_ws/install/pal_sea_arm_controller_configuration:/opt/erc_ws/install/pal_pro_gripper_controller_configuration:/opt/erc_ws/install/pal_pro_gripper_wrapper:/opt/erc_ws/install/pal_gripper_controller_configuration:/opt/erc_ws/install/omni_base_controller_configuration:/opt/erc_ws/install/gz_ros2_control:/opt/erc_ws/install/erc_solution:/opt/erc_ws/install/erc_description:/opt/ros/humble CMAKE_PREFIX_PATH=/opt/erc_ws/install/tiago_pro_head_bringup:/opt/erc_ws/install/tiago_pro_head_description:/opt/erc_ws/install/tiago_pro_head_controller_configuration:/opt/erc_ws/install/pal_urdf_utils:/opt/erc_ws/install/tiago_pro_robot:/opt/erc_ws/install/tiago_pro_head_robot:/opt/erc_ws/install/tiago_pro_bringup:/opt/erc_ws/install/erc_bringup:/opt/erc_ws/install/tiago_pro_description:/opt/erc_ws/install/tiago_pro_controller_configuration:/opt/erc_ws/install/pal_sea_arm:/opt/erc_ws/install/pal_sea_arm_bringup:/opt/erc_ws/install/pal_sea_arm_description:/opt/erc_ws/install/pal_pro_gripper_simulation:/opt/erc_ws/install/pal_pro_gripper_bringup:/opt/erc_ws/install/pal_pro_gripper:/opt/erc_ws/install/pal_pro_gripper_description:/opt/erc_ws/install/pal_gripper_simulation:/opt/erc_ws/install/pal_gripper:/opt/erc_ws/install/pal_gripper_description:/opt/erc_ws/install/omni_base_robot:/opt/erc_ws/install/omni_base_bringup:/opt/erc_ws/install/omni_base_description:/opt/erc_ws/install/pal_sea_arm_controller_configuration:/opt/erc_ws/install/pal_pro_gripper_controller_configuration:/opt/erc_ws/install/pal_gripper_controller_configuration:/opt/erc_ws/install/omni_base_controller_configuration:/opt/erc_ws/install/gz_ros2_control:/opt/erc_ws/install/erc_description:/opt/erc_ws/install/sensors:/opt/erc_ws/install/pal_pro_gripper_wrapper:/opt/erc_ws/install/launch_pal:/opt/erc_ws/install/erc_solution:/opt/ros/humble PYTHONPATH=/opt/erc_ws/build/launch_pal:/opt/erc_ws/install/launch_pal/lib/python3.10/site-packages:/opt/erc_ws/install/tiago_pro_description/local/lib/python3.10/dist-packages:/opt/erc_ws/install/tiago_pro_head_description/local/lib/python3.10/dist-packages:/opt/erc_ws/build/sensors:/opt/erc_ws/install/sensors/lib/python3.10/site-packages:/opt/erc_ws/install/pal_sea_arm_description/local/lib/python3.10/dist-packages:/opt/erc_ws/install/pal_pro_gripper_description/local/lib/python3.10/dist-packages:/opt/erc_ws/install/omni_base_description/local/lib/python3.10/dist-packages:/opt/erc_ws/build/pal_pro_gripper_wrapper:/opt/erc_ws/install/pal_pro_gripper_wrapper/lib/python3.10/site-packages:/opt/erc_ws/build/erc_solution:/opt/erc_ws/install/erc_solution/lib/python3.10/site-packages:/opt/ros/humble/lib/python3.10/site-packages:/opt/ros/humble/local/lib/python3.10/dist-packages /usr/bin/cmake --install /opt/erc_ws/build/tiago_pro_head_robot
[4.719s] INFO:colcon.colcon_core.shell:Creating package script '/opt/erc_ws/install/tiago_pro_head_robot/share/tiago_pro_head_robot/package.bash'
[4.720s] INFO:colcon.colcon_core.shell:Creating package script '/opt/erc_ws/install/tiago_pro_head_robot/share/tiago_pro_head_robot/package.zsh'
[4.720s] Level 1:colcon.colcon_core.environment:create_file_with_runtime_dependencies(/opt/erc_ws/install/tiago_pro_head_robot/share/colcon-core/packages/tiago_pro_head_robot)
[4.721s] Level 1:colcon.colcon_core.environment:create_environment_scripts_only(tiago_pro_head_robot)
[4.721s] Level 1:colcon.colcon_core.environment:checking '/opt/erc_ws/install/tiago_pro_head_robot' for CMake module files
[4.722s] Level 1:colcon.colcon_core.environment:checking '/opt/erc_ws/install/tiago_pro_head_robot' for CMake config files
[4.722s] Level 1:colcon.colcon_core.shell:create_environment_hook('tiago_pro_head_robot', 'cmake_prefix_path')
[4.722s] INFO:colcon.colcon_core.shell:Creating environment hook '/opt/erc_ws/install/tiago_pro_head_robot/share/tiago_pro_head_robot/hook/cmake_prefix_path.ps1'
[4.722s] INFO:colcon.colcon_core.shell:Creating environment descriptor '/opt/erc_ws/install/tiago_pro_head_robot/share/tiago_pro_head_robot/hook/cmake_prefix_path.dsv'
[4.723s] INFO:colcon.colcon_core.shell:Creating environment hook '/opt/erc_ws/install/tiago_pro_head_robot/share/tiago_pro_head_robot/hook/cmake_prefix_path.sh'
[4.723s] Level 1:colcon.colcon_core.environment:checking '/opt/erc_ws/install/tiago_pro_head_robot/bin'
[4.723s] Level 1:colcon.colcon_core.environment:checking '/opt/erc_ws/install/tiago_pro_head_robot/lib/pkgconfig/tiago_pro_head_robot.pc'
[4.724s] Level 1:colcon.colcon_core.environment:checking '/opt/erc_ws/install/tiago_pro_head_robot/lib/python3.10/site-packages'
[4.724s] Level 1:colcon.colcon_core.environment:checking '/opt/erc_ws/install/tiago_pro_head_robot/bin'
[4.724s] INFO:colcon.colcon_core.shell:Creating package script '/opt/erc_ws/install/tiago_pro_head_robot/share/tiago_pro_head_robot/package.ps1'
[4.725s] INFO:colcon.colcon_core.shell:Creating package descriptor '/opt/erc_ws/install/tiago_pro_head_robot/share/tiago_pro_head_robot/package.dsv'
[4.725s] INFO:colcon.colcon_core.shell:Creating package script '/opt/erc_ws/install/tiago_pro_head_robot/share/tiago_pro_head_robot/package.sh'
[4.726s] INFO:colcon.colcon_core.shell:Creating package script '/opt/erc_ws/install/tiago_pro_head_robot/share/tiago_pro_head_robot/package.bash'
[4.726s] INFO:colcon.colcon_core.shell:Creating package script '/opt/erc_ws/install/tiago_pro_head_robot/share/tiago_pro_head_robot/package.zsh'
[4.727s] Level 1:colcon.colcon_core.environment:create_file_with_runtime_dependencies(/opt/erc_ws/install/tiago_pro_head_robot/share/colcon-core/packages/tiago_pro_head_robot)
[4.727s] INFO:colcon.colcon_ros.task.ament_cmake.build:Building ROS package in '/opt/erc_ws/src/pal_sea_arm/pal_sea_arm' with build type 'ament_cmake'
[4.727s] INFO:colcon.colcon_cmake.task.cmake.build:Building CMake package in '/opt/erc_ws/src/pal_sea_arm/pal_sea_arm'
[4.728s] INFO:colcon.colcon_core.shell:Skip shell extension 'powershell' for command environment: Not usable outside of PowerShell
[4.728s] DEBUG:colcon.colcon_core.shell:Skip shell extension 'dsv' for command environment
[4.759s] DEBUG:colcon.colcon_core.event_handler.log_command:Invoking command in '/opt/erc_ws/build/pal_sea_arm': AMENT_PREFIX_PATH=/opt/erc_ws/install/pal_pro_gripper_wrapper:/opt/erc_ws/install/launch_pal:/opt/erc_ws/install/tiago_pro_robot:/opt/erc_ws/install/tiago_pro_head_robot:/opt/erc_ws/install/tiago_pro_bringup:/opt/erc_ws/install/tiago_pro_head_bringup:/opt/erc_ws/install/erc_bringup:/opt/erc_ws/install/tiago_pro_description:/opt/erc_ws/install/tiago_pro_head_description:/opt/erc_ws/install/tiago_pro_controller_configuration:/opt/erc_ws/install/tiago_pro_head_controller_configuration:/opt/erc_ws/install/sensors:/opt/erc_ws/install/pal_sea_arm:/opt/erc_ws/install/pal_sea_arm_bringup:/opt/erc_ws/install/pal_sea_arm_description:/opt/erc_ws/install/pal_pro_gripper_simulation:/opt/erc_ws/install/pal_pro_gripper_bringup:/opt/erc_ws/install/pal_pro_gripper:/opt/erc_ws/install/pal_pro_gripper_description:/opt/erc_ws/install/pal_gripper_simulation:/opt/erc_ws/install/pal_gripper:/opt/erc_ws/install/pal_gripper_description:/opt/erc_ws/install/omni_base_robot:/opt/erc_ws/install/omni_base_bringup:/opt/erc_ws/install/omni_base_description:/opt/erc_ws/install/pal_urdf_utils:/opt/erc_ws/install/pal_sea_arm_controller_configuration:/opt/erc_ws/install/pal_pro_gripper_controller_configuration:/opt/erc_ws/install/pal_gripper_controller_configuration:/opt/erc_ws/install/omni_base_controller_configuration:/opt/erc_ws/install/gz_ros2_control:/opt/erc_ws/install/erc_solution:/opt/erc_ws/install/erc_description:/opt/ros/humble CMAKE_PREFIX_PATH=/opt/erc_ws/install/pal_sea_arm_bringup:/opt/erc_ws/install/pal_sea_arm_description:/opt/erc_ws/install/pal_sea_arm_controller_configuration:/opt/erc_ws/install/pal_pro_gripper_description:/opt/erc_ws/install/pal_pro_gripper_controller_configuration:/opt/erc_ws/install/pal_urdf_utils:/opt/erc_ws/install/tiago_pro_robot:/opt/erc_ws/install/tiago_pro_head_robot:/opt/erc_ws/install/tiago_pro_bringup:/opt/erc_ws/install/tiago_pro_head_bringup:/opt/erc_ws/install/erc_bringup:/opt/erc_ws/install/tiago_pro_description:/opt/erc_ws/install/tiago_pro_head_description:/opt/erc_ws/install/tiago_pro_controller_configuration:/opt/erc_ws/install/tiago_pro_head_controller_configuration:/opt/erc_ws/install/pal_sea_arm:/opt/erc_ws/install/pal_pro_gripper_simulation:/opt/erc_ws/install/pal_pro_gripper_bringup:/opt/erc_ws/install/pal_pro_gripper:/opt/erc_ws/install/pal_gripper_simulation:/opt/erc_ws/install/pal_gripper:/opt/erc_ws/install/pal_gripper_description:/opt/erc_ws/install/omni_base_robot:/opt/erc_ws/install/omni_base_bringup:/opt/erc_ws/install/omni_base_description:/opt/erc_ws/install/pal_gripper_controller_configuration:/opt/erc_ws/install/omni_base_controller_configuration:/opt/erc_ws/install/gz_ros2_control:/opt/erc_ws/install/erc_description:/opt/erc_ws/install/sensors:/opt/erc_ws/install/pal_pro_gripper_wrapper:/opt/erc_ws/install/launch_pal:/opt/erc_ws/install/erc_solution:/opt/ros/humble PYTHONPATH=/opt/erc_ws/build/pal_pro_gripper_wrapper:/opt/erc_ws/install/pal_pro_gripper_wrapper/lib/python3.10/site-packages:/opt/erc_ws/build/launch_pal:/opt/erc_ws/install/launch_pal/lib/python3.10/site-packages:/opt/erc_ws/install/tiago_pro_description/local/lib/python3.10/dist-packages:/opt/erc_ws/install/tiago_pro_head_description/local/lib/python3.10/dist-packages:/opt/erc_ws/build/sensors:/opt/erc_ws/install/sensors/lib/python3.10/site-packages:/opt/erc_ws/install/pal_sea_arm_description/local/lib/python3.10/dist-packages:/opt/erc_ws/install/pal_pro_gripper_description/local/lib/python3.10/dist-packages:/opt/erc_ws/install/omni_base_description/local/lib/python3.10/dist-packages:/opt/erc_ws/build/erc_solution:/opt/erc_ws/install/erc_solution/lib/python3.10/site-packages:/opt/ros/humble/lib/python3.10/site-packages:/opt/ros/humble/local/lib/python3.10/dist-packages /usr/bin/cmake --build /opt/erc_ws/build/pal_sea_arm -- -j16 -l16
[4.813s] DEBUG:colcon.colcon_core.event_handler.log_command:Invoked command in '/opt/erc_ws/build/pal_sea_arm' returned '0': AMENT_PREFIX_PATH=/opt/erc_ws/install/pal_pro_gripper_wrapper:/opt/erc_ws/install/launch_pal:/opt/erc_ws/install/tiago_pro_robot:/opt/erc_ws/install/tiago_pro_head_robot:/opt/erc_ws/install/tiago_pro_bringup:/opt/erc_ws/install/tiago_pro_head_bringup:/opt/erc_ws/install/erc_bringup:/opt/erc_ws/install/tiago_pro_description:/opt/erc_ws/install/tiago_pro_head_description:/opt/erc_ws/install/tiago_pro_controller_configuration:/opt/erc_ws/install/tiago_pro_head_controller_configuration:/opt/erc_ws/install/sensors:/opt/erc_ws/install/pal_sea_arm:/opt/erc_ws/install/pal_sea_arm_bringup:/opt/erc_ws/install/pal_sea_arm_description:/opt/erc_ws/install/pal_pro_gripper_simulation:/opt/erc_ws/install/pal_pro_gripper_bringup:/opt/erc_ws/install/pal_pro_gripper:/opt/erc_ws/install/pal_pro_gripper_description:/opt/erc_ws/install/pal_gripper_simulation:/opt/erc_ws/install/pal_gripper:/opt/erc_ws/install/pal_gripper_description:/opt/erc_ws/install/omni_base_robot:/opt/erc_ws/install/omni_base_bringup:/opt/erc_ws/install/omni_base_description:/opt/erc_ws/install/pal_urdf_utils:/opt/erc_ws/install/pal_sea_arm_controller_configuration:/opt/erc_ws/install/pal_pro_gripper_controller_configuration:/opt/erc_ws/install/pal_gripper_controller_configuration:/opt/erc_ws/install/omni_base_controller_configuration:/opt/erc_ws/install/gz_ros2_control:/opt/erc_ws/install/erc_solution:/opt/erc_ws/install/erc_description:/opt/ros/humble CMAKE_PREFIX_PATH=/opt/erc_ws/install/pal_sea_arm_bringup:/opt/erc_ws/install/pal_sea_arm_description:/opt/erc_ws/install/pal_sea_arm_controller_configuration:/opt/erc_ws/install/pal_pro_gripper_description:/opt/erc_ws/install/pal_pro_gripper_controller_configuration:/opt/erc_ws/install/pal_urdf_utils:/opt/erc_ws/install/tiago_pro_robot:/opt/erc_ws/install/tiago_pro_head_robot:/opt/erc_ws/install/tiago_pro_bringup:/opt/erc_ws/install/tiago_pro_head_bringup:/opt/erc_ws/install/erc_bringup:/opt/erc_ws/install/tiago_pro_description:/opt/erc_ws/install/tiago_pro_head_description:/opt/erc_ws/install/tiago_pro_controller_configuration:/opt/erc_ws/install/tiago_pro_head_controller_configuration:/opt/erc_ws/install/pal_sea_arm:/opt/erc_ws/install/pal_pro_gripper_simulation:/opt/erc_ws/install/pal_pro_gripper_bringup:/opt/erc_ws/install/pal_pro_gripper:/opt/erc_ws/install/pal_gripper_simulation:/opt/erc_ws/install/pal_gripper:/opt/erc_ws/install/pal_gripper_description:/opt/erc_ws/install/omni_base_robot:/opt/erc_ws/install/omni_base_bringup:/opt/erc_ws/install/omni_base_description:/opt/erc_ws/install/pal_gripper_controller_configuration:/opt/erc_ws/install/omni_base_controller_configuration:/opt/erc_ws/install/gz_ros2_control:/opt/erc_ws/install/erc_description:/opt/erc_ws/install/sensors:/opt/erc_ws/install/pal_pro_gripper_wrapper:/opt/erc_ws/install/launch_pal:/opt/erc_ws/install/erc_solution:/opt/ros/humble PYTHONPATH=/opt/erc_ws/build/pal_pro_gripper_wrapper:/opt/erc_ws/install/pal_pro_gripper_wrapper/lib/python3.10/site-packages:/opt/erc_ws/build/launch_pal:/opt/erc_ws/install/launch_pal/lib/python3.10/site-packages:/opt/erc_ws/install/tiago_pro_description/local/lib/python3.10/dist-packages:/opt/erc_ws/install/tiago_pro_head_description/local/lib/python3.10/dist-packages:/opt/erc_ws/build/sensors:/opt/erc_ws/install/sensors/lib/python3.10/site-packages:/opt/erc_ws/install/pal_sea_arm_description/local/lib/python3.10/dist-packages:/opt/erc_ws/install/pal_pro_gripper_description/local/lib/python3.10/dist-packages:/opt/erc_ws/install/omni_base_description/local/lib/python3.10/dist-packages:/opt/erc_ws/build/erc_solution:/opt/erc_ws/install/erc_solution/lib/python3.10/site-packages:/opt/ros/humble/lib/python3.10/site-packages:/opt/ros/humble/local/lib/python3.10/dist-packages /usr/bin/cmake --build /opt/erc_ws/build/pal_sea_arm -- -j16 -l16
[4.816s] DEBUG:colcon.colcon_core.event_handler.log_command:Invoking command in '/opt/erc_ws/build/pal_sea_arm': AMENT_PREFIX_PATH=/opt/erc_ws/install/pal_pro_gripper_wrapper:/opt/erc_ws/install/launch_pal:/opt/erc_ws/install/tiago_pro_robot:/opt/erc_ws/install/tiago_pro_head_robot:/opt/erc_ws/install/tiago_pro_bringup:/opt/erc_ws/install/tiago_pro_head_bringup:/opt/erc_ws/install/erc_bringup:/opt/erc_ws/install/tiago_pro_description:/opt/erc_ws/install/tiago_pro_head_description:/opt/erc_ws/install/tiago_pro_controller_configuration:/opt/erc_ws/install/tiago_pro_head_controller_configuration:/opt/erc_ws/install/sensors:/opt/erc_ws/install/pal_sea_arm:/opt/erc_ws/install/pal_sea_arm_bringup:/opt/erc_ws/install/pal_sea_arm_description:/opt/erc_ws/install/pal_pro_gripper_simulation:/opt/erc_ws/install/pal_pro_gripper_bringup:/opt/erc_ws/install/pal_pro_gripper:/opt/erc_ws/install/pal_pro_gripper_description:/opt/erc_ws/install/pal_gripper_simulation:/opt/erc_ws/install/pal_gripper:/opt/erc_ws/install/pal_gripper_description:/opt/erc_ws/install/omni_base_robot:/opt/erc_ws/install/omni_base_bringup:/opt/erc_ws/install/omni_base_description:/opt/erc_ws/install/pal_urdf_utils:/opt/erc_ws/install/pal_sea_arm_controller_configuration:/opt/erc_ws/install/pal_pro_gripper_controller_configuration:/opt/erc_ws/install/pal_gripper_controller_configuration:/opt/erc_ws/install/omni_base_controller_configuration:/opt/erc_ws/install/gz_ros2_control:/opt/erc_ws/install/erc_solution:/opt/erc_ws/install/erc_description:/opt/ros/humble CMAKE_PREFIX_PATH=/opt/erc_ws/install/pal_sea_arm_bringup:/opt/erc_ws/install/pal_sea_arm_description:/opt/erc_ws/install/pal_sea_arm_controller_configuration:/opt/erc_ws/install/pal_pro_gripper_description:/opt/erc_ws/install/pal_pro_gripper_controller_configuration:/opt/erc_ws/install/pal_urdf_utils:/opt/erc_ws/install/tiago_pro_robot:/opt/erc_ws/install/tiago_pro_head_robot:/opt/erc_ws/install/tiago_pro_bringup:/opt/erc_ws/install/tiago_pro_head_bringup:/opt/erc_ws/install/erc_bringup:/opt/erc_ws/install/tiago_pro_description:/opt/erc_ws/install/tiago_pro_head_description:/opt/erc_ws/install/tiago_pro_controller_configuration:/opt/erc_ws/install/tiago_pro_head_controller_configuration:/opt/erc_ws/install/pal_sea_arm:/opt/erc_ws/install/pal_pro_gripper_simulation:/opt/erc_ws/install/pal_pro_gripper_bringup:/opt/erc_ws/install/pal_pro_gripper:/opt/erc_ws/install/pal_gripper_simulation:/opt/erc_ws/install/pal_gripper:/opt/erc_ws/install/pal_gripper_description:/opt/erc_ws/install/omni_base_robot:/opt/erc_ws/install/omni_base_bringup:/opt/erc_ws/install/omni_base_description:/opt/erc_ws/install/pal_gripper_controller_configuration:/opt/erc_ws/install/omni_base_controller_configuration:/opt/erc_ws/install/gz_ros2_control:/opt/erc_ws/install/erc_description:/opt/erc_ws/install/sensors:/opt/erc_ws/install/pal_pro_gripper_wrapper:/opt/erc_ws/install/launch_pal:/opt/erc_ws/install/erc_solution:/opt/ros/humble PYTHONPATH=/opt/erc_ws/build/pal_pro_gripper_wrapper:/opt/erc_ws/install/pal_pro_gripper_wrapper/lib/python3.10/site-packages:/opt/erc_ws/build/launch_pal:/opt/erc_ws/install/launch_pal/lib/python3.10/site-packages:/opt/erc_ws/install/tiago_pro_description/local/lib/python3.10/dist-packages:/opt/erc_ws/install/tiago_pro_head_description/local/lib/python3.10/dist-packages:/opt/erc_ws/build/sensors:/opt/erc_ws/install/sensors/lib/python3.10/site-packages:/opt/erc_ws/install/pal_sea_arm_description/local/lib/python3.10/dist-packages:/opt/erc_ws/install/pal_pro_gripper_description/local/lib/python3.10/dist-packages:/opt/erc_ws/install/omni_base_description/local/lib/python3.10/dist-packages:/opt/erc_ws/build/erc_solution:/opt/erc_ws/install/erc_solution/lib/python3.10/site-packages:/opt/ros/humble/lib/python3.10/site-packages:/opt/ros/humble/local/lib/python3.10/dist-packages /usr/bin/cmake --install /opt/erc_ws/build/pal_sea_arm
[4.841s] Level 1:colcon.colcon_core.environment:create_environment_scripts_only(pal_sea_arm)
[4.842s] Level 1:colcon.colcon_core.environment:checking '/opt/erc_ws/install/pal_sea_arm' for CMake module files
[4.842s] Level 1:colcon.colcon_core.environment:checking '/opt/erc_ws/install/pal_sea_arm' for CMake config files
[4.843s] Level 1:colcon.colcon_core.shell:create_environment_hook('pal_sea_arm', 'cmake_prefix_path')
[4.843s] INFO:colcon.colcon_core.shell:Creating environment hook '/opt/erc_ws/install/pal_sea_arm/share/pal_sea_arm/hook/cmake_prefix_path.ps1'
[4.844s] DEBUG:colcon.colcon_core.event_handler.log_command:Invoked command in '/opt/erc_ws/build/pal_sea_arm' returned '0': AMENT_PREFIX_PATH=/opt/erc_ws/install/pal_pro_gripper_wrapper:/opt/erc_ws/install/launch_pal:/opt/erc_ws/install/tiago_pro_robot:/opt/erc_ws/install/tiago_pro_head_robot:/opt/erc_ws/install/tiago_pro_bringup:/opt/erc_ws/install/tiago_pro_head_bringup:/opt/erc_ws/install/erc_bringup:/opt/erc_ws/install/tiago_pro_description:/opt/erc_ws/install/tiago_pro_head_description:/opt/erc_ws/install/tiago_pro_controller_configuration:/opt/erc_ws/install/tiago_pro_head_controller_configuration:/opt/erc_ws/install/sensors:/opt/erc_ws/install/pal_sea_arm:/opt/erc_ws/install/pal_sea_arm_bringup:/opt/erc_ws/install/pal_sea_arm_description:/opt/erc_ws/install/pal_pro_gripper_simulation:/opt/erc_ws/install/pal_pro_gripper_bringup:/opt/erc_ws/install/pal_pro_gripper:/opt/erc_ws/install/pal_pro_gripper_description:/opt/erc_ws/install/pal_gripper_simulation:/opt/erc_ws/install/pal_gripper:/opt/erc_ws/install/pal_gripper_description:/opt/erc_ws/install/omni_base_robot:/opt/erc_ws/install/omni_base_bringup:/opt/erc_ws/install/omni_base_description:/opt/erc_ws/install/pal_urdf_utils:/opt/erc_ws/install/pal_sea_arm_controller_configuration:/opt/erc_ws/install/pal_pro_gripper_controller_configuration:/opt/erc_ws/install/pal_gripper_controller_configuration:/opt/erc_ws/install/omni_base_controller_configuration:/opt/erc_ws/install/gz_ros2_control:/opt/erc_ws/install/erc_solution:/opt/erc_ws/install/erc_description:/opt/ros/humble CMAKE_PREFIX_PATH=/opt/erc_ws/install/pal_sea_arm_bringup:/opt/erc_ws/install/pal_sea_arm_description:/opt/erc_ws/install/pal_sea_arm_controller_configuration:/opt/erc_ws/install/pal_pro_gripper_description:/opt/erc_ws/install/pal_pro_gripper_controller_configuration:/opt/erc_ws/install/pal_urdf_utils:/opt/erc_ws/install/tiago_pro_robot:/opt/erc_ws/install/tiago_pro_head_robot:/opt/erc_ws/install/tiago_pro_bringup:/opt/erc_ws/install/tiago_pro_head_bringup:/opt/erc_ws/install/erc_bringup:/opt/erc_ws/install/tiago_pro_description:/opt/erc_ws/install/tiago_pro_head_description:/opt/erc_ws/install/tiago_pro_controller_configuration:/opt/erc_ws/install/tiago_pro_head_controller_configuration:/opt/erc_ws/install/pal_sea_arm:/opt/erc_ws/install/pal_pro_gripper_simulation:/opt/erc_ws/install/pal_pro_gripper_bringup:/opt/erc_ws/install/pal_pro_gripper:/opt/erc_ws/install/pal_gripper_simulation:/opt/erc_ws/install/pal_gripper:/opt/erc_ws/install/pal_gripper_description:/opt/erc_ws/install/omni_base_robot:/opt/erc_ws/install/omni_base_bringup:/opt/erc_ws/install/omni_base_description:/opt/erc_ws/install/pal_gripper_controller_configuration:/opt/erc_ws/install/omni_base_controller_configuration:/opt/erc_ws/install/gz_ros2_control:/opt/erc_ws/install/erc_description:/opt/erc_ws/install/sensors:/opt/erc_ws/install/pal_pro_gripper_wrapper:/opt/erc_ws/install/launch_pal:/opt/erc_ws/install/erc_solution:/opt/ros/humble PYTHONPATH=/opt/erc_ws/build/pal_pro_gripper_wrapper:/opt/erc_ws/install/pal_pro_gripper_wrapper/lib/python3.10/site-packages:/opt/erc_ws/build/launch_pal:/opt/erc_ws/install/launch_pal/lib/python3.10/site-packages:/opt/erc_ws/install/tiago_pro_description/local/lib/python3.10/dist-packages:/opt/erc_ws/install/tiago_pro_head_description/local/lib/python3.10/dist-packages:/opt/erc_ws/build/sensors:/opt/erc_ws/install/sensors/lib/python3.10/site-packages:/opt/erc_ws/install/pal_sea_arm_description/local/lib/python3.10/dist-packages:/opt/erc_ws/install/pal_pro_gripper_description/local/lib/python3.10/dist-packages:/opt/erc_ws/install/omni_base_description/local/lib/python3.10/dist-packages:/opt/erc_ws/build/erc_solution:/opt/erc_ws/install/erc_solution/lib/python3.10/site-packages:/opt/ros/humble/lib/python3.10/site-packages:/opt/ros/humble/local/lib/python3.10/dist-packages /usr/bin/cmake --install /opt/erc_ws/build/pal_sea_arm
[4.844s] INFO:colcon.colcon_core.shell:Creating environment descriptor '/opt/erc_ws/install/pal_sea_arm/share/pal_sea_arm/hook/cmake_prefix_path.dsv'
[4.845s] INFO:colcon.colcon_core.shell:Creating environment hook '/opt/erc_ws/install/pal_sea_arm/share/pal_sea_arm/hook/cmake_prefix_path.sh'
[4.846s] Level 1:colcon.colcon_core.environment:checking '/opt/erc_ws/install/pal_sea_arm/bin'
[4.846s] Level 1:colcon.colcon_core.environment:checking '/opt/erc_ws/install/pal_sea_arm/lib/pkgconfig/pal_sea_arm.pc'
[4.846s] Level 1:colcon.colcon_core.environment:checking '/opt/erc_ws/install/pal_sea_arm/lib/python3.10/site-packages'
[4.846s] Level 1:colcon.colcon_core.environment:checking '/opt/erc_ws/install/pal_sea_arm/bin'
[4.846s] INFO:colcon.colcon_core.shell:Creating package script '/opt/erc_ws/install/pal_sea_arm/share/pal_sea_arm/package.ps1'
[4.847s] INFO:colcon.colcon_core.shell:Creating package descriptor '/opt/erc_ws/install/pal_sea_arm/share/pal_sea_arm/package.dsv'
[4.847s] INFO:colcon.colcon_core.shell:Creating package script '/opt/erc_ws/install/pal_sea_arm/share/pal_sea_arm/package.sh'
[4.848s] INFO:colcon.colcon_core.shell:Creating package script '/opt/erc_ws/install/pal_sea_arm/share/pal_sea_arm/package.bash'
[4.848s] INFO:colcon.colcon_core.shell:Creating package script '/opt/erc_ws/install/pal_sea_arm/share/pal_sea_arm/package.zsh'
[4.849s] Level 1:colcon.colcon_core.environment:create_file_with_runtime_dependencies(/opt/erc_ws/install/pal_sea_arm/share/colcon-core/packages/pal_sea_arm)
[4.849s] Level 1:colcon.colcon_core.environment:create_environment_scripts_only(pal_sea_arm)
[4.850s] Level 1:colcon.colcon_core.environment:checking '/opt/erc_ws/install/pal_sea_arm' for CMake module files
[4.850s] Level 1:colcon.colcon_core.environment:checking '/opt/erc_ws/install/pal_sea_arm' for CMake config files
[4.850s] Level 1:colcon.colcon_core.shell:create_environment_hook('pal_sea_arm', 'cmake_prefix_path')
[4.851s] INFO:colcon.colcon_core.shell:Creating environment hook '/opt/erc_ws/install/pal_sea_arm/share/pal_sea_arm/hook/cmake_prefix_path.ps1'
[4.851s] INFO:colcon.colcon_core.shell:Creating environment descriptor '/opt/erc_ws/install/pal_sea_arm/share/pal_sea_arm/hook/cmake_prefix_path.dsv'
[4.851s] INFO:colcon.colcon_core.shell:Creating environment hook '/opt/erc_ws/install/pal_sea_arm/share/pal_sea_arm/hook/cmake_prefix_path.sh'
[4.852s] Level 1:colcon.colcon_core.environment:checking '/opt/erc_ws/install/pal_sea_arm/bin'
[4.852s] Level 1:colcon.colcon_core.environment:checking '/opt/erc_ws/install/pal_sea_arm/lib/pkgconfig/pal_sea_arm.pc'
[4.853s] Level 1:colcon.colcon_core.environment:checking '/opt/erc_ws/install/pal_sea_arm/lib/python3.10/site-packages'
[4.853s] Level 1:colcon.colcon_core.environment:checking '/opt/erc_ws/install/pal_sea_arm/bin'
[4.853s] INFO:colcon.colcon_core.shell:Creating package script '/opt/erc_ws/install/pal_sea_arm/share/pal_sea_arm/package.ps1'
[4.854s] INFO:colcon.colcon_core.shell:Creating package descriptor '/opt/erc_ws/install/pal_sea_arm/share/pal_sea_arm/package.dsv'
[4.854s] INFO:colcon.colcon_core.shell:Creating package script '/opt/erc_ws/install/pal_sea_arm/share/pal_sea_arm/package.sh'
[4.855s] INFO:colcon.colcon_core.shell:Creating package script '/opt/erc_ws/install/pal_sea_arm/share/pal_sea_arm/package.bash'
[4.855s] INFO:colcon.colcon_core.shell:Creating package script '/opt/erc_ws/install/pal_sea_arm/share/pal_sea_arm/package.zsh'
[4.855s] Level 1:colcon.colcon_core.environment:create_file_with_runtime_dependencies(/opt/erc_ws/install/pal_sea_arm/share/colcon-core/packages/pal_sea_arm)
[4.985s] DEBUG:colcon.colcon_core.event_handler.log_command:Invoked command in '/opt/erc_ws/build/tiago_pro_description' returned '0': AMENT_PREFIX_PATH=/opt/erc_ws/install/pal_pro_gripper_wrapper:/opt/erc_ws/install/launch_pal:/opt/erc_ws/install/tiago_pro_robot:/opt/erc_ws/install/tiago_pro_head_robot:/opt/erc_ws/install/tiago_pro_bringup:/opt/erc_ws/install/tiago_pro_head_bringup:/opt/erc_ws/install/erc_bringup:/opt/erc_ws/install/tiago_pro_description:/opt/erc_ws/install/tiago_pro_head_description:/opt/erc_ws/install/tiago_pro_controller_configuration:/opt/erc_ws/install/tiago_pro_head_controller_configuration:/opt/erc_ws/install/sensors:/opt/erc_ws/install/pal_sea_arm:/opt/erc_ws/install/pal_sea_arm_bringup:/opt/erc_ws/install/pal_sea_arm_description:/opt/erc_ws/install/pal_pro_gripper_simulation:/opt/erc_ws/install/pal_pro_gripper_bringup:/opt/erc_ws/install/pal_pro_gripper:/opt/erc_ws/install/pal_pro_gripper_description:/opt/erc_ws/install/pal_gripper_simulation:/opt/erc_ws/install/pal_gripper:/opt/erc_ws/install/pal_gripper_description:/opt/erc_ws/install/omni_base_robot:/opt/erc_ws/install/omni_base_bringup:/opt/erc_ws/install/omni_base_description:/opt/erc_ws/install/pal_urdf_utils:/opt/erc_ws/install/pal_sea_arm_controller_configuration:/opt/erc_ws/install/pal_pro_gripper_controller_configuration:/opt/erc_ws/install/pal_gripper_controller_configuration:/opt/erc_ws/install/omni_base_controller_configuration:/opt/erc_ws/install/gz_ros2_control:/opt/erc_ws/install/erc_solution:/opt/erc_ws/install/erc_description:/opt/ros/humble CMAKE_PREFIX_PATH=/opt/erc_ws/install/pal_sea_arm_description:/opt/erc_ws/install/tiago_pro_head_description:/opt/erc_ws/install/pal_sea_arm_controller_configuration:/opt/erc_ws/install/tiago_pro_head_controller_configuration:/opt/erc_ws/install/pal_pro_gripper_description:/opt/erc_ws/install/pal_pro_gripper_controller_configuration:/opt/erc_ws/install/omni_base_description:/opt/erc_ws/install/pal_urdf_utils:/opt/erc_ws/install/tiago_pro_robot:/opt/erc_ws/install/tiago_pro_head_robot:/opt/erc_ws/install/tiago_pro_bringup:/opt/erc_ws/install/tiago_pro_head_bringup:/opt/erc_ws/install/erc_bringup:/opt/erc_ws/install/tiago_pro_description:/opt/erc_ws/install/tiago_pro_controller_configuration:/opt/erc_ws/install/pal_sea_arm:/opt/erc_ws/install/pal_sea_arm_bringup:/opt/erc_ws/install/pal_pro_gripper_simulation:/opt/erc_ws/install/pal_pro_gripper_bringup:/opt/erc_ws/install/pal_pro_gripper:/opt/erc_ws/install/pal_gripper_simulation:/opt/erc_ws/install/pal_gripper:/opt/erc_ws/install/pal_gripper_description:/opt/erc_ws/install/omni_base_robot:/opt/erc_ws/install/omni_base_bringup:/opt/erc_ws/install/pal_gripper_controller_configuration:/opt/erc_ws/install/omni_base_controller_configuration:/opt/erc_ws/install/gz_ros2_control:/opt/erc_ws/install/erc_description:/opt/erc_ws/install/sensors:/opt/erc_ws/install/pal_pro_gripper_wrapper:/opt/erc_ws/install/launch_pal:/opt/erc_ws/install/erc_solution:/opt/ros/humble PYTHONPATH=/opt/erc_ws/build/pal_pro_gripper_wrapper:/opt/erc_ws/install/pal_pro_gripper_wrapper/lib/python3.10/site-packages:/opt/erc_ws/build/launch_pal:/opt/erc_ws/install/launch_pal/lib/python3.10/site-packages:/opt/erc_ws/install/tiago_pro_description/local/lib/python3.10/dist-packages:/opt/erc_ws/install/tiago_pro_head_description/local/lib/python3.10/dist-packages:/opt/erc_ws/build/sensors:/opt/erc_ws/install/sensors/lib/python3.10/site-packages:/opt/erc_ws/install/pal_sea_arm_description/local/lib/python3.10/dist-packages:/opt/erc_ws/install/pal_pro_gripper_description/local/lib/python3.10/dist-packages:/opt/erc_ws/install/omni_base_description/local/lib/python3.10/dist-packages:/opt/erc_ws/build/erc_solution:/opt/erc_ws/install/erc_solution/lib/python3.10/site-packages:/opt/ros/humble/lib/python3.10/site-packages:/opt/ros/humble/local/lib/python3.10/dist-packages /usr/bin/cmake --build /opt/erc_ws/build/tiago_pro_description -- -j16 -l16
[4.990s] DEBUG:colcon.colcon_core.event_handler.log_command:Invoking command in '/opt/erc_ws/build/tiago_pro_description': AMENT_PREFIX_PATH=/opt/erc_ws/install/pal_pro_gripper_wrapper:/opt/erc_ws/install/launch_pal:/opt/erc_ws/install/tiago_pro_robot:/opt/erc_ws/install/tiago_pro_head_robot:/opt/erc_ws/install/tiago_pro_bringup:/opt/erc_ws/install/tiago_pro_head_bringup:/opt/erc_ws/install/erc_bringup:/opt/erc_ws/install/tiago_pro_description:/opt/erc_ws/install/tiago_pro_head_description:/opt/erc_ws/install/tiago_pro_controller_configuration:/opt/erc_ws/install/tiago_pro_head_controller_configuration:/opt/erc_ws/install/sensors:/opt/erc_ws/install/pal_sea_arm:/opt/erc_ws/install/pal_sea_arm_bringup:/opt/erc_ws/install/pal_sea_arm_description:/opt/erc_ws/install/pal_pro_gripper_simulation:/opt/erc_ws/install/pal_pro_gripper_bringup:/opt/erc_ws/install/pal_pro_gripper:/opt/erc_ws/install/pal_pro_gripper_description:/opt/erc_ws/install/pal_gripper_simulation:/opt/erc_ws/install/pal_gripper:/opt/erc_ws/install/pal_gripper_description:/opt/erc_ws/install/omni_base_robot:/opt/erc_ws/install/omni_base_bringup:/opt/erc_ws/install/omni_base_description:/opt/erc_ws/install/pal_urdf_utils:/opt/erc_ws/install/pal_sea_arm_controller_configuration:/opt/erc_ws/install/pal_pro_gripper_controller_configuration:/opt/erc_ws/install/pal_gripper_controller_configuration:/opt/erc_ws/install/omni_base_controller_configuration:/opt/erc_ws/install/gz_ros2_control:/opt/erc_ws/install/erc_solution:/opt/erc_ws/install/erc_description:/opt/ros/humble CMAKE_PREFIX_PATH=/opt/erc_ws/install/pal_sea_arm_description:/opt/erc_ws/install/tiago_pro_head_description:/opt/erc_ws/install/pal_sea_arm_controller_configuration:/opt/erc_ws/install/tiago_pro_head_controller_configuration:/opt/erc_ws/install/pal_pro_gripper_description:/opt/erc_ws/install/pal_pro_gripper_controller_configuration:/opt/erc_ws/install/omni_base_description:/opt/erc_ws/install/pal_urdf_utils:/opt/erc_ws/install/tiago_pro_robot:/opt/erc_ws/install/tiago_pro_head_robot:/opt/erc_ws/install/tiago_pro_bringup:/opt/erc_ws/install/tiago_pro_head_bringup:/opt/erc_ws/install/erc_bringup:/opt/erc_ws/install/tiago_pro_description:/opt/erc_ws/install/tiago_pro_controller_configuration:/opt/erc_ws/install/pal_sea_arm:/opt/erc_ws/install/pal_sea_arm_bringup:/opt/erc_ws/install/pal_pro_gripper_simulation:/opt/erc_ws/install/pal_pro_gripper_bringup:/opt/erc_ws/install/pal_pro_gripper:/opt/erc_ws/install/pal_gripper_simulation:/opt/erc_ws/install/pal_gripper:/opt/erc_ws/install/pal_gripper_description:/opt/erc_ws/install/omni_base_robot:/opt/erc_ws/install/omni_base_bringup:/opt/erc_ws/install/pal_gripper_controller_configuration:/opt/erc_ws/install/omni_base_controller_configuration:/opt/erc_ws/install/gz_ros2_control:/opt/erc_ws/install/erc_description:/opt/erc_ws/install/sensors:/opt/erc_ws/install/pal_pro_gripper_wrapper:/opt/erc_ws/install/launch_pal:/opt/erc_ws/install/erc_solution:/opt/ros/humble PYTHONPATH=/opt/erc_ws/build/pal_pro_gripper_wrapper:/opt/erc_ws/install/pal_pro_gripper_wrapper/lib/python3.10/site-packages:/opt/erc_ws/build/launch_pal:/opt/erc_ws/install/launch_pal/lib/python3.10/site-packages:/opt/erc_ws/install/tiago_pro_description/local/lib/python3.10/dist-packages:/opt/erc_ws/install/tiago_pro_head_description/local/lib/python3.10/dist-packages:/opt/erc_ws/build/sensors:/opt/erc_ws/install/sensors/lib/python3.10/site-packages:/opt/erc_ws/install/pal_sea_arm_description/local/lib/python3.10/dist-packages:/opt/erc_ws/install/pal_pro_gripper_description/local/lib/python3.10/dist-packages:/opt/erc_ws/install/omni_base_description/local/lib/python3.10/dist-packages:/opt/erc_ws/build/erc_solution:/opt/erc_ws/install/erc_solution/lib/python3.10/site-packages:/opt/ros/humble/lib/python3.10/site-packages:/opt/ros/humble/local/lib/python3.10/dist-packages /usr/bin/cmake --install /opt/erc_ws/build/tiago_pro_description
[5.068s] Level 1:colcon.colcon_core.environment:create_environment_scripts_only(tiago_pro_description)
[5.069s] Level 1:colcon.colcon_core.environment:checking '/opt/erc_ws/install/tiago_pro_description' for CMake module files
[5.070s] DEBUG:colcon.colcon_core.event_handler.log_command:Invoked command in '/opt/erc_ws/build/tiago_pro_description' returned '0': AMENT_PREFIX_PATH=/opt/erc_ws/install/pal_pro_gripper_wrapper:/opt/erc_ws/install/launch_pal:/opt/erc_ws/install/tiago_pro_robot:/opt/erc_ws/install/tiago_pro_head_robot:/opt/erc_ws/install/tiago_pro_bringup:/opt/erc_ws/install/tiago_pro_head_bringup:/opt/erc_ws/install/erc_bringup:/opt/erc_ws/install/tiago_pro_description:/opt/erc_ws/install/tiago_pro_head_description:/opt/erc_ws/install/tiago_pro_controller_configuration:/opt/erc_ws/install/tiago_pro_head_controller_configuration:/opt/erc_ws/install/sensors:/opt/erc_ws/install/pal_sea_arm:/opt/erc_ws/install/pal_sea_arm_bringup:/opt/erc_ws/install/pal_sea_arm_description:/opt/erc_ws/install/pal_pro_gripper_simulation:/opt/erc_ws/install/pal_pro_gripper_bringup:/opt/erc_ws/install/pal_pro_gripper:/opt/erc_ws/install/pal_pro_gripper_description:/opt/erc_ws/install/pal_gripper_simulation:/opt/erc_ws/install/pal_gripper:/opt/erc_ws/install/pal_gripper_description:/opt/erc_ws/install/omni_base_robot:/opt/erc_ws/install/omni_base_bringup:/opt/erc_ws/install/omni_base_description:/opt/erc_ws/install/pal_urdf_utils:/opt/erc_ws/install/pal_sea_arm_controller_configuration:/opt/erc_ws/install/pal_pro_gripper_controller_configuration:/opt/erc_ws/install/pal_gripper_controller_configuration:/opt/erc_ws/install/omni_base_controller_configuration:/opt/erc_ws/install/gz_ros2_control:/opt/erc_ws/install/erc_solution:/opt/erc_ws/install/erc_description:/opt/ros/humble CMAKE_PREFIX_PATH=/opt/erc_ws/install/pal_sea_arm_description:/opt/erc_ws/install/tiago_pro_head_description:/opt/erc_ws/install/pal_sea_arm_controller_configuration:/opt/erc_ws/install/tiago_pro_head_controller_configuration:/opt/erc_ws/install/pal_pro_gripper_description:/opt/erc_ws/install/pal_pro_gripper_controller_configuration:/opt/erc_ws/install/omni_base_description:/opt/erc_ws/install/pal_urdf_utils:/opt/erc_ws/install/tiago_pro_robot:/opt/erc_ws/install/tiago_pro_head_robot:/opt/erc_ws/install/tiago_pro_bringup:/opt/erc_ws/install/tiago_pro_head_bringup:/opt/erc_ws/install/erc_bringup:/opt/erc_ws/install/tiago_pro_description:/opt/erc_ws/install/tiago_pro_controller_configuration:/opt/erc_ws/install/pal_sea_arm:/opt/erc_ws/install/pal_sea_arm_bringup:/opt/erc_ws/install/pal_pro_gripper_simulation:/opt/erc_ws/install/pal_pro_gripper_bringup:/opt/erc_ws/install/pal_pro_gripper:/opt/erc_ws/install/pal_gripper_simulation:/opt/erc_ws/install/pal_gripper:/opt/erc_ws/install/pal_gripper_description:/opt/erc_ws/install/omni_base_robot:/opt/erc_ws/install/omni_base_bringup:/opt/erc_ws/install/pal_gripper_controller_configuration:/opt/erc_ws/install/omni_base_controller_configuration:/opt/erc_ws/install/gz_ros2_control:/opt/erc_ws/install/erc_description:/opt/erc_ws/install/sensors:/opt/erc_ws/install/pal_pro_gripper_wrapper:/opt/erc_ws/install/launch_pal:/opt/erc_ws/install/erc_solution:/opt/ros/humble PYTHONPATH=/opt/erc_ws/build/pal_pro_gripper_wrapper:/opt/erc_ws/install/pal_pro_gripper_wrapper/lib/python3.10/site-packages:/opt/erc_ws/build/launch_pal:/opt/erc_ws/install/launch_pal/lib/python3.10/site-packages:/opt/erc_ws/install/tiago_pro_description/local/lib/python3.10/dist-packages:/opt/erc_ws/install/tiago_pro_head_description/local/lib/python3.10/dist-packages:/opt/erc_ws/build/sensors:/opt/erc_ws/install/sensors/lib/python3.10/site-packages:/opt/erc_ws/install/pal_sea_arm_description/local/lib/python3.10/dist-packages:/opt/erc_ws/install/pal_pro_gripper_description/local/lib/python3.10/dist-packages:/opt/erc_ws/install/omni_base_description/local/lib/python3.10/dist-packages:/opt/erc_ws/build/erc_solution:/opt/erc_ws/install/erc_solution/lib/python3.10/site-packages:/opt/ros/humble/lib/python3.10/site-packages:/opt/ros/humble/local/lib/python3.10/dist-packages /usr/bin/cmake --install /opt/erc_ws/build/tiago_pro_description
[5.071s] Level 1:colcon.colcon_core.environment:checking '/opt/erc_ws/install/tiago_pro_description' for CMake config files
[5.072s] Level 1:colcon.colcon_core.shell:create_environment_hook('tiago_pro_description', 'cmake_prefix_path')
[5.073s] INFO:colcon.colcon_core.shell:Creating environment hook '/opt/erc_ws/install/tiago_pro_description/share/tiago_pro_description/hook/cmake_prefix_path.ps1'
[5.073s] INFO:colcon.colcon_core.shell:Creating environment descriptor '/opt/erc_ws/install/tiago_pro_description/share/tiago_pro_description/hook/cmake_prefix_path.dsv'
[5.074s] INFO:colcon.colcon_core.shell:Creating environment hook '/opt/erc_ws/install/tiago_pro_description/share/tiago_pro_description/hook/cmake_prefix_path.sh'
[5.074s] Level 1:colcon.colcon_core.environment:checking '/opt/erc_ws/install/tiago_pro_description/bin'
[5.074s] Level 1:colcon.colcon_core.environment:checking '/opt/erc_ws/install/tiago_pro_description/lib/pkgconfig/tiago_pro_description.pc'
[5.075s] Level 1:colcon.colcon_core.environment:checking '/opt/erc_ws/install/tiago_pro_description/lib/python3.10/site-packages'
[5.075s] Level 1:colcon.colcon_core.environment:checking '/opt/erc_ws/install/tiago_pro_description/bin'
[5.075s] INFO:colcon.colcon_core.shell:Creating package script '/opt/erc_ws/install/tiago_pro_description/share/tiago_pro_description/package.ps1'
[5.076s] INFO:colcon.colcon_core.shell:Creating package descriptor '/opt/erc_ws/install/tiago_pro_description/share/tiago_pro_description/package.dsv'
[5.076s] INFO:colcon.colcon_core.shell:Creating package script '/opt/erc_ws/install/tiago_pro_description/share/tiago_pro_description/package.sh'
[5.077s] INFO:colcon.colcon_core.shell:Creating package script '/opt/erc_ws/install/tiago_pro_description/share/tiago_pro_description/package.bash'
[5.078s] INFO:colcon.colcon_core.shell:Creating package script '/opt/erc_ws/install/tiago_pro_description/share/tiago_pro_description/package.zsh'
[5.079s] Level 1:colcon.colcon_core.environment:create_file_with_runtime_dependencies(/opt/erc_ws/install/tiago_pro_description/share/colcon-core/packages/tiago_pro_description)
[5.079s] Level 1:colcon.colcon_core.environment:create_environment_scripts_only(tiago_pro_description)
[5.079s] Level 1:colcon.colcon_core.environment:checking '/opt/erc_ws/install/tiago_pro_description' for CMake module files
[5.080s] Level 1:colcon.colcon_core.environment:checking '/opt/erc_ws/install/tiago_pro_description' for CMake config files
[5.080s] Level 1:colcon.colcon_core.shell:create_environment_hook('tiago_pro_description', 'cmake_prefix_path')
[5.080s] INFO:colcon.colcon_core.shell:Creating environment hook '/opt/erc_ws/install/tiago_pro_description/share/tiago_pro_description/hook/cmake_prefix_path.ps1'
[5.081s] INFO:colcon.colcon_core.shell:Creating environment descriptor '/opt/erc_ws/install/tiago_pro_description/share/tiago_pro_description/hook/cmake_prefix_path.dsv'
[5.081s] INFO:colcon.colcon_core.shell:Creating environment hook '/opt/erc_ws/install/tiago_pro_description/share/tiago_pro_description/hook/cmake_prefix_path.sh'
[5.082s] Level 1:colcon.colcon_core.environment:checking '/opt/erc_ws/install/tiago_pro_description/bin'
[5.082s] Level 1:colcon.colcon_core.environment:checking '/opt/erc_ws/install/tiago_pro_description/lib/pkgconfig/tiago_pro_description.pc'
[5.082s] Level 1:colcon.colcon_core.environment:checking '/opt/erc_ws/install/tiago_pro_description/lib/python3.10/site-packages'
[5.082s] Level 1:colcon.colcon_core.environment:checking '/opt/erc_ws/install/tiago_pro_description/bin'
[5.083s] INFO:colcon.colcon_core.shell:Creating package script '/opt/erc_ws/install/tiago_pro_description/share/tiago_pro_description/package.ps1'
[5.084s] INFO:colcon.colcon_core.shell:Creating package descriptor '/opt/erc_ws/install/tiago_pro_description/share/tiago_pro_description/package.dsv'
[5.085s] INFO:colcon.colcon_core.shell:Creating package script '/opt/erc_ws/install/tiago_pro_description/share/tiago_pro_description/package.sh'
[5.085s] INFO:colcon.colcon_core.shell:Creating package script '/opt/erc_ws/install/tiago_pro_description/share/tiago_pro_description/package.bash'
[5.086s] INFO:colcon.colcon_core.shell:Creating package script '/opt/erc_ws/install/tiago_pro_description/share/tiago_pro_description/package.zsh'
[5.086s] Level 1:colcon.colcon_core.environment:create_file_with_runtime_dependencies(/opt/erc_ws/install/tiago_pro_description/share/colcon-core/packages/tiago_pro_description)
[5.086s] INFO:colcon.colcon_ros.task.ament_cmake.build:Building ROS package in '/opt/erc_ws/src/erc_bringup' with build type 'ament_cmake'
[5.087s] INFO:colcon.colcon_cmake.task.cmake.build:Building CMake package in '/opt/erc_ws/src/erc_bringup'
[5.087s] INFO:colcon.colcon_core.shell:Skip shell extension 'powershell' for command environment: Not usable outside of PowerShell
[5.087s] DEBUG:colcon.colcon_core.shell:Skip shell extension 'dsv' for command environment
[5.097s] INFO:colcon.colcon_ros.task.ament_cmake.build:Building ROS package in '/opt/erc_ws/src/tiago_pro_robot/tiago_pro_robot' with build type 'ament_cmake'
[5.097s] INFO:colcon.colcon_cmake.task.cmake.build:Building CMake package in '/opt/erc_ws/src/tiago_pro_robot/tiago_pro_robot'
[5.098s] INFO:colcon.colcon_core.shell:Skip shell extension 'powershell' for command environment: Not usable outside of PowerShell
[5.098s] DEBUG:colcon.colcon_core.shell:Skip shell extension 'dsv' for command environment
[5.121s] DEBUG:colcon.colcon_core.event_handler.log_command:Invoking command in '/opt/erc_ws/build/erc_bringup': AMENT_PREFIX_PATH=/opt/erc_ws/install/pal_pro_gripper_wrapper:/opt/erc_ws/install/launch_pal:/opt/erc_ws/install/tiago_pro_robot:/opt/erc_ws/install/tiago_pro_head_robot:/opt/erc_ws/install/tiago_pro_bringup:/opt/erc_ws/install/tiago_pro_head_bringup:/opt/erc_ws/install/erc_bringup:/opt/erc_ws/install/tiago_pro_description:/opt/erc_ws/install/tiago_pro_head_description:/opt/erc_ws/install/tiago_pro_controller_configuration:/opt/erc_ws/install/tiago_pro_head_controller_configuration:/opt/erc_ws/install/sensors:/opt/erc_ws/install/pal_sea_arm:/opt/erc_ws/install/pal_sea_arm_bringup:/opt/erc_ws/install/pal_sea_arm_description:/opt/erc_ws/install/pal_pro_gripper_simulation:/opt/erc_ws/install/pal_pro_gripper_bringup:/opt/erc_ws/install/pal_pro_gripper:/opt/erc_ws/install/pal_pro_gripper_description:/opt/erc_ws/install/pal_gripper_simulation:/opt/erc_ws/install/pal_gripper:/opt/erc_ws/install/pal_gripper_description:/opt/erc_ws/install/omni_base_robot:/opt/erc_ws/install/omni_base_bringup:/opt/erc_ws/install/omni_base_description:/opt/erc_ws/install/pal_urdf_utils:/opt/erc_ws/install/pal_sea_arm_controller_configuration:/opt/erc_ws/install/pal_pro_gripper_controller_configuration:/opt/erc_ws/install/pal_gripper_controller_configuration:/opt/erc_ws/install/omni_base_controller_configuration:/opt/erc_ws/install/gz_ros2_control:/opt/erc_ws/install/erc_solution:/opt/erc_ws/install/erc_description:/opt/ros/humble CMAKE_PREFIX_PATH=/opt/erc_ws/install/tiago_pro_description:/opt/erc_ws/install/pal_sea_arm_description:/opt/erc_ws/install/tiago_pro_head_description:/opt/erc_ws/install/pal_sea_arm_controller_configuration:/opt/erc_ws/install/tiago_pro_head_controller_configuration:/opt/erc_ws/install/pal_pro_gripper_description:/opt/erc_ws/install/pal_pro_gripper_controller_configuration:/opt/erc_ws/install/omni_base_description:/opt/erc_ws/install/pal_urdf_utils:/opt/erc_ws/install/tiago_pro_robot:/opt/erc_ws/install/tiago_pro_head_robot:/opt/erc_ws/install/tiago_pro_bringup:/opt/erc_ws/install/tiago_pro_head_bringup:/opt/erc_ws/install/erc_bringup:/opt/erc_ws/install/tiago_pro_controller_configuration:/opt/erc_ws/install/pal_sea_arm:/opt/erc_ws/install/pal_sea_arm_bringup:/opt/erc_ws/install/pal_pro_gripper_simulation:/opt/erc_ws/install/pal_pro_gripper_bringup:/opt/erc_ws/install/pal_pro_gripper:/opt/erc_ws/install/pal_gripper_simulation:/opt/erc_ws/install/pal_gripper:/opt/erc_ws/install/pal_gripper_description:/opt/erc_ws/install/omni_base_robot:/opt/erc_ws/install/omni_base_bringup:/opt/erc_ws/install/pal_gripper_controller_configuration:/opt/erc_ws/install/omni_base_controller_configuration:/opt/erc_ws/install/gz_ros2_control:/opt/erc_ws/install/erc_description:/opt/erc_ws/install/sensors:/opt/erc_ws/install/pal_pro_gripper_wrapper:/opt/erc_ws/install/launch_pal:/opt/erc_ws/install/erc_solution:/opt/ros/humble PYTHONPATH=/opt/erc_ws/build/pal_pro_gripper_wrapper:/opt/erc_ws/install/pal_pro_gripper_wrapper/lib/python3.10/site-packages:/opt/erc_ws/build/launch_pal:/opt/erc_ws/install/launch_pal/lib/python3.10/site-packages:/opt/erc_ws/install/tiago_pro_description/local/lib/python3.10/dist-packages:/opt/erc_ws/install/tiago_pro_head_description/local/lib/python3.10/dist-packages:/opt/erc_ws/build/sensors:/opt/erc_ws/install/sensors/lib/python3.10/site-packages:/opt/erc_ws/install/pal_sea_arm_description/local/lib/python3.10/dist-packages:/opt/erc_ws/install/pal_pro_gripper_description/local/lib/python3.10/dist-packages:/opt/erc_ws/install/omni_base_description/local/lib/python3.10/dist-packages:/opt/erc_ws/build/erc_solution:/opt/erc_ws/install/erc_solution/lib/python3.10/site-packages:/opt/ros/humble/lib/python3.10/site-packages:/opt/ros/humble/local/lib/python3.10/dist-packages /usr/bin/cmake --build /opt/erc_ws/build/erc_bringup -- -j16 -l16
[5.136s] DEBUG:colcon.colcon_core.event_handler.log_command:Invoking command in '/opt/erc_ws/build/tiago_pro_robot': AMENT_PREFIX_PATH=/opt/erc_ws/install/pal_pro_gripper_wrapper:/opt/erc_ws/install/launch_pal:/opt/erc_ws/install/tiago_pro_robot:/opt/erc_ws/install/tiago_pro_head_robot:/opt/erc_ws/install/tiago_pro_bringup:/opt/erc_ws/install/tiago_pro_head_bringup:/opt/erc_ws/install/erc_bringup:/opt/erc_ws/install/tiago_pro_description:/opt/erc_ws/install/tiago_pro_head_description:/opt/erc_ws/install/tiago_pro_controller_configuration:/opt/erc_ws/install/tiago_pro_head_controller_configuration:/opt/erc_ws/install/sensors:/opt/erc_ws/install/pal_sea_arm:/opt/erc_ws/install/pal_sea_arm_bringup:/opt/erc_ws/install/pal_sea_arm_description:/opt/erc_ws/install/pal_pro_gripper_simulation:/opt/erc_ws/install/pal_pro_gripper_bringup:/opt/erc_ws/install/pal_pro_gripper:/opt/erc_ws/install/pal_pro_gripper_description:/opt/erc_ws/install/pal_gripper_simulation:/opt/erc_ws/install/pal_gripper:/opt/erc_ws/install/pal_gripper_description:/opt/erc_ws/install/omni_base_robot:/opt/erc_ws/install/omni_base_bringup:/opt/erc_ws/install/omni_base_description:/opt/erc_ws/install/pal_urdf_utils:/opt/erc_ws/install/pal_sea_arm_controller_configuration:/opt/erc_ws/install/pal_pro_gripper_controller_configuration:/opt/erc_ws/install/pal_gripper_controller_configuration:/opt/erc_ws/install/omni_base_controller_configuration:/opt/erc_ws/install/gz_ros2_control:/opt/erc_ws/install/erc_solution:/opt/erc_ws/install/erc_description:/opt/ros/humble CMAKE_PREFIX_PATH=/opt/erc_ws/install/tiago_pro_description:/opt/erc_ws/install/tiago_pro_bringup:/opt/erc_ws/install/tiago_pro_head_bringup:/opt/erc_ws/install/tiago_pro_controller_configuration:/opt/erc_ws/install/pal_sea_arm_description:/opt/erc_ws/install/tiago_pro_head_description:/opt/erc_ws/install/pal_sea_arm_controller_configuration:/opt/erc_ws/install/tiago_pro_head_controller_configuration:/opt/erc_ws/install/pal_pro_gripper_description:/opt/erc_ws/install/pal_pro_gripper_controller_configuration:/opt/erc_ws/install/omni_base_description:/opt/erc_ws/install/pal_urdf_utils:/opt/erc_ws/install/omni_base_controller_configuration:/opt/erc_ws/install/tiago_pro_robot:/opt/erc_ws/install/tiago_pro_head_robot:/opt/erc_ws/install/erc_bringup:/opt/erc_ws/install/pal_sea_arm:/opt/erc_ws/install/pal_sea_arm_bringup:/opt/erc_ws/install/pal_pro_gripper_simulation:/opt/erc_ws/install/pal_pro_gripper_bringup:/opt/erc_ws/install/pal_pro_gripper:/opt/erc_ws/install/pal_gripper_simulation:/opt/erc_ws/install/pal_gripper:/opt/erc_ws/install/pal_gripper_description:/opt/erc_ws/install/omni_base_robot:/opt/erc_ws/install/omni_base_bringup:/opt/erc_ws/install/pal_gripper_controller_configuration:/opt/erc_ws/install/gz_ros2_control:/opt/erc_ws/install/erc_description:/opt/erc_ws/install/sensors:/opt/erc_ws/install/pal_pro_gripper_wrapper:/opt/erc_ws/install/launch_pal:/opt/erc_ws/install/erc_solution:/opt/ros/humble PYTHONPATH=/opt/erc_ws/build/pal_pro_gripper_wrapper:/opt/erc_ws/install/pal_pro_gripper_wrapper/lib/python3.10/site-packages:/opt/erc_ws/build/launch_pal:/opt/erc_ws/install/launch_pal/lib/python3.10/site-packages:/opt/erc_ws/install/tiago_pro_description/local/lib/python3.10/dist-packages:/opt/erc_ws/install/tiago_pro_head_description/local/lib/python3.10/dist-packages:/opt/erc_ws/build/sensors:/opt/erc_ws/install/sensors/lib/python3.10/site-packages:/opt/erc_ws/install/pal_sea_arm_description/local/lib/python3.10/dist-packages:/opt/erc_ws/install/pal_pro_gripper_description/local/lib/python3.10/dist-packages:/opt/erc_ws/install/omni_base_description/local/lib/python3.10/dist-packages:/opt/erc_ws/build/erc_solution:/opt/erc_ws/install/erc_solution/lib/python3.10/site-packages:/opt/ros/humble/lib/python3.10/site-packages:/opt/ros/humble/local/lib/python3.10/dist-packages /usr/bin/cmake --build /opt/erc_ws/build/tiago_pro_robot -- -j16 -l16
[5.168s] DEBUG:colcon.colcon_core.event_handler.log_command:Invoked command in '/opt/erc_ws/build/erc_bringup' returned '0': AMENT_PREFIX_PATH=/opt/erc_ws/install/pal_pro_gripper_wrapper:/opt/erc_ws/install/launch_pal:/opt/erc_ws/install/tiago_pro_robot:/opt/erc_ws/install/tiago_pro_head_robot:/opt/erc_ws/install/tiago_pro_bringup:/opt/erc_ws/install/tiago_pro_head_bringup:/opt/erc_ws/install/erc_bringup:/opt/erc_ws/install/tiago_pro_description:/opt/erc_ws/install/tiago_pro_head_description:/opt/erc_ws/install/tiago_pro_controller_configuration:/opt/erc_ws/install/tiago_pro_head_controller_configuration:/opt/erc_ws/install/sensors:/opt/erc_ws/install/pal_sea_arm:/opt/erc_ws/install/pal_sea_arm_bringup:/opt/erc_ws/install/pal_sea_arm_description:/opt/erc_ws/install/pal_pro_gripper_simulation:/opt/erc_ws/install/pal_pro_gripper_bringup:/opt/erc_ws/install/pal_pro_gripper:/opt/erc_ws/install/pal_pro_gripper_description:/opt/erc_ws/install/pal_gripper_simulation:/opt/erc_ws/install/pal_gripper:/opt/erc_ws/install/pal_gripper_description:/opt/erc_ws/install/omni_base_robot:/opt/erc_ws/install/omni_base_bringup:/opt/erc_ws/install/omni_base_description:/opt/erc_ws/install/pal_urdf_utils:/opt/erc_ws/install/pal_sea_arm_controller_configuration:/opt/erc_ws/install/pal_pro_gripper_controller_configuration:/opt/erc_ws/install/pal_gripper_controller_configuration:/opt/erc_ws/install/omni_base_controller_configuration:/opt/erc_ws/install/gz_ros2_control:/opt/erc_ws/install/erc_solution:/opt/erc_ws/install/erc_description:/opt/ros/humble CMAKE_PREFIX_PATH=/opt/erc_ws/install/tiago_pro_description:/opt/erc_ws/install/pal_sea_arm_description:/opt/erc_ws/install/tiago_pro_head_description:/opt/erc_ws/install/pal_sea_arm_controller_configuration:/opt/erc_ws/install/tiago_pro_head_controller_configuration:/opt/erc_ws/install/pal_pro_gripper_description:/opt/erc_ws/install/pal_pro_gripper_controller_configuration:/opt/erc_ws/install/omni_base_description:/opt/erc_ws/install/pal_urdf_utils:/opt/erc_ws/install/tiago_pro_robot:/opt/erc_ws/install/tiago_pro_head_robot:/opt/erc_ws/install/tiago_pro_bringup:/opt/erc_ws/install/tiago_pro_head_bringup:/opt/erc_ws/install/erc_bringup:/opt/erc_ws/install/tiago_pro_controller_configuration:/opt/erc_ws/install/pal_sea_arm:/opt/erc_ws/install/pal_sea_arm_bringup:/opt/erc_ws/install/pal_pro_gripper_simulation:/opt/erc_ws/install/pal_pro_gripper_bringup:/opt/erc_ws/install/pal_pro_gripper:/opt/erc_ws/install/pal_gripper_simulation:/opt/erc_ws/install/pal_gripper:/opt/erc_ws/install/pal_gripper_description:/opt/erc_ws/install/omni_base_robot:/opt/erc_ws/install/omni_base_bringup:/opt/erc_ws/install/pal_gripper_controller_configuration:/opt/erc_ws/install/omni_base_controller_configuration:/opt/erc_ws/install/gz_ros2_control:/opt/erc_ws/install/erc_description:/opt/erc_ws/install/sensors:/opt/erc_ws/install/pal_pro_gripper_wrapper:/opt/erc_ws/install/launch_pal:/opt/erc_ws/install/erc_solution:/opt/ros/humble PYTHONPATH=/opt/erc_ws/build/pal_pro_gripper_wrapper:/opt/erc_ws/install/pal_pro_gripper_wrapper/lib/python3.10/site-packages:/opt/erc_ws/build/launch_pal:/opt/erc_ws/install/launch_pal/lib/python3.10/site-packages:/opt/erc_ws/install/tiago_pro_description/local/lib/python3.10/dist-packages:/opt/erc_ws/install/tiago_pro_head_description/local/lib/python3.10/dist-packages:/opt/erc_ws/build/sensors:/opt/erc_ws/install/sensors/lib/python3.10/site-packages:/opt/erc_ws/install/pal_sea_arm_description/local/lib/python3.10/dist-packages:/opt/erc_ws/install/pal_pro_gripper_description/local/lib/python3.10/dist-packages:/opt/erc_ws/install/omni_base_description/local/lib/python3.10/dist-packages:/opt/erc_ws/build/erc_solution:/opt/erc_ws/install/erc_solution/lib/python3.10/site-packages:/opt/ros/humble/lib/python3.10/site-packages:/opt/ros/humble/local/lib/python3.10/dist-packages /usr/bin/cmake --build /opt/erc_ws/build/erc_bringup -- -j16 -l16
[5.174s] DEBUG:colcon.colcon_core.event_handler.log_command:Invoking command in '/opt/erc_ws/build/erc_bringup': AMENT_PREFIX_PATH=/opt/erc_ws/install/pal_pro_gripper_wrapper:/opt/erc_ws/install/launch_pal:/opt/erc_ws/install/tiago_pro_robot:/opt/erc_ws/install/tiago_pro_head_robot:/opt/erc_ws/install/tiago_pro_bringup:/opt/erc_ws/install/tiago_pro_head_bringup:/opt/erc_ws/install/erc_bringup:/opt/erc_ws/install/tiago_pro_description:/opt/erc_ws/install/tiago_pro_head_description:/opt/erc_ws/install/tiago_pro_controller_configuration:/opt/erc_ws/install/tiago_pro_head_controller_configuration:/opt/erc_ws/install/sensors:/opt/erc_ws/install/pal_sea_arm:/opt/erc_ws/install/pal_sea_arm_bringup:/opt/erc_ws/install/pal_sea_arm_description:/opt/erc_ws/install/pal_pro_gripper_simulation:/opt/erc_ws/install/pal_pro_gripper_bringup:/opt/erc_ws/install/pal_pro_gripper:/opt/erc_ws/install/pal_pro_gripper_description:/opt/erc_ws/install/pal_gripper_simulation:/opt/erc_ws/install/pal_gripper:/opt/erc_ws/install/pal_gripper_description:/opt/erc_ws/install/omni_base_robot:/opt/erc_ws/install/omni_base_bringup:/opt/erc_ws/install/omni_base_description:/opt/erc_ws/install/pal_urdf_utils:/opt/erc_ws/install/pal_sea_arm_controller_configuration:/opt/erc_ws/install/pal_pro_gripper_controller_configuration:/opt/erc_ws/install/pal_gripper_controller_configuration:/opt/erc_ws/install/omni_base_controller_configuration:/opt/erc_ws/install/gz_ros2_control:/opt/erc_ws/install/erc_solution:/opt/erc_ws/install/erc_description:/opt/ros/humble CMAKE_PREFIX_PATH=/opt/erc_ws/install/tiago_pro_description:/opt/erc_ws/install/pal_sea_arm_description:/opt/erc_ws/install/tiago_pro_head_description:/opt/erc_ws/install/pal_sea_arm_controller_configuration:/opt/erc_ws/install/tiago_pro_head_controller_configuration:/opt/erc_ws/install/pal_pro_gripper_description:/opt/erc_ws/install/pal_pro_gripper_controller_configuration:/opt/erc_ws/install/omni_base_description:/opt/erc_ws/install/pal_urdf_utils:/opt/erc_ws/install/tiago_pro_robot:/opt/erc_ws/install/tiago_pro_head_robot:/opt/erc_ws/install/tiago_pro_bringup:/opt/erc_ws/install/tiago_pro_head_bringup:/opt/erc_ws/install/erc_bringup:/opt/erc_ws/install/tiago_pro_controller_configuration:/opt/erc_ws/install/pal_sea_arm:/opt/erc_ws/install/pal_sea_arm_bringup:/opt/erc_ws/install/pal_pro_gripper_simulation:/opt/erc_ws/install/pal_pro_gripper_bringup:/opt/erc_ws/install/pal_pro_gripper:/opt/erc_ws/install/pal_gripper_simulation:/opt/erc_ws/install/pal_gripper:/opt/erc_ws/install/pal_gripper_description:/opt/erc_ws/install/omni_base_robot:/opt/erc_ws/install/omni_base_bringup:/opt/erc_ws/install/pal_gripper_controller_configuration:/opt/erc_ws/install/omni_base_controller_configuration:/opt/erc_ws/install/gz_ros2_control:/opt/erc_ws/install/erc_description:/opt/erc_ws/install/sensors:/opt/erc_ws/install/pal_pro_gripper_wrapper:/opt/erc_ws/install/launch_pal:/opt/erc_ws/install/erc_solution:/opt/ros/humble PYTHONPATH=/opt/erc_ws/build/pal_pro_gripper_wrapper:/opt/erc_ws/install/pal_pro_gripper_wrapper/lib/python3.10/site-packages:/opt/erc_ws/build/launch_pal:/opt/erc_ws/install/launch_pal/lib/python3.10/site-packages:/opt/erc_ws/install/tiago_pro_description/local/lib/python3.10/dist-packages:/opt/erc_ws/install/tiago_pro_head_description/local/lib/python3.10/dist-packages:/opt/erc_ws/build/sensors:/opt/erc_ws/install/sensors/lib/python3.10/site-packages:/opt/erc_ws/install/pal_sea_arm_description/local/lib/python3.10/dist-packages:/opt/erc_ws/install/pal_pro_gripper_description/local/lib/python3.10/dist-packages:/opt/erc_ws/install/omni_base_description/local/lib/python3.10/dist-packages:/opt/erc_ws/build/erc_solution:/opt/erc_ws/install/erc_solution/lib/python3.10/site-packages:/opt/ros/humble/lib/python3.10/site-packages:/opt/ros/humble/local/lib/python3.10/dist-packages /usr/bin/cmake --install /opt/erc_ws/build/erc_bringup
[5.179s] DEBUG:colcon.colcon_core.event_handler.log_command:Invoked command in '/opt/erc_ws/build/tiago_pro_robot' returned '0': AMENT_PREFIX_PATH=/opt/erc_ws/install/pal_pro_gripper_wrapper:/opt/erc_ws/install/launch_pal:/opt/erc_ws/install/tiago_pro_robot:/opt/erc_ws/install/tiago_pro_head_robot:/opt/erc_ws/install/tiago_pro_bringup:/opt/erc_ws/install/tiago_pro_head_bringup:/opt/erc_ws/install/erc_bringup:/opt/erc_ws/install/tiago_pro_description:/opt/erc_ws/install/tiago_pro_head_description:/opt/erc_ws/install/tiago_pro_controller_configuration:/opt/erc_ws/install/tiago_pro_head_controller_configuration:/opt/erc_ws/install/sensors:/opt/erc_ws/install/pal_sea_arm:/opt/erc_ws/install/pal_sea_arm_bringup:/opt/erc_ws/install/pal_sea_arm_description:/opt/erc_ws/install/pal_pro_gripper_simulation:/opt/erc_ws/install/pal_pro_gripper_bringup:/opt/erc_ws/install/pal_pro_gripper:/opt/erc_ws/install/pal_pro_gripper_description:/opt/erc_ws/install/pal_gripper_simulation:/opt/erc_ws/install/pal_gripper:/opt/erc_ws/install/pal_gripper_description:/opt/erc_ws/install/omni_base_robot:/opt/erc_ws/install/omni_base_bringup:/opt/erc_ws/install/omni_base_description:/opt/erc_ws/install/pal_urdf_utils:/opt/erc_ws/install/pal_sea_arm_controller_configuration:/opt/erc_ws/install/pal_pro_gripper_controller_configuration:/opt/erc_ws/install/pal_gripper_controller_configuration:/opt/erc_ws/install/omni_base_controller_configuration:/opt/erc_ws/install/gz_ros2_control:/opt/erc_ws/install/erc_solution:/opt/erc_ws/install/erc_description:/opt/ros/humble CMAKE_PREFIX_PATH=/opt/erc_ws/install/tiago_pro_description:/opt/erc_ws/install/tiago_pro_bringup:/opt/erc_ws/install/tiago_pro_head_bringup:/opt/erc_ws/install/tiago_pro_controller_configuration:/opt/erc_ws/install/pal_sea_arm_description:/opt/erc_ws/install/tiago_pro_head_description:/opt/erc_ws/install/pal_sea_arm_controller_configuration:/opt/erc_ws/install/tiago_pro_head_controller_configuration:/opt/erc_ws/install/pal_pro_gripper_description:/opt/erc_ws/install/pal_pro_gripper_controller_configuration:/opt/erc_ws/install/omni_base_description:/opt/erc_ws/install/pal_urdf_utils:/opt/erc_ws/install/omni_base_controller_configuration:/opt/erc_ws/install/tiago_pro_robot:/opt/erc_ws/install/tiago_pro_head_robot:/opt/erc_ws/install/erc_bringup:/opt/erc_ws/install/pal_sea_arm:/opt/erc_ws/install/pal_sea_arm_bringup:/opt/erc_ws/install/pal_pro_gripper_simulation:/opt/erc_ws/install/pal_pro_gripper_bringup:/opt/erc_ws/install/pal_pro_gripper:/opt/erc_ws/install/pal_gripper_simulation:/opt/erc_ws/install/pal_gripper:/opt/erc_ws/install/pal_gripper_description:/opt/erc_ws/install/omni_base_robot:/opt/erc_ws/install/omni_base_bringup:/opt/erc_ws/install/pal_gripper_controller_configuration:/opt/erc_ws/install/gz_ros2_control:/opt/erc_ws/install/erc_description:/opt/erc_ws/install/sensors:/opt/erc_ws/install/pal_pro_gripper_wrapper:/opt/erc_ws/install/launch_pal:/opt/erc_ws/install/erc_solution:/opt/ros/humble PYTHONPATH=/opt/erc_ws/build/pal_pro_gripper_wrapper:/opt/erc_ws/install/pal_pro_gripper_wrapper/lib/python3.10/site-packages:/opt/erc_ws/build/launch_pal:/opt/erc_ws/install/launch_pal/lib/python3.10/site-packages:/opt/erc_ws/install/tiago_pro_description/local/lib/python3.10/dist-packages:/opt/erc_ws/install/tiago_pro_head_description/local/lib/python3.10/dist-packages:/opt/erc_ws/build/sensors:/opt/erc_ws/install/sensors/lib/python3.10/site-packages:/opt/erc_ws/install/pal_sea_arm_description/local/lib/python3.10/dist-packages:/opt/erc_ws/install/pal_pro_gripper_description/local/lib/python3.10/dist-packages:/opt/erc_ws/install/omni_base_description/local/lib/python3.10/dist-packages:/opt/erc_ws/build/erc_solution:/opt/erc_ws/install/erc_solution/lib/python3.10/site-packages:/opt/ros/humble/lib/python3.10/site-packages:/opt/ros/humble/local/lib/python3.10/dist-packages /usr/bin/cmake --build /opt/erc_ws/build/tiago_pro_robot -- -j16 -l16
[5.179s] DEBUG:colcon.colcon_core.event_handler.log_command:Invoking command in '/opt/erc_ws/build/tiago_pro_robot': AMENT_PREFIX_PATH=/opt/erc_ws/install/pal_pro_gripper_wrapper:/opt/erc_ws/install/launch_pal:/opt/erc_ws/install/tiago_pro_robot:/opt/erc_ws/install/tiago_pro_head_robot:/opt/erc_ws/install/tiago_pro_bringup:/opt/erc_ws/install/tiago_pro_head_bringup:/opt/erc_ws/install/erc_bringup:/opt/erc_ws/install/tiago_pro_description:/opt/erc_ws/install/tiago_pro_head_description:/opt/erc_ws/install/tiago_pro_controller_configuration:/opt/erc_ws/install/tiago_pro_head_controller_configuration:/opt/erc_ws/install/sensors:/opt/erc_ws/install/pal_sea_arm:/opt/erc_ws/install/pal_sea_arm_bringup:/opt/erc_ws/install/pal_sea_arm_description:/opt/erc_ws/install/pal_pro_gripper_simulation:/opt/erc_ws/install/pal_pro_gripper_bringup:/opt/erc_ws/install/pal_pro_gripper:/opt/erc_ws/install/pal_pro_gripper_description:/opt/erc_ws/install/pal_gripper_simulation:/opt/erc_ws/install/pal_gripper:/opt/erc_ws/install/pal_gripper_description:/opt/erc_ws/install/omni_base_robot:/opt/erc_ws/install/omni_base_bringup:/opt/erc_ws/install/omni_base_description:/opt/erc_ws/install/pal_urdf_utils:/opt/erc_ws/install/pal_sea_arm_controller_configuration:/opt/erc_ws/install/pal_pro_gripper_controller_configuration:/opt/erc_ws/install/pal_gripper_controller_configuration:/opt/erc_ws/install/omni_base_controller_configuration:/opt/erc_ws/install/gz_ros2_control:/opt/erc_ws/install/erc_solution:/opt/erc_ws/install/erc_description:/opt/ros/humble CMAKE_PREFIX_PATH=/opt/erc_ws/install/tiago_pro_description:/opt/erc_ws/install/tiago_pro_bringup:/opt/erc_ws/install/tiago_pro_head_bringup:/opt/erc_ws/install/tiago_pro_controller_configuration:/opt/erc_ws/install/pal_sea_arm_description:/opt/erc_ws/install/tiago_pro_head_description:/opt/erc_ws/install/pal_sea_arm_controller_configuration:/opt/erc_ws/install/tiago_pro_head_controller_configuration:/opt/erc_ws/install/pal_pro_gripper_description:/opt/erc_ws/install/pal_pro_gripper_controller_configuration:/opt/erc_ws/install/omni_base_description:/opt/erc_ws/install/pal_urdf_utils:/opt/erc_ws/install/omni_base_controller_configuration:/opt/erc_ws/install/tiago_pro_robot:/opt/erc_ws/install/tiago_pro_head_robot:/opt/erc_ws/install/erc_bringup:/opt/erc_ws/install/pal_sea_arm:/opt/erc_ws/install/pal_sea_arm_bringup:/opt/erc_ws/install/pal_pro_gripper_simulation:/opt/erc_ws/install/pal_pro_gripper_bringup:/opt/erc_ws/install/pal_pro_gripper:/opt/erc_ws/install/pal_gripper_simulation:/opt/erc_ws/install/pal_gripper:/opt/erc_ws/install/pal_gripper_description:/opt/erc_ws/install/omni_base_robot:/opt/erc_ws/install/omni_base_bringup:/opt/erc_ws/install/pal_gripper_controller_configuration:/opt/erc_ws/install/gz_ros2_control:/opt/erc_ws/install/erc_description:/opt/erc_ws/install/sensors:/opt/erc_ws/install/pal_pro_gripper_wrapper:/opt/erc_ws/install/launch_pal:/opt/erc_ws/install/erc_solution:/opt/ros/humble PYTHONPATH=/opt/erc_ws/build/pal_pro_gripper_wrapper:/opt/erc_ws/install/pal_pro_gripper_wrapper/lib/python3.10/site-packages:/opt/erc_ws/build/launch_pal:/opt/erc_ws/install/launch_pal/lib/python3.10/site-packages:/opt/erc_ws/install/tiago_pro_description/local/lib/python3.10/dist-packages:/opt/erc_ws/install/tiago_pro_head_description/local/lib/python3.10/dist-packages:/opt/erc_ws/build/sensors:/opt/erc_ws/install/sensors/lib/python3.10/site-packages:/opt/erc_ws/install/pal_sea_arm_description/local/lib/python3.10/dist-packages:/opt/erc_ws/install/pal_pro_gripper_description/local/lib/python3.10/dist-packages:/opt/erc_ws/install/omni_base_description/local/lib/python3.10/dist-packages:/opt/erc_ws/build/erc_solution:/opt/erc_ws/install/erc_solution/lib/python3.10/site-packages:/opt/ros/humble/lib/python3.10/site-packages:/opt/ros/humble/local/lib/python3.10/dist-packages /usr/bin/cmake --install /opt/erc_ws/build/tiago_pro_robot
[5.201s] Level 1:colcon.colcon_core.environment:create_environment_scripts_only(erc_bringup)
[5.201s] Level 1:colcon.colcon_core.environment:checking '/opt/erc_ws/install/erc_bringup' for CMake module files
[5.202s] DEBUG:colcon.colcon_core.event_handler.log_command:Invoked command in '/opt/erc_ws/build/erc_bringup' returned '0': AMENT_PREFIX_PATH=/opt/erc_ws/install/pal_pro_gripper_wrapper:/opt/erc_ws/install/launch_pal:/opt/erc_ws/install/tiago_pro_robot:/opt/erc_ws/install/tiago_pro_head_robot:/opt/erc_ws/install/tiago_pro_bringup:/opt/erc_ws/install/tiago_pro_head_bringup:/opt/erc_ws/install/erc_bringup:/opt/erc_ws/install/tiago_pro_description:/opt/erc_ws/install/tiago_pro_head_description:/opt/erc_ws/install/tiago_pro_controller_configuration:/opt/erc_ws/install/tiago_pro_head_controller_configuration:/opt/erc_ws/install/sensors:/opt/erc_ws/install/pal_sea_arm:/opt/erc_ws/install/pal_sea_arm_bringup:/opt/erc_ws/install/pal_sea_arm_description:/opt/erc_ws/install/pal_pro_gripper_simulation:/opt/erc_ws/install/pal_pro_gripper_bringup:/opt/erc_ws/install/pal_pro_gripper:/opt/erc_ws/install/pal_pro_gripper_description:/opt/erc_ws/install/pal_gripper_simulation:/opt/erc_ws/install/pal_gripper:/opt/erc_ws/install/pal_gripper_description:/opt/erc_ws/install/omni_base_robot:/opt/erc_ws/install/omni_base_bringup:/opt/erc_ws/install/omni_base_description:/opt/erc_ws/install/pal_urdf_utils:/opt/erc_ws/install/pal_sea_arm_controller_configuration:/opt/erc_ws/install/pal_pro_gripper_controller_configuration:/opt/erc_ws/install/pal_gripper_controller_configuration:/opt/erc_ws/install/omni_base_controller_configuration:/opt/erc_ws/install/gz_ros2_control:/opt/erc_ws/install/erc_solution:/opt/erc_ws/install/erc_description:/opt/ros/humble CMAKE_PREFIX_PATH=/opt/erc_ws/install/tiago_pro_description:/opt/erc_ws/install/pal_sea_arm_description:/opt/erc_ws/install/tiago_pro_head_description:/opt/erc_ws/install/pal_sea_arm_controller_configuration:/opt/erc_ws/install/tiago_pro_head_controller_configuration:/opt/erc_ws/install/pal_pro_gripper_description:/opt/erc_ws/install/pal_pro_gripper_controller_configuration:/opt/erc_ws/install/omni_base_description:/opt/erc_ws/install/pal_urdf_utils:/opt/erc_ws/install/tiago_pro_robot:/opt/erc_ws/install/tiago_pro_head_robot:/opt/erc_ws/install/tiago_pro_bringup:/opt/erc_ws/install/tiago_pro_head_bringup:/opt/erc_ws/install/erc_bringup:/opt/erc_ws/install/tiago_pro_controller_configuration:/opt/erc_ws/install/pal_sea_arm:/opt/erc_ws/install/pal_sea_arm_bringup:/opt/erc_ws/install/pal_pro_gripper_simulation:/opt/erc_ws/install/pal_pro_gripper_bringup:/opt/erc_ws/install/pal_pro_gripper:/opt/erc_ws/install/pal_gripper_simulation:/opt/erc_ws/install/pal_gripper:/opt/erc_ws/install/pal_gripper_description:/opt/erc_ws/install/omni_base_robot:/opt/erc_ws/install/omni_base_bringup:/opt/erc_ws/install/pal_gripper_controller_configuration:/opt/erc_ws/install/omni_base_controller_configuration:/opt/erc_ws/install/gz_ros2_control:/opt/erc_ws/install/erc_description:/opt/erc_ws/install/sensors:/opt/erc_ws/install/pal_pro_gripper_wrapper:/opt/erc_ws/install/launch_pal:/opt/erc_ws/install/erc_solution:/opt/ros/humble PYTHONPATH=/opt/erc_ws/build/pal_pro_gripper_wrapper:/opt/erc_ws/install/pal_pro_gripper_wrapper/lib/python3.10/site-packages:/opt/erc_ws/build/launch_pal:/opt/erc_ws/install/launch_pal/lib/python3.10/site-packages:/opt/erc_ws/install/tiago_pro_description/local/lib/python3.10/dist-packages:/opt/erc_ws/install/tiago_pro_head_description/local/lib/python3.10/dist-packages:/opt/erc_ws/build/sensors:/opt/erc_ws/install/sensors/lib/python3.10/site-packages:/opt/erc_ws/install/pal_sea_arm_description/local/lib/python3.10/dist-packages:/opt/erc_ws/install/pal_pro_gripper_description/local/lib/python3.10/dist-packages:/opt/erc_ws/install/omni_base_description/local/lib/python3.10/dist-packages:/opt/erc_ws/build/erc_solution:/opt/erc_ws/install/erc_solution/lib/python3.10/site-packages:/opt/ros/humble/lib/python3.10/site-packages:/opt/ros/humble/local/lib/python3.10/dist-packages /usr/bin/cmake --install /opt/erc_ws/build/erc_bringup
[5.202s] Level 1:colcon.colcon_core.environment:checking '/opt/erc_ws/install/erc_bringup' for CMake config files
[5.203s] Level 1:colcon.colcon_core.shell:create_environment_hook('erc_bringup', 'cmake_prefix_path')
[5.204s] INFO:colcon.colcon_core.shell:Creating environment hook '/opt/erc_ws/install/erc_bringup/share/erc_bringup/hook/cmake_prefix_path.ps1'
[5.205s] INFO:colcon.colcon_core.shell:Creating environment descriptor '/opt/erc_ws/install/erc_bringup/share/erc_bringup/hook/cmake_prefix_path.dsv'
[5.206s] INFO:colcon.colcon_core.shell:Creating environment hook '/opt/erc_ws/install/erc_bringup/share/erc_bringup/hook/cmake_prefix_path.sh'
[5.207s] Level 1:colcon.colcon_core.environment:checking '/opt/erc_ws/install/erc_bringup/lib'
[5.207s] Level 1:colcon.colcon_core.environment:checking '/opt/erc_ws/install/erc_bringup/bin'
[5.207s] Level 1:colcon.colcon_core.environment:checking '/opt/erc_ws/install/erc_bringup/lib/pkgconfig/erc_bringup.pc'
[5.207s] Level 1:colcon.colcon_core.environment:checking '/opt/erc_ws/install/erc_bringup/lib/python3.10/site-packages'
[5.208s] Level 1:colcon.colcon_core.environment:checking '/opt/erc_ws/install/erc_bringup/bin'
[5.208s] INFO:colcon.colcon_core.shell:Creating package script '/opt/erc_ws/install/erc_bringup/share/erc_bringup/package.ps1'
[5.208s] INFO:colcon.colcon_core.shell:Creating package descriptor '/opt/erc_ws/install/erc_bringup/share/erc_bringup/package.dsv'
[5.209s] INFO:colcon.colcon_core.shell:Creating package script '/opt/erc_ws/install/erc_bringup/share/erc_bringup/package.sh'
[5.210s] INFO:colcon.colcon_core.shell:Creating package script '/opt/erc_ws/install/erc_bringup/share/erc_bringup/package.bash'
[5.210s] INFO:colcon.colcon_core.shell:Creating package script '/opt/erc_ws/install/erc_bringup/share/erc_bringup/package.zsh'
[5.210s] Level 1:colcon.colcon_core.environment:create_file_with_runtime_dependencies(/opt/erc_ws/install/erc_bringup/share/colcon-core/packages/erc_bringup)
[5.211s] Level 1:colcon.colcon_core.environment:create_environment_scripts_only(erc_bringup)
[5.211s] Level 1:colcon.colcon_core.environment:checking '/opt/erc_ws/install/erc_bringup' for CMake module files
[5.212s] Level 1:colcon.colcon_core.environment:checking '/opt/erc_ws/install/erc_bringup' for CMake config files
[5.212s] Level 1:colcon.colcon_core.shell:create_environment_hook('erc_bringup', 'cmake_prefix_path')
[5.212s] INFO:colcon.colcon_core.shell:Creating environment hook '/opt/erc_ws/install/erc_bringup/share/erc_bringup/hook/cmake_prefix_path.ps1'
[5.213s] INFO:colcon.colcon_core.shell:Creating environment descriptor '/opt/erc_ws/install/erc_bringup/share/erc_bringup/hook/cmake_prefix_path.dsv'
[5.213s] INFO:colcon.colcon_core.shell:Creating environment hook '/opt/erc_ws/install/erc_bringup/share/erc_bringup/hook/cmake_prefix_path.sh'
[5.214s] Level 1:colcon.colcon_core.environment:checking '/opt/erc_ws/install/erc_bringup/lib'
[5.214s] Level 1:colcon.colcon_core.environment:checking '/opt/erc_ws/install/erc_bringup/bin'
[5.215s] Level 1:colcon.colcon_core.environment:checking '/opt/erc_ws/install/erc_bringup/lib/pkgconfig/erc_bringup.pc'
[5.215s] Level 1:colcon.colcon_core.environment:checking '/opt/erc_ws/install/erc_bringup/lib/python3.10/site-packages'
[5.215s] Level 1:colcon.colcon_core.environment:checking '/opt/erc_ws/install/erc_bringup/bin'
[5.215s] INFO:colcon.colcon_core.shell:Creating package script '/opt/erc_ws/install/erc_bringup/share/erc_bringup/package.ps1'
[5.216s] INFO:colcon.colcon_core.shell:Creating package descriptor '/opt/erc_ws/install/erc_bringup/share/erc_bringup/package.dsv'
[5.216s] INFO:colcon.colcon_core.shell:Creating package script '/opt/erc_ws/install/erc_bringup/share/erc_bringup/package.sh'
[5.217s] INFO:colcon.colcon_core.shell:Creating package script '/opt/erc_ws/install/erc_bringup/share/erc_bringup/package.bash'
[5.217s] INFO:colcon.colcon_core.shell:Creating package script '/opt/erc_ws/install/erc_bringup/share/erc_bringup/package.zsh'
[5.218s] Level 1:colcon.colcon_core.environment:create_file_with_runtime_dependencies(/opt/erc_ws/install/erc_bringup/share/colcon-core/packages/erc_bringup)
[5.220s] Level 1:colcon.colcon_core.environment:create_environment_scripts_only(tiago_pro_robot)
[5.221s] Level 1:colcon.colcon_core.environment:checking '/opt/erc_ws/install/tiago_pro_robot' for CMake module files
[5.221s] DEBUG:colcon.colcon_core.event_handler.log_command:Invoked command in '/opt/erc_ws/build/tiago_pro_robot' returned '0': AMENT_PREFIX_PATH=/opt/erc_ws/install/pal_pro_gripper_wrapper:/opt/erc_ws/install/launch_pal:/opt/erc_ws/install/tiago_pro_robot:/opt/erc_ws/install/tiago_pro_head_robot:/opt/erc_ws/install/tiago_pro_bringup:/opt/erc_ws/install/tiago_pro_head_bringup:/opt/erc_ws/install/erc_bringup:/opt/erc_ws/install/tiago_pro_description:/opt/erc_ws/install/tiago_pro_head_description:/opt/erc_ws/install/tiago_pro_controller_configuration:/opt/erc_ws/install/tiago_pro_head_controller_configuration:/opt/erc_ws/install/sensors:/opt/erc_ws/install/pal_sea_arm:/opt/erc_ws/install/pal_sea_arm_bringup:/opt/erc_ws/install/pal_sea_arm_description:/opt/erc_ws/install/pal_pro_gripper_simulation:/opt/erc_ws/install/pal_pro_gripper_bringup:/opt/erc_ws/install/pal_pro_gripper:/opt/erc_ws/install/pal_pro_gripper_description:/opt/erc_ws/install/pal_gripper_simulation:/opt/erc_ws/install/pal_gripper:/opt/erc_ws/install/pal_gripper_description:/opt/erc_ws/install/omni_base_robot:/opt/erc_ws/install/omni_base_bringup:/opt/erc_ws/install/omni_base_description:/opt/erc_ws/install/pal_urdf_utils:/opt/erc_ws/install/pal_sea_arm_controller_configuration:/opt/erc_ws/install/pal_pro_gripper_controller_configuration:/opt/erc_ws/install/pal_gripper_controller_configuration:/opt/erc_ws/install/omni_base_controller_configuration:/opt/erc_ws/install/gz_ros2_control:/opt/erc_ws/install/erc_solution:/opt/erc_ws/install/erc_description:/opt/ros/humble CMAKE_PREFIX_PATH=/opt/erc_ws/install/tiago_pro_description:/opt/erc_ws/install/tiago_pro_bringup:/opt/erc_ws/install/tiago_pro_head_bringup:/opt/erc_ws/install/tiago_pro_controller_configuration:/opt/erc_ws/install/pal_sea_arm_description:/opt/erc_ws/install/tiago_pro_head_description:/opt/erc_ws/install/pal_sea_arm_controller_configuration:/opt/erc_ws/install/tiago_pro_head_controller_configuration:/opt/erc_ws/install/pal_pro_gripper_description:/opt/erc_ws/install/pal_pro_gripper_controller_configuration:/opt/erc_ws/install/omni_base_description:/opt/erc_ws/install/pal_urdf_utils:/opt/erc_ws/install/omni_base_controller_configuration:/opt/erc_ws/install/tiago_pro_robot:/opt/erc_ws/install/tiago_pro_head_robot:/opt/erc_ws/install/erc_bringup:/opt/erc_ws/install/pal_sea_arm:/opt/erc_ws/install/pal_sea_arm_bringup:/opt/erc_ws/install/pal_pro_gripper_simulation:/opt/erc_ws/install/pal_pro_gripper_bringup:/opt/erc_ws/install/pal_pro_gripper:/opt/erc_ws/install/pal_gripper_simulation:/opt/erc_ws/install/pal_gripper:/opt/erc_ws/install/pal_gripper_description:/opt/erc_ws/install/omni_base_robot:/opt/erc_ws/install/omni_base_bringup:/opt/erc_ws/install/pal_gripper_controller_configuration:/opt/erc_ws/install/gz_ros2_control:/opt/erc_ws/install/erc_description:/opt/erc_ws/install/sensors:/opt/erc_ws/install/pal_pro_gripper_wrapper:/opt/erc_ws/install/launch_pal:/opt/erc_ws/install/erc_solution:/opt/ros/humble PYTHONPATH=/opt/erc_ws/build/pal_pro_gripper_wrapper:/opt/erc_ws/install/pal_pro_gripper_wrapper/lib/python3.10/site-packages:/opt/erc_ws/build/launch_pal:/opt/erc_ws/install/launch_pal/lib/python3.10/site-packages:/opt/erc_ws/install/tiago_pro_description/local/lib/python3.10/dist-packages:/opt/erc_ws/install/tiago_pro_head_description/local/lib/python3.10/dist-packages:/opt/erc_ws/build/sensors:/opt/erc_ws/install/sensors/lib/python3.10/site-packages:/opt/erc_ws/install/pal_sea_arm_description/local/lib/python3.10/dist-packages:/opt/erc_ws/install/pal_pro_gripper_description/local/lib/python3.10/dist-packages:/opt/erc_ws/install/omni_base_description/local/lib/python3.10/dist-packages:/opt/erc_ws/build/erc_solution:/opt/erc_ws/install/erc_solution/lib/python3.10/site-packages:/opt/ros/humble/lib/python3.10/site-packages:/opt/ros/humble/local/lib/python3.10/dist-packages /usr/bin/cmake --install /opt/erc_ws/build/tiago_pro_robot
[5.222s] Level 1:colcon.colcon_core.environment:checking '/opt/erc_ws/install/tiago_pro_robot' for CMake config files
[5.222s] Level 1:colcon.colcon_core.shell:create_environment_hook('tiago_pro_robot', 'cmake_prefix_path')
[5.223s] INFO:colcon.colcon_core.shell:Creating environment hook '/opt/erc_ws/install/tiago_pro_robot/share/tiago_pro_robot/hook/cmake_prefix_path.ps1'
[5.223s] INFO:colcon.colcon_core.shell:Creating environment descriptor '/opt/erc_ws/install/tiago_pro_robot/share/tiago_pro_robot/hook/cmake_prefix_path.dsv'
[5.224s] INFO:colcon.colcon_core.shell:Creating environment hook '/opt/erc_ws/install/tiago_pro_robot/share/tiago_pro_robot/hook/cmake_prefix_path.sh'
[5.224s] Level 1:colcon.colcon_core.environment:checking '/opt/erc_ws/install/tiago_pro_robot/bin'
[5.224s] Level 1:colcon.colcon_core.environment:checking '/opt/erc_ws/install/tiago_pro_robot/lib/pkgconfig/tiago_pro_robot.pc'
[5.224s] Level 1:colcon.colcon_core.environment:checking '/opt/erc_ws/install/tiago_pro_robot/lib/python3.10/site-packages'
[5.225s] Level 1:colcon.colcon_core.environment:checking '/opt/erc_ws/install/tiago_pro_robot/bin'
[5.225s] INFO:colcon.colcon_core.shell:Creating package script '/opt/erc_ws/install/tiago_pro_robot/share/tiago_pro_robot/package.ps1'
[5.226s] INFO:colcon.colcon_core.shell:Creating package descriptor '/opt/erc_ws/install/tiago_pro_robot/share/tiago_pro_robot/package.dsv'
[5.226s] INFO:colcon.colcon_core.shell:Creating package script '/opt/erc_ws/install/tiago_pro_robot/share/tiago_pro_robot/package.sh'
[5.226s] INFO:colcon.colcon_core.shell:Creating package script '/opt/erc_ws/install/tiago_pro_robot/share/tiago_pro_robot/package.bash'
[5.227s] INFO:colcon.colcon_core.shell:Creating package script '/opt/erc_ws/install/tiago_pro_robot/share/tiago_pro_robot/package.zsh'
[5.227s] Level 1:colcon.colcon_core.environment:create_file_with_runtime_dependencies(/opt/erc_ws/install/tiago_pro_robot/share/colcon-core/packages/tiago_pro_robot)
[5.228s] Level 1:colcon.colcon_core.environment:create_environment_scripts_only(tiago_pro_robot)
[5.229s] Level 1:colcon.colcon_core.environment:checking '/opt/erc_ws/install/tiago_pro_robot' for CMake module files
[5.229s] Level 1:colcon.colcon_core.environment:checking '/opt/erc_ws/install/tiago_pro_robot' for CMake config files
[5.229s] Level 1:colcon.colcon_core.shell:create_environment_hook('tiago_pro_robot', 'cmake_prefix_path')
[5.230s] INFO:colcon.colcon_core.shell:Creating environment hook '/opt/erc_ws/install/tiago_pro_robot/share/tiago_pro_robot/hook/cmake_prefix_path.ps1'
[5.230s] INFO:colcon.colcon_core.shell:Creating environment descriptor '/opt/erc_ws/install/tiago_pro_robot/share/tiago_pro_robot/hook/cmake_prefix_path.dsv'
[5.230s] INFO:colcon.colcon_core.shell:Creating environment hook '/opt/erc_ws/install/tiago_pro_robot/share/tiago_pro_robot/hook/cmake_prefix_path.sh'
[5.231s] Level 1:colcon.colcon_core.environment:checking '/opt/erc_ws/install/tiago_pro_robot/bin'
[5.231s] Level 1:colcon.colcon_core.environment:checking '/opt/erc_ws/install/tiago_pro_robot/lib/pkgconfig/tiago_pro_robot.pc'
[5.231s] Level 1:colcon.colcon_core.environment:checking '/opt/erc_ws/install/tiago_pro_robot/lib/python3.10/site-packages'
[5.232s] Level 1:colcon.colcon_core.environment:checking '/opt/erc_ws/install/tiago_pro_robot/bin'
[5.232s] INFO:colcon.colcon_core.shell:Creating package script '/opt/erc_ws/install/tiago_pro_robot/share/tiago_pro_robot/package.ps1'
[5.233s] INFO:colcon.colcon_core.shell:Creating package descriptor '/opt/erc_ws/install/tiago_pro_robot/share/tiago_pro_robot/package.dsv'
[5.233s] INFO:colcon.colcon_core.shell:Creating package script '/opt/erc_ws/install/tiago_pro_robot/share/tiago_pro_robot/package.sh'
[5.233s] INFO:colcon.colcon_core.shell:Creating package script '/opt/erc_ws/install/tiago_pro_robot/share/tiago_pro_robot/package.bash'
[5.234s] INFO:colcon.colcon_core.shell:Creating package script '/opt/erc_ws/install/tiago_pro_robot/share/tiago_pro_robot/package.zsh'
[5.234s] Level 1:colcon.colcon_core.environment:create_file_with_runtime_dependencies(/opt/erc_ws/install/tiago_pro_robot/share/colcon-core/packages/tiago_pro_robot)
[5.234s] DEBUG:colcon.colcon_parallel_executor.executor.parallel:closing loop
[5.235s] DEBUG:colcon.colcon_parallel_executor.executor.parallel:loop closed
[5.235s] DEBUG:colcon.colcon_parallel_executor.executor.parallel:run_until_complete finished with '0'
[5.235s] DEBUG:colcon.colcon_core.event_reactor:joining thread
[5.261s] INFO:colcon.colcon_core.plugin_system:Skipping extension 'colcon_notification.desktop_notification.notify_send': Could not find 'notify-send'
[5.261s] INFO:colcon.colcon_core.plugin_system:Skipping extension 'colcon_notification.desktop_notification.terminal_notifier': Not used on non-Darwin systems
[5.261s] INFO:colcon.colcon_core.plugin_system:Skipping extension 'colcon_notification.desktop_notification.win32': Not used on non-Windows systems
[5.261s] INFO:colcon.colcon_notification.desktop_notification:Sending desktop notification using 'notify2'
[5.268s] DEBUG:colcon.colcon_notification.desktop_notification.notify2:Failed to initialize notify2: org.freedesktop.DBus.Error.Spawn.ExecFailed: /usr/bin/dbus-launch terminated abnormally without any error message
[5.268s] DEBUG:colcon.colcon_core.event_reactor:joined thread
[5.269s] INFO:colcon.colcon_core.shell:Creating prefix script '/opt/erc_ws/install/local_setup.ps1'
[5.270s] INFO:colcon.colcon_core.shell:Creating prefix util module '/opt/erc_ws/install/_local_setup_util_ps1.py'
[5.272s] INFO:colcon.colcon_core.shell:Creating prefix chain script '/opt/erc_ws/install/setup.ps1'
[5.274s] INFO:colcon.colcon_core.shell:Creating prefix script '/opt/erc_ws/install/local_setup.sh'
[5.275s] INFO:colcon.colcon_core.shell:Creating prefix util module '/opt/erc_ws/install/_local_setup_util_sh.py'
[5.276s] INFO:colcon.colcon_core.shell:Creating prefix chain script '/opt/erc_ws/install/setup.sh'
[5.278s] INFO:colcon.colcon_core.shell:Creating prefix script '/opt/erc_ws/install/local_setup.bash'
[5.278s] INFO:colcon.colcon_core.shell:Creating prefix chain script '/opt/erc_ws/install/setup.bash'
[5.280s] INFO:colcon.colcon_core.shell:Creating prefix script '/opt/erc_ws/install/local_setup.zsh'
[5.281s] INFO:colcon.colcon_core.shell:Creating prefix chain script '/opt/erc_ws/install/setup.zsh'
