[0.098s] DEBUG:colcon:Command line arguments: ['/usr/bin/colcon', 'build']
[0.098s] DEBUG:colcon:Parsed command line arguments: Namespace(log_base=None, log_level=None, verb_name='build', build_base='build', install_base='install', merge_install=False, symlink_install=False, test_result_base=None, continue_on_error=False, executor='parallel', parallel_workers=16, event_handlers=None, ignore_user_meta=False, metas=['./colcon.meta'], base_paths=['.'], packages_ignore=None, packages_ignore_regex=None, paths=None, packages_up_to=None, packages_up_to_regex=None, packages_above=None, packages_above_and_dependencies=None, packages_above_depth=None, packages_select_by_dep=None, packages_skip_by_dep=None, packages_skip_up_to=None, packages_select_build_failed=False, packages_skip_build_finished=False, packages_select_test_failures=False, packages_skip_test_passed=False, packages_select=None, packages_skip=None, packages_select_regex=None, packages_skip_regex=None, packages_start=None, packages_end=None, cmake_args=None, cmake_target=None, cmake_target_skip_unavailable=False, cmake_clean_cache=False, cmake_clean_first=False, cmake_force_configure=False, ament_cmake_args=None, catkin_cmake_args=None, catkin_skip_building_tests=False, mixin_files=None, mixin=None, verb_parser=<colcon_mixin.mixin.mixin_argument.MixinArgumentDecorator object at 0x7c1379ff4bb0>, verb_extension=<colcon_core.verb.build.BuildVerb object at 0x7c137a101cf0>, main=<bound method BuildVerb.main of <colcon_core.verb.build.BuildVerb object at 0x7c137a101cf0>>, mixin_verb=('build',))
[0.217s] Level 1:colcon.colcon_core.package_discovery:discover_packages(colcon_meta) check parameters
[0.218s] INFO:colcon.colcon_metadata.package_discovery.colcon_meta:Using configuration from '/root/.colcon/metadata/default/Gazebo.meta'
[0.219s] INFO:colcon.colcon_metadata.package_discovery.colcon_meta:Using configuration from '/root/.colcon/metadata/default/fastdds.meta'
[0.219s] INFO:colcon.colcon_metadata.package_discovery.colcon_meta:Using configuration from '/root/.colcon/metadata/default/fastrtps.meta'
[0.219s] Level 1:colcon.colcon_core.package_discovery:discover_packages(recursive) check parameters
[0.219s] Level 1:colcon.colcon_core.package_discovery:discover_packages(ignore) check parameters
[0.219s] Level 1:colcon.colcon_core.package_discovery:discover_packages(path) check parameters
[0.219s] Level 1:colcon.colcon_core.package_discovery:discover_packages(colcon_meta) discover
[0.219s] Level 1:colcon.colcon_core.package_discovery:discover_packages(recursive) discover
[0.219s] INFO:colcon.colcon_core.package_discovery:Crawling recursively for packages in '/opt/erc_ws'
[0.219s] Level 1:colcon.colcon_core.package_identification:_identify(.) by extensions ['ignore', 'ignore_ament_install']
[0.219s] Level 1:colcon.colcon_core.package_identification:_identify(.) by extension 'ignore'
[0.219s] Level 1:colcon.colcon_core.package_identification:_identify(.) by extension 'ignore_ament_install'
[0.219s] Level 1:colcon.colcon_core.package_identification:_identify(.) by extensions ['colcon_pkg']
[0.219s] Level 1:colcon.colcon_core.package_identification:_identify(.) by extension 'colcon_pkg'
[0.219s] Level 1:colcon.colcon_core.package_identification:_identify(.) by extensions ['colcon_meta']
[0.219s] Level 1:colcon.colcon_core.package_identification:_identify(.) by extension 'colcon_meta'
[0.219s] Level 1:colcon.colcon_core.package_identification:_identify(.) by extensions ['ros']
[0.219s] Level 1:colcon.colcon_core.package_identification:_identify(.) by extension 'ros'
[0.228s] Level 1:colcon.colcon_core.package_identification:_identify(.) by extensions ['cmake', 'python']
[0.228s] Level 1:colcon.colcon_core.package_identification:_identify(.) by extension 'cmake'
[0.228s] Level 1:colcon.colcon_core.package_identification:_identify(.) by extension 'python'
[0.228s] Level 1:colcon.colcon_core.package_identification:_identify(.) by extensions ['python_setup_py']
[0.228s] Level 1:colcon.colcon_core.package_identification:_identify(.) by extension 'python_setup_py'
[0.228s] Level 1:colcon.colcon_core.package_identification:_identify(build) by extensions ['ignore', 'ignore_ament_install']
[0.228s] Level 1:colcon.colcon_core.package_identification:_identify(build) by extension 'ignore'
[0.228s] Level 1:colcon.colcon_core.package_identification:_identify(build) ignored
[0.231s] Level 1:colcon.colcon_core.package_identification:_identify(erc_images) by extensions ['ignore', 'ignore_ament_install']
[0.231s] Level 1:colcon.colcon_core.package_identification:_identify(erc_images) by extension 'ignore'
[0.231s] Level 1:colcon.colcon_core.package_identification:_identify(erc_images) by extension 'ignore_ament_install'
[0.231s] Level 1:colcon.colcon_core.package_identification:_identify(erc_images) by extensions ['colcon_pkg']
[0.231s] Level 1:colcon.colcon_core.package_identification:_identify(erc_images) by extension 'colcon_pkg'
[0.231s] Level 1:colcon.colcon_core.package_identification:_identify(erc_images) by extensions ['colcon_meta']
[0.231s] Level 1:colcon.colcon_core.package_identification:_identify(erc_images) by extension 'colcon_meta'
[0.231s] Level 1:colcon.colcon_core.package_identification:_identify(erc_images) by extensions ['ros']
[0.231s] Level 1:colcon.colcon_core.package_identification:_identify(erc_images) by extension 'ros'
[0.231s] Level 1:colcon.colcon_core.package_identification:_identify(erc_images) by extensions ['cmake', 'python']
[0.231s] Level 1:colcon.colcon_core.package_identification:_identify(erc_images) by extension 'cmake'
[0.231s] Level 1:colcon.colcon_core.package_identification:_identify(erc_images) by extension 'python'
[0.231s] Level 1:colcon.colcon_core.package_identification:_identify(erc_images) by extensions ['python_setup_py']
[0.231s] Level 1:colcon.colcon_core.package_identification:_identify(erc_images) by extension 'python_setup_py'
[0.231s] Level 1:colcon.colcon_core.package_identification:_identify(install) by extensions ['ignore', 'ignore_ament_install']
[0.231s] Level 1:colcon.colcon_core.package_identification:_identify(install) by extension 'ignore'
[0.231s] Level 1:colcon.colcon_core.package_identification:_identify(install) ignored
[0.231s] Level 1:colcon.colcon_core.package_identification:_identify(log) by extensions ['ignore', 'ignore_ament_install']
[0.231s] Level 1:colcon.colcon_core.package_identification:_identify(log) by extension 'ignore'
[0.231s] Level 1:colcon.colcon_core.package_identification:_identify(log) ignored
[0.231s] Level 1:colcon.colcon_core.package_identification:_identify(src) by extensions ['ignore', 'ignore_ament_install']
[0.231s] Level 1:colcon.colcon_core.package_identification:_identify(src) by extension 'ignore'
[0.231s] Level 1:colcon.colcon_core.package_identification:_identify(src) by extension 'ignore_ament_install'
[0.231s] Level 1:colcon.colcon_core.package_identification:_identify(src) by extensions ['colcon_pkg']
[0.231s] Level 1:colcon.colcon_core.package_identification:_identify(src) by extension 'colcon_pkg'
[0.231s] Level 1:colcon.colcon_core.package_identification:_identify(src) by extensions ['colcon_meta']
[0.231s] Level 1:colcon.colcon_core.package_identification:_identify(src) by extension 'colcon_meta'
[0.231s] Level 1:colcon.colcon_core.package_identification:_identify(src) by extensions ['ros']
[0.231s] Level 1:colcon.colcon_core.package_identification:_identify(src) by extension 'ros'
[0.232s] Level 1:colcon.colcon_core.package_identification:_identify(src) by extensions ['cmake', 'python']
[0.232s] Level 1:colcon.colcon_core.package_identification:_identify(src) by extension 'cmake'
[0.232s] Level 1:colcon.colcon_core.package_identification:_identify(src) by extension 'python'
[0.232s] Level 1:colcon.colcon_core.package_identification:_identify(src) by extensions ['python_setup_py']
[0.232s] Level 1:colcon.colcon_core.package_identification:_identify(src) by extension 'python_setup_py'
[0.232s] Level 1:colcon.colcon_core.package_identification:_identify(src/erc_bringup) by extensions ['ignore', 'ignore_ament_install']
[0.232s] Level 1:colcon.colcon_core.package_identification:_identify(src/erc_bringup) by extension 'ignore'
[0.232s] Level 1:colcon.colcon_core.package_identification:_identify(src/erc_bringup) by extension 'ignore_ament_install'
[0.232s] Level 1:colcon.colcon_core.package_identification:_identify(src/erc_bringup) by extensions ['colcon_pkg']
[0.232s] Level 1:colcon.colcon_core.package_identification:_identify(src/erc_bringup) by extension 'colcon_pkg'
[0.232s] Level 1:colcon.colcon_core.package_identification:_identify(src/erc_bringup) by extensions ['colcon_meta']
[0.232s] Level 1:colcon.colcon_core.package_identification:_identify(src/erc_bringup) by extension 'colcon_meta'
[0.232s] Level 1:colcon.colcon_core.package_identification:_identify(src/erc_bringup) by extensions ['ros']
[0.232s] Level 1:colcon.colcon_core.package_identification:_identify(src/erc_bringup) by extension 'ros'
[0.234s] DEBUG:colcon.colcon_core.package_identification:Package 'src/erc_bringup' with type 'ros.ament_cmake' and name 'erc_bringup'
[0.235s] Level 1:colcon.colcon_core.package_identification:_identify(src/erc_description) by extensions ['ignore', 'ignore_ament_install']
[0.235s] Level 1:colcon.colcon_core.package_identification:_identify(src/erc_description) by extension 'ignore'
[0.235s] Level 1:colcon.colcon_core.package_identification:_identify(src/erc_description) by extension 'ignore_ament_install'
[0.235s] Level 1:colcon.colcon_core.package_identification:_identify(src/erc_description) by extensions ['colcon_pkg']
[0.235s] Level 1:colcon.colcon_core.package_identification:_identify(src/erc_description) by extension 'colcon_pkg'
[0.235s] Level 1:colcon.colcon_core.package_identification:_identify(src/erc_description) by extensions ['colcon_meta']
[0.235s] Level 1:colcon.colcon_core.package_identification:_identify(src/erc_description) by extension 'colcon_meta'
[0.235s] Level 1:colcon.colcon_core.package_identification:_identify(src/erc_description) by extensions ['ros']
[0.235s] Level 1:colcon.colcon_core.package_identification:_identify(src/erc_description) by extension 'ros'
[0.235s] DEBUG:colcon.colcon_core.package_identification:Package 'src/erc_description' with type 'ros.ament_cmake' and name 'erc_description'
[0.235s] Level 1:colcon.colcon_core.package_identification:_identify(src/erc_solution) by extensions ['ignore', 'ignore_ament_install']
[0.235s] Level 1:colcon.colcon_core.package_identification:_identify(src/erc_solution) by extension 'ignore'
[0.235s] Level 1:colcon.colcon_core.package_identification:_identify(src/erc_solution) by extension 'ignore_ament_install'
[0.235s] Level 1:colcon.colcon_core.package_identification:_identify(src/erc_solution) by extensions ['colcon_pkg']
[0.235s] Level 1:colcon.colcon_core.package_identification:_identify(src/erc_solution) by extension 'colcon_pkg'
[0.235s] Level 1:colcon.colcon_core.package_identification:_identify(src/erc_solution) by extensions ['colcon_meta']
[0.235s] Level 1:colcon.colcon_core.package_identification:_identify(src/erc_solution) by extension 'colcon_meta'
[0.235s] Level 1:colcon.colcon_core.package_identification:_identify(src/erc_solution) by extensions ['ros']
[0.235s] Level 1:colcon.colcon_core.package_identification:_identify(src/erc_solution) by extension 'ros'
[0.236s] DEBUG:colcon.colcon_core.package_identification:Package 'src/erc_solution' with type 'ros.ament_python' and name 'erc_solution'
[0.236s] Level 1:colcon.colcon_core.package_identification:_identify(src/gz_ros2_control) by extensions ['ignore', 'ignore_ament_install']
[0.236s] Level 1:colcon.colcon_core.package_identification:_identify(src/gz_ros2_control) by extension 'ignore'
[0.236s] Level 1:colcon.colcon_core.package_identification:_identify(src/gz_ros2_control) by extension 'ignore_ament_install'
[0.236s] Level 1:colcon.colcon_core.package_identification:_identify(src/gz_ros2_control) by extensions ['colcon_pkg']
[0.236s] Level 1:colcon.colcon_core.package_identification:_identify(src/gz_ros2_control) by extension 'colcon_pkg'
[0.236s] Level 1:colcon.colcon_core.package_identification:_identify(src/gz_ros2_control) by extensions ['colcon_meta']
[0.236s] Level 1:colcon.colcon_core.package_identification:_identify(src/gz_ros2_control) by extension 'colcon_meta'
[0.236s] Level 1:colcon.colcon_core.package_identification:_identify(src/gz_ros2_control) by extensions ['ros']
[0.236s] Level 1:colcon.colcon_core.package_identification:_identify(src/gz_ros2_control) by extension 'ros'
[0.236s] Level 1:colcon.colcon_core.package_identification:_identify(src/gz_ros2_control) by extensions ['cmake', 'python']
[0.236s] Level 1:colcon.colcon_core.package_identification:_identify(src/gz_ros2_control) by extension 'cmake'
[0.236s] Level 1:colcon.colcon_core.package_identification:_identify(src/gz_ros2_control) by extension 'python'
[0.236s] Level 1:colcon.colcon_core.package_identification:_identify(src/gz_ros2_control) by extensions ['python_setup_py']
[0.236s] Level 1:colcon.colcon_core.package_identification:_identify(src/gz_ros2_control) by extension 'python_setup_py'
[0.236s] Level 1:colcon.colcon_core.package_identification:_identify(src/gz_ros2_control/Dockerfile) by extensions ['ignore', 'ignore_ament_install']
[0.236s] Level 1:colcon.colcon_core.package_identification:_identify(src/gz_ros2_control/Dockerfile) by extension 'ignore'
[0.236s] Level 1:colcon.colcon_core.package_identification:_identify(src/gz_ros2_control/Dockerfile) by extension 'ignore_ament_install'
[0.236s] Level 1:colcon.colcon_core.package_identification:_identify(src/gz_ros2_control/Dockerfile) by extensions ['colcon_pkg']
[0.236s] Level 1:colcon.colcon_core.package_identification:_identify(src/gz_ros2_control/Dockerfile) by extension 'colcon_pkg'
[0.236s] Level 1:colcon.colcon_core.package_identification:_identify(src/gz_ros2_control/Dockerfile) by extensions ['colcon_meta']
[0.236s] Level 1:colcon.colcon_core.package_identification:_identify(src/gz_ros2_control/Dockerfile) by extension 'colcon_meta'
[0.236s] Level 1:colcon.colcon_core.package_identification:_identify(src/gz_ros2_control/Dockerfile) by extensions ['ros']
[0.236s] Level 1:colcon.colcon_core.package_identification:_identify(src/gz_ros2_control/Dockerfile) by extension 'ros'
[0.236s] Level 1:colcon.colcon_core.package_identification:_identify(src/gz_ros2_control/Dockerfile) by extensions ['cmake', 'python']
[0.236s] Level 1:colcon.colcon_core.package_identification:_identify(src/gz_ros2_control/Dockerfile) by extension 'cmake'
[0.237s] Level 1:colcon.colcon_core.package_identification:_identify(src/gz_ros2_control/Dockerfile) by extension 'python'
[0.237s] Level 1:colcon.colcon_core.package_identification:_identify(src/gz_ros2_control/Dockerfile) by extensions ['python_setup_py']
[0.237s] Level 1:colcon.colcon_core.package_identification:_identify(src/gz_ros2_control/Dockerfile) by extension 'python_setup_py'
[0.237s] Level 1:colcon.colcon_core.package_identification:_identify(src/gz_ros2_control/doc) by extensions ['ignore', 'ignore_ament_install']
[0.237s] Level 1:colcon.colcon_core.package_identification:_identify(src/gz_ros2_control/doc) by extension 'ignore'
[0.237s] Level 1:colcon.colcon_core.package_identification:_identify(src/gz_ros2_control/doc) by extension 'ignore_ament_install'
[0.237s] Level 1:colcon.colcon_core.package_identification:_identify(src/gz_ros2_control/doc) by extensions ['colcon_pkg']
[0.237s] Level 1:colcon.colcon_core.package_identification:_identify(src/gz_ros2_control/doc) by extension 'colcon_pkg'
[0.237s] Level 1:colcon.colcon_core.package_identification:_identify(src/gz_ros2_control/doc) by extensions ['colcon_meta']
[0.237s] Level 1:colcon.colcon_core.package_identification:_identify(src/gz_ros2_control/doc) by extension 'colcon_meta'
[0.237s] Level 1:colcon.colcon_core.package_identification:_identify(src/gz_ros2_control/doc) by extensions ['ros']
[0.237s] Level 1:colcon.colcon_core.package_identification:_identify(src/gz_ros2_control/doc) by extension 'ros'
[0.237s] Level 1:colcon.colcon_core.package_identification:_identify(src/gz_ros2_control/doc) by extensions ['cmake', 'python']
[0.237s] Level 1:colcon.colcon_core.package_identification:_identify(src/gz_ros2_control/doc) by extension 'cmake'
[0.237s] Level 1:colcon.colcon_core.package_identification:_identify(src/gz_ros2_control/doc) by extension 'python'
[0.237s] Level 1:colcon.colcon_core.package_identification:_identify(src/gz_ros2_control/doc) by extensions ['python_setup_py']
[0.237s] Level 1:colcon.colcon_core.package_identification:_identify(src/gz_ros2_control/doc) by extension 'python_setup_py'
[0.237s] Level 1:colcon.colcon_core.package_identification:_identify(src/gz_ros2_control/doc/img) by extensions ['ignore', 'ignore_ament_install']
[0.237s] Level 1:colcon.colcon_core.package_identification:_identify(src/gz_ros2_control/doc/img) by extension 'ignore'
[0.237s] Level 1:colcon.colcon_core.package_identification:_identify(src/gz_ros2_control/doc/img) by extension 'ignore_ament_install'
[0.237s] Level 1:colcon.colcon_core.package_identification:_identify(src/gz_ros2_control/doc/img) by extensions ['colcon_pkg']
[0.237s] Level 1:colcon.colcon_core.package_identification:_identify(src/gz_ros2_control/doc/img) by extension 'colcon_pkg'
[0.237s] Level 1:colcon.colcon_core.package_identification:_identify(src/gz_ros2_control/doc/img) by extensions ['colcon_meta']
[0.237s] Level 1:colcon.colcon_core.package_identification:_identify(src/gz_ros2_control/doc/img) by extension 'colcon_meta'
[0.237s] Level 1:colcon.colcon_core.package_identification:_identify(src/gz_ros2_control/doc/img) by extensions ['ros']
[0.237s] Level 1:colcon.colcon_core.package_identification:_identify(src/gz_ros2_control/doc/img) by extension 'ros'
[0.237s] Level 1:colcon.colcon_core.package_identification:_identify(src/gz_ros2_control/doc/img) by extensions ['cmake', 'python']
[0.237s] Level 1:colcon.colcon_core.package_identification:_identify(src/gz_ros2_control/doc/img) by extension 'cmake'
[0.237s] Level 1:colcon.colcon_core.package_identification:_identify(src/gz_ros2_control/doc/img) by extension 'python'
[0.237s] Level 1:colcon.colcon_core.package_identification:_identify(src/gz_ros2_control/doc/img) by extensions ['python_setup_py']
[0.237s] Level 1:colcon.colcon_core.package_identification:_identify(src/gz_ros2_control/doc/img) by extension 'python_setup_py'
[0.237s] Level 1:colcon.colcon_core.package_identification:_identify(src/gz_ros2_control/gz_ros2_control) by extensions ['ignore', 'ignore_ament_install']
[0.237s] Level 1:colcon.colcon_core.package_identification:_identify(src/gz_ros2_control/gz_ros2_control) by extension 'ignore'
[0.237s] Level 1:colcon.colcon_core.package_identification:_identify(src/gz_ros2_control/gz_ros2_control) by extension 'ignore_ament_install'
[0.237s] Level 1:colcon.colcon_core.package_identification:_identify(src/gz_ros2_control/gz_ros2_control) by extensions ['colcon_pkg']
[0.237s] Level 1:colcon.colcon_core.package_identification:_identify(src/gz_ros2_control/gz_ros2_control) by extension 'colcon_pkg'
[0.237s] Level 1:colcon.colcon_core.package_identification:_identify(src/gz_ros2_control/gz_ros2_control) by extensions ['colcon_meta']
[0.237s] Level 1:colcon.colcon_core.package_identification:_identify(src/gz_ros2_control/gz_ros2_control) by extension 'colcon_meta'
[0.237s] Level 1:colcon.colcon_core.package_identification:_identify(src/gz_ros2_control/gz_ros2_control) by extensions ['ros']
[0.237s] Level 1:colcon.colcon_core.package_identification:_identify(src/gz_ros2_control/gz_ros2_control) by extension 'ros'
[0.241s] DEBUG:colcon.colcon_core.package_identification:Package 'src/gz_ros2_control/gz_ros2_control' with type 'ros.ament_cmake' and name 'gz_ros2_control'
[0.241s] Level 1:colcon.colcon_core.package_identification:_identify(src/launch_pal) by extensions ['ignore', 'ignore_ament_install']
[0.241s] Level 1:colcon.colcon_core.package_identification:_identify(src/launch_pal) by extension 'ignore'
[0.241s] Level 1:colcon.colcon_core.package_identification:_identify(src/launch_pal) by extension 'ignore_ament_install'
[0.242s] Level 1:colcon.colcon_core.package_identification:_identify(src/launch_pal) by extensions ['colcon_pkg']
[0.242s] Level 1:colcon.colcon_core.package_identification:_identify(src/launch_pal) by extension 'colcon_pkg'
[0.242s] Level 1:colcon.colcon_core.package_identification:_identify(src/launch_pal) by extensions ['colcon_meta']
[0.242s] Level 1:colcon.colcon_core.package_identification:_identify(src/launch_pal) by extension 'colcon_meta'
[0.242s] Level 1:colcon.colcon_core.package_identification:_identify(src/launch_pal) by extensions ['ros']
[0.242s] Level 1:colcon.colcon_core.package_identification:_identify(src/launch_pal) by extension 'ros'
[0.242s] DEBUG:colcon.colcon_core.package_identification:Package 'src/launch_pal' with type 'ros.ament_python' and name 'launch_pal'
[0.242s] Level 1:colcon.colcon_core.package_identification:_identify(src/omni_base_robot) by extensions ['ignore', 'ignore_ament_install']
[0.242s] Level 1:colcon.colcon_core.package_identification:_identify(src/omni_base_robot) by extension 'ignore'
[0.242s] Level 1:colcon.colcon_core.package_identification:_identify(src/omni_base_robot) by extension 'ignore_ament_install'
[0.242s] Level 1:colcon.colcon_core.package_identification:_identify(src/omni_base_robot) by extensions ['colcon_pkg']
[0.242s] Level 1:colcon.colcon_core.package_identification:_identify(src/omni_base_robot) by extension 'colcon_pkg'
[0.242s] Level 1:colcon.colcon_core.package_identification:_identify(src/omni_base_robot) by extensions ['colcon_meta']
[0.242s] Level 1:colcon.colcon_core.package_identification:_identify(src/omni_base_robot) by extension 'colcon_meta'
[0.242s] Level 1:colcon.colcon_core.package_identification:_identify(src/omni_base_robot) by extensions ['ros']
[0.242s] Level 1:colcon.colcon_core.package_identification:_identify(src/omni_base_robot) by extension 'ros'
[0.242s] Level 1:colcon.colcon_core.package_identification:_identify(src/omni_base_robot) by extensions ['cmake', 'python']
[0.243s] Level 1:colcon.colcon_core.package_identification:_identify(src/omni_base_robot) by extension 'cmake'
[0.243s] Level 1:colcon.colcon_core.package_identification:_identify(src/omni_base_robot) by extension 'python'
[0.243s] Level 1:colcon.colcon_core.package_identification:_identify(src/omni_base_robot) by extensions ['python_setup_py']
[0.243s] Level 1:colcon.colcon_core.package_identification:_identify(src/omni_base_robot) by extension 'python_setup_py'
[0.243s] Level 1:colcon.colcon_core.package_identification:_identify(src/omni_base_robot/omni_base_bringup) by extensions ['ignore', 'ignore_ament_install']
[0.243s] Level 1:colcon.colcon_core.package_identification:_identify(src/omni_base_robot/omni_base_bringup) by extension 'ignore'
[0.243s] Level 1:colcon.colcon_core.package_identification:_identify(src/omni_base_robot/omni_base_bringup) by extension 'ignore_ament_install'
[0.243s] Level 1:colcon.colcon_core.package_identification:_identify(src/omni_base_robot/omni_base_bringup) by extensions ['colcon_pkg']
[0.243s] Level 1:colcon.colcon_core.package_identification:_identify(src/omni_base_robot/omni_base_bringup) by extension 'colcon_pkg'
[0.243s] Level 1:colcon.colcon_core.package_identification:_identify(src/omni_base_robot/omni_base_bringup) by extensions ['colcon_meta']
[0.243s] Level 1:colcon.colcon_core.package_identification:_identify(src/omni_base_robot/omni_base_bringup) by extension 'colcon_meta'
[0.243s] Level 1:colcon.colcon_core.package_identification:_identify(src/omni_base_robot/omni_base_bringup) by extensions ['ros']
[0.243s] Level 1:colcon.colcon_core.package_identification:_identify(src/omni_base_robot/omni_base_bringup) by extension 'ros'
[0.244s] DEBUG:colcon.colcon_core.package_identification:Package 'src/omni_base_robot/omni_base_bringup' with type 'ros.ament_cmake' and name 'omni_base_bringup'
[0.244s] Level 1:colcon.colcon_core.package_identification:_identify(src/omni_base_robot/omni_base_controller_configuration) by extensions ['ignore', 'ignore_ament_install']
[0.244s] Level 1:colcon.colcon_core.package_identification:_identify(src/omni_base_robot/omni_base_controller_configuration) by extension 'ignore'
[0.244s] Level 1:colcon.colcon_core.package_identification:_identify(src/omni_base_robot/omni_base_controller_configuration) by extension 'ignore_ament_install'
[0.244s] Level 1:colcon.colcon_core.package_identification:_identify(src/omni_base_robot/omni_base_controller_configuration) by extensions ['colcon_pkg']
[0.244s] Level 1:colcon.colcon_core.package_identification:_identify(src/omni_base_robot/omni_base_controller_configuration) by extension 'colcon_pkg'
[0.244s] Level 1:colcon.colcon_core.package_identification:_identify(src/omni_base_robot/omni_base_controller_configuration) by extensions ['colcon_meta']
[0.244s] Level 1:colcon.colcon_core.package_identification:_identify(src/omni_base_robot/omni_base_controller_configuration) by extension 'colcon_meta'
[0.244s] Level 1:colcon.colcon_core.package_identification:_identify(src/omni_base_robot/omni_base_controller_configuration) by extensions ['ros']
[0.244s] Level 1:colcon.colcon_core.package_identification:_identify(src/omni_base_robot/omni_base_controller_configuration) by extension 'ros'
[0.245s] DEBUG:colcon.colcon_core.package_identification:Package 'src/omni_base_robot/omni_base_controller_configuration' with type 'ros.ament_cmake' and name 'omni_base_controller_configuration'
[0.245s] Level 1:colcon.colcon_core.package_identification:_identify(src/omni_base_robot/omni_base_description) by extensions ['ignore', 'ignore_ament_install']
[0.245s] Level 1:colcon.colcon_core.package_identification:_identify(src/omni_base_robot/omni_base_description) by extension 'ignore'
[0.245s] Level 1:colcon.colcon_core.package_identification:_identify(src/omni_base_robot/omni_base_description) by extension 'ignore_ament_install'
[0.245s] Level 1:colcon.colcon_core.package_identification:_identify(src/omni_base_robot/omni_base_description) by extensions ['colcon_pkg']
[0.245s] Level 1:colcon.colcon_core.package_identification:_identify(src/omni_base_robot/omni_base_description) by extension 'colcon_pkg'
[0.245s] Level 1:colcon.colcon_core.package_identification:_identify(src/omni_base_robot/omni_base_description) by extensions ['colcon_meta']
[0.245s] Level 1:colcon.colcon_core.package_identification:_identify(src/omni_base_robot/omni_base_description) by extension 'colcon_meta'
[0.245s] Level 1:colcon.colcon_core.package_identification:_identify(src/omni_base_robot/omni_base_description) by extensions ['ros']
[0.245s] Level 1:colcon.colcon_core.package_identification:_identify(src/omni_base_robot/omni_base_description) by extension 'ros'
[0.245s] DEBUG:colcon.colcon_core.package_identification:Package 'src/omni_base_robot/omni_base_description' with type 'ros.ament_cmake' and name 'omni_base_description'
[0.245s] Level 1:colcon.colcon_core.package_identification:_identify(src/omni_base_robot/omni_base_robot) by extensions ['ignore', 'ignore_ament_install']
[0.246s] Level 1:colcon.colcon_core.package_identification:_identify(src/omni_base_robot/omni_base_robot) by extension 'ignore'
[0.246s] Level 1:colcon.colcon_core.package_identification:_identify(src/omni_base_robot/omni_base_robot) by extension 'ignore_ament_install'
[0.246s] Level 1:colcon.colcon_core.package_identification:_identify(src/omni_base_robot/omni_base_robot) by extensions ['colcon_pkg']
[0.246s] Level 1:colcon.colcon_core.package_identification:_identify(src/omni_base_robot/omni_base_robot) by extension 'colcon_pkg'
[0.246s] Level 1:colcon.colcon_core.package_identification:_identify(src/omni_base_robot/omni_base_robot) by extensions ['colcon_meta']
[0.246s] Level 1:colcon.colcon_core.package_identification:_identify(src/omni_base_robot/omni_base_robot) by extension 'colcon_meta'
[0.246s] Level 1:colcon.colcon_core.package_identification:_identify(src/omni_base_robot/omni_base_robot) by extensions ['ros']
[0.246s] Level 1:colcon.colcon_core.package_identification:_identify(src/omni_base_robot/omni_base_robot) by extension 'ros'
[0.246s] DEBUG:colcon.colcon_core.package_identification:Package 'src/omni_base_robot/omni_base_robot' with type 'ros.ament_cmake' and name 'omni_base_robot'
[0.247s] Level 1:colcon.colcon_core.package_identification:_identify(src/pal_gripper) by extensions ['ignore', 'ignore_ament_install']
[0.247s] Level 1:colcon.colcon_core.package_identification:_identify(src/pal_gripper) by extension 'ignore'
[0.247s] Level 1:colcon.colcon_core.package_identification:_identify(src/pal_gripper) by extension 'ignore_ament_install'
[0.247s] Level 1:colcon.colcon_core.package_identification:_identify(src/pal_gripper) by extensions ['colcon_pkg']
[0.247s] Level 1:colcon.colcon_core.package_identification:_identify(src/pal_gripper) by extension 'colcon_pkg'
[0.247s] Level 1:colcon.colcon_core.package_identification:_identify(src/pal_gripper) by extensions ['colcon_meta']
[0.247s] Level 1:colcon.colcon_core.package_identification:_identify(src/pal_gripper) by extension 'colcon_meta'
[0.247s] Level 1:colcon.colcon_core.package_identification:_identify(src/pal_gripper) by extensions ['ros']
[0.247s] Level 1:colcon.colcon_core.package_identification:_identify(src/pal_gripper) by extension 'ros'
[0.247s] Level 1:colcon.colcon_core.package_identification:_identify(src/pal_gripper) by extensions ['cmake', 'python']
[0.247s] Level 1:colcon.colcon_core.package_identification:_identify(src/pal_gripper) by extension 'cmake'
[0.247s] Level 1:colcon.colcon_core.package_identification:_identify(src/pal_gripper) by extension 'python'
[0.247s] Level 1:colcon.colcon_core.package_identification:_identify(src/pal_gripper) by extensions ['python_setup_py']
[0.247s] Level 1:colcon.colcon_core.package_identification:_identify(src/pal_gripper) by extension 'python_setup_py'
[0.247s] Level 1:colcon.colcon_core.package_identification:_identify(src/pal_gripper/pal_gripper) by extensions ['ignore', 'ignore_ament_install']
[0.247s] Level 1:colcon.colcon_core.package_identification:_identify(src/pal_gripper/pal_gripper) by extension 'ignore'
[0.247s] Level 1:colcon.colcon_core.package_identification:_identify(src/pal_gripper/pal_gripper) by extension 'ignore_ament_install'
[0.247s] Level 1:colcon.colcon_core.package_identification:_identify(src/pal_gripper/pal_gripper) by extensions ['colcon_pkg']
[0.247s] Level 1:colcon.colcon_core.package_identification:_identify(src/pal_gripper/pal_gripper) by extension 'colcon_pkg'
[0.247s] Level 1:colcon.colcon_core.package_identification:_identify(src/pal_gripper/pal_gripper) by extensions ['colcon_meta']
[0.247s] Level 1:colcon.colcon_core.package_identification:_identify(src/pal_gripper/pal_gripper) by extension 'colcon_meta'
[0.247s] Level 1:colcon.colcon_core.package_identification:_identify(src/pal_gripper/pal_gripper) by extensions ['ros']
[0.247s] Level 1:colcon.colcon_core.package_identification:_identify(src/pal_gripper/pal_gripper) by extension 'ros'
[0.248s] DEBUG:colcon.colcon_core.package_identification:Package 'src/pal_gripper/pal_gripper' with type 'ros.ament_cmake' and name 'pal_gripper'
[0.248s] Level 1:colcon.colcon_core.package_identification:_identify(src/pal_gripper/pal_gripper_controller_configuration) by extensions ['ignore', 'ignore_ament_install']
[0.248s] Level 1:colcon.colcon_core.package_identification:_identify(src/pal_gripper/pal_gripper_controller_configuration) by extension 'ignore'
[0.248s] Level 1:colcon.colcon_core.package_identification:_identify(src/pal_gripper/pal_gripper_controller_configuration) by extension 'ignore_ament_install'
[0.248s] Level 1:colcon.colcon_core.package_identification:_identify(src/pal_gripper/pal_gripper_controller_configuration) by extensions ['colcon_pkg']
[0.248s] Level 1:colcon.colcon_core.package_identification:_identify(src/pal_gripper/pal_gripper_controller_configuration) by extension 'colcon_pkg'
[0.248s] Level 1:colcon.colcon_core.package_identification:_identify(src/pal_gripper/pal_gripper_controller_configuration) by extensions ['colcon_meta']
[0.248s] Level 1:colcon.colcon_core.package_identification:_identify(src/pal_gripper/pal_gripper_controller_configuration) by extension 'colcon_meta'
[0.248s] Level 1:colcon.colcon_core.package_identification:_identify(src/pal_gripper/pal_gripper_controller_configuration) by extensions ['ros']
[0.248s] Level 1:colcon.colcon_core.package_identification:_identify(src/pal_gripper/pal_gripper_controller_configuration) by extension 'ros'
[0.249s] DEBUG:colcon.colcon_core.package_identification:Package 'src/pal_gripper/pal_gripper_controller_configuration' with type 'ros.ament_cmake' and name 'pal_gripper_controller_configuration'
[0.249s] Level 1:colcon.colcon_core.package_identification:_identify(src/pal_gripper/pal_gripper_description) by extensions ['ignore', 'ignore_ament_install']
[0.249s] Level 1:colcon.colcon_core.package_identification:_identify(src/pal_gripper/pal_gripper_description) by extension 'ignore'
[0.249s] Level 1:colcon.colcon_core.package_identification:_identify(src/pal_gripper/pal_gripper_description) by extension 'ignore_ament_install'
[0.249s] Level 1:colcon.colcon_core.package_identification:_identify(src/pal_gripper/pal_gripper_description) by extensions ['colcon_pkg']
[0.249s] Level 1:colcon.colcon_core.package_identification:_identify(src/pal_gripper/pal_gripper_description) by extension 'colcon_pkg'
[0.249s] Level 1:colcon.colcon_core.package_identification:_identify(src/pal_gripper/pal_gripper_description) by extensions ['colcon_meta']
[0.249s] Level 1:colcon.colcon_core.package_identification:_identify(src/pal_gripper/pal_gripper_description) by extension 'colcon_meta'
[0.249s] Level 1:colcon.colcon_core.package_identification:_identify(src/pal_gripper/pal_gripper_description) by extensions ['ros']
[0.249s] Level 1:colcon.colcon_core.package_identification:_identify(src/pal_gripper/pal_gripper_description) by extension 'ros'
[0.249s] DEBUG:colcon.colcon_core.package_identification:Package 'src/pal_gripper/pal_gripper_description' with type 'ros.ament_cmake' and name 'pal_gripper_description'
[0.249s] Level 1:colcon.colcon_core.package_identification:_identify(src/pal_gripper/pal_gripper_simulation) by extensions ['ignore', 'ignore_ament_install']
[0.249s] Level 1:colcon.colcon_core.package_identification:_identify(src/pal_gripper/pal_gripper_simulation) by extension 'ignore'
[0.249s] Level 1:colcon.colcon_core.package_identification:_identify(src/pal_gripper/pal_gripper_simulation) by extension 'ignore_ament_install'
[0.249s] Level 1:colcon.colcon_core.package_identification:_identify(src/pal_gripper/pal_gripper_simulation) by extensions ['colcon_pkg']
[0.249s] Level 1:colcon.colcon_core.package_identification:_identify(src/pal_gripper/pal_gripper_simulation) by extension 'colcon_pkg'
[0.250s] Level 1:colcon.colcon_core.package_identification:_identify(src/pal_gripper/pal_gripper_simulation) by extensions ['colcon_meta']
[0.250s] Level 1:colcon.colcon_core.package_identification:_identify(src/pal_gripper/pal_gripper_simulation) by extension 'colcon_meta'
[0.250s] Level 1:colcon.colcon_core.package_identification:_identify(src/pal_gripper/pal_gripper_simulation) by extensions ['ros']
[0.250s] Level 1:colcon.colcon_core.package_identification:_identify(src/pal_gripper/pal_gripper_simulation) by extension 'ros'
[0.250s] DEBUG:colcon.colcon_core.package_identification:Package 'src/pal_gripper/pal_gripper_simulation' with type 'ros.ament_cmake' and name 'pal_gripper_simulation'
[0.250s] Level 1:colcon.colcon_core.package_identification:_identify(src/pal_pro_gripper) by extensions ['ignore', 'ignore_ament_install']
[0.250s] Level 1:colcon.colcon_core.package_identification:_identify(src/pal_pro_gripper) by extension 'ignore'
[0.250s] Level 1:colcon.colcon_core.package_identification:_identify(src/pal_pro_gripper) by extension 'ignore_ament_install'
[0.250s] Level 1:colcon.colcon_core.package_identification:_identify(src/pal_pro_gripper) by extensions ['colcon_pkg']
[0.250s] Level 1:colcon.colcon_core.package_identification:_identify(src/pal_pro_gripper) by extension 'colcon_pkg'
[0.250s] Level 1:colcon.colcon_core.package_identification:_identify(src/pal_pro_gripper) by extensions ['colcon_meta']
[0.250s] Level 1:colcon.colcon_core.package_identification:_identify(src/pal_pro_gripper) by extension 'colcon_meta'
[0.250s] Level 1:colcon.colcon_core.package_identification:_identify(src/pal_pro_gripper) by extensions ['ros']
[0.250s] Level 1:colcon.colcon_core.package_identification:_identify(src/pal_pro_gripper) by extension 'ros'
[0.250s] Level 1:colcon.colcon_core.package_identification:_identify(src/pal_pro_gripper) by extensions ['cmake', 'python']
[0.250s] Level 1:colcon.colcon_core.package_identification:_identify(src/pal_pro_gripper) by extension 'cmake'
[0.250s] Level 1:colcon.colcon_core.package_identification:_identify(src/pal_pro_gripper) by extension 'python'
[0.250s] Level 1:colcon.colcon_core.package_identification:_identify(src/pal_pro_gripper) by extensions ['python_setup_py']
[0.250s] Level 1:colcon.colcon_core.package_identification:_identify(src/pal_pro_gripper) by extension 'python_setup_py'
[0.250s] Level 1:colcon.colcon_core.package_identification:_identify(src/pal_pro_gripper/pal_pro_gripper) by extensions ['ignore', 'ignore_ament_install']
[0.250s] Level 1:colcon.colcon_core.package_identification:_identify(src/pal_pro_gripper/pal_pro_gripper) by extension 'ignore'
[0.250s] Level 1:colcon.colcon_core.package_identification:_identify(src/pal_pro_gripper/pal_pro_gripper) by extension 'ignore_ament_install'
[0.250s] Level 1:colcon.colcon_core.package_identification:_identify(src/pal_pro_gripper/pal_pro_gripper) by extensions ['colcon_pkg']
[0.250s] Level 1:colcon.colcon_core.package_identification:_identify(src/pal_pro_gripper/pal_pro_gripper) by extension 'colcon_pkg'
[0.250s] Level 1:colcon.colcon_core.package_identification:_identify(src/pal_pro_gripper/pal_pro_gripper) by extensions ['colcon_meta']
[0.250s] Level 1:colcon.colcon_core.package_identification:_identify(src/pal_pro_gripper/pal_pro_gripper) by extension 'colcon_meta'
[0.250s] Level 1:colcon.colcon_core.package_identification:_identify(src/pal_pro_gripper/pal_pro_gripper) by extensions ['ros']
[0.250s] Level 1:colcon.colcon_core.package_identification:_identify(src/pal_pro_gripper/pal_pro_gripper) by extension 'ros'
[0.251s] DEBUG:colcon.colcon_core.package_identification:Package 'src/pal_pro_gripper/pal_pro_gripper' with type 'ros.ament_cmake' and name 'pal_pro_gripper'
[0.251s] Level 1:colcon.colcon_core.package_identification:_identify(src/pal_pro_gripper/pal_pro_gripper_bringup) by extensions ['ignore', 'ignore_ament_install']
[0.251s] Level 1:colcon.colcon_core.package_identification:_identify(src/pal_pro_gripper/pal_pro_gripper_bringup) by extension 'ignore'
[0.251s] Level 1:colcon.colcon_core.package_identification:_identify(src/pal_pro_gripper/pal_pro_gripper_bringup) by extension 'ignore_ament_install'
[0.251s] Level 1:colcon.colcon_core.package_identification:_identify(src/pal_pro_gripper/pal_pro_gripper_bringup) by extensions ['colcon_pkg']
[0.251s] Level 1:colcon.colcon_core.package_identification:_identify(src/pal_pro_gripper/pal_pro_gripper_bringup) by extension 'colcon_pkg'
[0.251s] Level 1:colcon.colcon_core.package_identification:_identify(src/pal_pro_gripper/pal_pro_gripper_bringup) by extensions ['colcon_meta']
[0.251s] Level 1:colcon.colcon_core.package_identification:_identify(src/pal_pro_gripper/pal_pro_gripper_bringup) by extension 'colcon_meta'
[0.251s] Level 1:colcon.colcon_core.package_identification:_identify(src/pal_pro_gripper/pal_pro_gripper_bringup) by extensions ['ros']
[0.251s] Level 1:colcon.colcon_core.package_identification:_identify(src/pal_pro_gripper/pal_pro_gripper_bringup) by extension 'ros'
[0.258s] DEBUG:colcon.colcon_core.package_identification:Package 'src/pal_pro_gripper/pal_pro_gripper_bringup' with type 'ros.ament_cmake' and name 'pal_pro_gripper_bringup'
[0.258s] Level 1:colcon.colcon_core.package_identification:_identify(src/pal_pro_gripper/pal_pro_gripper_controller_configuration) by extensions ['ignore', 'ignore_ament_install']
[0.258s] Level 1:colcon.colcon_core.package_identification:_identify(src/pal_pro_gripper/pal_pro_gripper_controller_configuration) by extension 'ignore'
[0.258s] Level 1:colcon.colcon_core.package_identification:_identify(src/pal_pro_gripper/pal_pro_gripper_controller_configuration) by extension 'ignore_ament_install'
[0.258s] Level 1:colcon.colcon_core.package_identification:_identify(src/pal_pro_gripper/pal_pro_gripper_controller_configuration) by extensions ['colcon_pkg']
[0.258s] Level 1:colcon.colcon_core.package_identification:_identify(src/pal_pro_gripper/pal_pro_gripper_controller_configuration) by extension 'colcon_pkg'
[0.258s] Level 1:colcon.colcon_core.package_identification:_identify(src/pal_pro_gripper/pal_pro_gripper_controller_configuration) by extensions ['colcon_meta']
[0.258s] Level 1:colcon.colcon_core.package_identification:_identify(src/pal_pro_gripper/pal_pro_gripper_controller_configuration) by extension 'colcon_meta'
[0.258s] Level 1:colcon.colcon_core.package_identification:_identify(src/pal_pro_gripper/pal_pro_gripper_controller_configuration) by extensions ['ros']
[0.258s] Level 1:colcon.colcon_core.package_identification:_identify(src/pal_pro_gripper/pal_pro_gripper_controller_configuration) by extension 'ros'
[0.258s] DEBUG:colcon.colcon_core.package_identification:Package 'src/pal_pro_gripper/pal_pro_gripper_controller_configuration' with type 'ros.ament_cmake' and name 'pal_pro_gripper_controller_configuration'
[0.258s] Level 1:colcon.colcon_core.package_identification:_identify(src/pal_pro_gripper/pal_pro_gripper_description) by extensions ['ignore', 'ignore_ament_install']
[0.259s] Level 1:colcon.colcon_core.package_identification:_identify(src/pal_pro_gripper/pal_pro_gripper_description) by extension 'ignore'
[0.259s] Level 1:colcon.colcon_core.package_identification:_identify(src/pal_pro_gripper/pal_pro_gripper_description) by extension 'ignore_ament_install'
[0.259s] Level 1:colcon.colcon_core.package_identification:_identify(src/pal_pro_gripper/pal_pro_gripper_description) by extensions ['colcon_pkg']
[0.259s] Level 1:colcon.colcon_core.package_identification:_identify(src/pal_pro_gripper/pal_pro_gripper_description) by extension 'colcon_pkg'
[0.259s] Level 1:colcon.colcon_core.package_identification:_identify(src/pal_pro_gripper/pal_pro_gripper_description) by extensions ['colcon_meta']
[0.259s] Level 1:colcon.colcon_core.package_identification:_identify(src/pal_pro_gripper/pal_pro_gripper_description) by extension 'colcon_meta'
[0.259s] Level 1:colcon.colcon_core.package_identification:_identify(src/pal_pro_gripper/pal_pro_gripper_description) by extensions ['ros']
[0.259s] Level 1:colcon.colcon_core.package_identification:_identify(src/pal_pro_gripper/pal_pro_gripper_description) by extension 'ros'
[0.259s] DEBUG:colcon.colcon_core.package_identification:Package 'src/pal_pro_gripper/pal_pro_gripper_description' with type 'ros.ament_cmake' and name 'pal_pro_gripper_description'
[0.259s] Level 1:colcon.colcon_core.package_identification:_identify(src/pal_pro_gripper/pal_pro_gripper_simulation) by extensions ['ignore', 'ignore_ament_install']
[0.259s] Level 1:colcon.colcon_core.package_identification:_identify(src/pal_pro_gripper/pal_pro_gripper_simulation) by extension 'ignore'
[0.259s] Level 1:colcon.colcon_core.package_identification:_identify(src/pal_pro_gripper/pal_pro_gripper_simulation) by extension 'ignore_ament_install'
[0.259s] Level 1:colcon.colcon_core.package_identification:_identify(src/pal_pro_gripper/pal_pro_gripper_simulation) by extensions ['colcon_pkg']
[0.259s] Level 1:colcon.colcon_core.package_identification:_identify(src/pal_pro_gripper/pal_pro_gripper_simulation) by extension 'colcon_pkg'
[0.259s] Level 1:colcon.colcon_core.package_identification:_identify(src/pal_pro_gripper/pal_pro_gripper_simulation) by extensions ['colcon_meta']
[0.260s] Level 1:colcon.colcon_core.package_identification:_identify(src/pal_pro_gripper/pal_pro_gripper_simulation) by extension 'colcon_meta'
[0.260s] Level 1:colcon.colcon_core.package_identification:_identify(src/pal_pro_gripper/pal_pro_gripper_simulation) by extensions ['ros']
[0.260s] Level 1:colcon.colcon_core.package_identification:_identify(src/pal_pro_gripper/pal_pro_gripper_simulation) by extension 'ros'
[0.260s] DEBUG:colcon.colcon_core.package_identification:Package 'src/pal_pro_gripper/pal_pro_gripper_simulation' with type 'ros.ament_cmake' and name 'pal_pro_gripper_simulation'
[0.260s] Level 1:colcon.colcon_core.package_identification:_identify(src/pal_pro_gripper/pal_pro_gripper_wrapper) by extensions ['ignore', 'ignore_ament_install']
[0.260s] Level 1:colcon.colcon_core.package_identification:_identify(src/pal_pro_gripper/pal_pro_gripper_wrapper) by extension 'ignore'
[0.260s] Level 1:colcon.colcon_core.package_identification:_identify(src/pal_pro_gripper/pal_pro_gripper_wrapper) by extension 'ignore_ament_install'
[0.260s] Level 1:colcon.colcon_core.package_identification:_identify(src/pal_pro_gripper/pal_pro_gripper_wrapper) by extensions ['colcon_pkg']
[0.260s] Level 1:colcon.colcon_core.package_identification:_identify(src/pal_pro_gripper/pal_pro_gripper_wrapper) by extension 'colcon_pkg'
[0.260s] Level 1:colcon.colcon_core.package_identification:_identify(src/pal_pro_gripper/pal_pro_gripper_wrapper) by extensions ['colcon_meta']
[0.260s] Level 1:colcon.colcon_core.package_identification:_identify(src/pal_pro_gripper/pal_pro_gripper_wrapper) by extension 'colcon_meta'
[0.260s] Level 1:colcon.colcon_core.package_identification:_identify(src/pal_pro_gripper/pal_pro_gripper_wrapper) by extensions ['ros']
[0.260s] Level 1:colcon.colcon_core.package_identification:_identify(src/pal_pro_gripper/pal_pro_gripper_wrapper) by extension 'ros'
[0.261s] DEBUG:colcon.colcon_core.package_identification:Package 'src/pal_pro_gripper/pal_pro_gripper_wrapper' with type 'ros.ament_python' and name 'pal_pro_gripper_wrapper'
[0.261s] Level 1:colcon.colcon_core.package_identification:_identify(src/pal_sea_arm) by extensions ['ignore', 'ignore_ament_install']
[0.261s] Level 1:colcon.colcon_core.package_identification:_identify(src/pal_sea_arm) by extension 'ignore'
[0.261s] Level 1:colcon.colcon_core.package_identification:_identify(src/pal_sea_arm) by extension 'ignore_ament_install'
[0.261s] Level 1:colcon.colcon_core.package_identification:_identify(src/pal_sea_arm) by extensions ['colcon_pkg']
[0.261s] Level 1:colcon.colcon_core.package_identification:_identify(src/pal_sea_arm) by extension 'colcon_pkg'
[0.261s] Level 1:colcon.colcon_core.package_identification:_identify(src/pal_sea_arm) by extensions ['colcon_meta']
[0.261s] Level 1:colcon.colcon_core.package_identification:_identify(src/pal_sea_arm) by extension 'colcon_meta'
[0.261s] Level 1:colcon.colcon_core.package_identification:_identify(src/pal_sea_arm) by extensions ['ros']
[0.261s] Level 1:colcon.colcon_core.package_identification:_identify(src/pal_sea_arm) by extension 'ros'
[0.261s] Level 1:colcon.colcon_core.package_identification:_identify(src/pal_sea_arm) by extensions ['cmake', 'python']
[0.261s] Level 1:colcon.colcon_core.package_identification:_identify(src/pal_sea_arm) by extension 'cmake'
[0.261s] Level 1:colcon.colcon_core.package_identification:_identify(src/pal_sea_arm) by extension 'python'
[0.261s] Level 1:colcon.colcon_core.package_identification:_identify(src/pal_sea_arm) by extensions ['python_setup_py']
[0.261s] Level 1:colcon.colcon_core.package_identification:_identify(src/pal_sea_arm) by extension 'python_setup_py'
[0.261s] Level 1:colcon.colcon_core.package_identification:_identify(src/pal_sea_arm/pal_sea_arm) by extensions ['ignore', 'ignore_ament_install']
[0.261s] Level 1:colcon.colcon_core.package_identification:_identify(src/pal_sea_arm/pal_sea_arm) by extension 'ignore'
[0.261s] Level 1:colcon.colcon_core.package_identification:_identify(src/pal_sea_arm/pal_sea_arm) by extension 'ignore_ament_install'
[0.261s] Level 1:colcon.colcon_core.package_identification:_identify(src/pal_sea_arm/pal_sea_arm) by extensions ['colcon_pkg']
[0.261s] Level 1:colcon.colcon_core.package_identification:_identify(src/pal_sea_arm/pal_sea_arm) by extension 'colcon_pkg'
[0.261s] Level 1:colcon.colcon_core.package_identification:_identify(src/pal_sea_arm/pal_sea_arm) by extensions ['colcon_meta']
[0.261s] Level 1:colcon.colcon_core.package_identification:_identify(src/pal_sea_arm/pal_sea_arm) by extension 'colcon_meta'
[0.261s] Level 1:colcon.colcon_core.package_identification:_identify(src/pal_sea_arm/pal_sea_arm) by extensions ['ros']
[0.261s] Level 1:colcon.colcon_core.package_identification:_identify(src/pal_sea_arm/pal_sea_arm) by extension 'ros'
[0.262s] DEBUG:colcon.colcon_core.package_identification:Package 'src/pal_sea_arm/pal_sea_arm' with type 'ros.ament_cmake' and name 'pal_sea_arm'
[0.262s] Level 1:colcon.colcon_core.package_identification:_identify(src/pal_sea_arm/pal_sea_arm_bringup) by extensions ['ignore', 'ignore_ament_install']
[0.262s] Level 1:colcon.colcon_core.package_identification:_identify(src/pal_sea_arm/pal_sea_arm_bringup) by extension 'ignore'
[0.262s] Level 1:colcon.colcon_core.package_identification:_identify(src/pal_sea_arm/pal_sea_arm_bringup) by extension 'ignore_ament_install'
[0.262s] Level 1:colcon.colcon_core.package_identification:_identify(src/pal_sea_arm/pal_sea_arm_bringup) by extensions ['colcon_pkg']
[0.262s] Level 1:colcon.colcon_core.package_identification:_identify(src/pal_sea_arm/pal_sea_arm_bringup) by extension 'colcon_pkg'
[0.262s] Level 1:colcon.colcon_core.package_identification:_identify(src/pal_sea_arm/pal_sea_arm_bringup) by extensions ['colcon_meta']
[0.262s] Level 1:colcon.colcon_core.package_identification:_identify(src/pal_sea_arm/pal_sea_arm_bringup) by extension 'colcon_meta'
[0.262s] Level 1:colcon.colcon_core.package_identification:_identify(src/pal_sea_arm/pal_sea_arm_bringup) by extensions ['ros']
[0.262s] Level 1:colcon.colcon_core.package_identification:_identify(src/pal_sea_arm/pal_sea_arm_bringup) by extension 'ros'
[0.263s] DEBUG:colcon.colcon_core.package_identification:Package 'src/pal_sea_arm/pal_sea_arm_bringup' with type 'ros.ament_cmake' and name 'pal_sea_arm_bringup'
[0.263s] Level 1:colcon.colcon_core.package_identification:_identify(src/pal_sea_arm/pal_sea_arm_controller_configuration) by extensions ['ignore', 'ignore_ament_install']
[0.263s] Level 1:colcon.colcon_core.package_identification:_identify(src/pal_sea_arm/pal_sea_arm_controller_configuration) by extension 'ignore'
[0.263s] Level 1:colcon.colcon_core.package_identification:_identify(src/pal_sea_arm/pal_sea_arm_controller_configuration) by extension 'ignore_ament_install'
[0.263s] Level 1:colcon.colcon_core.package_identification:_identify(src/pal_sea_arm/pal_sea_arm_controller_configuration) by extensions ['colcon_pkg']
[0.263s] Level 1:colcon.colcon_core.package_identification:_identify(src/pal_sea_arm/pal_sea_arm_controller_configuration) by extension 'colcon_pkg'
[0.263s] Level 1:colcon.colcon_core.package_identification:_identify(src/pal_sea_arm/pal_sea_arm_controller_configuration) by extensions ['colcon_meta']
[0.263s] Level 1:colcon.colcon_core.package_identification:_identify(src/pal_sea_arm/pal_sea_arm_controller_configuration) by extension 'colcon_meta'
[0.263s] Level 1:colcon.colcon_core.package_identification:_identify(src/pal_sea_arm/pal_sea_arm_controller_configuration) by extensions ['ros']
[0.263s] Level 1:colcon.colcon_core.package_identification:_identify(src/pal_sea_arm/pal_sea_arm_controller_configuration) by extension 'ros'
[0.264s] DEBUG:colcon.colcon_core.package_identification:Package 'src/pal_sea_arm/pal_sea_arm_controller_configuration' with type 'ros.ament_cmake' and name 'pal_sea_arm_controller_configuration'
[0.264s] Level 1:colcon.colcon_core.package_identification:_identify(src/pal_sea_arm/pal_sea_arm_description) by extensions ['ignore', 'ignore_ament_install']
[0.264s] Level 1:colcon.colcon_core.package_identification:_identify(src/pal_sea_arm/pal_sea_arm_description) by extension 'ignore'
[0.264s] Level 1:colcon.colcon_core.package_identification:_identify(src/pal_sea_arm/pal_sea_arm_description) by extension 'ignore_ament_install'
[0.264s] Level 1:colcon.colcon_core.package_identification:_identify(src/pal_sea_arm/pal_sea_arm_description) by extensions ['colcon_pkg']
[0.264s] Level 1:colcon.colcon_core.package_identification:_identify(src/pal_sea_arm/pal_sea_arm_description) by extension 'colcon_pkg'
[0.264s] Level 1:colcon.colcon_core.package_identification:_identify(src/pal_sea_arm/pal_sea_arm_description) by extensions ['colcon_meta']
[0.264s] Level 1:colcon.colcon_core.package_identification:_identify(src/pal_sea_arm/pal_sea_arm_description) by extension 'colcon_meta'
[0.264s] Level 1:colcon.colcon_core.package_identification:_identify(src/pal_sea_arm/pal_sea_arm_description) by extensions ['ros']
[0.264s] Level 1:colcon.colcon_core.package_identification:_identify(src/pal_sea_arm/pal_sea_arm_description) by extension 'ros'
[0.265s] DEBUG:colcon.colcon_core.package_identification:Package 'src/pal_sea_arm/pal_sea_arm_description' with type 'ros.ament_cmake' and name 'pal_sea_arm_description'
[0.265s] Level 1:colcon.colcon_core.package_identification:_identify(src/pal_urdf_utils) by extensions ['ignore', 'ignore_ament_install']
[0.266s] Level 1:colcon.colcon_core.package_identification:_identify(src/pal_urdf_utils) by extension 'ignore'
[0.266s] Level 1:colcon.colcon_core.package_identification:_identify(src/pal_urdf_utils) by extension 'ignore_ament_install'
[0.266s] Level 1:colcon.colcon_core.package_identification:_identify(src/pal_urdf_utils) by extensions ['colcon_pkg']
[0.266s] Level 1:colcon.colcon_core.package_identification:_identify(src/pal_urdf_utils) by extension 'colcon_pkg'
[0.266s] Level 1:colcon.colcon_core.package_identification:_identify(src/pal_urdf_utils) by extensions ['colcon_meta']
[0.266s] Level 1:colcon.colcon_core.package_identification:_identify(src/pal_urdf_utils) by extension 'colcon_meta'
[0.266s] Level 1:colcon.colcon_core.package_identification:_identify(src/pal_urdf_utils) by extensions ['ros']
[0.266s] Level 1:colcon.colcon_core.package_identification:_identify(src/pal_urdf_utils) by extension 'ros'
[0.266s] DEBUG:colcon.colcon_core.package_identification:Package 'src/pal_urdf_utils' with type 'ros.ament_cmake' and name 'pal_urdf_utils'
[0.266s] Level 1:colcon.colcon_core.package_identification:_identify(src/sensors) by extensions ['ignore', 'ignore_ament_install']
[0.266s] Level 1:colcon.colcon_core.package_identification:_identify(src/sensors) by extension 'ignore'
[0.266s] Level 1:colcon.colcon_core.package_identification:_identify(src/sensors) by extension 'ignore_ament_install'
[0.266s] Level 1:colcon.colcon_core.package_identification:_identify(src/sensors) by extensions ['colcon_pkg']
[0.266s] Level 1:colcon.colcon_core.package_identification:_identify(src/sensors) by extension 'colcon_pkg'
[0.266s] Level 1:colcon.colcon_core.package_identification:_identify(src/sensors) by extensions ['colcon_meta']
[0.266s] Level 1:colcon.colcon_core.package_identification:_identify(src/sensors) by extension 'colcon_meta'
[0.266s] Level 1:colcon.colcon_core.package_identification:_identify(src/sensors) by extensions ['ros']
[0.266s] Level 1:colcon.colcon_core.package_identification:_identify(src/sensors) by extension 'ros'
[0.267s] DEBUG:colcon.colcon_core.package_identification:Package 'src/sensors' with type 'ros.ament_python' and name 'sensors'
[0.267s] Level 1:colcon.colcon_core.package_identification:_identify(src/tiago_pro_head_robot) by extensions ['ignore', 'ignore_ament_install']
[0.267s] Level 1:colcon.colcon_core.package_identification:_identify(src/tiago_pro_head_robot) by extension 'ignore'
[0.267s] Level 1:colcon.colcon_core.package_identification:_identify(src/tiago_pro_head_robot) by extension 'ignore_ament_install'
[0.267s] Level 1:colcon.colcon_core.package_identification:_identify(src/tiago_pro_head_robot) by extensions ['colcon_pkg']
[0.267s] Level 1:colcon.colcon_core.package_identification:_identify(src/tiago_pro_head_robot) by extension 'colcon_pkg'
[0.267s] Level 1:colcon.colcon_core.package_identification:_identify(src/tiago_pro_head_robot) by extensions ['colcon_meta']
[0.267s] Level 1:colcon.colcon_core.package_identification:_identify(src/tiago_pro_head_robot) by extension 'colcon_meta'
[0.267s] Level 1:colcon.colcon_core.package_identification:_identify(src/tiago_pro_head_robot) by extensions ['ros']
[0.267s] Level 1:colcon.colcon_core.package_identification:_identify(src/tiago_pro_head_robot) by extension 'ros'
[0.267s] Level 1:colcon.colcon_core.package_identification:_identify(src/tiago_pro_head_robot) by extensions ['cmake', 'python']
[0.267s] Level 1:colcon.colcon_core.package_identification:_identify(src/tiago_pro_head_robot) by extension 'cmake'
[0.267s] Level 1:colcon.colcon_core.package_identification:_identify(src/tiago_pro_head_robot) by extension 'python'
[0.267s] Level 1:colcon.colcon_core.package_identification:_identify(src/tiago_pro_head_robot) by extensions ['python_setup_py']
[0.267s] Level 1:colcon.colcon_core.package_identification:_identify(src/tiago_pro_head_robot) by extension 'python_setup_py'
[0.267s] Level 1:colcon.colcon_core.package_identification:_identify(src/tiago_pro_head_robot/tiago_pro_head_bringup) by extensions ['ignore', 'ignore_ament_install']
[0.267s] Level 1:colcon.colcon_core.package_identification:_identify(src/tiago_pro_head_robot/tiago_pro_head_bringup) by extension 'ignore'
[0.267s] Level 1:colcon.colcon_core.package_identification:_identify(src/tiago_pro_head_robot/tiago_pro_head_bringup) by extension 'ignore_ament_install'
[0.267s] Level 1:colcon.colcon_core.package_identification:_identify(src/tiago_pro_head_robot/tiago_pro_head_bringup) by extensions ['colcon_pkg']
[0.267s] Level 1:colcon.colcon_core.package_identification:_identify(src/tiago_pro_head_robot/tiago_pro_head_bringup) by extension 'colcon_pkg'
[0.267s] Level 1:colcon.colcon_core.package_identification:_identify(src/tiago_pro_head_robot/tiago_pro_head_bringup) by extensions ['colcon_meta']
[0.267s] Level 1:colcon.colcon_core.package_identification:_identify(src/tiago_pro_head_robot/tiago_pro_head_bringup) by extension 'colcon_meta'
[0.267s] Level 1:colcon.colcon_core.package_identification:_identify(src/tiago_pro_head_robot/tiago_pro_head_bringup) by extensions ['ros']
[0.267s] Level 1:colcon.colcon_core.package_identification:_identify(src/tiago_pro_head_robot/tiago_pro_head_bringup) by extension 'ros'
[0.268s] DEBUG:colcon.colcon_core.package_identification:Package 'src/tiago_pro_head_robot/tiago_pro_head_bringup' with type 'ros.ament_cmake' and name 'tiago_pro_head_bringup'
[0.268s] Level 1:colcon.colcon_core.package_identification:_identify(src/tiago_pro_head_robot/tiago_pro_head_controller_configuration) by extensions ['ignore', 'ignore_ament_install']
[0.268s] Level 1:colcon.colcon_core.package_identification:_identify(src/tiago_pro_head_robot/tiago_pro_head_controller_configuration) by extension 'ignore'
[0.268s] Level 1:colcon.colcon_core.package_identification:_identify(src/tiago_pro_head_robot/tiago_pro_head_controller_configuration) by extension 'ignore_ament_install'
[0.268s] Level 1:colcon.colcon_core.package_identification:_identify(src/tiago_pro_head_robot/tiago_pro_head_controller_configuration) by extensions ['colcon_pkg']
[0.268s] Level 1:colcon.colcon_core.package_identification:_identify(src/tiago_pro_head_robot/tiago_pro_head_controller_configuration) by extension 'colcon_pkg'
[0.268s] Level 1:colcon.colcon_core.package_identification:_identify(src/tiago_pro_head_robot/tiago_pro_head_controller_configuration) by extensions ['colcon_meta']
[0.268s] Level 1:colcon.colcon_core.package_identification:_identify(src/tiago_pro_head_robot/tiago_pro_head_controller_configuration) by extension 'colcon_meta'
[0.268s] Level 1:colcon.colcon_core.package_identification:_identify(src/tiago_pro_head_robot/tiago_pro_head_controller_configuration) by extensions ['ros']
[0.268s] Level 1:colcon.colcon_core.package_identification:_identify(src/tiago_pro_head_robot/tiago_pro_head_controller_configuration) by extension 'ros'
[0.268s] DEBUG:colcon.colcon_core.package_identification:Package 'src/tiago_pro_head_robot/tiago_pro_head_controller_configuration' with type 'ros.ament_cmake' and name 'tiago_pro_head_controller_configuration'
[0.269s] Level 1:colcon.colcon_core.package_identification:_identify(src/tiago_pro_head_robot/tiago_pro_head_description) by extensions ['ignore', 'ignore_ament_install']
[0.269s] Level 1:colcon.colcon_core.package_identification:_identify(src/tiago_pro_head_robot/tiago_pro_head_description) by extension 'ignore'
[0.269s] Level 1:colcon.colcon_core.package_identification:_identify(src/tiago_pro_head_robot/tiago_pro_head_description) by extension 'ignore_ament_install'
[0.269s] Level 1:colcon.colcon_core.package_identification:_identify(src/tiago_pro_head_robot/tiago_pro_head_description) by extensions ['colcon_pkg']
[0.269s] Level 1:colcon.colcon_core.package_identification:_identify(src/tiago_pro_head_robot/tiago_pro_head_description) by extension 'colcon_pkg'
[0.269s] Level 1:colcon.colcon_core.package_identification:_identify(src/tiago_pro_head_robot/tiago_pro_head_description) by extensions ['colcon_meta']
[0.269s] Level 1:colcon.colcon_core.package_identification:_identify(src/tiago_pro_head_robot/tiago_pro_head_description) by extension 'colcon_meta'
[0.269s] Level 1:colcon.colcon_core.package_identification:_identify(src/tiago_pro_head_robot/tiago_pro_head_description) by extensions ['ros']
[0.269s] Level 1:colcon.colcon_core.package_identification:_identify(src/tiago_pro_head_robot/tiago_pro_head_description) by extension 'ros'
[0.270s] DEBUG:colcon.colcon_core.package_identification:Package 'src/tiago_pro_head_robot/tiago_pro_head_description' with type 'ros.ament_cmake' and name 'tiago_pro_head_description'
[0.270s] Level 1:colcon.colcon_core.package_identification:_identify(src/tiago_pro_head_robot/tiago_pro_head_robot) by extensions ['ignore', 'ignore_ament_install']
[0.270s] Level 1:colcon.colcon_core.package_identification:_identify(src/tiago_pro_head_robot/tiago_pro_head_robot) by extension 'ignore'
[0.270s] Level 1:colcon.colcon_core.package_identification:_identify(src/tiago_pro_head_robot/tiago_pro_head_robot) by extension 'ignore_ament_install'
[0.270s] Level 1:colcon.colcon_core.package_identification:_identify(src/tiago_pro_head_robot/tiago_pro_head_robot) by extensions ['colcon_pkg']
[0.270s] Level 1:colcon.colcon_core.package_identification:_identify(src/tiago_pro_head_robot/tiago_pro_head_robot) by extension 'colcon_pkg'
[0.270s] Level 1:colcon.colcon_core.package_identification:_identify(src/tiago_pro_head_robot/tiago_pro_head_robot) by extensions ['colcon_meta']
[0.270s] Level 1:colcon.colcon_core.package_identification:_identify(src/tiago_pro_head_robot/tiago_pro_head_robot) by extension 'colcon_meta'
[0.270s] Level 1:colcon.colcon_core.package_identification:_identify(src/tiago_pro_head_robot/tiago_pro_head_robot) by extensions ['ros']
[0.270s] Level 1:colcon.colcon_core.package_identification:_identify(src/tiago_pro_head_robot/tiago_pro_head_robot) by extension 'ros'
[0.270s] DEBUG:colcon.colcon_core.package_identification:Package 'src/tiago_pro_head_robot/tiago_pro_head_robot' with type 'ros.ament_cmake' and name 'tiago_pro_head_robot'
[0.270s] Level 1:colcon.colcon_core.package_identification:_identify(src/tiago_pro_robot) by extensions ['ignore', 'ignore_ament_install']
[0.270s] Level 1:colcon.colcon_core.package_identification:_identify(src/tiago_pro_robot) by extension 'ignore'
[0.270s] Level 1:colcon.colcon_core.package_identification:_identify(src/tiago_pro_robot) by extension 'ignore_ament_install'
[0.270s] Level 1:colcon.colcon_core.package_identification:_identify(src/tiago_pro_robot) by extensions ['colcon_pkg']
[0.270s] Level 1:colcon.colcon_core.package_identification:_identify(src/tiago_pro_robot) by extension 'colcon_pkg'
[0.270s] Level 1:colcon.colcon_core.package_identification:_identify(src/tiago_pro_robot) by extensions ['colcon_meta']
[0.270s] Level 1:colcon.colcon_core.package_identification:_identify(src/tiago_pro_robot) by extension 'colcon_meta'
[0.270s] Level 1:colcon.colcon_core.package_identification:_identify(src/tiago_pro_robot) by extensions ['ros']
[0.270s] Level 1:colcon.colcon_core.package_identification:_identify(src/tiago_pro_robot) by extension 'ros'
[0.270s] Level 1:colcon.colcon_core.package_identification:_identify(src/tiago_pro_robot) by extensions ['cmake', 'python']
[0.270s] Level 1:colcon.colcon_core.package_identification:_identify(src/tiago_pro_robot) by extension 'cmake'
[0.270s] Level 1:colcon.colcon_core.package_identification:_identify(src/tiago_pro_robot) by extension 'python'
[0.270s] Level 1:colcon.colcon_core.package_identification:_identify(src/tiago_pro_robot) by extensions ['python_setup_py']
[0.270s] Level 1:colcon.colcon_core.package_identification:_identify(src/tiago_pro_robot) by extension 'python_setup_py'
[0.270s] Level 1:colcon.colcon_core.package_identification:_identify(src/tiago_pro_robot/tiago_pro_bringup) by extensions ['ignore', 'ignore_ament_install']
[0.270s] Level 1:colcon.colcon_core.package_identification:_identify(src/tiago_pro_robot/tiago_pro_bringup) by extension 'ignore'
[0.271s] Level 1:colcon.colcon_core.package_identification:_identify(src/tiago_pro_robot/tiago_pro_bringup) by extension 'ignore_ament_install'
[0.271s] Level 1:colcon.colcon_core.package_identification:_identify(src/tiago_pro_robot/tiago_pro_bringup) by extensions ['colcon_pkg']
[0.271s] Level 1:colcon.colcon_core.package_identification:_identify(src/tiago_pro_robot/tiago_pro_bringup) by extension 'colcon_pkg'
[0.271s] Level 1:colcon.colcon_core.package_identification:_identify(src/tiago_pro_robot/tiago_pro_bringup) by extensions ['colcon_meta']
[0.271s] Level 1:colcon.colcon_core.package_identification:_identify(src/tiago_pro_robot/tiago_pro_bringup) by extension 'colcon_meta'
[0.271s] Level 1:colcon.colcon_core.package_identification:_identify(src/tiago_pro_robot/tiago_pro_bringup) by extensions ['ros']
[0.271s] Level 1:colcon.colcon_core.package_identification:_identify(src/tiago_pro_robot/tiago_pro_bringup) by extension 'ros'
[0.272s] DEBUG:colcon.colcon_core.package_identification:Package 'src/tiago_pro_robot/tiago_pro_bringup' with type 'ros.ament_cmake' and name 'tiago_pro_bringup'
[0.272s] Level 1:colcon.colcon_core.package_identification:_identify(src/tiago_pro_robot/tiago_pro_controller_configuration) by extensions ['ignore', 'ignore_ament_install']
[0.272s] Level 1:colcon.colcon_core.package_identification:_identify(src/tiago_pro_robot/tiago_pro_controller_configuration) by extension 'ignore'
[0.272s] Level 1:colcon.colcon_core.package_identification:_identify(src/tiago_pro_robot/tiago_pro_controller_configuration) by extension 'ignore_ament_install'
[0.272s] Level 1:colcon.colcon_core.package_identification:_identify(src/tiago_pro_robot/tiago_pro_controller_configuration) by extensions ['colcon_pkg']
[0.272s] Level 1:colcon.colcon_core.package_identification:_identify(src/tiago_pro_robot/tiago_pro_controller_configuration) by extension 'colcon_pkg'
[0.272s] Level 1:colcon.colcon_core.package_identification:_identify(src/tiago_pro_robot/tiago_pro_controller_configuration) by extensions ['colcon_meta']
[0.272s] Level 1:colcon.colcon_core.package_identification:_identify(src/tiago_pro_robot/tiago_pro_controller_configuration) by extension 'colcon_meta'
[0.272s] Level 1:colcon.colcon_core.package_identification:_identify(src/tiago_pro_robot/tiago_pro_controller_configuration) by extensions ['ros']
[0.272s] Level 1:colcon.colcon_core.package_identification:_identify(src/tiago_pro_robot/tiago_pro_controller_configuration) by extension 'ros'
[0.273s] DEBUG:colcon.colcon_core.package_identification:Package 'src/tiago_pro_robot/tiago_pro_controller_configuration' with type 'ros.ament_cmake' and name 'tiago_pro_controller_configuration'
[0.273s] Level 1:colcon.colcon_core.package_identification:_identify(src/tiago_pro_robot/tiago_pro_description) by extensions ['ignore', 'ignore_ament_install']
[0.273s] Level 1:colcon.colcon_core.package_identification:_identify(src/tiago_pro_robot/tiago_pro_description) by extension 'ignore'
[0.273s] Level 1:colcon.colcon_core.package_identification:_identify(src/tiago_pro_robot/tiago_pro_description) by extension 'ignore_ament_install'
[0.273s] Level 1:colcon.colcon_core.package_identification:_identify(src/tiago_pro_robot/tiago_pro_description) by extensions ['colcon_pkg']
[0.273s] Level 1:colcon.colcon_core.package_identification:_identify(src/tiago_pro_robot/tiago_pro_description) by extension 'colcon_pkg'
[0.273s] Level 1:colcon.colcon_core.package_identification:_identify(src/tiago_pro_robot/tiago_pro_description) by extensions ['colcon_meta']
[0.273s] Level 1:colcon.colcon_core.package_identification:_identify(src/tiago_pro_robot/tiago_pro_description) by extension 'colcon_meta'
[0.273s] Level 1:colcon.colcon_core.package_identification:_identify(src/tiago_pro_robot/tiago_pro_description) by extensions ['ros']
[0.273s] Level 1:colcon.colcon_core.package_identification:_identify(src/tiago_pro_robot/tiago_pro_description) by extension 'ros'
[0.274s] DEBUG:colcon.colcon_core.package_identification:Package 'src/tiago_pro_robot/tiago_pro_description' with type 'ros.ament_cmake' and name 'tiago_pro_description'
[0.274s] Level 1:colcon.colcon_core.package_identification:_identify(src/tiago_pro_robot/tiago_pro_robot) by extensions ['ignore', 'ignore_ament_install']
[0.274s] Level 1:colcon.colcon_core.package_identification:_identify(src/tiago_pro_robot/tiago_pro_robot) by extension 'ignore'
[0.274s] Level 1:colcon.colcon_core.package_identification:_identify(src/tiago_pro_robot/tiago_pro_robot) by extension 'ignore_ament_install'
[0.274s] Level 1:colcon.colcon_core.package_identification:_identify(src/tiago_pro_robot/tiago_pro_robot) by extensions ['colcon_pkg']
[0.274s] Level 1:colcon.colcon_core.package_identification:_identify(src/tiago_pro_robot/tiago_pro_robot) by extension 'colcon_pkg'
[0.274s] Level 1:colcon.colcon_core.package_identification:_identify(src/tiago_pro_robot/tiago_pro_robot) by extensions ['colcon_meta']
[0.274s] Level 1:colcon.colcon_core.package_identification:_identify(src/tiago_pro_robot/tiago_pro_robot) by extension 'colcon_meta'
[0.274s] Level 1:colcon.colcon_core.package_identification:_identify(src/tiago_pro_robot/tiago_pro_robot) by extensions ['ros']
[0.274s] Level 1:colcon.colcon_core.package_identification:_identify(src/tiago_pro_robot/tiago_pro_robot) by extension 'ros'
[0.275s] DEBUG:colcon.colcon_core.package_identification:Package 'src/tiago_pro_robot/tiago_pro_robot' with type 'ros.ament_cmake' and name 'tiago_pro_robot'
[0.275s] Level 1:colcon.colcon_core.package_discovery:discover_packages(recursive) using defaults
[0.275s] Level 1:colcon.colcon_core.package_discovery:discover_packages(ignore) discover
[0.275s] Level 1:colcon.colcon_core.package_discovery:discover_packages(ignore) using defaults
[0.275s] Level 1:colcon.colcon_core.package_discovery:discover_packages(path) discover
[0.275s] Level 1:colcon.colcon_core.package_discovery:discover_packages(path) using defaults
[0.302s] Level 5:colcon.colcon_core.verb:set package 'erc_description' build argument 'cmake_args' from command line to 'None'
[0.302s] Level 5:colcon.colcon_core.verb:set package 'erc_description' build argument 'cmake_target' from command line to 'None'
[0.302s] Level 5:colcon.colcon_core.verb:set package 'erc_description' build argument 'cmake_target_skip_unavailable' from command line to 'False'
[0.302s] Level 5:colcon.colcon_core.verb:set package 'erc_description' build argument 'cmake_clean_cache' from command line to 'False'
[0.302s] Level 5:colcon.colcon_core.verb:set package 'erc_description' build argument 'cmake_clean_first' from command line to 'False'
[0.302s] Level 5:colcon.colcon_core.verb:set package 'erc_description' build argument 'cmake_force_configure' from command line to 'False'
[0.302s] Level 5:colcon.colcon_core.verb:set package 'erc_description' build argument 'ament_cmake_args' from command line to 'None'
[0.302s] Level 5:colcon.colcon_core.verb:set package 'erc_description' build argument 'catkin_cmake_args' from command line to 'None'
[0.302s] Level 5:colcon.colcon_core.verb:set package 'erc_description' build argument 'catkin_skip_building_tests' from command line to 'False'
[0.302s] DEBUG:colcon.colcon_core.verb:Building package 'erc_description' with the following arguments: {'ament_cmake_args': None, 'build_base': '/opt/erc_ws/build/erc_description', 'catkin_cmake_args': None, 'catkin_skip_building_tests': False, 'cmake_args': None, 'cmake_clean_cache': False, 'cmake_clean_first': False, 'cmake_force_configure': False, 'cmake_target': None, 'cmake_target_skip_unavailable': False, 'install_base': '/opt/erc_ws/install/erc_description', 'merge_install': False, 'path': '/opt/erc_ws/src/erc_description', 'symlink_install': False, 'test_result_base': None}
[0.302s] Level 5:colcon.colcon_core.verb:set package 'erc_solution' build argument 'cmake_args' from command line to 'None'
[0.302s] Level 5:colcon.colcon_core.verb:set package 'erc_solution' build argument 'cmake_target' from command line to 'None'
[0.302s] Level 5:colcon.colcon_core.verb:set package 'erc_solution' build argument 'cmake_target_skip_unavailable' from command line to 'False'
[0.302s] Level 5:colcon.colcon_core.verb:set package 'erc_solution' build argument 'cmake_clean_cache' from command line to 'False'
[0.302s] Level 5:colcon.colcon_core.verb:set package 'erc_solution' build argument 'cmake_clean_first' from command line to 'False'
[0.302s] Level 5:colcon.colcon_core.verb:set package 'erc_solution' build argument 'cmake_force_configure' from command line to 'False'
[0.302s] Level 5:colcon.colcon_core.verb:set package 'erc_solution' build argument 'ament_cmake_args' from command line to 'None'
[0.302s] Level 5:colcon.colcon_core.verb:set package 'erc_solution' build argument 'catkin_cmake_args' from command line to 'None'
[0.302s] Level 5:colcon.colcon_core.verb:set package 'erc_solution' build argument 'catkin_skip_building_tests' from command line to 'False'
[0.302s] DEBUG:colcon.colcon_core.verb:Building package 'erc_solution' with the following arguments: {'ament_cmake_args': None, 'build_base': '/opt/erc_ws/build/erc_solution', 'catkin_cmake_args': None, 'catkin_skip_building_tests': False, 'cmake_args': None, 'cmake_clean_cache': False, 'cmake_clean_first': False, 'cmake_force_configure': False, 'cmake_target': None, 'cmake_target_skip_unavailable': False, 'install_base': '/opt/erc_ws/install/erc_solution', 'merge_install': False, 'path': '/opt/erc_ws/src/erc_solution', 'symlink_install': False, 'test_result_base': None}
[0.302s] Level 5:colcon.colcon_core.verb:set package 'gz_ros2_control' build argument 'cmake_args' from command line to 'None'
[0.302s] Level 5:colcon.colcon_core.verb:set package 'gz_ros2_control' build argument 'cmake_target' from command line to 'None'
[0.302s] Level 5:colcon.colcon_core.verb:set package 'gz_ros2_control' build argument 'cmake_target_skip_unavailable' from command line to 'False'
[0.302s] Level 5:colcon.colcon_core.verb:set package 'gz_ros2_control' build argument 'cmake_clean_cache' from command line to 'False'
[0.302s] Level 5:colcon.colcon_core.verb:set package 'gz_ros2_control' build argument 'cmake_clean_first' from command line to 'False'
[0.302s] Level 5:colcon.colcon_core.verb:set package 'gz_ros2_control' build argument 'cmake_force_configure' from command line to 'False'
[0.302s] Level 5:colcon.colcon_core.verb:set package 'gz_ros2_control' build argument 'ament_cmake_args' from command line to 'None'
[0.302s] Level 5:colcon.colcon_core.verb:set package 'gz_ros2_control' build argument 'catkin_cmake_args' from command line to 'None'
[0.302s] Level 5:colcon.colcon_core.verb:set package 'gz_ros2_control' build argument 'catkin_skip_building_tests' from command line to 'False'
[0.302s] DEBUG:colcon.colcon_core.verb:Building package 'gz_ros2_control' with the following arguments: {'ament_cmake_args': None, 'build_base': '/opt/erc_ws/build/gz_ros2_control', 'catkin_cmake_args': None, 'catkin_skip_building_tests': False, 'cmake_args': None, 'cmake_clean_cache': False, 'cmake_clean_first': False, 'cmake_force_configure': False, 'cmake_target': None, 'cmake_target_skip_unavailable': False, 'install_base': '/opt/erc_ws/install/gz_ros2_control', 'merge_install': False, 'path': '/opt/erc_ws/src/gz_ros2_control/gz_ros2_control', 'symlink_install': False, 'test_result_base': None}
[0.303s] Level 5:colcon.colcon_core.verb:set package 'launch_pal' build argument 'cmake_args' from command line to 'None'
[0.303s] Level 5:colcon.colcon_core.verb:set package 'launch_pal' build argument 'cmake_target' from command line to 'None'
[0.303s] Level 5:colcon.colcon_core.verb:set package 'launch_pal' build argument 'cmake_target_skip_unavailable' from command line to 'False'
[0.303s] Level 5:colcon.colcon_core.verb:set package 'launch_pal' build argument 'cmake_clean_cache' from command line to 'False'
[0.303s] Level 5:colcon.colcon_core.verb:set package 'launch_pal' build argument 'cmake_clean_first' from command line to 'False'
[0.303s] Level 5:colcon.colcon_core.verb:set package 'launch_pal' build argument 'cmake_force_configure' from command line to 'False'
[0.303s] Level 5:colcon.colcon_core.verb:set package 'launch_pal' build argument 'ament_cmake_args' from command line to 'None'
[0.303s] Level 5:colcon.colcon_core.verb:set package 'launch_pal' build argument 'catkin_cmake_args' from command line to 'None'
[0.303s] Level 5:colcon.colcon_core.verb:set package 'launch_pal' build argument 'catkin_skip_building_tests' from command line to 'False'
[0.303s] DEBUG:colcon.colcon_core.verb:Building package 'launch_pal' with the following arguments: {'ament_cmake_args': None, 'build_base': '/opt/erc_ws/build/launch_pal', 'catkin_cmake_args': None, 'catkin_skip_building_tests': False, 'cmake_args': None, 'cmake_clean_cache': False, 'cmake_clean_first': False, 'cmake_force_configure': False, 'cmake_target': None, 'cmake_target_skip_unavailable': False, 'install_base': '/opt/erc_ws/install/launch_pal', 'merge_install': False, 'path': '/opt/erc_ws/src/launch_pal', 'symlink_install': False, 'test_result_base': None}
[0.303s] Level 5:colcon.colcon_core.verb:set package 'omni_base_controller_configuration' build argument 'cmake_args' from command line to 'None'
[0.303s] Level 5:colcon.colcon_core.verb:set package 'omni_base_controller_configuration' build argument 'cmake_target' from command line to 'None'
[0.303s] Level 5:colcon.colcon_core.verb:set package 'omni_base_controller_configuration' build argument 'cmake_target_skip_unavailable' from command line to 'False'
[0.303s] Level 5:colcon.colcon_core.verb:set package 'omni_base_controller_configuration' build argument 'cmake_clean_cache' from command line to 'False'
[0.303s] Level 5:colcon.colcon_core.verb:set package 'omni_base_controller_configuration' build argument 'cmake_clean_first' from command line to 'False'
[0.303s] Level 5:colcon.colcon_core.verb:set package 'omni_base_controller_configuration' build argument 'cmake_force_configure' from command line to 'False'
[0.303s] Level 5:colcon.colcon_core.verb:set package 'omni_base_controller_configuration' build argument 'ament_cmake_args' from command line to 'None'
[0.303s] Level 5:colcon.colcon_core.verb:set package 'omni_base_controller_configuration' build argument 'catkin_cmake_args' from command line to 'None'
[0.303s] Level 5:colcon.colcon_core.verb:set package 'omni_base_controller_configuration' build argument 'catkin_skip_building_tests' from command line to 'False'
[0.303s] DEBUG:colcon.colcon_core.verb:Building package 'omni_base_controller_configuration' with the following arguments: {'ament_cmake_args': None, 'build_base': '/opt/erc_ws/build/omni_base_controller_configuration', 'catkin_cmake_args': None, 'catkin_skip_building_tests': False, 'cmake_args': None, 'cmake_clean_cache': False, 'cmake_clean_first': False, 'cmake_force_configure': False, 'cmake_target': None, 'cmake_target_skip_unavailable': False, 'install_base': '/opt/erc_ws/install/omni_base_controller_configuration', 'merge_install': False, 'path': '/opt/erc_ws/src/omni_base_robot/omni_base_controller_configuration', 'symlink_install': False, 'test_result_base': None}
[0.303s] Level 5:colcon.colcon_core.verb:set package 'pal_gripper_controller_configuration' build argument 'cmake_args' from command line to 'None'
[0.303s] Level 5:colcon.colcon_core.verb:set package 'pal_gripper_controller_configuration' build argument 'cmake_target' from command line to 'None'
[0.303s] Level 5:colcon.colcon_core.verb:set package 'pal_gripper_controller_configuration' build argument 'cmake_target_skip_unavailable' from command line to 'False'
[0.303s] Level 5:colcon.colcon_core.verb:set package 'pal_gripper_controller_configuration' build argument 'cmake_clean_cache' from command line to 'False'
[0.303s] Level 5:colcon.colcon_core.verb:set package 'pal_gripper_controller_configuration' build argument 'cmake_clean_first' from command line to 'False'
[0.303s] Level 5:colcon.colcon_core.verb:set package 'pal_gripper_controller_configuration' build argument 'cmake_force_configure' from command line to 'False'
[0.303s] Level 5:colcon.colcon_core.verb:set package 'pal_gripper_controller_configuration' build argument 'ament_cmake_args' from command line to 'None'
[0.303s] Level 5:colcon.colcon_core.verb:set package 'pal_gripper_controller_configuration' build argument 'catkin_cmake_args' from command line to 'None'
[0.303s] Level 5:colcon.colcon_core.verb:set package 'pal_gripper_controller_configuration' build argument 'catkin_skip_building_tests' from command line to 'False'
[0.303s] DEBUG:colcon.colcon_core.verb:Building package 'pal_gripper_controller_configuration' with the following arguments: {'ament_cmake_args': None, 'build_base': '/opt/erc_ws/build/pal_gripper_controller_configuration', 'catkin_cmake_args': None, 'catkin_skip_building_tests': False, 'cmake_args': None, 'cmake_clean_cache': False, 'cmake_clean_first': False, 'cmake_force_configure': False, 'cmake_target': None, 'cmake_target_skip_unavailable': False, 'install_base': '/opt/erc_ws/install/pal_gripper_controller_configuration', 'merge_install': False, 'path': '/opt/erc_ws/src/pal_gripper/pal_gripper_controller_configuration', 'symlink_install': False, 'test_result_base': None}
[0.304s] Level 5:colcon.colcon_core.verb:set package 'pal_pro_gripper_wrapper' build argument 'cmake_args' from command line to 'None'
[0.304s] Level 5:colcon.colcon_core.verb:set package 'pal_pro_gripper_wrapper' build argument 'cmake_target' from command line to 'None'
[0.304s] Level 5:colcon.colcon_core.verb:set package 'pal_pro_gripper_wrapper' build argument 'cmake_target_skip_unavailable' from command line to 'False'
[0.304s] Level 5:colcon.colcon_core.verb:set package 'pal_pro_gripper_wrapper' build argument 'cmake_clean_cache' from command line to 'False'
[0.304s] Level 5:colcon.colcon_core.verb:set package 'pal_pro_gripper_wrapper' build argument 'cmake_clean_first' from command line to 'False'
[0.304s] Level 5:colcon.colcon_core.verb:set package 'pal_pro_gripper_wrapper' build argument 'cmake_force_configure' from command line to 'False'
[0.304s] Level 5:colcon.colcon_core.verb:set package 'pal_pro_gripper_wrapper' build argument 'ament_cmake_args' from command line to 'None'
[0.304s] Level 5:colcon.colcon_core.verb:set package 'pal_pro_gripper_wrapper' build argument 'catkin_cmake_args' from command line to 'None'
[0.304s] Level 5:colcon.colcon_core.verb:set package 'pal_pro_gripper_wrapper' build argument 'catkin_skip_building_tests' from command line to 'False'
[0.304s] DEBUG:colcon.colcon_core.verb:Building package 'pal_pro_gripper_wrapper' with the following arguments: {'ament_cmake_args': None, 'build_base': '/opt/erc_ws/build/pal_pro_gripper_wrapper', 'catkin_cmake_args': None, 'catkin_skip_building_tests': False, 'cmake_args': None, 'cmake_clean_cache': False, 'cmake_clean_first': False, 'cmake_force_configure': False, 'cmake_target': None, 'cmake_target_skip_unavailable': False, 'install_base': '/opt/erc_ws/install/pal_pro_gripper_wrapper', 'merge_install': False, 'path': '/opt/erc_ws/src/pal_pro_gripper/pal_pro_gripper_wrapper', 'symlink_install': False, 'test_result_base': None}
[0.304s] Level 5:colcon.colcon_core.verb:set package 'pal_urdf_utils' build argument 'cmake_args' from command line to 'None'
[0.304s] Level 5:colcon.colcon_core.verb:set package 'pal_urdf_utils' build argument 'cmake_target' from command line to 'None'
[0.304s] Level 5:colcon.colcon_core.verb:set package 'pal_urdf_utils' build argument 'cmake_target_skip_unavailable' from command line to 'False'
[0.304s] Level 5:colcon.colcon_core.verb:set package 'pal_urdf_utils' build argument 'cmake_clean_cache' from command line to 'False'
[0.304s] Level 5:colcon.colcon_core.verb:set package 'pal_urdf_utils' build argument 'cmake_clean_first' from command line to 'False'
[0.304s] Level 5:colcon.colcon_core.verb:set package 'pal_urdf_utils' build argument 'cmake_force_configure' from command line to 'False'
[0.304s] Level 5:colcon.colcon_core.verb:set package 'pal_urdf_utils' build argument 'ament_cmake_args' from command line to 'None'
[0.304s] Level 5:colcon.colcon_core.verb:set package 'pal_urdf_utils' build argument 'catkin_cmake_args' from command line to 'None'
[0.304s] Level 5:colcon.colcon_core.verb:set package 'pal_urdf_utils' build argument 'catkin_skip_building_tests' from command line to 'False'
[0.304s] DEBUG:colcon.colcon_core.verb:Building package 'pal_urdf_utils' with the following arguments: {'ament_cmake_args': None, 'build_base': '/opt/erc_ws/build/pal_urdf_utils', 'catkin_cmake_args': None, 'catkin_skip_building_tests': False, 'cmake_args': None, 'cmake_clean_cache': False, 'cmake_clean_first': False, 'cmake_force_configure': False, 'cmake_target': None, 'cmake_target_skip_unavailable': False, 'install_base': '/opt/erc_ws/install/pal_urdf_utils', 'merge_install': False, 'path': '/opt/erc_ws/src/pal_urdf_utils', 'symlink_install': False, 'test_result_base': None}
[0.304s] Level 5:colcon.colcon_core.verb:set package 'sensors' build argument 'cmake_args' from command line to 'None'
[0.304s] Level 5:colcon.colcon_core.verb:set package 'sensors' build argument 'cmake_target' from command line to 'None'
[0.304s] Level 5:colcon.colcon_core.verb:set package 'sensors' build argument 'cmake_target_skip_unavailable' from command line to 'False'
[0.304s] Level 5:colcon.colcon_core.verb:set package 'sensors' build argument 'cmake_clean_cache' from command line to 'False'
[0.304s] Level 5:colcon.colcon_core.verb:set package 'sensors' build argument 'cmake_clean_first' from command line to 'False'
[0.304s] Level 5:colcon.colcon_core.verb:set package 'sensors' build argument 'cmake_force_configure' from command line to 'False'
[0.304s] Level 5:colcon.colcon_core.verb:set package 'sensors' build argument 'ament_cmake_args' from command line to 'None'
[0.304s] Level 5:colcon.colcon_core.verb:set package 'sensors' build argument 'catkin_cmake_args' from command line to 'None'
[0.304s] Level 5:colcon.colcon_core.verb:set package 'sensors' build argument 'catkin_skip_building_tests' from command line to 'False'
[0.304s] DEBUG:colcon.colcon_core.verb:Building package 'sensors' with the following arguments: {'ament_cmake_args': None, 'build_base': '/opt/erc_ws/build/sensors', 'catkin_cmake_args': None, 'catkin_skip_building_tests': False, 'cmake_args': None, 'cmake_clean_cache': False, 'cmake_clean_first': False, 'cmake_force_configure': False, 'cmake_target': None, 'cmake_target_skip_unavailable': False, 'install_base': '/opt/erc_ws/install/sensors', 'merge_install': False, 'path': '/opt/erc_ws/src/sensors', 'symlink_install': False, 'test_result_base': None}
[0.304s] Level 5:colcon.colcon_core.verb:set package 'omni_base_description' build argument 'cmake_args' from command line to 'None'
[0.304s] Level 5:colcon.colcon_core.verb:set package 'omni_base_description' build argument 'cmake_target' from command line to 'None'
[0.304s] Level 5:colcon.colcon_core.verb:set package 'omni_base_description' build argument 'cmake_target_skip_unavailable' from command line to 'False'
[0.304s] Level 5:colcon.colcon_core.verb:set package 'omni_base_description' build argument 'cmake_clean_cache' from command line to 'False'
[0.304s] Level 5:colcon.colcon_core.verb:set package 'omni_base_description' build argument 'cmake_clean_first' from command line to 'False'
[0.304s] Level 5:colcon.colcon_core.verb:set package 'omni_base_description' build argument 'cmake_force_configure' from command line to 'False'
[0.304s] Level 5:colcon.colcon_core.verb:set package 'omni_base_description' build argument 'ament_cmake_args' from command line to 'None'
[0.304s] Level 5:colcon.colcon_core.verb:set package 'omni_base_description' build argument 'catkin_cmake_args' from command line to 'None'
[0.304s] Level 5:colcon.colcon_core.verb:set package 'omni_base_description' build argument 'catkin_skip_building_tests' from command line to 'False'
[0.305s] DEBUG:colcon.colcon_core.verb:Building package 'omni_base_description' with the following arguments: {'ament_cmake_args': None, 'build_base': '/opt/erc_ws/build/omni_base_description', 'catkin_cmake_args': None, 'catkin_skip_building_tests': False, 'cmake_args': None, 'cmake_clean_cache': False, 'cmake_clean_first': False, 'cmake_force_configure': False, 'cmake_target': None, 'cmake_target_skip_unavailable': False, 'install_base': '/opt/erc_ws/install/omni_base_description', 'merge_install': False, 'path': '/opt/erc_ws/src/omni_base_robot/omni_base_description', 'symlink_install': False, 'test_result_base': None}
[0.305s] Level 5:colcon.colcon_core.verb:set package 'pal_gripper_description' build argument 'cmake_args' from command line to 'None'
[0.305s] Level 5:colcon.colcon_core.verb:set package 'pal_gripper_description' build argument 'cmake_target' from command line to 'None'
[0.305s] Level 5:colcon.colcon_core.verb:set package 'pal_gripper_description' build argument 'cmake_target_skip_unavailable' from command line to 'False'
[0.305s] Level 5:colcon.colcon_core.verb:set package 'pal_gripper_description' build argument 'cmake_clean_cache' from command line to 'False'
[0.305s] Level 5:colcon.colcon_core.verb:set package 'pal_gripper_description' build argument 'cmake_clean_first' from command line to 'False'
[0.305s] Level 5:colcon.colcon_core.verb:set package 'pal_gripper_description' build argument 'cmake_force_configure' from command line to 'False'
[0.305s] Level 5:colcon.colcon_core.verb:set package 'pal_gripper_description' build argument 'ament_cmake_args' from command line to 'None'
[0.305s] Level 5:colcon.colcon_core.verb:set package 'pal_gripper_description' build argument 'catkin_cmake_args' from command line to 'None'
[0.305s] Level 5:colcon.colcon_core.verb:set package 'pal_gripper_description' build argument 'catkin_skip_building_tests' from command line to 'False'
[0.305s] DEBUG:colcon.colcon_core.verb:Building package 'pal_gripper_description' with the following arguments: {'ament_cmake_args': None, 'build_base': '/opt/erc_ws/build/pal_gripper_description', 'catkin_cmake_args': None, 'catkin_skip_building_tests': False, 'cmake_args': None, 'cmake_clean_cache': False, 'cmake_clean_first': False, 'cmake_force_configure': False, 'cmake_target': None, 'cmake_target_skip_unavailable': False, 'install_base': '/opt/erc_ws/install/pal_gripper_description', 'merge_install': False, 'path': '/opt/erc_ws/src/pal_gripper/pal_gripper_description', 'symlink_install': False, 'test_result_base': None}
[0.305s] Level 5:colcon.colcon_core.verb:set package 'pal_pro_gripper_controller_configuration' build argument 'cmake_args' from command line to 'None'
[0.305s] Level 5:colcon.colcon_core.verb:set package 'pal_pro_gripper_controller_configuration' build argument 'cmake_target' from command line to 'None'
[0.305s] Level 5:colcon.colcon_core.verb:set package 'pal_pro_gripper_controller_configuration' build argument 'cmake_target_skip_unavailable' from command line to 'False'
[0.305s] Level 5:colcon.colcon_core.verb:set package 'pal_pro_gripper_controller_configuration' build argument 'cmake_clean_cache' from command line to 'False'
[0.305s] Level 5:colcon.colcon_core.verb:set package 'pal_pro_gripper_controller_configuration' build argument 'cmake_clean_first' from command line to 'False'
[0.305s] Level 5:colcon.colcon_core.verb:set package 'pal_pro_gripper_controller_configuration' build argument 'cmake_force_configure' from command line to 'False'
[0.305s] Level 5:colcon.colcon_core.verb:set package 'pal_pro_gripper_controller_configuration' build argument 'ament_cmake_args' from command line to 'None'
[0.305s] Level 5:colcon.colcon_core.verb:set package 'pal_pro_gripper_controller_configuration' build argument 'catkin_cmake_args' from command line to 'None'
[0.305s] Level 5:colcon.colcon_core.verb:set package 'pal_pro_gripper_controller_configuration' build argument 'catkin_skip_building_tests' from command line to 'False'
[0.305s] DEBUG:colcon.colcon_core.verb:Building package 'pal_pro_gripper_controller_configuration' with the following arguments: {'ament_cmake_args': None, 'build_base': '/opt/erc_ws/build/pal_pro_gripper_controller_configuration', 'catkin_cmake_args': None, 'catkin_skip_building_tests': False, 'cmake_args': None, 'cmake_clean_cache': False, 'cmake_clean_first': False, 'cmake_force_configure': False, 'cmake_target': None, 'cmake_target_skip_unavailable': False, 'install_base': '/opt/erc_ws/install/pal_pro_gripper_controller_configuration', 'merge_install': False, 'path': '/opt/erc_ws/src/pal_pro_gripper/pal_pro_gripper_controller_configuration', 'symlink_install': False, 'test_result_base': None}
[0.305s] Level 5:colcon.colcon_core.verb:set package 'pal_pro_gripper_description' build argument 'cmake_args' from command line to 'None'
[0.305s] Level 5:colcon.colcon_core.verb:set package 'pal_pro_gripper_description' build argument 'cmake_target' from command line to 'None'
[0.305s] Level 5:colcon.colcon_core.verb:set package 'pal_pro_gripper_description' build argument 'cmake_target_skip_unavailable' from command line to 'False'
[0.305s] Level 5:colcon.colcon_core.verb:set package 'pal_pro_gripper_description' build argument 'cmake_clean_cache' from command line to 'False'
[0.305s] Level 5:colcon.colcon_core.verb:set package 'pal_pro_gripper_description' build argument 'cmake_clean_first' from command line to 'False'
[0.305s] Level 5:colcon.colcon_core.verb:set package 'pal_pro_gripper_description' build argument 'cmake_force_configure' from command line to 'False'
[0.305s] Level 5:colcon.colcon_core.verb:set package 'pal_pro_gripper_description' build argument 'ament_cmake_args' from command line to 'None'
[0.305s] Level 5:colcon.colcon_core.verb:set package 'pal_pro_gripper_description' build argument 'catkin_cmake_args' from command line to 'None'
[0.305s] Level 5:colcon.colcon_core.verb:set package 'pal_pro_gripper_description' build argument 'catkin_skip_building_tests' from command line to 'False'
[0.305s] DEBUG:colcon.colcon_core.verb:Building package 'pal_pro_gripper_description' with the following arguments: {'ament_cmake_args': None, 'build_base': '/opt/erc_ws/build/pal_pro_gripper_description', 'catkin_cmake_args': None, 'catkin_skip_building_tests': False, 'cmake_args': None, 'cmake_clean_cache': False, 'cmake_clean_first': False, 'cmake_force_configure': False, 'cmake_target': None, 'cmake_target_skip_unavailable': False, 'install_base': '/opt/erc_ws/install/pal_pro_gripper_description', 'merge_install': False, 'path': '/opt/erc_ws/src/pal_pro_gripper/pal_pro_gripper_description', 'symlink_install': False, 'test_result_base': None}
[0.306s] Level 5:colcon.colcon_core.verb:set package 'tiago_pro_head_controller_configuration' build argument 'cmake_args' from command line to 'None'
[0.306s] Level 5:colcon.colcon_core.verb:set package 'tiago_pro_head_controller_configuration' build argument 'cmake_target' from command line to 'None'
[0.306s] Level 5:colcon.colcon_core.verb:set package 'tiago_pro_head_controller_configuration' build argument 'cmake_target_skip_unavailable' from command line to 'False'
[0.306s] Level 5:colcon.colcon_core.verb:set package 'tiago_pro_head_controller_configuration' build argument 'cmake_clean_cache' from command line to 'False'
[0.306s] Level 5:colcon.colcon_core.verb:set package 'tiago_pro_head_controller_configuration' build argument 'cmake_clean_first' from command line to 'False'
[0.306s] Level 5:colcon.colcon_core.verb:set package 'tiago_pro_head_controller_configuration' build argument 'cmake_force_configure' from command line to 'False'
[0.306s] Level 5:colcon.colcon_core.verb:set package 'tiago_pro_head_controller_configuration' build argument 'ament_cmake_args' from command line to 'None'
[0.306s] Level 5:colcon.colcon_core.verb:set package 'tiago_pro_head_controller_configuration' build argument 'catkin_cmake_args' from command line to 'None'
[0.306s] Level 5:colcon.colcon_core.verb:set package 'tiago_pro_head_controller_configuration' build argument 'catkin_skip_building_tests' from command line to 'False'
[0.306s] DEBUG:colcon.colcon_core.verb:Building package 'tiago_pro_head_controller_configuration' with the following arguments: {'ament_cmake_args': None, 'build_base': '/opt/erc_ws/build/tiago_pro_head_controller_configuration', 'catkin_cmake_args': None, 'catkin_skip_building_tests': False, 'cmake_args': None, 'cmake_clean_cache': False, 'cmake_clean_first': False, 'cmake_force_configure': False, 'cmake_target': None, 'cmake_target_skip_unavailable': False, 'install_base': '/opt/erc_ws/install/tiago_pro_head_controller_configuration', 'merge_install': False, 'path': '/opt/erc_ws/src/tiago_pro_head_robot/tiago_pro_head_controller_configuration', 'symlink_install': False, 'test_result_base': None}
[0.306s] Level 5:colcon.colcon_core.verb:set package 'omni_base_bringup' build argument 'cmake_args' from command line to 'None'
[0.306s] Level 5:colcon.colcon_core.verb:set package 'omni_base_bringup' build argument 'cmake_target' from command line to 'None'
[0.306s] Level 5:colcon.colcon_core.verb:set package 'omni_base_bringup' build argument 'cmake_target_skip_unavailable' from command line to 'False'
[0.306s] Level 5:colcon.colcon_core.verb:set package 'omni_base_bringup' build argument 'cmake_clean_cache' from command line to 'False'
[0.306s] Level 5:colcon.colcon_core.verb:set package 'omni_base_bringup' build argument 'cmake_clean_first' from command line to 'False'
[0.306s] Level 5:colcon.colcon_core.verb:set package 'omni_base_bringup' build argument 'cmake_force_configure' from command line to 'False'
[0.306s] Level 5:colcon.colcon_core.verb:set package 'omni_base_bringup' build argument 'ament_cmake_args' from command line to 'None'
[0.306s] Level 5:colcon.colcon_core.verb:set package 'omni_base_bringup' build argument 'catkin_cmake_args' from command line to 'None'
[0.306s] Level 5:colcon.colcon_core.verb:set package 'omni_base_bringup' build argument 'catkin_skip_building_tests' from command line to 'False'
[0.306s] DEBUG:colcon.colcon_core.verb:Building package 'omni_base_bringup' with the following arguments: {'ament_cmake_args': None, 'build_base': '/opt/erc_ws/build/omni_base_bringup', 'catkin_cmake_args': None, 'catkin_skip_building_tests': False, 'cmake_args': None, 'cmake_clean_cache': False, 'cmake_clean_first': False, 'cmake_force_configure': False, 'cmake_target': None, 'cmake_target_skip_unavailable': False, 'install_base': '/opt/erc_ws/install/omni_base_bringup', 'merge_install': False, 'path': '/opt/erc_ws/src/omni_base_robot/omni_base_bringup', 'symlink_install': False, 'test_result_base': None}
[0.306s] Level 5:colcon.colcon_core.verb:set package 'pal_gripper' build argument 'cmake_args' from command line to 'None'
[0.306s] Level 5:colcon.colcon_core.verb:set package 'pal_gripper' build argument 'cmake_target' from command line to 'None'
[0.306s] Level 5:colcon.colcon_core.verb:set package 'pal_gripper' build argument 'cmake_target_skip_unavailable' from command line to 'False'
[0.306s] Level 5:colcon.colcon_core.verb:set package 'pal_gripper' build argument 'cmake_clean_cache' from command line to 'False'
[0.306s] Level 5:colcon.colcon_core.verb:set package 'pal_gripper' build argument 'cmake_clean_first' from command line to 'False'
[0.306s] Level 5:colcon.colcon_core.verb:set package 'pal_gripper' build argument 'cmake_force_configure' from command line to 'False'
[0.306s] Level 5:colcon.colcon_core.verb:set package 'pal_gripper' build argument 'ament_cmake_args' from command line to 'None'
[0.306s] Level 5:colcon.colcon_core.verb:set package 'pal_gripper' build argument 'catkin_cmake_args' from command line to 'None'
[0.306s] Level 5:colcon.colcon_core.verb:set package 'pal_gripper' build argument 'catkin_skip_building_tests' from command line to 'False'
[0.306s] DEBUG:colcon.colcon_core.verb:Building package 'pal_gripper' with the following arguments: {'ament_cmake_args': None, 'build_base': '/opt/erc_ws/build/pal_gripper', 'catkin_cmake_args': None, 'catkin_skip_building_tests': False, 'cmake_args': None, 'cmake_clean_cache': False, 'cmake_clean_first': False, 'cmake_force_configure': False, 'cmake_target': None, 'cmake_target_skip_unavailable': False, 'install_base': '/opt/erc_ws/install/pal_gripper', 'merge_install': False, 'path': '/opt/erc_ws/src/pal_gripper/pal_gripper', 'symlink_install': False, 'test_result_base': None}
[0.306s] Level 5:colcon.colcon_core.verb:set package 'pal_gripper_simulation' build argument 'cmake_args' from command line to 'None'
[0.306s] Level 5:colcon.colcon_core.verb:set package 'pal_gripper_simulation' build argument 'cmake_target' from command line to 'None'
[0.306s] Level 5:colcon.colcon_core.verb:set package 'pal_gripper_simulation' build argument 'cmake_target_skip_unavailable' from command line to 'False'
[0.306s] Level 5:colcon.colcon_core.verb:set package 'pal_gripper_simulation' build argument 'cmake_clean_cache' from command line to 'False'
[0.306s] Level 5:colcon.colcon_core.verb:set package 'pal_gripper_simulation' build argument 'cmake_clean_first' from command line to 'False'
[0.306s] Level 5:colcon.colcon_core.verb:set package 'pal_gripper_simulation' build argument 'cmake_force_configure' from command line to 'False'
[0.306s] Level 5:colcon.colcon_core.verb:set package 'pal_gripper_simulation' build argument 'ament_cmake_args' from command line to 'None'
[0.306s] Level 5:colcon.colcon_core.verb:set package 'pal_gripper_simulation' build argument 'catkin_cmake_args' from command line to 'None'
[0.306s] Level 5:colcon.colcon_core.verb:set package 'pal_gripper_simulation' build argument 'catkin_skip_building_tests' from command line to 'False'
[0.307s] DEBUG:colcon.colcon_core.verb:Building package 'pal_gripper_simulation' with the following arguments: {'ament_cmake_args': None, 'build_base': '/opt/erc_ws/build/pal_gripper_simulation', 'catkin_cmake_args': None, 'catkin_skip_building_tests': False, 'cmake_args': None, 'cmake_clean_cache': False, 'cmake_clean_first': False, 'cmake_force_configure': False, 'cmake_target': None, 'cmake_target_skip_unavailable': False, 'install_base': '/opt/erc_ws/install/pal_gripper_simulation', 'merge_install': False, 'path': '/opt/erc_ws/src/pal_gripper/pal_gripper_simulation', 'symlink_install': False, 'test_result_base': None}
[0.307s] Level 5:colcon.colcon_core.verb:set package 'pal_pro_gripper' build argument 'cmake_args' from command line to 'None'
[0.307s] Level 5:colcon.colcon_core.verb:set package 'pal_pro_gripper' build argument 'cmake_target' from command line to 'None'
[0.307s] Level 5:colcon.colcon_core.verb:set package 'pal_pro_gripper' build argument 'cmake_target_skip_unavailable' from command line to 'False'
[0.307s] Level 5:colcon.colcon_core.verb:set package 'pal_pro_gripper' build argument 'cmake_clean_cache' from command line to 'False'
[0.307s] Level 5:colcon.colcon_core.verb:set package 'pal_pro_gripper' build argument 'cmake_clean_first' from command line to 'False'
[0.307s] Level 5:colcon.colcon_core.verb:set package 'pal_pro_gripper' build argument 'cmake_force_configure' from command line to 'False'
[0.307s] Level 5:colcon.colcon_core.verb:set package 'pal_pro_gripper' build argument 'ament_cmake_args' from command line to 'None'
[0.307s] Level 5:colcon.colcon_core.verb:set package 'pal_pro_gripper' build argument 'catkin_cmake_args' from command line to 'None'
[0.307s] Level 5:colcon.colcon_core.verb:set package 'pal_pro_gripper' build argument 'catkin_skip_building_tests' from command line to 'False'
[0.307s] DEBUG:colcon.colcon_core.verb:Building package 'pal_pro_gripper' with the following arguments: {'ament_cmake_args': None, 'build_base': '/opt/erc_ws/build/pal_pro_gripper', 'catkin_cmake_args': None, 'catkin_skip_building_tests': False, 'cmake_args': None, 'cmake_clean_cache': False, 'cmake_clean_first': False, 'cmake_force_configure': False, 'cmake_target': None, 'cmake_target_skip_unavailable': False, 'install_base': '/opt/erc_ws/install/pal_pro_gripper', 'merge_install': False, 'path': '/opt/erc_ws/src/pal_pro_gripper/pal_pro_gripper', 'symlink_install': False, 'test_result_base': None}
[0.307s] Level 5:colcon.colcon_core.verb:set package 'pal_pro_gripper_bringup' build argument 'cmake_args' from command line to 'None'
[0.307s] Level 5:colcon.colcon_core.verb:set package 'pal_pro_gripper_bringup' build argument 'cmake_target' from command line to 'None'
[0.307s] Level 5:colcon.colcon_core.verb:set package 'pal_pro_gripper_bringup' build argument 'cmake_target_skip_unavailable' from command line to 'False'
[0.307s] Level 5:colcon.colcon_core.verb:set package 'pal_pro_gripper_bringup' build argument 'cmake_clean_cache' from command line to 'False'
[0.307s] Level 5:colcon.colcon_core.verb:set package 'pal_pro_gripper_bringup' build argument 'cmake_clean_first' from command line to 'False'
[0.307s] Level 5:colcon.colcon_core.verb:set package 'pal_pro_gripper_bringup' build argument 'cmake_force_configure' from command line to 'False'
[0.307s] Level 5:colcon.colcon_core.verb:set package 'pal_pro_gripper_bringup' build argument 'ament_cmake_args' from command line to 'None'
[0.307s] Level 5:colcon.colcon_core.verb:set package 'pal_pro_gripper_bringup' build argument 'catkin_cmake_args' from command line to 'None'
[0.307s] Level 5:colcon.colcon_core.verb:set package 'pal_pro_gripper_bringup' build argument 'catkin_skip_building_tests' from command line to 'False'
[0.307s] DEBUG:colcon.colcon_core.verb:Building package 'pal_pro_gripper_bringup' with the following arguments: {'ament_cmake_args': None, 'build_base': '/opt/erc_ws/build/pal_pro_gripper_bringup', 'catkin_cmake_args': None, 'catkin_skip_building_tests': False, 'cmake_args': None, 'cmake_clean_cache': False, 'cmake_clean_first': False, 'cmake_force_configure': False, 'cmake_target': None, 'cmake_target_skip_unavailable': False, 'install_base': '/opt/erc_ws/install/pal_pro_gripper_bringup', 'merge_install': False, 'path': '/opt/erc_ws/src/pal_pro_gripper/pal_pro_gripper_bringup', 'symlink_install': False, 'test_result_base': None}
[0.307s] Level 5:colcon.colcon_core.verb:set package 'pal_pro_gripper_simulation' build argument 'cmake_args' from command line to 'None'
[0.307s] Level 5:colcon.colcon_core.verb:set package 'pal_pro_gripper_simulation' build argument 'cmake_target' from command line to 'None'
[0.307s] Level 5:colcon.colcon_core.verb:set package 'pal_pro_gripper_simulation' build argument 'cmake_target_skip_unavailable' from command line to 'False'
[0.307s] Level 5:colcon.colcon_core.verb:set package 'pal_pro_gripper_simulation' build argument 'cmake_clean_cache' from command line to 'False'
[0.307s] Level 5:colcon.colcon_core.verb:set package 'pal_pro_gripper_simulation' build argument 'cmake_clean_first' from command line to 'False'
[0.307s] Level 5:colcon.colcon_core.verb:set package 'pal_pro_gripper_simulation' build argument 'cmake_force_configure' from command line to 'False'
[0.307s] Level 5:colcon.colcon_core.verb:set package 'pal_pro_gripper_simulation' build argument 'ament_cmake_args' from command line to 'None'
[0.307s] Level 5:colcon.colcon_core.verb:set package 'pal_pro_gripper_simulation' build argument 'catkin_cmake_args' from command line to 'None'
[0.307s] Level 5:colcon.colcon_core.verb:set package 'pal_pro_gripper_simulation' build argument 'catkin_skip_building_tests' from command line to 'False'
[0.307s] DEBUG:colcon.colcon_core.verb:Building package 'pal_pro_gripper_simulation' with the following arguments: {'ament_cmake_args': None, 'build_base': '/opt/erc_ws/build/pal_pro_gripper_simulation', 'catkin_cmake_args': None, 'catkin_skip_building_tests': False, 'cmake_args': None, 'cmake_clean_cache': False, 'cmake_clean_first': False, 'cmake_force_configure': False, 'cmake_target': None, 'cmake_target_skip_unavailable': False, 'install_base': '/opt/erc_ws/install/pal_pro_gripper_simulation', 'merge_install': False, 'path': '/opt/erc_ws/src/pal_pro_gripper/pal_pro_gripper_simulation', 'symlink_install': False, 'test_result_base': None}
[0.308s] Level 5:colcon.colcon_core.verb:set package 'pal_sea_arm_controller_configuration' build argument 'cmake_args' from command line to 'None'
[0.308s] Level 5:colcon.colcon_core.verb:set package 'pal_sea_arm_controller_configuration' build argument 'cmake_target' from command line to 'None'
[0.308s] Level 5:colcon.colcon_core.verb:set package 'pal_sea_arm_controller_configuration' build argument 'cmake_target_skip_unavailable' from command line to 'False'
[0.308s] Level 5:colcon.colcon_core.verb:set package 'pal_sea_arm_controller_configuration' build argument 'cmake_clean_cache' from command line to 'False'
[0.308s] Level 5:colcon.colcon_core.verb:set package 'pal_sea_arm_controller_configuration' build argument 'cmake_clean_first' from command line to 'False'
[0.308s] Level 5:colcon.colcon_core.verb:set package 'pal_sea_arm_controller_configuration' build argument 'cmake_force_configure' from command line to 'False'
[0.308s] Level 5:colcon.colcon_core.verb:set package 'pal_sea_arm_controller_configuration' build argument 'ament_cmake_args' from command line to 'None'
[0.308s] Level 5:colcon.colcon_core.verb:set package 'pal_sea_arm_controller_configuration' build argument 'catkin_cmake_args' from command line to 'None'
[0.308s] Level 5:colcon.colcon_core.verb:set package 'pal_sea_arm_controller_configuration' build argument 'catkin_skip_building_tests' from command line to 'False'
[0.308s] DEBUG:colcon.colcon_core.verb:Building package 'pal_sea_arm_controller_configuration' with the following arguments: {'ament_cmake_args': None, 'build_base': '/opt/erc_ws/build/pal_sea_arm_controller_configuration', 'catkin_cmake_args': None, 'catkin_skip_building_tests': False, 'cmake_args': None, 'cmake_clean_cache': False, 'cmake_clean_first': False, 'cmake_force_configure': False, 'cmake_target': None, 'cmake_target_skip_unavailable': False, 'install_base': '/opt/erc_ws/install/pal_sea_arm_controller_configuration', 'merge_install': False, 'path': '/opt/erc_ws/src/pal_sea_arm/pal_sea_arm_controller_configuration', 'symlink_install': False, 'test_result_base': None}
[0.308s] Level 5:colcon.colcon_core.verb:set package 'tiago_pro_head_description' build argument 'cmake_args' from command line to 'None'
[0.308s] Level 5:colcon.colcon_core.verb:set package 'tiago_pro_head_description' build argument 'cmake_target' from command line to 'None'
[0.308s] Level 5:colcon.colcon_core.verb:set package 'tiago_pro_head_description' build argument 'cmake_target_skip_unavailable' from command line to 'False'
[0.308s] Level 5:colcon.colcon_core.verb:set package 'tiago_pro_head_description' build argument 'cmake_clean_cache' from command line to 'False'
[0.308s] Level 5:colcon.colcon_core.verb:set package 'tiago_pro_head_description' build argument 'cmake_clean_first' from command line to 'False'
[0.308s] Level 5:colcon.colcon_core.verb:set package 'tiago_pro_head_description' build argument 'cmake_force_configure' from command line to 'False'
[0.308s] Level 5:colcon.colcon_core.verb:set package 'tiago_pro_head_description' build argument 'ament_cmake_args' from command line to 'None'
[0.308s] Level 5:colcon.colcon_core.verb:set package 'tiago_pro_head_description' build argument 'catkin_cmake_args' from command line to 'None'
[0.308s] Level 5:colcon.colcon_core.verb:set package 'tiago_pro_head_description' build argument 'catkin_skip_building_tests' from command line to 'False'
[0.308s] DEBUG:colcon.colcon_core.verb:Building package 'tiago_pro_head_description' with the following arguments: {'ament_cmake_args': None, 'build_base': '/opt/erc_ws/build/tiago_pro_head_description', 'catkin_cmake_args': None, 'catkin_skip_building_tests': False, 'cmake_args': None, 'cmake_clean_cache': False, 'cmake_clean_first': False, 'cmake_force_configure': False, 'cmake_target': None, 'cmake_target_skip_unavailable': False, 'install_base': '/opt/erc_ws/install/tiago_pro_head_description', 'merge_install': False, 'path': '/opt/erc_ws/src/tiago_pro_head_robot/tiago_pro_head_description', 'symlink_install': False, 'test_result_base': None}
[0.308s] Level 5:colcon.colcon_core.verb:set package 'omni_base_robot' build argument 'cmake_args' from command line to 'None'
[0.308s] Level 5:colcon.colcon_core.verb:set package 'omni_base_robot' build argument 'cmake_target' from command line to 'None'
[0.308s] Level 5:colcon.colcon_core.verb:set package 'omni_base_robot' build argument 'cmake_target_skip_unavailable' from command line to 'False'
[0.308s] Level 5:colcon.colcon_core.verb:set package 'omni_base_robot' build argument 'cmake_clean_cache' from command line to 'False'
[0.308s] Level 5:colcon.colcon_core.verb:set package 'omni_base_robot' build argument 'cmake_clean_first' from command line to 'False'
[0.308s] Level 5:colcon.colcon_core.verb:set package 'omni_base_robot' build argument 'cmake_force_configure' from command line to 'False'
[0.308s] Level 5:colcon.colcon_core.verb:set package 'omni_base_robot' build argument 'ament_cmake_args' from command line to 'None'
[0.308s] Level 5:colcon.colcon_core.verb:set package 'omni_base_robot' build argument 'catkin_cmake_args' from command line to 'None'
[0.308s] Level 5:colcon.colcon_core.verb:set package 'omni_base_robot' build argument 'catkin_skip_building_tests' from command line to 'False'
[0.308s] DEBUG:colcon.colcon_core.verb:Building package 'omni_base_robot' with the following arguments: {'ament_cmake_args': None, 'build_base': '/opt/erc_ws/build/omni_base_robot', 'catkin_cmake_args': None, 'catkin_skip_building_tests': False, 'cmake_args': None, 'cmake_clean_cache': False, 'cmake_clean_first': False, 'cmake_force_configure': False, 'cmake_target': None, 'cmake_target_skip_unavailable': False, 'install_base': '/opt/erc_ws/install/omni_base_robot', 'merge_install': False, 'path': '/opt/erc_ws/src/omni_base_robot/omni_base_robot', 'symlink_install': False, 'test_result_base': None}
[0.308s] Level 5:colcon.colcon_core.verb:set package 'pal_sea_arm_description' build argument 'cmake_args' from command line to 'None'
[0.308s] Level 5:colcon.colcon_core.verb:set package 'pal_sea_arm_description' build argument 'cmake_target' from command line to 'None'
[0.308s] Level 5:colcon.colcon_core.verb:set package 'pal_sea_arm_description' build argument 'cmake_target_skip_unavailable' from command line to 'False'
[0.308s] Level 5:colcon.colcon_core.verb:set package 'pal_sea_arm_description' build argument 'cmake_clean_cache' from command line to 'False'
[0.308s] Level 5:colcon.colcon_core.verb:set package 'pal_sea_arm_description' build argument 'cmake_clean_first' from command line to 'False'
[0.308s] Level 5:colcon.colcon_core.verb:set package 'pal_sea_arm_description' build argument 'cmake_force_configure' from command line to 'False'
[0.308s] Level 5:colcon.colcon_core.verb:set package 'pal_sea_arm_description' build argument 'ament_cmake_args' from command line to 'None'
[0.308s] Level 5:colcon.colcon_core.verb:set package 'pal_sea_arm_description' build argument 'catkin_cmake_args' from command line to 'None'
[0.308s] Level 5:colcon.colcon_core.verb:set package 'pal_sea_arm_description' build argument 'catkin_skip_building_tests' from command line to 'False'
[0.308s] DEBUG:colcon.colcon_core.verb:Building package 'pal_sea_arm_description' with the following arguments: {'ament_cmake_args': None, 'build_base': '/opt/erc_ws/build/pal_sea_arm_description', 'catkin_cmake_args': None, 'catkin_skip_building_tests': False, 'cmake_args': None, 'cmake_clean_cache': False, 'cmake_clean_first': False, 'cmake_force_configure': False, 'cmake_target': None, 'cmake_target_skip_unavailable': False, 'install_base': '/opt/erc_ws/install/pal_sea_arm_description', 'merge_install': False, 'path': '/opt/erc_ws/src/pal_sea_arm/pal_sea_arm_description', 'symlink_install': False, 'test_result_base': None}
[0.309s] Level 5:colcon.colcon_core.verb:set package 'tiago_pro_controller_configuration' build argument 'cmake_args' from command line to 'None'
[0.309s] Level 5:colcon.colcon_core.verb:set package 'tiago_pro_controller_configuration' build argument 'cmake_target' from command line to 'None'
[0.309s] Level 5:colcon.colcon_core.verb:set package 'tiago_pro_controller_configuration' build argument 'cmake_target_skip_unavailable' from command line to 'False'
[0.309s] Level 5:colcon.colcon_core.verb:set package 'tiago_pro_controller_configuration' build argument 'cmake_clean_cache' from command line to 'False'
[0.309s] Level 5:colcon.colcon_core.verb:set package 'tiago_pro_controller_configuration' build argument 'cmake_clean_first' from command line to 'False'
[0.309s] Level 5:colcon.colcon_core.verb:set package 'tiago_pro_controller_configuration' build argument 'cmake_force_configure' from command line to 'False'
[0.309s] Level 5:colcon.colcon_core.verb:set package 'tiago_pro_controller_configuration' build argument 'ament_cmake_args' from command line to 'None'
[0.309s] Level 5:colcon.colcon_core.verb:set package 'tiago_pro_controller_configuration' build argument 'catkin_cmake_args' from command line to 'None'
[0.309s] Level 5:colcon.colcon_core.verb:set package 'tiago_pro_controller_configuration' build argument 'catkin_skip_building_tests' from command line to 'False'
[0.309s] DEBUG:colcon.colcon_core.verb:Building package 'tiago_pro_controller_configuration' with the following arguments: {'ament_cmake_args': None, 'build_base': '/opt/erc_ws/build/tiago_pro_controller_configuration', 'catkin_cmake_args': None, 'catkin_skip_building_tests': False, 'cmake_args': None, 'cmake_clean_cache': False, 'cmake_clean_first': False, 'cmake_force_configure': False, 'cmake_target': None, 'cmake_target_skip_unavailable': False, 'install_base': '/opt/erc_ws/install/tiago_pro_controller_configuration', 'merge_install': False, 'path': '/opt/erc_ws/src/tiago_pro_robot/tiago_pro_controller_configuration', 'symlink_install': False, 'test_result_base': None}
[0.309s] Level 5:colcon.colcon_core.verb:set package 'tiago_pro_head_bringup' build argument 'cmake_args' from command line to 'None'
[0.309s] Level 5:colcon.colcon_core.verb:set package 'tiago_pro_head_bringup' build argument 'cmake_target' from command line to 'None'
[0.309s] Level 5:colcon.colcon_core.verb:set package 'tiago_pro_head_bringup' build argument 'cmake_target_skip_unavailable' from command line to 'False'
[0.309s] Level 5:colcon.colcon_core.verb:set package 'tiago_pro_head_bringup' build argument 'cmake_clean_cache' from command line to 'False'
[0.309s] Level 5:colcon.colcon_core.verb:set package 'tiago_pro_head_bringup' build argument 'cmake_clean_first' from command line to 'False'
[0.309s] Level 5:colcon.colcon_core.verb:set package 'tiago_pro_head_bringup' build argument 'cmake_force_configure' from command line to 'False'
[0.309s] Level 5:colcon.colcon_core.verb:set package 'tiago_pro_head_bringup' build argument 'ament_cmake_args' from command line to 'None'
[0.309s] Level 5:colcon.colcon_core.verb:set package 'tiago_pro_head_bringup' build argument 'catkin_cmake_args' from command line to 'None'
[0.309s] Level 5:colcon.colcon_core.verb:set package 'tiago_pro_head_bringup' build argument 'catkin_skip_building_tests' from command line to 'False'
[0.309s] DEBUG:colcon.colcon_core.verb:Building package 'tiago_pro_head_bringup' with the following arguments: {'ament_cmake_args': None, 'build_base': '/opt/erc_ws/build/tiago_pro_head_bringup', 'catkin_cmake_args': None, 'catkin_skip_building_tests': False, 'cmake_args': None, 'cmake_clean_cache': False, 'cmake_clean_first': False, 'cmake_force_configure': False, 'cmake_target': None, 'cmake_target_skip_unavailable': False, 'install_base': '/opt/erc_ws/install/tiago_pro_head_bringup', 'merge_install': False, 'path': '/opt/erc_ws/src/tiago_pro_head_robot/tiago_pro_head_bringup', 'symlink_install': False, 'test_result_base': None}
[0.309s] Level 5:colcon.colcon_core.verb:set package 'pal_sea_arm_bringup' build argument 'cmake_args' from command line to 'None'
[0.309s] Level 5:colcon.colcon_core.verb:set package 'pal_sea_arm_bringup' build argument 'cmake_target' from command line to 'None'
[0.309s] Level 5:colcon.colcon_core.verb:set package 'pal_sea_arm_bringup' build argument 'cmake_target_skip_unavailable' from command line to 'False'
[0.309s] Level 5:colcon.colcon_core.verb:set package 'pal_sea_arm_bringup' build argument 'cmake_clean_cache' from command line to 'False'
[0.309s] Level 5:colcon.colcon_core.verb:set package 'pal_sea_arm_bringup' build argument 'cmake_clean_first' from command line to 'False'
[0.309s] Level 5:colcon.colcon_core.verb:set package 'pal_sea_arm_bringup' build argument 'cmake_force_configure' from command line to 'False'
[0.309s] Level 5:colcon.colcon_core.verb:set package 'pal_sea_arm_bringup' build argument 'ament_cmake_args' from command line to 'None'
[0.309s] Level 5:colcon.colcon_core.verb:set package 'pal_sea_arm_bringup' build argument 'catkin_cmake_args' from command line to 'None'
[0.309s] Level 5:colcon.colcon_core.verb:set package 'pal_sea_arm_bringup' build argument 'catkin_skip_building_tests' from command line to 'False'
[0.309s] DEBUG:colcon.colcon_core.verb:Building package 'pal_sea_arm_bringup' with the following arguments: {'ament_cmake_args': None, 'build_base': '/opt/erc_ws/build/pal_sea_arm_bringup', 'catkin_cmake_args': None, 'catkin_skip_building_tests': False, 'cmake_args': None, 'cmake_clean_cache': False, 'cmake_clean_first': False, 'cmake_force_configure': False, 'cmake_target': None, 'cmake_target_skip_unavailable': False, 'install_base': '/opt/erc_ws/install/pal_sea_arm_bringup', 'merge_install': False, 'path': '/opt/erc_ws/src/pal_sea_arm/pal_sea_arm_bringup', 'symlink_install': False, 'test_result_base': None}
[0.310s] Level 5:colcon.colcon_core.verb:set package 'tiago_pro_bringup' build argument 'cmake_args' from command line to 'None'
[0.310s] Level 5:colcon.colcon_core.verb:set package 'tiago_pro_bringup' build argument 'cmake_target' from command line to 'None'
[0.310s] Level 5:colcon.colcon_core.verb:set package 'tiago_pro_bringup' build argument 'cmake_target_skip_unavailable' from command line to 'False'
[0.310s] Level 5:colcon.colcon_core.verb:set package 'tiago_pro_bringup' build argument 'cmake_clean_cache' from command line to 'False'
[0.310s] Level 5:colcon.colcon_core.verb:set package 'tiago_pro_bringup' build argument 'cmake_clean_first' from command line to 'False'
[0.310s] Level 5:colcon.colcon_core.verb:set package 'tiago_pro_bringup' build argument 'cmake_force_configure' from command line to 'False'
[0.310s] Level 5:colcon.colcon_core.verb:set package 'tiago_pro_bringup' build argument 'ament_cmake_args' from command line to 'None'
[0.310s] Level 5:colcon.colcon_core.verb:set package 'tiago_pro_bringup' build argument 'catkin_cmake_args' from command line to 'None'
[0.310s] Level 5:colcon.colcon_core.verb:set package 'tiago_pro_bringup' build argument 'catkin_skip_building_tests' from command line to 'False'
[0.310s] DEBUG:colcon.colcon_core.verb:Building package 'tiago_pro_bringup' with the following arguments: {'ament_cmake_args': None, 'build_base': '/opt/erc_ws/build/tiago_pro_bringup', 'catkin_cmake_args': None, 'catkin_skip_building_tests': False, 'cmake_args': None, 'cmake_clean_cache': False, 'cmake_clean_first': False, 'cmake_force_configure': False, 'cmake_target': None, 'cmake_target_skip_unavailable': False, 'install_base': '/opt/erc_ws/install/tiago_pro_bringup', 'merge_install': False, 'path': '/opt/erc_ws/src/tiago_pro_robot/tiago_pro_bringup', 'symlink_install': False, 'test_result_base': None}
[0.310s] Level 5:colcon.colcon_core.verb:set package 'tiago_pro_description' build argument 'cmake_args' from command line to 'None'
[0.310s] Level 5:colcon.colcon_core.verb:set package 'tiago_pro_description' build argument 'cmake_target' from command line to 'None'
[0.310s] Level 5:colcon.colcon_core.verb:set package 'tiago_pro_description' build argument 'cmake_target_skip_unavailable' from command line to 'False'
[0.310s] Level 5:colcon.colcon_core.verb:set package 'tiago_pro_description' build argument 'cmake_clean_cache' from command line to 'False'
[0.310s] Level 5:colcon.colcon_core.verb:set package 'tiago_pro_description' build argument 'cmake_clean_first' from command line to 'False'
[0.310s] Level 5:colcon.colcon_core.verb:set package 'tiago_pro_description' build argument 'cmake_force_configure' from command line to 'False'
[0.310s] Level 5:colcon.colcon_core.verb:set package 'tiago_pro_description' build argument 'ament_cmake_args' from command line to 'None'
[0.310s] Level 5:colcon.colcon_core.verb:set package 'tiago_pro_description' build argument 'catkin_cmake_args' from command line to 'None'
[0.310s] Level 5:colcon.colcon_core.verb:set package 'tiago_pro_description' build argument 'catkin_skip_building_tests' from command line to 'False'
[0.310s] DEBUG:colcon.colcon_core.verb:Building package 'tiago_pro_description' with the following arguments: {'ament_cmake_args': None, 'build_base': '/opt/erc_ws/build/tiago_pro_description', 'catkin_cmake_args': None, 'catkin_skip_building_tests': False, 'cmake_args': None, 'cmake_clean_cache': False, 'cmake_clean_first': False, 'cmake_force_configure': False, 'cmake_target': None, 'cmake_target_skip_unavailable': False, 'install_base': '/opt/erc_ws/install/tiago_pro_description', 'merge_install': False, 'path': '/opt/erc_ws/src/tiago_pro_robot/tiago_pro_description', 'symlink_install': False, 'test_result_base': None}
[0.310s] Level 5:colcon.colcon_core.verb:set package 'tiago_pro_head_robot' build argument 'cmake_args' from command line to 'None'
[0.310s] Level 5:colcon.colcon_core.verb:set package 'tiago_pro_head_robot' build argument 'cmake_target' from command line to 'None'
[0.310s] Level 5:colcon.colcon_core.verb:set package 'tiago_pro_head_robot' build argument 'cmake_target_skip_unavailable' from command line to 'False'
[0.310s] Level 5:colcon.colcon_core.verb:set package 'tiago_pro_head_robot' build argument 'cmake_clean_cache' from command line to 'False'
[0.310s] Level 5:colcon.colcon_core.verb:set package 'tiago_pro_head_robot' build argument 'cmake_clean_first' from command line to 'False'
[0.310s] Level 5:colcon.colcon_core.verb:set package 'tiago_pro_head_robot' build argument 'cmake_force_configure' from command line to 'False'
[0.310s] Level 5:colcon.colcon_core.verb:set package 'tiago_pro_head_robot' build argument 'ament_cmake_args' from command line to 'None'
[0.310s] Level 5:colcon.colcon_core.verb:set package 'tiago_pro_head_robot' build argument 'catkin_cmake_args' from command line to 'None'
[0.310s] Level 5:colcon.colcon_core.verb:set package 'tiago_pro_head_robot' build argument 'catkin_skip_building_tests' from command line to 'False'
[0.310s] DEBUG:colcon.colcon_core.verb:Building package 'tiago_pro_head_robot' with the following arguments: {'ament_cmake_args': None, 'build_base': '/opt/erc_ws/build/tiago_pro_head_robot', 'catkin_cmake_args': None, 'catkin_skip_building_tests': False, 'cmake_args': None, 'cmake_clean_cache': False, 'cmake_clean_first': False, 'cmake_force_configure': False, 'cmake_target': None, 'cmake_target_skip_unavailable': False, 'install_base': '/opt/erc_ws/install/tiago_pro_head_robot', 'merge_install': False, 'path': '/opt/erc_ws/src/tiago_pro_head_robot/tiago_pro_head_robot', 'symlink_install': False, 'test_result_base': None}
[0.310s] Level 5:colcon.colcon_core.verb:set package 'erc_bringup' build argument 'cmake_args' from command line to 'None'
[0.310s] Level 5:colcon.colcon_core.verb:set package 'erc_bringup' build argument 'cmake_target' from command line to 'None'
[0.310s] Level 5:colcon.colcon_core.verb:set package 'erc_bringup' build argument 'cmake_target_skip_unavailable' from command line to 'False'
[0.310s] Level 5:colcon.colcon_core.verb:set package 'erc_bringup' build argument 'cmake_clean_cache' from command line to 'False'
[0.310s] Level 5:colcon.colcon_core.verb:set package 'erc_bringup' build argument 'cmake_clean_first' from command line to 'False'
[0.311s] Level 5:colcon.colcon_core.verb:set package 'erc_bringup' build argument 'cmake_force_configure' from command line to 'False'
[0.311s] Level 5:colcon.colcon_core.verb:set package 'erc_bringup' build argument 'ament_cmake_args' from command line to 'None'
[0.311s] Level 5:colcon.colcon_core.verb:set package 'erc_bringup' build argument 'catkin_cmake_args' from command line to 'None'
[0.311s] Level 5:colcon.colcon_core.verb:set package 'erc_bringup' build argument 'catkin_skip_building_tests' from command line to 'False'
[0.311s] DEBUG:colcon.colcon_core.verb:Building package 'erc_bringup' with the following arguments: {'ament_cmake_args': None, 'build_base': '/opt/erc_ws/build/erc_bringup', 'catkin_cmake_args': None, 'catkin_skip_building_tests': False, 'cmake_args': None, 'cmake_clean_cache': False, 'cmake_clean_first': False, 'cmake_force_configure': False, 'cmake_target': None, 'cmake_target_skip_unavailable': False, 'install_base': '/opt/erc_ws/install/erc_bringup', 'merge_install': False, 'path': '/opt/erc_ws/src/erc_bringup', 'symlink_install': False, 'test_result_base': None}
[0.311s] Level 5:colcon.colcon_core.verb:set package 'pal_sea_arm' build argument 'cmake_args' from command line to 'None'
[0.311s] Level 5:colcon.colcon_core.verb:set package 'pal_sea_arm' build argument 'cmake_target' from command line to 'None'
[0.311s] Level 5:colcon.colcon_core.verb:set package 'pal_sea_arm' build argument 'cmake_target_skip_unavailable' from command line to 'False'
[0.311s] Level 5:colcon.colcon_core.verb:set package 'pal_sea_arm' build argument 'cmake_clean_cache' from command line to 'False'
[0.311s] Level 5:colcon.colcon_core.verb:set package 'pal_sea_arm' build argument 'cmake_clean_first' from command line to 'False'
[0.311s] Level 5:colcon.colcon_core.verb:set package 'pal_sea_arm' build argument 'cmake_force_configure' from command line to 'False'
[0.311s] Level 5:colcon.colcon_core.verb:set package 'pal_sea_arm' build argument 'ament_cmake_args' from command line to 'None'
[0.311s] Level 5:colcon.colcon_core.verb:set package 'pal_sea_arm' build argument 'catkin_cmake_args' from command line to 'None'
[0.311s] Level 5:colcon.colcon_core.verb:set package 'pal_sea_arm' build argument 'catkin_skip_building_tests' from command line to 'False'
[0.311s] DEBUG:colcon.colcon_core.verb:Building package 'pal_sea_arm' with the following arguments: {'ament_cmake_args': None, 'build_base': '/opt/erc_ws/build/pal_sea_arm', 'catkin_cmake_args': None, 'catkin_skip_building_tests': False, 'cmake_args': None, 'cmake_clean_cache': False, 'cmake_clean_first': False, 'cmake_force_configure': False, 'cmake_target': None, 'cmake_target_skip_unavailable': False, 'install_base': '/opt/erc_ws/install/pal_sea_arm', 'merge_install': False, 'path': '/opt/erc_ws/src/pal_sea_arm/pal_sea_arm', 'symlink_install': False, 'test_result_base': None}
[0.311s] Level 5:colcon.colcon_core.verb:set package 'tiago_pro_robot' build argument 'cmake_args' from command line to 'None'
[0.311s] Level 5:colcon.colcon_core.verb:set package 'tiago_pro_robot' build argument 'cmake_target' from command line to 'None'
[0.311s] Level 5:colcon.colcon_core.verb:set package 'tiago_pro_robot' build argument 'cmake_target_skip_unavailable' from command line to 'False'
[0.311s] Level 5:colcon.colcon_core.verb:set package 'tiago_pro_robot' build argument 'cmake_clean_cache' from command line to 'False'
[0.311s] Level 5:colcon.colcon_core.verb:set package 'tiago_pro_robot' build argument 'cmake_clean_first' from command line to 'False'
[0.311s] Level 5:colcon.colcon_core.verb:set package 'tiago_pro_robot' build argument 'cmake_force_configure' from command line to 'False'
[0.311s] Level 5:colcon.colcon_core.verb:set package 'tiago_pro_robot' build argument 'ament_cmake_args' from command line to 'None'
[0.311s] Level 5:colcon.colcon_core.verb:set package 'tiago_pro_robot' build argument 'catkin_cmake_args' from command line to 'None'
[0.311s] Level 5:colcon.colcon_core.verb:set package 'tiago_pro_robot' build argument 'catkin_skip_building_tests' from command line to 'False'
[0.311s] DEBUG:colcon.colcon_core.verb:Building package 'tiago_pro_robot' with the following arguments: {'ament_cmake_args': None, 'build_base': '/opt/erc_ws/build/tiago_pro_robot', 'catkin_cmake_args': None, 'catkin_skip_building_tests': False, 'cmake_args': None, 'cmake_clean_cache': False, 'cmake_clean_first': False, 'cmake_force_configure': False, 'cmake_target': None, 'cmake_target_skip_unavailable': False, 'install_base': '/opt/erc_ws/install/tiago_pro_robot', 'merge_install': False, 'path': '/opt/erc_ws/src/tiago_pro_robot/tiago_pro_robot', 'symlink_install': False, 'test_result_base': None}
[0.311s] INFO:colcon.colcon_core.executor:Executing jobs using 'parallel' executor
[0.312s] DEBUG:colcon.colcon_parallel_executor.executor.parallel:run_until_complete
[0.312s] INFO:colcon.colcon_ros.task.ament_python.build:Building ROS package in '/opt/erc_ws/src/launch_pal' with build type 'ament_python'
[0.313s] Level 1:colcon.colcon_core.shell:create_environment_hook('launch_pal', 'ament_prefix_path')
[0.316s] INFO:colcon.colcon_core.plugin_system:Skipping extension 'colcon_core.shell.bat': Not used on non-Windows systems
[0.316s] INFO:colcon.colcon_core.shell:Creating environment hook '/opt/erc_ws/install/launch_pal/share/launch_pal/hook/ament_prefix_path.ps1'
[0.318s] INFO:colcon.colcon_core.shell:Creating environment descriptor '/opt/erc_ws/install/launch_pal/share/launch_pal/hook/ament_prefix_path.dsv'
[0.318s] INFO:colcon.colcon_core.shell:Creating environment hook '/opt/erc_ws/install/launch_pal/share/launch_pal/hook/ament_prefix_path.sh'
[0.319s] INFO:colcon.colcon_core.shell:Skip shell extension 'powershell' for command environment: Not usable outside of PowerShell
[0.319s] DEBUG:colcon.colcon_core.shell:Skip shell extension 'dsv' for command environment
[0.323s] INFO:colcon.colcon_ros.task.ament_cmake.build:Building ROS package in '/opt/erc_ws/src/pal_urdf_utils' with build type 'ament_cmake'
[0.323s] INFO:colcon.colcon_cmake.task.cmake.build:Building CMake package in '/opt/erc_ws/src/pal_urdf_utils'
[0.323s] INFO:colcon.colcon_core.shell:Skip shell extension 'powershell' for command environment: Not usable outside of PowerShell
[0.323s] DEBUG:colcon.colcon_core.shell:Skip shell extension 'dsv' for command environment
[0.327s] INFO:colcon.colcon_ros.task.ament_python.build:Building ROS package in '/opt/erc_ws/src/pal_pro_gripper/pal_pro_gripper_wrapper' with build type 'ament_python'
[0.327s] Level 1:colcon.colcon_core.shell:create_environment_hook('pal_pro_gripper_wrapper', 'ament_prefix_path')
[0.327s] INFO:colcon.colcon_core.shell:Creating environment hook '/opt/erc_ws/install/pal_pro_gripper_wrapper/share/pal_pro_gripper_wrapper/hook/ament_prefix_path.ps1'
[0.328s] INFO:colcon.colcon_core.shell:Creating environment descriptor '/opt/erc_ws/install/pal_pro_gripper_wrapper/share/pal_pro_gripper_wrapper/hook/ament_prefix_path.dsv'
[0.328s] INFO:colcon.colcon_core.shell:Creating environment hook '/opt/erc_ws/install/pal_pro_gripper_wrapper/share/pal_pro_gripper_wrapper/hook/ament_prefix_path.sh'
[0.329s] INFO:colcon.colcon_core.shell:Skip shell extension 'powershell' for command environment: Not usable outside of PowerShell
[0.329s] DEBUG:colcon.colcon_core.shell:Skip shell extension 'dsv' for command environment
[0.332s] INFO:colcon.colcon_ros.task.ament_cmake.build:Building ROS package in '/opt/erc_ws/src/omni_base_robot/omni_base_controller_configuration' with build type 'ament_cmake'
[0.332s] INFO:colcon.colcon_cmake.task.cmake.build:Building CMake package in '/opt/erc_ws/src/omni_base_robot/omni_base_controller_configuration'
[0.332s] INFO:colcon.colcon_core.shell:Skip shell extension 'powershell' for command environment: Not usable outside of PowerShell
[0.332s] DEBUG:colcon.colcon_core.shell:Skip shell extension 'dsv' for command environment
[0.335s] INFO:colcon.colcon_ros.task.ament_cmake.build:Building ROS package in '/opt/erc_ws/src/pal_gripper/pal_gripper_controller_configuration' with build type 'ament_cmake'
[0.335s] INFO:colcon.colcon_cmake.task.cmake.build:Building CMake package in '/opt/erc_ws/src/pal_gripper/pal_gripper_controller_configuration'
[0.336s] INFO:colcon.colcon_core.shell:Skip shell extension 'powershell' for command environment: Not usable outside of PowerShell
[0.336s] DEBUG:colcon.colcon_core.shell:Skip shell extension 'dsv' for command environment
[0.339s] INFO:colcon.colcon_ros.task.ament_cmake.build:Building ROS package in '/opt/erc_ws/src/erc_description' with build type 'ament_cmake'
[0.339s] INFO:colcon.colcon_cmake.task.cmake.build:Building CMake package in '/opt/erc_ws/src/erc_description'
[0.340s] INFO:colcon.colcon_core.shell:Skip shell extension 'powershell' for command environment: Not usable outside of PowerShell
[0.340s] DEBUG:colcon.colcon_core.shell:Skip shell extension 'dsv' for command environment
[0.343s] INFO:colcon.colcon_ros.task.ament_python.build:Building ROS package in '/opt/erc_ws/src/erc_solution' with build type 'ament_python'
[0.343s] Level 1:colcon.colcon_core.shell:create_environment_hook('erc_solution', 'ament_prefix_path')
[0.343s] INFO:colcon.colcon_core.shell:Creating environment hook '/opt/erc_ws/install/erc_solution/share/erc_solution/hook/ament_prefix_path.ps1'
[0.344s] INFO:colcon.colcon_core.shell:Creating environment descriptor '/opt/erc_ws/install/erc_solution/share/erc_solution/hook/ament_prefix_path.dsv'
[0.344s] INFO:colcon.colcon_core.shell:Creating environment hook '/opt/erc_ws/install/erc_solution/share/erc_solution/hook/ament_prefix_path.sh'
[0.345s] INFO:colcon.colcon_core.shell:Skip shell extension 'powershell' for command environment: Not usable outside of PowerShell
[0.345s] DEBUG:colcon.colcon_core.shell:Skip shell extension 'dsv' for command environment
[0.348s] INFO:colcon.colcon_ros.task.ament_cmake.build:Building ROS package in '/opt/erc_ws/src/gz_ros2_control/gz_ros2_control' with build type 'ament_cmake'
[0.348s] INFO:colcon.colcon_cmake.task.cmake.build:Building CMake package in '/opt/erc_ws/src/gz_ros2_control/gz_ros2_control'
[0.348s] INFO:colcon.colcon_core.shell:Skip shell extension 'powershell' for command environment: Not usable outside of PowerShell
[0.348s] DEBUG:colcon.colcon_core.shell:Skip shell extension 'dsv' for command environment
[0.351s] INFO:colcon.colcon_ros.task.ament_python.build:Building ROS package in '/opt/erc_ws/src/sensors' with build type 'ament_python'
[0.351s] Level 1:colcon.colcon_core.shell:create_environment_hook('sensors', 'ament_prefix_path')
[0.351s] INFO:colcon.colcon_core.shell:Creating environment hook '/opt/erc_ws/install/sensors/share/sensors/hook/ament_prefix_path.ps1'
[0.352s] INFO:colcon.colcon_core.shell:Creating environment descriptor '/opt/erc_ws/install/sensors/share/sensors/hook/ament_prefix_path.dsv'
[0.353s] INFO:colcon.colcon_core.shell:Creating environment hook '/opt/erc_ws/install/sensors/share/sensors/hook/ament_prefix_path.sh'
[0.353s] INFO:colcon.colcon_core.shell:Skip shell extension 'powershell' for command environment: Not usable outside of PowerShell
[0.353s] DEBUG:colcon.colcon_core.shell:Skip shell extension 'dsv' for command environment
[0.508s] INFO:colcon.colcon_core.task.python.build:Building Python package in '/opt/erc_ws/src/launch_pal'
[0.509s] INFO:colcon.colcon_core.shell:Skip shell extension 'powershell' for command environment: Not usable outside of PowerShell
[0.509s] DEBUG:colcon.colcon_core.shell:Skip shell extension 'dsv' for command environment
[0.517s] DEBUG:colcon.colcon_core.event_handler.log_command:Invoking command in '/opt/erc_ws/build/pal_urdf_utils': CMAKE_PREFIX_PATH=/opt/erc_ws/install/erc_solution:/opt/ros/humble /usr/bin/cmake /opt/erc_ws/src/pal_urdf_utils -DCMAKE_INSTALL_PREFIX=/opt/erc_ws/install/pal_urdf_utils
[0.674s] INFO:colcon.colcon_core.task.python.build:Building Python package in '/opt/erc_ws/src/pal_pro_gripper/pal_pro_gripper_wrapper'
[0.674s] INFO:colcon.colcon_core.shell:Skip shell extension 'powershell' for command environment: Not usable outside of PowerShell
[0.674s] DEBUG:colcon.colcon_core.shell:Skip shell extension 'dsv' for command environment
[0.681s] DEBUG:colcon.colcon_core.event_handler.log_command:Invoking command in '/opt/erc_ws/build/omni_base_controller_configuration': CMAKE_PREFIX_PATH=/opt/erc_ws/install/erc_solution:/opt/ros/humble /usr/bin/cmake /opt/erc_ws/src/omni_base_robot/omni_base_controller_configuration -DCMAKE_INSTALL_PREFIX=/opt/erc_ws/install/omni_base_controller_configuration
[0.683s] DEBUG:colcon.colcon_core.event_handler.log_command:Invoking command in '/opt/erc_ws/build/pal_gripper_controller_configuration': CMAKE_PREFIX_PATH=/opt/erc_ws/install/erc_solution:/opt/ros/humble /usr/bin/cmake /opt/erc_ws/src/pal_gripper/pal_gripper_controller_configuration -DCMAKE_INSTALL_PREFIX=/opt/erc_ws/install/pal_gripper_controller_configuration
[0.688s] DEBUG:colcon.colcon_core.event_handler.log_command:Invoking command in '/opt/erc_ws/build/erc_description': CMAKE_PREFIX_PATH=/opt/erc_ws/install/erc_solution:/opt/ros/humble /usr/bin/cmake /opt/erc_ws/src/erc_description -DCMAKE_INSTALL_PREFIX=/opt/erc_ws/install/erc_description
[0.871s] INFO:colcon.colcon_core.task.python.build:Building Python package in '/opt/erc_ws/src/erc_solution'
[0.871s] INFO:colcon.colcon_core.shell:Skip shell extension 'powershell' for command environment: Not usable outside of PowerShell
[0.871s] DEBUG:colcon.colcon_core.shell:Skip shell extension 'dsv' for command environment
[0.883s] DEBUG:colcon.colcon_core.event_handler.log_command:Invoking command in '/opt/erc_ws/build/gz_ros2_control': CMAKE_PREFIX_PATH=/opt/erc_ws/install/erc_solution:/opt/ros/humble /usr/bin/cmake /opt/erc_ws/src/gz_ros2_control/gz_ros2_control -DCMAKE_INSTALL_PREFIX=/opt/erc_ws/install/gz_ros2_control
[1.053s] INFO:colcon.colcon_core.task.python.build:Building Python package in '/opt/erc_ws/src/sensors'
[1.054s] INFO:colcon.colcon_core.shell:Skip shell extension 'powershell' for command environment: Not usable outside of PowerShell
[1.054s] DEBUG:colcon.colcon_core.shell:Skip shell extension 'dsv' for command environment
[1.189s] DEBUG:colcon.colcon_core.event_handler.log_command:Invoked command in '/opt/erc_ws/build/erc_description' returned '0': CMAKE_PREFIX_PATH=/opt/erc_ws/install/erc_solution:/opt/ros/humble /usr/bin/cmake /opt/erc_ws/src/erc_description -DCMAKE_INSTALL_PREFIX=/opt/erc_ws/install/erc_description
[1.191s] DEBUG:colcon.colcon_core.event_handler.log_command:Invoking command in '/opt/erc_ws/build/erc_description': CMAKE_PREFIX_PATH=/opt/erc_ws/install/erc_solution:/opt/ros/humble /usr/bin/cmake --build /opt/erc_ws/build/erc_description -- -j16 -l16
[1.209s] DEBUG:colcon.colcon_core.event_handler.log_command:Invoked command in '/opt/erc_ws/build/pal_urdf_utils' returned '0': CMAKE_PREFIX_PATH=/opt/erc_ws/install/erc_solution:/opt/ros/humble /usr/bin/cmake /opt/erc_ws/src/pal_urdf_utils -DCMAKE_INSTALL_PREFIX=/opt/erc_ws/install/pal_urdf_utils
[1.210s] DEBUG:colcon.colcon_core.event_handler.log_command:Invoking command in '/opt/erc_ws/build/pal_urdf_utils': CMAKE_PREFIX_PATH=/opt/erc_ws/install/erc_solution:/opt/ros/humble /usr/bin/cmake --build /opt/erc_ws/build/pal_urdf_utils -- -j16 -l16
[1.225s] DEBUG:colcon.colcon_core.event_handler.log_command:Invoked command in '/opt/erc_ws/build/erc_description' returned '0': CMAKE_PREFIX_PATH=/opt/erc_ws/install/erc_solution:/opt/ros/humble /usr/bin/cmake --build /opt/erc_ws/build/erc_description -- -j16 -l16
[1.240s] DEBUG:colcon.colcon_core.event_handler.log_command:Invoking command in '/opt/erc_ws/build/erc_description': CMAKE_PREFIX_PATH=/opt/erc_ws/install/erc_solution:/opt/ros/humble /usr/bin/cmake --install /opt/erc_ws/build/erc_description
[1.242s] DEBUG:colcon.colcon_core.event_handler.log_command:Invoked command in '/opt/erc_ws/build/omni_base_controller_configuration' returned '0': CMAKE_PREFIX_PATH=/opt/erc_ws/install/erc_solution:/opt/ros/humble /usr/bin/cmake /opt/erc_ws/src/omni_base_robot/omni_base_controller_configuration -DCMAKE_INSTALL_PREFIX=/opt/erc_ws/install/omni_base_controller_configuration
[1.244s] DEBUG:colcon.colcon_core.event_handler.log_command:Invoking command in '/opt/erc_ws/build/omni_base_controller_configuration': CMAKE_PREFIX_PATH=/opt/erc_ws/install/erc_solution:/opt/ros/humble /usr/bin/cmake --build /opt/erc_ws/build/omni_base_controller_configuration -- -j16 -l16
[1.249s] DEBUG:colcon.colcon_core.event_handler.log_command:Invoked command in '/opt/erc_ws/build/pal_gripper_controller_configuration' returned '0': CMAKE_PREFIX_PATH=/opt/erc_ws/install/erc_solution:/opt/ros/humble /usr/bin/cmake /opt/erc_ws/src/pal_gripper/pal_gripper_controller_configuration -DCMAKE_INSTALL_PREFIX=/opt/erc_ws/install/pal_gripper_controller_configuration
[1.257s] DEBUG:colcon.colcon_core.event_handler.log_command:Invoking command in '/opt/erc_ws/build/pal_gripper_controller_configuration': CMAKE_PREFIX_PATH=/opt/erc_ws/install/erc_solution:/opt/ros/humble /usr/bin/cmake --build /opt/erc_ws/build/pal_gripper_controller_configuration -- -j16 -l16
[1.264s] DEBUG:colcon.colcon_core.event_handler.log_command:Invoked command in '/opt/erc_ws/build/pal_urdf_utils' returned '0': CMAKE_PREFIX_PATH=/opt/erc_ws/install/erc_solution:/opt/ros/humble /usr/bin/cmake --build /opt/erc_ws/build/pal_urdf_utils -- -j16 -l16
[1.273s] DEBUG:colcon.colcon_core.event_handler.log_command:Invoking command in '/opt/erc_ws/build/pal_urdf_utils': CMAKE_PREFIX_PATH=/opt/erc_ws/install/erc_solution:/opt/ros/humble /usr/bin/cmake --install /opt/erc_ws/build/pal_urdf_utils
[1.275s] Level 1:colcon.colcon_core.environment:create_environment_scripts_only(erc_description)
[1.278s] DEBUG:colcon.colcon_core.event_handler.log_command:Invoked command in '/opt/erc_ws/build/erc_description' returned '0': CMAKE_PREFIX_PATH=/opt/erc_ws/install/erc_solution:/opt/ros/humble /usr/bin/cmake --install /opt/erc_ws/build/erc_description
[1.290s] Level 1:colcon.colcon_core.environment:checking '/opt/erc_ws/install/erc_description' for CMake module files
[1.291s] Level 1:colcon.colcon_core.environment:checking '/opt/erc_ws/install/erc_description' for CMake config files
[1.291s] Level 1:colcon.colcon_core.shell:create_environment_hook('erc_description', 'cmake_prefix_path')
[1.291s] INFO:colcon.colcon_core.shell:Creating environment hook '/opt/erc_ws/install/erc_description/share/erc_description/hook/cmake_prefix_path.ps1'
[1.292s] INFO:colcon.colcon_core.shell:Creating environment descriptor '/opt/erc_ws/install/erc_description/share/erc_description/hook/cmake_prefix_path.dsv'
[1.294s] INFO:colcon.colcon_core.shell:Creating environment hook '/opt/erc_ws/install/erc_description/share/erc_description/hook/cmake_prefix_path.sh'
[1.297s] Level 1:colcon.colcon_core.environment:checking '/opt/erc_ws/install/erc_description/bin'
[1.298s] Level 1:colcon.colcon_core.environment:checking '/opt/erc_ws/install/erc_description/lib/pkgconfig/erc_description.pc'
[1.298s] Level 1:colcon.colcon_core.environment:checking '/opt/erc_ws/install/erc_description/lib/python3.10/site-packages'
[1.299s] Level 1:colcon.colcon_core.environment:checking '/opt/erc_ws/install/erc_description/bin'
[1.299s] INFO:colcon.colcon_core.shell:Creating package script '/opt/erc_ws/install/erc_description/share/erc_description/package.ps1'
[1.302s] INFO:colcon.colcon_core.shell:Creating package descriptor '/opt/erc_ws/install/erc_description/share/erc_description/package.dsv'
[1.303s] INFO:colcon.colcon_core.shell:Creating package script '/opt/erc_ws/install/erc_description/share/erc_description/package.sh'
[1.306s] INFO:colcon.colcon_core.shell:Creating package script '/opt/erc_ws/install/erc_description/share/erc_description/package.bash'
[1.307s] INFO:colcon.colcon_core.shell:Creating package script '/opt/erc_ws/install/erc_description/share/erc_description/package.zsh'
[1.308s] Level 1:colcon.colcon_core.environment:create_file_with_runtime_dependencies(/opt/erc_ws/install/erc_description/share/colcon-core/packages/erc_description)
[1.308s] Level 1:colcon.colcon_core.environment:create_environment_scripts_only(erc_description)
[1.309s] Level 1:colcon.colcon_core.environment:checking '/opt/erc_ws/install/erc_description' for CMake module files
[1.309s] Level 1:colcon.colcon_core.environment:checking '/opt/erc_ws/install/erc_description' for CMake config files
[1.310s] Level 1:colcon.colcon_core.shell:create_environment_hook('erc_description', 'cmake_prefix_path')
[1.310s] INFO:colcon.colcon_core.shell:Creating environment hook '/opt/erc_ws/install/erc_description/share/erc_description/hook/cmake_prefix_path.ps1'
[1.311s] INFO:colcon.colcon_core.shell:Creating environment descriptor '/opt/erc_ws/install/erc_description/share/erc_description/hook/cmake_prefix_path.dsv'
[1.311s] INFO:colcon.colcon_core.shell:Creating environment hook '/opt/erc_ws/install/erc_description/share/erc_description/hook/cmake_prefix_path.sh'
[1.312s] Level 1:colcon.colcon_core.environment:checking '/opt/erc_ws/install/erc_description/bin'
[1.312s] Level 1:colcon.colcon_core.environment:checking '/opt/erc_ws/install/erc_description/lib/pkgconfig/erc_description.pc'
[1.312s] Level 1:colcon.colcon_core.environment:checking '/opt/erc_ws/install/erc_description/lib/python3.10/site-packages'
[1.312s] Level 1:colcon.colcon_core.environment:checking '/opt/erc_ws/install/erc_description/bin'
[1.313s] INFO:colcon.colcon_core.shell:Creating package script '/opt/erc_ws/install/erc_description/share/erc_description/package.ps1'
[1.313s] INFO:colcon.colcon_core.shell:Creating package descriptor '/opt/erc_ws/install/erc_description/share/erc_description/package.dsv'
[1.314s] INFO:colcon.colcon_core.shell:Creating package script '/opt/erc_ws/install/erc_description/share/erc_description/package.sh'
[1.315s] INFO:colcon.colcon_core.shell:Creating package script '/opt/erc_ws/install/erc_description/share/erc_description/package.bash'
[1.315s] INFO:colcon.colcon_core.shell:Creating package script '/opt/erc_ws/install/erc_description/share/erc_description/package.zsh'
[1.316s] Level 1:colcon.colcon_core.environment:create_file_with_runtime_dependencies(/opt/erc_ws/install/erc_description/share/colcon-core/packages/erc_description)
[1.319s] DEBUG:colcon.colcon_core.event_handler.log_command:Invoked command in '/opt/erc_ws/build/omni_base_controller_configuration' returned '0': CMAKE_PREFIX_PATH=/opt/erc_ws/install/erc_solution:/opt/ros/humble /usr/bin/cmake --build /opt/erc_ws/build/omni_base_controller_configuration -- -j16 -l16
[1.320s] DEBUG:colcon.colcon_core.event_handler.log_command:Invoking command in '/opt/erc_ws/build/omni_base_controller_configuration': CMAKE_PREFIX_PATH=/opt/erc_ws/install/erc_solution:/opt/ros/humble /usr/bin/cmake --install /opt/erc_ws/build/omni_base_controller_configuration
[1.325s] DEBUG:colcon.colcon_core.event_handler.log_command:Invoked command in '/opt/erc_ws/build/pal_gripper_controller_configuration' returned '0': CMAKE_PREFIX_PATH=/opt/erc_ws/install/erc_solution:/opt/ros/humble /usr/bin/cmake --build /opt/erc_ws/build/pal_gripper_controller_configuration -- -j16 -l16
[1.328s] DEBUG:colcon.colcon_core.event_handler.log_command:Invoking command in '/opt/erc_ws/build/pal_gripper_controller_configuration': CMAKE_PREFIX_PATH=/opt/erc_ws/install/erc_solution:/opt/ros/humble /usr/bin/cmake --install /opt/erc_ws/build/pal_gripper_controller_configuration
[1.343s] Level 1:colcon.colcon_core.environment:create_environment_scripts_only(omni_base_controller_configuration)
[1.344s] Level 1:colcon.colcon_core.environment:checking '/opt/erc_ws/install/omni_base_controller_configuration' for CMake module files
[1.345s] DEBUG:colcon.colcon_core.event_handler.log_command:Invoked command in '/opt/erc_ws/build/omni_base_controller_configuration' returned '0': CMAKE_PREFIX_PATH=/opt/erc_ws/install/erc_solution:/opt/ros/humble /usr/bin/cmake --install /opt/erc_ws/build/omni_base_controller_configuration
[1.351s] Level 1:colcon.colcon_core.environment:checking '/opt/erc_ws/install/omni_base_controller_configuration' for CMake config files
[1.351s] Level 1:colcon.colcon_core.shell:create_environment_hook('omni_base_controller_configuration', 'cmake_prefix_path')
[1.351s] INFO:colcon.colcon_core.shell:Creating environment hook '/opt/erc_ws/install/omni_base_controller_configuration/share/omni_base_controller_configuration/hook/cmake_prefix_path.ps1'
[1.352s] INFO:colcon.colcon_core.shell:Creating environment descriptor '/opt/erc_ws/install/omni_base_controller_configuration/share/omni_base_controller_configuration/hook/cmake_prefix_path.dsv'
[1.353s] INFO:colcon.colcon_core.shell:Creating environment hook '/opt/erc_ws/install/omni_base_controller_configuration/share/omni_base_controller_configuration/hook/cmake_prefix_path.sh'
[1.353s] Level 1:colcon.colcon_core.environment:checking '/opt/erc_ws/install/omni_base_controller_configuration/bin'
[1.354s] Level 1:colcon.colcon_core.environment:checking '/opt/erc_ws/install/omni_base_controller_configuration/lib/pkgconfig/omni_base_controller_configuration.pc'
[1.354s] Level 1:colcon.colcon_core.environment:checking '/opt/erc_ws/install/omni_base_controller_configuration/lib/python3.10/site-packages'
[1.354s] Level 1:colcon.colcon_core.environment:checking '/opt/erc_ws/install/omni_base_controller_configuration/bin'
[1.354s] INFO:colcon.colcon_core.shell:Creating package script '/opt/erc_ws/install/omni_base_controller_configuration/share/omni_base_controller_configuration/package.ps1'
[1.355s] INFO:colcon.colcon_core.shell:Creating package descriptor '/opt/erc_ws/install/omni_base_controller_configuration/share/omni_base_controller_configuration/package.dsv'
[1.356s] INFO:colcon.colcon_core.shell:Creating package script '/opt/erc_ws/install/omni_base_controller_configuration/share/omni_base_controller_configuration/package.sh'
[1.357s] INFO:colcon.colcon_core.shell:Creating package script '/opt/erc_ws/install/omni_base_controller_configuration/share/omni_base_controller_configuration/package.bash'
[1.357s] INFO:colcon.colcon_core.shell:Creating package script '/opt/erc_ws/install/omni_base_controller_configuration/share/omni_base_controller_configuration/package.zsh'
[1.357s] Level 1:colcon.colcon_core.environment:create_file_with_runtime_dependencies(/opt/erc_ws/install/omni_base_controller_configuration/share/colcon-core/packages/omni_base_controller_configuration)
[1.359s] Level 1:colcon.colcon_core.environment:create_environment_scripts_only(omni_base_controller_configuration)
[1.359s] Level 1:colcon.colcon_core.environment:checking '/opt/erc_ws/install/omni_base_controller_configuration' for CMake module files
[1.361s] Level 1:colcon.colcon_core.environment:checking '/opt/erc_ws/install/omni_base_controller_configuration' for CMake config files
[1.362s] Level 1:colcon.colcon_core.shell:create_environment_hook('omni_base_controller_configuration', 'cmake_prefix_path')
[1.362s] INFO:colcon.colcon_core.shell:Creating environment hook '/opt/erc_ws/install/omni_base_controller_configuration/share/omni_base_controller_configuration/hook/cmake_prefix_path.ps1'
[1.363s] INFO:colcon.colcon_core.shell:Creating environment descriptor '/opt/erc_ws/install/omni_base_controller_configuration/share/omni_base_controller_configuration/hook/cmake_prefix_path.dsv'
[1.364s] INFO:colcon.colcon_core.shell:Creating environment hook '/opt/erc_ws/install/omni_base_controller_configuration/share/omni_base_controller_configuration/hook/cmake_prefix_path.sh'
[1.365s] Level 1:colcon.colcon_core.environment:checking '/opt/erc_ws/install/omni_base_controller_configuration/bin'
[1.365s] Level 1:colcon.colcon_core.environment:checking '/opt/erc_ws/install/omni_base_controller_configuration/lib/pkgconfig/omni_base_controller_configuration.pc'
[1.365s] Level 1:colcon.colcon_core.environment:checking '/opt/erc_ws/install/omni_base_controller_configuration/lib/python3.10/site-packages'
[1.366s] Level 1:colcon.colcon_core.environment:checking '/opt/erc_ws/install/omni_base_controller_configuration/bin'
[1.366s] INFO:colcon.colcon_core.shell:Creating package script '/opt/erc_ws/install/omni_base_controller_configuration/share/omni_base_controller_configuration/package.ps1'
[1.366s] INFO:colcon.colcon_core.shell:Creating package descriptor '/opt/erc_ws/install/omni_base_controller_configuration/share/omni_base_controller_configuration/package.dsv'
[1.367s] INFO:colcon.colcon_core.shell:Creating package script '/opt/erc_ws/install/omni_base_controller_configuration/share/omni_base_controller_configuration/package.sh'
[1.367s] INFO:colcon.colcon_core.shell:Creating package script '/opt/erc_ws/install/omni_base_controller_configuration/share/omni_base_controller_configuration/package.bash'
[1.367s] INFO:colcon.colcon_core.shell:Creating package script '/opt/erc_ws/install/omni_base_controller_configuration/share/omni_base_controller_configuration/package.zsh'
[1.367s] Level 1:colcon.colcon_core.environment:create_file_with_runtime_dependencies(/opt/erc_ws/install/omni_base_controller_configuration/share/colcon-core/packages/omni_base_controller_configuration)
[1.369s] Level 1:colcon.colcon_core.environment:create_environment_scripts_only(pal_gripper_controller_configuration)
[1.369s] Level 1:colcon.colcon_core.environment:checking '/opt/erc_ws/install/pal_gripper_controller_configuration' for CMake module files
[1.370s] DEBUG:colcon.colcon_core.event_handler.log_command:Invoked command in '/opt/erc_ws/build/pal_gripper_controller_configuration' returned '0': CMAKE_PREFIX_PATH=/opt/erc_ws/install/erc_solution:/opt/ros/humble /usr/bin/cmake --install /opt/erc_ws/build/pal_gripper_controller_configuration
[1.370s] Level 1:colcon.colcon_core.environment:checking '/opt/erc_ws/install/pal_gripper_controller_configuration' for CMake config files
[1.371s] Level 1:colcon.colcon_core.shell:create_environment_hook('pal_gripper_controller_configuration', 'cmake_prefix_path')
[1.371s] INFO:colcon.colcon_core.shell:Creating environment hook '/opt/erc_ws/install/pal_gripper_controller_configuration/share/pal_gripper_controller_configuration/hook/cmake_prefix_path.ps1'
[1.372s] INFO:colcon.colcon_core.shell:Creating environment descriptor '/opt/erc_ws/install/pal_gripper_controller_configuration/share/pal_gripper_controller_configuration/hook/cmake_prefix_path.dsv'
[1.372s] INFO:colcon.colcon_core.shell:Creating environment hook '/opt/erc_ws/install/pal_gripper_controller_configuration/share/pal_gripper_controller_configuration/hook/cmake_prefix_path.sh'
[1.373s] Level 1:colcon.colcon_core.environment:checking '/opt/erc_ws/install/pal_gripper_controller_configuration/bin'
[1.373s] Level 1:colcon.colcon_core.environment:checking '/opt/erc_ws/install/pal_gripper_controller_configuration/lib/pkgconfig/pal_gripper_controller_configuration.pc'
[1.373s] Level 1:colcon.colcon_core.environment:checking '/opt/erc_ws/install/pal_gripper_controller_configuration/lib/python3.10/site-packages'
[1.373s] Level 1:colcon.colcon_core.environment:checking '/opt/erc_ws/install/pal_gripper_controller_configuration/bin'
[1.373s] INFO:colcon.colcon_core.shell:Creating package script '/opt/erc_ws/install/pal_gripper_controller_configuration/share/pal_gripper_controller_configuration/package.ps1'
[1.374s] INFO:colcon.colcon_core.shell:Creating package descriptor '/opt/erc_ws/install/pal_gripper_controller_configuration/share/pal_gripper_controller_configuration/package.dsv'
[1.374s] INFO:colcon.colcon_core.shell:Creating package script '/opt/erc_ws/install/pal_gripper_controller_configuration/share/pal_gripper_controller_configuration/package.sh'
[1.374s] INFO:colcon.colcon_core.shell:Creating package script '/opt/erc_ws/install/pal_gripper_controller_configuration/share/pal_gripper_controller_configuration/package.bash'
[1.375s] INFO:colcon.colcon_core.shell:Creating package script '/opt/erc_ws/install/pal_gripper_controller_configuration/share/pal_gripper_controller_configuration/package.zsh'
[1.375s] Level 1:colcon.colcon_core.environment:create_file_with_runtime_dependencies(/opt/erc_ws/install/pal_gripper_controller_configuration/share/colcon-core/packages/pal_gripper_controller_configuration)
[1.376s] Level 1:colcon.colcon_core.environment:create_environment_scripts_only(pal_gripper_controller_configuration)
[1.376s] Level 1:colcon.colcon_core.environment:checking '/opt/erc_ws/install/pal_gripper_controller_configuration' for CMake module files
[1.377s] Level 1:colcon.colcon_core.environment:checking '/opt/erc_ws/install/pal_gripper_controller_configuration' for CMake config files
[1.377s] Level 1:colcon.colcon_core.shell:create_environment_hook('pal_gripper_controller_configuration', 'cmake_prefix_path')
[1.377s] INFO:colcon.colcon_core.shell:Creating environment hook '/opt/erc_ws/install/pal_gripper_controller_configuration/share/pal_gripper_controller_configuration/hook/cmake_prefix_path.ps1'
[1.377s] INFO:colcon.colcon_core.shell:Creating environment descriptor '/opt/erc_ws/install/pal_gripper_controller_configuration/share/pal_gripper_controller_configuration/hook/cmake_prefix_path.dsv'
[1.378s] INFO:colcon.colcon_core.shell:Creating environment hook '/opt/erc_ws/install/pal_gripper_controller_configuration/share/pal_gripper_controller_configuration/hook/cmake_prefix_path.sh'
[1.378s] Level 1:colcon.colcon_core.environment:checking '/opt/erc_ws/install/pal_gripper_controller_configuration/bin'
[1.378s] Level 1:colcon.colcon_core.environment:checking '/opt/erc_ws/install/pal_gripper_controller_configuration/lib/pkgconfig/pal_gripper_controller_configuration.pc'
[1.378s] Level 1:colcon.colcon_core.environment:checking '/opt/erc_ws/install/pal_gripper_controller_configuration/lib/python3.10/site-packages'
[1.379s] Level 1:colcon.colcon_core.environment:checking '/opt/erc_ws/install/pal_gripper_controller_configuration/bin'
[1.379s] INFO:colcon.colcon_core.shell:Creating package script '/opt/erc_ws/install/pal_gripper_controller_configuration/share/pal_gripper_controller_configuration/package.ps1'
[1.379s] INFO:colcon.colcon_core.shell:Creating package descriptor '/opt/erc_ws/install/pal_gripper_controller_configuration/share/pal_gripper_controller_configuration/package.dsv'
[1.380s] INFO:colcon.colcon_core.shell:Creating package script '/opt/erc_ws/install/pal_gripper_controller_configuration/share/pal_gripper_controller_configuration/package.sh'
[1.380s] INFO:colcon.colcon_core.shell:Creating package script '/opt/erc_ws/install/pal_gripper_controller_configuration/share/pal_gripper_controller_configuration/package.bash'
[1.380s] INFO:colcon.colcon_core.shell:Creating package script '/opt/erc_ws/install/pal_gripper_controller_configuration/share/pal_gripper_controller_configuration/package.zsh'
[1.381s] Level 1:colcon.colcon_core.environment:create_file_with_runtime_dependencies(/opt/erc_ws/install/pal_gripper_controller_configuration/share/colcon-core/packages/pal_gripper_controller_configuration)
[1.382s] Level 1:colcon.colcon_core.environment:create_environment_scripts_only(pal_urdf_utils)
[1.382s] Level 1:colcon.colcon_core.environment:checking '/opt/erc_ws/install/pal_urdf_utils' for CMake module files
[1.383s] Level 1:colcon.colcon_core.environment:checking '/opt/erc_ws/install/pal_urdf_utils' for CMake config files
[1.383s] Level 1:colcon.colcon_core.shell:create_environment_hook('pal_urdf_utils', 'cmake_prefix_path')
[1.383s] INFO:colcon.colcon_core.shell:Creating environment hook '/opt/erc_ws/install/pal_urdf_utils/share/pal_urdf_utils/hook/cmake_prefix_path.ps1'
[1.384s] DEBUG:colcon.colcon_core.event_handler.log_command:Invoked command in '/opt/erc_ws/build/pal_urdf_utils' returned '0': CMAKE_PREFIX_PATH=/opt/erc_ws/install/erc_solution:/opt/ros/humble /usr/bin/cmake --install /opt/erc_ws/build/pal_urdf_utils
[1.384s] INFO:colcon.colcon_core.shell:Creating environment descriptor '/opt/erc_ws/install/pal_urdf_utils/share/pal_urdf_utils/hook/cmake_prefix_path.dsv'
[1.385s] INFO:colcon.colcon_core.shell:Creating environment hook '/opt/erc_ws/install/pal_urdf_utils/share/pal_urdf_utils/hook/cmake_prefix_path.sh'
[1.385s] Level 1:colcon.colcon_core.environment:checking '/opt/erc_ws/install/pal_urdf_utils/bin'
[1.385s] Level 1:colcon.colcon_core.environment:checking '/opt/erc_ws/install/pal_urdf_utils/lib/pkgconfig/pal_urdf_utils.pc'
[1.385s] Level 1:colcon.colcon_core.environment:checking '/opt/erc_ws/install/pal_urdf_utils/lib/python3.10/site-packages'
[1.386s] Level 1:colcon.colcon_core.environment:checking '/opt/erc_ws/install/pal_urdf_utils/bin'
[1.386s] INFO:colcon.colcon_core.shell:Creating package script '/opt/erc_ws/install/pal_urdf_utils/share/pal_urdf_utils/package.ps1'
[1.386s] INFO:colcon.colcon_core.shell:Creating package descriptor '/opt/erc_ws/install/pal_urdf_utils/share/pal_urdf_utils/package.dsv'
[1.386s] INFO:colcon.colcon_core.shell:Creating package script '/opt/erc_ws/install/pal_urdf_utils/share/pal_urdf_utils/package.sh'
[1.387s] INFO:colcon.colcon_core.shell:Creating package script '/opt/erc_ws/install/pal_urdf_utils/share/pal_urdf_utils/package.bash'
[1.387s] INFO:colcon.colcon_core.shell:Creating package script '/opt/erc_ws/install/pal_urdf_utils/share/pal_urdf_utils/package.zsh'
[1.387s] Level 1:colcon.colcon_core.environment:create_file_with_runtime_dependencies(/opt/erc_ws/install/pal_urdf_utils/share/colcon-core/packages/pal_urdf_utils)
[1.388s] Level 1:colcon.colcon_core.environment:create_environment_scripts_only(pal_urdf_utils)
[1.389s] Level 1:colcon.colcon_core.environment:checking '/opt/erc_ws/install/pal_urdf_utils' for CMake module files
[1.389s] Level 1:colcon.colcon_core.environment:checking '/opt/erc_ws/install/pal_urdf_utils' for CMake config files
[1.389s] Level 1:colcon.colcon_core.shell:create_environment_hook('pal_urdf_utils', 'cmake_prefix_path')
[1.389s] INFO:colcon.colcon_core.shell:Creating environment hook '/opt/erc_ws/install/pal_urdf_utils/share/pal_urdf_utils/hook/cmake_prefix_path.ps1'
[1.390s] INFO:colcon.colcon_core.shell:Creating environment descriptor '/opt/erc_ws/install/pal_urdf_utils/share/pal_urdf_utils/hook/cmake_prefix_path.dsv'
[1.390s] INFO:colcon.colcon_core.shell:Creating environment hook '/opt/erc_ws/install/pal_urdf_utils/share/pal_urdf_utils/hook/cmake_prefix_path.sh'
[1.391s] Level 1:colcon.colcon_core.environment:checking '/opt/erc_ws/install/pal_urdf_utils/bin'
[1.391s] Level 1:colcon.colcon_core.environment:checking '/opt/erc_ws/install/pal_urdf_utils/lib/pkgconfig/pal_urdf_utils.pc'
[1.391s] Level 1:colcon.colcon_core.environment:checking '/opt/erc_ws/install/pal_urdf_utils/lib/python3.10/site-packages'
[1.391s] Level 1:colcon.colcon_core.environment:checking '/opt/erc_ws/install/pal_urdf_utils/bin'
[1.392s] INFO:colcon.colcon_core.shell:Creating package script '/opt/erc_ws/install/pal_urdf_utils/share/pal_urdf_utils/package.ps1'
[1.392s] INFO:colcon.colcon_core.shell:Creating package descriptor '/opt/erc_ws/install/pal_urdf_utils/share/pal_urdf_utils/package.dsv'
[1.392s] INFO:colcon.colcon_core.shell:Creating package script '/opt/erc_ws/install/pal_urdf_utils/share/pal_urdf_utils/package.sh'
[1.393s] INFO:colcon.colcon_core.shell:Creating package script '/opt/erc_ws/install/pal_urdf_utils/share/pal_urdf_utils/package.bash'
[1.393s] INFO:colcon.colcon_core.shell:Creating package script '/opt/erc_ws/install/pal_urdf_utils/share/pal_urdf_utils/package.zsh'
[1.393s] Level 1:colcon.colcon_core.environment:create_file_with_runtime_dependencies(/opt/erc_ws/install/pal_urdf_utils/share/colcon-core/packages/pal_urdf_utils)
[1.394s] INFO:colcon.colcon_ros.task.ament_cmake.build:Building ROS package in '/opt/erc_ws/src/pal_pro_gripper/pal_pro_gripper_description' with build type 'ament_cmake'
[1.394s] INFO:colcon.colcon_cmake.task.cmake.build:Building CMake package in '/opt/erc_ws/src/pal_pro_gripper/pal_pro_gripper_description'
[1.395s] INFO:colcon.colcon_core.shell:Skip shell extension 'powershell' for command environment: Not usable outside of PowerShell
[1.395s] DEBUG:colcon.colcon_core.shell:Skip shell extension 'dsv' for command environment
[1.400s] INFO:colcon.colcon_ros.task.ament_cmake.build:Building ROS package in '/opt/erc_ws/src/pal_gripper/pal_gripper_description' with build type 'ament_cmake'
[1.401s] INFO:colcon.colcon_cmake.task.cmake.build:Building CMake package in '/opt/erc_ws/src/pal_gripper/pal_gripper_description'
[1.401s] INFO:colcon.colcon_core.shell:Skip shell extension 'powershell' for command environment: Not usable outside of PowerShell
[1.401s] DEBUG:colcon.colcon_core.shell:Skip shell extension 'dsv' for command environment
[1.415s] DEBUG:colcon.colcon_core.event_handler.log_command:Invoking command in '/opt/erc_ws/build/pal_pro_gripper_description': AMENT_PREFIX_PATH=/opt/erc_ws/install/pal_urdf_utils:${AMENT_PREFIX_PATH} CMAKE_PREFIX_PATH=/opt/erc_ws/install/pal_urdf_utils:/opt/erc_ws/install/erc_solution:/opt/ros/humble /usr/bin/cmake /opt/erc_ws/src/pal_pro_gripper/pal_pro_gripper_description -DCMAKE_INSTALL_PREFIX=/opt/erc_ws/install/pal_pro_gripper_description
[1.420s] DEBUG:colcon.colcon_core.task.python.build:Available setuptools commands: bdist_rpm, upload_docs, bdist, install_data, symlink_data, test, build_py, clean, compile_catalog, develop, setopt, extract_messages, saveopts, bdist_dumb, alias, sdist, update_catalog, rotate, check, egg_info, install_egg_info, install_scripts, build, install_lib, install, upload, bdist_wheel, register, build_scripts, build_ext, dist_info, install_headers, easy_install, bdist_egg, build_clib, init_catalog
[1.423s] DEBUG:colcon.colcon_core.event_handler.log_command:Invoking command in '/opt/erc_ws/build/pal_gripper_description': AMENT_PREFIX_PATH=/opt/erc_ws/install/pal_urdf_utils:${AMENT_PREFIX_PATH} CMAKE_PREFIX_PATH=/opt/erc_ws/install/pal_urdf_utils:/opt/erc_ws/install/erc_solution:/opt/ros/humble /usr/bin/cmake /opt/erc_ws/src/pal_gripper/pal_gripper_description -DCMAKE_INSTALL_PREFIX=/opt/erc_ws/install/pal_gripper_description
[1.425s] DEBUG:colcon.colcon_core.task.python.build:Available setuptools commands: bdist_rpm, upload_docs, bdist, install_data, symlink_data, test, build_py, clean, compile_catalog, develop, setopt, extract_messages, saveopts, bdist_dumb, alias, sdist, update_catalog, rotate, check, egg_info, install_egg_info, install_scripts, build, install_lib, install, upload, bdist_wheel, register, build_scripts, build_ext, dist_info, install_headers, easy_install, bdist_egg, build_clib, init_catalog
[1.428s] DEBUG:colcon.colcon_core.task.python.build:Available setuptools commands: bdist_rpm, upload_docs, bdist, install_data, symlink_data, test, build_py, clean, compile_catalog, develop, setopt, extract_messages, saveopts, bdist_dumb, alias, sdist, update_catalog, rotate, check, egg_info, install_egg_info, install_scripts, build, install_lib, install, upload, bdist_wheel, register, build_scripts, build_ext, dist_info, install_headers, easy_install, bdist_egg, build_clib, init_catalog
[1.433s] DEBUG:colcon.colcon_core.event_handler.log_command:Invoking command in '/opt/erc_ws/src/launch_pal': PYTHONPATH=/opt/erc_ws/build/launch_pal/prefix_override:/usr/lib/python3/dist-packages/colcon_core/task/python/colcon_distutils_commands:/opt/erc_ws/install/launch_pal/lib/python3.10/site-packages:${PYTHONPATH} /usr/bin/python3 -W ignore:setup.py install is deprecated -W ignore:easy_install command is deprecated setup.py egg_info --egg-base ../../build/launch_pal build --build-base /opt/erc_ws/build/launch_pal/build install --record /opt/erc_ws/build/launch_pal/install.log --install-scripts $base/lib/launch_pal --single-version-externally-managed install_data
[1.435s] DEBUG:colcon.colcon_core.task.python.build:Available setuptools commands: bdist_rpm, upload_docs, bdist, install_data, symlink_data, test, build_py, clean, compile_catalog, develop, setopt, extract_messages, saveopts, bdist_dumb, alias, sdist, update_catalog, rotate, check, egg_info, install_egg_info, install_scripts, build, install_lib, install, upload, bdist_wheel, register, build_scripts, build_ext, dist_info, install_headers, easy_install, bdist_egg, build_clib, init_catalog
[1.439s] DEBUG:colcon.colcon_core.event_handler.log_command:Invoking command in '/opt/erc_ws/build/erc_solution': PYTHONPATH=/opt/erc_ws/build/erc_solution/prefix_override:/usr/lib/python3/dist-packages/colcon_core/task/python/colcon_distutils_commands:/opt/erc_ws/install/erc_solution/lib/python3.10/site-packages:${PYTHONPATH} /usr/bin/python3 -W ignore:setup.py install is deprecated -W ignore:easy_install command is deprecated setup.py develop --uninstall --editable --build-directory /opt/erc_ws/build/erc_solution/build
[1.441s] DEBUG:colcon.colcon_core.event_handler.log_command:Invoking command in '/opt/erc_ws/src/sensors': PYTHONPATH=/opt/erc_ws/build/sensors/prefix_override:/usr/lib/python3/dist-packages/colcon_core/task/python/colcon_distutils_commands:/opt/erc_ws/install/sensors/lib/python3.10/site-packages:${PYTHONPATH} /usr/bin/python3 -W ignore:setup.py install is deprecated -W ignore:easy_install command is deprecated setup.py egg_info --egg-base ../../build/sensors build --build-base /opt/erc_ws/build/sensors/build install --record /opt/erc_ws/build/sensors/install.log --install-scripts $base/lib/sensors --single-version-externally-managed install_data
[1.442s] DEBUG:colcon.colcon_core.event_handler.log_command:Invoking command in '/opt/erc_ws/src/pal_pro_gripper/pal_pro_gripper_wrapper': PYTHONPATH=/opt/erc_ws/build/pal_pro_gripper_wrapper/prefix_override:/usr/lib/python3/dist-packages/colcon_core/task/python/colcon_distutils_commands:/opt/erc_ws/install/pal_pro_gripper_wrapper/lib/python3.10/site-packages:${PYTHONPATH} /usr/bin/python3 -W ignore:setup.py install is deprecated -W ignore:easy_install command is deprecated setup.py egg_info --egg-base ../../../build/pal_pro_gripper_wrapper build --build-base /opt/erc_ws/build/pal_pro_gripper_wrapper/build install --record /opt/erc_ws/build/pal_pro_gripper_wrapper/install.log --install-scripts $base/lib/pal_pro_gripper_wrapper --single-version-externally-managed install_data
[1.712s] Level 1:colcon.colcon_core.environment:checking '/opt/erc_ws/install/pal_pro_gripper_wrapper' for CMake module files
[1.713s] DEBUG:colcon.colcon_core.event_handler.log_command:Invoked command in '/opt/erc_ws/src/pal_pro_gripper/pal_pro_gripper_wrapper' returned '0': PYTHONPATH=/opt/erc_ws/build/pal_pro_gripper_wrapper/prefix_override:/usr/lib/python3/dist-packages/colcon_core/task/python/colcon_distutils_commands:/opt/erc_ws/install/pal_pro_gripper_wrapper/lib/python3.10/site-packages:${PYTHONPATH} /usr/bin/python3 -W ignore:setup.py install is deprecated -W ignore:easy_install command is deprecated setup.py egg_info --egg-base ../../../build/pal_pro_gripper_wrapper build --build-base /opt/erc_ws/build/pal_pro_gripper_wrapper/build install --record /opt/erc_ws/build/pal_pro_gripper_wrapper/install.log --install-scripts $base/lib/pal_pro_gripper_wrapper --single-version-externally-managed install_data
[1.714s] Level 1:colcon.colcon_core.environment:checking '/opt/erc_ws/install/pal_pro_gripper_wrapper' for CMake config files
[1.714s] Level 1:colcon.colcon_core.environment:checking '/opt/erc_ws/install/pal_pro_gripper_wrapper/lib'
[1.715s] Level 1:colcon.colcon_core.environment:checking '/opt/erc_ws/install/pal_pro_gripper_wrapper/bin'
[1.715s] Level 1:colcon.colcon_core.environment:checking '/opt/erc_ws/install/pal_pro_gripper_wrapper/lib/pkgconfig/pal_pro_gripper_wrapper.pc'
[1.715s] Level 1:colcon.colcon_core.environment:checking '/opt/erc_ws/install/pal_pro_gripper_wrapper/lib/python3.10/site-packages'
[1.715s] Level 1:colcon.colcon_core.shell:create_environment_hook('pal_pro_gripper_wrapper', 'pythonpath')
[1.716s] INFO:colcon.colcon_core.shell:Creating environment hook '/opt/erc_ws/install/pal_pro_gripper_wrapper/share/pal_pro_gripper_wrapper/hook/pythonpath.ps1'
[1.716s] INFO:colcon.colcon_core.shell:Creating environment descriptor '/opt/erc_ws/install/pal_pro_gripper_wrapper/share/pal_pro_gripper_wrapper/hook/pythonpath.dsv'
[1.716s] INFO:colcon.colcon_core.shell:Creating environment hook '/opt/erc_ws/install/pal_pro_gripper_wrapper/share/pal_pro_gripper_wrapper/hook/pythonpath.sh'
[1.717s] Level 1:colcon.colcon_core.environment:checking '/opt/erc_ws/install/pal_pro_gripper_wrapper/bin'
[1.717s] Level 1:colcon.colcon_core.environment:create_environment_scripts_only(pal_pro_gripper_wrapper)
[1.717s] INFO:colcon.colcon_core.shell:Creating package script '/opt/erc_ws/install/pal_pro_gripper_wrapper/share/pal_pro_gripper_wrapper/package.ps1'
[1.718s] INFO:colcon.colcon_core.shell:Creating package descriptor '/opt/erc_ws/install/pal_pro_gripper_wrapper/share/pal_pro_gripper_wrapper/package.dsv'
[1.718s] INFO:colcon.colcon_core.shell:Creating package script '/opt/erc_ws/install/pal_pro_gripper_wrapper/share/pal_pro_gripper_wrapper/package.sh'
[1.719s] INFO:colcon.colcon_core.shell:Creating package script '/opt/erc_ws/install/pal_pro_gripper_wrapper/share/pal_pro_gripper_wrapper/package.bash'
[1.719s] INFO:colcon.colcon_core.shell:Creating package script '/opt/erc_ws/install/pal_pro_gripper_wrapper/share/pal_pro_gripper_wrapper/package.zsh'
[1.719s] Level 1:colcon.colcon_core.environment:create_file_with_runtime_dependencies(/opt/erc_ws/install/pal_pro_gripper_wrapper/share/colcon-core/packages/pal_pro_gripper_wrapper)
[1.722s] Level 1:colcon.colcon_core.environment:checking '/opt/erc_ws/install/sensors' for CMake module files
[1.723s] DEBUG:colcon.colcon_core.event_handler.log_command:Invoked command in '/opt/erc_ws/src/sensors' returned '0': PYTHONPATH=/opt/erc_ws/build/sensors/prefix_override:/usr/lib/python3/dist-packages/colcon_core/task/python/colcon_distutils_commands:/opt/erc_ws/install/sensors/lib/python3.10/site-packages:${PYTHONPATH} /usr/bin/python3 -W ignore:setup.py install is deprecated -W ignore:easy_install command is deprecated setup.py egg_info --egg-base ../../build/sensors build --build-base /opt/erc_ws/build/sensors/build install --record /opt/erc_ws/build/sensors/install.log --install-scripts $base/lib/sensors --single-version-externally-managed install_data
[1.724s] Level 1:colcon.colcon_core.environment:checking '/opt/erc_ws/install/sensors' for CMake config files
[1.724s] Level 1:colcon.colcon_core.environment:checking '/opt/erc_ws/install/sensors/lib'
[1.724s] Level 1:colcon.colcon_core.environment:checking '/opt/erc_ws/install/sensors/bin'
[1.725s] Level 1:colcon.colcon_core.environment:checking '/opt/erc_ws/install/sensors/lib/pkgconfig/sensors.pc'
[1.725s] Level 1:colcon.colcon_core.environment:checking '/opt/erc_ws/install/sensors/lib/python3.10/site-packages'
[1.725s] Level 1:colcon.colcon_core.shell:create_environment_hook('sensors', 'pythonpath')
[1.725s] INFO:colcon.colcon_core.shell:Creating environment hook '/opt/erc_ws/install/sensors/share/sensors/hook/pythonpath.ps1'
[1.726s] INFO:colcon.colcon_core.shell:Creating environment descriptor '/opt/erc_ws/install/sensors/share/sensors/hook/pythonpath.dsv'
[1.726s] INFO:colcon.colcon_core.shell:Creating environment hook '/opt/erc_ws/install/sensors/share/sensors/hook/pythonpath.sh'
[1.727s] Level 1:colcon.colcon_core.environment:checking '/opt/erc_ws/install/sensors/bin'
[1.727s] Level 1:colcon.colcon_core.environment:create_environment_scripts_only(sensors)
[1.727s] INFO:colcon.colcon_core.shell:Creating package script '/opt/erc_ws/install/sensors/share/sensors/package.ps1'
[1.727s] INFO:colcon.colcon_core.shell:Creating package descriptor '/opt/erc_ws/install/sensors/share/sensors/package.dsv'
[1.728s] INFO:colcon.colcon_core.shell:Creating package script '/opt/erc_ws/install/sensors/share/sensors/package.sh'
[1.728s] INFO:colcon.colcon_core.shell:Creating package script '/opt/erc_ws/install/sensors/share/sensors/package.bash'
[1.728s] INFO:colcon.colcon_core.shell:Creating package script '/opt/erc_ws/install/sensors/share/sensors/package.zsh'
[1.728s] Level 1:colcon.colcon_core.environment:create_file_with_runtime_dependencies(/opt/erc_ws/install/sensors/share/colcon-core/packages/sensors)
[1.731s] Level 1:colcon.colcon_core.environment:checking '/opt/erc_ws/install/launch_pal' for CMake module files
[1.732s] DEBUG:colcon.colcon_core.event_handler.log_command:Invoked command in '/opt/erc_ws/src/launch_pal' returned '0': PYTHONPATH=/opt/erc_ws/build/launch_pal/prefix_override:/usr/lib/python3/dist-packages/colcon_core/task/python/colcon_distutils_commands:/opt/erc_ws/install/launch_pal/lib/python3.10/site-packages:${PYTHONPATH} /usr/bin/python3 -W ignore:setup.py install is deprecated -W ignore:easy_install command is deprecated setup.py egg_info --egg-base ../../build/launch_pal build --build-base /opt/erc_ws/build/launch_pal/build install --record /opt/erc_ws/build/launch_pal/install.log --install-scripts $base/lib/launch_pal --single-version-externally-managed install_data
[1.732s] Level 1:colcon.colcon_core.environment:checking '/opt/erc_ws/install/launch_pal' for CMake config files
[1.733s] Level 1:colcon.colcon_core.environment:checking '/opt/erc_ws/install/launch_pal/lib'
[1.733s] Level 1:colcon.colcon_core.environment:checking '/opt/erc_ws/install/launch_pal/bin'
[1.733s] Level 1:colcon.colcon_core.environment:checking '/opt/erc_ws/install/launch_pal/lib/pkgconfig/launch_pal.pc'
[1.733s] Level 1:colcon.colcon_core.environment:checking '/opt/erc_ws/install/launch_pal/lib/python3.10/site-packages'
[1.733s] Level 1:colcon.colcon_core.shell:create_environment_hook('launch_pal', 'pythonpath')
[1.734s] INFO:colcon.colcon_core.shell:Creating environment hook '/opt/erc_ws/install/launch_pal/share/launch_pal/hook/pythonpath.ps1'
[1.734s] INFO:colcon.colcon_core.shell:Creating environment descriptor '/opt/erc_ws/install/launch_pal/share/launch_pal/hook/pythonpath.dsv'
[1.734s] INFO:colcon.colcon_core.shell:Creating environment hook '/opt/erc_ws/install/launch_pal/share/launch_pal/hook/pythonpath.sh'
[1.735s] Level 1:colcon.colcon_core.environment:checking '/opt/erc_ws/install/launch_pal/bin'
[1.735s] Level 1:colcon.colcon_core.environment:create_environment_scripts_only(launch_pal)
[1.735s] INFO:colcon.colcon_core.shell:Creating package script '/opt/erc_ws/install/launch_pal/share/launch_pal/package.ps1'
[1.736s] INFO:colcon.colcon_core.shell:Creating package descriptor '/opt/erc_ws/install/launch_pal/share/launch_pal/package.dsv'
[1.736s] INFO:colcon.colcon_core.shell:Creating package script '/opt/erc_ws/install/launch_pal/share/launch_pal/package.sh'
[1.736s] INFO:colcon.colcon_core.shell:Creating package script '/opt/erc_ws/install/launch_pal/share/launch_pal/package.bash'
[1.736s] INFO:colcon.colcon_core.shell:Creating package script '/opt/erc_ws/install/launch_pal/share/launch_pal/package.zsh'
[1.737s] Level 1:colcon.colcon_core.environment:create_file_with_runtime_dependencies(/opt/erc_ws/install/launch_pal/share/colcon-core/packages/launch_pal)
[1.738s] INFO:colcon.colcon_ros.task.ament_cmake.build:Building ROS package in '/opt/erc_ws/src/pal_pro_gripper/pal_pro_gripper_controller_configuration' with build type 'ament_cmake'
[1.738s] INFO:colcon.colcon_cmake.task.cmake.build:Building CMake package in '/opt/erc_ws/src/pal_pro_gripper/pal_pro_gripper_controller_configuration'
[1.738s] INFO:colcon.colcon_core.shell:Skip shell extension 'powershell' for command environment: Not usable outside of PowerShell
[1.738s] DEBUG:colcon.colcon_core.shell:Skip shell extension 'dsv' for command environment
[1.745s] INFO:colcon.colcon_ros.task.ament_cmake.build:Building ROS package in '/opt/erc_ws/src/tiago_pro_head_robot/tiago_pro_head_controller_configuration' with build type 'ament_cmake'
[1.745s] INFO:colcon.colcon_cmake.task.cmake.build:Building CMake package in '/opt/erc_ws/src/tiago_pro_head_robot/tiago_pro_head_controller_configuration'
[1.746s] INFO:colcon.colcon_core.shell:Skip shell extension 'powershell' for command environment: Not usable outside of PowerShell
[1.746s] DEBUG:colcon.colcon_core.shell:Skip shell extension 'dsv' for command environment
[1.749s] INFO:colcon.colcon_ros.task.ament_cmake.build:Building ROS package in '/opt/erc_ws/src/omni_base_robot/omni_base_description' with build type 'ament_cmake'
[1.750s] INFO:colcon.colcon_cmake.task.cmake.build:Building CMake package in '/opt/erc_ws/src/omni_base_robot/omni_base_description'
[1.750s] INFO:colcon.colcon_core.shell:Skip shell extension 'powershell' for command environment: Not usable outside of PowerShell
[1.750s] DEBUG:colcon.colcon_core.shell:Skip shell extension 'dsv' for command environment
[1.762s] DEBUG:colcon.colcon_core.event_handler.log_command:Invoking command in '/opt/erc_ws/build/pal_pro_gripper_controller_configuration': AMENT_PREFIX_PATH=/opt/erc_ws/install/pal_pro_gripper_wrapper:/opt/erc_ws/install/launch_pal:${AMENT_PREFIX_PATH} CMAKE_PREFIX_PATH=/opt/erc_ws/install/erc_solution:/opt/ros/humble PYTHONPATH=/opt/erc_ws/install/pal_pro_gripper_wrapper/lib/python3.10/site-packages:/opt/erc_ws/install/launch_pal/lib/python3.10/site-packages:${PYTHONPATH} /usr/bin/cmake /opt/erc_ws/src/pal_pro_gripper/pal_pro_gripper_controller_configuration -DCMAKE_INSTALL_PREFIX=/opt/erc_ws/install/pal_pro_gripper_controller_configuration
[1.765s] DEBUG:colcon.colcon_core.event_handler.log_command:Invoking command in '/opt/erc_ws/build/tiago_pro_head_controller_configuration': AMENT_PREFIX_PATH=/opt/erc_ws/install/launch_pal:${AMENT_PREFIX_PATH} CMAKE_PREFIX_PATH=/opt/erc_ws/install/erc_solution:/opt/ros/humble PYTHONPATH=/opt/erc_ws/install/launch_pal/lib/python3.10/site-packages:${PYTHONPATH} /usr/bin/cmake /opt/erc_ws/src/tiago_pro_head_robot/tiago_pro_head_controller_configuration -DCMAKE_INSTALL_PREFIX=/opt/erc_ws/install/tiago_pro_head_controller_configuration
[1.774s] DEBUG:colcon.colcon_core.event_handler.log_command:Invoking command in '/opt/erc_ws/build/omni_base_description': AMENT_PREFIX_PATH=/opt/erc_ws/install/pal_urdf_utils:/opt/erc_ws/install/launch_pal:${AMENT_PREFIX_PATH} CMAKE_PREFIX_PATH=/opt/erc_ws/install/pal_urdf_utils:/opt/erc_ws/install/erc_solution:/opt/ros/humble PYTHONPATH=/opt/erc_ws/install/launch_pal/lib/python3.10/site-packages:${PYTHONPATH} /usr/bin/cmake /opt/erc_ws/src/omni_base_robot/omni_base_description -DCMAKE_INSTALL_PREFIX=/opt/erc_ws/install/omni_base_description
[1.807s] DEBUG:colcon.colcon_core.event_handler.log_command:Invoked command in '/opt/erc_ws/build/erc_solution' returned '0': PYTHONPATH=/opt/erc_ws/build/erc_solution/prefix_override:/usr/lib/python3/dist-packages/colcon_core/task/python/colcon_distutils_commands:/opt/erc_ws/install/erc_solution/lib/python3.10/site-packages:${PYTHONPATH} /usr/bin/python3 -W ignore:setup.py install is deprecated -W ignore:easy_install command is deprecated setup.py develop --uninstall --editable --build-directory /opt/erc_ws/build/erc_solution/build
[1.810s] DEBUG:colcon.colcon_core.event_handler.log_command:Invoking command in '/opt/erc_ws/src/erc_solution': PYTHONPATH=/opt/erc_ws/build/erc_solution/prefix_override:/usr/lib/python3/dist-packages/colcon_core/task/python/colcon_distutils_commands:/opt/erc_ws/install/erc_solution/lib/python3.10/site-packages:${PYTHONPATH} /usr/bin/python3 -W ignore:setup.py install is deprecated -W ignore:easy_install command is deprecated setup.py egg_info --egg-base ../../build/erc_solution build --build-base /opt/erc_ws/build/erc_solution/build install --record /opt/erc_ws/build/erc_solution/install.log --install-scripts $base/lib/erc_solution --single-version-externally-managed install_data --force
[2.022s] DEBUG:colcon.colcon_core.event_handler.log_command:Invoked command in '/opt/erc_ws/build/pal_pro_gripper_description' returned '0': AMENT_PREFIX_PATH=/opt/erc_ws/install/pal_urdf_utils:${AMENT_PREFIX_PATH} CMAKE_PREFIX_PATH=/opt/erc_ws/install/pal_urdf_utils:/opt/erc_ws/install/erc_solution:/opt/ros/humble /usr/bin/cmake /opt/erc_ws/src/pal_pro_gripper/pal_pro_gripper_description -DCMAKE_INSTALL_PREFIX=/opt/erc_ws/install/pal_pro_gripper_description
[2.025s] DEBUG:colcon.colcon_core.event_handler.log_command:Invoking command in '/opt/erc_ws/build/pal_pro_gripper_description': AMENT_PREFIX_PATH=/opt/erc_ws/install/pal_urdf_utils:${AMENT_PREFIX_PATH} CMAKE_PREFIX_PATH=/opt/erc_ws/install/pal_urdf_utils:/opt/erc_ws/install/erc_solution:/opt/ros/humble /usr/bin/cmake --build /opt/erc_ws/build/pal_pro_gripper_description -- -j16 -l16
[2.059s] Level 1:colcon.colcon_core.environment:checking '/opt/erc_ws/install/erc_solution' for CMake module files
[2.059s] DEBUG:colcon.colcon_core.event_handler.log_command:Invoked command in '/opt/erc_ws/src/erc_solution' returned '0': PYTHONPATH=/opt/erc_ws/build/erc_solution/prefix_override:/usr/lib/python3/dist-packages/colcon_core/task/python/colcon_distutils_commands:/opt/erc_ws/install/erc_solution/lib/python3.10/site-packages:${PYTHONPATH} /usr/bin/python3 -W ignore:setup.py install is deprecated -W ignore:easy_install command is deprecated setup.py egg_info --egg-base ../../build/erc_solution build --build-base /opt/erc_ws/build/erc_solution/build install --record /opt/erc_ws/build/erc_solution/install.log --install-scripts $base/lib/erc_solution --single-version-externally-managed install_data --force
[2.060s] Level 1:colcon.colcon_core.environment:checking '/opt/erc_ws/install/erc_solution' for CMake config files
[2.060s] Level 1:colcon.colcon_core.environment:checking '/opt/erc_ws/install/erc_solution/lib'
[2.060s] Level 1:colcon.colcon_core.environment:checking '/opt/erc_ws/install/erc_solution/bin'
[2.061s] Level 1:colcon.colcon_core.environment:checking '/opt/erc_ws/install/erc_solution/lib/pkgconfig/erc_solution.pc'
[2.061s] Level 1:colcon.colcon_core.environment:checking '/opt/erc_ws/install/erc_solution/lib/python3.10/site-packages'
[2.061s] Level 1:colcon.colcon_core.shell:create_environment_hook('erc_solution', 'pythonpath')
[2.061s] INFO:colcon.colcon_core.shell:Creating environment hook '/opt/erc_ws/install/erc_solution/share/erc_solution/hook/pythonpath.ps1'
[2.062s] INFO:colcon.colcon_core.shell:Creating environment descriptor '/opt/erc_ws/install/erc_solution/share/erc_solution/hook/pythonpath.dsv'
[2.062s] INFO:colcon.colcon_core.shell:Creating environment hook '/opt/erc_ws/install/erc_solution/share/erc_solution/hook/pythonpath.sh'
[2.063s] Level 1:colcon.colcon_core.environment:checking '/opt/erc_ws/install/erc_solution/bin'
[2.063s] Level 1:colcon.colcon_core.environment:create_environment_scripts_only(erc_solution)
[2.063s] INFO:colcon.colcon_core.shell:Creating package script '/opt/erc_ws/install/erc_solution/share/erc_solution/package.ps1'
[2.064s] INFO:colcon.colcon_core.shell:Creating package descriptor '/opt/erc_ws/install/erc_solution/share/erc_solution/package.dsv'
[2.064s] INFO:colcon.colcon_core.shell:Creating package script '/opt/erc_ws/install/erc_solution/share/erc_solution/package.sh'
[2.065s] INFO:colcon.colcon_core.shell:Creating package script '/opt/erc_ws/install/erc_solution/share/erc_solution/package.bash'
[2.065s] INFO:colcon.colcon_core.shell:Creating package script '/opt/erc_ws/install/erc_solution/share/erc_solution/package.zsh'
[2.065s] Level 1:colcon.colcon_core.environment:create_file_with_runtime_dependencies(/opt/erc_ws/install/erc_solution/share/colcon-core/packages/erc_solution)
[2.070s] DEBUG:colcon.colcon_core.event_handler.log_command:Invoked command in '/opt/erc_ws/build/pal_gripper_description' returned '0': AMENT_PREFIX_PATH=/opt/erc_ws/install/pal_urdf_utils:${AMENT_PREFIX_PATH} CMAKE_PREFIX_PATH=/opt/erc_ws/install/pal_urdf_utils:/opt/erc_ws/install/erc_solution:/opt/ros/humble /usr/bin/cmake /opt/erc_ws/src/pal_gripper/pal_gripper_description -DCMAKE_INSTALL_PREFIX=/opt/erc_ws/install/pal_gripper_description
[2.071s] DEBUG:colcon.colcon_core.event_handler.log_command:Invoking command in '/opt/erc_ws/build/pal_gripper_description': AMENT_PREFIX_PATH=/opt/erc_ws/install/pal_urdf_utils:${AMENT_PREFIX_PATH} CMAKE_PREFIX_PATH=/opt/erc_ws/install/pal_urdf_utils:/opt/erc_ws/install/erc_solution:/opt/ros/humble /usr/bin/cmake --build /opt/erc_ws/build/pal_gripper_description -- -j16 -l16
[2.098s] DEBUG:colcon.colcon_core.event_handler.log_command:Invoked command in '/opt/erc_ws/build/pal_gripper_description' returned '0': AMENT_PREFIX_PATH=/opt/erc_ws/install/pal_urdf_utils:${AMENT_PREFIX_PATH} CMAKE_PREFIX_PATH=/opt/erc_ws/install/pal_urdf_utils:/opt/erc_ws/install/erc_solution:/opt/ros/humble /usr/bin/cmake --build /opt/erc_ws/build/pal_gripper_description -- -j16 -l16
[2.100s] DEBUG:colcon.colcon_core.event_handler.log_command:Invoking command in '/opt/erc_ws/build/pal_gripper_description': AMENT_PREFIX_PATH=/opt/erc_ws/install/pal_urdf_utils:${AMENT_PREFIX_PATH} CMAKE_PREFIX_PATH=/opt/erc_ws/install/pal_urdf_utils:/opt/erc_ws/install/erc_solution:/opt/ros/humble /usr/bin/cmake --install /opt/erc_ws/build/pal_gripper_description
[2.118s] Level 1:colcon.colcon_core.environment:create_environment_scripts_only(pal_gripper_description)
[2.118s] Level 1:colcon.colcon_core.environment:checking '/opt/erc_ws/install/pal_gripper_description' for CMake module files
[2.119s] DEBUG:colcon.colcon_core.event_handler.log_command:Invoked command in '/opt/erc_ws/build/pal_gripper_description' returned '0': AMENT_PREFIX_PATH=/opt/erc_ws/install/pal_urdf_utils:${AMENT_PREFIX_PATH} CMAKE_PREFIX_PATH=/opt/erc_ws/install/pal_urdf_utils:/opt/erc_ws/install/erc_solution:/opt/ros/humble /usr/bin/cmake --install /opt/erc_ws/build/pal_gripper_description
[2.120s] Level 1:colcon.colcon_core.environment:checking '/opt/erc_ws/install/pal_gripper_description' for CMake config files
[2.121s] Level 1:colcon.colcon_core.shell:create_environment_hook('pal_gripper_description', 'cmake_prefix_path')
[2.121s] INFO:colcon.colcon_core.shell:Creating environment hook '/opt/erc_ws/install/pal_gripper_description/share/pal_gripper_description/hook/cmake_prefix_path.ps1'
[2.122s] INFO:colcon.colcon_core.shell:Creating environment descriptor '/opt/erc_ws/install/pal_gripper_description/share/pal_gripper_description/hook/cmake_prefix_path.dsv'
[2.122s] INFO:colcon.colcon_core.shell:Creating environment hook '/opt/erc_ws/install/pal_gripper_description/share/pal_gripper_description/hook/cmake_prefix_path.sh'
[2.123s] Level 1:colcon.colcon_core.environment:checking '/opt/erc_ws/install/pal_gripper_description/bin'
[2.123s] Level 1:colcon.colcon_core.environment:checking '/opt/erc_ws/install/pal_gripper_description/lib/pkgconfig/pal_gripper_description.pc'
[2.123s] Level 1:colcon.colcon_core.environment:checking '/opt/erc_ws/install/pal_gripper_description/lib/python3.10/site-packages'
[2.123s] Level 1:colcon.colcon_core.environment:checking '/opt/erc_ws/install/pal_gripper_description/bin'
[2.123s] INFO:colcon.colcon_core.shell:Creating package script '/opt/erc_ws/install/pal_gripper_description/share/pal_gripper_description/package.ps1'
[2.124s] INFO:colcon.colcon_core.shell:Creating package descriptor '/opt/erc_ws/install/pal_gripper_description/share/pal_gripper_description/package.dsv'
[2.124s] INFO:colcon.colcon_core.shell:Creating package script '/opt/erc_ws/install/pal_gripper_description/share/pal_gripper_description/package.sh'
[2.125s] INFO:colcon.colcon_core.shell:Creating package script '/opt/erc_ws/install/pal_gripper_description/share/pal_gripper_description/package.bash'
[2.125s] INFO:colcon.colcon_core.shell:Creating package script '/opt/erc_ws/install/pal_gripper_description/share/pal_gripper_description/package.zsh'
[2.125s] Level 1:colcon.colcon_core.environment:create_file_with_runtime_dependencies(/opt/erc_ws/install/pal_gripper_description/share/colcon-core/packages/pal_gripper_description)
[2.126s] Level 1:colcon.colcon_core.environment:create_environment_scripts_only(pal_gripper_description)
[2.126s] Level 1:colcon.colcon_core.environment:checking '/opt/erc_ws/install/pal_gripper_description' for CMake module files
[2.127s] Level 1:colcon.colcon_core.environment:checking '/opt/erc_ws/install/pal_gripper_description' for CMake config files
[2.127s] Level 1:colcon.colcon_core.shell:create_environment_hook('pal_gripper_description', 'cmake_prefix_path')
[2.127s] INFO:colcon.colcon_core.shell:Creating environment hook '/opt/erc_ws/install/pal_gripper_description/share/pal_gripper_description/hook/cmake_prefix_path.ps1'
[2.127s] INFO:colcon.colcon_core.shell:Creating environment descriptor '/opt/erc_ws/install/pal_gripper_description/share/pal_gripper_description/hook/cmake_prefix_path.dsv'
[2.127s] INFO:colcon.colcon_core.shell:Creating environment hook '/opt/erc_ws/install/pal_gripper_description/share/pal_gripper_description/hook/cmake_prefix_path.sh'
[2.128s] Level 1:colcon.colcon_core.environment:checking '/opt/erc_ws/install/pal_gripper_description/bin'
[2.128s] Level 1:colcon.colcon_core.environment:checking '/opt/erc_ws/install/pal_gripper_description/lib/pkgconfig/pal_gripper_description.pc'
[2.128s] Level 1:colcon.colcon_core.environment:checking '/opt/erc_ws/install/pal_gripper_description/lib/python3.10/site-packages'
[2.128s] Level 1:colcon.colcon_core.environment:checking '/opt/erc_ws/install/pal_gripper_description/bin'
[2.129s] INFO:colcon.colcon_core.shell:Creating package script '/opt/erc_ws/install/pal_gripper_description/share/pal_gripper_description/package.ps1'
[2.129s] INFO:colcon.colcon_core.shell:Creating package descriptor '/opt/erc_ws/install/pal_gripper_description/share/pal_gripper_description/package.dsv'
[2.130s] INFO:colcon.colcon_core.shell:Creating package script '/opt/erc_ws/install/pal_gripper_description/share/pal_gripper_description/package.sh'
[2.130s] INFO:colcon.colcon_core.shell:Creating package script '/opt/erc_ws/install/pal_gripper_description/share/pal_gripper_description/package.bash'
[2.130s] INFO:colcon.colcon_core.shell:Creating package script '/opt/erc_ws/install/pal_gripper_description/share/pal_gripper_description/package.zsh'
[2.130s] Level 1:colcon.colcon_core.environment:create_file_with_runtime_dependencies(/opt/erc_ws/install/pal_gripper_description/share/colcon-core/packages/pal_gripper_description)
[2.131s] INFO:colcon.colcon_ros.task.ament_cmake.build:Building ROS package in '/opt/erc_ws/src/pal_gripper/pal_gripper' with build type 'ament_cmake'
[2.131s] INFO:colcon.colcon_cmake.task.cmake.build:Building CMake package in '/opt/erc_ws/src/pal_gripper/pal_gripper'
[2.131s] INFO:colcon.colcon_core.shell:Skip shell extension 'powershell' for command environment: Not usable outside of PowerShell
[2.131s] DEBUG:colcon.colcon_core.shell:Skip shell extension 'dsv' for command environment
[2.137s] INFO:colcon.colcon_ros.task.ament_cmake.build:Building ROS package in '/opt/erc_ws/src/pal_gripper/pal_gripper_simulation' with build type 'ament_cmake'
[2.138s] INFO:colcon.colcon_cmake.task.cmake.build:Building CMake package in '/opt/erc_ws/src/pal_gripper/pal_gripper_simulation'
[2.138s] INFO:colcon.colcon_core.shell:Skip shell extension 'powershell' for command environment: Not usable outside of PowerShell
[2.138s] DEBUG:colcon.colcon_core.shell:Skip shell extension 'dsv' for command environment
[2.149s] DEBUG:colcon.colcon_core.event_handler.log_command:Invoking command in '/opt/erc_ws/build/pal_gripper': AMENT_PREFIX_PATH=/opt/erc_ws/install/pal_gripper_description:/opt/erc_ws/install/pal_urdf_utils:/opt/erc_ws/install/pal_gripper_controller_configuration:${AMENT_PREFIX_PATH} CMAKE_PREFIX_PATH=/opt/erc_ws/install/pal_gripper_description:/opt/erc_ws/install/pal_urdf_utils:/opt/erc_ws/install/pal_gripper_controller_configuration:/opt/erc_ws/install/erc_solution:/opt/ros/humble /usr/bin/cmake /opt/erc_ws/src/pal_gripper/pal_gripper -DCMAKE_INSTALL_PREFIX=/opt/erc_ws/install/pal_gripper
[2.153s] DEBUG:colcon.colcon_core.event_handler.log_command:Invoking command in '/opt/erc_ws/build/pal_gripper_simulation': AMENT_PREFIX_PATH=/opt/erc_ws/install/pal_gripper_description:/opt/erc_ws/install/pal_urdf_utils:/opt/erc_ws/install/pal_gripper_controller_configuration:${AMENT_PREFIX_PATH} CMAKE_PREFIX_PATH=/opt/erc_ws/install/pal_gripper_description:/opt/erc_ws/install/pal_urdf_utils:/opt/erc_ws/install/pal_gripper_controller_configuration:/opt/erc_ws/install/erc_solution:/opt/ros/humble /usr/bin/cmake /opt/erc_ws/src/pal_gripper/pal_gripper_simulation -DCMAKE_INSTALL_PREFIX=/opt/erc_ws/install/pal_gripper_simulation
[2.310s] DEBUG:colcon.colcon_core.event_handler.log_command:Invoked command in '/opt/erc_ws/build/pal_pro_gripper_description' returned '0': AMENT_PREFIX_PATH=/opt/erc_ws/install/pal_urdf_utils:${AMENT_PREFIX_PATH} CMAKE_PREFIX_PATH=/opt/erc_ws/install/pal_urdf_utils:/opt/erc_ws/install/erc_solution:/opt/ros/humble /usr/bin/cmake --build /opt/erc_ws/build/pal_pro_gripper_description -- -j16 -l16
[2.312s] DEBUG:colcon.colcon_core.event_handler.log_command:Invoking command in '/opt/erc_ws/build/pal_pro_gripper_description': AMENT_PREFIX_PATH=/opt/erc_ws/install/pal_urdf_utils:${AMENT_PREFIX_PATH} CMAKE_PREFIX_PATH=/opt/erc_ws/install/pal_urdf_utils:/opt/erc_ws/install/erc_solution:/opt/ros/humble /usr/bin/cmake --install /opt/erc_ws/build/pal_pro_gripper_description
[2.341s] DEBUG:colcon.colcon_core.event_handler.log_command:Invoked command in '/opt/erc_ws/build/tiago_pro_head_controller_configuration' returned '0': AMENT_PREFIX_PATH=/opt/erc_ws/install/launch_pal:${AMENT_PREFIX_PATH} CMAKE_PREFIX_PATH=/opt/erc_ws/install/erc_solution:/opt/ros/humble PYTHONPATH=/opt/erc_ws/install/launch_pal/lib/python3.10/site-packages:${PYTHONPATH} /usr/bin/cmake /opt/erc_ws/src/tiago_pro_head_robot/tiago_pro_head_controller_configuration -DCMAKE_INSTALL_PREFIX=/opt/erc_ws/install/tiago_pro_head_controller_configuration
[2.342s] DEBUG:colcon.colcon_core.event_handler.log_command:Invoking command in '/opt/erc_ws/build/tiago_pro_head_controller_configuration': AMENT_PREFIX_PATH=/opt/erc_ws/install/launch_pal:${AMENT_PREFIX_PATH} CMAKE_PREFIX_PATH=/opt/erc_ws/install/erc_solution:/opt/ros/humble PYTHONPATH=/opt/erc_ws/install/launch_pal/lib/python3.10/site-packages:${PYTHONPATH} /usr/bin/cmake --build /opt/erc_ws/build/tiago_pro_head_controller_configuration -- -j16 -l16
[2.351s] DEBUG:colcon.colcon_core.event_handler.log_command:Invoked command in '/opt/erc_ws/build/pal_pro_gripper_controller_configuration' returned '0': AMENT_PREFIX_PATH=/opt/erc_ws/install/pal_pro_gripper_wrapper:/opt/erc_ws/install/launch_pal:${AMENT_PREFIX_PATH} CMAKE_PREFIX_PATH=/opt/erc_ws/install/erc_solution:/opt/ros/humble PYTHONPATH=/opt/erc_ws/install/pal_pro_gripper_wrapper/lib/python3.10/site-packages:/opt/erc_ws/install/launch_pal/lib/python3.10/site-packages:${PYTHONPATH} /usr/bin/cmake /opt/erc_ws/src/pal_pro_gripper/pal_pro_gripper_controller_configuration -DCMAKE_INSTALL_PREFIX=/opt/erc_ws/install/pal_pro_gripper_controller_configuration
[2.355s] DEBUG:colcon.colcon_core.event_handler.log_command:Invoking command in '/opt/erc_ws/build/pal_pro_gripper_controller_configuration': AMENT_PREFIX_PATH=/opt/erc_ws/install/pal_pro_gripper_wrapper:/opt/erc_ws/install/launch_pal:${AMENT_PREFIX_PATH} CMAKE_PREFIX_PATH=/opt/erc_ws/install/erc_solution:/opt/ros/humble PYTHONPATH=/opt/erc_ws/install/pal_pro_gripper_wrapper/lib/python3.10/site-packages:/opt/erc_ws/install/launch_pal/lib/python3.10/site-packages:${PYTHONPATH} /usr/bin/cmake --build /opt/erc_ws/build/pal_pro_gripper_controller_configuration -- -j16 -l16
[2.373s] DEBUG:colcon.colcon_core.event_handler.log_command:Invoked command in '/opt/erc_ws/build/tiago_pro_head_controller_configuration' returned '0': AMENT_PREFIX_PATH=/opt/erc_ws/install/launch_pal:${AMENT_PREFIX_PATH} CMAKE_PREFIX_PATH=/opt/erc_ws/install/erc_solution:/opt/ros/humble PYTHONPATH=/opt/erc_ws/install/launch_pal/lib/python3.10/site-packages:${PYTHONPATH} /usr/bin/cmake --build /opt/erc_ws/build/tiago_pro_head_controller_configuration -- -j16 -l16
[2.375s] DEBUG:colcon.colcon_core.event_handler.log_command:Invoking command in '/opt/erc_ws/build/tiago_pro_head_controller_configuration': AMENT_PREFIX_PATH=/opt/erc_ws/install/launch_pal:${AMENT_PREFIX_PATH} CMAKE_PREFIX_PATH=/opt/erc_ws/install/erc_solution:/opt/ros/humble PYTHONPATH=/opt/erc_ws/install/launch_pal/lib/python3.10/site-packages:${PYTHONPATH} /usr/bin/cmake --install /opt/erc_ws/build/tiago_pro_head_controller_configuration
[2.394s] DEBUG:colcon.colcon_core.event_handler.log_command:Invoked command in '/opt/erc_ws/build/pal_pro_gripper_controller_configuration' returned '0': AMENT_PREFIX_PATH=/opt/erc_ws/install/pal_pro_gripper_wrapper:/opt/erc_ws/install/launch_pal:${AMENT_PREFIX_PATH} CMAKE_PREFIX_PATH=/opt/erc_ws/install/erc_solution:/opt/ros/humble PYTHONPATH=/opt/erc_ws/install/pal_pro_gripper_wrapper/lib/python3.10/site-packages:/opt/erc_ws/install/launch_pal/lib/python3.10/site-packages:${PYTHONPATH} /usr/bin/cmake --build /opt/erc_ws/build/pal_pro_gripper_controller_configuration -- -j16 -l16
[2.394s] DEBUG:colcon.colcon_core.event_handler.log_command:Invoking command in '/opt/erc_ws/build/pal_pro_gripper_controller_configuration': AMENT_PREFIX_PATH=/opt/erc_ws/install/pal_pro_gripper_wrapper:/opt/erc_ws/install/launch_pal:${AMENT_PREFIX_PATH} CMAKE_PREFIX_PATH=/opt/erc_ws/install/erc_solution:/opt/ros/humble PYTHONPATH=/opt/erc_ws/install/pal_pro_gripper_wrapper/lib/python3.10/site-packages:/opt/erc_ws/install/launch_pal/lib/python3.10/site-packages:${PYTHONPATH} /usr/bin/cmake --install /opt/erc_ws/build/pal_pro_gripper_controller_configuration
[2.397s] Level 1:colcon.colcon_core.environment:create_environment_scripts_only(tiago_pro_head_controller_configuration)
[2.397s] Level 1:colcon.colcon_core.environment:checking '/opt/erc_ws/install/tiago_pro_head_controller_configuration' for CMake module files
[2.398s] DEBUG:colcon.colcon_core.event_handler.log_command:Invoked command in '/opt/erc_ws/build/tiago_pro_head_controller_configuration' returned '0': AMENT_PREFIX_PATH=/opt/erc_ws/install/launch_pal:${AMENT_PREFIX_PATH} CMAKE_PREFIX_PATH=/opt/erc_ws/install/erc_solution:/opt/ros/humble PYTHONPATH=/opt/erc_ws/install/launch_pal/lib/python3.10/site-packages:${PYTHONPATH} /usr/bin/cmake --install /opt/erc_ws/build/tiago_pro_head_controller_configuration
[2.401s] Level 1:colcon.colcon_core.environment:checking '/opt/erc_ws/install/tiago_pro_head_controller_configuration' for CMake config files
[2.405s] Level 1:colcon.colcon_core.shell:create_environment_hook('tiago_pro_head_controller_configuration', 'cmake_prefix_path')
[2.405s] INFO:colcon.colcon_core.shell:Creating environment hook '/opt/erc_ws/install/tiago_pro_head_controller_configuration/share/tiago_pro_head_controller_configuration/hook/cmake_prefix_path.ps1'
[2.406s] INFO:colcon.colcon_core.shell:Creating environment descriptor '/opt/erc_ws/install/tiago_pro_head_controller_configuration/share/tiago_pro_head_controller_configuration/hook/cmake_prefix_path.dsv'
[2.406s] INFO:colcon.colcon_core.shell:Creating environment hook '/opt/erc_ws/install/tiago_pro_head_controller_configuration/share/tiago_pro_head_controller_configuration/hook/cmake_prefix_path.sh'
[2.407s] Level 1:colcon.colcon_core.environment:checking '/opt/erc_ws/install/tiago_pro_head_controller_configuration/bin'
[2.407s] Level 1:colcon.colcon_core.environment:checking '/opt/erc_ws/install/tiago_pro_head_controller_configuration/lib/pkgconfig/tiago_pro_head_controller_configuration.pc'
[2.407s] Level 1:colcon.colcon_core.environment:checking '/opt/erc_ws/install/tiago_pro_head_controller_configuration/lib/python3.10/site-packages'
[2.407s] Level 1:colcon.colcon_core.environment:checking '/opt/erc_ws/install/tiago_pro_head_controller_configuration/bin'
[2.407s] INFO:colcon.colcon_core.shell:Creating package script '/opt/erc_ws/install/tiago_pro_head_controller_configuration/share/tiago_pro_head_controller_configuration/package.ps1'
[2.408s] INFO:colcon.colcon_core.shell:Creating package descriptor '/opt/erc_ws/install/tiago_pro_head_controller_configuration/share/tiago_pro_head_controller_configuration/package.dsv'
[2.408s] INFO:colcon.colcon_core.shell:Creating package script '/opt/erc_ws/install/tiago_pro_head_controller_configuration/share/tiago_pro_head_controller_configuration/package.sh'
[2.408s] INFO:colcon.colcon_core.shell:Creating package script '/opt/erc_ws/install/tiago_pro_head_controller_configuration/share/tiago_pro_head_controller_configuration/package.bash'
[2.409s] INFO:colcon.colcon_core.shell:Creating package script '/opt/erc_ws/install/tiago_pro_head_controller_configuration/share/tiago_pro_head_controller_configuration/package.zsh'
[2.409s] Level 1:colcon.colcon_core.environment:create_file_with_runtime_dependencies(/opt/erc_ws/install/tiago_pro_head_controller_configuration/share/colcon-core/packages/tiago_pro_head_controller_configuration)
[2.411s] Level 1:colcon.colcon_core.environment:create_environment_scripts_only(tiago_pro_head_controller_configuration)
[2.411s] Level 1:colcon.colcon_core.environment:checking '/opt/erc_ws/install/tiago_pro_head_controller_configuration' for CMake module files
[2.411s] Level 1:colcon.colcon_core.environment:checking '/opt/erc_ws/install/tiago_pro_head_controller_configuration' for CMake config files
[2.411s] Level 1:colcon.colcon_core.shell:create_environment_hook('tiago_pro_head_controller_configuration', 'cmake_prefix_path')
[2.411s] INFO:colcon.colcon_core.shell:Creating environment hook '/opt/erc_ws/install/tiago_pro_head_controller_configuration/share/tiago_pro_head_controller_configuration/hook/cmake_prefix_path.ps1'
[2.412s] INFO:colcon.colcon_core.shell:Creating environment descriptor '/opt/erc_ws/install/tiago_pro_head_controller_configuration/share/tiago_pro_head_controller_configuration/hook/cmake_prefix_path.dsv'
[2.412s] INFO:colcon.colcon_core.shell:Creating environment hook '/opt/erc_ws/install/tiago_pro_head_controller_configuration/share/tiago_pro_head_controller_configuration/hook/cmake_prefix_path.sh'
[2.413s] Level 1:colcon.colcon_core.environment:checking '/opt/erc_ws/install/tiago_pro_head_controller_configuration/bin'
[2.413s] Level 1:colcon.colcon_core.environment:checking '/opt/erc_ws/install/tiago_pro_head_controller_configuration/lib/pkgconfig/tiago_pro_head_controller_configuration.pc'
[2.413s] Level 1:colcon.colcon_core.environment:checking '/opt/erc_ws/install/tiago_pro_head_controller_configuration/lib/python3.10/site-packages'
[2.413s] Level 1:colcon.colcon_core.environment:checking '/opt/erc_ws/install/tiago_pro_head_controller_configuration/bin'
[2.413s] INFO:colcon.colcon_core.shell:Creating package script '/opt/erc_ws/install/tiago_pro_head_controller_configuration/share/tiago_pro_head_controller_configuration/package.ps1'
[2.414s] INFO:colcon.colcon_core.shell:Creating package descriptor '/opt/erc_ws/install/tiago_pro_head_controller_configuration/share/tiago_pro_head_controller_configuration/package.dsv'
[2.414s] INFO:colcon.colcon_core.shell:Creating package script '/opt/erc_ws/install/tiago_pro_head_controller_configuration/share/tiago_pro_head_controller_configuration/package.sh'
[2.414s] INFO:colcon.colcon_core.shell:Creating package script '/opt/erc_ws/install/tiago_pro_head_controller_configuration/share/tiago_pro_head_controller_configuration/package.bash'
[2.415s] INFO:colcon.colcon_core.shell:Creating package script '/opt/erc_ws/install/tiago_pro_head_controller_configuration/share/tiago_pro_head_controller_configuration/package.zsh'
[2.415s] Level 1:colcon.colcon_core.environment:create_file_with_runtime_dependencies(/opt/erc_ws/install/tiago_pro_head_controller_configuration/share/colcon-core/packages/tiago_pro_head_controller_configuration)
[2.415s] Level 1:colcon.colcon_core.environment:create_environment_scripts_only(pal_pro_gripper_description)
[2.416s] Level 1:colcon.colcon_core.environment:checking '/opt/erc_ws/install/pal_pro_gripper_description' for CMake module files
[2.417s] DEBUG:colcon.colcon_core.event_handler.log_command:Invoked command in '/opt/erc_ws/build/pal_pro_gripper_description' returned '0': AMENT_PREFIX_PATH=/opt/erc_ws/install/pal_urdf_utils:${AMENT_PREFIX_PATH} CMAKE_PREFIX_PATH=/opt/erc_ws/install/pal_urdf_utils:/opt/erc_ws/install/erc_solution:/opt/ros/humble /usr/bin/cmake --install /opt/erc_ws/build/pal_pro_gripper_description
[2.418s] Level 1:colcon.colcon_core.environment:checking '/opt/erc_ws/install/pal_pro_gripper_description' for CMake config files
[2.418s] Level 1:colcon.colcon_core.shell:create_environment_hook('pal_pro_gripper_description', 'cmake_prefix_path')
[2.418s] INFO:colcon.colcon_core.shell:Creating environment hook '/opt/erc_ws/install/pal_pro_gripper_description/share/pal_pro_gripper_description/hook/cmake_prefix_path.ps1'
[2.419s] INFO:colcon.colcon_core.shell:Creating environment descriptor '/opt/erc_ws/install/pal_pro_gripper_description/share/pal_pro_gripper_description/hook/cmake_prefix_path.dsv'
[2.419s] INFO:colcon.colcon_core.shell:Creating environment hook '/opt/erc_ws/install/pal_pro_gripper_description/share/pal_pro_gripper_description/hook/cmake_prefix_path.sh'
[2.420s] Level 1:colcon.colcon_core.environment:checking '/opt/erc_ws/install/pal_pro_gripper_description/bin'
[2.420s] Level 1:colcon.colcon_core.environment:checking '/opt/erc_ws/install/pal_pro_gripper_description/lib/pkgconfig/pal_pro_gripper_description.pc'
[2.420s] Level 1:colcon.colcon_core.environment:checking '/opt/erc_ws/install/pal_pro_gripper_description/lib/python3.10/site-packages'
[2.420s] Level 1:colcon.colcon_core.environment:checking '/opt/erc_ws/install/pal_pro_gripper_description/bin'
[2.421s] INFO:colcon.colcon_core.shell:Creating package script '/opt/erc_ws/install/pal_pro_gripper_description/share/pal_pro_gripper_description/package.ps1'
[2.421s] INFO:colcon.colcon_core.shell:Creating package descriptor '/opt/erc_ws/install/pal_pro_gripper_description/share/pal_pro_gripper_description/package.dsv'
[2.422s] INFO:colcon.colcon_core.shell:Creating package script '/opt/erc_ws/install/pal_pro_gripper_description/share/pal_pro_gripper_description/package.sh'
[2.422s] INFO:colcon.colcon_core.shell:Creating package script '/opt/erc_ws/install/pal_pro_gripper_description/share/pal_pro_gripper_description/package.bash'
[2.422s] INFO:colcon.colcon_core.shell:Creating package script '/opt/erc_ws/install/pal_pro_gripper_description/share/pal_pro_gripper_description/package.zsh'
[2.422s] Level 1:colcon.colcon_core.environment:create_file_with_runtime_dependencies(/opt/erc_ws/install/pal_pro_gripper_description/share/colcon-core/packages/pal_pro_gripper_description)
[2.423s] Level 1:colcon.colcon_core.environment:create_environment_scripts_only(pal_pro_gripper_description)
[2.423s] Level 1:colcon.colcon_core.environment:checking '/opt/erc_ws/install/pal_pro_gripper_description' for CMake module files
[2.424s] Level 1:colcon.colcon_core.environment:checking '/opt/erc_ws/install/pal_pro_gripper_description' for CMake config files
[2.424s] Level 1:colcon.colcon_core.shell:create_environment_hook('pal_pro_gripper_description', 'cmake_prefix_path')
[2.424s] INFO:colcon.colcon_core.shell:Creating environment hook '/opt/erc_ws/install/pal_pro_gripper_description/share/pal_pro_gripper_description/hook/cmake_prefix_path.ps1'
[2.424s] INFO:colcon.colcon_core.shell:Creating environment descriptor '/opt/erc_ws/install/pal_pro_gripper_description/share/pal_pro_gripper_description/hook/cmake_prefix_path.dsv'
[2.425s] INFO:colcon.colcon_core.shell:Creating environment hook '/opt/erc_ws/install/pal_pro_gripper_description/share/pal_pro_gripper_description/hook/cmake_prefix_path.sh'
[2.425s] Level 1:colcon.colcon_core.environment:checking '/opt/erc_ws/install/pal_pro_gripper_description/bin'
[2.425s] Level 1:colcon.colcon_core.environment:checking '/opt/erc_ws/install/pal_pro_gripper_description/lib/pkgconfig/pal_pro_gripper_description.pc'
[2.425s] Level 1:colcon.colcon_core.environment:checking '/opt/erc_ws/install/pal_pro_gripper_description/lib/python3.10/site-packages'
[2.425s] Level 1:colcon.colcon_core.environment:checking '/opt/erc_ws/install/pal_pro_gripper_description/bin'
[2.426s] INFO:colcon.colcon_core.shell:Creating package script '/opt/erc_ws/install/pal_pro_gripper_description/share/pal_pro_gripper_description/package.ps1'
[2.426s] INFO:colcon.colcon_core.shell:Creating package descriptor '/opt/erc_ws/install/pal_pro_gripper_description/share/pal_pro_gripper_description/package.dsv'
[2.427s] INFO:colcon.colcon_core.shell:Creating package script '/opt/erc_ws/install/pal_pro_gripper_description/share/pal_pro_gripper_description/package.sh'
[2.427s] INFO:colcon.colcon_core.shell:Creating package script '/opt/erc_ws/install/pal_pro_gripper_description/share/pal_pro_gripper_description/package.bash'
[2.428s] INFO:colcon.colcon_core.shell:Creating package script '/opt/erc_ws/install/pal_pro_gripper_description/share/pal_pro_gripper_description/package.zsh'
[2.428s] Level 1:colcon.colcon_core.environment:create_file_with_runtime_dependencies(/opt/erc_ws/install/pal_pro_gripper_description/share/colcon-core/packages/pal_pro_gripper_description)
[2.430s] INFO:colcon.colcon_ros.task.ament_cmake.build:Building ROS package in '/opt/erc_ws/src/tiago_pro_head_robot/tiago_pro_head_description' with build type 'ament_cmake'
[2.430s] INFO:colcon.colcon_cmake.task.cmake.build:Building CMake package in '/opt/erc_ws/src/tiago_pro_head_robot/tiago_pro_head_description'
[2.430s] INFO:colcon.colcon_core.shell:Skip shell extension 'powershell' for command environment: Not usable outside of PowerShell
[2.430s] DEBUG:colcon.colcon_core.shell:Skip shell extension 'dsv' for command environment
[2.436s] Level 1:colcon.colcon_core.environment:create_environment_scripts_only(pal_pro_gripper_controller_configuration)
[2.437s] Level 1:colcon.colcon_core.environment:checking '/opt/erc_ws/install/pal_pro_gripper_controller_configuration' for CMake module files
[2.437s] DEBUG:colcon.colcon_core.event_handler.log_command:Invoked command in '/opt/erc_ws/build/pal_pro_gripper_controller_configuration' returned '0': AMENT_PREFIX_PATH=/opt/erc_ws/install/pal_pro_gripper_wrapper:/opt/erc_ws/install/launch_pal:${AMENT_PREFIX_PATH} CMAKE_PREFIX_PATH=/opt/erc_ws/install/erc_solution:/opt/ros/humble PYTHONPATH=/opt/erc_ws/install/pal_pro_gripper_wrapper/lib/python3.10/site-packages:/opt/erc_ws/install/launch_pal/lib/python3.10/site-packages:${PYTHONPATH} /usr/bin/cmake --install /opt/erc_ws/build/pal_pro_gripper_controller_configuration
[2.437s] Level 1:colcon.colcon_core.environment:checking '/opt/erc_ws/install/pal_pro_gripper_controller_configuration' for CMake config files
[2.438s] Level 1:colcon.colcon_core.shell:create_environment_hook('pal_pro_gripper_controller_configuration', 'cmake_prefix_path')
[2.438s] INFO:colcon.colcon_core.shell:Creating environment hook '/opt/erc_ws/install/pal_pro_gripper_controller_configuration/share/pal_pro_gripper_controller_configuration/hook/cmake_prefix_path.ps1'
[2.439s] INFO:colcon.colcon_core.shell:Creating environment descriptor '/opt/erc_ws/install/pal_pro_gripper_controller_configuration/share/pal_pro_gripper_controller_configuration/hook/cmake_prefix_path.dsv'
[2.439s] INFO:colcon.colcon_core.shell:Creating environment hook '/opt/erc_ws/install/pal_pro_gripper_controller_configuration/share/pal_pro_gripper_controller_configuration/hook/cmake_prefix_path.sh'
[2.439s] Level 1:colcon.colcon_core.environment:checking '/opt/erc_ws/install/pal_pro_gripper_controller_configuration/bin'
[2.440s] Level 1:colcon.colcon_core.environment:checking '/opt/erc_ws/install/pal_pro_gripper_controller_configuration/lib/pkgconfig/pal_pro_gripper_controller_configuration.pc'
[2.440s] Level 1:colcon.colcon_core.environment:checking '/opt/erc_ws/install/pal_pro_gripper_controller_configuration/lib/python3.10/site-packages'
[2.440s] Level 1:colcon.colcon_core.environment:checking '/opt/erc_ws/install/pal_pro_gripper_controller_configuration/bin'
[2.441s] INFO:colcon.colcon_core.shell:Creating package script '/opt/erc_ws/install/pal_pro_gripper_controller_configuration/share/pal_pro_gripper_controller_configuration/package.ps1'
[2.442s] INFO:colcon.colcon_core.shell:Creating package descriptor '/opt/erc_ws/install/pal_pro_gripper_controller_configuration/share/pal_pro_gripper_controller_configuration/package.dsv'
[2.442s] INFO:colcon.colcon_core.shell:Creating package script '/opt/erc_ws/install/pal_pro_gripper_controller_configuration/share/pal_pro_gripper_controller_configuration/package.sh'
[2.442s] INFO:colcon.colcon_core.shell:Creating package script '/opt/erc_ws/install/pal_pro_gripper_controller_configuration/share/pal_pro_gripper_controller_configuration/package.bash'
[2.443s] INFO:colcon.colcon_core.shell:Creating package script '/opt/erc_ws/install/pal_pro_gripper_controller_configuration/share/pal_pro_gripper_controller_configuration/package.zsh'
[2.443s] Level 1:colcon.colcon_core.environment:create_file_with_runtime_dependencies(/opt/erc_ws/install/pal_pro_gripper_controller_configuration/share/colcon-core/packages/pal_pro_gripper_controller_configuration)
[2.444s] Level 1:colcon.colcon_core.environment:create_environment_scripts_only(pal_pro_gripper_controller_configuration)
[2.444s] Level 1:colcon.colcon_core.environment:checking '/opt/erc_ws/install/pal_pro_gripper_controller_configuration' for CMake module files
[2.444s] Level 1:colcon.colcon_core.environment:checking '/opt/erc_ws/install/pal_pro_gripper_controller_configuration' for CMake config files
[2.444s] Level 1:colcon.colcon_core.shell:create_environment_hook('pal_pro_gripper_controller_configuration', 'cmake_prefix_path')
[2.445s] INFO:colcon.colcon_core.shell:Creating environment hook '/opt/erc_ws/install/pal_pro_gripper_controller_configuration/share/pal_pro_gripper_controller_configuration/hook/cmake_prefix_path.ps1'
[2.445s] INFO:colcon.colcon_core.shell:Creating environment descriptor '/opt/erc_ws/install/pal_pro_gripper_controller_configuration/share/pal_pro_gripper_controller_configuration/hook/cmake_prefix_path.dsv'
[2.445s] INFO:colcon.colcon_core.shell:Creating environment hook '/opt/erc_ws/install/pal_pro_gripper_controller_configuration/share/pal_pro_gripper_controller_configuration/hook/cmake_prefix_path.sh'
[2.446s] Level 1:colcon.colcon_core.environment:checking '/opt/erc_ws/install/pal_pro_gripper_controller_configuration/bin'
[2.446s] Level 1:colcon.colcon_core.environment:checking '/opt/erc_ws/install/pal_pro_gripper_controller_configuration/lib/pkgconfig/pal_pro_gripper_controller_configuration.pc'
[2.446s] Level 1:colcon.colcon_core.environment:checking '/opt/erc_ws/install/pal_pro_gripper_controller_configuration/lib/python3.10/site-packages'
[2.446s] Level 1:colcon.colcon_core.environment:checking '/opt/erc_ws/install/pal_pro_gripper_controller_configuration/bin'
[2.446s] INFO:colcon.colcon_core.shell:Creating package script '/opt/erc_ws/install/pal_pro_gripper_controller_configuration/share/pal_pro_gripper_controller_configuration/package.ps1'
[2.447s] INFO:colcon.colcon_core.shell:Creating package descriptor '/opt/erc_ws/install/pal_pro_gripper_controller_configuration/share/pal_pro_gripper_controller_configuration/package.dsv'
[2.447s] INFO:colcon.colcon_core.shell:Creating package script '/opt/erc_ws/install/pal_pro_gripper_controller_configuration/share/pal_pro_gripper_controller_configuration/package.sh'
[2.447s] INFO:colcon.colcon_core.shell:Creating package script '/opt/erc_ws/install/pal_pro_gripper_controller_configuration/share/pal_pro_gripper_controller_configuration/package.bash'
[2.448s] INFO:colcon.colcon_core.shell:Creating package script '/opt/erc_ws/install/pal_pro_gripper_controller_configuration/share/pal_pro_gripper_controller_configuration/package.zsh'
[2.448s] Level 1:colcon.colcon_core.environment:create_file_with_runtime_dependencies(/opt/erc_ws/install/pal_pro_gripper_controller_configuration/share/colcon-core/packages/pal_pro_gripper_controller_configuration)
[2.449s] INFO:colcon.colcon_ros.task.ament_cmake.build:Building ROS package in '/opt/erc_ws/src/pal_sea_arm/pal_sea_arm_controller_configuration' with build type 'ament_cmake'
[2.449s] INFO:colcon.colcon_cmake.task.cmake.build:Building CMake package in '/opt/erc_ws/src/pal_sea_arm/pal_sea_arm_controller_configuration'
[2.449s] INFO:colcon.colcon_core.shell:Skip shell extension 'powershell' for command environment: Not usable outside of PowerShell
[2.449s] DEBUG:colcon.colcon_core.shell:Skip shell extension 'dsv' for command environment
[2.454s] INFO:colcon.colcon_ros.task.ament_cmake.build:Building ROS package in '/opt/erc_ws/src/pal_pro_gripper/pal_pro_gripper' with build type 'ament_cmake'
[2.455s] INFO:colcon.colcon_cmake.task.cmake.build:Building CMake package in '/opt/erc_ws/src/pal_pro_gripper/pal_pro_gripper'
[2.456s] INFO:colcon.colcon_core.shell:Skip shell extension 'powershell' for command environment: Not usable outside of PowerShell
[2.456s] DEBUG:colcon.colcon_core.shell:Skip shell extension 'dsv' for command environment
[2.459s] INFO:colcon.colcon_ros.task.ament_cmake.build:Building ROS package in '/opt/erc_ws/src/pal_pro_gripper/pal_pro_gripper_bringup' with build type 'ament_cmake'
[2.460s] INFO:colcon.colcon_cmake.task.cmake.build:Building CMake package in '/opt/erc_ws/src/pal_pro_gripper/pal_pro_gripper_bringup'
[2.460s] INFO:colcon.colcon_core.shell:Skip shell extension 'powershell' for command environment: Not usable outside of PowerShell
[2.460s] DEBUG:colcon.colcon_core.shell:Skip shell extension 'dsv' for command environment
[2.466s] INFO:colcon.colcon_ros.task.ament_cmake.build:Building ROS package in '/opt/erc_ws/src/pal_pro_gripper/pal_pro_gripper_simulation' with build type 'ament_cmake'
[2.466s] INFO:colcon.colcon_cmake.task.cmake.build:Building CMake package in '/opt/erc_ws/src/pal_pro_gripper/pal_pro_gripper_simulation'
[2.466s] INFO:colcon.colcon_core.shell:Skip shell extension 'powershell' for command environment: Not usable outside of PowerShell
[2.466s] DEBUG:colcon.colcon_core.shell:Skip shell extension 'dsv' for command environment
[2.479s] DEBUG:colcon.colcon_core.event_handler.log_command:Invoking command in '/opt/erc_ws/build/tiago_pro_head_description': AMENT_PREFIX_PATH=/opt/erc_ws/install/tiago_pro_head_controller_configuration:/opt/erc_ws/install/pal_urdf_utils:/opt/erc_ws/install/launch_pal:${AMENT_PREFIX_PATH} CMAKE_PREFIX_PATH=/opt/erc_ws/install/tiago_pro_head_controller_configuration:/opt/erc_ws/install/pal_urdf_utils:/opt/erc_ws/install/erc_solution:/opt/ros/humble PYTHONPATH=/opt/erc_ws/install/launch_pal/lib/python3.10/site-packages:${PYTHONPATH} /usr/bin/cmake /opt/erc_ws/src/tiago_pro_head_robot/tiago_pro_head_description -DCMAKE_INSTALL_PREFIX=/opt/erc_ws/install/tiago_pro_head_description
[2.483s] DEBUG:colcon.colcon_core.event_handler.log_command:Invoking command in '/opt/erc_ws/build/pal_sea_arm_controller_configuration': AMENT_PREFIX_PATH=/opt/erc_ws/install/pal_pro_gripper_controller_configuration:/opt/erc_ws/install/pal_pro_gripper_wrapper:/opt/erc_ws/install/launch_pal:${AMENT_PREFIX_PATH} CMAKE_PREFIX_PATH=/opt/erc_ws/install/pal_pro_gripper_controller_configuration:/opt/erc_ws/install/erc_solution:/opt/ros/humble PYTHONPATH=/opt/erc_ws/install/pal_pro_gripper_wrapper/lib/python3.10/site-packages:/opt/erc_ws/install/launch_pal/lib/python3.10/site-packages:${PYTHONPATH} /usr/bin/cmake /opt/erc_ws/src/pal_sea_arm/pal_sea_arm_controller_configuration -DCMAKE_INSTALL_PREFIX=/opt/erc_ws/install/pal_sea_arm_controller_configuration
[2.488s] DEBUG:colcon.colcon_core.event_handler.log_command:Invoking command in '/opt/erc_ws/build/pal_pro_gripper': AMENT_PREFIX_PATH=/opt/erc_ws/install/pal_pro_gripper_description:/opt/erc_ws/install/pal_pro_gripper_controller_configuration:/opt/erc_ws/install/pal_urdf_utils:/opt/erc_ws/install/pal_pro_gripper_wrapper:/opt/erc_ws/install/launch_pal:${AMENT_PREFIX_PATH} CMAKE_PREFIX_PATH=/opt/erc_ws/install/pal_pro_gripper_description:/opt/erc_ws/install/pal_pro_gripper_controller_configuration:/opt/erc_ws/install/pal_urdf_utils:/opt/erc_ws/install/erc_solution:/opt/ros/humble PYTHONPATH=/opt/erc_ws/install/pal_pro_gripper_description/local/lib/python3.10/dist-packages:/opt/erc_ws/install/pal_pro_gripper_wrapper/lib/python3.10/site-packages:/opt/erc_ws/install/launch_pal/lib/python3.10/site-packages:${PYTHONPATH} /usr/bin/cmake /opt/erc_ws/src/pal_pro_gripper/pal_pro_gripper -DCMAKE_INSTALL_PREFIX=/opt/erc_ws/install/pal_pro_gripper
[2.496s] DEBUG:colcon.colcon_core.event_handler.log_command:Invoking command in '/opt/erc_ws/build/pal_pro_gripper_bringup': AMENT_PREFIX_PATH=/opt/erc_ws/install/pal_pro_gripper_description:/opt/erc_ws/install/pal_pro_gripper_controller_configuration:/opt/erc_ws/install/pal_urdf_utils:/opt/erc_ws/install/pal_pro_gripper_wrapper:/opt/erc_ws/install/launch_pal:${AMENT_PREFIX_PATH} CMAKE_PREFIX_PATH=/opt/erc_ws/install/pal_pro_gripper_description:/opt/erc_ws/install/pal_pro_gripper_controller_configuration:/opt/erc_ws/install/pal_urdf_utils:/opt/erc_ws/install/erc_solution:/opt/ros/humble PYTHONPATH=/opt/erc_ws/install/pal_pro_gripper_description/local/lib/python3.10/dist-packages:/opt/erc_ws/install/pal_pro_gripper_wrapper/lib/python3.10/site-packages:/opt/erc_ws/install/launch_pal/lib/python3.10/site-packages:${PYTHONPATH} /usr/bin/cmake /opt/erc_ws/src/pal_pro_gripper/pal_pro_gripper_bringup -DCMAKE_INSTALL_PREFIX=/opt/erc_ws/install/pal_pro_gripper_bringup
[2.503s] DEBUG:colcon.colcon_core.event_handler.log_command:Invoking command in '/opt/erc_ws/build/pal_pro_gripper_simulation': AMENT_PREFIX_PATH=/opt/erc_ws/install/pal_pro_gripper_description:/opt/erc_ws/install/pal_pro_gripper_controller_configuration:/opt/erc_ws/install/pal_urdf_utils:/opt/erc_ws/install/pal_pro_gripper_wrapper:/opt/erc_ws/install/launch_pal:${AMENT_PREFIX_PATH} CMAKE_PREFIX_PATH=/opt/erc_ws/install/pal_pro_gripper_description:/opt/erc_ws/install/pal_pro_gripper_controller_configuration:/opt/erc_ws/install/pal_urdf_utils:/opt/erc_ws/install/erc_solution:/opt/ros/humble PYTHONPATH=/opt/erc_ws/install/pal_pro_gripper_description/local/lib/python3.10/dist-packages:/opt/erc_ws/install/pal_pro_gripper_wrapper/lib/python3.10/site-packages:/opt/erc_ws/install/launch_pal/lib/python3.10/site-packages:${PYTHONPATH} /usr/bin/cmake /opt/erc_ws/src/pal_pro_gripper/pal_pro_gripper_simulation -DCMAKE_INSTALL_PREFIX=/opt/erc_ws/install/pal_pro_gripper_simulation
[2.757s] DEBUG:colcon.colcon_core.event_handler.log_command:Invoked command in '/opt/erc_ws/build/pal_gripper' returned '0': AMENT_PREFIX_PATH=/opt/erc_ws/install/pal_gripper_description:/opt/erc_ws/install/pal_urdf_utils:/opt/erc_ws/install/pal_gripper_controller_configuration:${AMENT_PREFIX_PATH} CMAKE_PREFIX_PATH=/opt/erc_ws/install/pal_gripper_description:/opt/erc_ws/install/pal_urdf_utils:/opt/erc_ws/install/pal_gripper_controller_configuration:/opt/erc_ws/install/erc_solution:/opt/ros/humble /usr/bin/cmake /opt/erc_ws/src/pal_gripper/pal_gripper -DCMAKE_INSTALL_PREFIX=/opt/erc_ws/install/pal_gripper
[2.760s] DEBUG:colcon.colcon_core.event_handler.log_command:Invoking command in '/opt/erc_ws/build/pal_gripper': AMENT_PREFIX_PATH=/opt/erc_ws/install/pal_gripper_description:/opt/erc_ws/install/pal_urdf_utils:/opt/erc_ws/install/pal_gripper_controller_configuration:${AMENT_PREFIX_PATH} CMAKE_PREFIX_PATH=/opt/erc_ws/install/pal_gripper_description:/opt/erc_ws/install/pal_urdf_utils:/opt/erc_ws/install/pal_gripper_controller_configuration:/opt/erc_ws/install/erc_solution:/opt/ros/humble /usr/bin/cmake --build /opt/erc_ws/build/pal_gripper -- -j16 -l16
[2.789s] DEBUG:colcon.colcon_core.event_handler.log_command:Invoked command in '/opt/erc_ws/build/pal_gripper_simulation' returned '0': AMENT_PREFIX_PATH=/opt/erc_ws/install/pal_gripper_description:/opt/erc_ws/install/pal_urdf_utils:/opt/erc_ws/install/pal_gripper_controller_configuration:${AMENT_PREFIX_PATH} CMAKE_PREFIX_PATH=/opt/erc_ws/install/pal_gripper_description:/opt/erc_ws/install/pal_urdf_utils:/opt/erc_ws/install/pal_gripper_controller_configuration:/opt/erc_ws/install/erc_solution:/opt/ros/humble /usr/bin/cmake /opt/erc_ws/src/pal_gripper/pal_gripper_simulation -DCMAKE_INSTALL_PREFIX=/opt/erc_ws/install/pal_gripper_simulation
[2.792s] DEBUG:colcon.colcon_core.event_handler.log_command:Invoking command in '/opt/erc_ws/build/pal_gripper_simulation': AMENT_PREFIX_PATH=/opt/erc_ws/install/pal_gripper_description:/opt/erc_ws/install/pal_urdf_utils:/opt/erc_ws/install/pal_gripper_controller_configuration:${AMENT_PREFIX_PATH} CMAKE_PREFIX_PATH=/opt/erc_ws/install/pal_gripper_description:/opt/erc_ws/install/pal_urdf_utils:/opt/erc_ws/install/pal_gripper_controller_configuration:/opt/erc_ws/install/erc_solution:/opt/ros/humble /usr/bin/cmake --build /opt/erc_ws/build/pal_gripper_simulation -- -j16 -l16
[2.795s] DEBUG:colcon.colcon_core.event_handler.log_command:Invoked command in '/opt/erc_ws/build/pal_gripper' returned '0': AMENT_PREFIX_PATH=/opt/erc_ws/install/pal_gripper_description:/opt/erc_ws/install/pal_urdf_utils:/opt/erc_ws/install/pal_gripper_controller_configuration:${AMENT_PREFIX_PATH} CMAKE_PREFIX_PATH=/opt/erc_ws/install/pal_gripper_description:/opt/erc_ws/install/pal_urdf_utils:/opt/erc_ws/install/pal_gripper_controller_configuration:/opt/erc_ws/install/erc_solution:/opt/ros/humble /usr/bin/cmake --build /opt/erc_ws/build/pal_gripper -- -j16 -l16
[2.798s] DEBUG:colcon.colcon_core.event_handler.log_command:Invoking command in '/opt/erc_ws/build/pal_gripper': AMENT_PREFIX_PATH=/opt/erc_ws/install/pal_gripper_description:/opt/erc_ws/install/pal_urdf_utils:/opt/erc_ws/install/pal_gripper_controller_configuration:${AMENT_PREFIX_PATH} CMAKE_PREFIX_PATH=/opt/erc_ws/install/pal_gripper_description:/opt/erc_ws/install/pal_urdf_utils:/opt/erc_ws/install/pal_gripper_controller_configuration:/opt/erc_ws/install/erc_solution:/opt/ros/humble /usr/bin/cmake --install /opt/erc_ws/build/pal_gripper
[2.809s] Level 1:colcon.colcon_core.environment:create_environment_scripts_only(pal_gripper)
[2.809s] Level 1:colcon.colcon_core.environment:checking '/opt/erc_ws/install/pal_gripper' for CMake module files
[2.810s] DEBUG:colcon.colcon_core.event_handler.log_command:Invoked command in '/opt/erc_ws/build/pal_gripper' returned '0': AMENT_PREFIX_PATH=/opt/erc_ws/install/pal_gripper_description:/opt/erc_ws/install/pal_urdf_utils:/opt/erc_ws/install/pal_gripper_controller_configuration:${AMENT_PREFIX_PATH} CMAKE_PREFIX_PATH=/opt/erc_ws/install/pal_gripper_description:/opt/erc_ws/install/pal_urdf_utils:/opt/erc_ws/install/pal_gripper_controller_configuration:/opt/erc_ws/install/erc_solution:/opt/ros/humble /usr/bin/cmake --install /opt/erc_ws/build/pal_gripper
[2.811s] Level 1:colcon.colcon_core.environment:checking '/opt/erc_ws/install/pal_gripper' for CMake config files
[2.811s] Level 1:colcon.colcon_core.shell:create_environment_hook('pal_gripper', 'cmake_prefix_path')
[2.812s] INFO:colcon.colcon_core.shell:Creating environment hook '/opt/erc_ws/install/pal_gripper/share/pal_gripper/hook/cmake_prefix_path.ps1'
[2.813s] INFO:colcon.colcon_core.shell:Creating environment descriptor '/opt/erc_ws/install/pal_gripper/share/pal_gripper/hook/cmake_prefix_path.dsv'
[2.813s] INFO:colcon.colcon_core.shell:Creating environment hook '/opt/erc_ws/install/pal_gripper/share/pal_gripper/hook/cmake_prefix_path.sh'
[2.814s] Level 1:colcon.colcon_core.environment:checking '/opt/erc_ws/install/pal_gripper/bin'
[2.814s] Level 1:colcon.colcon_core.environment:checking '/opt/erc_ws/install/pal_gripper/lib/pkgconfig/pal_gripper.pc'
[2.814s] Level 1:colcon.colcon_core.environment:checking '/opt/erc_ws/install/pal_gripper/lib/python3.10/site-packages'
[2.815s] Level 1:colcon.colcon_core.environment:checking '/opt/erc_ws/install/pal_gripper/bin'
[2.815s] INFO:colcon.colcon_core.shell:Creating package script '/opt/erc_ws/install/pal_gripper/share/pal_gripper/package.ps1'
[2.816s] INFO:colcon.colcon_core.shell:Creating package descriptor '/opt/erc_ws/install/pal_gripper/share/pal_gripper/package.dsv'
[2.816s] INFO:colcon.colcon_core.shell:Creating package script '/opt/erc_ws/install/pal_gripper/share/pal_gripper/package.sh'
[2.817s] INFO:colcon.colcon_core.shell:Creating package script '/opt/erc_ws/install/pal_gripper/share/pal_gripper/package.bash'
[2.817s] INFO:colcon.colcon_core.shell:Creating package script '/opt/erc_ws/install/pal_gripper/share/pal_gripper/package.zsh'
[2.818s] Level 1:colcon.colcon_core.environment:create_file_with_runtime_dependencies(/opt/erc_ws/install/pal_gripper/share/colcon-core/packages/pal_gripper)
[2.819s] Level 1:colcon.colcon_core.environment:create_environment_scripts_only(pal_gripper)
[2.819s] Level 1:colcon.colcon_core.environment:checking '/opt/erc_ws/install/pal_gripper' for CMake module files
[2.820s] Level 1:colcon.colcon_core.environment:checking '/opt/erc_ws/install/pal_gripper' for CMake config files
[2.820s] Level 1:colcon.colcon_core.shell:create_environment_hook('pal_gripper', 'cmake_prefix_path')
[2.820s] INFO:colcon.colcon_core.shell:Creating environment hook '/opt/erc_ws/install/pal_gripper/share/pal_gripper/hook/cmake_prefix_path.ps1'
[2.821s] INFO:colcon.colcon_core.shell:Creating environment descriptor '/opt/erc_ws/install/pal_gripper/share/pal_gripper/hook/cmake_prefix_path.dsv'
[2.821s] INFO:colcon.colcon_core.shell:Creating environment hook '/opt/erc_ws/install/pal_gripper/share/pal_gripper/hook/cmake_prefix_path.sh'
[2.823s] Level 1:colcon.colcon_core.environment:checking '/opt/erc_ws/install/pal_gripper/bin'
[2.823s] Level 1:colcon.colcon_core.environment:checking '/opt/erc_ws/install/pal_gripper/lib/pkgconfig/pal_gripper.pc'
[2.823s] Level 1:colcon.colcon_core.environment:checking '/opt/erc_ws/install/pal_gripper/lib/python3.10/site-packages'
[2.823s] Level 1:colcon.colcon_core.environment:checking '/opt/erc_ws/install/pal_gripper/bin'
[2.823s] INFO:colcon.colcon_core.shell:Creating package script '/opt/erc_ws/install/pal_gripper/share/pal_gripper/package.ps1'
[2.824s] INFO:colcon.colcon_core.shell:Creating package descriptor '/opt/erc_ws/install/pal_gripper/share/pal_gripper/package.dsv'
[2.824s] INFO:colcon.colcon_core.shell:Creating package script '/opt/erc_ws/install/pal_gripper/share/pal_gripper/package.sh'
[2.825s] INFO:colcon.colcon_core.shell:Creating package script '/opt/erc_ws/install/pal_gripper/share/pal_gripper/package.bash'
[2.825s] INFO:colcon.colcon_core.shell:Creating package script '/opt/erc_ws/install/pal_gripper/share/pal_gripper/package.zsh'
[2.825s] Level 1:colcon.colcon_core.environment:create_file_with_runtime_dependencies(/opt/erc_ws/install/pal_gripper/share/colcon-core/packages/pal_gripper)
[2.828s] DEBUG:colcon.colcon_core.event_handler.log_command:Invoked command in '/opt/erc_ws/build/pal_gripper_simulation' returned '0': AMENT_PREFIX_PATH=/opt/erc_ws/install/pal_gripper_description:/opt/erc_ws/install/pal_urdf_utils:/opt/erc_ws/install/pal_gripper_controller_configuration:${AMENT_PREFIX_PATH} CMAKE_PREFIX_PATH=/opt/erc_ws/install/pal_gripper_description:/opt/erc_ws/install/pal_urdf_utils:/opt/erc_ws/install/pal_gripper_controller_configuration:/opt/erc_ws/install/erc_solution:/opt/ros/humble /usr/bin/cmake --build /opt/erc_ws/build/pal_gripper_simulation -- -j16 -l16
[2.832s] DEBUG:colcon.colcon_core.event_handler.log_command:Invoking command in '/opt/erc_ws/build/pal_gripper_simulation': AMENT_PREFIX_PATH=/opt/erc_ws/install/pal_gripper_description:/opt/erc_ws/install/pal_urdf_utils:/opt/erc_ws/install/pal_gripper_controller_configuration:${AMENT_PREFIX_PATH} CMAKE_PREFIX_PATH=/opt/erc_ws/install/pal_gripper_description:/opt/erc_ws/install/pal_urdf_utils:/opt/erc_ws/install/pal_gripper_controller_configuration:/opt/erc_ws/install/erc_solution:/opt/ros/humble /usr/bin/cmake --install /opt/erc_ws/build/pal_gripper_simulation
[2.846s] Level 1:colcon.colcon_core.environment:create_environment_scripts_only(pal_gripper_simulation)
[2.846s] Level 1:colcon.colcon_core.environment:checking '/opt/erc_ws/install/pal_gripper_simulation' for CMake module files
[2.847s] DEBUG:colcon.colcon_core.event_handler.log_command:Invoked command in '/opt/erc_ws/build/pal_gripper_simulation' returned '0': AMENT_PREFIX_PATH=/opt/erc_ws/install/pal_gripper_description:/opt/erc_ws/install/pal_urdf_utils:/opt/erc_ws/install/pal_gripper_controller_configuration:${AMENT_PREFIX_PATH} CMAKE_PREFIX_PATH=/opt/erc_ws/install/pal_gripper_description:/opt/erc_ws/install/pal_urdf_utils:/opt/erc_ws/install/pal_gripper_controller_configuration:/opt/erc_ws/install/erc_solution:/opt/ros/humble /usr/bin/cmake --install /opt/erc_ws/build/pal_gripper_simulation
[2.848s] Level 1:colcon.colcon_core.environment:checking '/opt/erc_ws/install/pal_gripper_simulation' for CMake config files
[2.848s] Level 1:colcon.colcon_core.shell:create_environment_hook('pal_gripper_simulation', 'cmake_prefix_path')
[2.848s] INFO:colcon.colcon_core.shell:Creating environment hook '/opt/erc_ws/install/pal_gripper_simulation/share/pal_gripper_simulation/hook/cmake_prefix_path.ps1'
[2.849s] INFO:colcon.colcon_core.shell:Creating environment descriptor '/opt/erc_ws/install/pal_gripper_simulation/share/pal_gripper_simulation/hook/cmake_prefix_path.dsv'
[2.849s] INFO:colcon.colcon_core.shell:Creating environment hook '/opt/erc_ws/install/pal_gripper_simulation/share/pal_gripper_simulation/hook/cmake_prefix_path.sh'
[2.849s] Level 1:colcon.colcon_core.environment:checking '/opt/erc_ws/install/pal_gripper_simulation/bin'
[2.849s] Level 1:colcon.colcon_core.environment:checking '/opt/erc_ws/install/pal_gripper_simulation/lib/pkgconfig/pal_gripper_simulation.pc'
[2.850s] Level 1:colcon.colcon_core.environment:checking '/opt/erc_ws/install/pal_gripper_simulation/lib/python3.10/site-packages'
[2.850s] Level 1:colcon.colcon_core.environment:checking '/opt/erc_ws/install/pal_gripper_simulation/bin'
[2.850s] INFO:colcon.colcon_core.shell:Creating package script '/opt/erc_ws/install/pal_gripper_simulation/share/pal_gripper_simulation/package.ps1'
[2.850s] INFO:colcon.colcon_core.shell:Creating package descriptor '/opt/erc_ws/install/pal_gripper_simulation/share/pal_gripper_simulation/package.dsv'
[2.852s] INFO:colcon.colcon_core.shell:Creating package script '/opt/erc_ws/install/pal_gripper_simulation/share/pal_gripper_simulation/package.sh'
[2.853s] INFO:colcon.colcon_core.shell:Creating package script '/opt/erc_ws/install/pal_gripper_simulation/share/pal_gripper_simulation/package.bash'
[2.854s] INFO:colcon.colcon_core.shell:Creating package script '/opt/erc_ws/install/pal_gripper_simulation/share/pal_gripper_simulation/package.zsh'
[2.855s] Level 1:colcon.colcon_core.environment:create_file_with_runtime_dependencies(/opt/erc_ws/install/pal_gripper_simulation/share/colcon-core/packages/pal_gripper_simulation)
[2.857s] Level 1:colcon.colcon_core.environment:create_environment_scripts_only(pal_gripper_simulation)
[2.857s] Level 1:colcon.colcon_core.environment:checking '/opt/erc_ws/install/pal_gripper_simulation' for CMake module files
[2.858s] Level 1:colcon.colcon_core.environment:checking '/opt/erc_ws/install/pal_gripper_simulation' for CMake config files
[2.858s] Level 1:colcon.colcon_core.shell:create_environment_hook('pal_gripper_simulation', 'cmake_prefix_path')
[2.858s] INFO:colcon.colcon_core.shell:Creating environment hook '/opt/erc_ws/install/pal_gripper_simulation/share/pal_gripper_simulation/hook/cmake_prefix_path.ps1'
[2.858s] INFO:colcon.colcon_core.shell:Creating environment descriptor '/opt/erc_ws/install/pal_gripper_simulation/share/pal_gripper_simulation/hook/cmake_prefix_path.dsv'
[2.860s] INFO:colcon.colcon_core.shell:Creating environment hook '/opt/erc_ws/install/pal_gripper_simulation/share/pal_gripper_simulation/hook/cmake_prefix_path.sh'
[2.860s] Level 1:colcon.colcon_core.environment:checking '/opt/erc_ws/install/pal_gripper_simulation/bin'
[2.861s] Level 1:colcon.colcon_core.environment:checking '/opt/erc_ws/install/pal_gripper_simulation/lib/pkgconfig/pal_gripper_simulation.pc'
[2.861s] Level 1:colcon.colcon_core.environment:checking '/opt/erc_ws/install/pal_gripper_simulation/lib/python3.10/site-packages'
[2.861s] Level 1:colcon.colcon_core.environment:checking '/opt/erc_ws/install/pal_gripper_simulation/bin'
[2.862s] INFO:colcon.colcon_core.shell:Creating package script '/opt/erc_ws/install/pal_gripper_simulation/share/pal_gripper_simulation/package.ps1'
[2.862s] INFO:colcon.colcon_core.shell:Creating package descriptor '/opt/erc_ws/install/pal_gripper_simulation/share/pal_gripper_simulation/package.dsv'
[2.863s] INFO:colcon.colcon_core.shell:Creating package script '/opt/erc_ws/install/pal_gripper_simulation/share/pal_gripper_simulation/package.sh'
[2.864s] INFO:colcon.colcon_core.shell:Creating package script '/opt/erc_ws/install/pal_gripper_simulation/share/pal_gripper_simulation/package.bash'
[2.864s] INFO:colcon.colcon_core.shell:Creating package script '/opt/erc_ws/install/pal_gripper_simulation/share/pal_gripper_simulation/package.zsh'
[2.864s] Level 1:colcon.colcon_core.environment:create_file_with_runtime_dependencies(/opt/erc_ws/install/pal_gripper_simulation/share/colcon-core/packages/pal_gripper_simulation)
[2.872s] DEBUG:colcon.colcon_core.event_handler.log_command:Invoked command in '/opt/erc_ws/build/omni_base_description' returned '0': AMENT_PREFIX_PATH=/opt/erc_ws/install/pal_urdf_utils:/opt/erc_ws/install/launch_pal:${AMENT_PREFIX_PATH} CMAKE_PREFIX_PATH=/opt/erc_ws/install/pal_urdf_utils:/opt/erc_ws/install/erc_solution:/opt/ros/humble PYTHONPATH=/opt/erc_ws/install/launch_pal/lib/python3.10/site-packages:${PYTHONPATH} /usr/bin/cmake /opt/erc_ws/src/omni_base_robot/omni_base_description -DCMAKE_INSTALL_PREFIX=/opt/erc_ws/install/omni_base_description
[2.874s] DEBUG:colcon.colcon_core.event_handler.log_command:Invoking command in '/opt/erc_ws/build/omni_base_description': AMENT_PREFIX_PATH=/opt/erc_ws/install/pal_urdf_utils:/opt/erc_ws/install/launch_pal:${AMENT_PREFIX_PATH} CMAKE_PREFIX_PATH=/opt/erc_ws/install/pal_urdf_utils:/opt/erc_ws/install/erc_solution:/opt/ros/humble PYTHONPATH=/opt/erc_ws/install/launch_pal/lib/python3.10/site-packages:${PYTHONPATH} /usr/bin/cmake --build /opt/erc_ws/build/omni_base_description -- -j16 -l16
[3.085s] DEBUG:colcon.colcon_core.event_handler.log_command:Invoked command in '/opt/erc_ws/build/pal_pro_gripper' returned '0': AMENT_PREFIX_PATH=/opt/erc_ws/install/pal_pro_gripper_description:/opt/erc_ws/install/pal_pro_gripper_controller_configuration:/opt/erc_ws/install/pal_urdf_utils:/opt/erc_ws/install/pal_pro_gripper_wrapper:/opt/erc_ws/install/launch_pal:${AMENT_PREFIX_PATH} CMAKE_PREFIX_PATH=/opt/erc_ws/install/pal_pro_gripper_description:/opt/erc_ws/install/pal_pro_gripper_controller_configuration:/opt/erc_ws/install/pal_urdf_utils:/opt/erc_ws/install/erc_solution:/opt/ros/humble PYTHONPATH=/opt/erc_ws/install/pal_pro_gripper_description/local/lib/python3.10/dist-packages:/opt/erc_ws/install/pal_pro_gripper_wrapper/lib/python3.10/site-packages:/opt/erc_ws/install/launch_pal/lib/python3.10/site-packages:${PYTHONPATH} /usr/bin/cmake /opt/erc_ws/src/pal_pro_gripper/pal_pro_gripper -DCMAKE_INSTALL_PREFIX=/opt/erc_ws/install/pal_pro_gripper
[3.088s] DEBUG:colcon.colcon_core.event_handler.log_command:Invoking command in '/opt/erc_ws/build/pal_pro_gripper': AMENT_PREFIX_PATH=/opt/erc_ws/install/pal_pro_gripper_description:/opt/erc_ws/install/pal_pro_gripper_controller_configuration:/opt/erc_ws/install/pal_urdf_utils:/opt/erc_ws/install/pal_pro_gripper_wrapper:/opt/erc_ws/install/launch_pal:${AMENT_PREFIX_PATH} CMAKE_PREFIX_PATH=/opt/erc_ws/install/pal_pro_gripper_description:/opt/erc_ws/install/pal_pro_gripper_controller_configuration:/opt/erc_ws/install/pal_urdf_utils:/opt/erc_ws/install/erc_solution:/opt/ros/humble PYTHONPATH=/opt/erc_ws/install/pal_pro_gripper_description/local/lib/python3.10/dist-packages:/opt/erc_ws/install/pal_pro_gripper_wrapper/lib/python3.10/site-packages:/opt/erc_ws/install/launch_pal/lib/python3.10/site-packages:${PYTHONPATH} /usr/bin/cmake --build /opt/erc_ws/build/pal_pro_gripper -- -j16 -l16
[3.104s] DEBUG:colcon.colcon_core.event_handler.log_command:Invoked command in '/opt/erc_ws/build/pal_pro_gripper_bringup' returned '0': AMENT_PREFIX_PATH=/opt/erc_ws/install/pal_pro_gripper_description:/opt/erc_ws/install/pal_pro_gripper_controller_configuration:/opt/erc_ws/install/pal_urdf_utils:/opt/erc_ws/install/pal_pro_gripper_wrapper:/opt/erc_ws/install/launch_pal:${AMENT_PREFIX_PATH} CMAKE_PREFIX_PATH=/opt/erc_ws/install/pal_pro_gripper_description:/opt/erc_ws/install/pal_pro_gripper_controller_configuration:/opt/erc_ws/install/pal_urdf_utils:/opt/erc_ws/install/erc_solution:/opt/ros/humble PYTHONPATH=/opt/erc_ws/install/pal_pro_gripper_description/local/lib/python3.10/dist-packages:/opt/erc_ws/install/pal_pro_gripper_wrapper/lib/python3.10/site-packages:/opt/erc_ws/install/launch_pal/lib/python3.10/site-packages:${PYTHONPATH} /usr/bin/cmake /opt/erc_ws/src/pal_pro_gripper/pal_pro_gripper_bringup -DCMAKE_INSTALL_PREFIX=/opt/erc_ws/install/pal_pro_gripper_bringup
[3.108s] DEBUG:colcon.colcon_core.event_handler.log_command:Invoking command in '/opt/erc_ws/build/pal_pro_gripper_bringup': AMENT_PREFIX_PATH=/opt/erc_ws/install/pal_pro_gripper_description:/opt/erc_ws/install/pal_pro_gripper_controller_configuration:/opt/erc_ws/install/pal_urdf_utils:/opt/erc_ws/install/pal_pro_gripper_wrapper:/opt/erc_ws/install/launch_pal:${AMENT_PREFIX_PATH} CMAKE_PREFIX_PATH=/opt/erc_ws/install/pal_pro_gripper_description:/opt/erc_ws/install/pal_pro_gripper_controller_configuration:/opt/erc_ws/install/pal_urdf_utils:/opt/erc_ws/install/erc_solution:/opt/ros/humble PYTHONPATH=/opt/erc_ws/install/pal_pro_gripper_description/local/lib/python3.10/dist-packages:/opt/erc_ws/install/pal_pro_gripper_wrapper/lib/python3.10/site-packages:/opt/erc_ws/install/launch_pal/lib/python3.10/site-packages:${PYTHONPATH} /usr/bin/cmake --build /opt/erc_ws/build/pal_pro_gripper_bringup -- -j16 -l16
[3.113s] DEBUG:colcon.colcon_core.event_handler.log_command:Invoked command in '/opt/erc_ws/build/pal_sea_arm_controller_configuration' returned '0': AMENT_PREFIX_PATH=/opt/erc_ws/install/pal_pro_gripper_controller_configuration:/opt/erc_ws/install/pal_pro_gripper_wrapper:/opt/erc_ws/install/launch_pal:${AMENT_PREFIX_PATH} CMAKE_PREFIX_PATH=/opt/erc_ws/install/pal_pro_gripper_controller_configuration:/opt/erc_ws/install/erc_solution:/opt/ros/humble PYTHONPATH=/opt/erc_ws/install/pal_pro_gripper_wrapper/lib/python3.10/site-packages:/opt/erc_ws/install/launch_pal/lib/python3.10/site-packages:${PYTHONPATH} /usr/bin/cmake /opt/erc_ws/src/pal_sea_arm/pal_sea_arm_controller_configuration -DCMAKE_INSTALL_PREFIX=/opt/erc_ws/install/pal_sea_arm_controller_configuration
[3.114s] DEBUG:colcon.colcon_core.event_handler.log_command:Invoking command in '/opt/erc_ws/build/pal_sea_arm_controller_configuration': AMENT_PREFIX_PATH=/opt/erc_ws/install/pal_pro_gripper_controller_configuration:/opt/erc_ws/install/pal_pro_gripper_wrapper:/opt/erc_ws/install/launch_pal:${AMENT_PREFIX_PATH} CMAKE_PREFIX_PATH=/opt/erc_ws/install/pal_pro_gripper_controller_configuration:/opt/erc_ws/install/erc_solution:/opt/ros/humble PYTHONPATH=/opt/erc_ws/install/pal_pro_gripper_wrapper/lib/python3.10/site-packages:/opt/erc_ws/install/launch_pal/lib/python3.10/site-packages:${PYTHONPATH} /usr/bin/cmake --build /opt/erc_ws/build/pal_sea_arm_controller_configuration -- -j16 -l16
[3.115s] DEBUG:colcon.colcon_core.event_handler.log_command:Invoked command in '/opt/erc_ws/build/omni_base_description' returned '0': AMENT_PREFIX_PATH=/opt/erc_ws/install/pal_urdf_utils:/opt/erc_ws/install/launch_pal:${AMENT_PREFIX_PATH} CMAKE_PREFIX_PATH=/opt/erc_ws/install/pal_urdf_utils:/opt/erc_ws/install/erc_solution:/opt/ros/humble PYTHONPATH=/opt/erc_ws/install/launch_pal/lib/python3.10/site-packages:${PYTHONPATH} /usr/bin/cmake --build /opt/erc_ws/build/omni_base_description -- -j16 -l16
[3.117s] DEBUG:colcon.colcon_core.event_handler.log_command:Invoking command in '/opt/erc_ws/build/omni_base_description': AMENT_PREFIX_PATH=/opt/erc_ws/install/pal_urdf_utils:/opt/erc_ws/install/launch_pal:${AMENT_PREFIX_PATH} CMAKE_PREFIX_PATH=/opt/erc_ws/install/pal_urdf_utils:/opt/erc_ws/install/erc_solution:/opt/ros/humble PYTHONPATH=/opt/erc_ws/install/launch_pal/lib/python3.10/site-packages:${PYTHONPATH} /usr/bin/cmake --install /opt/erc_ws/build/omni_base_description
[3.119s] DEBUG:colcon.colcon_core.event_handler.log_command:Invoked command in '/opt/erc_ws/build/pal_pro_gripper' returned '0': AMENT_PREFIX_PATH=/opt/erc_ws/install/pal_pro_gripper_description:/opt/erc_ws/install/pal_pro_gripper_controller_configuration:/opt/erc_ws/install/pal_urdf_utils:/opt/erc_ws/install/pal_pro_gripper_wrapper:/opt/erc_ws/install/launch_pal:${AMENT_PREFIX_PATH} CMAKE_PREFIX_PATH=/opt/erc_ws/install/pal_pro_gripper_description:/opt/erc_ws/install/pal_pro_gripper_controller_configuration:/opt/erc_ws/install/pal_urdf_utils:/opt/erc_ws/install/erc_solution:/opt/ros/humble PYTHONPATH=/opt/erc_ws/install/pal_pro_gripper_description/local/lib/python3.10/dist-packages:/opt/erc_ws/install/pal_pro_gripper_wrapper/lib/python3.10/site-packages:/opt/erc_ws/install/launch_pal/lib/python3.10/site-packages:${PYTHONPATH} /usr/bin/cmake --build /opt/erc_ws/build/pal_pro_gripper -- -j16 -l16
[3.121s] DEBUG:colcon.colcon_core.event_handler.log_command:Invoking command in '/opt/erc_ws/build/pal_pro_gripper': AMENT_PREFIX_PATH=/opt/erc_ws/install/pal_pro_gripper_description:/opt/erc_ws/install/pal_pro_gripper_controller_configuration:/opt/erc_ws/install/pal_urdf_utils:/opt/erc_ws/install/pal_pro_gripper_wrapper:/opt/erc_ws/install/launch_pal:${AMENT_PREFIX_PATH} CMAKE_PREFIX_PATH=/opt/erc_ws/install/pal_pro_gripper_description:/opt/erc_ws/install/pal_pro_gripper_controller_configuration:/opt/erc_ws/install/pal_urdf_utils:/opt/erc_ws/install/erc_solution:/opt/ros/humble PYTHONPATH=/opt/erc_ws/install/pal_pro_gripper_description/local/lib/python3.10/dist-packages:/opt/erc_ws/install/pal_pro_gripper_wrapper/lib/python3.10/site-packages:/opt/erc_ws/install/launch_pal/lib/python3.10/site-packages:${PYTHONPATH} /usr/bin/cmake --install /opt/erc_ws/build/pal_pro_gripper
[3.130s] DEBUG:colcon.colcon_core.event_handler.log_command:Invoked command in '/opt/erc_ws/build/pal_pro_gripper_simulation' returned '0': AMENT_PREFIX_PATH=/opt/erc_ws/install/pal_pro_gripper_description:/opt/erc_ws/install/pal_pro_gripper_controller_configuration:/opt/erc_ws/install/pal_urdf_utils:/opt/erc_ws/install/pal_pro_gripper_wrapper:/opt/erc_ws/install/launch_pal:${AMENT_PREFIX_PATH} CMAKE_PREFIX_PATH=/opt/erc_ws/install/pal_pro_gripper_description:/opt/erc_ws/install/pal_pro_gripper_controller_configuration:/opt/erc_ws/install/pal_urdf_utils:/opt/erc_ws/install/erc_solution:/opt/ros/humble PYTHONPATH=/opt/erc_ws/install/pal_pro_gripper_description/local/lib/python3.10/dist-packages:/opt/erc_ws/install/pal_pro_gripper_wrapper/lib/python3.10/site-packages:/opt/erc_ws/install/launch_pal/lib/python3.10/site-packages:${PYTHONPATH} /usr/bin/cmake /opt/erc_ws/src/pal_pro_gripper/pal_pro_gripper_simulation -DCMAKE_INSTALL_PREFIX=/opt/erc_ws/install/pal_pro_gripper_simulation
[3.133s] Level 1:colcon.colcon_core.environment:create_environment_scripts_only(pal_pro_gripper)
[3.134s] Level 1:colcon.colcon_core.environment:checking '/opt/erc_ws/install/pal_pro_gripper' for CMake module files
[3.134s] DEBUG:colcon.colcon_core.event_handler.log_command:Invoking command in '/opt/erc_ws/build/pal_pro_gripper_simulation': AMENT_PREFIX_PATH=/opt/erc_ws/install/pal_pro_gripper_description:/opt/erc_ws/install/pal_pro_gripper_controller_configuration:/opt/erc_ws/install/pal_urdf_utils:/opt/erc_ws/install/pal_pro_gripper_wrapper:/opt/erc_ws/install/launch_pal:${AMENT_PREFIX_PATH} CMAKE_PREFIX_PATH=/opt/erc_ws/install/pal_pro_gripper_description:/opt/erc_ws/install/pal_pro_gripper_controller_configuration:/opt/erc_ws/install/pal_urdf_utils:/opt/erc_ws/install/erc_solution:/opt/ros/humble PYTHONPATH=/opt/erc_ws/install/pal_pro_gripper_description/local/lib/python3.10/dist-packages:/opt/erc_ws/install/pal_pro_gripper_wrapper/lib/python3.10/site-packages:/opt/erc_ws/install/launch_pal/lib/python3.10/site-packages:${PYTHONPATH} /usr/bin/cmake --build /opt/erc_ws/build/pal_pro_gripper_simulation -- -j16 -l16
[3.136s] Level 1:colcon.colcon_core.environment:checking '/opt/erc_ws/install/pal_pro_gripper' for CMake config files
[3.138s] DEBUG:colcon.colcon_core.event_handler.log_command:Invoked command in '/opt/erc_ws/build/pal_pro_gripper' returned '0': AMENT_PREFIX_PATH=/opt/erc_ws/install/pal_pro_gripper_description:/opt/erc_ws/install/pal_pro_gripper_controller_configuration:/opt/erc_ws/install/pal_urdf_utils:/opt/erc_ws/install/pal_pro_gripper_wrapper:/opt/erc_ws/install/launch_pal:${AMENT_PREFIX_PATH} CMAKE_PREFIX_PATH=/opt/erc_ws/install/pal_pro_gripper_description:/opt/erc_ws/install/pal_pro_gripper_controller_configuration:/opt/erc_ws/install/pal_urdf_utils:/opt/erc_ws/install/erc_solution:/opt/ros/humble PYTHONPATH=/opt/erc_ws/install/pal_pro_gripper_description/local/lib/python3.10/dist-packages:/opt/erc_ws/install/pal_pro_gripper_wrapper/lib/python3.10/site-packages:/opt/erc_ws/install/launch_pal/lib/python3.10/site-packages:${PYTHONPATH} /usr/bin/cmake --install /opt/erc_ws/build/pal_pro_gripper
[3.139s] Level 1:colcon.colcon_core.shell:create_environment_hook('pal_pro_gripper', 'cmake_prefix_path')
[3.139s] INFO:colcon.colcon_core.shell:Creating environment hook '/opt/erc_ws/install/pal_pro_gripper/share/pal_pro_gripper/hook/cmake_prefix_path.ps1'
[3.139s] INFO:colcon.colcon_core.shell:Creating environment descriptor '/opt/erc_ws/install/pal_pro_gripper/share/pal_pro_gripper/hook/cmake_prefix_path.dsv'
[3.140s] INFO:colcon.colcon_core.shell:Creating environment hook '/opt/erc_ws/install/pal_pro_gripper/share/pal_pro_gripper/hook/cmake_prefix_path.sh'
[3.140s] Level 1:colcon.colcon_core.environment:checking '/opt/erc_ws/install/pal_pro_gripper/bin'
[3.140s] Level 1:colcon.colcon_core.environment:checking '/opt/erc_ws/install/pal_pro_gripper/lib/pkgconfig/pal_pro_gripper.pc'
[3.140s] Level 1:colcon.colcon_core.environment:checking '/opt/erc_ws/install/pal_pro_gripper/lib/python3.10/site-packages'
[3.141s] Level 1:colcon.colcon_core.environment:checking '/opt/erc_ws/install/pal_pro_gripper/bin'
[3.141s] INFO:colcon.colcon_core.shell:Creating package script '/opt/erc_ws/install/pal_pro_gripper/share/pal_pro_gripper/package.ps1'
[3.143s] INFO:colcon.colcon_core.shell:Creating package descriptor '/opt/erc_ws/install/pal_pro_gripper/share/pal_pro_gripper/package.dsv'
[3.143s] INFO:colcon.colcon_core.shell:Creating package script '/opt/erc_ws/install/pal_pro_gripper/share/pal_pro_gripper/package.sh'
[3.143s] INFO:colcon.colcon_core.shell:Creating package script '/opt/erc_ws/install/pal_pro_gripper/share/pal_pro_gripper/package.bash'
[3.143s] INFO:colcon.colcon_core.shell:Creating package script '/opt/erc_ws/install/pal_pro_gripper/share/pal_pro_gripper/package.zsh'
[3.144s] Level 1:colcon.colcon_core.environment:create_file_with_runtime_dependencies(/opt/erc_ws/install/pal_pro_gripper/share/colcon-core/packages/pal_pro_gripper)
[3.145s] Level 1:colcon.colcon_core.environment:create_environment_scripts_only(pal_pro_gripper)
[3.145s] Level 1:colcon.colcon_core.environment:checking '/opt/erc_ws/install/pal_pro_gripper' for CMake module files
[3.146s] Level 1:colcon.colcon_core.environment:checking '/opt/erc_ws/install/pal_pro_gripper' for CMake config files
[3.146s] Level 1:colcon.colcon_core.shell:create_environment_hook('pal_pro_gripper', 'cmake_prefix_path')
[3.146s] INFO:colcon.colcon_core.shell:Creating environment hook '/opt/erc_ws/install/pal_pro_gripper/share/pal_pro_gripper/hook/cmake_prefix_path.ps1'
[3.147s] INFO:colcon.colcon_core.shell:Creating environment descriptor '/opt/erc_ws/install/pal_pro_gripper/share/pal_pro_gripper/hook/cmake_prefix_path.dsv'
[3.148s] INFO:colcon.colcon_core.shell:Creating environment hook '/opt/erc_ws/install/pal_pro_gripper/share/pal_pro_gripper/hook/cmake_prefix_path.sh'
[3.148s] Level 1:colcon.colcon_core.environment:checking '/opt/erc_ws/install/pal_pro_gripper/bin'
[3.148s] Level 1:colcon.colcon_core.environment:checking '/opt/erc_ws/install/pal_pro_gripper/lib/pkgconfig/pal_pro_gripper.pc'
[3.148s] Level 1:colcon.colcon_core.environment:checking '/opt/erc_ws/install/pal_pro_gripper/lib/python3.10/site-packages'
[3.149s] Level 1:colcon.colcon_core.environment:checking '/opt/erc_ws/install/pal_pro_gripper/bin'
[3.149s] INFO:colcon.colcon_core.shell:Creating package script '/opt/erc_ws/install/pal_pro_gripper/share/pal_pro_gripper/package.ps1'
[3.149s] INFO:colcon.colcon_core.shell:Creating package descriptor '/opt/erc_ws/install/pal_pro_gripper/share/pal_pro_gripper/package.dsv'
[3.150s] INFO:colcon.colcon_core.shell:Creating package script '/opt/erc_ws/install/pal_pro_gripper/share/pal_pro_gripper/package.sh'
[3.151s] INFO:colcon.colcon_core.shell:Creating package script '/opt/erc_ws/install/pal_pro_gripper/share/pal_pro_gripper/package.bash'
[3.151s] INFO:colcon.colcon_core.shell:Creating package script '/opt/erc_ws/install/pal_pro_gripper/share/pal_pro_gripper/package.zsh'
[3.151s] Level 1:colcon.colcon_core.environment:create_file_with_runtime_dependencies(/opt/erc_ws/install/pal_pro_gripper/share/colcon-core/packages/pal_pro_gripper)
[3.154s] DEBUG:colcon.colcon_core.event_handler.log_command:Invoked command in '/opt/erc_ws/build/pal_pro_gripper_bringup' returned '0': AMENT_PREFIX_PATH=/opt/erc_ws/install/pal_pro_gripper_description:/opt/erc_ws/install/pal_pro_gripper_controller_configuration:/opt/erc_ws/install/pal_urdf_utils:/opt/erc_ws/install/pal_pro_gripper_wrapper:/opt/erc_ws/install/launch_pal:${AMENT_PREFIX_PATH} CMAKE_PREFIX_PATH=/opt/erc_ws/install/pal_pro_gripper_description:/opt/erc_ws/install/pal_pro_gripper_controller_configuration:/opt/erc_ws/install/pal_urdf_utils:/opt/erc_ws/install/erc_solution:/opt/ros/humble PYTHONPATH=/opt/erc_ws/install/pal_pro_gripper_description/local/lib/python3.10/dist-packages:/opt/erc_ws/install/pal_pro_gripper_wrapper/lib/python3.10/site-packages:/opt/erc_ws/install/launch_pal/lib/python3.10/site-packages:${PYTHONPATH} /usr/bin/cmake --build /opt/erc_ws/build/pal_pro_gripper_bringup -- -j16 -l16
[3.156s] DEBUG:colcon.colcon_core.event_handler.log_command:Invoking command in '/opt/erc_ws/build/pal_pro_gripper_bringup': AMENT_PREFIX_PATH=/opt/erc_ws/install/pal_pro_gripper_description:/opt/erc_ws/install/pal_pro_gripper_controller_configuration:/opt/erc_ws/install/pal_urdf_utils:/opt/erc_ws/install/pal_pro_gripper_wrapper:/opt/erc_ws/install/launch_pal:${AMENT_PREFIX_PATH} CMAKE_PREFIX_PATH=/opt/erc_ws/install/pal_pro_gripper_description:/opt/erc_ws/install/pal_pro_gripper_controller_configuration:/opt/erc_ws/install/pal_urdf_utils:/opt/erc_ws/install/erc_solution:/opt/ros/humble PYTHONPATH=/opt/erc_ws/install/pal_pro_gripper_description/local/lib/python3.10/dist-packages:/opt/erc_ws/install/pal_pro_gripper_wrapper/lib/python3.10/site-packages:/opt/erc_ws/install/launch_pal/lib/python3.10/site-packages:${PYTHONPATH} /usr/bin/cmake --install /opt/erc_ws/build/pal_pro_gripper_bringup
[3.159s] DEBUG:colcon.colcon_core.event_handler.log_command:Invoked command in '/opt/erc_ws/build/pal_sea_arm_controller_configuration' returned '0': AMENT_PREFIX_PATH=/opt/erc_ws/install/pal_pro_gripper_controller_configuration:/opt/erc_ws/install/pal_pro_gripper_wrapper:/opt/erc_ws/install/launch_pal:${AMENT_PREFIX_PATH} CMAKE_PREFIX_PATH=/opt/erc_ws/install/pal_pro_gripper_controller_configuration:/opt/erc_ws/install/erc_solution:/opt/ros/humble PYTHONPATH=/opt/erc_ws/install/pal_pro_gripper_wrapper/lib/python3.10/site-packages:/opt/erc_ws/install/launch_pal/lib/python3.10/site-packages:${PYTHONPATH} /usr/bin/cmake --build /opt/erc_ws/build/pal_sea_arm_controller_configuration -- -j16 -l16
[3.161s] DEBUG:colcon.colcon_core.event_handler.log_command:Invoking command in '/opt/erc_ws/build/pal_sea_arm_controller_configuration': AMENT_PREFIX_PATH=/opt/erc_ws/install/pal_pro_gripper_controller_configuration:/opt/erc_ws/install/pal_pro_gripper_wrapper:/opt/erc_ws/install/launch_pal:${AMENT_PREFIX_PATH} CMAKE_PREFIX_PATH=/opt/erc_ws/install/pal_pro_gripper_controller_configuration:/opt/erc_ws/install/erc_solution:/opt/ros/humble PYTHONPATH=/opt/erc_ws/install/pal_pro_gripper_wrapper/lib/python3.10/site-packages:/opt/erc_ws/install/launch_pal/lib/python3.10/site-packages:${PYTHONPATH} /usr/bin/cmake --install /opt/erc_ws/build/pal_sea_arm_controller_configuration
[3.171s] DEBUG:colcon.colcon_core.event_handler.log_command:Invoked command in '/opt/erc_ws/build/pal_pro_gripper_simulation' returned '0': AMENT_PREFIX_PATH=/opt/erc_ws/install/pal_pro_gripper_description:/opt/erc_ws/install/pal_pro_gripper_controller_configuration:/opt/erc_ws/install/pal_urdf_utils:/opt/erc_ws/install/pal_pro_gripper_wrapper:/opt/erc_ws/install/launch_pal:${AMENT_PREFIX_PATH} CMAKE_PREFIX_PATH=/opt/erc_ws/install/pal_pro_gripper_description:/opt/erc_ws/install/pal_pro_gripper_controller_configuration:/opt/erc_ws/install/pal_urdf_utils:/opt/erc_ws/install/erc_solution:/opt/ros/humble PYTHONPATH=/opt/erc_ws/install/pal_pro_gripper_description/local/lib/python3.10/dist-packages:/opt/erc_ws/install/pal_pro_gripper_wrapper/lib/python3.10/site-packages:/opt/erc_ws/install/launch_pal/lib/python3.10/site-packages:${PYTHONPATH} /usr/bin/cmake --build /opt/erc_ws/build/pal_pro_gripper_simulation -- -j16 -l16
[3.177s] Level 1:colcon.colcon_core.environment:create_environment_scripts_only(pal_pro_gripper_bringup)
[3.178s] Level 1:colcon.colcon_core.environment:checking '/opt/erc_ws/install/pal_pro_gripper_bringup' for CMake module files
[3.183s] Level 1:colcon.colcon_core.environment:checking '/opt/erc_ws/install/pal_pro_gripper_bringup' for CMake config files
[3.186s] DEBUG:colcon.colcon_core.event_handler.log_command:Invoking command in '/opt/erc_ws/build/pal_pro_gripper_simulation': AMENT_PREFIX_PATH=/opt/erc_ws/install/pal_pro_gripper_description:/opt/erc_ws/install/pal_pro_gripper_controller_configuration:/opt/erc_ws/install/pal_urdf_utils:/opt/erc_ws/install/pal_pro_gripper_wrapper:/opt/erc_ws/install/launch_pal:${AMENT_PREFIX_PATH} CMAKE_PREFIX_PATH=/opt/erc_ws/install/pal_pro_gripper_description:/opt/erc_ws/install/pal_pro_gripper_controller_configuration:/opt/erc_ws/install/pal_urdf_utils:/opt/erc_ws/install/erc_solution:/opt/ros/humble PYTHONPATH=/opt/erc_ws/install/pal_pro_gripper_description/local/lib/python3.10/dist-packages:/opt/erc_ws/install/pal_pro_gripper_wrapper/lib/python3.10/site-packages:/opt/erc_ws/install/launch_pal/lib/python3.10/site-packages:${PYTHONPATH} /usr/bin/cmake --install /opt/erc_ws/build/pal_pro_gripper_simulation
[3.188s] Level 1:colcon.colcon_core.shell:create_environment_hook('pal_pro_gripper_bringup', 'cmake_prefix_path')
[3.190s] INFO:colcon.colcon_core.shell:Creating environment hook '/opt/erc_ws/install/pal_pro_gripper_bringup/share/pal_pro_gripper_bringup/hook/cmake_prefix_path.ps1'
[3.191s] DEBUG:colcon.colcon_core.event_handler.log_command:Invoked command in '/opt/erc_ws/build/pal_pro_gripper_bringup' returned '0': AMENT_PREFIX_PATH=/opt/erc_ws/install/pal_pro_gripper_description:/opt/erc_ws/install/pal_pro_gripper_controller_configuration:/opt/erc_ws/install/pal_urdf_utils:/opt/erc_ws/install/pal_pro_gripper_wrapper:/opt/erc_ws/install/launch_pal:${AMENT_PREFIX_PATH} CMAKE_PREFIX_PATH=/opt/erc_ws/install/pal_pro_gripper_description:/opt/erc_ws/install/pal_pro_gripper_controller_configuration:/opt/erc_ws/install/pal_urdf_utils:/opt/erc_ws/install/erc_solution:/opt/ros/humble PYTHONPATH=/opt/erc_ws/install/pal_pro_gripper_description/local/lib/python3.10/dist-packages:/opt/erc_ws/install/pal_pro_gripper_wrapper/lib/python3.10/site-packages:/opt/erc_ws/install/launch_pal/lib/python3.10/site-packages:${PYTHONPATH} /usr/bin/cmake --install /opt/erc_ws/build/pal_pro_gripper_bringup
[3.196s] INFO:colcon.colcon_core.shell:Creating environment descriptor '/opt/erc_ws/install/pal_pro_gripper_bringup/share/pal_pro_gripper_bringup/hook/cmake_prefix_path.dsv'
[3.201s] INFO:colcon.colcon_core.shell:Creating environment hook '/opt/erc_ws/install/pal_pro_gripper_bringup/share/pal_pro_gripper_bringup/hook/cmake_prefix_path.sh'
[3.203s] Level 1:colcon.colcon_core.environment:checking '/opt/erc_ws/install/pal_pro_gripper_bringup/bin'
[3.203s] Level 1:colcon.colcon_core.environment:checking '/opt/erc_ws/install/pal_pro_gripper_bringup/lib/pkgconfig/pal_pro_gripper_bringup.pc'
[3.204s] Level 1:colcon.colcon_core.environment:checking '/opt/erc_ws/install/pal_pro_gripper_bringup/lib/python3.10/site-packages'
[3.204s] Level 1:colcon.colcon_core.environment:checking '/opt/erc_ws/install/pal_pro_gripper_bringup/bin'
[3.204s] INFO:colcon.colcon_core.shell:Creating package script '/opt/erc_ws/install/pal_pro_gripper_bringup/share/pal_pro_gripper_bringup/package.ps1'
[3.205s] INFO:colcon.colcon_core.shell:Creating package descriptor '/opt/erc_ws/install/pal_pro_gripper_bringup/share/pal_pro_gripper_bringup/package.dsv'
[3.205s] INFO:colcon.colcon_core.shell:Creating package script '/opt/erc_ws/install/pal_pro_gripper_bringup/share/pal_pro_gripper_bringup/package.sh'
[3.205s] INFO:colcon.colcon_core.shell:Creating package script '/opt/erc_ws/install/pal_pro_gripper_bringup/share/pal_pro_gripper_bringup/package.bash'
[3.206s] INFO:colcon.colcon_core.shell:Creating package script '/opt/erc_ws/install/pal_pro_gripper_bringup/share/pal_pro_gripper_bringup/package.zsh'
[3.206s] Level 1:colcon.colcon_core.environment:create_file_with_runtime_dependencies(/opt/erc_ws/install/pal_pro_gripper_bringup/share/colcon-core/packages/pal_pro_gripper_bringup)
[3.207s] Level 1:colcon.colcon_core.environment:create_environment_scripts_only(pal_pro_gripper_bringup)
[3.207s] Level 1:colcon.colcon_core.environment:checking '/opt/erc_ws/install/pal_pro_gripper_bringup' for CMake module files
[3.207s] Level 1:colcon.colcon_core.environment:checking '/opt/erc_ws/install/pal_pro_gripper_bringup' for CMake config files
[3.207s] Level 1:colcon.colcon_core.shell:create_environment_hook('pal_pro_gripper_bringup', 'cmake_prefix_path')
[3.207s] INFO:colcon.colcon_core.shell:Creating environment hook '/opt/erc_ws/install/pal_pro_gripper_bringup/share/pal_pro_gripper_bringup/hook/cmake_prefix_path.ps1'
[3.207s] INFO:colcon.colcon_core.shell:Creating environment descriptor '/opt/erc_ws/install/pal_pro_gripper_bringup/share/pal_pro_gripper_bringup/hook/cmake_prefix_path.dsv'
[3.208s] INFO:colcon.colcon_core.shell:Creating environment hook '/opt/erc_ws/install/pal_pro_gripper_bringup/share/pal_pro_gripper_bringup/hook/cmake_prefix_path.sh'
[3.208s] Level 1:colcon.colcon_core.environment:checking '/opt/erc_ws/install/pal_pro_gripper_bringup/bin'
[3.208s] Level 1:colcon.colcon_core.environment:checking '/opt/erc_ws/install/pal_pro_gripper_bringup/lib/pkgconfig/pal_pro_gripper_bringup.pc'
[3.208s] Level 1:colcon.colcon_core.environment:checking '/opt/erc_ws/install/pal_pro_gripper_bringup/lib/python3.10/site-packages'
[3.208s] Level 1:colcon.colcon_core.environment:checking '/opt/erc_ws/install/pal_pro_gripper_bringup/bin'
[3.209s] INFO:colcon.colcon_core.shell:Creating package script '/opt/erc_ws/install/pal_pro_gripper_bringup/share/pal_pro_gripper_bringup/package.ps1'
[3.209s] INFO:colcon.colcon_core.shell:Creating package descriptor '/opt/erc_ws/install/pal_pro_gripper_bringup/share/pal_pro_gripper_bringup/package.dsv'
[3.209s] INFO:colcon.colcon_core.shell:Creating package script '/opt/erc_ws/install/pal_pro_gripper_bringup/share/pal_pro_gripper_bringup/package.sh'
[3.210s] INFO:colcon.colcon_core.shell:Creating package script '/opt/erc_ws/install/pal_pro_gripper_bringup/share/pal_pro_gripper_bringup/package.bash'
[3.210s] INFO:colcon.colcon_core.shell:Creating package script '/opt/erc_ws/install/pal_pro_gripper_bringup/share/pal_pro_gripper_bringup/package.zsh'
[3.210s] Level 1:colcon.colcon_core.environment:create_file_with_runtime_dependencies(/opt/erc_ws/install/pal_pro_gripper_bringup/share/colcon-core/packages/pal_pro_gripper_bringup)
[3.213s] Level 1:colcon.colcon_core.environment:create_environment_scripts_only(pal_sea_arm_controller_configuration)
[3.213s] Level 1:colcon.colcon_core.environment:checking '/opt/erc_ws/install/pal_sea_arm_controller_configuration' for CMake module files
[3.213s] DEBUG:colcon.colcon_core.event_handler.log_command:Invoked command in '/opt/erc_ws/build/pal_sea_arm_controller_configuration' returned '0': AMENT_PREFIX_PATH=/opt/erc_ws/install/pal_pro_gripper_controller_configuration:/opt/erc_ws/install/pal_pro_gripper_wrapper:/opt/erc_ws/install/launch_pal:${AMENT_PREFIX_PATH} CMAKE_PREFIX_PATH=/opt/erc_ws/install/pal_pro_gripper_controller_configuration:/opt/erc_ws/install/erc_solution:/opt/ros/humble PYTHONPATH=/opt/erc_ws/install/pal_pro_gripper_wrapper/lib/python3.10/site-packages:/opt/erc_ws/install/launch_pal/lib/python3.10/site-packages:${PYTHONPATH} /usr/bin/cmake --install /opt/erc_ws/build/pal_sea_arm_controller_configuration
[3.214s] Level 1:colcon.colcon_core.environment:checking '/opt/erc_ws/install/pal_sea_arm_controller_configuration' for CMake config files
[3.214s] Level 1:colcon.colcon_core.shell:create_environment_hook('pal_sea_arm_controller_configuration', 'cmake_prefix_path')
[3.214s] INFO:colcon.colcon_core.shell:Creating environment hook '/opt/erc_ws/install/pal_sea_arm_controller_configuration/share/pal_sea_arm_controller_configuration/hook/cmake_prefix_path.ps1'
[3.215s] INFO:colcon.colcon_core.shell:Creating environment descriptor '/opt/erc_ws/install/pal_sea_arm_controller_configuration/share/pal_sea_arm_controller_configuration/hook/cmake_prefix_path.dsv'
[3.215s] INFO:colcon.colcon_core.shell:Creating environment hook '/opt/erc_ws/install/pal_sea_arm_controller_configuration/share/pal_sea_arm_controller_configuration/hook/cmake_prefix_path.sh'
[3.215s] Level 1:colcon.colcon_core.environment:checking '/opt/erc_ws/install/pal_sea_arm_controller_configuration/bin'
[3.215s] Level 1:colcon.colcon_core.environment:checking '/opt/erc_ws/install/pal_sea_arm_controller_configuration/lib/pkgconfig/pal_sea_arm_controller_configuration.pc'
[3.216s] Level 1:colcon.colcon_core.environment:checking '/opt/erc_ws/install/pal_sea_arm_controller_configuration/lib/python3.10/site-packages'
[3.216s] Level 1:colcon.colcon_core.environment:checking '/opt/erc_ws/install/pal_sea_arm_controller_configuration/bin'
[3.216s] INFO:colcon.colcon_core.shell:Creating package script '/opt/erc_ws/install/pal_sea_arm_controller_configuration/share/pal_sea_arm_controller_configuration/package.ps1'
[3.216s] INFO:colcon.colcon_core.shell:Creating package descriptor '/opt/erc_ws/install/pal_sea_arm_controller_configuration/share/pal_sea_arm_controller_configuration/package.dsv'
[3.217s] INFO:colcon.colcon_core.shell:Creating package script '/opt/erc_ws/install/pal_sea_arm_controller_configuration/share/pal_sea_arm_controller_configuration/package.sh'
[3.217s] INFO:colcon.colcon_core.shell:Creating package script '/opt/erc_ws/install/pal_sea_arm_controller_configuration/share/pal_sea_arm_controller_configuration/package.bash'
[3.218s] INFO:colcon.colcon_core.shell:Creating package script '/opt/erc_ws/install/pal_sea_arm_controller_configuration/share/pal_sea_arm_controller_configuration/package.zsh'
[3.218s] Level 1:colcon.colcon_core.environment:create_file_with_runtime_dependencies(/opt/erc_ws/install/pal_sea_arm_controller_configuration/share/colcon-core/packages/pal_sea_arm_controller_configuration)
[3.219s] Level 1:colcon.colcon_core.environment:create_environment_scripts_only(pal_sea_arm_controller_configuration)
[3.219s] Level 1:colcon.colcon_core.environment:checking '/opt/erc_ws/install/pal_sea_arm_controller_configuration' for CMake module files
[3.219s] Level 1:colcon.colcon_core.environment:checking '/opt/erc_ws/install/pal_sea_arm_controller_configuration' for CMake config files
[3.219s] Level 1:colcon.colcon_core.shell:create_environment_hook('pal_sea_arm_controller_configuration', 'cmake_prefix_path')
[3.220s] INFO:colcon.colcon_core.shell:Creating environment hook '/opt/erc_ws/install/pal_sea_arm_controller_configuration/share/pal_sea_arm_controller_configuration/hook/cmake_prefix_path.ps1'
[3.220s] INFO:colcon.colcon_core.shell:Creating environment descriptor '/opt/erc_ws/install/pal_sea_arm_controller_configuration/share/pal_sea_arm_controller_configuration/hook/cmake_prefix_path.dsv'
[3.220s] INFO:colcon.colcon_core.shell:Creating environment hook '/opt/erc_ws/install/pal_sea_arm_controller_configuration/share/pal_sea_arm_controller_configuration/hook/cmake_prefix_path.sh'
[3.221s] Level 1:colcon.colcon_core.environment:checking '/opt/erc_ws/install/pal_sea_arm_controller_configuration/bin'
[3.221s] Level 1:colcon.colcon_core.environment:checking '/opt/erc_ws/install/pal_sea_arm_controller_configuration/lib/pkgconfig/pal_sea_arm_controller_configuration.pc'
[3.221s] Level 1:colcon.colcon_core.environment:checking '/opt/erc_ws/install/pal_sea_arm_controller_configuration/lib/python3.10/site-packages'
[3.221s] Level 1:colcon.colcon_core.environment:checking '/opt/erc_ws/install/pal_sea_arm_controller_configuration/bin'
[3.221s] INFO:colcon.colcon_core.shell:Creating package script '/opt/erc_ws/install/pal_sea_arm_controller_configuration/share/pal_sea_arm_controller_configuration/package.ps1'
[3.222s] INFO:colcon.colcon_core.shell:Creating package descriptor '/opt/erc_ws/install/pal_sea_arm_controller_configuration/share/pal_sea_arm_controller_configuration/package.dsv'
[3.222s] INFO:colcon.colcon_core.shell:Creating package script '/opt/erc_ws/install/pal_sea_arm_controller_configuration/share/pal_sea_arm_controller_configuration/package.sh'
[3.222s] INFO:colcon.colcon_core.shell:Creating package script '/opt/erc_ws/install/pal_sea_arm_controller_configuration/share/pal_sea_arm_controller_configuration/package.bash'
[3.223s] INFO:colcon.colcon_core.shell:Creating package script '/opt/erc_ws/install/pal_sea_arm_controller_configuration/share/pal_sea_arm_controller_configuration/package.zsh'
[3.223s] Level 1:colcon.colcon_core.environment:create_file_with_runtime_dependencies(/opt/erc_ws/install/pal_sea_arm_controller_configuration/share/colcon-core/packages/pal_sea_arm_controller_configuration)
[3.223s] Level 1:colcon.colcon_core.environment:create_environment_scripts_only(omni_base_description)
[3.224s] Level 1:colcon.colcon_core.environment:checking '/opt/erc_ws/install/omni_base_description' for CMake module files
[3.225s] DEBUG:colcon.colcon_core.event_handler.log_command:Invoked command in '/opt/erc_ws/build/omni_base_description' returned '0': AMENT_PREFIX_PATH=/opt/erc_ws/install/pal_urdf_utils:/opt/erc_ws/install/launch_pal:${AMENT_PREFIX_PATH} CMAKE_PREFIX_PATH=/opt/erc_ws/install/pal_urdf_utils:/opt/erc_ws/install/erc_solution:/opt/ros/humble PYTHONPATH=/opt/erc_ws/install/launch_pal/lib/python3.10/site-packages:${PYTHONPATH} /usr/bin/cmake --install /opt/erc_ws/build/omni_base_description
[3.225s] Level 1:colcon.colcon_core.environment:checking '/opt/erc_ws/install/omni_base_description' for CMake config files
[3.225s] Level 1:colcon.colcon_core.shell:create_environment_hook('omni_base_description', 'cmake_prefix_path')
[3.225s] INFO:colcon.colcon_core.shell:Creating environment hook '/opt/erc_ws/install/omni_base_description/share/omni_base_description/hook/cmake_prefix_path.ps1'
[3.227s] INFO:colcon.colcon_core.shell:Creating environment descriptor '/opt/erc_ws/install/omni_base_description/share/omni_base_description/hook/cmake_prefix_path.dsv'
[3.227s] INFO:colcon.colcon_core.shell:Creating environment hook '/opt/erc_ws/install/omni_base_description/share/omni_base_description/hook/cmake_prefix_path.sh'
[3.227s] Level 1:colcon.colcon_core.environment:checking '/opt/erc_ws/install/omni_base_description/bin'
[3.228s] Level 1:colcon.colcon_core.environment:checking '/opt/erc_ws/install/omni_base_description/lib/pkgconfig/omni_base_description.pc'
[3.228s] Level 1:colcon.colcon_core.environment:checking '/opt/erc_ws/install/omni_base_description/lib/python3.10/site-packages'
[3.228s] Level 1:colcon.colcon_core.environment:checking '/opt/erc_ws/install/omni_base_description/bin'
[3.228s] INFO:colcon.colcon_core.shell:Creating package script '/opt/erc_ws/install/omni_base_description/share/omni_base_description/package.ps1'
[3.229s] INFO:colcon.colcon_core.shell:Creating package descriptor '/opt/erc_ws/install/omni_base_description/share/omni_base_description/package.dsv'
[3.229s] INFO:colcon.colcon_core.shell:Creating package script '/opt/erc_ws/install/omni_base_description/share/omni_base_description/package.sh'
[3.230s] INFO:colcon.colcon_core.shell:Creating package script '/opt/erc_ws/install/omni_base_description/share/omni_base_description/package.bash'
[3.230s] INFO:colcon.colcon_core.shell:Creating package script '/opt/erc_ws/install/omni_base_description/share/omni_base_description/package.zsh'
[3.230s] Level 1:colcon.colcon_core.environment:create_file_with_runtime_dependencies(/opt/erc_ws/install/omni_base_description/share/colcon-core/packages/omni_base_description)
[3.231s] Level 1:colcon.colcon_core.environment:create_environment_scripts_only(omni_base_description)
[3.231s] Level 1:colcon.colcon_core.environment:checking '/opt/erc_ws/install/omni_base_description' for CMake module files
[3.232s] Level 1:colcon.colcon_core.environment:checking '/opt/erc_ws/install/omni_base_description' for CMake config files
[3.232s] Level 1:colcon.colcon_core.shell:create_environment_hook('omni_base_description', 'cmake_prefix_path')
[3.232s] INFO:colcon.colcon_core.shell:Creating environment hook '/opt/erc_ws/install/omni_base_description/share/omni_base_description/hook/cmake_prefix_path.ps1'
[3.232s] INFO:colcon.colcon_core.shell:Creating environment descriptor '/opt/erc_ws/install/omni_base_description/share/omni_base_description/hook/cmake_prefix_path.dsv'
[3.233s] INFO:colcon.colcon_core.shell:Creating environment hook '/opt/erc_ws/install/omni_base_description/share/omni_base_description/hook/cmake_prefix_path.sh'
[3.233s] Level 1:colcon.colcon_core.environment:checking '/opt/erc_ws/install/omni_base_description/bin'
[3.233s] Level 1:colcon.colcon_core.environment:checking '/opt/erc_ws/install/omni_base_description/lib/pkgconfig/omni_base_description.pc'
[3.233s] Level 1:colcon.colcon_core.environment:checking '/opt/erc_ws/install/omni_base_description/lib/python3.10/site-packages'
[3.234s] Level 1:colcon.colcon_core.environment:checking '/opt/erc_ws/install/omni_base_description/bin'
[3.234s] INFO:colcon.colcon_core.shell:Creating package script '/opt/erc_ws/install/omni_base_description/share/omni_base_description/package.ps1'
[3.234s] INFO:colcon.colcon_core.shell:Creating package descriptor '/opt/erc_ws/install/omni_base_description/share/omni_base_description/package.dsv'
[3.235s] INFO:colcon.colcon_core.shell:Creating package script '/opt/erc_ws/install/omni_base_description/share/omni_base_description/package.sh'
[3.235s] INFO:colcon.colcon_core.shell:Creating package script '/opt/erc_ws/install/omni_base_description/share/omni_base_description/package.bash'
[3.235s] INFO:colcon.colcon_core.shell:Creating package script '/opt/erc_ws/install/omni_base_description/share/omni_base_description/package.zsh'
[3.236s] Level 1:colcon.colcon_core.environment:create_file_with_runtime_dependencies(/opt/erc_ws/install/omni_base_description/share/colcon-core/packages/omni_base_description)
[3.236s] Level 1:colcon.colcon_core.environment:create_environment_scripts_only(pal_pro_gripper_simulation)
[3.236s] Level 1:colcon.colcon_core.environment:checking '/opt/erc_ws/install/pal_pro_gripper_simulation' for CMake module files
[3.237s] DEBUG:colcon.colcon_core.event_handler.log_command:Invoked command in '/opt/erc_ws/build/pal_pro_gripper_simulation' returned '0': AMENT_PREFIX_PATH=/opt/erc_ws/install/pal_pro_gripper_description:/opt/erc_ws/install/pal_pro_gripper_controller_configuration:/opt/erc_ws/install/pal_urdf_utils:/opt/erc_ws/install/pal_pro_gripper_wrapper:/opt/erc_ws/install/launch_pal:${AMENT_PREFIX_PATH} CMAKE_PREFIX_PATH=/opt/erc_ws/install/pal_pro_gripper_description:/opt/erc_ws/install/pal_pro_gripper_controller_configuration:/opt/erc_ws/install/pal_urdf_utils:/opt/erc_ws/install/erc_solution:/opt/ros/humble PYTHONPATH=/opt/erc_ws/install/pal_pro_gripper_description/local/lib/python3.10/dist-packages:/opt/erc_ws/install/pal_pro_gripper_wrapper/lib/python3.10/site-packages:/opt/erc_ws/install/launch_pal/lib/python3.10/site-packages:${PYTHONPATH} /usr/bin/cmake --install /opt/erc_ws/build/pal_pro_gripper_simulation
[3.237s] Level 1:colcon.colcon_core.environment:checking '/opt/erc_ws/install/pal_pro_gripper_simulation' for CMake config files
[3.237s] Level 1:colcon.colcon_core.shell:create_environment_hook('pal_pro_gripper_simulation', 'cmake_prefix_path')
[3.238s] INFO:colcon.colcon_core.shell:Creating environment hook '/opt/erc_ws/install/pal_pro_gripper_simulation/share/pal_pro_gripper_simulation/hook/cmake_prefix_path.ps1'
[3.239s] INFO:colcon.colcon_core.shell:Creating environment descriptor '/opt/erc_ws/install/pal_pro_gripper_simulation/share/pal_pro_gripper_simulation/hook/cmake_prefix_path.dsv'
[3.239s] INFO:colcon.colcon_core.shell:Creating environment hook '/opt/erc_ws/install/pal_pro_gripper_simulation/share/pal_pro_gripper_simulation/hook/cmake_prefix_path.sh'
[3.240s] Level 1:colcon.colcon_core.environment:checking '/opt/erc_ws/install/pal_pro_gripper_simulation/bin'
[3.240s] Level 1:colcon.colcon_core.environment:checking '/opt/erc_ws/install/pal_pro_gripper_simulation/lib/pkgconfig/pal_pro_gripper_simulation.pc'
[3.240s] Level 1:colcon.colcon_core.environment:checking '/opt/erc_ws/install/pal_pro_gripper_simulation/lib/python3.10/site-packages'
[3.241s] Level 1:colcon.colcon_core.environment:checking '/opt/erc_ws/install/pal_pro_gripper_simulation/bin'
[3.241s] INFO:colcon.colcon_core.shell:Creating package script '/opt/erc_ws/install/pal_pro_gripper_simulation/share/pal_pro_gripper_simulation/package.ps1'
[3.242s] INFO:colcon.colcon_core.shell:Creating package descriptor '/opt/erc_ws/install/pal_pro_gripper_simulation/share/pal_pro_gripper_simulation/package.dsv'
[3.244s] INFO:colcon.colcon_core.shell:Creating package script '/opt/erc_ws/install/pal_pro_gripper_simulation/share/pal_pro_gripper_simulation/package.sh'
[3.244s] INFO:colcon.colcon_core.shell:Creating package script '/opt/erc_ws/install/pal_pro_gripper_simulation/share/pal_pro_gripper_simulation/package.bash'
[3.245s] INFO:colcon.colcon_core.shell:Creating package script '/opt/erc_ws/install/pal_pro_gripper_simulation/share/pal_pro_gripper_simulation/package.zsh'
[3.245s] Level 1:colcon.colcon_core.environment:create_file_with_runtime_dependencies(/opt/erc_ws/install/pal_pro_gripper_simulation/share/colcon-core/packages/pal_pro_gripper_simulation)
[3.246s] Level 1:colcon.colcon_core.environment:create_environment_scripts_only(pal_pro_gripper_simulation)
[3.246s] Level 1:colcon.colcon_core.environment:checking '/opt/erc_ws/install/pal_pro_gripper_simulation' for CMake module files
[3.247s] Level 1:colcon.colcon_core.environment:checking '/opt/erc_ws/install/pal_pro_gripper_simulation' for CMake config files
[3.247s] Level 1:colcon.colcon_core.shell:create_environment_hook('pal_pro_gripper_simulation', 'cmake_prefix_path')
[3.247s] INFO:colcon.colcon_core.shell:Creating environment hook '/opt/erc_ws/install/pal_pro_gripper_simulation/share/pal_pro_gripper_simulation/hook/cmake_prefix_path.ps1'
[3.247s] INFO:colcon.colcon_core.shell:Creating environment descriptor '/opt/erc_ws/install/pal_pro_gripper_simulation/share/pal_pro_gripper_simulation/hook/cmake_prefix_path.dsv'
[3.247s] INFO:colcon.colcon_core.shell:Creating environment hook '/opt/erc_ws/install/pal_pro_gripper_simulation/share/pal_pro_gripper_simulation/hook/cmake_prefix_path.sh'
[3.248s] Level 1:colcon.colcon_core.environment:checking '/opt/erc_ws/install/pal_pro_gripper_simulation/bin'
[3.248s] Level 1:colcon.colcon_core.environment:checking '/opt/erc_ws/install/pal_pro_gripper_simulation/lib/pkgconfig/pal_pro_gripper_simulation.pc'
[3.248s] Level 1:colcon.colcon_core.environment:checking '/opt/erc_ws/install/pal_pro_gripper_simulation/lib/python3.10/site-packages'
[3.248s] Level 1:colcon.colcon_core.environment:checking '/opt/erc_ws/install/pal_pro_gripper_simulation/bin'
[3.248s] INFO:colcon.colcon_core.shell:Creating package script '/opt/erc_ws/install/pal_pro_gripper_simulation/share/pal_pro_gripper_simulation/package.ps1'
[3.249s] INFO:colcon.colcon_core.shell:Creating package descriptor '/opt/erc_ws/install/pal_pro_gripper_simulation/share/pal_pro_gripper_simulation/package.dsv'
[3.249s] INFO:colcon.colcon_core.shell:Creating package script '/opt/erc_ws/install/pal_pro_gripper_simulation/share/pal_pro_gripper_simulation/package.sh'
[3.250s] INFO:colcon.colcon_core.shell:Creating package script '/opt/erc_ws/install/pal_pro_gripper_simulation/share/pal_pro_gripper_simulation/package.bash'
[3.250s] INFO:colcon.colcon_core.shell:Creating package script '/opt/erc_ws/install/pal_pro_gripper_simulation/share/pal_pro_gripper_simulation/package.zsh'
[3.250s] Level 1:colcon.colcon_core.environment:create_file_with_runtime_dependencies(/opt/erc_ws/install/pal_pro_gripper_simulation/share/colcon-core/packages/pal_pro_gripper_simulation)
[3.251s] INFO:colcon.colcon_ros.task.ament_cmake.build:Building ROS package in '/opt/erc_ws/src/pal_sea_arm/pal_sea_arm_description' with build type 'ament_cmake'
[3.251s] INFO:colcon.colcon_cmake.task.cmake.build:Building CMake package in '/opt/erc_ws/src/pal_sea_arm/pal_sea_arm_description'
[3.251s] INFO:colcon.colcon_core.shell:Skip shell extension 'powershell' for command environment: Not usable outside of PowerShell
[3.251s] DEBUG:colcon.colcon_core.shell:Skip shell extension 'dsv' for command environment
[3.258s] INFO:colcon.colcon_ros.task.ament_cmake.build:Building ROS package in '/opt/erc_ws/src/tiago_pro_robot/tiago_pro_controller_configuration' with build type 'ament_cmake'
[3.258s] INFO:colcon.colcon_cmake.task.cmake.build:Building CMake package in '/opt/erc_ws/src/tiago_pro_robot/tiago_pro_controller_configuration'
[3.258s] INFO:colcon.colcon_core.shell:Skip shell extension 'powershell' for command environment: Not usable outside of PowerShell
[3.258s] DEBUG:colcon.colcon_core.shell:Skip shell extension 'dsv' for command environment
[3.262s] INFO:colcon.colcon_ros.task.ament_cmake.build:Building ROS package in '/opt/erc_ws/src/omni_base_robot/omni_base_bringup' with build type 'ament_cmake'
[3.262s] INFO:colcon.colcon_cmake.task.cmake.build:Building CMake package in '/opt/erc_ws/src/omni_base_robot/omni_base_bringup'
[3.263s] INFO:colcon.colcon_core.shell:Skip shell extension 'powershell' for command environment: Not usable outside of PowerShell
[3.263s] DEBUG:colcon.colcon_core.shell:Skip shell extension 'dsv' for command environment
[3.271s] DEBUG:colcon.colcon_core.event_handler.log_command:Invoking command in '/opt/erc_ws/build/pal_sea_arm_description': AMENT_PREFIX_PATH=/opt/erc_ws/install/pal_sea_arm_controller_configuration:/opt/erc_ws/install/pal_pro_gripper_description:/opt/erc_ws/install/pal_pro_gripper_controller_configuration:/opt/erc_ws/install/pal_urdf_utils:/opt/erc_ws/install/pal_pro_gripper_wrapper:/opt/erc_ws/install/launch_pal:${AMENT_PREFIX_PATH} CMAKE_PREFIX_PATH=/opt/erc_ws/install/pal_sea_arm_controller_configuration:/opt/erc_ws/install/pal_pro_gripper_description:/opt/erc_ws/install/pal_pro_gripper_controller_configuration:/opt/erc_ws/install/pal_urdf_utils:/opt/erc_ws/install/erc_solution:/opt/ros/humble PYTHONPATH=/opt/erc_ws/install/pal_pro_gripper_description/local/lib/python3.10/dist-packages:/opt/erc_ws/install/pal_pro_gripper_wrapper/lib/python3.10/site-packages:/opt/erc_ws/install/launch_pal/lib/python3.10/site-packages:${PYTHONPATH} /usr/bin/cmake /opt/erc_ws/src/pal_sea_arm/pal_sea_arm_description -DCMAKE_INSTALL_PREFIX=/opt/erc_ws/install/pal_sea_arm_description
[3.276s] DEBUG:colcon.colcon_core.event_handler.log_command:Invoking command in '/opt/erc_ws/build/tiago_pro_controller_configuration': AMENT_PREFIX_PATH=/opt/erc_ws/install/pal_sea_arm_controller_configuration:/opt/erc_ws/install/tiago_pro_head_controller_configuration:/opt/erc_ws/install/pal_pro_gripper_controller_configuration:/opt/erc_ws/install/pal_pro_gripper_wrapper:/opt/erc_ws/install/omni_base_controller_configuration:/opt/erc_ws/install/launch_pal:${AMENT_PREFIX_PATH} CMAKE_PREFIX_PATH=/opt/erc_ws/install/pal_sea_arm_controller_configuration:/opt/erc_ws/install/tiago_pro_head_controller_configuration:/opt/erc_ws/install/pal_pro_gripper_controller_configuration:/opt/erc_ws/install/omni_base_controller_configuration:/opt/erc_ws/install/erc_solution:/opt/ros/humble PYTHONPATH=/opt/erc_ws/install/pal_pro_gripper_wrapper/lib/python3.10/site-packages:/opt/erc_ws/install/launch_pal/lib/python3.10/site-packages:${PYTHONPATH} /usr/bin/cmake /opt/erc_ws/src/tiago_pro_robot/tiago_pro_controller_configuration -DCMAKE_INSTALL_PREFIX=/opt/erc_ws/install/tiago_pro_controller_configuration
[3.282s] DEBUG:colcon.colcon_core.event_handler.log_command:Invoking command in '/opt/erc_ws/build/omni_base_bringup': AMENT_PREFIX_PATH=/opt/erc_ws/install/omni_base_description:/opt/erc_ws/install/pal_urdf_utils:/opt/erc_ws/install/omni_base_controller_configuration:/opt/erc_ws/install/launch_pal:${AMENT_PREFIX_PATH} CMAKE_PREFIX_PATH=/opt/erc_ws/install/omni_base_description:/opt/erc_ws/install/pal_urdf_utils:/opt/erc_ws/install/omni_base_controller_configuration:/opt/erc_ws/install/erc_solution:/opt/ros/humble PYTHONPATH=/opt/erc_ws/install/omni_base_description/local/lib/python3.10/dist-packages:/opt/erc_ws/install/launch_pal/lib/python3.10/site-packages:${PYTHONPATH} /usr/bin/cmake /opt/erc_ws/src/omni_base_robot/omni_base_bringup -DCMAKE_INSTALL_PREFIX=/opt/erc_ws/install/omni_base_bringup
[3.354s] DEBUG:colcon.colcon_core.event_handler.log_command:Invoked command in '/opt/erc_ws/build/gz_ros2_control' returned '0': CMAKE_PREFIX_PATH=/opt/erc_ws/install/erc_solution:/opt/ros/humble /usr/bin/cmake /opt/erc_ws/src/gz_ros2_control/gz_ros2_control -DCMAKE_INSTALL_PREFIX=/opt/erc_ws/install/gz_ros2_control
[3.356s] DEBUG:colcon.colcon_core.event_handler.log_command:Invoking command in '/opt/erc_ws/build/gz_ros2_control': CMAKE_PREFIX_PATH=/opt/erc_ws/install/erc_solution:/opt/ros/humble /usr/bin/cmake --build /opt/erc_ws/build/gz_ros2_control -- -j16 -l16
[3.438s] DEBUG:colcon.colcon_core.event_handler.log_command:Invoked command in '/opt/erc_ws/build/tiago_pro_head_description' returned '0': AMENT_PREFIX_PATH=/opt/erc_ws/install/tiago_pro_head_controller_configuration:/opt/erc_ws/install/pal_urdf_utils:/opt/erc_ws/install/launch_pal:${AMENT_PREFIX_PATH} CMAKE_PREFIX_PATH=/opt/erc_ws/install/tiago_pro_head_controller_configuration:/opt/erc_ws/install/pal_urdf_utils:/opt/erc_ws/install/erc_solution:/opt/ros/humble PYTHONPATH=/opt/erc_ws/install/launch_pal/lib/python3.10/site-packages:${PYTHONPATH} /usr/bin/cmake /opt/erc_ws/src/tiago_pro_head_robot/tiago_pro_head_description -DCMAKE_INSTALL_PREFIX=/opt/erc_ws/install/tiago_pro_head_description
[3.440s] DEBUG:colcon.colcon_core.event_handler.log_command:Invoking command in '/opt/erc_ws/build/tiago_pro_head_description': AMENT_PREFIX_PATH=/opt/erc_ws/install/tiago_pro_head_controller_configuration:/opt/erc_ws/install/pal_urdf_utils:/opt/erc_ws/install/launch_pal:${AMENT_PREFIX_PATH} CMAKE_PREFIX_PATH=/opt/erc_ws/install/tiago_pro_head_controller_configuration:/opt/erc_ws/install/pal_urdf_utils:/opt/erc_ws/install/erc_solution:/opt/ros/humble PYTHONPATH=/opt/erc_ws/install/launch_pal/lib/python3.10/site-packages:${PYTHONPATH} /usr/bin/cmake --build /opt/erc_ws/build/tiago_pro_head_description -- -j16 -l16
[3.699s] DEBUG:colcon.colcon_core.event_handler.log_command:Invoked command in '/opt/erc_ws/build/tiago_pro_head_description' returned '0': AMENT_PREFIX_PATH=/opt/erc_ws/install/tiago_pro_head_controller_configuration:/opt/erc_ws/install/pal_urdf_utils:/opt/erc_ws/install/launch_pal:${AMENT_PREFIX_PATH} CMAKE_PREFIX_PATH=/opt/erc_ws/install/tiago_pro_head_controller_configuration:/opt/erc_ws/install/pal_urdf_utils:/opt/erc_ws/install/erc_solution:/opt/ros/humble PYTHONPATH=/opt/erc_ws/install/launch_pal/lib/python3.10/site-packages:${PYTHONPATH} /usr/bin/cmake --build /opt/erc_ws/build/tiago_pro_head_description -- -j16 -l16
[3.701s] DEBUG:colcon.colcon_core.event_handler.log_command:Invoking command in '/opt/erc_ws/build/tiago_pro_head_description': AMENT_PREFIX_PATH=/opt/erc_ws/install/tiago_pro_head_controller_configuration:/opt/erc_ws/install/pal_urdf_utils:/opt/erc_ws/install/launch_pal:${AMENT_PREFIX_PATH} CMAKE_PREFIX_PATH=/opt/erc_ws/install/tiago_pro_head_controller_configuration:/opt/erc_ws/install/pal_urdf_utils:/opt/erc_ws/install/erc_solution:/opt/ros/humble PYTHONPATH=/opt/erc_ws/install/launch_pal/lib/python3.10/site-packages:${PYTHONPATH} /usr/bin/cmake --install /opt/erc_ws/build/tiago_pro_head_description
[3.778s] Level 1:colcon.colcon_core.environment:create_environment_scripts_only(tiago_pro_head_description)
[3.779s] Level 1:colcon.colcon_core.environment:checking '/opt/erc_ws/install/tiago_pro_head_description' for CMake module files
[3.779s] DEBUG:colcon.colcon_core.event_handler.log_command:Invoked command in '/opt/erc_ws/build/tiago_pro_head_description' returned '0': AMENT_PREFIX_PATH=/opt/erc_ws/install/tiago_pro_head_controller_configuration:/opt/erc_ws/install/pal_urdf_utils:/opt/erc_ws/install/launch_pal:${AMENT_PREFIX_PATH} CMAKE_PREFIX_PATH=/opt/erc_ws/install/tiago_pro_head_controller_configuration:/opt/erc_ws/install/pal_urdf_utils:/opt/erc_ws/install/erc_solution:/opt/ros/humble PYTHONPATH=/opt/erc_ws/install/launch_pal/lib/python3.10/site-packages:${PYTHONPATH} /usr/bin/cmake --install /opt/erc_ws/build/tiago_pro_head_description
[3.781s] Level 1:colcon.colcon_core.environment:checking '/opt/erc_ws/install/tiago_pro_head_description' for CMake config files
[3.781s] Level 1:colcon.colcon_core.shell:create_environment_hook('tiago_pro_head_description', 'cmake_prefix_path')
[3.781s] INFO:colcon.colcon_core.shell:Creating environment hook '/opt/erc_ws/install/tiago_pro_head_description/share/tiago_pro_head_description/hook/cmake_prefix_path.ps1'
[3.782s] INFO:colcon.colcon_core.shell:Creating environment descriptor '/opt/erc_ws/install/tiago_pro_head_description/share/tiago_pro_head_description/hook/cmake_prefix_path.dsv'
[3.782s] INFO:colcon.colcon_core.shell:Creating environment hook '/opt/erc_ws/install/tiago_pro_head_description/share/tiago_pro_head_description/hook/cmake_prefix_path.sh'
[3.783s] Level 1:colcon.colcon_core.environment:checking '/opt/erc_ws/install/tiago_pro_head_description/bin'
[3.783s] Level 1:colcon.colcon_core.environment:checking '/opt/erc_ws/install/tiago_pro_head_description/lib/pkgconfig/tiago_pro_head_description.pc'
[3.783s] Level 1:colcon.colcon_core.environment:checking '/opt/erc_ws/install/tiago_pro_head_description/lib/python3.10/site-packages'
[3.783s] Level 1:colcon.colcon_core.environment:checking '/opt/erc_ws/install/tiago_pro_head_description/bin'
[3.783s] INFO:colcon.colcon_core.shell:Creating package script '/opt/erc_ws/install/tiago_pro_head_description/share/tiago_pro_head_description/package.ps1'
[3.784s] INFO:colcon.colcon_core.shell:Creating package descriptor '/opt/erc_ws/install/tiago_pro_head_description/share/tiago_pro_head_description/package.dsv'
[3.785s] INFO:colcon.colcon_core.shell:Creating package script '/opt/erc_ws/install/tiago_pro_head_description/share/tiago_pro_head_description/package.sh'
[3.785s] INFO:colcon.colcon_core.shell:Creating package script '/opt/erc_ws/install/tiago_pro_head_description/share/tiago_pro_head_description/package.bash'
[3.785s] INFO:colcon.colcon_core.shell:Creating package script '/opt/erc_ws/install/tiago_pro_head_description/share/tiago_pro_head_description/package.zsh'
[3.786s] Level 1:colcon.colcon_core.environment:create_file_with_runtime_dependencies(/opt/erc_ws/install/tiago_pro_head_description/share/colcon-core/packages/tiago_pro_head_description)
[3.786s] Level 1:colcon.colcon_core.environment:create_environment_scripts_only(tiago_pro_head_description)
[3.787s] Level 1:colcon.colcon_core.environment:checking '/opt/erc_ws/install/tiago_pro_head_description' for CMake module files
[3.787s] Level 1:colcon.colcon_core.environment:checking '/opt/erc_ws/install/tiago_pro_head_description' for CMake config files
[3.787s] Level 1:colcon.colcon_core.shell:create_environment_hook('tiago_pro_head_description', 'cmake_prefix_path')
[3.787s] INFO:colcon.colcon_core.shell:Creating environment hook '/opt/erc_ws/install/tiago_pro_head_description/share/tiago_pro_head_description/hook/cmake_prefix_path.ps1'
[3.788s] INFO:colcon.colcon_core.shell:Creating environment descriptor '/opt/erc_ws/install/tiago_pro_head_description/share/tiago_pro_head_description/hook/cmake_prefix_path.dsv'
[3.788s] INFO:colcon.colcon_core.shell:Creating environment hook '/opt/erc_ws/install/tiago_pro_head_description/share/tiago_pro_head_description/hook/cmake_prefix_path.sh'
[3.789s] Level 1:colcon.colcon_core.environment:checking '/opt/erc_ws/install/tiago_pro_head_description/bin'
[3.789s] Level 1:colcon.colcon_core.environment:checking '/opt/erc_ws/install/tiago_pro_head_description/lib/pkgconfig/tiago_pro_head_description.pc'
[3.789s] Level 1:colcon.colcon_core.environment:checking '/opt/erc_ws/install/tiago_pro_head_description/lib/python3.10/site-packages'
[3.789s] Level 1:colcon.colcon_core.environment:checking '/opt/erc_ws/install/tiago_pro_head_description/bin'
[3.789s] INFO:colcon.colcon_core.shell:Creating package script '/opt/erc_ws/install/tiago_pro_head_description/share/tiago_pro_head_description/package.ps1'
[3.790s] INFO:colcon.colcon_core.shell:Creating package descriptor '/opt/erc_ws/install/tiago_pro_head_description/share/tiago_pro_head_description/package.dsv'
[3.790s] INFO:colcon.colcon_core.shell:Creating package script '/opt/erc_ws/install/tiago_pro_head_description/share/tiago_pro_head_description/package.sh'
[3.791s] INFO:colcon.colcon_core.shell:Creating package script '/opt/erc_ws/install/tiago_pro_head_description/share/tiago_pro_head_description/package.bash'
[3.791s] INFO:colcon.colcon_core.shell:Creating package script '/opt/erc_ws/install/tiago_pro_head_description/share/tiago_pro_head_description/package.zsh'
[3.791s] Level 1:colcon.colcon_core.environment:create_file_with_runtime_dependencies(/opt/erc_ws/install/tiago_pro_head_description/share/colcon-core/packages/tiago_pro_head_description)
[3.792s] INFO:colcon.colcon_ros.task.ament_cmake.build:Building ROS package in '/opt/erc_ws/src/tiago_pro_head_robot/tiago_pro_head_bringup' with build type 'ament_cmake'
[3.792s] INFO:colcon.colcon_cmake.task.cmake.build:Building CMake package in '/opt/erc_ws/src/tiago_pro_head_robot/tiago_pro_head_bringup'
[3.792s] INFO:colcon.colcon_core.shell:Skip shell extension 'powershell' for command environment: Not usable outside of PowerShell
[3.792s] DEBUG:colcon.colcon_core.shell:Skip shell extension 'dsv' for command environment
[3.809s] DEBUG:colcon.colcon_core.event_handler.log_command:Invoking command in '/opt/erc_ws/build/tiago_pro_head_bringup': AMENT_PREFIX_PATH=/opt/erc_ws/install/tiago_pro_head_description:/opt/erc_ws/install/tiago_pro_head_controller_configuration:/opt/erc_ws/install/pal_urdf_utils:/opt/erc_ws/install/launch_pal:${AMENT_PREFIX_PATH} CMAKE_PREFIX_PATH=/opt/erc_ws/install/tiago_pro_head_description:/opt/erc_ws/install/tiago_pro_head_controller_configuration:/opt/erc_ws/install/pal_urdf_utils:/opt/erc_ws/install/erc_solution:/opt/ros/humble PYTHONPATH=/opt/erc_ws/install/tiago_pro_head_description/local/lib/python3.10/dist-packages:/opt/erc_ws/install/launch_pal/lib/python3.10/site-packages:${PYTHONPATH} /usr/bin/cmake /opt/erc_ws/src/tiago_pro_head_robot/tiago_pro_head_bringup -DCMAKE_INSTALL_PREFIX=/opt/erc_ws/install/tiago_pro_head_bringup
[3.830s] DEBUG:colcon.colcon_core.event_handler.log_command:Invoked command in '/opt/erc_ws/build/tiago_pro_controller_configuration' returned '0': AMENT_PREFIX_PATH=/opt/erc_ws/install/pal_sea_arm_controller_configuration:/opt/erc_ws/install/tiago_pro_head_controller_configuration:/opt/erc_ws/install/pal_pro_gripper_controller_configuration:/opt/erc_ws/install/pal_pro_gripper_wrapper:/opt/erc_ws/install/omni_base_controller_configuration:/opt/erc_ws/install/launch_pal:${AMENT_PREFIX_PATH} CMAKE_PREFIX_PATH=/opt/erc_ws/install/pal_sea_arm_controller_configuration:/opt/erc_ws/install/tiago_pro_head_controller_configuration:/opt/erc_ws/install/pal_pro_gripper_controller_configuration:/opt/erc_ws/install/omni_base_controller_configuration:/opt/erc_ws/install/erc_solution:/opt/ros/humble PYTHONPATH=/opt/erc_ws/install/pal_pro_gripper_wrapper/lib/python3.10/site-packages:/opt/erc_ws/install/launch_pal/lib/python3.10/site-packages:${PYTHONPATH} /usr/bin/cmake /opt/erc_ws/src/tiago_pro_robot/tiago_pro_controller_configuration -DCMAKE_INSTALL_PREFIX=/opt/erc_ws/install/tiago_pro_controller_configuration
[3.833s] DEBUG:colcon.colcon_core.event_handler.log_command:Invoking command in '/opt/erc_ws/build/tiago_pro_controller_configuration': AMENT_PREFIX_PATH=/opt/erc_ws/install/pal_sea_arm_controller_configuration:/opt/erc_ws/install/tiago_pro_head_controller_configuration:/opt/erc_ws/install/pal_pro_gripper_controller_configuration:/opt/erc_ws/install/pal_pro_gripper_wrapper:/opt/erc_ws/install/omni_base_controller_configuration:/opt/erc_ws/install/launch_pal:${AMENT_PREFIX_PATH} CMAKE_PREFIX_PATH=/opt/erc_ws/install/pal_sea_arm_controller_configuration:/opt/erc_ws/install/tiago_pro_head_controller_configuration:/opt/erc_ws/install/pal_pro_gripper_controller_configuration:/opt/erc_ws/install/omni_base_controller_configuration:/opt/erc_ws/install/erc_solution:/opt/ros/humble PYTHONPATH=/opt/erc_ws/install/pal_pro_gripper_wrapper/lib/python3.10/site-packages:/opt/erc_ws/install/launch_pal/lib/python3.10/site-packages:${PYTHONPATH} /usr/bin/cmake --build /opt/erc_ws/build/tiago_pro_controller_configuration -- -j16 -l16
[3.846s] DEBUG:colcon.colcon_core.event_handler.log_command:Invoked command in '/opt/erc_ws/build/omni_base_bringup' returned '0': AMENT_PREFIX_PATH=/opt/erc_ws/install/omni_base_description:/opt/erc_ws/install/pal_urdf_utils:/opt/erc_ws/install/omni_base_controller_configuration:/opt/erc_ws/install/launch_pal:${AMENT_PREFIX_PATH} CMAKE_PREFIX_PATH=/opt/erc_ws/install/omni_base_description:/opt/erc_ws/install/pal_urdf_utils:/opt/erc_ws/install/omni_base_controller_configuration:/opt/erc_ws/install/erc_solution:/opt/ros/humble PYTHONPATH=/opt/erc_ws/install/omni_base_description/local/lib/python3.10/dist-packages:/opt/erc_ws/install/launch_pal/lib/python3.10/site-packages:${PYTHONPATH} /usr/bin/cmake /opt/erc_ws/src/omni_base_robot/omni_base_bringup -DCMAKE_INSTALL_PREFIX=/opt/erc_ws/install/omni_base_bringup
[3.848s] DEBUG:colcon.colcon_core.event_handler.log_command:Invoking command in '/opt/erc_ws/build/omni_base_bringup': AMENT_PREFIX_PATH=/opt/erc_ws/install/omni_base_description:/opt/erc_ws/install/pal_urdf_utils:/opt/erc_ws/install/omni_base_controller_configuration:/opt/erc_ws/install/launch_pal:${AMENT_PREFIX_PATH} CMAKE_PREFIX_PATH=/opt/erc_ws/install/omni_base_description:/opt/erc_ws/install/pal_urdf_utils:/opt/erc_ws/install/omni_base_controller_configuration:/opt/erc_ws/install/erc_solution:/opt/ros/humble PYTHONPATH=/opt/erc_ws/install/omni_base_description/local/lib/python3.10/dist-packages:/opt/erc_ws/install/launch_pal/lib/python3.10/site-packages:${PYTHONPATH} /usr/bin/cmake --build /opt/erc_ws/build/omni_base_bringup -- -j16 -l16
[3.867s] DEBUG:colcon.colcon_core.event_handler.log_command:Invoked command in '/opt/erc_ws/build/tiago_pro_controller_configuration' returned '0': AMENT_PREFIX_PATH=/opt/erc_ws/install/pal_sea_arm_controller_configuration:/opt/erc_ws/install/tiago_pro_head_controller_configuration:/opt/erc_ws/install/pal_pro_gripper_controller_configuration:/opt/erc_ws/install/pal_pro_gripper_wrapper:/opt/erc_ws/install/omni_base_controller_configuration:/opt/erc_ws/install/launch_pal:${AMENT_PREFIX_PATH} CMAKE_PREFIX_PATH=/opt/erc_ws/install/pal_sea_arm_controller_configuration:/opt/erc_ws/install/tiago_pro_head_controller_configuration:/opt/erc_ws/install/pal_pro_gripper_controller_configuration:/opt/erc_ws/install/omni_base_controller_configuration:/opt/erc_ws/install/erc_solution:/opt/ros/humble PYTHONPATH=/opt/erc_ws/install/pal_pro_gripper_wrapper/lib/python3.10/site-packages:/opt/erc_ws/install/launch_pal/lib/python3.10/site-packages:${PYTHONPATH} /usr/bin/cmake --build /opt/erc_ws/build/tiago_pro_controller_configuration -- -j16 -l16
[3.869s] DEBUG:colcon.colcon_core.event_handler.log_command:Invoking command in '/opt/erc_ws/build/tiago_pro_controller_configuration': AMENT_PREFIX_PATH=/opt/erc_ws/install/pal_sea_arm_controller_configuration:/opt/erc_ws/install/tiago_pro_head_controller_configuration:/opt/erc_ws/install/pal_pro_gripper_controller_configuration:/opt/erc_ws/install/pal_pro_gripper_wrapper:/opt/erc_ws/install/omni_base_controller_configuration:/opt/erc_ws/install/launch_pal:${AMENT_PREFIX_PATH} CMAKE_PREFIX_PATH=/opt/erc_ws/install/pal_sea_arm_controller_configuration:/opt/erc_ws/install/tiago_pro_head_controller_configuration:/opt/erc_ws/install/pal_pro_gripper_controller_configuration:/opt/erc_ws/install/omni_base_controller_configuration:/opt/erc_ws/install/erc_solution:/opt/ros/humble PYTHONPATH=/opt/erc_ws/install/pal_pro_gripper_wrapper/lib/python3.10/site-packages:/opt/erc_ws/install/launch_pal/lib/python3.10/site-packages:${PYTHONPATH} /usr/bin/cmake --install /opt/erc_ws/build/tiago_pro_controller_configuration
[3.903s] DEBUG:colcon.colcon_core.event_handler.log_command:Invoked command in '/opt/erc_ws/build/omni_base_bringup' returned '0': AMENT_PREFIX_PATH=/opt/erc_ws/install/omni_base_description:/opt/erc_ws/install/pal_urdf_utils:/opt/erc_ws/install/omni_base_controller_configuration:/opt/erc_ws/install/launch_pal:${AMENT_PREFIX_PATH} CMAKE_PREFIX_PATH=/opt/erc_ws/install/omni_base_description:/opt/erc_ws/install/pal_urdf_utils:/opt/erc_ws/install/omni_base_controller_configuration:/opt/erc_ws/install/erc_solution:/opt/ros/humble PYTHONPATH=/opt/erc_ws/install/omni_base_description/local/lib/python3.10/dist-packages:/opt/erc_ws/install/launch_pal/lib/python3.10/site-packages:${PYTHONPATH} /usr/bin/cmake --build /opt/erc_ws/build/omni_base_bringup -- -j16 -l16
[3.906s] Level 1:colcon.colcon_core.environment:create_environment_scripts_only(tiago_pro_controller_configuration)
[3.906s] Level 1:colcon.colcon_core.environment:checking '/opt/erc_ws/install/tiago_pro_controller_configuration' for CMake module files
[3.909s] DEBUG:colcon.colcon_core.event_handler.log_command:Invoking command in '/opt/erc_ws/build/omni_base_bringup': AMENT_PREFIX_PATH=/opt/erc_ws/install/omni_base_description:/opt/erc_ws/install/pal_urdf_utils:/opt/erc_ws/install/omni_base_controller_configuration:/opt/erc_ws/install/launch_pal:${AMENT_PREFIX_PATH} CMAKE_PREFIX_PATH=/opt/erc_ws/install/omni_base_description:/opt/erc_ws/install/pal_urdf_utils:/opt/erc_ws/install/omni_base_controller_configuration:/opt/erc_ws/install/erc_solution:/opt/ros/humble PYTHONPATH=/opt/erc_ws/install/omni_base_description/local/lib/python3.10/dist-packages:/opt/erc_ws/install/launch_pal/lib/python3.10/site-packages:${PYTHONPATH} /usr/bin/cmake --install /opt/erc_ws/build/omni_base_bringup
[3.915s] Level 1:colcon.colcon_core.environment:checking '/opt/erc_ws/install/tiago_pro_controller_configuration' for CMake config files
[3.916s] DEBUG:colcon.colcon_core.event_handler.log_command:Invoked command in '/opt/erc_ws/build/tiago_pro_controller_configuration' returned '0': AMENT_PREFIX_PATH=/opt/erc_ws/install/pal_sea_arm_controller_configuration:/opt/erc_ws/install/tiago_pro_head_controller_configuration:/opt/erc_ws/install/pal_pro_gripper_controller_configuration:/opt/erc_ws/install/pal_pro_gripper_wrapper:/opt/erc_ws/install/omni_base_controller_configuration:/opt/erc_ws/install/launch_pal:${AMENT_PREFIX_PATH} CMAKE_PREFIX_PATH=/opt/erc_ws/install/pal_sea_arm_controller_configuration:/opt/erc_ws/install/tiago_pro_head_controller_configuration:/opt/erc_ws/install/pal_pro_gripper_controller_configuration:/opt/erc_ws/install/omni_base_controller_configuration:/opt/erc_ws/install/erc_solution:/opt/ros/humble PYTHONPATH=/opt/erc_ws/install/pal_pro_gripper_wrapper/lib/python3.10/site-packages:/opt/erc_ws/install/launch_pal/lib/python3.10/site-packages:${PYTHONPATH} /usr/bin/cmake --install /opt/erc_ws/build/tiago_pro_controller_configuration
[3.919s] Level 1:colcon.colcon_core.shell:create_environment_hook('tiago_pro_controller_configuration', 'cmake_prefix_path')
[3.920s] INFO:colcon.colcon_core.shell:Creating environment hook '/opt/erc_ws/install/tiago_pro_controller_configuration/share/tiago_pro_controller_configuration/hook/cmake_prefix_path.ps1'
[3.921s] INFO:colcon.colcon_core.shell:Creating environment descriptor '/opt/erc_ws/install/tiago_pro_controller_configuration/share/tiago_pro_controller_configuration/hook/cmake_prefix_path.dsv'
[3.921s] INFO:colcon.colcon_core.shell:Creating environment hook '/opt/erc_ws/install/tiago_pro_controller_configuration/share/tiago_pro_controller_configuration/hook/cmake_prefix_path.sh'
[3.922s] Level 1:colcon.colcon_core.environment:checking '/opt/erc_ws/install/tiago_pro_controller_configuration/bin'
[3.922s] Level 1:colcon.colcon_core.environment:checking '/opt/erc_ws/install/tiago_pro_controller_configuration/lib/pkgconfig/tiago_pro_controller_configuration.pc'
[3.922s] Level 1:colcon.colcon_core.environment:checking '/opt/erc_ws/install/tiago_pro_controller_configuration/lib/python3.10/site-packages'
[3.922s] Level 1:colcon.colcon_core.environment:checking '/opt/erc_ws/install/tiago_pro_controller_configuration/bin'
[3.923s] INFO:colcon.colcon_core.shell:Creating package script '/opt/erc_ws/install/tiago_pro_controller_configuration/share/tiago_pro_controller_configuration/package.ps1'
[3.923s] INFO:colcon.colcon_core.shell:Creating package descriptor '/opt/erc_ws/install/tiago_pro_controller_configuration/share/tiago_pro_controller_configuration/package.dsv'
[3.924s] INFO:colcon.colcon_core.shell:Creating package script '/opt/erc_ws/install/tiago_pro_controller_configuration/share/tiago_pro_controller_configuration/package.sh'
[3.924s] INFO:colcon.colcon_core.shell:Creating package script '/opt/erc_ws/install/tiago_pro_controller_configuration/share/tiago_pro_controller_configuration/package.bash'
[3.925s] INFO:colcon.colcon_core.shell:Creating package script '/opt/erc_ws/install/tiago_pro_controller_configuration/share/tiago_pro_controller_configuration/package.zsh'
[3.925s] Level 1:colcon.colcon_core.environment:create_file_with_runtime_dependencies(/opt/erc_ws/install/tiago_pro_controller_configuration/share/colcon-core/packages/tiago_pro_controller_configuration)
[3.926s] Level 1:colcon.colcon_core.environment:create_environment_scripts_only(tiago_pro_controller_configuration)
[3.926s] Level 1:colcon.colcon_core.environment:checking '/opt/erc_ws/install/tiago_pro_controller_configuration' for CMake module files
[3.926s] Level 1:colcon.colcon_core.environment:checking '/opt/erc_ws/install/tiago_pro_controller_configuration' for CMake config files
[3.926s] Level 1:colcon.colcon_core.shell:create_environment_hook('tiago_pro_controller_configuration', 'cmake_prefix_path')
[3.926s] INFO:colcon.colcon_core.shell:Creating environment hook '/opt/erc_ws/install/tiago_pro_controller_configuration/share/tiago_pro_controller_configuration/hook/cmake_prefix_path.ps1'
[3.927s] INFO:colcon.colcon_core.shell:Creating environment descriptor '/opt/erc_ws/install/tiago_pro_controller_configuration/share/tiago_pro_controller_configuration/hook/cmake_prefix_path.dsv'
[3.927s] INFO:colcon.colcon_core.shell:Creating environment hook '/opt/erc_ws/install/tiago_pro_controller_configuration/share/tiago_pro_controller_configuration/hook/cmake_prefix_path.sh'
[3.928s] Level 1:colcon.colcon_core.environment:checking '/opt/erc_ws/install/tiago_pro_controller_configuration/bin'
[3.928s] Level 1:colcon.colcon_core.environment:checking '/opt/erc_ws/install/tiago_pro_controller_configuration/lib/pkgconfig/tiago_pro_controller_configuration.pc'
[3.928s] Level 1:colcon.colcon_core.environment:checking '/opt/erc_ws/install/tiago_pro_controller_configuration/lib/python3.10/site-packages'
[3.928s] Level 1:colcon.colcon_core.environment:checking '/opt/erc_ws/install/tiago_pro_controller_configuration/bin'
[3.929s] INFO:colcon.colcon_core.shell:Creating package script '/opt/erc_ws/install/tiago_pro_controller_configuration/share/tiago_pro_controller_configuration/package.ps1'
[3.929s] INFO:colcon.colcon_core.shell:Creating package descriptor '/opt/erc_ws/install/tiago_pro_controller_configuration/share/tiago_pro_controller_configuration/package.dsv'
[3.930s] INFO:colcon.colcon_core.shell:Creating package script '/opt/erc_ws/install/tiago_pro_controller_configuration/share/tiago_pro_controller_configuration/package.sh'
[3.930s] INFO:colcon.colcon_core.shell:Creating package script '/opt/erc_ws/install/tiago_pro_controller_configuration/share/tiago_pro_controller_configuration/package.bash'
[3.930s] INFO:colcon.colcon_core.shell:Creating package script '/opt/erc_ws/install/tiago_pro_controller_configuration/share/tiago_pro_controller_configuration/package.zsh'
[3.930s] Level 1:colcon.colcon_core.environment:create_file_with_runtime_dependencies(/opt/erc_ws/install/tiago_pro_controller_configuration/share/colcon-core/packages/tiago_pro_controller_configuration)
[3.932s] Level 1:colcon.colcon_core.environment:create_environment_scripts_only(omni_base_bringup)
[3.933s] Level 1:colcon.colcon_core.environment:checking '/opt/erc_ws/install/omni_base_bringup' for CMake module files
[3.934s] DEBUG:colcon.colcon_core.event_handler.log_command:Invoked command in '/opt/erc_ws/build/omni_base_bringup' returned '0': AMENT_PREFIX_PATH=/opt/erc_ws/install/omni_base_description:/opt/erc_ws/install/pal_urdf_utils:/opt/erc_ws/install/omni_base_controller_configuration:/opt/erc_ws/install/launch_pal:${AMENT_PREFIX_PATH} CMAKE_PREFIX_PATH=/opt/erc_ws/install/omni_base_description:/opt/erc_ws/install/pal_urdf_utils:/opt/erc_ws/install/omni_base_controller_configuration:/opt/erc_ws/install/erc_solution:/opt/ros/humble PYTHONPATH=/opt/erc_ws/install/omni_base_description/local/lib/python3.10/dist-packages:/opt/erc_ws/install/launch_pal/lib/python3.10/site-packages:${PYTHONPATH} /usr/bin/cmake --install /opt/erc_ws/build/omni_base_bringup
[3.934s] Level 1:colcon.colcon_core.environment:checking '/opt/erc_ws/install/omni_base_bringup' for CMake config files
[3.935s] Level 1:colcon.colcon_core.shell:create_environment_hook('omni_base_bringup', 'cmake_prefix_path')
[3.935s] INFO:colcon.colcon_core.shell:Creating environment hook '/opt/erc_ws/install/omni_base_bringup/share/omni_base_bringup/hook/cmake_prefix_path.ps1'
[3.936s] INFO:colcon.colcon_core.shell:Creating environment descriptor '/opt/erc_ws/install/omni_base_bringup/share/omni_base_bringup/hook/cmake_prefix_path.dsv'
[3.937s] INFO:colcon.colcon_core.shell:Creating environment hook '/opt/erc_ws/install/omni_base_bringup/share/omni_base_bringup/hook/cmake_prefix_path.sh'
[3.937s] Level 1:colcon.colcon_core.environment:checking '/opt/erc_ws/install/omni_base_bringup/bin'
[3.937s] Level 1:colcon.colcon_core.environment:checking '/opt/erc_ws/install/omni_base_bringup/lib/pkgconfig/omni_base_bringup.pc'
[3.937s] Level 1:colcon.colcon_core.environment:checking '/opt/erc_ws/install/omni_base_bringup/lib/python3.10/site-packages'
[3.938s] Level 1:colcon.colcon_core.environment:checking '/opt/erc_ws/install/omni_base_bringup/bin'
[3.938s] INFO:colcon.colcon_core.shell:Creating package script '/opt/erc_ws/install/omni_base_bringup/share/omni_base_bringup/package.ps1'
[3.939s] INFO:colcon.colcon_core.shell:Creating package descriptor '/opt/erc_ws/install/omni_base_bringup/share/omni_base_bringup/package.dsv'
[3.939s] INFO:colcon.colcon_core.shell:Creating package script '/opt/erc_ws/install/omni_base_bringup/share/omni_base_bringup/package.sh'
[3.939s] INFO:colcon.colcon_core.shell:Creating package script '/opt/erc_ws/install/omni_base_bringup/share/omni_base_bringup/package.bash'
[3.940s] INFO:colcon.colcon_core.shell:Creating package script '/opt/erc_ws/install/omni_base_bringup/share/omni_base_bringup/package.zsh'
[3.940s] Level 1:colcon.colcon_core.environment:create_file_with_runtime_dependencies(/opt/erc_ws/install/omni_base_bringup/share/colcon-core/packages/omni_base_bringup)
[3.941s] Level 1:colcon.colcon_core.environment:create_environment_scripts_only(omni_base_bringup)
[3.942s] Level 1:colcon.colcon_core.environment:checking '/opt/erc_ws/install/omni_base_bringup' for CMake module files
[3.942s] Level 1:colcon.colcon_core.environment:checking '/opt/erc_ws/install/omni_base_bringup' for CMake config files
[3.942s] Level 1:colcon.colcon_core.shell:create_environment_hook('omni_base_bringup', 'cmake_prefix_path')
[3.943s] INFO:colcon.colcon_core.shell:Creating environment hook '/opt/erc_ws/install/omni_base_bringup/share/omni_base_bringup/hook/cmake_prefix_path.ps1'
[3.943s] INFO:colcon.colcon_core.shell:Creating environment descriptor '/opt/erc_ws/install/omni_base_bringup/share/omni_base_bringup/hook/cmake_prefix_path.dsv'
[3.944s] INFO:colcon.colcon_core.shell:Creating environment hook '/opt/erc_ws/install/omni_base_bringup/share/omni_base_bringup/hook/cmake_prefix_path.sh'
[3.944s] Level 1:colcon.colcon_core.environment:checking '/opt/erc_ws/install/omni_base_bringup/bin'
[3.944s] Level 1:colcon.colcon_core.environment:checking '/opt/erc_ws/install/omni_base_bringup/lib/pkgconfig/omni_base_bringup.pc'
[3.945s] Level 1:colcon.colcon_core.environment:checking '/opt/erc_ws/install/omni_base_bringup/lib/python3.10/site-packages'
[3.945s] Level 1:colcon.colcon_core.environment:checking '/opt/erc_ws/install/omni_base_bringup/bin'
[3.945s] INFO:colcon.colcon_core.shell:Creating package script '/opt/erc_ws/install/omni_base_bringup/share/omni_base_bringup/package.ps1'
[3.946s] INFO:colcon.colcon_core.shell:Creating package descriptor '/opt/erc_ws/install/omni_base_bringup/share/omni_base_bringup/package.dsv'
[3.946s] INFO:colcon.colcon_core.shell:Creating package script '/opt/erc_ws/install/omni_base_bringup/share/omni_base_bringup/package.sh'
[3.946s] INFO:colcon.colcon_core.shell:Creating package script '/opt/erc_ws/install/omni_base_bringup/share/omni_base_bringup/package.bash'
[3.947s] INFO:colcon.colcon_core.shell:Creating package script '/opt/erc_ws/install/omni_base_bringup/share/omni_base_bringup/package.zsh'
[3.947s] Level 1:colcon.colcon_core.environment:create_file_with_runtime_dependencies(/opt/erc_ws/install/omni_base_bringup/share/colcon-core/packages/omni_base_bringup)
[3.947s] INFO:colcon.colcon_ros.task.ament_cmake.build:Building ROS package in '/opt/erc_ws/src/omni_base_robot/omni_base_robot' with build type 'ament_cmake'
[3.947s] INFO:colcon.colcon_cmake.task.cmake.build:Building CMake package in '/opt/erc_ws/src/omni_base_robot/omni_base_robot'
[3.948s] INFO:colcon.colcon_core.shell:Skip shell extension 'powershell' for command environment: Not usable outside of PowerShell
[3.948s] DEBUG:colcon.colcon_core.shell:Skip shell extension 'dsv' for command environment
[3.965s] DEBUG:colcon.colcon_core.event_handler.log_command:Invoking command in '/opt/erc_ws/build/omni_base_robot': AMENT_PREFIX_PATH=/opt/erc_ws/install/omni_base_bringup:/opt/erc_ws/install/omni_base_description:/opt/erc_ws/install/pal_urdf_utils:/opt/erc_ws/install/omni_base_controller_configuration:/opt/erc_ws/install/launch_pal:${AMENT_PREFIX_PATH} CMAKE_PREFIX_PATH=/opt/erc_ws/install/omni_base_bringup:/opt/erc_ws/install/omni_base_description:/opt/erc_ws/install/pal_urdf_utils:/opt/erc_ws/install/omni_base_controller_configuration:/opt/erc_ws/install/erc_solution:/opt/ros/humble PYTHONPATH=/opt/erc_ws/install/omni_base_description/local/lib/python3.10/dist-packages:/opt/erc_ws/install/launch_pal/lib/python3.10/site-packages:${PYTHONPATH} /usr/bin/cmake /opt/erc_ws/src/omni_base_robot/omni_base_robot -DCMAKE_INSTALL_PREFIX=/opt/erc_ws/install/omni_base_robot
[4.219s] DEBUG:colcon.colcon_core.event_handler.log_command:Invoked command in '/opt/erc_ws/build/pal_sea_arm_description' returned '0': AMENT_PREFIX_PATH=/opt/erc_ws/install/pal_sea_arm_controller_configuration:/opt/erc_ws/install/pal_pro_gripper_description:/opt/erc_ws/install/pal_pro_gripper_controller_configuration:/opt/erc_ws/install/pal_urdf_utils:/opt/erc_ws/install/pal_pro_gripper_wrapper:/opt/erc_ws/install/launch_pal:${AMENT_PREFIX_PATH} CMAKE_PREFIX_PATH=/opt/erc_ws/install/pal_sea_arm_controller_configuration:/opt/erc_ws/install/pal_pro_gripper_description:/opt/erc_ws/install/pal_pro_gripper_controller_configuration:/opt/erc_ws/install/pal_urdf_utils:/opt/erc_ws/install/erc_solution:/opt/ros/humble PYTHONPATH=/opt/erc_ws/install/pal_pro_gripper_description/local/lib/python3.10/dist-packages:/opt/erc_ws/install/pal_pro_gripper_wrapper/lib/python3.10/site-packages:/opt/erc_ws/install/launch_pal/lib/python3.10/site-packages:${PYTHONPATH} /usr/bin/cmake /opt/erc_ws/src/pal_sea_arm/pal_sea_arm_description -DCMAKE_INSTALL_PREFIX=/opt/erc_ws/install/pal_sea_arm_description
[4.219s] DEBUG:colcon.colcon_core.event_handler.log_command:Invoking command in '/opt/erc_ws/build/pal_sea_arm_description': AMENT_PREFIX_PATH=/opt/erc_ws/install/pal_sea_arm_controller_configuration:/opt/erc_ws/install/pal_pro_gripper_description:/opt/erc_ws/install/pal_pro_gripper_controller_configuration:/opt/erc_ws/install/pal_urdf_utils:/opt/erc_ws/install/pal_pro_gripper_wrapper:/opt/erc_ws/install/launch_pal:${AMENT_PREFIX_PATH} CMAKE_PREFIX_PATH=/opt/erc_ws/install/pal_sea_arm_controller_configuration:/opt/erc_ws/install/pal_pro_gripper_description:/opt/erc_ws/install/pal_pro_gripper_controller_configuration:/opt/erc_ws/install/pal_urdf_utils:/opt/erc_ws/install/erc_solution:/opt/ros/humble PYTHONPATH=/opt/erc_ws/install/pal_pro_gripper_description/local/lib/python3.10/dist-packages:/opt/erc_ws/install/pal_pro_gripper_wrapper/lib/python3.10/site-packages:/opt/erc_ws/install/launch_pal/lib/python3.10/site-packages:${PYTHONPATH} /usr/bin/cmake --build /opt/erc_ws/build/pal_sea_arm_description -- -j16 -l16
[4.361s] DEBUG:colcon.colcon_core.event_handler.log_command:Invoked command in '/opt/erc_ws/build/tiago_pro_head_bringup' returned '0': AMENT_PREFIX_PATH=/opt/erc_ws/install/tiago_pro_head_description:/opt/erc_ws/install/tiago_pro_head_controller_configuration:/opt/erc_ws/install/pal_urdf_utils:/opt/erc_ws/install/launch_pal:${AMENT_PREFIX_PATH} CMAKE_PREFIX_PATH=/opt/erc_ws/install/tiago_pro_head_description:/opt/erc_ws/install/tiago_pro_head_controller_configuration:/opt/erc_ws/install/pal_urdf_utils:/opt/erc_ws/install/erc_solution:/opt/ros/humble PYTHONPATH=/opt/erc_ws/install/tiago_pro_head_description/local/lib/python3.10/dist-packages:/opt/erc_ws/install/launch_pal/lib/python3.10/site-packages:${PYTHONPATH} /usr/bin/cmake /opt/erc_ws/src/tiago_pro_head_robot/tiago_pro_head_bringup -DCMAKE_INSTALL_PREFIX=/opt/erc_ws/install/tiago_pro_head_bringup
[4.363s] DEBUG:colcon.colcon_core.event_handler.log_command:Invoking command in '/opt/erc_ws/build/tiago_pro_head_bringup': AMENT_PREFIX_PATH=/opt/erc_ws/install/tiago_pro_head_description:/opt/erc_ws/install/tiago_pro_head_controller_configuration:/opt/erc_ws/install/pal_urdf_utils:/opt/erc_ws/install/launch_pal:${AMENT_PREFIX_PATH} CMAKE_PREFIX_PATH=/opt/erc_ws/install/tiago_pro_head_description:/opt/erc_ws/install/tiago_pro_head_controller_configuration:/opt/erc_ws/install/pal_urdf_utils:/opt/erc_ws/install/erc_solution:/opt/ros/humble PYTHONPATH=/opt/erc_ws/install/tiago_pro_head_description/local/lib/python3.10/dist-packages:/opt/erc_ws/install/launch_pal/lib/python3.10/site-packages:${PYTHONPATH} /usr/bin/cmake --build /opt/erc_ws/build/tiago_pro_head_bringup -- -j16 -l16
[4.389s] DEBUG:colcon.colcon_core.event_handler.log_command:Invoked command in '/opt/erc_ws/build/tiago_pro_head_bringup' returned '0': AMENT_PREFIX_PATH=/opt/erc_ws/install/tiago_pro_head_description:/opt/erc_ws/install/tiago_pro_head_controller_configuration:/opt/erc_ws/install/pal_urdf_utils:/opt/erc_ws/install/launch_pal:${AMENT_PREFIX_PATH} CMAKE_PREFIX_PATH=/opt/erc_ws/install/tiago_pro_head_description:/opt/erc_ws/install/tiago_pro_head_controller_configuration:/opt/erc_ws/install/pal_urdf_utils:/opt/erc_ws/install/erc_solution:/opt/ros/humble PYTHONPATH=/opt/erc_ws/install/tiago_pro_head_description/local/lib/python3.10/dist-packages:/opt/erc_ws/install/launch_pal/lib/python3.10/site-packages:${PYTHONPATH} /usr/bin/cmake --build /opt/erc_ws/build/tiago_pro_head_bringup -- -j16 -l16
[4.391s] DEBUG:colcon.colcon_core.event_handler.log_command:Invoking command in '/opt/erc_ws/build/tiago_pro_head_bringup': AMENT_PREFIX_PATH=/opt/erc_ws/install/tiago_pro_head_description:/opt/erc_ws/install/tiago_pro_head_controller_configuration:/opt/erc_ws/install/pal_urdf_utils:/opt/erc_ws/install/launch_pal:${AMENT_PREFIX_PATH} CMAKE_PREFIX_PATH=/opt/erc_ws/install/tiago_pro_head_description:/opt/erc_ws/install/tiago_pro_head_controller_configuration:/opt/erc_ws/install/pal_urdf_utils:/opt/erc_ws/install/erc_solution:/opt/ros/humble PYTHONPATH=/opt/erc_ws/install/tiago_pro_head_description/local/lib/python3.10/dist-packages:/opt/erc_ws/install/launch_pal/lib/python3.10/site-packages:${PYTHONPATH} /usr/bin/cmake --install /opt/erc_ws/build/tiago_pro_head_bringup
[4.403s] Level 1:colcon.colcon_core.environment:create_environment_scripts_only(tiago_pro_head_bringup)
[4.404s] Level 1:colcon.colcon_core.environment:checking '/opt/erc_ws/install/tiago_pro_head_bringup' for CMake module files
[4.404s] DEBUG:colcon.colcon_core.event_handler.log_command:Invoked command in '/opt/erc_ws/build/tiago_pro_head_bringup' returned '0': AMENT_PREFIX_PATH=/opt/erc_ws/install/tiago_pro_head_description:/opt/erc_ws/install/tiago_pro_head_controller_configuration:/opt/erc_ws/install/pal_urdf_utils:/opt/erc_ws/install/launch_pal:${AMENT_PREFIX_PATH} CMAKE_PREFIX_PATH=/opt/erc_ws/install/tiago_pro_head_description:/opt/erc_ws/install/tiago_pro_head_controller_configuration:/opt/erc_ws/install/pal_urdf_utils:/opt/erc_ws/install/erc_solution:/opt/ros/humble PYTHONPATH=/opt/erc_ws/install/tiago_pro_head_description/local/lib/python3.10/dist-packages:/opt/erc_ws/install/launch_pal/lib/python3.10/site-packages:${PYTHONPATH} /usr/bin/cmake --install /opt/erc_ws/build/tiago_pro_head_bringup
[4.405s] Level 1:colcon.colcon_core.environment:checking '/opt/erc_ws/install/tiago_pro_head_bringup' for CMake config files
[4.405s] Level 1:colcon.colcon_core.shell:create_environment_hook('tiago_pro_head_bringup', 'cmake_prefix_path')
[4.405s] INFO:colcon.colcon_core.shell:Creating environment hook '/opt/erc_ws/install/tiago_pro_head_bringup/share/tiago_pro_head_bringup/hook/cmake_prefix_path.ps1'
[4.406s] INFO:colcon.colcon_core.shell:Creating environment descriptor '/opt/erc_ws/install/tiago_pro_head_bringup/share/tiago_pro_head_bringup/hook/cmake_prefix_path.dsv'
[4.406s] INFO:colcon.colcon_core.shell:Creating environment hook '/opt/erc_ws/install/tiago_pro_head_bringup/share/tiago_pro_head_bringup/hook/cmake_prefix_path.sh'
[4.406s] Level 1:colcon.colcon_core.environment:checking '/opt/erc_ws/install/tiago_pro_head_bringup/bin'
[4.407s] Level 1:colcon.colcon_core.environment:checking '/opt/erc_ws/install/tiago_pro_head_bringup/lib/pkgconfig/tiago_pro_head_bringup.pc'
[4.407s] Level 1:colcon.colcon_core.environment:checking '/opt/erc_ws/install/tiago_pro_head_bringup/lib/python3.10/site-packages'
[4.407s] Level 1:colcon.colcon_core.environment:checking '/opt/erc_ws/install/tiago_pro_head_bringup/bin'
[4.407s] INFO:colcon.colcon_core.shell:Creating package script '/opt/erc_ws/install/tiago_pro_head_bringup/share/tiago_pro_head_bringup/package.ps1'
[4.408s] INFO:colcon.colcon_core.shell:Creating package descriptor '/opt/erc_ws/install/tiago_pro_head_bringup/share/tiago_pro_head_bringup/package.dsv'
[4.408s] INFO:colcon.colcon_core.shell:Creating package script '/opt/erc_ws/install/tiago_pro_head_bringup/share/tiago_pro_head_bringup/package.sh'
[4.408s] INFO:colcon.colcon_core.shell:Creating package script '/opt/erc_ws/install/tiago_pro_head_bringup/share/tiago_pro_head_bringup/package.bash'
[4.408s] INFO:colcon.colcon_core.shell:Creating package script '/opt/erc_ws/install/tiago_pro_head_bringup/share/tiago_pro_head_bringup/package.zsh'
[4.409s] Level 1:colcon.colcon_core.environment:create_file_with_runtime_dependencies(/opt/erc_ws/install/tiago_pro_head_bringup/share/colcon-core/packages/tiago_pro_head_bringup)
[4.409s] Level 1:colcon.colcon_core.environment:create_environment_scripts_only(tiago_pro_head_bringup)
[4.410s] Level 1:colcon.colcon_core.environment:checking '/opt/erc_ws/install/tiago_pro_head_bringup' for CMake module files
[4.410s] Level 1:colcon.colcon_core.environment:checking '/opt/erc_ws/install/tiago_pro_head_bringup' for CMake config files
[4.410s] Level 1:colcon.colcon_core.shell:create_environment_hook('tiago_pro_head_bringup', 'cmake_prefix_path')
[4.410s] INFO:colcon.colcon_core.shell:Creating environment hook '/opt/erc_ws/install/tiago_pro_head_bringup/share/tiago_pro_head_bringup/hook/cmake_prefix_path.ps1'
[4.410s] INFO:colcon.colcon_core.shell:Creating environment descriptor '/opt/erc_ws/install/tiago_pro_head_bringup/share/tiago_pro_head_bringup/hook/cmake_prefix_path.dsv'
[4.411s] INFO:colcon.colcon_core.shell:Creating environment hook '/opt/erc_ws/install/tiago_pro_head_bringup/share/tiago_pro_head_bringup/hook/cmake_prefix_path.sh'
[4.411s] Level 1:colcon.colcon_core.environment:checking '/opt/erc_ws/install/tiago_pro_head_bringup/bin'
[4.411s] Level 1:colcon.colcon_core.environment:checking '/opt/erc_ws/install/tiago_pro_head_bringup/lib/pkgconfig/tiago_pro_head_bringup.pc'
[4.411s] Level 1:colcon.colcon_core.environment:checking '/opt/erc_ws/install/tiago_pro_head_bringup/lib/python3.10/site-packages'
[4.411s] Level 1:colcon.colcon_core.environment:checking '/opt/erc_ws/install/tiago_pro_head_bringup/bin'
[4.412s] INFO:colcon.colcon_core.shell:Creating package script '/opt/erc_ws/install/tiago_pro_head_bringup/share/tiago_pro_head_bringup/package.ps1'
[4.412s] INFO:colcon.colcon_core.shell:Creating package descriptor '/opt/erc_ws/install/tiago_pro_head_bringup/share/tiago_pro_head_bringup/package.dsv'
[4.412s] INFO:colcon.colcon_core.shell:Creating package script '/opt/erc_ws/install/tiago_pro_head_bringup/share/tiago_pro_head_bringup/package.sh'
[4.413s] INFO:colcon.colcon_core.shell:Creating package script '/opt/erc_ws/install/tiago_pro_head_bringup/share/tiago_pro_head_bringup/package.bash'
[4.413s] INFO:colcon.colcon_core.shell:Creating package script '/opt/erc_ws/install/tiago_pro_head_bringup/share/tiago_pro_head_bringup/package.zsh'
[4.413s] Level 1:colcon.colcon_core.environment:create_file_with_runtime_dependencies(/opt/erc_ws/install/tiago_pro_head_bringup/share/colcon-core/packages/tiago_pro_head_bringup)
[4.413s] INFO:colcon.colcon_ros.task.ament_cmake.build:Building ROS package in '/opt/erc_ws/src/tiago_pro_robot/tiago_pro_bringup' with build type 'ament_cmake'
[4.414s] INFO:colcon.colcon_cmake.task.cmake.build:Building CMake package in '/opt/erc_ws/src/tiago_pro_robot/tiago_pro_bringup'
[4.414s] INFO:colcon.colcon_core.shell:Skip shell extension 'powershell' for command environment: Not usable outside of PowerShell
[4.414s] DEBUG:colcon.colcon_core.shell:Skip shell extension 'dsv' for command environment
[4.421s] INFO:colcon.colcon_ros.task.ament_cmake.build:Building ROS package in '/opt/erc_ws/src/tiago_pro_head_robot/tiago_pro_head_robot' with build type 'ament_cmake'
[4.422s] INFO:colcon.colcon_cmake.task.cmake.build:Building CMake package in '/opt/erc_ws/src/tiago_pro_head_robot/tiago_pro_head_robot'
[4.422s] INFO:colcon.colcon_core.shell:Skip shell extension 'powershell' for command environment: Not usable outside of PowerShell
[4.422s] DEBUG:colcon.colcon_core.shell:Skip shell extension 'dsv' for command environment
[4.436s] DEBUG:colcon.colcon_core.event_handler.log_command:Invoking command in '/opt/erc_ws/build/tiago_pro_bringup': AMENT_PREFIX_PATH=/opt/erc_ws/install/tiago_pro_head_bringup:/opt/erc_ws/install/tiago_pro_controller_configuration:/opt/erc_ws/install/tiago_pro_head_description:/opt/erc_ws/install/pal_sea_arm_controller_configuration:/opt/erc_ws/install/tiago_pro_head_controller_configuration:/opt/erc_ws/install/pal_pro_gripper_controller_configuration:/opt/erc_ws/install/pal_urdf_utils:/opt/erc_ws/install/pal_pro_gripper_wrapper:/opt/erc_ws/install/omni_base_controller_configuration:/opt/erc_ws/install/launch_pal:${AMENT_PREFIX_PATH} CMAKE_PREFIX_PATH=/opt/erc_ws/install/tiago_pro_head_bringup:/opt/erc_ws/install/tiago_pro_controller_configuration:/opt/erc_ws/install/tiago_pro_head_description:/opt/erc_ws/install/pal_sea_arm_controller_configuration:/opt/erc_ws/install/tiago_pro_head_controller_configuration:/opt/erc_ws/install/pal_pro_gripper_controller_configuration:/opt/erc_ws/install/pal_urdf_utils:/opt/erc_ws/install/omni_base_controller_configuration:/opt/erc_ws/install/erc_solution:/opt/ros/humble PYTHONPATH=/opt/erc_ws/install/tiago_pro_head_description/local/lib/python3.10/dist-packages:/opt/erc_ws/install/pal_pro_gripper_wrapper/lib/python3.10/site-packages:/opt/erc_ws/install/launch_pal/lib/python3.10/site-packages:${PYTHONPATH} /usr/bin/cmake /opt/erc_ws/src/tiago_pro_robot/tiago_pro_bringup -DCMAKE_INSTALL_PREFIX=/opt/erc_ws/install/tiago_pro_bringup
[4.440s] DEBUG:colcon.colcon_core.event_handler.log_command:Invoking command in '/opt/erc_ws/build/tiago_pro_head_robot': AMENT_PREFIX_PATH=/opt/erc_ws/install/tiago_pro_head_bringup:/opt/erc_ws/install/tiago_pro_head_description:/opt/erc_ws/install/tiago_pro_head_controller_configuration:/opt/erc_ws/install/pal_urdf_utils:/opt/erc_ws/install/launch_pal:${AMENT_PREFIX_PATH} CMAKE_PREFIX_PATH=/opt/erc_ws/install/tiago_pro_head_bringup:/opt/erc_ws/install/tiago_pro_head_description:/opt/erc_ws/install/tiago_pro_head_controller_configuration:/opt/erc_ws/install/pal_urdf_utils:/opt/erc_ws/install/erc_solution:/opt/ros/humble PYTHONPATH=/opt/erc_ws/install/tiago_pro_head_description/local/lib/python3.10/dist-packages:/opt/erc_ws/install/launch_pal/lib/python3.10/site-packages:${PYTHONPATH} /usr/bin/cmake /opt/erc_ws/src/tiago_pro_head_robot/tiago_pro_head_robot -DCMAKE_INSTALL_PREFIX=/opt/erc_ws/install/tiago_pro_head_robot
[4.482s] DEBUG:colcon.colcon_core.event_handler.log_command:Invoked command in '/opt/erc_ws/build/omni_base_robot' returned '0': AMENT_PREFIX_PATH=/opt/erc_ws/install/omni_base_bringup:/opt/erc_ws/install/omni_base_description:/opt/erc_ws/install/pal_urdf_utils:/opt/erc_ws/install/omni_base_controller_configuration:/opt/erc_ws/install/launch_pal:${AMENT_PREFIX_PATH} CMAKE_PREFIX_PATH=/opt/erc_ws/install/omni_base_bringup:/opt/erc_ws/install/omni_base_description:/opt/erc_ws/install/pal_urdf_utils:/opt/erc_ws/install/omni_base_controller_configuration:/opt/erc_ws/install/erc_solution:/opt/ros/humble PYTHONPATH=/opt/erc_ws/install/omni_base_description/local/lib/python3.10/dist-packages:/opt/erc_ws/install/launch_pal/lib/python3.10/site-packages:${PYTHONPATH} /usr/bin/cmake /opt/erc_ws/src/omni_base_robot/omni_base_robot -DCMAKE_INSTALL_PREFIX=/opt/erc_ws/install/omni_base_robot
[4.484s] DEBUG:colcon.colcon_core.event_handler.log_command:Invoking command in '/opt/erc_ws/build/omni_base_robot': AMENT_PREFIX_PATH=/opt/erc_ws/install/omni_base_bringup:/opt/erc_ws/install/omni_base_description:/opt/erc_ws/install/pal_urdf_utils:/opt/erc_ws/install/omni_base_controller_configuration:/opt/erc_ws/install/launch_pal:${AMENT_PREFIX_PATH} CMAKE_PREFIX_PATH=/opt/erc_ws/install/omni_base_bringup:/opt/erc_ws/install/omni_base_description:/opt/erc_ws/install/pal_urdf_utils:/opt/erc_ws/install/omni_base_controller_configuration:/opt/erc_ws/install/erc_solution:/opt/ros/humble PYTHONPATH=/opt/erc_ws/install/omni_base_description/local/lib/python3.10/dist-packages:/opt/erc_ws/install/launch_pal/lib/python3.10/site-packages:${PYTHONPATH} /usr/bin/cmake --build /opt/erc_ws/build/omni_base_robot -- -j16 -l16
[4.488s] DEBUG:colcon.colcon_core.event_handler.log_command:Invoked command in '/opt/erc_ws/build/pal_sea_arm_description' returned '0': AMENT_PREFIX_PATH=/opt/erc_ws/install/pal_sea_arm_controller_configuration:/opt/erc_ws/install/pal_pro_gripper_description:/opt/erc_ws/install/pal_pro_gripper_controller_configuration:/opt/erc_ws/install/pal_urdf_utils:/opt/erc_ws/install/pal_pro_gripper_wrapper:/opt/erc_ws/install/launch_pal:${AMENT_PREFIX_PATH} CMAKE_PREFIX_PATH=/opt/erc_ws/install/pal_sea_arm_controller_configuration:/opt/erc_ws/install/pal_pro_gripper_description:/opt/erc_ws/install/pal_pro_gripper_controller_configuration:/opt/erc_ws/install/pal_urdf_utils:/opt/erc_ws/install/erc_solution:/opt/ros/humble PYTHONPATH=/opt/erc_ws/install/pal_pro_gripper_description/local/lib/python3.10/dist-packages:/opt/erc_ws/install/pal_pro_gripper_wrapper/lib/python3.10/site-packages:/opt/erc_ws/install/launch_pal/lib/python3.10/site-packages:${PYTHONPATH} /usr/bin/cmake --build /opt/erc_ws/build/pal_sea_arm_description -- -j16 -l16
[4.491s] DEBUG:colcon.colcon_core.event_handler.log_command:Invoking command in '/opt/erc_ws/build/pal_sea_arm_description': AMENT_PREFIX_PATH=/opt/erc_ws/install/pal_sea_arm_controller_configuration:/opt/erc_ws/install/pal_pro_gripper_description:/opt/erc_ws/install/pal_pro_gripper_controller_configuration:/opt/erc_ws/install/pal_urdf_utils:/opt/erc_ws/install/pal_pro_gripper_wrapper:/opt/erc_ws/install/launch_pal:${AMENT_PREFIX_PATH} CMAKE_PREFIX_PATH=/opt/erc_ws/install/pal_sea_arm_controller_configuration:/opt/erc_ws/install/pal_pro_gripper_description:/opt/erc_ws/install/pal_pro_gripper_controller_configuration:/opt/erc_ws/install/pal_urdf_utils:/opt/erc_ws/install/erc_solution:/opt/ros/humble PYTHONPATH=/opt/erc_ws/install/pal_pro_gripper_description/local/lib/python3.10/dist-packages:/opt/erc_ws/install/pal_pro_gripper_wrapper/lib/python3.10/site-packages:/opt/erc_ws/install/launch_pal/lib/python3.10/site-packages:${PYTHONPATH} /usr/bin/cmake --install /opt/erc_ws/build/pal_sea_arm_description
[4.511s] DEBUG:colcon.colcon_core.event_handler.log_command:Invoked command in '/opt/erc_ws/build/omni_base_robot' returned '0': AMENT_PREFIX_PATH=/opt/erc_ws/install/omni_base_bringup:/opt/erc_ws/install/omni_base_description:/opt/erc_ws/install/pal_urdf_utils:/opt/erc_ws/install/omni_base_controller_configuration:/opt/erc_ws/install/launch_pal:${AMENT_PREFIX_PATH} CMAKE_PREFIX_PATH=/opt/erc_ws/install/omni_base_bringup:/opt/erc_ws/install/omni_base_description:/opt/erc_ws/install/pal_urdf_utils:/opt/erc_ws/install/omni_base_controller_configuration:/opt/erc_ws/install/erc_solution:/opt/ros/humble PYTHONPATH=/opt/erc_ws/install/omni_base_description/local/lib/python3.10/dist-packages:/opt/erc_ws/install/launch_pal/lib/python3.10/site-packages:${PYTHONPATH} /usr/bin/cmake --build /opt/erc_ws/build/omni_base_robot -- -j16 -l16
[4.513s] DEBUG:colcon.colcon_core.event_handler.log_command:Invoking command in '/opt/erc_ws/build/omni_base_robot': AMENT_PREFIX_PATH=/opt/erc_ws/install/omni_base_bringup:/opt/erc_ws/install/omni_base_description:/opt/erc_ws/install/pal_urdf_utils:/opt/erc_ws/install/omni_base_controller_configuration:/opt/erc_ws/install/launch_pal:${AMENT_PREFIX_PATH} CMAKE_PREFIX_PATH=/opt/erc_ws/install/omni_base_bringup:/opt/erc_ws/install/omni_base_description:/opt/erc_ws/install/pal_urdf_utils:/opt/erc_ws/install/omni_base_controller_configuration:/opt/erc_ws/install/erc_solution:/opt/ros/humble PYTHONPATH=/opt/erc_ws/install/omni_base_description/local/lib/python3.10/dist-packages:/opt/erc_ws/install/launch_pal/lib/python3.10/site-packages:${PYTHONPATH} /usr/bin/cmake --install /opt/erc_ws/build/omni_base_robot
[4.523s] Level 1:colcon.colcon_core.environment:create_environment_scripts_only(omni_base_robot)
[4.524s] Level 1:colcon.colcon_core.environment:checking '/opt/erc_ws/install/omni_base_robot' for CMake module files
[4.524s] DEBUG:colcon.colcon_core.event_handler.log_command:Invoked command in '/opt/erc_ws/build/omni_base_robot' returned '0': AMENT_PREFIX_PATH=/opt/erc_ws/install/omni_base_bringup:/opt/erc_ws/install/omni_base_description:/opt/erc_ws/install/pal_urdf_utils:/opt/erc_ws/install/omni_base_controller_configuration:/opt/erc_ws/install/launch_pal:${AMENT_PREFIX_PATH} CMAKE_PREFIX_PATH=/opt/erc_ws/install/omni_base_bringup:/opt/erc_ws/install/omni_base_description:/opt/erc_ws/install/pal_urdf_utils:/opt/erc_ws/install/omni_base_controller_configuration:/opt/erc_ws/install/erc_solution:/opt/ros/humble PYTHONPATH=/opt/erc_ws/install/omni_base_description/local/lib/python3.10/dist-packages:/opt/erc_ws/install/launch_pal/lib/python3.10/site-packages:${PYTHONPATH} /usr/bin/cmake --install /opt/erc_ws/build/omni_base_robot
[4.525s] Level 1:colcon.colcon_core.environment:checking '/opt/erc_ws/install/omni_base_robot' for CMake config files
[4.525s] Level 1:colcon.colcon_core.shell:create_environment_hook('omni_base_robot', 'cmake_prefix_path')
[4.525s] INFO:colcon.colcon_core.shell:Creating environment hook '/opt/erc_ws/install/omni_base_robot/share/omni_base_robot/hook/cmake_prefix_path.ps1'
[4.526s] INFO:colcon.colcon_core.shell:Creating environment descriptor '/opt/erc_ws/install/omni_base_robot/share/omni_base_robot/hook/cmake_prefix_path.dsv'
[4.527s] INFO:colcon.colcon_core.shell:Creating environment hook '/opt/erc_ws/install/omni_base_robot/share/omni_base_robot/hook/cmake_prefix_path.sh'
[4.528s] Level 1:colcon.colcon_core.environment:checking '/opt/erc_ws/install/omni_base_robot/bin'
[4.529s] Level 1:colcon.colcon_core.environment:checking '/opt/erc_ws/install/omni_base_robot/lib/pkgconfig/omni_base_robot.pc'
[4.529s] Level 1:colcon.colcon_core.environment:checking '/opt/erc_ws/install/omni_base_robot/lib/python3.10/site-packages'
[4.529s] Level 1:colcon.colcon_core.environment:checking '/opt/erc_ws/install/omni_base_robot/bin'
[4.529s] INFO:colcon.colcon_core.shell:Creating package script '/opt/erc_ws/install/omni_base_robot/share/omni_base_robot/package.ps1'
[4.530s] INFO:colcon.colcon_core.shell:Creating package descriptor '/opt/erc_ws/install/omni_base_robot/share/omni_base_robot/package.dsv'
[4.532s] INFO:colcon.colcon_core.shell:Creating package script '/opt/erc_ws/install/omni_base_robot/share/omni_base_robot/package.sh'
[4.536s] INFO:colcon.colcon_core.shell:Creating package script '/opt/erc_ws/install/omni_base_robot/share/omni_base_robot/package.bash'
[4.536s] INFO:colcon.colcon_core.shell:Creating package script '/opt/erc_ws/install/omni_base_robot/share/omni_base_robot/package.zsh'
[4.538s] Level 1:colcon.colcon_core.environment:create_file_with_runtime_dependencies(/opt/erc_ws/install/omni_base_robot/share/colcon-core/packages/omni_base_robot)
[4.539s] Level 1:colcon.colcon_core.environment:create_environment_scripts_only(omni_base_robot)
[4.539s] Level 1:colcon.colcon_core.environment:checking '/opt/erc_ws/install/omni_base_robot' for CMake module files
[4.542s] Level 1:colcon.colcon_core.environment:checking '/opt/erc_ws/install/omni_base_robot' for CMake config files
[4.543s] Level 1:colcon.colcon_core.shell:create_environment_hook('omni_base_robot', 'cmake_prefix_path')
[4.543s] INFO:colcon.colcon_core.shell:Creating environment hook '/opt/erc_ws/install/omni_base_robot/share/omni_base_robot/hook/cmake_prefix_path.ps1'
[4.544s] INFO:colcon.colcon_core.shell:Creating environment descriptor '/opt/erc_ws/install/omni_base_robot/share/omni_base_robot/hook/cmake_prefix_path.dsv'
[4.545s] INFO:colcon.colcon_core.shell:Creating environment hook '/opt/erc_ws/install/omni_base_robot/share/omni_base_robot/hook/cmake_prefix_path.sh'
[4.545s] Level 1:colcon.colcon_core.environment:checking '/opt/erc_ws/install/omni_base_robot/bin'
[4.545s] Level 1:colcon.colcon_core.environment:checking '/opt/erc_ws/install/omni_base_robot/lib/pkgconfig/omni_base_robot.pc'
[4.546s] Level 1:colcon.colcon_core.environment:checking '/opt/erc_ws/install/omni_base_robot/lib/python3.10/site-packages'
[4.546s] Level 1:colcon.colcon_core.environment:checking '/opt/erc_ws/install/omni_base_robot/bin'
[4.546s] INFO:colcon.colcon_core.shell:Creating package script '/opt/erc_ws/install/omni_base_robot/share/omni_base_robot/package.ps1'
[4.547s] INFO:colcon.colcon_core.shell:Creating package descriptor '/opt/erc_ws/install/omni_base_robot/share/omni_base_robot/package.dsv'
[4.548s] INFO:colcon.colcon_core.shell:Creating package script '/opt/erc_ws/install/omni_base_robot/share/omni_base_robot/package.sh'
[4.550s] INFO:colcon.colcon_core.shell:Creating package script '/opt/erc_ws/install/omni_base_robot/share/omni_base_robot/package.bash'
[4.550s] INFO:colcon.colcon_core.shell:Creating package script '/opt/erc_ws/install/omni_base_robot/share/omni_base_robot/package.zsh'
[4.551s] Level 1:colcon.colcon_core.environment:create_file_with_runtime_dependencies(/opt/erc_ws/install/omni_base_robot/share/colcon-core/packages/omni_base_robot)
[4.690s] Level 1:colcon.colcon_core.environment:create_environment_scripts_only(pal_sea_arm_description)
[4.691s] Level 1:colcon.colcon_core.environment:checking '/opt/erc_ws/install/pal_sea_arm_description' for CMake module files
[4.691s] DEBUG:colcon.colcon_core.event_handler.log_command:Invoked command in '/opt/erc_ws/build/pal_sea_arm_description' returned '0': AMENT_PREFIX_PATH=/opt/erc_ws/install/pal_sea_arm_controller_configuration:/opt/erc_ws/install/pal_pro_gripper_description:/opt/erc_ws/install/pal_pro_gripper_controller_configuration:/opt/erc_ws/install/pal_urdf_utils:/opt/erc_ws/install/pal_pro_gripper_wrapper:/opt/erc_ws/install/launch_pal:${AMENT_PREFIX_PATH} CMAKE_PREFIX_PATH=/opt/erc_ws/install/pal_sea_arm_controller_configuration:/opt/erc_ws/install/pal_pro_gripper_description:/opt/erc_ws/install/pal_pro_gripper_controller_configuration:/opt/erc_ws/install/pal_urdf_utils:/opt/erc_ws/install/erc_solution:/opt/ros/humble PYTHONPATH=/opt/erc_ws/install/pal_pro_gripper_description/local/lib/python3.10/dist-packages:/opt/erc_ws/install/pal_pro_gripper_wrapper/lib/python3.10/site-packages:/opt/erc_ws/install/launch_pal/lib/python3.10/site-packages:${PYTHONPATH} /usr/bin/cmake --install /opt/erc_ws/build/pal_sea_arm_description
[4.691s] Level 1:colcon.colcon_core.environment:checking '/opt/erc_ws/install/pal_sea_arm_description' for CMake config files
[4.692s] Level 1:colcon.colcon_core.shell:create_environment_hook('pal_sea_arm_description', 'cmake_prefix_path')
[4.692s] INFO:colcon.colcon_core.shell:Creating environment hook '/opt/erc_ws/install/pal_sea_arm_description/share/pal_sea_arm_description/hook/cmake_prefix_path.ps1'
[4.692s] INFO:colcon.colcon_core.shell:Creating environment descriptor '/opt/erc_ws/install/pal_sea_arm_description/share/pal_sea_arm_description/hook/cmake_prefix_path.dsv'
[4.693s] INFO:colcon.colcon_core.shell:Creating environment hook '/opt/erc_ws/install/pal_sea_arm_description/share/pal_sea_arm_description/hook/cmake_prefix_path.sh'
[4.693s] Level 1:colcon.colcon_core.environment:checking '/opt/erc_ws/install/pal_sea_arm_description/bin'
[4.693s] Level 1:colcon.colcon_core.environment:checking '/opt/erc_ws/install/pal_sea_arm_description/lib/pkgconfig/pal_sea_arm_description.pc'
[4.694s] Level 1:colcon.colcon_core.environment:checking '/opt/erc_ws/install/pal_sea_arm_description/lib/python3.10/site-packages'
[4.694s] Level 1:colcon.colcon_core.environment:checking '/opt/erc_ws/install/pal_sea_arm_description/bin'
[4.694s] INFO:colcon.colcon_core.shell:Creating package script '/opt/erc_ws/install/pal_sea_arm_description/share/pal_sea_arm_description/package.ps1'
[4.696s] INFO:colcon.colcon_core.shell:Creating package descriptor '/opt/erc_ws/install/pal_sea_arm_description/share/pal_sea_arm_description/package.dsv'
[4.696s] INFO:colcon.colcon_core.shell:Creating package script '/opt/erc_ws/install/pal_sea_arm_description/share/pal_sea_arm_description/package.sh'
[4.696s] INFO:colcon.colcon_core.shell:Creating package script '/opt/erc_ws/install/pal_sea_arm_description/share/pal_sea_arm_description/package.bash'
[4.697s] INFO:colcon.colcon_core.shell:Creating package script '/opt/erc_ws/install/pal_sea_arm_description/share/pal_sea_arm_description/package.zsh'
[4.697s] Level 1:colcon.colcon_core.environment:create_file_with_runtime_dependencies(/opt/erc_ws/install/pal_sea_arm_description/share/colcon-core/packages/pal_sea_arm_description)
[4.698s] Level 1:colcon.colcon_core.environment:create_environment_scripts_only(pal_sea_arm_description)
[4.698s] Level 1:colcon.colcon_core.environment:checking '/opt/erc_ws/install/pal_sea_arm_description' for CMake module files
[4.700s] Level 1:colcon.colcon_core.environment:checking '/opt/erc_ws/install/pal_sea_arm_description' for CMake config files
[4.701s] Level 1:colcon.colcon_core.shell:create_environment_hook('pal_sea_arm_description', 'cmake_prefix_path')
[4.701s] INFO:colcon.colcon_core.shell:Creating environment hook '/opt/erc_ws/install/pal_sea_arm_description/share/pal_sea_arm_description/hook/cmake_prefix_path.ps1'
[4.701s] INFO:colcon.colcon_core.shell:Creating environment descriptor '/opt/erc_ws/install/pal_sea_arm_description/share/pal_sea_arm_description/hook/cmake_prefix_path.dsv'
[4.702s] INFO:colcon.colcon_core.shell:Creating environment hook '/opt/erc_ws/install/pal_sea_arm_description/share/pal_sea_arm_description/hook/cmake_prefix_path.sh'
[4.702s] Level 1:colcon.colcon_core.environment:checking '/opt/erc_ws/install/pal_sea_arm_description/bin'
[4.702s] Level 1:colcon.colcon_core.environment:checking '/opt/erc_ws/install/pal_sea_arm_description/lib/pkgconfig/pal_sea_arm_description.pc'
[4.702s] Level 1:colcon.colcon_core.environment:checking '/opt/erc_ws/install/pal_sea_arm_description/lib/python3.10/site-packages'
[4.703s] Level 1:colcon.colcon_core.environment:checking '/opt/erc_ws/install/pal_sea_arm_description/bin'
[4.703s] INFO:colcon.colcon_core.shell:Creating package script '/opt/erc_ws/install/pal_sea_arm_description/share/pal_sea_arm_description/package.ps1'
[4.703s] INFO:colcon.colcon_core.shell:Creating package descriptor '/opt/erc_ws/install/pal_sea_arm_description/share/pal_sea_arm_description/package.dsv'
[4.703s] INFO:colcon.colcon_core.shell:Creating package script '/opt/erc_ws/install/pal_sea_arm_description/share/pal_sea_arm_description/package.sh'
[4.704s] INFO:colcon.colcon_core.shell:Creating package script '/opt/erc_ws/install/pal_sea_arm_description/share/pal_sea_arm_description/package.bash'
[4.704s] INFO:colcon.colcon_core.shell:Creating package script '/opt/erc_ws/install/pal_sea_arm_description/share/pal_sea_arm_description/package.zsh'
[4.704s] Level 1:colcon.colcon_core.environment:create_file_with_runtime_dependencies(/opt/erc_ws/install/pal_sea_arm_description/share/colcon-core/packages/pal_sea_arm_description)
[4.705s] INFO:colcon.colcon_ros.task.ament_cmake.build:Building ROS package in '/opt/erc_ws/src/tiago_pro_robot/tiago_pro_description' with build type 'ament_cmake'
[4.705s] INFO:colcon.colcon_cmake.task.cmake.build:Building CMake package in '/opt/erc_ws/src/tiago_pro_robot/tiago_pro_description'
[4.705s] INFO:colcon.colcon_core.shell:Skip shell extension 'powershell' for command environment: Not usable outside of PowerShell
[4.705s] DEBUG:colcon.colcon_core.shell:Skip shell extension 'dsv' for command environment
[4.711s] INFO:colcon.colcon_ros.task.ament_cmake.build:Building ROS package in '/opt/erc_ws/src/pal_sea_arm/pal_sea_arm_bringup' with build type 'ament_cmake'
[4.712s] INFO:colcon.colcon_cmake.task.cmake.build:Building CMake package in '/opt/erc_ws/src/pal_sea_arm/pal_sea_arm_bringup'
[4.712s] INFO:colcon.colcon_core.shell:Skip shell extension 'powershell' for command environment: Not usable outside of PowerShell
[4.712s] DEBUG:colcon.colcon_core.shell:Skip shell extension 'dsv' for command environment
[4.730s] DEBUG:colcon.colcon_core.event_handler.log_command:Invoking command in '/opt/erc_ws/build/tiago_pro_description': AMENT_PREFIX_PATH=/opt/erc_ws/install/pal_sea_arm_description:/opt/erc_ws/install/tiago_pro_head_description:/opt/erc_ws/install/pal_sea_arm_controller_configuration:/opt/erc_ws/install/tiago_pro_head_controller_configuration:/opt/erc_ws/install/pal_pro_gripper_description:/opt/erc_ws/install/pal_pro_gripper_controller_configuration:/opt/erc_ws/install/omni_base_description:/opt/erc_ws/install/pal_urdf_utils:/opt/erc_ws/install/pal_pro_gripper_wrapper:/opt/erc_ws/install/launch_pal:${AMENT_PREFIX_PATH} CMAKE_PREFIX_PATH=/opt/erc_ws/install/pal_sea_arm_description:/opt/erc_ws/install/tiago_pro_head_description:/opt/erc_ws/install/pal_sea_arm_controller_configuration:/opt/erc_ws/install/tiago_pro_head_controller_configuration:/opt/erc_ws/install/pal_pro_gripper_description:/opt/erc_ws/install/pal_pro_gripper_controller_configuration:/opt/erc_ws/install/omni_base_description:/opt/erc_ws/install/pal_urdf_utils:/opt/erc_ws/install/erc_solution:/opt/ros/humble PYTHONPATH=/opt/erc_ws/install/pal_sea_arm_description/local/lib/python3.10/dist-packages:/opt/erc_ws/install/tiago_pro_head_description/local/lib/python3.10/dist-packages:/opt/erc_ws/install/pal_pro_gripper_description/local/lib/python3.10/dist-packages:/opt/erc_ws/install/omni_base_description/local/lib/python3.10/dist-packages:/opt/erc_ws/install/pal_pro_gripper_wrapper/lib/python3.10/site-packages:/opt/erc_ws/install/launch_pal/lib/python3.10/site-packages:${PYTHONPATH} /usr/bin/cmake /opt/erc_ws/src/tiago_pro_robot/tiago_pro_description -DCMAKE_INSTALL_PREFIX=/opt/erc_ws/install/tiago_pro_description
[4.734s] DEBUG:colcon.colcon_core.event_handler.log_command:Invoking command in '/opt/erc_ws/build/pal_sea_arm_bringup': AMENT_PREFIX_PATH=/opt/erc_ws/install/pal_sea_arm_description:/opt/erc_ws/install/pal_sea_arm_controller_configuration:/opt/erc_ws/install/pal_pro_gripper_description:/opt/erc_ws/install/pal_pro_gripper_controller_configuration:/opt/erc_ws/install/pal_urdf_utils:/opt/erc_ws/install/pal_pro_gripper_wrapper:/opt/erc_ws/install/launch_pal:${AMENT_PREFIX_PATH} CMAKE_PREFIX_PATH=/opt/erc_ws/install/pal_sea_arm_description:/opt/erc_ws/install/pal_sea_arm_controller_configuration:/opt/erc_ws/install/pal_pro_gripper_description:/opt/erc_ws/install/pal_pro_gripper_controller_configuration:/opt/erc_ws/install/pal_urdf_utils:/opt/erc_ws/install/erc_solution:/opt/ros/humble PYTHONPATH=/opt/erc_ws/install/pal_sea_arm_description/local/lib/python3.10/dist-packages:/opt/erc_ws/install/pal_pro_gripper_description/local/lib/python3.10/dist-packages:/opt/erc_ws/install/pal_pro_gripper_wrapper/lib/python3.10/site-packages:/opt/erc_ws/install/launch_pal/lib/python3.10/site-packages:${PYTHONPATH} /usr/bin/cmake /opt/erc_ws/src/pal_sea_arm/pal_sea_arm_bringup -DCMAKE_INSTALL_PREFIX=/opt/erc_ws/install/pal_sea_arm_bringup
[5.015s] DEBUG:colcon.colcon_core.event_handler.log_command:Invoked command in '/opt/erc_ws/build/tiago_pro_head_robot' returned '0': AMENT_PREFIX_PATH=/opt/erc_ws/install/tiago_pro_head_bringup:/opt/erc_ws/install/tiago_pro_head_description:/opt/erc_ws/install/tiago_pro_head_controller_configuration:/opt/erc_ws/install/pal_urdf_utils:/opt/erc_ws/install/launch_pal:${AMENT_PREFIX_PATH} CMAKE_PREFIX_PATH=/opt/erc_ws/install/tiago_pro_head_bringup:/opt/erc_ws/install/tiago_pro_head_description:/opt/erc_ws/install/tiago_pro_head_controller_configuration:/opt/erc_ws/install/pal_urdf_utils:/opt/erc_ws/install/erc_solution:/opt/ros/humble PYTHONPATH=/opt/erc_ws/install/tiago_pro_head_description/local/lib/python3.10/dist-packages:/opt/erc_ws/install/launch_pal/lib/python3.10/site-packages:${PYTHONPATH} /usr/bin/cmake /opt/erc_ws/src/tiago_pro_head_robot/tiago_pro_head_robot -DCMAKE_INSTALL_PREFIX=/opt/erc_ws/install/tiago_pro_head_robot
[5.018s] DEBUG:colcon.colcon_core.event_handler.log_command:Invoking command in '/opt/erc_ws/build/tiago_pro_head_robot': AMENT_PREFIX_PATH=/opt/erc_ws/install/tiago_pro_head_bringup:/opt/erc_ws/install/tiago_pro_head_description:/opt/erc_ws/install/tiago_pro_head_controller_configuration:/opt/erc_ws/install/pal_urdf_utils:/opt/erc_ws/install/launch_pal:${AMENT_PREFIX_PATH} CMAKE_PREFIX_PATH=/opt/erc_ws/install/tiago_pro_head_bringup:/opt/erc_ws/install/tiago_pro_head_description:/opt/erc_ws/install/tiago_pro_head_controller_configuration:/opt/erc_ws/install/pal_urdf_utils:/opt/erc_ws/install/erc_solution:/opt/ros/humble PYTHONPATH=/opt/erc_ws/install/tiago_pro_head_description/local/lib/python3.10/dist-packages:/opt/erc_ws/install/launch_pal/lib/python3.10/site-packages:${PYTHONPATH} /usr/bin/cmake --build /opt/erc_ws/build/tiago_pro_head_robot -- -j16 -l16
[5.050s] DEBUG:colcon.colcon_core.event_handler.log_command:Invoked command in '/opt/erc_ws/build/tiago_pro_head_robot' returned '0': AMENT_PREFIX_PATH=/opt/erc_ws/install/tiago_pro_head_bringup:/opt/erc_ws/install/tiago_pro_head_description:/opt/erc_ws/install/tiago_pro_head_controller_configuration:/opt/erc_ws/install/pal_urdf_utils:/opt/erc_ws/install/launch_pal:${AMENT_PREFIX_PATH} CMAKE_PREFIX_PATH=/opt/erc_ws/install/tiago_pro_head_bringup:/opt/erc_ws/install/tiago_pro_head_description:/opt/erc_ws/install/tiago_pro_head_controller_configuration:/opt/erc_ws/install/pal_urdf_utils:/opt/erc_ws/install/erc_solution:/opt/ros/humble PYTHONPATH=/opt/erc_ws/install/tiago_pro_head_description/local/lib/python3.10/dist-packages:/opt/erc_ws/install/launch_pal/lib/python3.10/site-packages:${PYTHONPATH} /usr/bin/cmake --build /opt/erc_ws/build/tiago_pro_head_robot -- -j16 -l16
[5.052s] DEBUG:colcon.colcon_core.event_handler.log_command:Invoking command in '/opt/erc_ws/build/tiago_pro_head_robot': AMENT_PREFIX_PATH=/opt/erc_ws/install/tiago_pro_head_bringup:/opt/erc_ws/install/tiago_pro_head_description:/opt/erc_ws/install/tiago_pro_head_controller_configuration:/opt/erc_ws/install/pal_urdf_utils:/opt/erc_ws/install/launch_pal:${AMENT_PREFIX_PATH} CMAKE_PREFIX_PATH=/opt/erc_ws/install/tiago_pro_head_bringup:/opt/erc_ws/install/tiago_pro_head_description:/opt/erc_ws/install/tiago_pro_head_controller_configuration:/opt/erc_ws/install/pal_urdf_utils:/opt/erc_ws/install/erc_solution:/opt/ros/humble PYTHONPATH=/opt/erc_ws/install/tiago_pro_head_description/local/lib/python3.10/dist-packages:/opt/erc_ws/install/launch_pal/lib/python3.10/site-packages:${PYTHONPATH} /usr/bin/cmake --install /opt/erc_ws/build/tiago_pro_head_robot
[5.055s] DEBUG:colcon.colcon_core.event_handler.log_command:Invoked command in '/opt/erc_ws/build/tiago_pro_bringup' returned '0': AMENT_PREFIX_PATH=/opt/erc_ws/install/tiago_pro_head_bringup:/opt/erc_ws/install/tiago_pro_controller_configuration:/opt/erc_ws/install/tiago_pro_head_description:/opt/erc_ws/install/pal_sea_arm_controller_configuration:/opt/erc_ws/install/tiago_pro_head_controller_configuration:/opt/erc_ws/install/pal_pro_gripper_controller_configuration:/opt/erc_ws/install/pal_urdf_utils:/opt/erc_ws/install/pal_pro_gripper_wrapper:/opt/erc_ws/install/omni_base_controller_configuration:/opt/erc_ws/install/launch_pal:${AMENT_PREFIX_PATH} CMAKE_PREFIX_PATH=/opt/erc_ws/install/tiago_pro_head_bringup:/opt/erc_ws/install/tiago_pro_controller_configuration:/opt/erc_ws/install/tiago_pro_head_description:/opt/erc_ws/install/pal_sea_arm_controller_configuration:/opt/erc_ws/install/tiago_pro_head_controller_configuration:/opt/erc_ws/install/pal_pro_gripper_controller_configuration:/opt/erc_ws/install/pal_urdf_utils:/opt/erc_ws/install/omni_base_controller_configuration:/opt/erc_ws/install/erc_solution:/opt/ros/humble PYTHONPATH=/opt/erc_ws/install/tiago_pro_head_description/local/lib/python3.10/dist-packages:/opt/erc_ws/install/pal_pro_gripper_wrapper/lib/python3.10/site-packages:/opt/erc_ws/install/launch_pal/lib/python3.10/site-packages:${PYTHONPATH} /usr/bin/cmake /opt/erc_ws/src/tiago_pro_robot/tiago_pro_bringup -DCMAKE_INSTALL_PREFIX=/opt/erc_ws/install/tiago_pro_bringup
[5.057s] DEBUG:colcon.colcon_core.event_handler.log_command:Invoking command in '/opt/erc_ws/build/tiago_pro_bringup': AMENT_PREFIX_PATH=/opt/erc_ws/install/tiago_pro_head_bringup:/opt/erc_ws/install/tiago_pro_controller_configuration:/opt/erc_ws/install/tiago_pro_head_description:/opt/erc_ws/install/pal_sea_arm_controller_configuration:/opt/erc_ws/install/tiago_pro_head_controller_configuration:/opt/erc_ws/install/pal_pro_gripper_controller_configuration:/opt/erc_ws/install/pal_urdf_utils:/opt/erc_ws/install/pal_pro_gripper_wrapper:/opt/erc_ws/install/omni_base_controller_configuration:/opt/erc_ws/install/launch_pal:${AMENT_PREFIX_PATH} CMAKE_PREFIX_PATH=/opt/erc_ws/install/tiago_pro_head_bringup:/opt/erc_ws/install/tiago_pro_controller_configuration:/opt/erc_ws/install/tiago_pro_head_description:/opt/erc_ws/install/pal_sea_arm_controller_configuration:/opt/erc_ws/install/tiago_pro_head_controller_configuration:/opt/erc_ws/install/pal_pro_gripper_controller_configuration:/opt/erc_ws/install/pal_urdf_utils:/opt/erc_ws/install/omni_base_controller_configuration:/opt/erc_ws/install/erc_solution:/opt/ros/humble PYTHONPATH=/opt/erc_ws/install/tiago_pro_head_description/local/lib/python3.10/dist-packages:/opt/erc_ws/install/pal_pro_gripper_wrapper/lib/python3.10/site-packages:/opt/erc_ws/install/launch_pal/lib/python3.10/site-packages:${PYTHONPATH} /usr/bin/cmake --build /opt/erc_ws/build/tiago_pro_bringup -- -j16 -l16
[5.065s] Level 1:colcon.colcon_core.environment:create_environment_scripts_only(tiago_pro_head_robot)
[5.065s] Level 1:colcon.colcon_core.environment:checking '/opt/erc_ws/install/tiago_pro_head_robot' for CMake module files
[5.066s] DEBUG:colcon.colcon_core.event_handler.log_command:Invoked command in '/opt/erc_ws/build/tiago_pro_head_robot' returned '0': AMENT_PREFIX_PATH=/opt/erc_ws/install/tiago_pro_head_bringup:/opt/erc_ws/install/tiago_pro_head_description:/opt/erc_ws/install/tiago_pro_head_controller_configuration:/opt/erc_ws/install/pal_urdf_utils:/opt/erc_ws/install/launch_pal:${AMENT_PREFIX_PATH} CMAKE_PREFIX_PATH=/opt/erc_ws/install/tiago_pro_head_bringup:/opt/erc_ws/install/tiago_pro_head_description:/opt/erc_ws/install/tiago_pro_head_controller_configuration:/opt/erc_ws/install/pal_urdf_utils:/opt/erc_ws/install/erc_solution:/opt/ros/humble PYTHONPATH=/opt/erc_ws/install/tiago_pro_head_description/local/lib/python3.10/dist-packages:/opt/erc_ws/install/launch_pal/lib/python3.10/site-packages:${PYTHONPATH} /usr/bin/cmake --install /opt/erc_ws/build/tiago_pro_head_robot
[5.066s] Level 1:colcon.colcon_core.environment:checking '/opt/erc_ws/install/tiago_pro_head_robot' for CMake config files
[5.066s] Level 1:colcon.colcon_core.shell:create_environment_hook('tiago_pro_head_robot', 'cmake_prefix_path')
[5.067s] INFO:colcon.colcon_core.shell:Creating environment hook '/opt/erc_ws/install/tiago_pro_head_robot/share/tiago_pro_head_robot/hook/cmake_prefix_path.ps1'
[5.068s] INFO:colcon.colcon_core.shell:Creating environment descriptor '/opt/erc_ws/install/tiago_pro_head_robot/share/tiago_pro_head_robot/hook/cmake_prefix_path.dsv'
[5.068s] INFO:colcon.colcon_core.shell:Creating environment hook '/opt/erc_ws/install/tiago_pro_head_robot/share/tiago_pro_head_robot/hook/cmake_prefix_path.sh'
[5.068s] Level 1:colcon.colcon_core.environment:checking '/opt/erc_ws/install/tiago_pro_head_robot/bin'
[5.068s] Level 1:colcon.colcon_core.environment:checking '/opt/erc_ws/install/tiago_pro_head_robot/lib/pkgconfig/tiago_pro_head_robot.pc'
[5.069s] Level 1:colcon.colcon_core.environment:checking '/opt/erc_ws/install/tiago_pro_head_robot/lib/python3.10/site-packages'
[5.069s] Level 1:colcon.colcon_core.environment:checking '/opt/erc_ws/install/tiago_pro_head_robot/bin'
[5.069s] INFO:colcon.colcon_core.shell:Creating package script '/opt/erc_ws/install/tiago_pro_head_robot/share/tiago_pro_head_robot/package.ps1'
[5.070s] INFO:colcon.colcon_core.shell:Creating package descriptor '/opt/erc_ws/install/tiago_pro_head_robot/share/tiago_pro_head_robot/package.dsv'
[5.070s] INFO:colcon.colcon_core.shell:Creating package script '/opt/erc_ws/install/tiago_pro_head_robot/share/tiago_pro_head_robot/package.sh'
[5.070s] INFO:colcon.colcon_core.shell:Creating package script '/opt/erc_ws/install/tiago_pro_head_robot/share/tiago_pro_head_robot/package.bash'
[5.071s] INFO:colcon.colcon_core.shell:Creating package script '/opt/erc_ws/install/tiago_pro_head_robot/share/tiago_pro_head_robot/package.zsh'
[5.071s] Level 1:colcon.colcon_core.environment:create_file_with_runtime_dependencies(/opt/erc_ws/install/tiago_pro_head_robot/share/colcon-core/packages/tiago_pro_head_robot)
[5.072s] Level 1:colcon.colcon_core.environment:create_environment_scripts_only(tiago_pro_head_robot)
[5.072s] Level 1:colcon.colcon_core.environment:checking '/opt/erc_ws/install/tiago_pro_head_robot' for CMake module files
[5.072s] Level 1:colcon.colcon_core.environment:checking '/opt/erc_ws/install/tiago_pro_head_robot' for CMake config files
[5.072s] Level 1:colcon.colcon_core.shell:create_environment_hook('tiago_pro_head_robot', 'cmake_prefix_path')
[5.072s] INFO:colcon.colcon_core.shell:Creating environment hook '/opt/erc_ws/install/tiago_pro_head_robot/share/tiago_pro_head_robot/hook/cmake_prefix_path.ps1'
[5.073s] INFO:colcon.colcon_core.shell:Creating environment descriptor '/opt/erc_ws/install/tiago_pro_head_robot/share/tiago_pro_head_robot/hook/cmake_prefix_path.dsv'
[5.073s] INFO:colcon.colcon_core.shell:Creating environment hook '/opt/erc_ws/install/tiago_pro_head_robot/share/tiago_pro_head_robot/hook/cmake_prefix_path.sh'
[5.074s] Level 1:colcon.colcon_core.environment:checking '/opt/erc_ws/install/tiago_pro_head_robot/bin'
[5.074s] Level 1:colcon.colcon_core.environment:checking '/opt/erc_ws/install/tiago_pro_head_robot/lib/pkgconfig/tiago_pro_head_robot.pc'
[5.074s] Level 1:colcon.colcon_core.environment:checking '/opt/erc_ws/install/tiago_pro_head_robot/lib/python3.10/site-packages'
[5.074s] Level 1:colcon.colcon_core.environment:checking '/opt/erc_ws/install/tiago_pro_head_robot/bin'
[5.074s] INFO:colcon.colcon_core.shell:Creating package script '/opt/erc_ws/install/tiago_pro_head_robot/share/tiago_pro_head_robot/package.ps1'
[5.075s] INFO:colcon.colcon_core.shell:Creating package descriptor '/opt/erc_ws/install/tiago_pro_head_robot/share/tiago_pro_head_robot/package.dsv'
[5.075s] INFO:colcon.colcon_core.shell:Creating package script '/opt/erc_ws/install/tiago_pro_head_robot/share/tiago_pro_head_robot/package.sh'
[5.075s] INFO:colcon.colcon_core.shell:Creating package script '/opt/erc_ws/install/tiago_pro_head_robot/share/tiago_pro_head_robot/package.bash'
[5.076s] INFO:colcon.colcon_core.shell:Creating package script '/opt/erc_ws/install/tiago_pro_head_robot/share/tiago_pro_head_robot/package.zsh'
[5.076s] Level 1:colcon.colcon_core.environment:create_file_with_runtime_dependencies(/opt/erc_ws/install/tiago_pro_head_robot/share/colcon-core/packages/tiago_pro_head_robot)
[5.087s] DEBUG:colcon.colcon_core.event_handler.log_command:Invoked command in '/opt/erc_ws/build/tiago_pro_bringup' returned '0': AMENT_PREFIX_PATH=/opt/erc_ws/install/tiago_pro_head_bringup:/opt/erc_ws/install/tiago_pro_controller_configuration:/opt/erc_ws/install/tiago_pro_head_description:/opt/erc_ws/install/pal_sea_arm_controller_configuration:/opt/erc_ws/install/tiago_pro_head_controller_configuration:/opt/erc_ws/install/pal_pro_gripper_controller_configuration:/opt/erc_ws/install/pal_urdf_utils:/opt/erc_ws/install/pal_pro_gripper_wrapper:/opt/erc_ws/install/omni_base_controller_configuration:/opt/erc_ws/install/launch_pal:${AMENT_PREFIX_PATH} CMAKE_PREFIX_PATH=/opt/erc_ws/install/tiago_pro_head_bringup:/opt/erc_ws/install/tiago_pro_controller_configuration:/opt/erc_ws/install/tiago_pro_head_description:/opt/erc_ws/install/pal_sea_arm_controller_configuration:/opt/erc_ws/install/tiago_pro_head_controller_configuration:/opt/erc_ws/install/pal_pro_gripper_controller_configuration:/opt/erc_ws/install/pal_urdf_utils:/opt/erc_ws/install/omni_base_controller_configuration:/opt/erc_ws/install/erc_solution:/opt/ros/humble PYTHONPATH=/opt/erc_ws/install/tiago_pro_head_description/local/lib/python3.10/dist-packages:/opt/erc_ws/install/pal_pro_gripper_wrapper/lib/python3.10/site-packages:/opt/erc_ws/install/launch_pal/lib/python3.10/site-packages:${PYTHONPATH} /usr/bin/cmake --build /opt/erc_ws/build/tiago_pro_bringup -- -j16 -l16
[5.088s] DEBUG:colcon.colcon_core.event_handler.log_command:Invoking command in '/opt/erc_ws/build/tiago_pro_bringup': AMENT_PREFIX_PATH=/opt/erc_ws/install/tiago_pro_head_bringup:/opt/erc_ws/install/tiago_pro_controller_configuration:/opt/erc_ws/install/tiago_pro_head_description:/opt/erc_ws/install/pal_sea_arm_controller_configuration:/opt/erc_ws/install/tiago_pro_head_controller_configuration:/opt/erc_ws/install/pal_pro_gripper_controller_configuration:/opt/erc_ws/install/pal_urdf_utils:/opt/erc_ws/install/pal_pro_gripper_wrapper:/opt/erc_ws/install/omni_base_controller_configuration:/opt/erc_ws/install/launch_pal:${AMENT_PREFIX_PATH} CMAKE_PREFIX_PATH=/opt/erc_ws/install/tiago_pro_head_bringup:/opt/erc_ws/install/tiago_pro_controller_configuration:/opt/erc_ws/install/tiago_pro_head_description:/opt/erc_ws/install/pal_sea_arm_controller_configuration:/opt/erc_ws/install/tiago_pro_head_controller_configuration:/opt/erc_ws/install/pal_pro_gripper_controller_configuration:/opt/erc_ws/install/pal_urdf_utils:/opt/erc_ws/install/omni_base_controller_configuration:/opt/erc_ws/install/erc_solution:/opt/ros/humble PYTHONPATH=/opt/erc_ws/install/tiago_pro_head_description/local/lib/python3.10/dist-packages:/opt/erc_ws/install/pal_pro_gripper_wrapper/lib/python3.10/site-packages:/opt/erc_ws/install/launch_pal/lib/python3.10/site-packages:${PYTHONPATH} /usr/bin/cmake --install /opt/erc_ws/build/tiago_pro_bringup
[5.127s] Level 1:colcon.colcon_core.environment:create_environment_scripts_only(tiago_pro_bringup)
[5.127s] Level 1:colcon.colcon_core.environment:checking '/opt/erc_ws/install/tiago_pro_bringup' for CMake module files
[5.128s] DEBUG:colcon.colcon_core.event_handler.log_command:Invoked command in '/opt/erc_ws/build/tiago_pro_bringup' returned '0': AMENT_PREFIX_PATH=/opt/erc_ws/install/tiago_pro_head_bringup:/opt/erc_ws/install/tiago_pro_controller_configuration:/opt/erc_ws/install/tiago_pro_head_description:/opt/erc_ws/install/pal_sea_arm_controller_configuration:/opt/erc_ws/install/tiago_pro_head_controller_configuration:/opt/erc_ws/install/pal_pro_gripper_controller_configuration:/opt/erc_ws/install/pal_urdf_utils:/opt/erc_ws/install/pal_pro_gripper_wrapper:/opt/erc_ws/install/omni_base_controller_configuration:/opt/erc_ws/install/launch_pal:${AMENT_PREFIX_PATH} CMAKE_PREFIX_PATH=/opt/erc_ws/install/tiago_pro_head_bringup:/opt/erc_ws/install/tiago_pro_controller_configuration:/opt/erc_ws/install/tiago_pro_head_description:/opt/erc_ws/install/pal_sea_arm_controller_configuration:/opt/erc_ws/install/tiago_pro_head_controller_configuration:/opt/erc_ws/install/pal_pro_gripper_controller_configuration:/opt/erc_ws/install/pal_urdf_utils:/opt/erc_ws/install/omni_base_controller_configuration:/opt/erc_ws/install/erc_solution:/opt/ros/humble PYTHONPATH=/opt/erc_ws/install/tiago_pro_head_description/local/lib/python3.10/dist-packages:/opt/erc_ws/install/pal_pro_gripper_wrapper/lib/python3.10/site-packages:/opt/erc_ws/install/launch_pal/lib/python3.10/site-packages:${PYTHONPATH} /usr/bin/cmake --install /opt/erc_ws/build/tiago_pro_bringup
[5.128s] Level 1:colcon.colcon_core.environment:checking '/opt/erc_ws/install/tiago_pro_bringup' for CMake config files
[5.128s] Level 1:colcon.colcon_core.shell:create_environment_hook('tiago_pro_bringup', 'cmake_prefix_path')
[5.129s] INFO:colcon.colcon_core.shell:Creating environment hook '/opt/erc_ws/install/tiago_pro_bringup/share/tiago_pro_bringup/hook/cmake_prefix_path.ps1'
[5.130s] INFO:colcon.colcon_core.shell:Creating environment descriptor '/opt/erc_ws/install/tiago_pro_bringup/share/tiago_pro_bringup/hook/cmake_prefix_path.dsv'
[5.130s] INFO:colcon.colcon_core.shell:Creating environment hook '/opt/erc_ws/install/tiago_pro_bringup/share/tiago_pro_bringup/hook/cmake_prefix_path.sh'
[5.131s] Level 1:colcon.colcon_core.environment:checking '/opt/erc_ws/install/tiago_pro_bringup/lib'
[5.131s] Level 1:colcon.colcon_core.environment:checking '/opt/erc_ws/install/tiago_pro_bringup/bin'
[5.131s] Level 1:colcon.colcon_core.environment:checking '/opt/erc_ws/install/tiago_pro_bringup/lib/pkgconfig/tiago_pro_bringup.pc'
[5.131s] Level 1:colcon.colcon_core.environment:checking '/opt/erc_ws/install/tiago_pro_bringup/lib/python3.10/site-packages'
[5.131s] Level 1:colcon.colcon_core.environment:checking '/opt/erc_ws/install/tiago_pro_bringup/bin'
[5.131s] INFO:colcon.colcon_core.shell:Creating package script '/opt/erc_ws/install/tiago_pro_bringup/share/tiago_pro_bringup/package.ps1'
[5.132s] INFO:colcon.colcon_core.shell:Creating package descriptor '/opt/erc_ws/install/tiago_pro_bringup/share/tiago_pro_bringup/package.dsv'
[5.132s] INFO:colcon.colcon_core.shell:Creating package script '/opt/erc_ws/install/tiago_pro_bringup/share/tiago_pro_bringup/package.sh'
[5.132s] INFO:colcon.colcon_core.shell:Creating package script '/opt/erc_ws/install/tiago_pro_bringup/share/tiago_pro_bringup/package.bash'
[5.133s] INFO:colcon.colcon_core.shell:Creating package script '/opt/erc_ws/install/tiago_pro_bringup/share/tiago_pro_bringup/package.zsh'
[5.133s] Level 1:colcon.colcon_core.environment:create_file_with_runtime_dependencies(/opt/erc_ws/install/tiago_pro_bringup/share/colcon-core/packages/tiago_pro_bringup)
[5.134s] Level 1:colcon.colcon_core.environment:create_environment_scripts_only(tiago_pro_bringup)
[5.134s] Level 1:colcon.colcon_core.environment:checking '/opt/erc_ws/install/tiago_pro_bringup' for CMake module files
[5.135s] Level 1:colcon.colcon_core.environment:checking '/opt/erc_ws/install/tiago_pro_bringup' for CMake config files
[5.135s] Level 1:colcon.colcon_core.shell:create_environment_hook('tiago_pro_bringup', 'cmake_prefix_path')
[5.135s] INFO:colcon.colcon_core.shell:Creating environment hook '/opt/erc_ws/install/tiago_pro_bringup/share/tiago_pro_bringup/hook/cmake_prefix_path.ps1'
[5.135s] INFO:colcon.colcon_core.shell:Creating environment descriptor '/opt/erc_ws/install/tiago_pro_bringup/share/tiago_pro_bringup/hook/cmake_prefix_path.dsv'
[5.135s] INFO:colcon.colcon_core.shell:Creating environment hook '/opt/erc_ws/install/tiago_pro_bringup/share/tiago_pro_bringup/hook/cmake_prefix_path.sh'
[5.136s] Level 1:colcon.colcon_core.environment:checking '/opt/erc_ws/install/tiago_pro_bringup/lib'
[5.136s] Level 1:colcon.colcon_core.environment:checking '/opt/erc_ws/install/tiago_pro_bringup/bin'
[5.136s] Level 1:colcon.colcon_core.environment:checking '/opt/erc_ws/install/tiago_pro_bringup/lib/pkgconfig/tiago_pro_bringup.pc'
[5.136s] Level 1:colcon.colcon_core.environment:checking '/opt/erc_ws/install/tiago_pro_bringup/lib/python3.10/site-packages'
[5.136s] Level 1:colcon.colcon_core.environment:checking '/opt/erc_ws/install/tiago_pro_bringup/bin'
[5.136s] INFO:colcon.colcon_core.shell:Creating package script '/opt/erc_ws/install/tiago_pro_bringup/share/tiago_pro_bringup/package.ps1'
[5.137s] INFO:colcon.colcon_core.shell:Creating package descriptor '/opt/erc_ws/install/tiago_pro_bringup/share/tiago_pro_bringup/package.dsv'
[5.137s] INFO:colcon.colcon_core.shell:Creating package script '/opt/erc_ws/install/tiago_pro_bringup/share/tiago_pro_bringup/package.sh'
[5.137s] INFO:colcon.colcon_core.shell:Creating package script '/opt/erc_ws/install/tiago_pro_bringup/share/tiago_pro_bringup/package.bash'
[5.138s] INFO:colcon.colcon_core.shell:Creating package script '/opt/erc_ws/install/tiago_pro_bringup/share/tiago_pro_bringup/package.zsh'
[5.138s] Level 1:colcon.colcon_core.environment:create_file_with_runtime_dependencies(/opt/erc_ws/install/tiago_pro_bringup/share/colcon-core/packages/tiago_pro_bringup)
[5.345s] DEBUG:colcon.colcon_core.event_handler.log_command:Invoked command in '/opt/erc_ws/build/pal_sea_arm_bringup' returned '0': AMENT_PREFIX_PATH=/opt/erc_ws/install/pal_sea_arm_description:/opt/erc_ws/install/pal_sea_arm_controller_configuration:/opt/erc_ws/install/pal_pro_gripper_description:/opt/erc_ws/install/pal_pro_gripper_controller_configuration:/opt/erc_ws/install/pal_urdf_utils:/opt/erc_ws/install/pal_pro_gripper_wrapper:/opt/erc_ws/install/launch_pal:${AMENT_PREFIX_PATH} CMAKE_PREFIX_PATH=/opt/erc_ws/install/pal_sea_arm_description:/opt/erc_ws/install/pal_sea_arm_controller_configuration:/opt/erc_ws/install/pal_pro_gripper_description:/opt/erc_ws/install/pal_pro_gripper_controller_configuration:/opt/erc_ws/install/pal_urdf_utils:/opt/erc_ws/install/erc_solution:/opt/ros/humble PYTHONPATH=/opt/erc_ws/install/pal_sea_arm_description/local/lib/python3.10/dist-packages:/opt/erc_ws/install/pal_pro_gripper_description/local/lib/python3.10/dist-packages:/opt/erc_ws/install/pal_pro_gripper_wrapper/lib/python3.10/site-packages:/opt/erc_ws/install/launch_pal/lib/python3.10/site-packages:${PYTHONPATH} /usr/bin/cmake /opt/erc_ws/src/pal_sea_arm/pal_sea_arm_bringup -DCMAKE_INSTALL_PREFIX=/opt/erc_ws/install/pal_sea_arm_bringup
[5.346s] DEBUG:colcon.colcon_core.event_handler.log_command:Invoking command in '/opt/erc_ws/build/pal_sea_arm_bringup': AMENT_PREFIX_PATH=/opt/erc_ws/install/pal_sea_arm_description:/opt/erc_ws/install/pal_sea_arm_controller_configuration:/opt/erc_ws/install/pal_pro_gripper_description:/opt/erc_ws/install/pal_pro_gripper_controller_configuration:/opt/erc_ws/install/pal_urdf_utils:/opt/erc_ws/install/pal_pro_gripper_wrapper:/opt/erc_ws/install/launch_pal:${AMENT_PREFIX_PATH} CMAKE_PREFIX_PATH=/opt/erc_ws/install/pal_sea_arm_description:/opt/erc_ws/install/pal_sea_arm_controller_configuration:/opt/erc_ws/install/pal_pro_gripper_description:/opt/erc_ws/install/pal_pro_gripper_controller_configuration:/opt/erc_ws/install/pal_urdf_utils:/opt/erc_ws/install/erc_solution:/opt/ros/humble PYTHONPATH=/opt/erc_ws/install/pal_sea_arm_description/local/lib/python3.10/dist-packages:/opt/erc_ws/install/pal_pro_gripper_description/local/lib/python3.10/dist-packages:/opt/erc_ws/install/pal_pro_gripper_wrapper/lib/python3.10/site-packages:/opt/erc_ws/install/launch_pal/lib/python3.10/site-packages:${PYTHONPATH} /usr/bin/cmake --build /opt/erc_ws/build/pal_sea_arm_bringup -- -j16 -l16
[5.378s] DEBUG:colcon.colcon_core.event_handler.log_command:Invoked command in '/opt/erc_ws/build/pal_sea_arm_bringup' returned '0': AMENT_PREFIX_PATH=/opt/erc_ws/install/pal_sea_arm_description:/opt/erc_ws/install/pal_sea_arm_controller_configuration:/opt/erc_ws/install/pal_pro_gripper_description:/opt/erc_ws/install/pal_pro_gripper_controller_configuration:/opt/erc_ws/install/pal_urdf_utils:/opt/erc_ws/install/pal_pro_gripper_wrapper:/opt/erc_ws/install/launch_pal:${AMENT_PREFIX_PATH} CMAKE_PREFIX_PATH=/opt/erc_ws/install/pal_sea_arm_description:/opt/erc_ws/install/pal_sea_arm_controller_configuration:/opt/erc_ws/install/pal_pro_gripper_description:/opt/erc_ws/install/pal_pro_gripper_controller_configuration:/opt/erc_ws/install/pal_urdf_utils:/opt/erc_ws/install/erc_solution:/opt/ros/humble PYTHONPATH=/opt/erc_ws/install/pal_sea_arm_description/local/lib/python3.10/dist-packages:/opt/erc_ws/install/pal_pro_gripper_description/local/lib/python3.10/dist-packages:/opt/erc_ws/install/pal_pro_gripper_wrapper/lib/python3.10/site-packages:/opt/erc_ws/install/launch_pal/lib/python3.10/site-packages:${PYTHONPATH} /usr/bin/cmake --build /opt/erc_ws/build/pal_sea_arm_bringup -- -j16 -l16
[5.379s] DEBUG:colcon.colcon_core.event_handler.log_command:Invoking command in '/opt/erc_ws/build/pal_sea_arm_bringup': AMENT_PREFIX_PATH=/opt/erc_ws/install/pal_sea_arm_description:/opt/erc_ws/install/pal_sea_arm_controller_configuration:/opt/erc_ws/install/pal_pro_gripper_description:/opt/erc_ws/install/pal_pro_gripper_controller_configuration:/opt/erc_ws/install/pal_urdf_utils:/opt/erc_ws/install/pal_pro_gripper_wrapper:/opt/erc_ws/install/launch_pal:${AMENT_PREFIX_PATH} CMAKE_PREFIX_PATH=/opt/erc_ws/install/pal_sea_arm_description:/opt/erc_ws/install/pal_sea_arm_controller_configuration:/opt/erc_ws/install/pal_pro_gripper_description:/opt/erc_ws/install/pal_pro_gripper_controller_configuration:/opt/erc_ws/install/pal_urdf_utils:/opt/erc_ws/install/erc_solution:/opt/ros/humble PYTHONPATH=/opt/erc_ws/install/pal_sea_arm_description/local/lib/python3.10/dist-packages:/opt/erc_ws/install/pal_pro_gripper_description/local/lib/python3.10/dist-packages:/opt/erc_ws/install/pal_pro_gripper_wrapper/lib/python3.10/site-packages:/opt/erc_ws/install/launch_pal/lib/python3.10/site-packages:${PYTHONPATH} /usr/bin/cmake --install /opt/erc_ws/build/pal_sea_arm_bringup
[5.392s] Level 1:colcon.colcon_core.environment:create_environment_scripts_only(pal_sea_arm_bringup)
[5.392s] Level 1:colcon.colcon_core.environment:checking '/opt/erc_ws/install/pal_sea_arm_bringup' for CMake module files
[5.393s] DEBUG:colcon.colcon_core.event_handler.log_command:Invoked command in '/opt/erc_ws/build/pal_sea_arm_bringup' returned '0': AMENT_PREFIX_PATH=/opt/erc_ws/install/pal_sea_arm_description:/opt/erc_ws/install/pal_sea_arm_controller_configuration:/opt/erc_ws/install/pal_pro_gripper_description:/opt/erc_ws/install/pal_pro_gripper_controller_configuration:/opt/erc_ws/install/pal_urdf_utils:/opt/erc_ws/install/pal_pro_gripper_wrapper:/opt/erc_ws/install/launch_pal:${AMENT_PREFIX_PATH} CMAKE_PREFIX_PATH=/opt/erc_ws/install/pal_sea_arm_description:/opt/erc_ws/install/pal_sea_arm_controller_configuration:/opt/erc_ws/install/pal_pro_gripper_description:/opt/erc_ws/install/pal_pro_gripper_controller_configuration:/opt/erc_ws/install/pal_urdf_utils:/opt/erc_ws/install/erc_solution:/opt/ros/humble PYTHONPATH=/opt/erc_ws/install/pal_sea_arm_description/local/lib/python3.10/dist-packages:/opt/erc_ws/install/pal_pro_gripper_description/local/lib/python3.10/dist-packages:/opt/erc_ws/install/pal_pro_gripper_wrapper/lib/python3.10/site-packages:/opt/erc_ws/install/launch_pal/lib/python3.10/site-packages:${PYTHONPATH} /usr/bin/cmake --install /opt/erc_ws/build/pal_sea_arm_bringup
[5.393s] Level 1:colcon.colcon_core.environment:checking '/opt/erc_ws/install/pal_sea_arm_bringup' for CMake config files
[5.393s] Level 1:colcon.colcon_core.shell:create_environment_hook('pal_sea_arm_bringup', 'cmake_prefix_path')
[5.393s] INFO:colcon.colcon_core.shell:Creating environment hook '/opt/erc_ws/install/pal_sea_arm_bringup/share/pal_sea_arm_bringup/hook/cmake_prefix_path.ps1'
[5.394s] INFO:colcon.colcon_core.shell:Creating environment descriptor '/opt/erc_ws/install/pal_sea_arm_bringup/share/pal_sea_arm_bringup/hook/cmake_prefix_path.dsv'
[5.394s] INFO:colcon.colcon_core.shell:Creating environment hook '/opt/erc_ws/install/pal_sea_arm_bringup/share/pal_sea_arm_bringup/hook/cmake_prefix_path.sh'
[5.395s] Level 1:colcon.colcon_core.environment:checking '/opt/erc_ws/install/pal_sea_arm_bringup/lib'
[5.395s] Level 1:colcon.colcon_core.environment:checking '/opt/erc_ws/install/pal_sea_arm_bringup/bin'
[5.395s] Level 1:colcon.colcon_core.environment:checking '/opt/erc_ws/install/pal_sea_arm_bringup/lib/pkgconfig/pal_sea_arm_bringup.pc'
[5.395s] Level 1:colcon.colcon_core.environment:checking '/opt/erc_ws/install/pal_sea_arm_bringup/lib/python3.10/site-packages'
[5.395s] Level 1:colcon.colcon_core.environment:checking '/opt/erc_ws/install/pal_sea_arm_bringup/bin'
[5.395s] INFO:colcon.colcon_core.shell:Creating package script '/opt/erc_ws/install/pal_sea_arm_bringup/share/pal_sea_arm_bringup/package.ps1'
[5.396s] INFO:colcon.colcon_core.shell:Creating package descriptor '/opt/erc_ws/install/pal_sea_arm_bringup/share/pal_sea_arm_bringup/package.dsv'
[5.396s] INFO:colcon.colcon_core.shell:Creating package script '/opt/erc_ws/install/pal_sea_arm_bringup/share/pal_sea_arm_bringup/package.sh'
[5.397s] INFO:colcon.colcon_core.shell:Creating package script '/opt/erc_ws/install/pal_sea_arm_bringup/share/pal_sea_arm_bringup/package.bash'
[5.397s] INFO:colcon.colcon_core.shell:Creating package script '/opt/erc_ws/install/pal_sea_arm_bringup/share/pal_sea_arm_bringup/package.zsh'
[5.397s] Level 1:colcon.colcon_core.environment:create_file_with_runtime_dependencies(/opt/erc_ws/install/pal_sea_arm_bringup/share/colcon-core/packages/pal_sea_arm_bringup)
[5.398s] Level 1:colcon.colcon_core.environment:create_environment_scripts_only(pal_sea_arm_bringup)
[5.399s] Level 1:colcon.colcon_core.environment:checking '/opt/erc_ws/install/pal_sea_arm_bringup' for CMake module files
[5.399s] Level 1:colcon.colcon_core.environment:checking '/opt/erc_ws/install/pal_sea_arm_bringup' for CMake config files
[5.399s] Level 1:colcon.colcon_core.shell:create_environment_hook('pal_sea_arm_bringup', 'cmake_prefix_path')
[5.399s] INFO:colcon.colcon_core.shell:Creating environment hook '/opt/erc_ws/install/pal_sea_arm_bringup/share/pal_sea_arm_bringup/hook/cmake_prefix_path.ps1'
[5.399s] INFO:colcon.colcon_core.shell:Creating environment descriptor '/opt/erc_ws/install/pal_sea_arm_bringup/share/pal_sea_arm_bringup/hook/cmake_prefix_path.dsv'
[5.400s] INFO:colcon.colcon_core.shell:Creating environment hook '/opt/erc_ws/install/pal_sea_arm_bringup/share/pal_sea_arm_bringup/hook/cmake_prefix_path.sh'
[5.400s] Level 1:colcon.colcon_core.environment:checking '/opt/erc_ws/install/pal_sea_arm_bringup/lib'
[5.400s] Level 1:colcon.colcon_core.environment:checking '/opt/erc_ws/install/pal_sea_arm_bringup/bin'
[5.400s] Level 1:colcon.colcon_core.environment:checking '/opt/erc_ws/install/pal_sea_arm_bringup/lib/pkgconfig/pal_sea_arm_bringup.pc'
[5.400s] Level 1:colcon.colcon_core.environment:checking '/opt/erc_ws/install/pal_sea_arm_bringup/lib/python3.10/site-packages'
[5.401s] Level 1:colcon.colcon_core.environment:checking '/opt/erc_ws/install/pal_sea_arm_bringup/bin'
[5.401s] INFO:colcon.colcon_core.shell:Creating package script '/opt/erc_ws/install/pal_sea_arm_bringup/share/pal_sea_arm_bringup/package.ps1'
[5.401s] INFO:colcon.colcon_core.shell:Creating package descriptor '/opt/erc_ws/install/pal_sea_arm_bringup/share/pal_sea_arm_bringup/package.dsv'
[5.402s] INFO:colcon.colcon_core.shell:Creating package script '/opt/erc_ws/install/pal_sea_arm_bringup/share/pal_sea_arm_bringup/package.sh'
[5.402s] INFO:colcon.colcon_core.shell:Creating package script '/opt/erc_ws/install/pal_sea_arm_bringup/share/pal_sea_arm_bringup/package.bash'
[5.403s] INFO:colcon.colcon_core.shell:Creating package script '/opt/erc_ws/install/pal_sea_arm_bringup/share/pal_sea_arm_bringup/package.zsh'
[5.403s] Level 1:colcon.colcon_core.environment:create_file_with_runtime_dependencies(/opt/erc_ws/install/pal_sea_arm_bringup/share/colcon-core/packages/pal_sea_arm_bringup)
[5.403s] INFO:colcon.colcon_ros.task.ament_cmake.build:Building ROS package in '/opt/erc_ws/src/pal_sea_arm/pal_sea_arm' with build type 'ament_cmake'
[5.404s] INFO:colcon.colcon_cmake.task.cmake.build:Building CMake package in '/opt/erc_ws/src/pal_sea_arm/pal_sea_arm'
[5.404s] INFO:colcon.colcon_core.shell:Skip shell extension 'powershell' for command environment: Not usable outside of PowerShell
[5.404s] DEBUG:colcon.colcon_core.shell:Skip shell extension 'dsv' for command environment
[5.421s] DEBUG:colcon.colcon_core.event_handler.log_command:Invoking command in '/opt/erc_ws/build/pal_sea_arm': AMENT_PREFIX_PATH=/opt/erc_ws/install/pal_sea_arm_bringup:/opt/erc_ws/install/pal_sea_arm_description:/opt/erc_ws/install/pal_sea_arm_controller_configuration:/opt/erc_ws/install/pal_pro_gripper_description:/opt/erc_ws/install/pal_pro_gripper_controller_configuration:/opt/erc_ws/install/pal_urdf_utils:/opt/erc_ws/install/pal_pro_gripper_wrapper:/opt/erc_ws/install/launch_pal:${AMENT_PREFIX_PATH} CMAKE_PREFIX_PATH=/opt/erc_ws/install/pal_sea_arm_bringup:/opt/erc_ws/install/pal_sea_arm_description:/opt/erc_ws/install/pal_sea_arm_controller_configuration:/opt/erc_ws/install/pal_pro_gripper_description:/opt/erc_ws/install/pal_pro_gripper_controller_configuration:/opt/erc_ws/install/pal_urdf_utils:/opt/erc_ws/install/erc_solution:/opt/ros/humble PYTHONPATH=/opt/erc_ws/install/pal_sea_arm_description/local/lib/python3.10/dist-packages:/opt/erc_ws/install/pal_pro_gripper_description/local/lib/python3.10/dist-packages:/opt/erc_ws/install/pal_pro_gripper_wrapper/lib/python3.10/site-packages:/opt/erc_ws/install/launch_pal/lib/python3.10/site-packages:${PYTHONPATH} /usr/bin/cmake /opt/erc_ws/src/pal_sea_arm/pal_sea_arm -DCMAKE_INSTALL_PREFIX=/opt/erc_ws/install/pal_sea_arm
[5.662s] DEBUG:colcon.colcon_core.event_handler.log_command:Invoked command in '/opt/erc_ws/build/tiago_pro_description' returned '0': AMENT_PREFIX_PATH=/opt/erc_ws/install/pal_sea_arm_description:/opt/erc_ws/install/tiago_pro_head_description:/opt/erc_ws/install/pal_sea_arm_controller_configuration:/opt/erc_ws/install/tiago_pro_head_controller_configuration:/opt/erc_ws/install/pal_pro_gripper_description:/opt/erc_ws/install/pal_pro_gripper_controller_configuration:/opt/erc_ws/install/omni_base_description:/opt/erc_ws/install/pal_urdf_utils:/opt/erc_ws/install/pal_pro_gripper_wrapper:/opt/erc_ws/install/launch_pal:${AMENT_PREFIX_PATH} CMAKE_PREFIX_PATH=/opt/erc_ws/install/pal_sea_arm_description:/opt/erc_ws/install/tiago_pro_head_description:/opt/erc_ws/install/pal_sea_arm_controller_configuration:/opt/erc_ws/install/tiago_pro_head_controller_configuration:/opt/erc_ws/install/pal_pro_gripper_description:/opt/erc_ws/install/pal_pro_gripper_controller_configuration:/opt/erc_ws/install/omni_base_description:/opt/erc_ws/install/pal_urdf_utils:/opt/erc_ws/install/erc_solution:/opt/ros/humble PYTHONPATH=/opt/erc_ws/install/pal_sea_arm_description/local/lib/python3.10/dist-packages:/opt/erc_ws/install/tiago_pro_head_description/local/lib/python3.10/dist-packages:/opt/erc_ws/install/pal_pro_gripper_description/local/lib/python3.10/dist-packages:/opt/erc_ws/install/omni_base_description/local/lib/python3.10/dist-packages:/opt/erc_ws/install/pal_pro_gripper_wrapper/lib/python3.10/site-packages:/opt/erc_ws/install/launch_pal/lib/python3.10/site-packages:${PYTHONPATH} /usr/bin/cmake /opt/erc_ws/src/tiago_pro_robot/tiago_pro_description -DCMAKE_INSTALL_PREFIX=/opt/erc_ws/install/tiago_pro_description
[5.663s] DEBUG:colcon.colcon_core.event_handler.log_command:Invoking command in '/opt/erc_ws/build/tiago_pro_description': AMENT_PREFIX_PATH=/opt/erc_ws/install/pal_sea_arm_description:/opt/erc_ws/install/tiago_pro_head_description:/opt/erc_ws/install/pal_sea_arm_controller_configuration:/opt/erc_ws/install/tiago_pro_head_controller_configuration:/opt/erc_ws/install/pal_pro_gripper_description:/opt/erc_ws/install/pal_pro_gripper_controller_configuration:/opt/erc_ws/install/omni_base_description:/opt/erc_ws/install/pal_urdf_utils:/opt/erc_ws/install/pal_pro_gripper_wrapper:/opt/erc_ws/install/launch_pal:${AMENT_PREFIX_PATH} CMAKE_PREFIX_PATH=/opt/erc_ws/install/pal_sea_arm_description:/opt/erc_ws/install/tiago_pro_head_description:/opt/erc_ws/install/pal_sea_arm_controller_configuration:/opt/erc_ws/install/tiago_pro_head_controller_configuration:/opt/erc_ws/install/pal_pro_gripper_description:/opt/erc_ws/install/pal_pro_gripper_controller_configuration:/opt/erc_ws/install/omni_base_description:/opt/erc_ws/install/pal_urdf_utils:/opt/erc_ws/install/erc_solution:/opt/ros/humble PYTHONPATH=/opt/erc_ws/install/pal_sea_arm_description/local/lib/python3.10/dist-packages:/opt/erc_ws/install/tiago_pro_head_description/local/lib/python3.10/dist-packages:/opt/erc_ws/install/pal_pro_gripper_description/local/lib/python3.10/dist-packages:/opt/erc_ws/install/omni_base_description/local/lib/python3.10/dist-packages:/opt/erc_ws/install/pal_pro_gripper_wrapper/lib/python3.10/site-packages:/opt/erc_ws/install/launch_pal/lib/python3.10/site-packages:${PYTHONPATH} /usr/bin/cmake --build /opt/erc_ws/build/tiago_pro_description -- -j16 -l16
[5.935s] DEBUG:colcon.colcon_core.event_handler.log_command:Invoked command in '/opt/erc_ws/build/tiago_pro_description' returned '0': AMENT_PREFIX_PATH=/opt/erc_ws/install/pal_sea_arm_description:/opt/erc_ws/install/tiago_pro_head_description:/opt/erc_ws/install/pal_sea_arm_controller_configuration:/opt/erc_ws/install/tiago_pro_head_controller_configuration:/opt/erc_ws/install/pal_pro_gripper_description:/opt/erc_ws/install/pal_pro_gripper_controller_configuration:/opt/erc_ws/install/omni_base_description:/opt/erc_ws/install/pal_urdf_utils:/opt/erc_ws/install/pal_pro_gripper_wrapper:/opt/erc_ws/install/launch_pal:${AMENT_PREFIX_PATH} CMAKE_PREFIX_PATH=/opt/erc_ws/install/pal_sea_arm_description:/opt/erc_ws/install/tiago_pro_head_description:/opt/erc_ws/install/pal_sea_arm_controller_configuration:/opt/erc_ws/install/tiago_pro_head_controller_configuration:/opt/erc_ws/install/pal_pro_gripper_description:/opt/erc_ws/install/pal_pro_gripper_controller_configuration:/opt/erc_ws/install/omni_base_description:/opt/erc_ws/install/pal_urdf_utils:/opt/erc_ws/install/erc_solution:/opt/ros/humble PYTHONPATH=/opt/erc_ws/install/pal_sea_arm_description/local/lib/python3.10/dist-packages:/opt/erc_ws/install/tiago_pro_head_description/local/lib/python3.10/dist-packages:/opt/erc_ws/install/pal_pro_gripper_description/local/lib/python3.10/dist-packages:/opt/erc_ws/install/omni_base_description/local/lib/python3.10/dist-packages:/opt/erc_ws/install/pal_pro_gripper_wrapper/lib/python3.10/site-packages:/opt/erc_ws/install/launch_pal/lib/python3.10/site-packages:${PYTHONPATH} /usr/bin/cmake --build /opt/erc_ws/build/tiago_pro_description -- -j16 -l16
[5.938s] DEBUG:colcon.colcon_core.event_handler.log_command:Invoking command in '/opt/erc_ws/build/tiago_pro_description': AMENT_PREFIX_PATH=/opt/erc_ws/install/pal_sea_arm_description:/opt/erc_ws/install/tiago_pro_head_description:/opt/erc_ws/install/pal_sea_arm_controller_configuration:/opt/erc_ws/install/tiago_pro_head_controller_configuration:/opt/erc_ws/install/pal_pro_gripper_description:/opt/erc_ws/install/pal_pro_gripper_controller_configuration:/opt/erc_ws/install/omni_base_description:/opt/erc_ws/install/pal_urdf_utils:/opt/erc_ws/install/pal_pro_gripper_wrapper:/opt/erc_ws/install/launch_pal:${AMENT_PREFIX_PATH} CMAKE_PREFIX_PATH=/opt/erc_ws/install/pal_sea_arm_description:/opt/erc_ws/install/tiago_pro_head_description:/opt/erc_ws/install/pal_sea_arm_controller_configuration:/opt/erc_ws/install/tiago_pro_head_controller_configuration:/opt/erc_ws/install/pal_pro_gripper_description:/opt/erc_ws/install/pal_pro_gripper_controller_configuration:/opt/erc_ws/install/omni_base_description:/opt/erc_ws/install/pal_urdf_utils:/opt/erc_ws/install/erc_solution:/opt/ros/humble PYTHONPATH=/opt/erc_ws/install/pal_sea_arm_description/local/lib/python3.10/dist-packages:/opt/erc_ws/install/tiago_pro_head_description/local/lib/python3.10/dist-packages:/opt/erc_ws/install/pal_pro_gripper_description/local/lib/python3.10/dist-packages:/opt/erc_ws/install/omni_base_description/local/lib/python3.10/dist-packages:/opt/erc_ws/install/pal_pro_gripper_wrapper/lib/python3.10/site-packages:/opt/erc_ws/install/launch_pal/lib/python3.10/site-packages:${PYTHONPATH} /usr/bin/cmake --install /opt/erc_ws/build/tiago_pro_description
[5.945s] DEBUG:colcon.colcon_core.event_handler.log_command:Invoked command in '/opt/erc_ws/build/pal_sea_arm' returned '0': AMENT_PREFIX_PATH=/opt/erc_ws/install/pal_sea_arm_bringup:/opt/erc_ws/install/pal_sea_arm_description:/opt/erc_ws/install/pal_sea_arm_controller_configuration:/opt/erc_ws/install/pal_pro_gripper_description:/opt/erc_ws/install/pal_pro_gripper_controller_configuration:/opt/erc_ws/install/pal_urdf_utils:/opt/erc_ws/install/pal_pro_gripper_wrapper:/opt/erc_ws/install/launch_pal:${AMENT_PREFIX_PATH} CMAKE_PREFIX_PATH=/opt/erc_ws/install/pal_sea_arm_bringup:/opt/erc_ws/install/pal_sea_arm_description:/opt/erc_ws/install/pal_sea_arm_controller_configuration:/opt/erc_ws/install/pal_pro_gripper_description:/opt/erc_ws/install/pal_pro_gripper_controller_configuration:/opt/erc_ws/install/pal_urdf_utils:/opt/erc_ws/install/erc_solution:/opt/ros/humble PYTHONPATH=/opt/erc_ws/install/pal_sea_arm_description/local/lib/python3.10/dist-packages:/opt/erc_ws/install/pal_pro_gripper_description/local/lib/python3.10/dist-packages:/opt/erc_ws/install/pal_pro_gripper_wrapper/lib/python3.10/site-packages:/opt/erc_ws/install/launch_pal/lib/python3.10/site-packages:${PYTHONPATH} /usr/bin/cmake /opt/erc_ws/src/pal_sea_arm/pal_sea_arm -DCMAKE_INSTALL_PREFIX=/opt/erc_ws/install/pal_sea_arm
[5.949s] DEBUG:colcon.colcon_core.event_handler.log_command:Invoking command in '/opt/erc_ws/build/pal_sea_arm': AMENT_PREFIX_PATH=/opt/erc_ws/install/pal_sea_arm_bringup:/opt/erc_ws/install/pal_sea_arm_description:/opt/erc_ws/install/pal_sea_arm_controller_configuration:/opt/erc_ws/install/pal_pro_gripper_description:/opt/erc_ws/install/pal_pro_gripper_controller_configuration:/opt/erc_ws/install/pal_urdf_utils:/opt/erc_ws/install/pal_pro_gripper_wrapper:/opt/erc_ws/install/launch_pal:${AMENT_PREFIX_PATH} CMAKE_PREFIX_PATH=/opt/erc_ws/install/pal_sea_arm_bringup:/opt/erc_ws/install/pal_sea_arm_description:/opt/erc_ws/install/pal_sea_arm_controller_configuration:/opt/erc_ws/install/pal_pro_gripper_description:/opt/erc_ws/install/pal_pro_gripper_controller_configuration:/opt/erc_ws/install/pal_urdf_utils:/opt/erc_ws/install/erc_solution:/opt/ros/humble PYTHONPATH=/opt/erc_ws/install/pal_sea_arm_description/local/lib/python3.10/dist-packages:/opt/erc_ws/install/pal_pro_gripper_description/local/lib/python3.10/dist-packages:/opt/erc_ws/install/pal_pro_gripper_wrapper/lib/python3.10/site-packages:/opt/erc_ws/install/launch_pal/lib/python3.10/site-packages:${PYTHONPATH} /usr/bin/cmake --build /opt/erc_ws/build/pal_sea_arm -- -j16 -l16
[5.977s] DEBUG:colcon.colcon_core.event_handler.log_command:Invoked command in '/opt/erc_ws/build/pal_sea_arm' returned '0': AMENT_PREFIX_PATH=/opt/erc_ws/install/pal_sea_arm_bringup:/opt/erc_ws/install/pal_sea_arm_description:/opt/erc_ws/install/pal_sea_arm_controller_configuration:/opt/erc_ws/install/pal_pro_gripper_description:/opt/erc_ws/install/pal_pro_gripper_controller_configuration:/opt/erc_ws/install/pal_urdf_utils:/opt/erc_ws/install/pal_pro_gripper_wrapper:/opt/erc_ws/install/launch_pal:${AMENT_PREFIX_PATH} CMAKE_PREFIX_PATH=/opt/erc_ws/install/pal_sea_arm_bringup:/opt/erc_ws/install/pal_sea_arm_description:/opt/erc_ws/install/pal_sea_arm_controller_configuration:/opt/erc_ws/install/pal_pro_gripper_description:/opt/erc_ws/install/pal_pro_gripper_controller_configuration:/opt/erc_ws/install/pal_urdf_utils:/opt/erc_ws/install/erc_solution:/opt/ros/humble PYTHONPATH=/opt/erc_ws/install/pal_sea_arm_description/local/lib/python3.10/dist-packages:/opt/erc_ws/install/pal_pro_gripper_description/local/lib/python3.10/dist-packages:/opt/erc_ws/install/pal_pro_gripper_wrapper/lib/python3.10/site-packages:/opt/erc_ws/install/launch_pal/lib/python3.10/site-packages:${PYTHONPATH} /usr/bin/cmake --build /opt/erc_ws/build/pal_sea_arm -- -j16 -l16
[5.981s] DEBUG:colcon.colcon_core.event_handler.log_command:Invoking command in '/opt/erc_ws/build/pal_sea_arm': AMENT_PREFIX_PATH=/opt/erc_ws/install/pal_sea_arm_bringup:/opt/erc_ws/install/pal_sea_arm_description:/opt/erc_ws/install/pal_sea_arm_controller_configuration:/opt/erc_ws/install/pal_pro_gripper_description:/opt/erc_ws/install/pal_pro_gripper_controller_configuration:/opt/erc_ws/install/pal_urdf_utils:/opt/erc_ws/install/pal_pro_gripper_wrapper:/opt/erc_ws/install/launch_pal:${AMENT_PREFIX_PATH} CMAKE_PREFIX_PATH=/opt/erc_ws/install/pal_sea_arm_bringup:/opt/erc_ws/install/pal_sea_arm_description:/opt/erc_ws/install/pal_sea_arm_controller_configuration:/opt/erc_ws/install/pal_pro_gripper_description:/opt/erc_ws/install/pal_pro_gripper_controller_configuration:/opt/erc_ws/install/pal_urdf_utils:/opt/erc_ws/install/erc_solution:/opt/ros/humble PYTHONPATH=/opt/erc_ws/install/pal_sea_arm_description/local/lib/python3.10/dist-packages:/opt/erc_ws/install/pal_pro_gripper_description/local/lib/python3.10/dist-packages:/opt/erc_ws/install/pal_pro_gripper_wrapper/lib/python3.10/site-packages:/opt/erc_ws/install/launch_pal/lib/python3.10/site-packages:${PYTHONPATH} /usr/bin/cmake --install /opt/erc_ws/build/pal_sea_arm
[5.997s] Level 1:colcon.colcon_core.environment:create_environment_scripts_only(pal_sea_arm)
[5.997s] Level 1:colcon.colcon_core.environment:checking '/opt/erc_ws/install/pal_sea_arm' for CMake module files
[5.998s] DEBUG:colcon.colcon_core.event_handler.log_command:Invoked command in '/opt/erc_ws/build/pal_sea_arm' returned '0': AMENT_PREFIX_PATH=/opt/erc_ws/install/pal_sea_arm_bringup:/opt/erc_ws/install/pal_sea_arm_description:/opt/erc_ws/install/pal_sea_arm_controller_configuration:/opt/erc_ws/install/pal_pro_gripper_description:/opt/erc_ws/install/pal_pro_gripper_controller_configuration:/opt/erc_ws/install/pal_urdf_utils:/opt/erc_ws/install/pal_pro_gripper_wrapper:/opt/erc_ws/install/launch_pal:${AMENT_PREFIX_PATH} CMAKE_PREFIX_PATH=/opt/erc_ws/install/pal_sea_arm_bringup:/opt/erc_ws/install/pal_sea_arm_description:/opt/erc_ws/install/pal_sea_arm_controller_configuration:/opt/erc_ws/install/pal_pro_gripper_description:/opt/erc_ws/install/pal_pro_gripper_controller_configuration:/opt/erc_ws/install/pal_urdf_utils:/opt/erc_ws/install/erc_solution:/opt/ros/humble PYTHONPATH=/opt/erc_ws/install/pal_sea_arm_description/local/lib/python3.10/dist-packages:/opt/erc_ws/install/pal_pro_gripper_description/local/lib/python3.10/dist-packages:/opt/erc_ws/install/pal_pro_gripper_wrapper/lib/python3.10/site-packages:/opt/erc_ws/install/launch_pal/lib/python3.10/site-packages:${PYTHONPATH} /usr/bin/cmake --install /opt/erc_ws/build/pal_sea_arm
[5.998s] Level 1:colcon.colcon_core.environment:checking '/opt/erc_ws/install/pal_sea_arm' for CMake config files
[5.999s] Level 1:colcon.colcon_core.shell:create_environment_hook('pal_sea_arm', 'cmake_prefix_path')
[5.999s] INFO:colcon.colcon_core.shell:Creating environment hook '/opt/erc_ws/install/pal_sea_arm/share/pal_sea_arm/hook/cmake_prefix_path.ps1'
[5.999s] INFO:colcon.colcon_core.shell:Creating environment descriptor '/opt/erc_ws/install/pal_sea_arm/share/pal_sea_arm/hook/cmake_prefix_path.dsv'
[6.000s] INFO:colcon.colcon_core.shell:Creating environment hook '/opt/erc_ws/install/pal_sea_arm/share/pal_sea_arm/hook/cmake_prefix_path.sh'
[6.001s] Level 1:colcon.colcon_core.environment:checking '/opt/erc_ws/install/pal_sea_arm/bin'
[6.001s] Level 1:colcon.colcon_core.environment:checking '/opt/erc_ws/install/pal_sea_arm/lib/pkgconfig/pal_sea_arm.pc'
[6.001s] Level 1:colcon.colcon_core.environment:checking '/opt/erc_ws/install/pal_sea_arm/lib/python3.10/site-packages'
[6.001s] Level 1:colcon.colcon_core.environment:checking '/opt/erc_ws/install/pal_sea_arm/bin'
[6.001s] INFO:colcon.colcon_core.shell:Creating package script '/opt/erc_ws/install/pal_sea_arm/share/pal_sea_arm/package.ps1'
[6.002s] INFO:colcon.colcon_core.shell:Creating package descriptor '/opt/erc_ws/install/pal_sea_arm/share/pal_sea_arm/package.dsv'
[6.003s] INFO:colcon.colcon_core.shell:Creating package script '/opt/erc_ws/install/pal_sea_arm/share/pal_sea_arm/package.sh'
[6.003s] INFO:colcon.colcon_core.shell:Creating package script '/opt/erc_ws/install/pal_sea_arm/share/pal_sea_arm/package.bash'
[6.003s] INFO:colcon.colcon_core.shell:Creating package script '/opt/erc_ws/install/pal_sea_arm/share/pal_sea_arm/package.zsh'
[6.003s] Level 1:colcon.colcon_core.environment:create_file_with_runtime_dependencies(/opt/erc_ws/install/pal_sea_arm/share/colcon-core/packages/pal_sea_arm)
[6.004s] Level 1:colcon.colcon_core.environment:create_environment_scripts_only(pal_sea_arm)
[6.004s] Level 1:colcon.colcon_core.environment:checking '/opt/erc_ws/install/pal_sea_arm' for CMake module files
[6.005s] Level 1:colcon.colcon_core.environment:checking '/opt/erc_ws/install/pal_sea_arm' for CMake config files
[6.005s] Level 1:colcon.colcon_core.shell:create_environment_hook('pal_sea_arm', 'cmake_prefix_path')
[6.005s] INFO:colcon.colcon_core.shell:Creating environment hook '/opt/erc_ws/install/pal_sea_arm/share/pal_sea_arm/hook/cmake_prefix_path.ps1'
[6.005s] INFO:colcon.colcon_core.shell:Creating environment descriptor '/opt/erc_ws/install/pal_sea_arm/share/pal_sea_arm/hook/cmake_prefix_path.dsv'
[6.005s] INFO:colcon.colcon_core.shell:Creating environment hook '/opt/erc_ws/install/pal_sea_arm/share/pal_sea_arm/hook/cmake_prefix_path.sh'
[6.006s] Level 1:colcon.colcon_core.environment:checking '/opt/erc_ws/install/pal_sea_arm/bin'
[6.006s] Level 1:colcon.colcon_core.environment:checking '/opt/erc_ws/install/pal_sea_arm/lib/pkgconfig/pal_sea_arm.pc'
[6.006s] Level 1:colcon.colcon_core.environment:checking '/opt/erc_ws/install/pal_sea_arm/lib/python3.10/site-packages'
[6.006s] Level 1:colcon.colcon_core.environment:checking '/opt/erc_ws/install/pal_sea_arm/bin'
[6.006s] INFO:colcon.colcon_core.shell:Creating package script '/opt/erc_ws/install/pal_sea_arm/share/pal_sea_arm/package.ps1'
[6.007s] INFO:colcon.colcon_core.shell:Creating package descriptor '/opt/erc_ws/install/pal_sea_arm/share/pal_sea_arm/package.dsv'
[6.007s] INFO:colcon.colcon_core.shell:Creating package script '/opt/erc_ws/install/pal_sea_arm/share/pal_sea_arm/package.sh'
[6.007s] INFO:colcon.colcon_core.shell:Creating package script '/opt/erc_ws/install/pal_sea_arm/share/pal_sea_arm/package.bash'
[6.008s] INFO:colcon.colcon_core.shell:Creating package script '/opt/erc_ws/install/pal_sea_arm/share/pal_sea_arm/package.zsh'
[6.008s] Level 1:colcon.colcon_core.environment:create_file_with_runtime_dependencies(/opt/erc_ws/install/pal_sea_arm/share/colcon-core/packages/pal_sea_arm)
[6.086s] Level 1:colcon.colcon_core.environment:create_environment_scripts_only(tiago_pro_description)
[6.086s] Level 1:colcon.colcon_core.environment:checking '/opt/erc_ws/install/tiago_pro_description' for CMake module files
[6.087s] DEBUG:colcon.colcon_core.event_handler.log_command:Invoked command in '/opt/erc_ws/build/tiago_pro_description' returned '0': AMENT_PREFIX_PATH=/opt/erc_ws/install/pal_sea_arm_description:/opt/erc_ws/install/tiago_pro_head_description:/opt/erc_ws/install/pal_sea_arm_controller_configuration:/opt/erc_ws/install/tiago_pro_head_controller_configuration:/opt/erc_ws/install/pal_pro_gripper_description:/opt/erc_ws/install/pal_pro_gripper_controller_configuration:/opt/erc_ws/install/omni_base_description:/opt/erc_ws/install/pal_urdf_utils:/opt/erc_ws/install/pal_pro_gripper_wrapper:/opt/erc_ws/install/launch_pal:${AMENT_PREFIX_PATH} CMAKE_PREFIX_PATH=/opt/erc_ws/install/pal_sea_arm_description:/opt/erc_ws/install/tiago_pro_head_description:/opt/erc_ws/install/pal_sea_arm_controller_configuration:/opt/erc_ws/install/tiago_pro_head_controller_configuration:/opt/erc_ws/install/pal_pro_gripper_description:/opt/erc_ws/install/pal_pro_gripper_controller_configuration:/opt/erc_ws/install/omni_base_description:/opt/erc_ws/install/pal_urdf_utils:/opt/erc_ws/install/erc_solution:/opt/ros/humble PYTHONPATH=/opt/erc_ws/install/pal_sea_arm_description/local/lib/python3.10/dist-packages:/opt/erc_ws/install/tiago_pro_head_description/local/lib/python3.10/dist-packages:/opt/erc_ws/install/pal_pro_gripper_description/local/lib/python3.10/dist-packages:/opt/erc_ws/install/omni_base_description/local/lib/python3.10/dist-packages:/opt/erc_ws/install/pal_pro_gripper_wrapper/lib/python3.10/site-packages:/opt/erc_ws/install/launch_pal/lib/python3.10/site-packages:${PYTHONPATH} /usr/bin/cmake --install /opt/erc_ws/build/tiago_pro_description
[6.087s] Level 1:colcon.colcon_core.environment:checking '/opt/erc_ws/install/tiago_pro_description' for CMake config files
[6.087s] Level 1:colcon.colcon_core.shell:create_environment_hook('tiago_pro_description', 'cmake_prefix_path')
[6.088s] INFO:colcon.colcon_core.shell:Creating environment hook '/opt/erc_ws/install/tiago_pro_description/share/tiago_pro_description/hook/cmake_prefix_path.ps1'
[6.088s] INFO:colcon.colcon_core.shell:Creating environment descriptor '/opt/erc_ws/install/tiago_pro_description/share/tiago_pro_description/hook/cmake_prefix_path.dsv'
[6.088s] INFO:colcon.colcon_core.shell:Creating environment hook '/opt/erc_ws/install/tiago_pro_description/share/tiago_pro_description/hook/cmake_prefix_path.sh'
[6.089s] Level 1:colcon.colcon_core.environment:checking '/opt/erc_ws/install/tiago_pro_description/bin'
[6.089s] Level 1:colcon.colcon_core.environment:checking '/opt/erc_ws/install/tiago_pro_description/lib/pkgconfig/tiago_pro_description.pc'
[6.089s] Level 1:colcon.colcon_core.environment:checking '/opt/erc_ws/install/tiago_pro_description/lib/python3.10/site-packages'
[6.089s] Level 1:colcon.colcon_core.environment:checking '/opt/erc_ws/install/tiago_pro_description/bin'
[6.089s] INFO:colcon.colcon_core.shell:Creating package script '/opt/erc_ws/install/tiago_pro_description/share/tiago_pro_description/package.ps1'
[6.090s] INFO:colcon.colcon_core.shell:Creating package descriptor '/opt/erc_ws/install/tiago_pro_description/share/tiago_pro_description/package.dsv'
[6.090s] INFO:colcon.colcon_core.shell:Creating package script '/opt/erc_ws/install/tiago_pro_description/share/tiago_pro_description/package.sh'
[6.090s] INFO:colcon.colcon_core.shell:Creating package script '/opt/erc_ws/install/tiago_pro_description/share/tiago_pro_description/package.bash'
[6.091s] INFO:colcon.colcon_core.shell:Creating package script '/opt/erc_ws/install/tiago_pro_description/share/tiago_pro_description/package.zsh'
[6.091s] Level 1:colcon.colcon_core.environment:create_file_with_runtime_dependencies(/opt/erc_ws/install/tiago_pro_description/share/colcon-core/packages/tiago_pro_description)
[6.092s] Level 1:colcon.colcon_core.environment:create_environment_scripts_only(tiago_pro_description)
[6.092s] Level 1:colcon.colcon_core.environment:checking '/opt/erc_ws/install/tiago_pro_description' for CMake module files
[6.092s] Level 1:colcon.colcon_core.environment:checking '/opt/erc_ws/install/tiago_pro_description' for CMake config files
[6.092s] Level 1:colcon.colcon_core.shell:create_environment_hook('tiago_pro_description', 'cmake_prefix_path')
[6.092s] INFO:colcon.colcon_core.shell:Creating environment hook '/opt/erc_ws/install/tiago_pro_description/share/tiago_pro_description/hook/cmake_prefix_path.ps1'
[6.093s] INFO:colcon.colcon_core.shell:Creating environment descriptor '/opt/erc_ws/install/tiago_pro_description/share/tiago_pro_description/hook/cmake_prefix_path.dsv'
[6.093s] INFO:colcon.colcon_core.shell:Creating environment hook '/opt/erc_ws/install/tiago_pro_description/share/tiago_pro_description/hook/cmake_prefix_path.sh'
[6.093s] Level 1:colcon.colcon_core.environment:checking '/opt/erc_ws/install/tiago_pro_description/bin'
[6.094s] Level 1:colcon.colcon_core.environment:checking '/opt/erc_ws/install/tiago_pro_description/lib/pkgconfig/tiago_pro_description.pc'
[6.094s] Level 1:colcon.colcon_core.environment:checking '/opt/erc_ws/install/tiago_pro_description/lib/python3.10/site-packages'
[6.094s] Level 1:colcon.colcon_core.environment:checking '/opt/erc_ws/install/tiago_pro_description/bin'
[6.094s] INFO:colcon.colcon_core.shell:Creating package script '/opt/erc_ws/install/tiago_pro_description/share/tiago_pro_description/package.ps1'
[6.095s] INFO:colcon.colcon_core.shell:Creating package descriptor '/opt/erc_ws/install/tiago_pro_description/share/tiago_pro_description/package.dsv'
[6.095s] INFO:colcon.colcon_core.shell:Creating package script '/opt/erc_ws/install/tiago_pro_description/share/tiago_pro_description/package.sh'
[6.096s] INFO:colcon.colcon_core.shell:Creating package script '/opt/erc_ws/install/tiago_pro_description/share/tiago_pro_description/package.bash'
[6.096s] INFO:colcon.colcon_core.shell:Creating package script '/opt/erc_ws/install/tiago_pro_description/share/tiago_pro_description/package.zsh'
[6.096s] Level 1:colcon.colcon_core.environment:create_file_with_runtime_dependencies(/opt/erc_ws/install/tiago_pro_description/share/colcon-core/packages/tiago_pro_description)
[6.096s] INFO:colcon.colcon_ros.task.ament_cmake.build:Building ROS package in '/opt/erc_ws/src/erc_bringup' with build type 'ament_cmake'
[6.097s] INFO:colcon.colcon_cmake.task.cmake.build:Building CMake package in '/opt/erc_ws/src/erc_bringup'
[6.097s] INFO:colcon.colcon_core.shell:Skip shell extension 'powershell' for command environment: Not usable outside of PowerShell
[6.097s] DEBUG:colcon.colcon_core.shell:Skip shell extension 'dsv' for command environment
[6.104s] INFO:colcon.colcon_ros.task.ament_cmake.build:Building ROS package in '/opt/erc_ws/src/tiago_pro_robot/tiago_pro_robot' with build type 'ament_cmake'
[6.105s] INFO:colcon.colcon_cmake.task.cmake.build:Building CMake package in '/opt/erc_ws/src/tiago_pro_robot/tiago_pro_robot'
[6.105s] INFO:colcon.colcon_core.shell:Skip shell extension 'powershell' for command environment: Not usable outside of PowerShell
[6.105s] DEBUG:colcon.colcon_core.shell:Skip shell extension 'dsv' for command environment
[6.116s] DEBUG:colcon.colcon_core.event_handler.log_command:Invoking command in '/opt/erc_ws/build/erc_bringup': AMENT_PREFIX_PATH=/opt/erc_ws/install/tiago_pro_description:/opt/erc_ws/install/pal_sea_arm_description:/opt/erc_ws/install/tiago_pro_head_description:/opt/erc_ws/install/pal_sea_arm_controller_configuration:/opt/erc_ws/install/tiago_pro_head_controller_configuration:/opt/erc_ws/install/pal_pro_gripper_description:/opt/erc_ws/install/pal_pro_gripper_controller_configuration:/opt/erc_ws/install/omni_base_description:/opt/erc_ws/install/pal_urdf_utils:/opt/erc_ws/install/pal_pro_gripper_wrapper:/opt/erc_ws/install/launch_pal:${AMENT_PREFIX_PATH} CMAKE_PREFIX_PATH=/opt/erc_ws/install/tiago_pro_description:/opt/erc_ws/install/pal_sea_arm_description:/opt/erc_ws/install/tiago_pro_head_description:/opt/erc_ws/install/pal_sea_arm_controller_configuration:/opt/erc_ws/install/tiago_pro_head_controller_configuration:/opt/erc_ws/install/pal_pro_gripper_description:/opt/erc_ws/install/pal_pro_gripper_controller_configuration:/opt/erc_ws/install/omni_base_description:/opt/erc_ws/install/pal_urdf_utils:/opt/erc_ws/install/erc_solution:/opt/ros/humble PYTHONPATH=/opt/erc_ws/install/tiago_pro_description/local/lib/python3.10/dist-packages:/opt/erc_ws/install/pal_sea_arm_description/local/lib/python3.10/dist-packages:/opt/erc_ws/install/tiago_pro_head_description/local/lib/python3.10/dist-packages:/opt/erc_ws/install/pal_pro_gripper_description/local/lib/python3.10/dist-packages:/opt/erc_ws/install/omni_base_description/local/lib/python3.10/dist-packages:/opt/erc_ws/install/pal_pro_gripper_wrapper/lib/python3.10/site-packages:/opt/erc_ws/install/launch_pal/lib/python3.10/site-packages:${PYTHONPATH} /usr/bin/cmake /opt/erc_ws/src/erc_bringup -DCMAKE_INSTALL_PREFIX=/opt/erc_ws/install/erc_bringup
[6.129s] DEBUG:colcon.colcon_core.event_handler.log_command:Invoking command in '/opt/erc_ws/build/tiago_pro_robot': AMENT_PREFIX_PATH=/opt/erc_ws/install/tiago_pro_description:/opt/erc_ws/install/tiago_pro_bringup:/opt/erc_ws/install/tiago_pro_head_bringup:/opt/erc_ws/install/tiago_pro_controller_configuration:/opt/erc_ws/install/pal_sea_arm_description:/opt/erc_ws/install/tiago_pro_head_description:/opt/erc_ws/install/pal_sea_arm_controller_configuration:/opt/erc_ws/install/tiago_pro_head_controller_configuration:/opt/erc_ws/install/pal_pro_gripper_description:/opt/erc_ws/install/pal_pro_gripper_controller_configuration:/opt/erc_ws/install/omni_base_description:/opt/erc_ws/install/pal_urdf_utils:/opt/erc_ws/install/pal_pro_gripper_wrapper:/opt/erc_ws/install/omni_base_controller_configuration:/opt/erc_ws/install/launch_pal:${AMENT_PREFIX_PATH} CMAKE_PREFIX_PATH=/opt/erc_ws/install/tiago_pro_description:/opt/erc_ws/install/tiago_pro_bringup:/opt/erc_ws/install/tiago_pro_head_bringup:/opt/erc_ws/install/tiago_pro_controller_configuration:/opt/erc_ws/install/pal_sea_arm_description:/opt/erc_ws/install/tiago_pro_head_description:/opt/erc_ws/install/pal_sea_arm_controller_configuration:/opt/erc_ws/install/tiago_pro_head_controller_configuration:/opt/erc_ws/install/pal_pro_gripper_description:/opt/erc_ws/install/pal_pro_gripper_controller_configuration:/opt/erc_ws/install/omni_base_description:/opt/erc_ws/install/pal_urdf_utils:/opt/erc_ws/install/omni_base_controller_configuration:/opt/erc_ws/install/erc_solution:/opt/ros/humble PYTHONPATH=/opt/erc_ws/install/tiago_pro_description/local/lib/python3.10/dist-packages:/opt/erc_ws/install/pal_sea_arm_description/local/lib/python3.10/dist-packages:/opt/erc_ws/install/tiago_pro_head_description/local/lib/python3.10/dist-packages:/opt/erc_ws/install/pal_pro_gripper_description/local/lib/python3.10/dist-packages:/opt/erc_ws/install/omni_base_description/local/lib/python3.10/dist-packages:/opt/erc_ws/install/pal_pro_gripper_wrapper/lib/python3.10/site-packages:/opt/erc_ws/install/launch_pal/lib/python3.10/site-packages:${PYTHONPATH} /usr/bin/cmake /opt/erc_ws/src/tiago_pro_robot/tiago_pro_robot -DCMAKE_INSTALL_PREFIX=/opt/erc_ws/install/tiago_pro_robot
[6.627s] DEBUG:colcon.colcon_core.event_handler.log_command:Invoked command in '/opt/erc_ws/build/erc_bringup' returned '0': AMENT_PREFIX_PATH=/opt/erc_ws/install/tiago_pro_description:/opt/erc_ws/install/pal_sea_arm_description:/opt/erc_ws/install/tiago_pro_head_description:/opt/erc_ws/install/pal_sea_arm_controller_configuration:/opt/erc_ws/install/tiago_pro_head_controller_configuration:/opt/erc_ws/install/pal_pro_gripper_description:/opt/erc_ws/install/pal_pro_gripper_controller_configuration:/opt/erc_ws/install/omni_base_description:/opt/erc_ws/install/pal_urdf_utils:/opt/erc_ws/install/pal_pro_gripper_wrapper:/opt/erc_ws/install/launch_pal:${AMENT_PREFIX_PATH} CMAKE_PREFIX_PATH=/opt/erc_ws/install/tiago_pro_description:/opt/erc_ws/install/pal_sea_arm_description:/opt/erc_ws/install/tiago_pro_head_description:/opt/erc_ws/install/pal_sea_arm_controller_configuration:/opt/erc_ws/install/tiago_pro_head_controller_configuration:/opt/erc_ws/install/pal_pro_gripper_description:/opt/erc_ws/install/pal_pro_gripper_controller_configuration:/opt/erc_ws/install/omni_base_description:/opt/erc_ws/install/pal_urdf_utils:/opt/erc_ws/install/erc_solution:/opt/ros/humble PYTHONPATH=/opt/erc_ws/install/tiago_pro_description/local/lib/python3.10/dist-packages:/opt/erc_ws/install/pal_sea_arm_description/local/lib/python3.10/dist-packages:/opt/erc_ws/install/tiago_pro_head_description/local/lib/python3.10/dist-packages:/opt/erc_ws/install/pal_pro_gripper_description/local/lib/python3.10/dist-packages:/opt/erc_ws/install/omni_base_description/local/lib/python3.10/dist-packages:/opt/erc_ws/install/pal_pro_gripper_wrapper/lib/python3.10/site-packages:/opt/erc_ws/install/launch_pal/lib/python3.10/site-packages:${PYTHONPATH} /usr/bin/cmake /opt/erc_ws/src/erc_bringup -DCMAKE_INSTALL_PREFIX=/opt/erc_ws/install/erc_bringup
[6.629s] DEBUG:colcon.colcon_core.event_handler.log_command:Invoking command in '/opt/erc_ws/build/erc_bringup': AMENT_PREFIX_PATH=/opt/erc_ws/install/tiago_pro_description:/opt/erc_ws/install/pal_sea_arm_description:/opt/erc_ws/install/tiago_pro_head_description:/opt/erc_ws/install/pal_sea_arm_controller_configuration:/opt/erc_ws/install/tiago_pro_head_controller_configuration:/opt/erc_ws/install/pal_pro_gripper_description:/opt/erc_ws/install/pal_pro_gripper_controller_configuration:/opt/erc_ws/install/omni_base_description:/opt/erc_ws/install/pal_urdf_utils:/opt/erc_ws/install/pal_pro_gripper_wrapper:/opt/erc_ws/install/launch_pal:${AMENT_PREFIX_PATH} CMAKE_PREFIX_PATH=/opt/erc_ws/install/tiago_pro_description:/opt/erc_ws/install/pal_sea_arm_description:/opt/erc_ws/install/tiago_pro_head_description:/opt/erc_ws/install/pal_sea_arm_controller_configuration:/opt/erc_ws/install/tiago_pro_head_controller_configuration:/opt/erc_ws/install/pal_pro_gripper_description:/opt/erc_ws/install/pal_pro_gripper_controller_configuration:/opt/erc_ws/install/omni_base_description:/opt/erc_ws/install/pal_urdf_utils:/opt/erc_ws/install/erc_solution:/opt/ros/humble PYTHONPATH=/opt/erc_ws/install/tiago_pro_description/local/lib/python3.10/dist-packages:/opt/erc_ws/install/pal_sea_arm_description/local/lib/python3.10/dist-packages:/opt/erc_ws/install/tiago_pro_head_description/local/lib/python3.10/dist-packages:/opt/erc_ws/install/pal_pro_gripper_description/local/lib/python3.10/dist-packages:/opt/erc_ws/install/omni_base_description/local/lib/python3.10/dist-packages:/opt/erc_ws/install/pal_pro_gripper_wrapper/lib/python3.10/site-packages:/opt/erc_ws/install/launch_pal/lib/python3.10/site-packages:${PYTHONPATH} /usr/bin/cmake --build /opt/erc_ws/build/erc_bringup -- -j16 -l16
[6.658s] DEBUG:colcon.colcon_core.event_handler.log_command:Invoked command in '/opt/erc_ws/build/erc_bringup' returned '0': AMENT_PREFIX_PATH=/opt/erc_ws/install/tiago_pro_description:/opt/erc_ws/install/pal_sea_arm_description:/opt/erc_ws/install/tiago_pro_head_description:/opt/erc_ws/install/pal_sea_arm_controller_configuration:/opt/erc_ws/install/tiago_pro_head_controller_configuration:/opt/erc_ws/install/pal_pro_gripper_description:/opt/erc_ws/install/pal_pro_gripper_controller_configuration:/opt/erc_ws/install/omni_base_description:/opt/erc_ws/install/pal_urdf_utils:/opt/erc_ws/install/pal_pro_gripper_wrapper:/opt/erc_ws/install/launch_pal:${AMENT_PREFIX_PATH} CMAKE_PREFIX_PATH=/opt/erc_ws/install/tiago_pro_description:/opt/erc_ws/install/pal_sea_arm_description:/opt/erc_ws/install/tiago_pro_head_description:/opt/erc_ws/install/pal_sea_arm_controller_configuration:/opt/erc_ws/install/tiago_pro_head_controller_configuration:/opt/erc_ws/install/pal_pro_gripper_description:/opt/erc_ws/install/pal_pro_gripper_controller_configuration:/opt/erc_ws/install/omni_base_description:/opt/erc_ws/install/pal_urdf_utils:/opt/erc_ws/install/erc_solution:/opt/ros/humble PYTHONPATH=/opt/erc_ws/install/tiago_pro_description/local/lib/python3.10/dist-packages:/opt/erc_ws/install/pal_sea_arm_description/local/lib/python3.10/dist-packages:/opt/erc_ws/install/tiago_pro_head_description/local/lib/python3.10/dist-packages:/opt/erc_ws/install/pal_pro_gripper_description/local/lib/python3.10/dist-packages:/opt/erc_ws/install/omni_base_description/local/lib/python3.10/dist-packages:/opt/erc_ws/install/pal_pro_gripper_wrapper/lib/python3.10/site-packages:/opt/erc_ws/install/launch_pal/lib/python3.10/site-packages:${PYTHONPATH} /usr/bin/cmake --build /opt/erc_ws/build/erc_bringup -- -j16 -l16
[6.660s] DEBUG:colcon.colcon_core.event_handler.log_command:Invoking command in '/opt/erc_ws/build/erc_bringup': AMENT_PREFIX_PATH=/opt/erc_ws/install/tiago_pro_description:/opt/erc_ws/install/pal_sea_arm_description:/opt/erc_ws/install/tiago_pro_head_description:/opt/erc_ws/install/pal_sea_arm_controller_configuration:/opt/erc_ws/install/tiago_pro_head_controller_configuration:/opt/erc_ws/install/pal_pro_gripper_description:/opt/erc_ws/install/pal_pro_gripper_controller_configuration:/opt/erc_ws/install/omni_base_description:/opt/erc_ws/install/pal_urdf_utils:/opt/erc_ws/install/pal_pro_gripper_wrapper:/opt/erc_ws/install/launch_pal:${AMENT_PREFIX_PATH} CMAKE_PREFIX_PATH=/opt/erc_ws/install/tiago_pro_description:/opt/erc_ws/install/pal_sea_arm_description:/opt/erc_ws/install/tiago_pro_head_description:/opt/erc_ws/install/pal_sea_arm_controller_configuration:/opt/erc_ws/install/tiago_pro_head_controller_configuration:/opt/erc_ws/install/pal_pro_gripper_description:/opt/erc_ws/install/pal_pro_gripper_controller_configuration:/opt/erc_ws/install/omni_base_description:/opt/erc_ws/install/pal_urdf_utils:/opt/erc_ws/install/erc_solution:/opt/ros/humble PYTHONPATH=/opt/erc_ws/install/tiago_pro_description/local/lib/python3.10/dist-packages:/opt/erc_ws/install/pal_sea_arm_description/local/lib/python3.10/dist-packages:/opt/erc_ws/install/tiago_pro_head_description/local/lib/python3.10/dist-packages:/opt/erc_ws/install/pal_pro_gripper_description/local/lib/python3.10/dist-packages:/opt/erc_ws/install/omni_base_description/local/lib/python3.10/dist-packages:/opt/erc_ws/install/pal_pro_gripper_wrapper/lib/python3.10/site-packages:/opt/erc_ws/install/launch_pal/lib/python3.10/site-packages:${PYTHONPATH} /usr/bin/cmake --install /opt/erc_ws/build/erc_bringup
[6.661s] DEBUG:colcon.colcon_core.event_handler.log_command:Invoked command in '/opt/erc_ws/build/tiago_pro_robot' returned '0': AMENT_PREFIX_PATH=/opt/erc_ws/install/tiago_pro_description:/opt/erc_ws/install/tiago_pro_bringup:/opt/erc_ws/install/tiago_pro_head_bringup:/opt/erc_ws/install/tiago_pro_controller_configuration:/opt/erc_ws/install/pal_sea_arm_description:/opt/erc_ws/install/tiago_pro_head_description:/opt/erc_ws/install/pal_sea_arm_controller_configuration:/opt/erc_ws/install/tiago_pro_head_controller_configuration:/opt/erc_ws/install/pal_pro_gripper_description:/opt/erc_ws/install/pal_pro_gripper_controller_configuration:/opt/erc_ws/install/omni_base_description:/opt/erc_ws/install/pal_urdf_utils:/opt/erc_ws/install/pal_pro_gripper_wrapper:/opt/erc_ws/install/omni_base_controller_configuration:/opt/erc_ws/install/launch_pal:${AMENT_PREFIX_PATH} CMAKE_PREFIX_PATH=/opt/erc_ws/install/tiago_pro_description:/opt/erc_ws/install/tiago_pro_bringup:/opt/erc_ws/install/tiago_pro_head_bringup:/opt/erc_ws/install/tiago_pro_controller_configuration:/opt/erc_ws/install/pal_sea_arm_description:/opt/erc_ws/install/tiago_pro_head_description:/opt/erc_ws/install/pal_sea_arm_controller_configuration:/opt/erc_ws/install/tiago_pro_head_controller_configuration:/opt/erc_ws/install/pal_pro_gripper_description:/opt/erc_ws/install/pal_pro_gripper_controller_configuration:/opt/erc_ws/install/omni_base_description:/opt/erc_ws/install/pal_urdf_utils:/opt/erc_ws/install/omni_base_controller_configuration:/opt/erc_ws/install/erc_solution:/opt/ros/humble PYTHONPATH=/opt/erc_ws/install/tiago_pro_description/local/lib/python3.10/dist-packages:/opt/erc_ws/install/pal_sea_arm_description/local/lib/python3.10/dist-packages:/opt/erc_ws/install/tiago_pro_head_description/local/lib/python3.10/dist-packages:/opt/erc_ws/install/pal_pro_gripper_description/local/lib/python3.10/dist-packages:/opt/erc_ws/install/omni_base_description/local/lib/python3.10/dist-packages:/opt/erc_ws/install/pal_pro_gripper_wrapper/lib/python3.10/site-packages:/opt/erc_ws/install/launch_pal/lib/python3.10/site-packages:${PYTHONPATH} /usr/bin/cmake /opt/erc_ws/src/tiago_pro_robot/tiago_pro_robot -DCMAKE_INSTALL_PREFIX=/opt/erc_ws/install/tiago_pro_robot
[6.663s] DEBUG:colcon.colcon_core.event_handler.log_command:Invoking command in '/opt/erc_ws/build/tiago_pro_robot': AMENT_PREFIX_PATH=/opt/erc_ws/install/tiago_pro_description:/opt/erc_ws/install/tiago_pro_bringup:/opt/erc_ws/install/tiago_pro_head_bringup:/opt/erc_ws/install/tiago_pro_controller_configuration:/opt/erc_ws/install/pal_sea_arm_description:/opt/erc_ws/install/tiago_pro_head_description:/opt/erc_ws/install/pal_sea_arm_controller_configuration:/opt/erc_ws/install/tiago_pro_head_controller_configuration:/opt/erc_ws/install/pal_pro_gripper_description:/opt/erc_ws/install/pal_pro_gripper_controller_configuration:/opt/erc_ws/install/omni_base_description:/opt/erc_ws/install/pal_urdf_utils:/opt/erc_ws/install/pal_pro_gripper_wrapper:/opt/erc_ws/install/omni_base_controller_configuration:/opt/erc_ws/install/launch_pal:${AMENT_PREFIX_PATH} CMAKE_PREFIX_PATH=/opt/erc_ws/install/tiago_pro_description:/opt/erc_ws/install/tiago_pro_bringup:/opt/erc_ws/install/tiago_pro_head_bringup:/opt/erc_ws/install/tiago_pro_controller_configuration:/opt/erc_ws/install/pal_sea_arm_description:/opt/erc_ws/install/tiago_pro_head_description:/opt/erc_ws/install/pal_sea_arm_controller_configuration:/opt/erc_ws/install/tiago_pro_head_controller_configuration:/opt/erc_ws/install/pal_pro_gripper_description:/opt/erc_ws/install/pal_pro_gripper_controller_configuration:/opt/erc_ws/install/omni_base_description:/opt/erc_ws/install/pal_urdf_utils:/opt/erc_ws/install/omni_base_controller_configuration:/opt/erc_ws/install/erc_solution:/opt/ros/humble PYTHONPATH=/opt/erc_ws/install/tiago_pro_description/local/lib/python3.10/dist-packages:/opt/erc_ws/install/pal_sea_arm_description/local/lib/python3.10/dist-packages:/opt/erc_ws/install/tiago_pro_head_description/local/lib/python3.10/dist-packages:/opt/erc_ws/install/pal_pro_gripper_description/local/lib/python3.10/dist-packages:/opt/erc_ws/install/omni_base_description/local/lib/python3.10/dist-packages:/opt/erc_ws/install/pal_pro_gripper_wrapper/lib/python3.10/site-packages:/opt/erc_ws/install/launch_pal/lib/python3.10/site-packages:${PYTHONPATH} /usr/bin/cmake --build /opt/erc_ws/build/tiago_pro_robot -- -j16 -l16
[6.679s] Level 1:colcon.colcon_core.environment:create_environment_scripts_only(erc_bringup)
[6.680s] Level 1:colcon.colcon_core.environment:checking '/opt/erc_ws/install/erc_bringup' for CMake module files
[6.680s] DEBUG:colcon.colcon_core.event_handler.log_command:Invoked command in '/opt/erc_ws/build/erc_bringup' returned '0': AMENT_PREFIX_PATH=/opt/erc_ws/install/tiago_pro_description:/opt/erc_ws/install/pal_sea_arm_description:/opt/erc_ws/install/tiago_pro_head_description:/opt/erc_ws/install/pal_sea_arm_controller_configuration:/opt/erc_ws/install/tiago_pro_head_controller_configuration:/opt/erc_ws/install/pal_pro_gripper_description:/opt/erc_ws/install/pal_pro_gripper_controller_configuration:/opt/erc_ws/install/omni_base_description:/opt/erc_ws/install/pal_urdf_utils:/opt/erc_ws/install/pal_pro_gripper_wrapper:/opt/erc_ws/install/launch_pal:${AMENT_PREFIX_PATH} CMAKE_PREFIX_PATH=/opt/erc_ws/install/tiago_pro_description:/opt/erc_ws/install/pal_sea_arm_description:/opt/erc_ws/install/tiago_pro_head_description:/opt/erc_ws/install/pal_sea_arm_controller_configuration:/opt/erc_ws/install/tiago_pro_head_controller_configuration:/opt/erc_ws/install/pal_pro_gripper_description:/opt/erc_ws/install/pal_pro_gripper_controller_configuration:/opt/erc_ws/install/omni_base_description:/opt/erc_ws/install/pal_urdf_utils:/opt/erc_ws/install/erc_solution:/opt/ros/humble PYTHONPATH=/opt/erc_ws/install/tiago_pro_description/local/lib/python3.10/dist-packages:/opt/erc_ws/install/pal_sea_arm_description/local/lib/python3.10/dist-packages:/opt/erc_ws/install/tiago_pro_head_description/local/lib/python3.10/dist-packages:/opt/erc_ws/install/pal_pro_gripper_description/local/lib/python3.10/dist-packages:/opt/erc_ws/install/omni_base_description/local/lib/python3.10/dist-packages:/opt/erc_ws/install/pal_pro_gripper_wrapper/lib/python3.10/site-packages:/opt/erc_ws/install/launch_pal/lib/python3.10/site-packages:${PYTHONPATH} /usr/bin/cmake --install /opt/erc_ws/build/erc_bringup
[6.681s] Level 1:colcon.colcon_core.environment:checking '/opt/erc_ws/install/erc_bringup' for CMake config files
[6.681s] Level 1:colcon.colcon_core.shell:create_environment_hook('erc_bringup', 'cmake_prefix_path')
[6.681s] INFO:colcon.colcon_core.shell:Creating environment hook '/opt/erc_ws/install/erc_bringup/share/erc_bringup/hook/cmake_prefix_path.ps1'
[6.682s] INFO:colcon.colcon_core.shell:Creating environment descriptor '/opt/erc_ws/install/erc_bringup/share/erc_bringup/hook/cmake_prefix_path.dsv'
[6.682s] INFO:colcon.colcon_core.shell:Creating environment hook '/opt/erc_ws/install/erc_bringup/share/erc_bringup/hook/cmake_prefix_path.sh'
[6.683s] Level 1:colcon.colcon_core.environment:checking '/opt/erc_ws/install/erc_bringup/lib'
[6.683s] Level 1:colcon.colcon_core.environment:checking '/opt/erc_ws/install/erc_bringup/bin'
[6.683s] Level 1:colcon.colcon_core.environment:checking '/opt/erc_ws/install/erc_bringup/lib/pkgconfig/erc_bringup.pc'
[6.683s] Level 1:colcon.colcon_core.environment:checking '/opt/erc_ws/install/erc_bringup/lib/python3.10/site-packages'
[6.683s] Level 1:colcon.colcon_core.environment:checking '/opt/erc_ws/install/erc_bringup/bin'
[6.683s] INFO:colcon.colcon_core.shell:Creating package script '/opt/erc_ws/install/erc_bringup/share/erc_bringup/package.ps1'
[6.684s] INFO:colcon.colcon_core.shell:Creating package descriptor '/opt/erc_ws/install/erc_bringup/share/erc_bringup/package.dsv'
[6.684s] INFO:colcon.colcon_core.shell:Creating package script '/opt/erc_ws/install/erc_bringup/share/erc_bringup/package.sh'
[6.685s] INFO:colcon.colcon_core.shell:Creating package script '/opt/erc_ws/install/erc_bringup/share/erc_bringup/package.bash'
[6.685s] INFO:colcon.colcon_core.shell:Creating package script '/opt/erc_ws/install/erc_bringup/share/erc_bringup/package.zsh'
[6.686s] Level 1:colcon.colcon_core.environment:create_file_with_runtime_dependencies(/opt/erc_ws/install/erc_bringup/share/colcon-core/packages/erc_bringup)
[6.687s] Level 1:colcon.colcon_core.environment:create_environment_scripts_only(erc_bringup)
[6.687s] Level 1:colcon.colcon_core.environment:checking '/opt/erc_ws/install/erc_bringup' for CMake module files
[6.688s] Level 1:colcon.colcon_core.environment:checking '/opt/erc_ws/install/erc_bringup' for CMake config files
[6.688s] Level 1:colcon.colcon_core.shell:create_environment_hook('erc_bringup', 'cmake_prefix_path')
[6.688s] INFO:colcon.colcon_core.shell:Creating environment hook '/opt/erc_ws/install/erc_bringup/share/erc_bringup/hook/cmake_prefix_path.ps1'
[6.688s] INFO:colcon.colcon_core.shell:Creating environment descriptor '/opt/erc_ws/install/erc_bringup/share/erc_bringup/hook/cmake_prefix_path.dsv'
[6.689s] INFO:colcon.colcon_core.shell:Creating environment hook '/opt/erc_ws/install/erc_bringup/share/erc_bringup/hook/cmake_prefix_path.sh'
[6.689s] Level 1:colcon.colcon_core.environment:checking '/opt/erc_ws/install/erc_bringup/lib'
[6.689s] Level 1:colcon.colcon_core.environment:checking '/opt/erc_ws/install/erc_bringup/bin'
[6.689s] Level 1:colcon.colcon_core.environment:checking '/opt/erc_ws/install/erc_bringup/lib/pkgconfig/erc_bringup.pc'
[6.690s] Level 1:colcon.colcon_core.environment:checking '/opt/erc_ws/install/erc_bringup/lib/python3.10/site-packages'
[6.690s] Level 1:colcon.colcon_core.environment:checking '/opt/erc_ws/install/erc_bringup/bin'
[6.690s] INFO:colcon.colcon_core.shell:Creating package script '/opt/erc_ws/install/erc_bringup/share/erc_bringup/package.ps1'
[6.691s] INFO:colcon.colcon_core.shell:Creating package descriptor '/opt/erc_ws/install/erc_bringup/share/erc_bringup/package.dsv'
[6.691s] INFO:colcon.colcon_core.shell:Creating package script '/opt/erc_ws/install/erc_bringup/share/erc_bringup/package.sh'
[6.692s] INFO:colcon.colcon_core.shell:Creating package script '/opt/erc_ws/install/erc_bringup/share/erc_bringup/package.bash'
[6.692s] INFO:colcon.colcon_core.shell:Creating package script '/opt/erc_ws/install/erc_bringup/share/erc_bringup/package.zsh'
[6.692s] Level 1:colcon.colcon_core.environment:create_file_with_runtime_dependencies(/opt/erc_ws/install/erc_bringup/share/colcon-core/packages/erc_bringup)
[6.695s] DEBUG:colcon.colcon_core.event_handler.log_command:Invoked command in '/opt/erc_ws/build/tiago_pro_robot' returned '0': AMENT_PREFIX_PATH=/opt/erc_ws/install/tiago_pro_description:/opt/erc_ws/install/tiago_pro_bringup:/opt/erc_ws/install/tiago_pro_head_bringup:/opt/erc_ws/install/tiago_pro_controller_configuration:/opt/erc_ws/install/pal_sea_arm_description:/opt/erc_ws/install/tiago_pro_head_description:/opt/erc_ws/install/pal_sea_arm_controller_configuration:/opt/erc_ws/install/tiago_pro_head_controller_configuration:/opt/erc_ws/install/pal_pro_gripper_description:/opt/erc_ws/install/pal_pro_gripper_controller_configuration:/opt/erc_ws/install/omni_base_description:/opt/erc_ws/install/pal_urdf_utils:/opt/erc_ws/install/pal_pro_gripper_wrapper:/opt/erc_ws/install/omni_base_controller_configuration:/opt/erc_ws/install/launch_pal:${AMENT_PREFIX_PATH} CMAKE_PREFIX_PATH=/opt/erc_ws/install/tiago_pro_description:/opt/erc_ws/install/tiago_pro_bringup:/opt/erc_ws/install/tiago_pro_head_bringup:/opt/erc_ws/install/tiago_pro_controller_configuration:/opt/erc_ws/install/pal_sea_arm_description:/opt/erc_ws/install/tiago_pro_head_description:/opt/erc_ws/install/pal_sea_arm_controller_configuration:/opt/erc_ws/install/tiago_pro_head_controller_configuration:/opt/erc_ws/install/pal_pro_gripper_description:/opt/erc_ws/install/pal_pro_gripper_controller_configuration:/opt/erc_ws/install/omni_base_description:/opt/erc_ws/install/pal_urdf_utils:/opt/erc_ws/install/omni_base_controller_configuration:/opt/erc_ws/install/erc_solution:/opt/ros/humble PYTHONPATH=/opt/erc_ws/install/tiago_pro_description/local/lib/python3.10/dist-packages:/opt/erc_ws/install/pal_sea_arm_description/local/lib/python3.10/dist-packages:/opt/erc_ws/install/tiago_pro_head_description/local/lib/python3.10/dist-packages:/opt/erc_ws/install/pal_pro_gripper_description/local/lib/python3.10/dist-packages:/opt/erc_ws/install/omni_base_description/local/lib/python3.10/dist-packages:/opt/erc_ws/install/pal_pro_gripper_wrapper/lib/python3.10/site-packages:/opt/erc_ws/install/launch_pal/lib/python3.10/site-packages:${PYTHONPATH} /usr/bin/cmake --build /opt/erc_ws/build/tiago_pro_robot -- -j16 -l16
[6.696s] DEBUG:colcon.colcon_core.event_handler.log_command:Invoking command in '/opt/erc_ws/build/tiago_pro_robot': AMENT_PREFIX_PATH=/opt/erc_ws/install/tiago_pro_description:/opt/erc_ws/install/tiago_pro_bringup:/opt/erc_ws/install/tiago_pro_head_bringup:/opt/erc_ws/install/tiago_pro_controller_configuration:/opt/erc_ws/install/pal_sea_arm_description:/opt/erc_ws/install/tiago_pro_head_description:/opt/erc_ws/install/pal_sea_arm_controller_configuration:/opt/erc_ws/install/tiago_pro_head_controller_configuration:/opt/erc_ws/install/pal_pro_gripper_description:/opt/erc_ws/install/pal_pro_gripper_controller_configuration:/opt/erc_ws/install/omni_base_description:/opt/erc_ws/install/pal_urdf_utils:/opt/erc_ws/install/pal_pro_gripper_wrapper:/opt/erc_ws/install/omni_base_controller_configuration:/opt/erc_ws/install/launch_pal:${AMENT_PREFIX_PATH} CMAKE_PREFIX_PATH=/opt/erc_ws/install/tiago_pro_description:/opt/erc_ws/install/tiago_pro_bringup:/opt/erc_ws/install/tiago_pro_head_bringup:/opt/erc_ws/install/tiago_pro_controller_configuration:/opt/erc_ws/install/pal_sea_arm_description:/opt/erc_ws/install/tiago_pro_head_description:/opt/erc_ws/install/pal_sea_arm_controller_configuration:/opt/erc_ws/install/tiago_pro_head_controller_configuration:/opt/erc_ws/install/pal_pro_gripper_description:/opt/erc_ws/install/pal_pro_gripper_controller_configuration:/opt/erc_ws/install/omni_base_description:/opt/erc_ws/install/pal_urdf_utils:/opt/erc_ws/install/omni_base_controller_configuration:/opt/erc_ws/install/erc_solution:/opt/ros/humble PYTHONPATH=/opt/erc_ws/install/tiago_pro_description/local/lib/python3.10/dist-packages:/opt/erc_ws/install/pal_sea_arm_description/local/lib/python3.10/dist-packages:/opt/erc_ws/install/tiago_pro_head_description/local/lib/python3.10/dist-packages:/opt/erc_ws/install/pal_pro_gripper_description/local/lib/python3.10/dist-packages:/opt/erc_ws/install/omni_base_description/local/lib/python3.10/dist-packages:/opt/erc_ws/install/pal_pro_gripper_wrapper/lib/python3.10/site-packages:/opt/erc_ws/install/launch_pal/lib/python3.10/site-packages:${PYTHONPATH} /usr/bin/cmake --install /opt/erc_ws/build/tiago_pro_robot
[6.710s] Level 1:colcon.colcon_core.environment:create_environment_scripts_only(tiago_pro_robot)
[6.711s] Level 1:colcon.colcon_core.environment:checking '/opt/erc_ws/install/tiago_pro_robot' for CMake module files
[6.711s] DEBUG:colcon.colcon_core.event_handler.log_command:Invoked command in '/opt/erc_ws/build/tiago_pro_robot' returned '0': AMENT_PREFIX_PATH=/opt/erc_ws/install/tiago_pro_description:/opt/erc_ws/install/tiago_pro_bringup:/opt/erc_ws/install/tiago_pro_head_bringup:/opt/erc_ws/install/tiago_pro_controller_configuration:/opt/erc_ws/install/pal_sea_arm_description:/opt/erc_ws/install/tiago_pro_head_description:/opt/erc_ws/install/pal_sea_arm_controller_configuration:/opt/erc_ws/install/tiago_pro_head_controller_configuration:/opt/erc_ws/install/pal_pro_gripper_description:/opt/erc_ws/install/pal_pro_gripper_controller_configuration:/opt/erc_ws/install/omni_base_description:/opt/erc_ws/install/pal_urdf_utils:/opt/erc_ws/install/pal_pro_gripper_wrapper:/opt/erc_ws/install/omni_base_controller_configuration:/opt/erc_ws/install/launch_pal:${AMENT_PREFIX_PATH} CMAKE_PREFIX_PATH=/opt/erc_ws/install/tiago_pro_description:/opt/erc_ws/install/tiago_pro_bringup:/opt/erc_ws/install/tiago_pro_head_bringup:/opt/erc_ws/install/tiago_pro_controller_configuration:/opt/erc_ws/install/pal_sea_arm_description:/opt/erc_ws/install/tiago_pro_head_description:/opt/erc_ws/install/pal_sea_arm_controller_configuration:/opt/erc_ws/install/tiago_pro_head_controller_configuration:/opt/erc_ws/install/pal_pro_gripper_description:/opt/erc_ws/install/pal_pro_gripper_controller_configuration:/opt/erc_ws/install/omni_base_description:/opt/erc_ws/install/pal_urdf_utils:/opt/erc_ws/install/omni_base_controller_configuration:/opt/erc_ws/install/erc_solution:/opt/ros/humble PYTHONPATH=/opt/erc_ws/install/tiago_pro_description/local/lib/python3.10/dist-packages:/opt/erc_ws/install/pal_sea_arm_description/local/lib/python3.10/dist-packages:/opt/erc_ws/install/tiago_pro_head_description/local/lib/python3.10/dist-packages:/opt/erc_ws/install/pal_pro_gripper_description/local/lib/python3.10/dist-packages:/opt/erc_ws/install/omni_base_description/local/lib/python3.10/dist-packages:/opt/erc_ws/install/pal_pro_gripper_wrapper/lib/python3.10/site-packages:/opt/erc_ws/install/launch_pal/lib/python3.10/site-packages:${PYTHONPATH} /usr/bin/cmake --install /opt/erc_ws/build/tiago_pro_robot
[6.711s] Level 1:colcon.colcon_core.environment:checking '/opt/erc_ws/install/tiago_pro_robot' for CMake config files
[6.712s] Level 1:colcon.colcon_core.shell:create_environment_hook('tiago_pro_robot', 'cmake_prefix_path')
[6.712s] INFO:colcon.colcon_core.shell:Creating environment hook '/opt/erc_ws/install/tiago_pro_robot/share/tiago_pro_robot/hook/cmake_prefix_path.ps1'
[6.712s] INFO:colcon.colcon_core.shell:Creating environment descriptor '/opt/erc_ws/install/tiago_pro_robot/share/tiago_pro_robot/hook/cmake_prefix_path.dsv'
[6.712s] INFO:colcon.colcon_core.shell:Creating environment hook '/opt/erc_ws/install/tiago_pro_robot/share/tiago_pro_robot/hook/cmake_prefix_path.sh'
[6.713s] Level 1:colcon.colcon_core.environment:checking '/opt/erc_ws/install/tiago_pro_robot/bin'
[6.713s] Level 1:colcon.colcon_core.environment:checking '/opt/erc_ws/install/tiago_pro_robot/lib/pkgconfig/tiago_pro_robot.pc'
[6.713s] Level 1:colcon.colcon_core.environment:checking '/opt/erc_ws/install/tiago_pro_robot/lib/python3.10/site-packages'
[6.713s] Level 1:colcon.colcon_core.environment:checking '/opt/erc_ws/install/tiago_pro_robot/bin'
[6.714s] INFO:colcon.colcon_core.shell:Creating package script '/opt/erc_ws/install/tiago_pro_robot/share/tiago_pro_robot/package.ps1'
[6.714s] INFO:colcon.colcon_core.shell:Creating package descriptor '/opt/erc_ws/install/tiago_pro_robot/share/tiago_pro_robot/package.dsv'
[6.714s] INFO:colcon.colcon_core.shell:Creating package script '/opt/erc_ws/install/tiago_pro_robot/share/tiago_pro_robot/package.sh'
[6.715s] INFO:colcon.colcon_core.shell:Creating package script '/opt/erc_ws/install/tiago_pro_robot/share/tiago_pro_robot/package.bash'
[6.715s] INFO:colcon.colcon_core.shell:Creating package script '/opt/erc_ws/install/tiago_pro_robot/share/tiago_pro_robot/package.zsh'
[6.716s] Level 1:colcon.colcon_core.environment:create_file_with_runtime_dependencies(/opt/erc_ws/install/tiago_pro_robot/share/colcon-core/packages/tiago_pro_robot)
[6.717s] Level 1:colcon.colcon_core.environment:create_environment_scripts_only(tiago_pro_robot)
[6.717s] Level 1:colcon.colcon_core.environment:checking '/opt/erc_ws/install/tiago_pro_robot' for CMake module files
[6.717s] Level 1:colcon.colcon_core.environment:checking '/opt/erc_ws/install/tiago_pro_robot' for CMake config files
[6.718s] Level 1:colcon.colcon_core.shell:create_environment_hook('tiago_pro_robot', 'cmake_prefix_path')
[6.718s] INFO:colcon.colcon_core.shell:Creating environment hook '/opt/erc_ws/install/tiago_pro_robot/share/tiago_pro_robot/hook/cmake_prefix_path.ps1'
[6.718s] INFO:colcon.colcon_core.shell:Creating environment descriptor '/opt/erc_ws/install/tiago_pro_robot/share/tiago_pro_robot/hook/cmake_prefix_path.dsv'
[6.718s] INFO:colcon.colcon_core.shell:Creating environment hook '/opt/erc_ws/install/tiago_pro_robot/share/tiago_pro_robot/hook/cmake_prefix_path.sh'
[6.719s] Level 1:colcon.colcon_core.environment:checking '/opt/erc_ws/install/tiago_pro_robot/bin'
[6.719s] Level 1:colcon.colcon_core.environment:checking '/opt/erc_ws/install/tiago_pro_robot/lib/pkgconfig/tiago_pro_robot.pc'
[6.719s] Level 1:colcon.colcon_core.environment:checking '/opt/erc_ws/install/tiago_pro_robot/lib/python3.10/site-packages'
[6.719s] Level 1:colcon.colcon_core.environment:checking '/opt/erc_ws/install/tiago_pro_robot/bin'
[6.719s] INFO:colcon.colcon_core.shell:Creating package script '/opt/erc_ws/install/tiago_pro_robot/share/tiago_pro_robot/package.ps1'
[6.720s] INFO:colcon.colcon_core.shell:Creating package descriptor '/opt/erc_ws/install/tiago_pro_robot/share/tiago_pro_robot/package.dsv'
[6.720s] INFO:colcon.colcon_core.shell:Creating package script '/opt/erc_ws/install/tiago_pro_robot/share/tiago_pro_robot/package.sh'
[6.720s] INFO:colcon.colcon_core.shell:Creating package script '/opt/erc_ws/install/tiago_pro_robot/share/tiago_pro_robot/package.bash'
[6.720s] INFO:colcon.colcon_core.shell:Creating package script '/opt/erc_ws/install/tiago_pro_robot/share/tiago_pro_robot/package.zsh'
[6.721s] Level 1:colcon.colcon_core.environment:create_file_with_runtime_dependencies(/opt/erc_ws/install/tiago_pro_robot/share/colcon-core/packages/tiago_pro_robot)
[13.417s] DEBUG:colcon.colcon_core.event_handler.log_command:Invoked command in '/opt/erc_ws/build/gz_ros2_control' returned '0': CMAKE_PREFIX_PATH=/opt/erc_ws/install/erc_solution:/opt/ros/humble /usr/bin/cmake --build /opt/erc_ws/build/gz_ros2_control -- -j16 -l16
[13.418s] DEBUG:colcon.colcon_core.event_handler.log_command:Invoking command in '/opt/erc_ws/build/gz_ros2_control': CMAKE_PREFIX_PATH=/opt/erc_ws/install/erc_solution:/opt/ros/humble /usr/bin/cmake --install /opt/erc_ws/build/gz_ros2_control
[13.439s] Level 1:colcon.colcon_core.environment:create_environment_scripts_only(gz_ros2_control)
[13.440s] DEBUG:colcon.colcon_core.event_handler.log_command:Invoked command in '/opt/erc_ws/build/gz_ros2_control' returned '0': CMAKE_PREFIX_PATH=/opt/erc_ws/install/erc_solution:/opt/ros/humble /usr/bin/cmake --install /opt/erc_ws/build/gz_ros2_control
[13.440s] Level 1:colcon.colcon_core.environment:checking '/opt/erc_ws/install/gz_ros2_control' for CMake module files
[13.440s] Level 1:colcon.colcon_core.environment:checking '/opt/erc_ws/install/gz_ros2_control' for CMake config files
[13.440s] Level 1:colcon.colcon_core.shell:create_environment_hook('gz_ros2_control', 'cmake_prefix_path')
[13.440s] INFO:colcon.colcon_core.shell:Creating environment hook '/opt/erc_ws/install/gz_ros2_control/share/gz_ros2_control/hook/cmake_prefix_path.ps1'
[13.441s] INFO:colcon.colcon_core.shell:Creating environment descriptor '/opt/erc_ws/install/gz_ros2_control/share/gz_ros2_control/hook/cmake_prefix_path.dsv'
[13.441s] INFO:colcon.colcon_core.shell:Creating environment hook '/opt/erc_ws/install/gz_ros2_control/share/gz_ros2_control/hook/cmake_prefix_path.sh'
[13.442s] Level 1:colcon.colcon_core.environment:checking '/opt/erc_ws/install/gz_ros2_control/lib'
[13.442s] Level 1:colcon.colcon_core.shell:create_environment_hook('gz_ros2_control', 'ld_library_path_lib')
[13.442s] INFO:colcon.colcon_core.shell:Creating environment hook '/opt/erc_ws/install/gz_ros2_control/share/gz_ros2_control/hook/ld_library_path_lib.ps1'
[13.442s] INFO:colcon.colcon_core.shell:Creating environment descriptor '/opt/erc_ws/install/gz_ros2_control/share/gz_ros2_control/hook/ld_library_path_lib.dsv'
[13.442s] INFO:colcon.colcon_core.shell:Creating environment hook '/opt/erc_ws/install/gz_ros2_control/share/gz_ros2_control/hook/ld_library_path_lib.sh'
[13.442s] Level 1:colcon.colcon_core.environment:checking '/opt/erc_ws/install/gz_ros2_control/bin'
[13.443s] Level 1:colcon.colcon_core.environment:checking '/opt/erc_ws/install/gz_ros2_control/lib/pkgconfig/gz_ros2_control.pc'
[13.443s] Level 1:colcon.colcon_core.environment:checking '/opt/erc_ws/install/gz_ros2_control/lib/python3.10/site-packages'
[13.443s] Level 1:colcon.colcon_core.environment:checking '/opt/erc_ws/install/gz_ros2_control/bin'
[13.443s] INFO:colcon.colcon_core.shell:Creating package script '/opt/erc_ws/install/gz_ros2_control/share/gz_ros2_control/package.ps1'
[13.444s] INFO:colcon.colcon_core.shell:Creating package descriptor '/opt/erc_ws/install/gz_ros2_control/share/gz_ros2_control/package.dsv'
[13.444s] INFO:colcon.colcon_core.shell:Creating package script '/opt/erc_ws/install/gz_ros2_control/share/gz_ros2_control/package.sh'
[13.444s] INFO:colcon.colcon_core.shell:Creating package script '/opt/erc_ws/install/gz_ros2_control/share/gz_ros2_control/package.bash'
[13.445s] INFO:colcon.colcon_core.shell:Creating package script '/opt/erc_ws/install/gz_ros2_control/share/gz_ros2_control/package.zsh'
[13.445s] Level 1:colcon.colcon_core.environment:create_file_with_runtime_dependencies(/opt/erc_ws/install/gz_ros2_control/share/colcon-core/packages/gz_ros2_control)
[13.446s] Level 1:colcon.colcon_core.environment:create_environment_scripts_only(gz_ros2_control)
[13.446s] Level 1:colcon.colcon_core.environment:checking '/opt/erc_ws/install/gz_ros2_control' for CMake module files
[13.446s] Level 1:colcon.colcon_core.environment:checking '/opt/erc_ws/install/gz_ros2_control' for CMake config files
[13.447s] Level 1:colcon.colcon_core.shell:create_environment_hook('gz_ros2_control', 'cmake_prefix_path')
[13.447s] INFO:colcon.colcon_core.shell:Creating environment hook '/opt/erc_ws/install/gz_ros2_control/share/gz_ros2_control/hook/cmake_prefix_path.ps1'
[13.447s] INFO:colcon.colcon_core.shell:Creating environment descriptor '/opt/erc_ws/install/gz_ros2_control/share/gz_ros2_control/hook/cmake_prefix_path.dsv'
[13.447s] INFO:colcon.colcon_core.shell:Creating environment hook '/opt/erc_ws/install/gz_ros2_control/share/gz_ros2_control/hook/cmake_prefix_path.sh'
[13.448s] Level 1:colcon.colcon_core.environment:checking '/opt/erc_ws/install/gz_ros2_control/lib'
[13.448s] Level 1:colcon.colcon_core.shell:create_environment_hook('gz_ros2_control', 'ld_library_path_lib')
[13.448s] INFO:colcon.colcon_core.shell:Creating environment hook '/opt/erc_ws/install/gz_ros2_control/share/gz_ros2_control/hook/ld_library_path_lib.ps1'
[13.448s] INFO:colcon.colcon_core.shell:Creating environment descriptor '/opt/erc_ws/install/gz_ros2_control/share/gz_ros2_control/hook/ld_library_path_lib.dsv'
[13.448s] INFO:colcon.colcon_core.shell:Creating environment hook '/opt/erc_ws/install/gz_ros2_control/share/gz_ros2_control/hook/ld_library_path_lib.sh'
[13.448s] Level 1:colcon.colcon_core.environment:checking '/opt/erc_ws/install/gz_ros2_control/bin'
[13.449s] Level 1:colcon.colcon_core.environment:checking '/opt/erc_ws/install/gz_ros2_control/lib/pkgconfig/gz_ros2_control.pc'
[13.449s] Level 1:colcon.colcon_core.environment:checking '/opt/erc_ws/install/gz_ros2_control/lib/python3.10/site-packages'
[13.449s] Level 1:colcon.colcon_core.environment:checking '/opt/erc_ws/install/gz_ros2_control/bin'
[13.449s] INFO:colcon.colcon_core.shell:Creating package script '/opt/erc_ws/install/gz_ros2_control/share/gz_ros2_control/package.ps1'
[13.450s] INFO:colcon.colcon_core.shell:Creating package descriptor '/opt/erc_ws/install/gz_ros2_control/share/gz_ros2_control/package.dsv'
[13.450s] INFO:colcon.colcon_core.shell:Creating package script '/opt/erc_ws/install/gz_ros2_control/share/gz_ros2_control/package.sh'
[13.450s] INFO:colcon.colcon_core.shell:Creating package script '/opt/erc_ws/install/gz_ros2_control/share/gz_ros2_control/package.bash'
[13.450s] INFO:colcon.colcon_core.shell:Creating package script '/opt/erc_ws/install/gz_ros2_control/share/gz_ros2_control/package.zsh'
[13.451s] Level 1:colcon.colcon_core.environment:create_file_with_runtime_dependencies(/opt/erc_ws/install/gz_ros2_control/share/colcon-core/packages/gz_ros2_control)
[13.451s] DEBUG:colcon.colcon_parallel_executor.executor.parallel:closing loop
[13.451s] DEBUG:colcon.colcon_parallel_executor.executor.parallel:loop closed
[13.451s] DEBUG:colcon.colcon_parallel_executor.executor.parallel:run_until_complete finished with '0'
[13.451s] DEBUG:colcon.colcon_core.event_reactor:joining thread
[13.459s] INFO:colcon.colcon_core.plugin_system:Skipping extension 'colcon_notification.desktop_notification.notify_send': Could not find 'notify-send'
[13.460s] INFO:colcon.colcon_core.plugin_system:Skipping extension 'colcon_notification.desktop_notification.terminal_notifier': Not used on non-Darwin systems
[13.460s] INFO:colcon.colcon_core.plugin_system:Skipping extension 'colcon_notification.desktop_notification.win32': Not used on non-Windows systems
[13.460s] INFO:colcon.colcon_notification.desktop_notification:Sending desktop notification using 'notify2'
[13.464s] DEBUG:colcon.colcon_notification.desktop_notification.notify2:Failed to initialize notify2: org.freedesktop.DBus.Error.Spawn.ExecFailed: /usr/bin/dbus-launch terminated abnormally without any error message
[13.464s] DEBUG:colcon.colcon_core.event_reactor:joined thread
[13.464s] INFO:colcon.colcon_core.shell:Creating prefix script '/opt/erc_ws/install/local_setup.ps1'
[13.466s] INFO:colcon.colcon_core.shell:Creating prefix util module '/opt/erc_ws/install/_local_setup_util_ps1.py'
[13.467s] INFO:colcon.colcon_core.shell:Creating prefix chain script '/opt/erc_ws/install/setup.ps1'
[13.467s] INFO:colcon.colcon_core.shell:Creating prefix script '/opt/erc_ws/install/local_setup.sh'
[13.468s] INFO:colcon.colcon_core.shell:Creating prefix util module '/opt/erc_ws/install/_local_setup_util_sh.py'
[13.468s] INFO:colcon.colcon_core.shell:Creating prefix chain script '/opt/erc_ws/install/setup.sh'
[13.469s] INFO:colcon.colcon_core.shell:Creating prefix script '/opt/erc_ws/install/local_setup.bash'
[13.469s] INFO:colcon.colcon_core.shell:Creating prefix chain script '/opt/erc_ws/install/setup.bash'
[13.470s] INFO:colcon.colcon_core.shell:Creating prefix script '/opt/erc_ws/install/local_setup.zsh'
[13.470s] INFO:colcon.colcon_core.shell:Creating prefix chain script '/opt/erc_ws/install/setup.zsh'
